audio_id	annotators	worst_score	Top-level (general_label_type)	Top-level (not including correct)	Top-level (not including correct, run-on, or contractions)	CORRECT+RUNONs+CONTRACTIONs	Phonological specifics combined	Orthographic specifics combined	Grammatical specifics combined	Structural specifics combined	Visual specifics combined	Disfluency specifics combined	All specifics combined	Intended word	Produced word	Mispronunciation IPA	Individual Top: Correct	Individual Top: Phonological Error	Individual Top: Orthographic Error	Individual Top: Grammatical Error	Individual Top: Structural Error	Individual Top: Visual Tracking Error	Individual Top: Disfluency Error	Individual Top: Whispering	Individual Top: Run-on	Individual Top: Contraction/Shortening	Individual Top: Unintelligible	Individual Top: Self Response	Individual Top: Other	Individual Phono Spec: Consonant Substitution	Individual Phono Spec: Vowel Substitution	Individual Phono Spec: Consonant Omission	Individual Phono Spec: Vowel Omission	Individual Phono Spec: Consonant Insertion	Individual Phono Spec: Vowel Insertion	Individual Phono Spec: Misplaced Stress	Individual Ortho Spec: Letter Reversal	Individual Ortho Spec: Left Right Tracking Substitution	Individual Ortho Spec: Phonological Substitution	Individual Ortho Spec: Contextual Substitution	Individual Ortho Spec: Unrelated Substitution	Individual Gram Spec: Omission	Individual Gram Spec: Substitution	Individual Gram Spec: Insertion	Individual Struct Spec: Word Omission	Individual Struct Spec: Word Insertion	Individual Visual Spec: Skip Line	Individual Visual Spec: Backtrack	Individual Visual Spec: Wrong Order	Individual Disfluency Spec: Stutter	Individual Disfluency Spec: Word Repetition	Individual Disfluency Spec: Repair	Individual Disfluency Spec: Broken Word	Individual Disfluency Spec: Prolongation	Individual Disfluency Spec: Interjection	Individual Disfluency Spec: Parent Correction	Individual Disfluency Spec: Parental Aid
https://2025storiza.michaelbennie.org/audio_clips/93.7_end_132.4_uid_8AhIEcEU81Sn83Fyb0gnFvpiNij2_sid_5MQZoq9AQEsDcN4s2Te5_1742342125.mp3	lamanjennifer,rose.m	-0.857612	0.610879	0.463730	0.480371	0.837910	0.272167	NaN	NaN	NaN	NaN	0.267566	0.211706	0.984585	-0.060346	0.190914	0.812420	0.382868	-0.282051	NaN	NaN	NaN	0.708481	NaN	-0.016221	NaN	NaN	NaN	0.000000	0.737861	0.430381	-0.729679	-0.857612	NaN	NaN	NaN	NaN	NaN	NaN	NaN	NaN	NaN	NaN	NaN	NaN	NaN	NaN	NaN	NaN	NaN	NaN	0.203901	0.563655	0.359607	NaN	-0.000809	0.599414
https://2025storiza.michaelbennie.org/audio_clips/18.3_end_22.4_uid_mHWscHBXcoabM7fdw88AliGuPWw1_sid_7uCDiTq1wssSMWEFdyG8_1742239940.mp3	claire.kuntz,rose.m	-0.751960	0.868378	0.811881	0.795467	0.991802	0.337653	NaN	-0.049859	NaN	NaN	NaN	0.327398	0.996363	0.272644	0.657486	0.991634	1.000000	1.000000	-0.013543	NaN	NaN	NaN	NaN	NaN	NaN	NaN	NaN	NaN	0.612033	0.634037	-0.181703	-0.751960	0.648565	-0.033582	NaN	NaN	NaN	NaN	NaN	NaN	NaN	NaN	-0.038625	NaN	NaN	NaN	NaN	NaN	NaN	NaN	NaN	NaN	NaN	NaN	NaN	NaN
https://2025storiza.michaelbennie.org/audio_clips/95.2_end_98.2_uid_eQ9VyOzVOCQWR7uTGBGzvfh3rUJ2_sid_i8ZL8hdudVu5SxNk90X4_1743022443.mp3	claire.kuntz,evanhalperin	-0.632697	0.363847	0.284801	0.264142	-0.114809	-0.010343	NaN	NaN	-0.028462	NaN	0.191638	0.289244	0.629812	0.650866	-0.022674	-0.100667	-0.021099	-0.036963	NaN	-0.100764	NaN	-0.632697	0.630230	NaN	NaN	NaN	NaN	NaN	NaN	NaN	-0.022176	NaN	NaN	NaN	NaN	NaN	NaN	NaN	NaN	NaN	NaN	NaN	NaN	NaN	-0.025586	NaN	NaN	NaN	NaN	NaN	-0.067877	-0.127737	NaN	1.000000	NaN	NaN
https://2025storiza.michaelbennie.org/audio_clips/44.4_end_46.8_uid_M3RVTGHWrAMCChSiCDrpejluqjQ2_sid_J3DTSl0s0xBwSzdlZEZW_1742137192.mp3	claire.kuntz,katherine.ball	-0.601696	0.527553	-0.009775	-0.507358	0.757593	-0.304163	NaN	NaN	NaN	NaN	NaN	-0.254642	0.999610	1.000000	0.510906	0.688283	-0.477666	NaN	NaN	NaN	NaN	NaN	NaN	NaN	1.000000	NaN	NaN	NaN	-0.601696	NaN	NaN	-0.078728	NaN	NaN	NaN	NaN	NaN	NaN	NaN	NaN	NaN	NaN	NaN	NaN	NaN	NaN	NaN	NaN	NaN	NaN	NaN	NaN	NaN	NaN	NaN	NaN
https://2025storiza.michaelbennie.org/audio_clips/53.1_end_57.4_uid_mHWscHBXcoabM7fdw88AliGuPWw1_sid_7n1Handdit8pBvWWWmNt_1741993555.mp3	claire.kuntz,lamanjennifer	-0.583400	0.451148	0.394874	0.486092	NaN	0.374799	NaN	NaN	NaN	NaN	0.141200	0.098188	1.000000	NaN	0.669931	NaN	1.000000	NaN	NaN	NaN	NaN	0.225066	NaN	NaN	NaN	NaN	NaN	NaN	NaN	1.000000	NaN	1.000000	NaN	-0.491251	-0.085940	NaN	NaN	NaN	NaN	NaN	NaN	NaN	NaN	NaN	NaN	NaN	NaN	NaN	NaN	NaN	-0.583400	NaN	0.217934	NaN	NaN	NaN
https://2025storiza.michaelbennie.org/audio_clips/40.9_end_52.4_uid_mHWscHBXcoabM7fdw88AliGuPWw1_sid_Hj3V7pDbdwHsMCjmjYgr_1742934325.mp3	claire.kuntz,landonturner	-0.567716	0.519184	0.211683	0.158519	0.625801	-0.138523	-0.189525	-0.013114	NaN	NaN	-0.087363	0.247001	0.872848	0.674396	0.404098	0.630379	-0.351370	0.596593	-0.070738	NaN	NaN	-0.096158	0.000000	NaN	NaN	NaN	NaN	NaN	-0.318807	-0.223500	-0.201708	-0.061050	-0.300918	NaN	NaN	NaN	NaN	NaN	0.000000	-0.567716	-0.040961	NaN	NaN	NaN	NaN	NaN	NaN	NaN	NaN	-0.032336	NaN	NaN	-0.076880	NaN	NaN	NaN
https://2025storiza.michaelbennie.org/audio_clips/32.8_end_40.4_uid_0FdMSMtn95PJ9tLFeW3F4sFLPMh1_sid_I3zB5EN064Hgyj1wYaJb_1743128471.mp3	claire.kuntz,ghineae	-0.555609	0.842821	0.295601	0.335415	0.851166	-0.168704	NaN	NaN	1.000000	NaN	-0.305597	0.340829	1.000000	0.628308	-0.171690	0.846510	-0.555609	-0.018623	NaN	1.000000	NaN	-0.526039	NaN	NaN	NaN	NaN	NaN	NaN	NaN	-0.100918	-0.019468	NaN	-0.031779	NaN	NaN	NaN	NaN	NaN	NaN	NaN	NaN	NaN	NaN	NaN	1.000000	NaN	NaN	NaN	NaN	-0.057080	-0.176496	NaN	NaN	NaN	NaN	NaN
https://2025storiza.michaelbennie.org/audio_clips/72.7_end_84.4_uid_mHWscHBXcoabM7fdw88AliGuPWw1_sid_7XfLT0jT1wvkAI9zLj1M_1743381734.mp3	claire.kuntz,rose.m	-0.555019	0.912424	0.712549	0.703567	0.911218	0.476486	NaN	NaN	NaN	NaN	1.000000	0.498972	0.999729	NaN	0.720801	0.913142	0.651635	NaN	NaN	NaN	NaN	1.000000	NaN	NaN	NaN	NaN	NaN	NaN	1.000000	1.000000	1.000000	NaN	-0.555019	NaN	NaN	NaN	NaN	NaN	NaN	NaN	NaN	NaN	NaN	NaN	NaN	NaN	NaN	NaN	1.000000	NaN	NaN	1.000000	NaN	NaN	NaN	NaN
https://2025storiza.michaelbennie.org/audio_clips/40.8_end_49.8_uid_RMEYcjWuQJRINI73hdlEKDjPREw2_sid_1VgvJXZB45xk11mYvRbT_1741133876.mp3	claire.kuntz,rose.m	-0.530935	0.778731	0.339463	0.332117	0.999793	0.268702	NaN	NaN	NaN	NaN	-0.011210	0.248863	0.903691	1.000000	1.000000	0.999795	1.000000	1.000000	NaN	NaN	NaN	-0.530935	-0.017636	NaN	NaN	NaN	NaN	NaN	1.000000	-0.048321	NaN	-0.133305	NaN	NaN	NaN	NaN	NaN	NaN	NaN	NaN	NaN	NaN	NaN	NaN	NaN	NaN	NaN	NaN	NaN	NaN	-0.022563	-0.009725	NaN	NaN	NaN	NaN
https://2025storiza.michaelbennie.org/audio_clips/142.0_end_153.7_uid_1w0NU0CL8KMbltxDo7mrkTKhgpD2_sid_rRZvUWqkJ1hLNL8pytmJ_1741561799.mp3	claire.kuntz,rose.m	-0.519481	0.625869	0.495213	0.499974	0.567934	0.479270	NaN	1.000000	0.999531	NaN	-0.164174	0.467148	0.999874	0.999702	0.402821	0.608830	0.610808	NaN	1.000000	0.999549	NaN	-0.519481	NaN	NaN	NaN	NaN	NaN	NaN	-0.082901	-0.059841	0.616065	0.568071	0.595197	1.000000	NaN	NaN	NaN	NaN	NaN	NaN	1.000000	NaN	NaN	NaN	0.999543	NaN	NaN	NaN	NaN	NaN	-0.238087	NaN	NaN	NaN	NaN	NaN
https://2025storiza.michaelbennie.org/audio_clips/64.8_end_70.1_uid_1w0NU0CL8KMbltxDo7mrkTKhgpD2_sid_rRZvUWqkJ1hLNL8pytmJ_1741561799.mp3	claire.kuntz,rose.m	-0.517655	0.558523	0.222157	0.224914	0.999987	0.730351	NaN	-0.176149	NaN	NaN	1.000000	0.279500	0.999993	-0.021695	0.727904	0.999988	1.000000	0.475945	-0.517655	NaN	NaN	1.000000	NaN	NaN	NaN	NaN	NaN	NaN	0.560757	0.556327	0.541168	0.558206	-0.031660	-0.060751	NaN	NaN	NaN	NaN	NaN	NaN	-0.029780	-0.103635	NaN	NaN	NaN	NaN	NaN	NaN	NaN	NaN	1.000000	NaN	NaN	NaN	NaN	NaN
https://2025storiza.michaelbennie.org/audio_clips/90.1_end_115.0_uid_EOwDjm2STZfXSXQJzWXadFRGRzn1_sid_WEYdsWeS5fhAJrS4XVw0_1743029787.mp3	lamanjennifer,rose.m	-0.477256	0.540734	0.180800	0.199570	0.852047	0.292747	NaN	0.960769	NaN	NaN	0.107742	0.142777	0.819029	0.428971	0.211245	0.856464	0.284673	-0.031106	0.964514	NaN	NaN	0.093302	0.300634	NaN	NaN	NaN	NaN	NaN	NaN	0.586055	0.492666	0.621972	NaN	-0.080353	NaN	NaN	NaN	NaN	NaN	NaN	0.959110	NaN	NaN	NaN	NaN	NaN	NaN	NaN	-0.477256	0.400885	0.081477	0.377691	0.598319	NaN	NaN	NaN
https://2025storiza.michaelbennie.org/audio_clips/55.9_end_60.3_uid_mHWscHBXcoabM7fdw88AliGuPWw1_sid_zNwobTQRQ5zMd2Rabg7s_1743380602.mp3	claire.kuntz,evanhalperin	-0.472260	0.449098	-0.057103	-0.066111	0.605765	-0.087699	NaN	NaN	NaN	NaN	-0.307569	0.100448	1.000000	NaN	-0.152911	0.690099	-0.239253	NaN	NaN	NaN	NaN	-0.472260	NaN	-0.093913	NaN	NaN	NaN	NaN	-0.008687	NaN	NaN	NaN	-0.128710	NaN	NaN	NaN	NaN	NaN	NaN	NaN	NaN	NaN	NaN	NaN	NaN	NaN	NaN	NaN	-0.166859	NaN	NaN	NaN	NaN	-0.017701	NaN	NaN
https://2025storiza.michaelbennie.org/audio_clips/99.5_end_110.2_uid_TzE1wYChYkTUAVNeVtZjXuO8cBi2_sid_xVtZiYDJKDrpbrcttqPg_1743434705.mp3	evanhalperin,rose.m	-0.429545	0.556915	0.491894	0.475275	-0.013079	-0.157820	NaN	NaN	NaN	NaN	0.632337	0.506743	0.644528	NaN	-0.091945	0.000000	-0.257431	NaN	NaN	NaN	NaN	0.753400	NaN	NaN	NaN	NaN	NaN	NaN	-0.016337	NaN	-0.429545	-0.284105	NaN	-0.077943	NaN	NaN	NaN	NaN	NaN	NaN	NaN	NaN	NaN	NaN	NaN	NaN	NaN	NaN	-0.127133	NaN	NaN	NaN	0.534207	-0.029321	-0.313871	1.000000
https://2025storiza.michaelbennie.org/audio_clips/76.1_end_83.1_uid_tHP0GvI5hccNGBzYfgE2pkEHXiW2_sid_rLPnR4znaTm5MBeGpUC3_1743543079.mp3	claire.kuntz,rose.m	-0.420838	0.678589	-0.297289	-0.301217	0.999952	NaN	NaN	NaN	NaN	NaN	NaN	NaN	0.999973	NaN	NaN	0.999953	NaN	NaN	NaN	NaN	NaN	-0.420838	NaN	NaN	NaN	NaN	NaN	NaN	NaN	NaN	NaN	NaN	NaN	NaN	NaN	NaN	NaN	NaN	NaN	NaN	NaN	NaN	NaN	NaN	NaN	NaN	NaN	NaN	NaN	NaN	NaN	NaN	NaN	NaN	NaN	NaN
https://2025storiza.michaelbennie.org/audio_clips/24.8_end_30.0_uid_ihIoefKsGwTDai7fGs9x3DyNvju2_sid_rBoEZIAOq8OfRMrXzXC8_1743076731.mp3	claire.kuntz,evanhalperin	-0.416897	0.712471	0.499519	0.296599	0.669658	0.651808	NaN	NaN	NaN	NaN	-0.408541	0.314350	0.991173	0.987903	0.637030	0.597336	0.632845	0.989143	NaN	NaN	NaN	-0.376337	NaN	0.972005	NaN	NaN	NaN	NaN	0.988660	0.989189	-0.018578	NaN	0.987382	0.988641	NaN	NaN	NaN	NaN	NaN	NaN	NaN	NaN	NaN	NaN	NaN	NaN	NaN	NaN	NaN	NaN	NaN	NaN	-0.416897	NaN	NaN	NaN
https://2025storiza.michaelbennie.org/audio_clips/5.9_end_12.1_uid_bKduvdIsrbbqPZ7Z3lCfQlF8WBn1_sid_wwG35krhLTSpRDz3nlEz_1741905388.mp3	claire.kuntz,emilianapulido	-0.402784	0.532153	0.268434	0.219366	0.350785	0.006822	NaN	-0.104185	NaN	NaN	NaN	0.034123	0.999872	0.253544	0.315790	0.529602	0.542934	1.000000	-0.030641	NaN	NaN	-0.106434	NaN	-0.299879	NaN	NaN	NaN	NaN	NaN	1.000000	-0.038455	-0.068217	-0.402784	-0.052431	NaN	NaN	NaN	NaN	NaN	NaN	-0.116043	NaN	NaN	NaN	NaN	NaN	NaN	NaN	NaN	NaN	NaN	NaN	NaN	NaN	NaN	NaN
https://2025storiza.michaelbennie.org/audio_clips/150.1_end_165.6_uid_IGe7nmfoeKQG1oyWJEMIv6KIP5Q2_sid_OJ3hCvb3pokTxqbvhJuh_1742508917.mp3	emilianapulido,rose.m	-0.391794	0.847364	0.406697	0.441910	0.994970	0.999976	NaN	NaN	NaN	NaN	NaN	0.999974	0.997933	0.999976	0.999976	0.994797	0.999975	0.999974	NaN	NaN	NaN	-0.391794	NaN	NaN	NaN	NaN	NaN	NaN	0.999975	0.999976	NaN	NaN	NaN	NaN	NaN	NaN	NaN	NaN	NaN	NaN	NaN	NaN	NaN	NaN	NaN	NaN	NaN	NaN	NaN	NaN	NaN	NaN	NaN	NaN	NaN	NaN
https://2025storiza.michaelbennie.org/audio_clips/18.1_end_24.8_uid_u2hytH2KWIS6ewdShfEZisygqIo2_sid_JWzwJL0aqbRtvTCiTdCm_1743194311.mp3	claire.kuntz,rose.m	-0.389008	0.645490	0.158979	0.244750	0.594285	-0.109641	NaN	-0.014166	NaN	NaN	1.000000	0.416955	0.999843	-0.121191	-0.148841	0.691308	-0.389008	NaN	-0.046362	NaN	NaN	0.605168	1.000000	0.000000	NaN	NaN	NaN	NaN	-0.011802	NaN	-0.022815	NaN	NaN	NaN	NaN	NaN	NaN	NaN	NaN	NaN	-0.071404	NaN	NaN	NaN	NaN	NaN	NaN	NaN	NaN	NaN	1.000000	NaN	NaN	NaN	NaN	NaN
https://2025storiza.michaelbennie.org/audio_clips/38.4_end_51.1_uid_tHP0GvI5hccNGBzYfgE2pkEHXiW2_sid_p6cLdVe7UtbfmSNky9ER_1743455830.mp3	emilianapulido,rose.m	-0.379187	0.610152	0.036252	0.000232	0.725899	NaN	NaN	NaN	NaN	NaN	-0.287956	-0.379187	0.892478	NaN	NaN	0.741877	NaN	NaN	NaN	NaN	NaN	0.027695	-0.126373	NaN	NaN	-0.135295	NaN	NaN	NaN	NaN	NaN	NaN	NaN	NaN	NaN	NaN	NaN	NaN	NaN	NaN	NaN	NaN	NaN	NaN	NaN	NaN	NaN	NaN	NaN	NaN	NaN	-0.102144	-0.136417	NaN	NaN	NaN
https://2025storiza.michaelbennie.org/audio_clips/41.4_end_55.7_uid_TzE1wYChYkTUAVNeVtZjXuO8cBi2_sid_xVtZiYDJKDrpbrcttqPg_1743434705.mp3	evanhalperin,rose.m	-0.379132	0.701190	-0.227891	-0.379132	0.843945	NaN	NaN	NaN	NaN	NaN	-0.023720	-0.045741	0.999606	NaN	NaN	0.837075	NaN	NaN	NaN	NaN	NaN	-0.006263	NaN	NaN	NaN	-0.075873	NaN	NaN	NaN	NaN	NaN	NaN	NaN	NaN	NaN	NaN	NaN	NaN	NaN	NaN	NaN	NaN	NaN	NaN	NaN	NaN	NaN	NaN	NaN	NaN	NaN	NaN	-0.095862	NaN	NaN	NaN
https://2025storiza.michaelbennie.org/audio_clips/42.1_end_45.9_uid_mHWscHBXcoabM7fdw88AliGuPWw1_sid_7n1Handdit8pBvWWWmNt_1741993555.mp3	claire.kuntz,lamanjennifer	-0.373935	0.512864	0.229943	0.240202	0.537843	0.275204	NaN	NaN	NaN	-0.052072	-0.038042	0.030773	0.660978	0.203793	0.269077	0.596681	1.000000	1.000000	NaN	NaN	-0.030619	0.041822	NaN	-0.047637	-0.172375	NaN	NaN	NaN	-0.081535	NaN	NaN	-0.053507	NaN	NaN	NaN	NaN	NaN	NaN	NaN	NaN	NaN	NaN	NaN	NaN	NaN	NaN	NaN	-0.027119	-0.234242	NaN	-0.022033	-0.373935	NaN	NaN	NaN	NaN
https://2025storiza.michaelbennie.org/audio_clips/11.2_end_18.3_uid_mHWscHBXcoabM7fdw88AliGuPWw1_sid_lz3I7DDQoORrxWnoDM8h_1741216155.mp3	claire.kuntz,rose.m	-0.357208	0.677027	0.251215	0.197248	0.630693	-0.015409	NaN	-0.000794	NaN	NaN	-0.328470	-0.218741	0.989003	-0.029303	-0.026288	0.583047	-0.013938	NaN	0.000000	NaN	NaN	0.446850	NaN	NaN	NaN	NaN	NaN	NaN	NaN	NaN	NaN	NaN	0.000000	NaN	NaN	NaN	NaN	NaN	NaN	NaN	NaN	0.000000	NaN	NaN	NaN	NaN	NaN	NaN	NaN	NaN	NaN	-0.131625	-0.357208	NaN	NaN	NaN
https://2025storiza.michaelbennie.org/audio_clips/53.7_end_66.6_uid_CjlD9aGvoSfMhsnUwRIQlMr4IFp1_sid_fPKMdj4jr6BedPXQV3mV_1742180701.mp3	claire.kuntz,rose.m	-0.347410	0.861027	0.456355	0.433549	0.857869	0.182896	NaN	-0.121824	NaN	NaN	NaN	0.191127	0.999949	0.615830	0.408533	0.856569	0.435730	1.000000	-0.154520	NaN	NaN	NaN	NaN	NaN	NaN	NaN	NaN	NaN	NaN	-0.347410	0.622920	-0.029423	-0.175505	NaN	NaN	NaN	NaN	NaN	NaN	NaN	NaN	-0.114626	NaN	NaN	NaN	NaN	NaN	NaN	NaN	NaN	NaN	NaN	NaN	NaN	NaN	NaN
https://2025storiza.michaelbennie.org/audio_clips/46.4_end_55.0_uid_WXRuAJyMuAViHCpYPRVffOrexB03_sid_Ttc81IXIedFGPCeX9A2y_1741217243.mp3	evanhalperin,rose.m	-0.339357	0.328468	0.108521	0.108593	0.181889	0.999575	NaN	NaN	NaN	NaN	-0.280019	0.093561	0.996916	NaN	0.999602	0.141564	0.999589	NaN	NaN	NaN	NaN	-0.339357	NaN	NaN	NaN	NaN	NaN	NaN	NaN	NaN	NaN	NaN	NaN	0.999581	NaN	NaN	NaN	NaN	NaN	NaN	NaN	NaN	NaN	NaN	NaN	NaN	NaN	NaN	NaN	NaN	NaN	NaN	-0.283738	NaN	NaN	NaN
https://2025storiza.michaelbennie.org/audio_clips/59.0_end_63.3_uid_jWPmLFrSHDZItPTjjPUB8KAsjlq2_sid_7SPTn4kcDnVulcWfBGRR_1743880682.mp3	claire.kuntz,ghineae,rose.m	-0.333011	0.818543	-0.333011	-0.275415	0.812738	-0.026526	NaN	NaN	NaN	NaN	-0.098153	-0.303974	0.994977	NaN	-0.041220	0.811699	-0.018734	NaN	NaN	NaN	NaN	-0.093342	NaN	NaN	NaN	NaN	NaN	NaN	NaN	NaN	-0.014631	NaN	NaN	NaN	NaN	NaN	NaN	NaN	NaN	NaN	NaN	NaN	NaN	NaN	NaN	NaN	NaN	NaN	-0.071782	NaN	NaN	NaN	NaN	NaN	NaN	NaN
https://2025storiza.michaelbennie.org/audio_clips/173.0_end_182.7_uid_ejZWulX03uRlAA3C5VqYK6jKNYs1_sid_WmRXbqI5CWDvZvwjQQzO_1741134602.mp3	claire.kuntz,emilianapulido	-0.331782	0.547019	0.157002	0.561019	0.426860	0.457974	NaN	NaN	NaN	NaN	1.000000	0.583050	0.999995	0.000000	0.466489	0.393929	0.557392	-0.032250	NaN	NaN	NaN	1.000000	NaN	-0.331782	NaN	NaN	NaN	NaN	-0.038603	0.757114	0.634996	0.400924	1.000000	-0.035687	NaN	NaN	NaN	NaN	NaN	NaN	NaN	NaN	NaN	NaN	NaN	NaN	NaN	NaN	NaN	1.000000	1.000000	NaN	NaN	NaN	NaN	NaN
https://2025storiza.michaelbennie.org/audio_clips/57.0_end_64.5_uid_Gt0cspsUtRSvEXXHZKUWlVAfyVq2_sid_Fg08PYTUetsEHAd5a7Su_1743619578.mp3	claire.kuntz,isabelapizarro	-0.318167	0.813007	-0.268680	-0.286985	0.809191	-0.149994	NaN	NaN	NaN	NaN	NaN	-0.154566	0.996056	NaN	-0.162262	0.804378	-0.318167	NaN	NaN	NaN	NaN	NaN	NaN	NaN	NaN	NaN	NaN	NaN	-0.010473	NaN	-0.106180	NaN	NaN	NaN	NaN	NaN	NaN	NaN	NaN	NaN	NaN	NaN	NaN	NaN	NaN	NaN	NaN	NaN	NaN	NaN	NaN	NaN	NaN	NaN	NaN	NaN
https://2025storiza.michaelbennie.org/audio_clips/89.9_end_105.4_uid_d4lLmJzVbJaLpyCuafResXOry3t2_sid_rcTNhF88C79EqtExGJfr_1742502803.mp3	emilianapulido,landonturner	-0.316543	0.644084	0.278807	0.450062	0.536287	0.627394	NaN	NaN	NaN	NaN	0.461420	0.459190	0.989970	-0.031285	0.466155	0.461358	0.576867	-0.049735	NaN	NaN	NaN	0.999769	NaN	-0.316543	NaN	NaN	NaN	NaN	NaN	0.776781	0.998992	NaN	NaN	-0.125207	NaN	NaN	NaN	NaN	NaN	NaN	NaN	NaN	NaN	NaN	NaN	NaN	NaN	NaN	NaN	NaN	NaN	0.000000	-0.013283	NaN	NaN	NaN
https://2025storiza.michaelbennie.org/audio_clips/84.9_end_98.9_uid_WXRuAJyMuAViHCpYPRVffOrexB03_sid_bq1I40IRipJTvbMVsQoS_1742945295.mp3	benjaminmcneill,claire.kuntz	-0.314346	0.764098	0.381738	0.394562	0.756207	-0.190940	NaN	NaN	NaN	NaN	-0.108343	0.138379	1.000000	NaN	-0.314346	0.754008	1.000000	NaN	NaN	NaN	NaN	-0.115573	NaN	NaN	NaN	NaN	NaN	NaN	-0.130574	NaN	1.000000	NaN	NaN	NaN	NaN	NaN	NaN	NaN	NaN	NaN	NaN	NaN	NaN	NaN	NaN	NaN	NaN	NaN	NaN	NaN	NaN	-0.059252	NaN	NaN	NaN	NaN
https://2025storiza.michaelbennie.org/audio_clips/88.9_end_103.1_uid_ihIoefKsGwTDai7fGs9x3DyNvju2_sid_jzm10IkIQSzqDuCCySbp_1743981904.mp3	claire.kuntz,landonturner	-0.295910	0.762048	0.473615	0.475832	0.885958	-0.156304	NaN	NaN	0.424867	NaN	0.056388	0.208573	0.963260	0.457038	-0.116317	0.884634	-0.144025	NaN	NaN	0.430854	NaN	0.474880	NaN	NaN	NaN	0.000000	NaN	NaN	NaN	-0.047684	-0.295910	-0.052269	NaN	NaN	NaN	NaN	NaN	NaN	NaN	NaN	NaN	NaN	NaN	NaN	0.406659	NaN	NaN	NaN	0.579218	0.104868	0.043563	NaN	NaN	NaN	NaN	NaN
https://2025storiza.michaelbennie.org/audio_clips/58.4_end_70.1_uid_tHP0GvI5hccNGBzYfgE2pkEHXiW2_sid_dTvjMQm57AQHWsM3xdtC_1743376852.mp3	claire.kuntz,landonturner	-0.295636	1.000000	1.000000	1.000000	1.000000	1.000000	NaN	NaN	NaN	NaN	-0.295636	-0.128088	1.000000	NaN	-0.242096	1.000000	1.000000	NaN	NaN	NaN	NaN	1.000000	NaN	NaN	NaN	NaN	NaN	NaN	1.000000	NaN	NaN	NaN	NaN	NaN	NaN	NaN	NaN	NaN	NaN	NaN	NaN	NaN	NaN	NaN	NaN	NaN	NaN	NaN	NaN	NaN	-0.071625	1.000000	-0.046505	NaN	NaN	NaN
https://2025storiza.michaelbennie.org/audio_clips/51.7_end_59.6_uid_mHWscHBXcoabM7fdw88AliGuPWw1_sid_I9JIDKsVbN5Sjmsyg1ln_1742933350.mp3	claire.kuntz,rose.m	-0.294257	0.532935	0.128562	0.176315	0.802440	0.330553	NaN	NaN	NaN	NaN	-0.031960	0.363692	0.983210	-0.046435	0.098451	0.803405	0.425624	0.000000	NaN	NaN	NaN	-0.294257	NaN	NaN	NaN	NaN	NaN	NaN	0.612289	-0.087231	-0.232496	NaN	NaN	-0.046988	NaN	NaN	NaN	NaN	NaN	NaN	NaN	NaN	NaN	NaN	NaN	NaN	NaN	NaN	NaN	NaN	NaN	NaN	-0.005323	NaN	NaN	NaN
https://2025storiza.michaelbennie.org/audio_clips/1.5_end_23.9_uid_HGLxgWVfJZWhAsqMf761d40h3eQ2_sid_F4tWmApCfflaPRfdT4xX_1741271551.mp3	claire.kuntz,rose.m	-0.290306	0.924982	0.863957	0.861678	1.000000	0.397248	NaN	NaN	NaN	NaN	0.720100	0.488621	0.924499	1.000000	0.603945	1.000000	0.984733	NaN	NaN	NaN	NaN	0.616493	NaN	NaN	NaN	NaN	NaN	1.000000	0.691911	-0.128882	-0.023670	-0.290306	1.000000	-0.042975	NaN	NaN	NaN	NaN	NaN	NaN	NaN	NaN	NaN	NaN	NaN	NaN	NaN	NaN	NaN	0.000000	1.000000	1.000000	NaN	NaN	NaN	1.000000
https://2025storiza.michaelbennie.org/audio_clips/55.8_end_68.9_uid_u2hytH2KWIS6ewdShfEZisygqIo2_sid_RxGwyd4cqfpuxwAp2VR4_1741140582.mp3	lamanjennifer,rose.m	-0.286838	0.742852	0.566372	0.454343	0.997576	0.166423	NaN	1.000000	-0.010504	NaN	0.407888	0.266909	0.933627	0.993804	0.285620	0.997700	0.432365	-0.014913	1.000000	0.000000	NaN	0.737912	NaN	0.997607	NaN	NaN	NaN	NaN	-0.286838	0.339661	0.316729	0.585361	-0.051014	-0.023274	NaN	NaN	NaN	NaN	NaN	NaN	NaN	1.000000	NaN	NaN	-0.000239	NaN	NaN	NaN	NaN	NaN	0.189971	-0.054528	0.997790	NaN	NaN	NaN
https://2025storiza.michaelbennie.org/audio_clips/0.0_end_3.5_uid_Gt0cspsUtRSvEXXHZKUWlVAfyVq2_sid_qHzKNFpdgsms0EFSXokQ_1742606923.mp3	claire.kuntz,ghineae	-0.276359	0.514144	0.508925	0.529880	0.093977	-0.014870	NaN	0.264661	1.000000	NaN	NaN	0.216068	0.997470	0.505093	0.025987	0.111404	0.286063	NaN	0.542712	1.000000	NaN	NaN	NaN	NaN	NaN	NaN	NaN	NaN	-0.219105	-0.084800	-0.276359	NaN	-0.033997	NaN	NaN	NaN	NaN	NaN	NaN	NaN	-0.042205	-0.135131	NaN	NaN	1.000000	NaN	NaN	NaN	NaN	NaN	NaN	NaN	NaN	NaN	NaN	NaN
https://2025storiza.michaelbennie.org/audio_clips/28.4_end_38.2_uid_jWPmLFrSHDZItPTjjPUB8KAsjlq2_sid_wxade2TANAqG5I0nEqLn_1742588986.mp3	claire.kuntz,evanhalperin	-0.274187	0.860885	0.734181	0.731503	1.000000	0.808447	NaN	-0.274187	NaN	NaN	0.998060	0.722566	0.999251	0.686204	0.580251	1.000000	0.995772	0.995908	-0.189542	NaN	NaN	0.997552	NaN	NaN	NaN	NaN	NaN	NaN	0.994022	1.000000	0.575410	NaN	0.482152	1.000000	NaN	NaN	NaN	NaN	NaN	NaN	NaN	-0.124245	NaN	NaN	NaN	NaN	NaN	NaN	NaN	NaN	0.995930	1.000000	1.000000	NaN	NaN	NaN
https://2025storiza.michaelbennie.org/audio_clips/0.3_end_5.2_uid_jWPmLFrSHDZItPTjjPUB8KAsjlq2_sid_UebF5uJBSnxqjv2qv7BM_1742046137.mp3	claire.kuntz,rose.m	-0.268416	0.663864	0.258093	0.727213	0.586759	0.511873	NaN	-0.037285	NaN	NaN	NaN	0.520187	0.997911	-0.015441	0.497165	0.835398	0.727273	NaN	0.000000	NaN	NaN	NaN	NaN	-0.268416	NaN	NaN	NaN	NaN	0.526451	NaN	0.622205	NaN	NaN	NaN	NaN	NaN	NaN	NaN	NaN	NaN	0.000000	NaN	NaN	NaN	NaN	NaN	NaN	NaN	NaN	NaN	NaN	NaN	NaN	NaN	NaN	NaN
https://2025storiza.michaelbennie.org/audio_clips/7.7_end_14.8_uid_Gt0cspsUtRSvEXXHZKUWlVAfyVq2_sid_Fg08PYTUetsEHAd5a7Su_1743619578.mp3	claire.kuntz,emilianapulido	-0.267752	0.463544	-0.140252	-0.190652	0.501370	-0.045821	NaN	NaN	NaN	NaN	0.378893	0.029324	0.983743	NaN	-0.073738	0.432363	-0.010156	NaN	NaN	NaN	NaN	0.267445	NaN	-0.267752	NaN	NaN	NaN	NaN	NaN	NaN	NaN	NaN	-0.040944	NaN	NaN	NaN	NaN	NaN	NaN	NaN	NaN	NaN	NaN	NaN	NaN	NaN	NaN	NaN	-0.151360	NaN	NaN	0.997977	NaN	NaN	NaN	NaN
https://2025storiza.michaelbennie.org/audio_clips/53.6_end_60.3_uid_l10DBTU0vaSPzKuDElOBDPPpe2H3_sid_FiHLIt9wxFP1gibLS6Ng_1742249143.mp3	claire.kuntz,emilianapulido	-0.266672	0.701844	-0.240417	NaN	0.695969	NaN	NaN	NaN	NaN	NaN	NaN	NaN	0.997191	NaN	NaN	0.656062	NaN	NaN	NaN	NaN	NaN	NaN	NaN	-0.266672	NaN	NaN	NaN	NaN	NaN	NaN	NaN	NaN	NaN	NaN	NaN	NaN	NaN	NaN	NaN	NaN	NaN	NaN	NaN	NaN	NaN	NaN	NaN	NaN	NaN	NaN	NaN	NaN	NaN	NaN	NaN	NaN
https://2025storiza.michaelbennie.org/audio_clips/0.5_end_5.1_uid_mHWscHBXcoabM7fdw88AliGuPWw1_sid_I9JIDKsVbN5Sjmsyg1ln_1742933350.mp3	emilianapulido,evanhalperin	-0.256406	0.533820	0.239871	0.074769	0.663498	0.129076	NaN	-0.256406	NaN	NaN	NaN	0.112640	0.984188	-0.107080	0.111973	0.549938	0.295476	-0.017323	0.317579	NaN	NaN	-0.002773	NaN	0.941102	NaN	NaN	NaN	NaN	-0.113833	NaN	-0.062311	NaN	-0.074011	NaN	NaN	NaN	NaN	NaN	NaN	NaN	-0.001901	NaN	-0.047876	NaN	NaN	NaN	NaN	NaN	NaN	NaN	NaN	NaN	NaN	NaN	NaN	NaN
https://2025storiza.michaelbennie.org/audio_clips/10.9_end_14.1_uid_mHWscHBXcoabM7fdw88AliGuPWw1_sid_GNCkhRs1OBBcGhuYDepv_1741215543.mp3	claire.kuntz,landonturner	-0.255788	0.651705	-0.093537	-0.209081	0.617502	-0.160364	NaN	NaN	NaN	NaN	NaN	-0.148467	0.999331	NaN	-0.109222	0.588135	-0.255788	NaN	NaN	NaN	NaN	NaN	NaN	NaN	NaN	NaN	NaN	NaN	-0.035294	NaN	-0.010702	NaN	NaN	NaN	NaN	NaN	NaN	NaN	NaN	NaN	NaN	NaN	NaN	NaN	NaN	NaN	NaN	NaN	NaN	NaN	NaN	NaN	NaN	NaN	NaN	NaN
https://2025storiza.michaelbennie.org/audio_clips/59.8_end_63.7_uid_FUCVnaPJeyV5kzao6jmObtdzLUE2_sid_VP8ZqGQAw050ePA4KqWb_1742904863.mp3	claire.kuntz,rose.m	-0.255662	0.784925	0.175661	0.223339	0.870482	0.178850	NaN	-0.064939	NaN	NaN	1.000000	0.193728	1.000000	1.000000	0.609387	0.866244	0.495239	1.000000	-0.076038	NaN	NaN	1.000000	NaN	NaN	NaN	NaN	NaN	NaN	NaN	1.000000	-0.255662	NaN	-0.049841	NaN	NaN	NaN	NaN	NaN	NaN	NaN	NaN	-0.057202	NaN	NaN	NaN	NaN	NaN	NaN	NaN	NaN	1.000000	NaN	NaN	NaN	NaN	NaN
https://2025storiza.michaelbennie.org/audio_clips/14.8_end_30.5_uid_WXRuAJyMuAViHCpYPRVffOrexB03_sid_bq1I40IRipJTvbMVsQoS_1742945295.mp3	benjaminmcneill,claire.kuntz	-0.251966	0.458313	0.203670	0.174626	0.663331	0.754903	NaN	NaN	NaN	NaN	0.218467	0.362232	0.999807	-0.099678	0.584408	0.670596	1.000000	-0.206763	NaN	NaN	NaN	0.260265	NaN	NaN	NaN	NaN	NaN	NaN	1.000000	1.000000	NaN	NaN	-0.022376	NaN	NaN	NaN	NaN	NaN	NaN	NaN	NaN	NaN	NaN	NaN	NaN	NaN	NaN	NaN	NaN	NaN	1.000000	1.000000	-0.251966	NaN	NaN	NaN
https://2025storiza.michaelbennie.org/audio_clips/49.2_end_56.0_uid_tHP0GvI5hccNGBzYfgE2pkEHXiW2_sid_YLXuurDAeYQaKiiuD7UK_1743542725.mp3	claire.kuntz,rose.m	-0.251330	0.547458	0.233785	0.319372	0.215146	-0.011726	NaN	NaN	NaN	NaN	0.599812	0.332475	1.000000	NaN	-0.021581	0.227827	-0.036794	NaN	NaN	NaN	NaN	0.539325	NaN	NaN	NaN	NaN	NaN	NaN	NaN	NaN	0.000000	NaN	NaN	NaN	NaN	NaN	NaN	NaN	NaN	NaN	NaN	NaN	NaN	NaN	NaN	NaN	NaN	NaN	NaN	NaN	NaN	1.000000	-0.251330	NaN	NaN	NaN
https://2025storiza.michaelbennie.org/audio_clips/0.0_end_18.2_uid_IGe7nmfoeKQG1oyWJEMIv6KIP5Q2_sid_OJ3hCvb3pokTxqbvhJuh_1742508917.mp3	claire.kuntz,emilianapulido,rose.m	-0.250163	0.825587	0.453210	0.477250	0.953477	0.866505	NaN	NaN	NaN	NaN	-0.007624	0.721421	0.996078	0.607964	0.805060	0.955643	0.990829	0.592979	NaN	NaN	NaN	-0.250163	NaN	NaN	NaN	NaN	NaN	NaN	0.989865	0.986403	0.641006	NaN	NaN	NaN	NaN	NaN	NaN	NaN	NaN	NaN	NaN	NaN	NaN	NaN	NaN	NaN	NaN	NaN	NaN	NaN	NaN	NaN	-0.013332	NaN	NaN	NaN
https://2025storiza.michaelbennie.org/audio_clips/19.7_end_25.1_uid_Om0JhZ6RmTNQ5wDLPHKIC3LtY4g2_sid_4SyoJ5neD3pBMkPc5e6V_1741219404.mp3	claire.kuntz,emilianapulido	-0.249760	0.701559	0.295901	1.000000	0.688272	1.000000	NaN	NaN	NaN	NaN	NaN	1.000000	0.997944	NaN	0.340002	0.632455	1.000000	NaN	NaN	NaN	NaN	NaN	NaN	-0.249760	NaN	NaN	NaN	NaN	NaN	NaN	1.000000	NaN	NaN	NaN	NaN	NaN	NaN	NaN	NaN	NaN	NaN	NaN	NaN	NaN	NaN	NaN	NaN	NaN	NaN	NaN	NaN	NaN	NaN	NaN	NaN	NaN
https://2025storiza.michaelbennie.org/audio_clips/71.6_end_88.4_uid_u2hytH2KWIS6ewdShfEZisygqIo2_sid_JWzwJL0aqbRtvTCiTdCm_1743194311.mp3	claire.kuntz,rose.m	-0.249550	0.535149	0.124927	0.171067	0.928108	0.386823	NaN	1.000000	NaN	NaN	-0.249550	0.268608	0.948392	-0.065820	0.384653	0.924150	0.584373	-0.206543	1.000000	NaN	NaN	-0.038660	-0.039458	NaN	NaN	NaN	NaN	NaN	-0.134321	0.361502	0.609568	0.445889	-0.145675	1.000000	NaN	NaN	NaN	NaN	NaN	NaN	1.000000	NaN	NaN	NaN	NaN	NaN	NaN	NaN	NaN	NaN	NaN	-0.208108	NaN	NaN	NaN	NaN
https://2025storiza.michaelbennie.org/audio_clips/52.2_end_66.2_uid_qgT735VZ7OPJmWzvIgZGZAchHgD2_sid_zc9v6xHGoOKKE84qe071_1741610746.mp3	benjaminmcneill,claire.kuntz	-0.249033	0.850380	0.701510	0.695935	1.000000	0.800389	NaN	-0.122485	NaN	-0.046368	1.000000	0.711167	1.000000	-0.035227	0.799422	1.000000	1.000000	-0.101449	-0.249033	NaN	-0.004403	1.000000	NaN	NaN	NaN	NaN	NaN	NaN	-0.136966	1.000000	1.000000	-0.105359	1.000000	1.000000	NaN	NaN	NaN	NaN	NaN	NaN	NaN	NaN	-0.145605	NaN	NaN	-0.008269	NaN	NaN	NaN	NaN	NaN	NaN	1.000000	NaN	NaN	NaN
https://2025storiza.michaelbennie.org/audio_clips/66.0_end_73.6_uid_mHWscHBXcoabM7fdw88AliGuPWw1_sid_dtEYmqVQn7bCiiLgipi7_1742934079.mp3	claire.kuntz,rose.m	-0.248463	-0.248463	-0.168733	-0.161085	-0.115077	-0.049180	NaN	NaN	NaN	NaN	-0.007776	-0.050936	-0.146304	-0.028398	-0.058027	-0.141381	-0.044989	-0.038480	NaN	NaN	NaN	0.000000	-0.120767	NaN	NaN	-0.014367	NaN	NaN	-0.036133	-0.029071	NaN	NaN	-0.077809	NaN	NaN	NaN	NaN	NaN	NaN	NaN	NaN	NaN	NaN	NaN	NaN	NaN	NaN	NaN	NaN	NaN	-0.016949	NaN	NaN	NaN	NaN	NaN
https://2025storiza.michaelbennie.org/audio_clips/56.8_end_69.7_uid_ejZWulX03uRlAA3C5VqYK6jKNYs1_sid_WmRXbqI5CWDvZvwjQQzO_1741134602.mp3	claire.kuntz,emilianapulido	-0.248328	0.613467	0.466079	0.655421	0.517646	0.523383	NaN	0.391700	0.000000	NaN	1.000000	0.595174	0.929408	0.700804	0.715746	0.525319	0.764347	0.435581	0.331098	0.000000	NaN	1.000000	NaN	-0.105518	1.000000	NaN	NaN	NaN	1.000000	0.829423	0.314816	0.767450	0.825443	0.999151	NaN	NaN	NaN	NaN	NaN	NaN	-0.248328	1.000000	NaN	NaN	0.000000	NaN	NaN	NaN	NaN	1.000000	1.000000	NaN	NaN	NaN	NaN	NaN
https://2025storiza.michaelbennie.org/audio_clips/48.9_end_59.1_uid_4w6SC0KmlKV4YmJTalgWiZalQHi2_sid_WFBJxSGh2uCXWoF0Nr92_1742511762.mp3	evanhalperin,rose.m	-0.244389	0.469117	-0.001586	0.637602	0.418860	0.635267	NaN	NaN	NaN	NaN	NaN	0.655095	0.998752	NaN	0.613171	0.334309	0.624540	NaN	NaN	NaN	NaN	NaN	NaN	-0.244389	NaN	NaN	NaN	NaN	1.000000	NaN	0.000000	NaN	NaN	NaN	NaN	NaN	NaN	NaN	NaN	NaN	NaN	NaN	NaN	NaN	NaN	NaN	NaN	NaN	NaN	NaN	NaN	NaN	NaN	NaN	NaN	NaN
https://2025storiza.michaelbennie.org/audio_clips/69.6_end_75.6_uid_eQ9VyOzVOCQWR7uTGBGzvfh3rUJ2_sid_a8eZ9XHvZdKivz3bFdHW_1743175416.mp3	ghineae,landonturner	-0.242295	0.383917	0.019554	0.052747	0.563211	-0.056051	NaN	0.339232	0.000000	NaN	-0.238049	0.112214	0.874810	0.314185	0.394995	0.575412	-0.116721	NaN	0.333018	0.000000	NaN	-0.241137	NaN	NaN	NaN	NaN	NaN	NaN	NaN	NaN	-0.086846	-0.091054	NaN	NaN	NaN	NaN	NaN	NaN	NaN	NaN	0.330612	NaN	NaN	NaN	0.000000	NaN	NaN	NaN	NaN	NaN	NaN	-0.012523	-0.242295	NaN	NaN	NaN
https://2025storiza.michaelbennie.org/audio_clips/0.0_end_5.7_uid_sHl4il5Li8NKe5aMecUSJyXBFco2_sid_mg0Ugb9lQpWp0xhWl9aX_1742740162.mp3	benjaminmcneill,claire.kuntz	-0.241375	0.531270	0.040132	0.160307	0.631265	0.385901	NaN	-0.070032	NaN	NaN	-0.072349	0.471338	1.000000	-0.188120	0.340911	0.553957	0.209259	0.000000	-0.016930	NaN	NaN	-0.050016	NaN	-0.041230	NaN	NaN	NaN	-0.241375	-0.020386	1.000000	-0.024001	NaN	NaN	NaN	NaN	NaN	NaN	NaN	NaN	NaN	-0.058113	NaN	NaN	NaN	NaN	NaN	NaN	NaN	NaN	NaN	NaN	NaN	-0.071819	NaN	NaN	NaN
https://2025storiza.michaelbennie.org/audio_clips/0.0_end_6.6_uid_eQ9VyOzVOCQWR7uTGBGzvfh3rUJ2_sid_HV01NBzJEs0ZvfHwN5pP_1743175200.mp3	benjaminmcneill,claire.kuntz	-0.241132	0.577121	0.444710	0.412517	0.605768	NaN	NaN	NaN	0.626404	NaN	0.313325	0.459596	0.717290	0.320820	-0.126677	0.547522	NaN	NaN	NaN	0.623409	NaN	0.146742	NaN	0.419812	-0.114275	-0.066316	NaN	NaN	NaN	NaN	NaN	NaN	NaN	NaN	NaN	NaN	NaN	NaN	NaN	NaN	NaN	NaN	NaN	NaN	0.639838	NaN	NaN	NaN	0.962722	0.997481	-0.241132	NaN	NaN	NaN	NaN	NaN
https://2025storiza.michaelbennie.org/audio_clips/118.2_end_131.1_uid_ejZWulX03uRlAA3C5VqYK6jKNYs1_sid_jGy3WfcxdVQLXa94QWkg_1741212613.mp3	emilianapulido,rose.m	-0.240608	0.551881	-0.074920	0.208620	0.564986	-0.014421	NaN	NaN	NaN	NaN	-0.025415	0.206197	0.999585	NaN	-0.046634	0.456033	-0.138572	NaN	NaN	NaN	NaN	-0.032522	NaN	-0.240608	NaN	NaN	NaN	NaN	NaN	NaN	NaN	NaN	NaN	-0.041714	NaN	NaN	NaN	NaN	NaN	NaN	NaN	NaN	NaN	NaN	NaN	NaN	NaN	NaN	0.000000	NaN	NaN	NaN	0.000000	NaN	NaN	NaN
https://2025storiza.michaelbennie.org/audio_clips/134.4_end_137.6_uid_1w0NU0CL8KMbltxDo7mrkTKhgpD2_sid_PfrCS74Glv4OjfyMyKM8_1742503726.mp3	claire.kuntz,evanhalperin	-0.238529	0.473479	-0.238529	-0.135891	0.521640	-0.147499	NaN	NaN	NaN	NaN	NaN	-0.128394	1.000000	NaN	-0.163060	0.355515	-0.161000	NaN	NaN	NaN	NaN	-0.046186	NaN	0.000000	NaN	NaN	NaN	NaN	-0.176716	NaN	NaN	NaN	NaN	NaN	NaN	NaN	NaN	NaN	NaN	NaN	NaN	NaN	NaN	NaN	NaN	NaN	NaN	NaN	NaN	NaN	NaN	NaN	NaN	NaN	NaN	NaN
https://2025storiza.michaelbennie.org/audio_clips/1.3_end_9.9_uid_THJAu4lbjHRa32ysgvSU3Etlb0d2_sid_aKReQ5zqSuEu7cmAruHn_1743033103.mp3	claire.kuntz,rose.m	-0.238130	0.733538	-0.238130	-0.237462	0.855604	-0.025148	NaN	-0.033014	NaN	NaN	NaN	-0.014989	0.994730	0.000000	-0.051899	0.836756	-0.014270	NaN	0.000000	NaN	NaN	-0.044475	NaN	NaN	NaN	NaN	NaN	NaN	NaN	NaN	NaN	NaN	-0.002230	NaN	NaN	NaN	NaN	NaN	NaN	NaN	NaN	NaN	-0.026894	NaN	NaN	NaN	NaN	NaN	NaN	NaN	NaN	NaN	NaN	NaN	NaN	NaN
https://2025storiza.michaelbennie.org/audio_clips/30.5_end_38.1_uid_ECPqsmdUcMhqkJwXAfhhs3XTgoa2_sid_ad4vlPTbFapt9rOhL5sG_1742508027.mp3	lamanjennifer,rose.m	-0.236787	0.598301	0.508938	0.409825	0.710608	0.267365	-0.044083	-0.120933	-0.201851	NaN	NaN	0.314946	0.912591	0.545389	0.209490	0.624830	0.431111	-0.034093	-0.116204	-0.236787	NaN	NaN	NaN	0.645625	NaN	NaN	NaN	NaN	0.222464	NaN	-0.033628	NaN	NaN	NaN	NaN	NaN	NaN	NaN	-0.014794	-0.023088	NaN	NaN	-0.062002	NaN	-0.175049	NaN	NaN	NaN	NaN	NaN	NaN	NaN	NaN	NaN	NaN	NaN
https://2025storiza.michaelbennie.org/audio_clips/6.3_end_16.0_uid_mHWscHBXcoabM7fdw88AliGuPWw1_sid_xe2N8wvoGE6N1yF3J1u5_1741215857.mp3	claire.kuntz,emilianapulido	-0.224769	0.661167	0.329437	0.323503	0.721597	0.040702	NaN	NaN	NaN	NaN	0.078083	0.074045	0.891644	NaN	0.224703	0.716629	0.249682	NaN	NaN	NaN	NaN	0.768423	NaN	NaN	NaN	NaN	NaN	NaN	-0.090313	NaN	-0.016586	0.000000	-0.224769	NaN	NaN	NaN	NaN	NaN	NaN	NaN	NaN	NaN	NaN	NaN	NaN	NaN	NaN	NaN	NaN	NaN	-0.009632	-0.077240	NaN	NaN	NaN	NaN
https://2025storiza.michaelbennie.org/audio_clips/24.9_end_31.6_uid_ihIoefKsGwTDai7fGs9x3DyNvju2_sid_ApMaerbz8NiSC9rZvfoy_1742944769.mp3	claire.kuntz,landonturner	-0.222601	0.725599	-0.073443	-0.046644	0.762163	NaN	NaN	NaN	NaN	NaN	-0.118466	-0.121731	0.966481	NaN	NaN	0.750512	NaN	NaN	NaN	NaN	NaN	-0.195771	NaN	NaN	NaN	NaN	NaN	NaN	NaN	NaN	NaN	NaN	NaN	NaN	NaN	NaN	NaN	NaN	NaN	NaN	NaN	NaN	NaN	NaN	NaN	NaN	NaN	NaN	NaN	NaN	NaN	NaN	-0.222601	NaN	NaN	NaN
https://2025storiza.michaelbennie.org/audio_clips/0.1_end_7.9_uid_mHWscHBXcoabM7fdw88AliGuPWw1_sid_EQsr4DpbhhU9H6jNAk8v_1743380887.mp3	benjaminmcneill,claire.kuntz	-0.220562	0.638594	0.529587	0.529619	0.531589	-0.014915	NaN	1.000000	NaN	NaN	0.454276	0.310694	0.918297	1.000000	0.336747	0.613842	0.416330	NaN	1.000000	NaN	NaN	0.801417	NaN	-0.010904	NaN	NaN	NaN	NaN	0.334504	-0.113290	-0.177180	NaN	-0.001894	NaN	NaN	NaN	NaN	NaN	NaN	NaN	NaN	1.000000	NaN	NaN	NaN	NaN	NaN	NaN	-0.220562	NaN	-0.030823	1.000000	NaN	NaN	NaN	NaN
https://2025storiza.michaelbennie.org/audio_clips/137.1_end_150.1_uid_IGe7nmfoeKQG1oyWJEMIv6KIP5Q2_sid_OJ3hCvb3pokTxqbvhJuh_1742508917.mp3	emilianapulido,rose.m	-0.219688	0.818074	0.461199	0.475844	0.999506	0.722183	NaN	NaN	NaN	NaN	NaN	0.709232	0.999660	0.651361	0.999988	0.999531	0.999987	0.641969	NaN	NaN	NaN	-0.219688	NaN	NaN	NaN	NaN	NaN	NaN	0.999988	0.999977	-0.028627	NaN	-0.007942	-0.007610	NaN	NaN	NaN	NaN	NaN	NaN	NaN	NaN	NaN	NaN	NaN	NaN	NaN	NaN	NaN	NaN	NaN	NaN	NaN	NaN	NaN	NaN
https://2025storiza.michaelbennie.org/audio_clips/0.3_end_10.2_uid_ihIoefKsGwTDai7fGs9x3DyNvju2_sid_rRyldMhDpQ6c2k4qHgO3_1742504648.mp3	claire.kuntz,emilianapulido	-0.218384	0.798774	0.331755	-0.140482	0.854958	-0.090543	NaN	NaN	NaN	NaN	-0.029705	-0.072406	0.993630	-0.151517	-0.218384	0.832718	-0.093692	-0.146041	NaN	NaN	NaN	0.000000	NaN	0.448678	NaN	NaN	NaN	NaN	-0.142561	NaN	NaN	NaN	NaN	NaN	NaN	NaN	NaN	NaN	NaN	NaN	NaN	NaN	NaN	NaN	NaN	NaN	NaN	NaN	NaN	NaN	NaN	NaN	NaN	-0.010198	NaN	NaN
https://2025storiza.michaelbennie.org/audio_clips/75.8_end_79.8_uid_jWPmLFrSHDZItPTjjPUB8KAsjlq2_sid_Amvm2ilzicBQx7b2PVK7_1742046441.mp3	claire.kuntz,isabelapizarro	-0.218075	0.847060	0.583267	0.576474	0.756715	-0.112081	NaN	-0.095059	1.000000	NaN	NaN	0.569434	0.994335	0.776913	-0.205641	0.760259	-0.218075	NaN	-0.029609	1.000000	NaN	NaN	NaN	NaN	NaN	NaN	NaN	NaN	NaN	NaN	-0.005053	NaN	-0.069907	NaN	NaN	NaN	NaN	NaN	NaN	NaN	NaN	NaN	-0.032254	NaN	1.000000	NaN	NaN	NaN	NaN	NaN	NaN	NaN	NaN	NaN	NaN	NaN
https://2025storiza.michaelbennie.org/audio_clips/22.9_end_28.7_uid_THJAu4lbjHRa32ysgvSU3Etlb0d2_sid_QP6RR2aVPvPDSrDB99cc_1743032180.mp3	claire.kuntz,rose.m	-0.217986	0.739867	-0.164570	-0.185747	0.804296	NaN	NaN	NaN	NaN	NaN	-0.117139	-0.217986	1.000000	NaN	NaN	0.787914	NaN	NaN	NaN	NaN	NaN	-0.135414	NaN	NaN	NaN	NaN	NaN	NaN	NaN	NaN	NaN	NaN	NaN	NaN	NaN	NaN	NaN	NaN	NaN	NaN	NaN	NaN	NaN	NaN	NaN	NaN	NaN	NaN	NaN	NaN	NaN	NaN	-0.074219	NaN	NaN	NaN
https://2025storiza.michaelbennie.org/audio_clips/64.3_end_71.6_uid_u2hytH2KWIS6ewdShfEZisygqIo2_sid_JWzwJL0aqbRtvTCiTdCm_1743194311.mp3	claire.kuntz,emilianapulido	-0.217958	0.691386	0.411253	0.437302	0.572067	-0.165439	NaN	NaN	NaN	NaN	1.000000	0.428999	1.000000	NaN	-0.099541	0.569150	-0.217958	NaN	NaN	NaN	NaN	1.000000	NaN	NaN	NaN	NaN	NaN	NaN	-0.170722	NaN	NaN	NaN	NaN	NaN	NaN	NaN	NaN	NaN	NaN	NaN	NaN	NaN	NaN	NaN	NaN	NaN	NaN	NaN	NaN	NaN	NaN	1.000000	NaN	NaN	NaN	NaN
https://2025storiza.michaelbennie.org/audio_clips/0.6_end_13.8_uid_UHGZEyBQklbC0GB3JZMa5l8yuGT2_sid_sFplzUQKmShQqkvIAsGY_1742390340.mp3	benjaminmcneill,claire.kuntz	-0.213982	0.820374	0.583496	0.569568	1.000000	0.379448	NaN	NaN	NaN	NaN	0.631903	0.391356	1.000000	0.000000	0.383554	1.000000	1.000000	-0.064136	NaN	NaN	NaN	0.593042	NaN	NaN	NaN	NaN	NaN	NaN	NaN	0.414082	NaN	NaN	1.000000	-0.213982	NaN	NaN	NaN	NaN	NaN	NaN	NaN	NaN	NaN	NaN	NaN	NaN	NaN	NaN	NaN	NaN	1.000000	-0.035583	NaN	NaN	NaN	NaN
https://2025storiza.michaelbennie.org/audio_clips/50.1_end_80.5_uid_EOwDjm2STZfXSXQJzWXadFRGRzn1_sid_WEYdsWeS5fhAJrS4XVw0_1743029787.mp3	lamanjennifer,rose.m	-0.210447	0.634240	0.412694	0.419945	0.792979	-0.149347	-0.029019	NaN	NaN	0.469088	0.252466	0.310483	0.840040	0.611222	0.592750	0.788369	-0.210447	1.000000	NaN	NaN	0.467370	0.271529	0.581845	NaN	NaN	-0.016146	NaN	NaN	0.000000	NaN	NaN	-0.032934	-0.075579	NaN	NaN	NaN	NaN	-0.050066	NaN	NaN	NaN	NaN	NaN	NaN	NaN	NaN	0.454583	NaN	-0.106230	0.503381	0.000000	NaN	NaN	-0.010163	NaN	NaN
https://2025storiza.michaelbennie.org/audio_clips/158.5_end_177.3_uid_qgT735VZ7OPJmWzvIgZGZAchHgD2_sid_zc9v6xHGoOKKE84qe071_1741610746.mp3	benjaminmcneill,claire.kuntz	-0.209765	0.562392	0.491470	0.488728	-0.209765	0.672991	NaN	NaN	NaN	NaN	0.761970	0.514239	1.000000	-0.001799	0.675569	-0.142395	1.000000	-0.054582	NaN	NaN	NaN	0.692518	0.618552	NaN	NaN	NaN	NaN	NaN	1.000000	NaN	1.000000	0.591035	1.000000	NaN	NaN	NaN	NaN	NaN	NaN	NaN	NaN	NaN	NaN	NaN	NaN	NaN	NaN	NaN	NaN	NaN	1.000000	1.000000	0.649177	NaN	NaN	NaN
https://2025storiza.michaelbennie.org/audio_clips/22.8_end_26.9_uid_Om0JhZ6RmTNQ5wDLPHKIC3LtY4g2_sid_p6XNcnqG8pfuIOhP5p97_1742244670.mp3	claire.kuntz,rose.m	-0.207228	0.612068	0.152623	0.196892	0.821880	0.200169	NaN	NaN	NaN	NaN	NaN	0.258325	0.787129	-0.207228	0.189418	0.826268	0.518088	-0.110305	NaN	NaN	NaN	NaN	NaN	NaN	-0.022473	NaN	NaN	NaN	-0.088626	-0.114158	0.544902	NaN	-0.085883	0.999646	NaN	NaN	NaN	NaN	NaN	NaN	NaN	NaN	NaN	NaN	NaN	NaN	NaN	NaN	NaN	NaN	NaN	NaN	NaN	NaN	NaN	NaN
https://2025storiza.michaelbennie.org/audio_clips/44.8_end_49.4_uid_uJ59YClhDZUuJsN0vsDR1GRv6pu1_sid_l4KsF2Kn1Z5FS1xqlcev_1741229832.mp3	claire.kuntz,rose.m	-0.204033	0.816369	-0.204033	-0.111632	0.830438	-0.115135	NaN	NaN	NaN	NaN	NaN	-0.072071	1.000000	NaN	-0.096312	0.836219	-0.125857	NaN	NaN	NaN	NaN	NaN	NaN	NaN	NaN	NaN	NaN	NaN	NaN	NaN	NaN	NaN	-0.080089	NaN	NaN	NaN	NaN	NaN	NaN	NaN	NaN	NaN	NaN	NaN	NaN	NaN	NaN	NaN	NaN	NaN	NaN	NaN	NaN	NaN	NaN	NaN
https://2025storiza.michaelbennie.org/audio_clips/38.7_end_55.3_uid_eQ9VyOzVOCQWR7uTGBGzvfh3rUJ2_sid_BXMACxHtru85FV7B7SdW_1743022105.mp3	claire.kuntz,rose.m	-0.204025	0.913901	0.744766	0.736686	0.999606	0.634746	NaN	NaN	NaN	NaN	NaN	0.634053	0.999350	0.576885	0.639462	0.999603	0.998282	1.000000	NaN	NaN	NaN	NaN	NaN	NaN	NaN	-0.204025	NaN	-0.007781	1.000000	1.000000	0.994236	0.000000	0.648770	NaN	NaN	NaN	NaN	NaN	NaN	NaN	NaN	NaN	NaN	NaN	NaN	NaN	NaN	NaN	NaN	NaN	NaN	NaN	NaN	NaN	NaN	NaN
https://2025storiza.michaelbennie.org/audio_clips/70.0_end_78.6_uid_u2hytH2KWIS6ewdShfEZisygqIo2_sid_RxGwyd4cqfpuxwAp2VR4_1741140582.mp3	evanhalperin,rose.m	-0.203423	0.637718	0.140084	-0.102290	0.732787	-0.045512	NaN	NaN	NaN	NaN	-0.128545	-0.098266	0.999918	-0.055738	-0.079432	0.631790	-0.104861	-0.061838	NaN	NaN	NaN	-0.203423	NaN	1.000000	NaN	NaN	NaN	NaN	NaN	NaN	0.000000	NaN	-0.015393	NaN	NaN	NaN	NaN	NaN	NaN	NaN	NaN	NaN	NaN	NaN	NaN	NaN	NaN	NaN	NaN	NaN	NaN	NaN	-0.164280	NaN	NaN	NaN
https://2025storiza.michaelbennie.org/audio_clips/73.5_end_80.6_uid_FojhPyqH69TyqkGfzc6ZwW0tn2C2_sid_MZXCxGtW5st5dLkCO1q8_1741737208.mp3	claire.kuntz,rose.m	-0.202954	0.672674	0.151994	0.350354	0.627029	-0.050478	NaN	NaN	NaN	NaN	1.000000	0.346765	0.999890	NaN	-0.131875	0.627756	-0.202954	NaN	NaN	NaN	NaN	1.000000	NaN	-0.052765	NaN	NaN	NaN	NaN	NaN	NaN	-0.027098	NaN	-0.066393	NaN	NaN	NaN	NaN	NaN	NaN	NaN	NaN	NaN	NaN	NaN	NaN	NaN	NaN	NaN	NaN	NaN	NaN	1.000000	NaN	NaN	NaN	NaN
https://2025storiza.michaelbennie.org/audio_clips/54.9_end_62.8_uid_mHWscHBXcoabM7fdw88AliGuPWw1_sid_7uCDiTq1wssSMWEFdyG8_1742239940.mp3	claire.kuntz,rose.m	-0.200610	0.721695	0.491015	0.486252	0.565882	0.337318	-0.079265	NaN	NaN	NaN	0.343574	0.315529	1.000000	-0.037375	0.323603	0.613313	0.333218	-0.130203	NaN	NaN	NaN	1.000000	NaN	NaN	NaN	NaN	NaN	NaN	NaN	-0.200610	0.131939	0.234783	NaN	NaN	NaN	NaN	-0.048305	NaN	NaN	NaN	NaN	NaN	NaN	NaN	NaN	NaN	NaN	NaN	NaN	NaN	1.000000	-0.026104	-0.072155	NaN	NaN	NaN
https://2025storiza.michaelbennie.org/audio_clips/227.1_end_242.6_uid_1w0NU0CL8KMbltxDo7mrkTKhgpD2_sid_WVnogOLLKWsUpfSCUTYy_1742504172.mp3	claire.kuntz,rose.m	-0.200547	0.776794	0.580018	0.620102	0.888302	0.551493	NaN	0.695569	-0.013545	-0.200547	-0.013351	0.570443	0.885731	0.805759	0.544693	0.883108	0.655820	0.461262	0.679579	-0.015574	-0.177629	0.000000	NaN	0.000000	NaN	NaN	NaN	NaN	0.562740	-0.098065	0.405789	-0.004834	0.440366	-0.005027	NaN	NaN	NaN	NaN	NaN	NaN	NaN	0.629649	1.000000	NaN	-0.034857	NaN	NaN	-0.158923	NaN	NaN	0.000000	NaN	NaN	NaN	NaN	NaN
https://2025storiza.michaelbennie.org/audio_clips/39.5_end_50.3_uid_IGe7nmfoeKQG1oyWJEMIv6KIP5Q2_sid_OJ3hCvb3pokTxqbvhJuh_1742508917.mp3	emilianapulido,rose.m	-0.197701	0.583062	0.454674	0.463798	0.560941	0.668088	NaN	1.000000	NaN	NaN	0.762736	0.684097	0.881043	0.568595	0.714889	0.569931	0.799555	0.655956	1.000000	NaN	NaN	0.348216	NaN	0.000000	0.000000	NaN	NaN	NaN	0.999762	1.000000	NaN	NaN	-0.173365	-0.197701	-0.020515	NaN	NaN	NaN	NaN	NaN	NaN	1.000000	NaN	NaN	NaN	NaN	NaN	NaN	NaN	0.640029	0.999979	NaN	NaN	NaN	NaN	NaN
https://2025storiza.michaelbennie.org/audio_clips/5.1_end_8.5_uid_mHWscHBXcoabM7fdw88AliGuPWw1_sid_zNwobTQRQ5zMd2Rabg7s_1743380602.mp3	claire.kuntz,evanhalperin	-0.196968	0.644559	0.206600	0.262210	0.596924	0.218708	NaN	NaN	NaN	NaN	NaN	0.273241	0.999311	0.000000	0.289448	0.725122	0.613139	-0.040425	NaN	NaN	NaN	NaN	NaN	-0.196968	NaN	NaN	NaN	NaN	NaN	-0.031458	-0.084532	NaN	NaN	-0.025580	NaN	NaN	NaN	NaN	NaN	NaN	NaN	NaN	NaN	NaN	NaN	NaN	NaN	NaN	NaN	NaN	NaN	NaN	NaN	NaN	NaN	NaN
https://2025storiza.michaelbennie.org/audio_clips/56.1_end_63.8_uid_1w0NU0CL8KMbltxDo7mrkTKhgpD2_sid_PfrCS74Glv4OjfyMyKM8_1742503726.mp3	claire.kuntz,rose.m	-0.194368	0.813547	0.707458	0.702906	0.820635	0.538239	NaN	1.000000	NaN	NaN	0.059049	0.309234	0.909492	1.000000	0.544251	0.810670	0.767904	1.000000	1.000000	NaN	NaN	0.448779	NaN	NaN	NaN	NaN	NaN	NaN	-0.016943	0.949632	0.601381	0.575818	-0.050217	0.000000	NaN	NaN	NaN	NaN	NaN	NaN	1.000000	NaN	NaN	NaN	NaN	NaN	NaN	NaN	-0.037670	NaN	0.583889	NaN	-0.194368	NaN	NaN	NaN
https://2025storiza.michaelbennie.org/audio_clips/38.5_end_44.7_uid_EfKQNmht2ebtDnNadrezErlhcDF3_sid_QXLPyE3O9OLjhb4NwTVz_1741215060.mp3	claire.kuntz,rose.m	-0.194286	0.808512	0.163514	0.280787	0.874115	0.277347	NaN	NaN	NaN	NaN	NaN	0.255815	0.999519	-0.027296	0.253992	0.861390	0.591929	-0.046487	NaN	NaN	NaN	NaN	NaN	-0.032746	NaN	NaN	NaN	NaN	NaN	1.000000	NaN	-0.194286	-0.024308	NaN	NaN	NaN	NaN	NaN	NaN	NaN	NaN	NaN	NaN	NaN	NaN	NaN	NaN	NaN	NaN	NaN	NaN	NaN	NaN	NaN	NaN	NaN
https://2025storiza.michaelbennie.org/audio_clips/24.8_end_27.0_uid_sHl4il5Li8NKe5aMecUSJyXBFco2_sid_oLcyGGiO0bJZhCkDVMro_1743380548.mp3	claire.kuntz,emilianapulido	-0.191858	0.722282	-0.176837	NaN	0.740541	NaN	NaN	NaN	NaN	NaN	NaN	NaN	0.999338	NaN	NaN	0.670862	NaN	NaN	NaN	NaN	NaN	NaN	NaN	-0.191858	NaN	NaN	NaN	NaN	NaN	NaN	NaN	NaN	NaN	NaN	NaN	NaN	NaN	NaN	NaN	NaN	NaN	NaN	NaN	NaN	NaN	NaN	NaN	NaN	NaN	NaN	NaN	NaN	NaN	NaN	NaN	NaN
https://2025storiza.michaelbennie.org/audio_clips/272.5_end_320.9_uid_8AhIEcEU81Sn83Fyb0gnFvpiNij2_sid_uFpqxEWSmUluX0tQptOS_1742515199.mp3	claire.kuntz,emilianapulido	-0.188367	0.810168	0.598640	0.563025	0.870262	0.153894	NaN	1.000000	NaN	NaN	0.690595	0.430530	0.968157	1.000000	0.159542	0.908214	0.384629	NaN	1.000000	NaN	NaN	0.694941	NaN	0.000000	NaN	-0.049199	NaN	NaN	-0.098125	1.000000	0.396830	NaN	-0.188367	-0.121256	NaN	NaN	NaN	NaN	NaN	NaN	1.000000	NaN	NaN	NaN	NaN	NaN	NaN	NaN	0.368639	NaN	NaN	0.827483	1.000000	NaN	NaN	NaN
https://2025storiza.michaelbennie.org/audio_clips/47.0_end_53.8_uid_FUCVnaPJeyV5kzao6jmObtdzLUE2_sid_HqI34Zt3xx50DXYcXYaV_1742905562.mp3	landonturner,rose.m	-0.183931	0.792750	0.764330	0.769462	1.000000	-0.065993	NaN	0.471034	0.774166	0.197607	NaN	0.604749	0.853146	0.868577	0.613142	1.000000	-0.120739	NaN	1.000000	0.905548	0.584563	NaN	NaN	NaN	NaN	0.101602	NaN	NaN	-0.183931	-0.134520	-0.027619	-0.006637	NaN	NaN	NaN	NaN	NaN	NaN	NaN	NaN	0.000000	0.000000	NaN	NaN	0.792521	-0.075575	NaN	-0.163402	NaN	NaN	NaN	NaN	NaN	NaN	NaN	NaN
https://2025storiza.michaelbennie.org/audio_clips/44.7_end_49.8_uid_EOwDjm2STZfXSXQJzWXadFRGRzn1_sid_WEYdsWeS5fhAJrS4XVw0_1743029787.mp3	lamanjennifer,rose.m	-0.181926	0.699753	0.324741	0.286719	0.972289	0.181414	-0.025752	NaN	NaN	NaN	NaN	0.375751	0.982621	0.652679	0.652668	0.974219	0.558053	0.571893	NaN	NaN	NaN	NaN	NaN	NaN	NaN	NaN	NaN	NaN	NaN	-0.120735	-0.011439	-0.181926	NaN	NaN	NaN	NaN	NaN	0.000000	NaN	NaN	NaN	NaN	NaN	NaN	NaN	NaN	NaN	NaN	NaN	NaN	NaN	NaN	NaN	NaN	NaN	NaN
https://2025storiza.michaelbennie.org/audio_clips/13.9_end_21.7_uid_EfKQNmht2ebtDnNadrezErlhcDF3_sid_BYCoT5b02IreYi4dCGrh_1743544924.mp3	hamern,rose.m	-0.180291	0.635082	0.123708	0.131316	0.698772	-0.016167	NaN	NaN	NaN	NaN	0.151781	0.319064	0.998409	NaN	-0.012798	0.741426	-0.030816	NaN	NaN	NaN	NaN	-0.024940	NaN	-0.035247	NaN	NaN	NaN	NaN	NaN	NaN	NaN	NaN	NaN	-0.043909	NaN	NaN	NaN	NaN	NaN	NaN	NaN	NaN	NaN	NaN	NaN	NaN	NaN	NaN	0.999694	NaN	NaN	NaN	-0.180291	NaN	NaN	NaN
https://2025storiza.michaelbennie.org/audio_clips/25.1_end_38.5_uid_eQ9VyOzVOCQWR7uTGBGzvfh3rUJ2_sid_BXMACxHtru85FV7B7SdW_1743022105.mp3	claire.kuntz,rose.m	-0.179903	0.887954	0.713207	0.702609	0.857815	1.000000	NaN	NaN	NaN	NaN	0.329644	0.506080	0.996220	1.000000	1.000000	0.856063	1.000000	1.000000	NaN	NaN	NaN	0.729571	0.000000	NaN	NaN	NaN	NaN	NaN	1.000000	1.000000	NaN	NaN	NaN	NaN	NaN	NaN	NaN	NaN	NaN	NaN	NaN	NaN	NaN	NaN	NaN	NaN	NaN	NaN	NaN	NaN	NaN	0.626155	-0.179903	NaN	NaN	NaN
https://2025storiza.michaelbennie.org/audio_clips/187.6_end_218.3_uid_EOwDjm2STZfXSXQJzWXadFRGRzn1_sid_BiDUKuwjE2J9ApcRTnXa_1744069252.mp3	claire.kuntz,isabelapizarro	-0.179732	0.890959	0.644187	0.649933	1.000000	0.570291	NaN	NaN	NaN	NaN	0.477437	0.438955	0.906188	1.000000	0.780011	1.000000	0.771055	1.000000	NaN	NaN	NaN	0.438097	-0.179732	NaN	NaN	NaN	NaN	NaN	NaN	0.419638	0.638045	1.000000	NaN	NaN	NaN	NaN	NaN	NaN	NaN	NaN	NaN	NaN	NaN	NaN	NaN	NaN	NaN	NaN	NaN	NaN	0.429678	-0.168007	NaN	NaN	NaN	NaN
https://2025storiza.michaelbennie.org/audio_clips/70.6_end_75.4_uid_ejZWulX03uRlAA3C5VqYK6jKNYs1_sid_WmRXbqI5CWDvZvwjQQzO_1741134602.mp3	claire.kuntz,emilianapulido	-0.179329	0.536522	0.270510	0.733410	0.435054	0.285099	NaN	NaN	NaN	NaN	NaN	0.296007	1.000000	1.000000	0.281849	0.285050	0.726134	1.000000	NaN	NaN	NaN	NaN	NaN	-0.173509	NaN	NaN	NaN	NaN	1.000000	-0.179329	-0.012908	NaN	1.000000	-0.048365	NaN	NaN	NaN	NaN	NaN	NaN	NaN	NaN	NaN	NaN	NaN	NaN	NaN	NaN	NaN	NaN	NaN	NaN	NaN	NaN	NaN	NaN
https://2025storiza.michaelbennie.org/audio_clips/40.0_end_46.0_uid_ejZWulX03uRlAA3C5VqYK6jKNYs1_sid_P6kAd6A5SfFBLSW9pJpN_1741135137.mp3	claire.kuntz,evanhalperin	-0.178993	0.680374	0.697367	0.998384	-0.178993	NaN	NaN	NaN	NaN	NaN	1.000000	1.000000	0.999004	NaN	NaN	NaN	NaN	NaN	NaN	NaN	NaN	1.000000	0.998249	-0.144086	NaN	NaN	NaN	NaN	NaN	NaN	NaN	NaN	NaN	NaN	NaN	NaN	NaN	NaN	NaN	NaN	NaN	NaN	NaN	NaN	NaN	NaN	NaN	NaN	NaN	1.000000	NaN	NaN	NaN	NaN	NaN	NaN
https://2025storiza.michaelbennie.org/audio_clips/32.0_end_35.1_uid_EfKQNmht2ebtDnNadrezErlhcDF3_sid_WbzHVYfLznidwbd3NQZn_1743544365.mp3	claire.kuntz,lamanjennifer,rose.m	-0.178987	0.697712	0.300246	0.220213	0.856974	0.083583	NaN	NaN	NaN	NaN	-0.083530	0.227823	0.992493	-0.067063	0.097363	0.848230	0.341887	-0.102494	NaN	NaN	NaN	-0.178987	NaN	NaN	NaN	NaN	NaN	NaN	-0.143446	0.560459	0.593291	NaN	NaN	NaN	NaN	NaN	NaN	NaN	NaN	NaN	NaN	NaN	NaN	NaN	NaN	NaN	NaN	NaN	NaN	NaN	-0.086806	NaN	NaN	NaN	NaN	NaN
https://2025storiza.michaelbennie.org/audio_clips/33.0_end_60.5_uid_qgT735VZ7OPJmWzvIgZGZAchHgD2_sid_B9p55yYLzYNdFa85Sm0V_1741610314.mp3	claire.kuntz,isabelapizarro	-0.178796	0.789294	0.549722	0.540307	0.829858	0.463475	NaN	NaN	NaN	NaN	0.748172	0.508561	0.997839	1.000000	1.000000	0.826455	1.000000	1.000000	NaN	NaN	NaN	0.701389	-0.178796	NaN	NaN	NaN	NaN	NaN	0.639832	1.000000	0.000000	-0.125908	-0.018674	-0.038537	NaN	NaN	NaN	NaN	NaN	NaN	NaN	NaN	NaN	NaN	NaN	NaN	NaN	NaN	NaN	NaN	0.981713	0.972958	0.559197	NaN	NaN	NaN
https://2025storiza.michaelbennie.org/audio_clips/120.0_end_135.5_uid_qgT735VZ7OPJmWzvIgZGZAchHgD2_sid_B9p55yYLzYNdFa85Sm0V_1741610314.mp3	claire.kuntz,ghineae	-0.178225	0.632260	0.548708	0.554818	0.837563	0.461699	NaN	1.000000	NaN	NaN	0.440406	0.353199	0.888962	1.000000	0.596073	0.837120	0.954176	NaN	1.000000	NaN	NaN	0.700805	-0.161749	NaN	NaN	NaN	NaN	NaN	-0.077383	0.464702	0.810760	0.738534	0.000000	0.000000	NaN	NaN	NaN	NaN	NaN	NaN	NaN	NaN	1.000000	NaN	NaN	NaN	NaN	NaN	NaN	-0.001891	0.916632	0.531214	-0.178225	NaN	NaN	NaN
https://2025storiza.michaelbennie.org/audio_clips/54.2_end_65.5_uid_tHP0GvI5hccNGBzYfgE2pkEHXiW2_sid_yM1c099hRczoiHMmEqH2_1743456350.mp3	claire.kuntz,rose.m	-0.173826	0.638388	0.388059	0.366989	0.663559	-0.044949	NaN	NaN	NaN	NaN	-0.020831	0.163511	1.000000	NaN	-0.019510	0.651708	-0.051863	NaN	NaN	NaN	NaN	0.184136	1.000000	NaN	NaN	NaN	NaN	NaN	NaN	NaN	-0.054461	NaN	NaN	NaN	NaN	NaN	NaN	NaN	NaN	NaN	NaN	NaN	NaN	NaN	NaN	NaN	NaN	NaN	NaN	-0.019178	0.462711	1.000000	-0.173826	NaN	NaN	NaN
https://2025storiza.michaelbennie.org/audio_clips/40.9_end_54.1_uid_FUCVnaPJeyV5kzao6jmObtdzLUE2_sid_uEGWjuJKqljXyeCQVcjs_1742905123.mp3	lamanjennifer,rose.m	-0.173486	0.512361	0.345960	0.490030	0.529888	0.160519	-0.005886	-0.049847	0.000000	0.999720	-0.089396	0.327687	0.961739	0.677790	0.587575	0.443320	0.305536	0.832843	-0.056448	0.000000	0.999709	-0.109242	NaN	-0.173486	NaN	0.438104	NaN	NaN	0.472247	0.138829	-0.138933	-0.012629	-0.040330	-0.035655	NaN	NaN	NaN	-0.009754	-0.014767	NaN	-0.035967	NaN	NaN	NaN	0.000000	NaN	NaN	0.999708	NaN	NaN	NaN	NaN	-0.041598	NaN	NaN	NaN
https://2025storiza.michaelbennie.org/audio_clips/0.8_end_5.0_uid_mHWscHBXcoabM7fdw88AliGuPWw1_sid_zNwobTQRQ5zMd2Rabg7s_1743380602.mp3	evanhalperin,rose.m	-0.170962	0.439392	0.018952	-0.058231	0.324762	-0.154419	NaN	NaN	NaN	NaN	NaN	-0.105147	0.999987	0.000000	-0.043366	0.142185	-0.170962	0.000000	NaN	NaN	NaN	NaN	NaN	-0.162623	NaN	NaN	NaN	NaN	NaN	NaN	-0.083912	NaN	NaN	NaN	NaN	NaN	NaN	NaN	NaN	NaN	NaN	NaN	NaN	NaN	NaN	NaN	NaN	NaN	NaN	NaN	NaN	NaN	NaN	NaN	NaN	NaN
https://2025storiza.michaelbennie.org/audio_clips/8.4_end_15.0_uid_bKduvdIsrbbqPZ7Z3lCfQlF8WBn1_sid_ovCAh9sjAQskQ77u8T0v_1742517403.mp3	claire.kuntz,ghineae	-0.169674	0.717142	-0.134817	-0.089854	0.737210	-0.073810	NaN	NaN	NaN	NaN	-0.056971	-0.169674	1.000000	NaN	-0.041895	0.738840	-0.108029	NaN	NaN	NaN	NaN	-0.049609	NaN	NaN	NaN	NaN	NaN	NaN	NaN	NaN	-0.042714	NaN	NaN	NaN	NaN	NaN	NaN	NaN	NaN	NaN	NaN	NaN	NaN	NaN	NaN	NaN	NaN	NaN	NaN	NaN	NaN	NaN	-0.019743	NaN	NaN	NaN
https://2025storiza.michaelbennie.org/audio_clips/49.5_end_54.9_uid_eyem3EvRZrZsMzdS2HOEHLIsGTs1_sid_Gi6CTd0h6i7rPtveJk1O_1742516188.mp3	claire.kuntz,landonturner	-0.168188	0.854655	-0.080564	-0.138923	0.872604	-0.098674	NaN	-0.118945	NaN	NaN	NaN	-0.168188	0.998105	-0.125270	-0.049010	0.860502	-0.070469	NaN	-0.135528	NaN	NaN	NaN	NaN	NaN	NaN	NaN	NaN	NaN	NaN	NaN	-0.094828	NaN	NaN	NaN	NaN	NaN	NaN	NaN	NaN	NaN	-0.139057	NaN	NaN	NaN	NaN	NaN	NaN	NaN	NaN	NaN	NaN	NaN	NaN	NaN	NaN	NaN
https://2025storiza.michaelbennie.org/audio_clips/38.3_end_43.8_uid_Om0JhZ6RmTNQ5wDLPHKIC3LtY4g2_sid_U7uX4X90MbmmVfoqou8L_1741560506.mp3	claire.kuntz,landonturner	-0.167837	0.706099	0.148149	0.174905	0.750652	-0.138116	NaN	-0.032445	-0.002394	NaN	NaN	0.212010	0.941670	1.000000	-0.102587	0.732293	-0.147903	0.000000	-0.002741	-0.005113	NaN	NaN	NaN	0.000000	NaN	NaN	NaN	NaN	0.000000	NaN	-0.167837	-0.018123	NaN	0.000000	NaN	NaN	NaN	NaN	NaN	NaN	NaN	-0.019391	NaN	NaN	-0.011941	NaN	NaN	NaN	NaN	NaN	NaN	NaN	NaN	NaN	NaN	NaN
https://2025storiza.michaelbennie.org/audio_clips/34.2_end_44.3_uid_u2hytH2KWIS6ewdShfEZisygqIo2_sid_QzCLW5naFB7kEEygwpM4_1741483667.mp3	claire.kuntz,rose.m	-0.165632	0.925860	0.743080	0.737945	0.936859	0.647440	NaN	NaN	NaN	NaN	1.000000	0.731710	1.000000	NaN	0.645231	0.936661	0.642586	NaN	NaN	NaN	NaN	1.000000	NaN	NaN	NaN	NaN	NaN	NaN	-0.165632	NaN	1.000000	NaN	NaN	NaN	NaN	NaN	NaN	NaN	NaN	NaN	NaN	NaN	NaN	NaN	NaN	NaN	NaN	NaN	NaN	NaN	NaN	NaN	1.000000	NaN	NaN	NaN
https://2025storiza.michaelbennie.org/audio_clips/78.8_end_86.1_uid_u2hytH2KWIS6ewdShfEZisygqIo2_sid_uT0uMpgfuX83tNaCUSSQ_1741311801.mp3	claire.kuntz,landonturner	-0.163336	0.759301	0.529492	0.443502	0.761423	NaN	NaN	NaN	NaN	NaN	0.519219	0.549789	1.000000	NaN	NaN	0.734899	NaN	NaN	NaN	NaN	NaN	0.435113	NaN	NaN	NaN	NaN	NaN	NaN	NaN	NaN	NaN	NaN	NaN	NaN	NaN	NaN	NaN	NaN	NaN	NaN	NaN	NaN	NaN	NaN	NaN	NaN	NaN	NaN	NaN	NaN	NaN	1.000000	-0.163336	NaN	NaN	NaN
https://2025storiza.michaelbennie.org/audio_clips/0.0_end_4.3_uid_21Dw9jLeIqWjrAuRHI1RG1qPz853_sid_rdNZEManoTX8f0NWlSl6_1743199806.mp3	claire.kuntz,rose.m	-0.162983	0.633924	0.482781	0.462800	0.327539	1.000000	NaN	1.000000	NaN	NaN	0.492616	0.475569	1.000000	1.000000	1.000000	0.314014	1.000000	NaN	1.000000	NaN	NaN	0.352208	NaN	NaN	NaN	NaN	NaN	NaN	1.000000	NaN	NaN	NaN	NaN	NaN	NaN	NaN	NaN	NaN	NaN	NaN	NaN	1.000000	NaN	NaN	NaN	NaN	NaN	NaN	NaN	0.618027	1.000000	-0.162983	NaN	NaN	NaN	NaN
https://2025storiza.michaelbennie.org/audio_clips/25.7_end_34.3_uid_mHWscHBXcoabM7fdw88AliGuPWw1_sid_3dyK1DI6xciT4qlkUGa3_1741993316.mp3	claire.kuntz,emilianapulido	-0.162381	0.676458	0.372808	0.402980	0.578955	0.076472	NaN	NaN	NaN	NaN	1.000000	0.093844	0.998440	1.000000	0.232497	0.556577	0.270133	1.000000	NaN	NaN	NaN	1.000000	NaN	NaN	NaN	NaN	NaN	NaN	-0.100751	-0.014307	0.562787	0.637897	-0.162381	NaN	NaN	NaN	NaN	NaN	NaN	NaN	NaN	NaN	NaN	NaN	NaN	NaN	NaN	NaN	NaN	NaN	1.000000	NaN	1.000000	NaN	NaN	NaN
https://2025storiza.michaelbennie.org/audio_clips/29.3_end_35.1_uid_FUCVnaPJeyV5kzao6jmObtdzLUE2_sid_uEGWjuJKqljXyeCQVcjs_1742905123.mp3	lamanjennifer,rose.m	-0.160407	0.316102	0.272885	0.317686	0.165547	-0.007005	-0.063731	NaN	-0.098657	NaN	NaN	0.320281	0.216248	0.839240	0.128185	0.214145	-0.038076	-0.133661	NaN	-0.143102	NaN	NaN	NaN	-0.009969	NaN	0.041672	NaN	NaN	-0.013663	NaN	NaN	NaN	NaN	NaN	NaN	NaN	NaN	NaN	NaN	-0.160407	NaN	NaN	NaN	NaN	-0.120158	NaN	NaN	NaN	NaN	NaN	NaN	NaN	NaN	NaN	NaN	NaN
https://2025storiza.michaelbennie.org/audio_clips/13.9_end_18.9_uid_Gt0cspsUtRSvEXXHZKUWlVAfyVq2_sid_T60aXpcSfYeutkEUGFiG_1742062680.mp3	claire.kuntz,landonturner	-0.154151	0.584685	0.054713	0.046959	0.597802	-0.053697	NaN	NaN	NaN	NaN	0.164482	0.061494	0.999625	NaN	-0.065996	0.597009	-0.154151	NaN	NaN	NaN	NaN	0.389480	NaN	NaN	NaN	NaN	NaN	NaN	NaN	NaN	-0.152611	-0.028109	NaN	NaN	NaN	NaN	NaN	NaN	NaN	NaN	NaN	NaN	NaN	NaN	NaN	NaN	NaN	NaN	0.000000	-0.062445	-0.016898	NaN	NaN	NaN	NaN	NaN
https://2025storiza.michaelbennie.org/audio_clips/51.9_end_68.4_uid_eQ9VyOzVOCQWR7uTGBGzvfh3rUJ2_sid_a8eZ9XHvZdKivz3bFdHW_1743175416.mp3	claire.kuntz,emilianapulido	-0.153877	0.170675	0.024616	0.037190	0.338789	0.277602	NaN	-0.011283	-0.031798	NaN	-0.047998	0.019599	0.307089	-0.126068	0.109014	0.329860	0.191934	-0.136686	0.000000	-0.049815	NaN	-0.076466	NaN	NaN	NaN	NaN	NaN	NaN	0.440941	0.230089	-0.038808	-0.016441	0.420778	1.000000	NaN	NaN	NaN	NaN	NaN	NaN	NaN	0.000000	NaN	NaN	-0.031615	NaN	NaN	NaN	-0.114455	NaN	NaN	-0.153877	-0.151362	NaN	NaN	NaN
https://2025storiza.michaelbennie.org/audio_clips/50.6_end_65.3_uid_ihIoefKsGwTDai7fGs9x3DyNvju2_sid_rBoEZIAOq8OfRMrXzXC8_1743076731.mp3	claire.kuntz,rose.m	-0.153240	0.933595	0.894443	0.897630	1.000000	0.794016	NaN	NaN	NaN	NaN	NaN	0.789918	1.000000	0.895129	0.622332	1.000000	1.000000	1.000000	NaN	NaN	NaN	NaN	NaN	NaN	NaN	-0.153240	NaN	0.862837	1.000000	0.726153	1.000000	NaN	1.000000	1.000000	1.000000	NaN	NaN	NaN	NaN	NaN	NaN	NaN	NaN	NaN	NaN	NaN	NaN	NaN	NaN	NaN	NaN	NaN	NaN	NaN	NaN	NaN
https://2025storiza.michaelbennie.org/audio_clips/256.2_end_277.9_uid_IGe7nmfoeKQG1oyWJEMIv6KIP5Q2_sid_OJ3hCvb3pokTxqbvhJuh_1742508917.mp3	emilianapulido,rose.m	-0.152383	0.804556	0.589662	0.581631	0.881587	0.441308	NaN	-0.015852	NaN	NaN	0.854571	0.795855	0.959909	-0.020496	0.216737	0.938157	0.436440	-0.005424	-0.041804	NaN	NaN	0.840889	-0.120487	-0.002880	NaN	-0.021550	NaN	NaN	NaN	NaN	-0.152383	0.616013	NaN	NaN	NaN	NaN	NaN	NaN	NaN	NaN	0.000000	NaN	NaN	NaN	NaN	NaN	NaN	NaN	NaN	0.981865	0.605778	NaN	NaN	NaN	NaN	NaN
https://2025storiza.michaelbennie.org/audio_clips/190.9_end_203.7_uid_IGe7nmfoeKQG1oyWJEMIv6KIP5Q2_sid_OJ3hCvb3pokTxqbvhJuh_1742508917.mp3	emilianapulido,rose.m	-0.152340	0.791953	-0.124236	-0.152340	0.923065	-0.028334	NaN	-0.016752	NaN	NaN	NaN	-0.022785	0.995666	-0.035648	-0.014755	0.927974	-0.018223	NaN	-0.017005	NaN	NaN	-0.075548	NaN	NaN	NaN	0.000000	NaN	NaN	NaN	NaN	NaN	NaN	-0.043096	-0.027655	NaN	NaN	NaN	NaN	NaN	NaN	NaN	NaN	-0.031828	NaN	NaN	NaN	NaN	NaN	NaN	NaN	NaN	NaN	NaN	NaN	NaN	NaN
https://2025storiza.michaelbennie.org/audio_clips/40.1_end_49.1_uid_ECPqsmdUcMhqkJwXAfhhs3XTgoa2_sid_ad4vlPTbFapt9rOhL5sG_1742508027.mp3	lamanjennifer,rose.m	-0.150051	0.677242	0.486535	0.508550	0.637384	0.543151	NaN	NaN	-0.048126	-0.011400	0.378970	0.420457	0.949326	0.479823	0.408203	0.654338	0.741739	NaN	NaN	-0.006140	-0.031591	0.368766	NaN	-0.086136	NaN	NaN	NaN	NaN	0.583590	NaN	-0.150051	NaN	NaN	NaN	NaN	NaN	NaN	NaN	NaN	NaN	NaN	NaN	NaN	NaN	0.000000	NaN	-0.011959	NaN	NaN	-0.007019	-0.007705	NaN	0.999311	NaN	NaN	NaN
https://2025storiza.michaelbennie.org/audio_clips/93.6_end_98.6_uid_FUCVnaPJeyV5kzao6jmObtdzLUE2_sid_HqI34Zt3xx50DXYcXYaV_1742905562.mp3	claire.kuntz,rose.m	-0.149670	0.807498	-0.129305	-0.149670	0.790240	-0.104906	NaN	NaN	NaN	NaN	NaN	-0.065926	1.000000	NaN	-0.087365	0.781459	-0.126940	NaN	NaN	NaN	NaN	NaN	NaN	NaN	NaN	NaN	NaN	NaN	NaN	-0.110258	NaN	NaN	NaN	NaN	NaN	NaN	NaN	NaN	NaN	NaN	NaN	NaN	NaN	NaN	NaN	NaN	NaN	NaN	NaN	NaN	NaN	NaN	NaN	NaN	NaN	NaN
https://2025storiza.michaelbennie.org/audio_clips/35.7_end_46.3_uid_UHGZEyBQklbC0GB3JZMa5l8yuGT2_sid_4y1VwSYnYR9RhUNvbxe9_1741461587.mp3	claire.kuntz,landonturner	-0.148485	0.716119	0.393687	0.371922	0.829082	0.329295	NaN	NaN	NaN	NaN	0.172300	0.254657	0.922344	NaN	0.533724	0.827491	0.741489	NaN	NaN	NaN	NaN	0.403773	NaN	NaN	NaN	NaN	NaN	NaN	-0.031089	0.744818	0.995932	-0.111825	NaN	NaN	NaN	NaN	NaN	NaN	NaN	NaN	NaN	NaN	NaN	NaN	NaN	NaN	NaN	NaN	-0.024202	NaN	-0.148485	0.999415	-0.016702	NaN	NaN	NaN
https://2025storiza.michaelbennie.org/audio_clips/35.5_end_39.8_uid_EfKQNmht2ebtDnNadrezErlhcDF3_sid_WbzHVYfLznidwbd3NQZn_1743544365.mp3	claire.kuntz,emilianapulido	-0.147086	0.870646	-0.139204	-0.050686	0.862722	NaN	NaN	NaN	NaN	NaN	-0.036828	-0.147086	0.999667	NaN	NaN	0.864351	NaN	NaN	NaN	NaN	NaN	-0.068716	NaN	NaN	NaN	NaN	NaN	NaN	NaN	NaN	NaN	NaN	NaN	NaN	NaN	NaN	NaN	NaN	NaN	NaN	NaN	NaN	NaN	NaN	NaN	NaN	NaN	NaN	NaN	NaN	NaN	NaN	-0.047070	NaN	NaN	NaN
https://2025storiza.michaelbennie.org/audio_clips/42.8_end_56.2_uid_uJ59YClhDZUuJsN0vsDR1GRv6pu1_sid_k9imYdOEGdX5jWuxNPba_1741229297.mp3	claire.kuntz,rose.m	-0.146986	0.795513	0.571169	0.572896	0.692522	0.137763	NaN	NaN	NaN	NaN	0.560028	0.340821	0.998837	NaN	0.141553	0.675189	0.349574	NaN	NaN	NaN	NaN	0.646240	NaN	NaN	NaN	NaN	NaN	NaN	-0.109096	NaN	1.000000	1.000000	NaN	NaN	NaN	NaN	NaN	NaN	NaN	NaN	NaN	NaN	NaN	NaN	NaN	NaN	NaN	NaN	1.000000	-0.146986	0.338226	NaN	NaN	NaN	NaN	NaN
https://2025storiza.michaelbennie.org/audio_clips/1.5_end_3.8_uid_ihIoefKsGwTDai7fGs9x3DyNvju2_sid_rBoEZIAOq8OfRMrXzXC8_1743076731.mp3	claire.kuntz,evanhalperin	-0.145977	0.585932	0.322265	0.720479	0.569520	0.693951	NaN	1.000000	NaN	NaN	NaN	0.722011	1.000000	1.000000	1.000000	0.349272	1.000000	0.617603	1.000000	NaN	NaN	NaN	NaN	-0.145977	NaN	NaN	NaN	NaN	-0.049743	1.000000	1.000000	NaN	1.000000	1.000000	NaN	NaN	NaN	NaN	NaN	NaN	1.000000	NaN	NaN	NaN	NaN	NaN	NaN	NaN	NaN	NaN	NaN	NaN	NaN	NaN	NaN	NaN
https://2025storiza.michaelbennie.org/audio_clips/13.2_end_18.0_uid_sHl4il5Li8NKe5aMecUSJyXBFco2_sid_oLcyGGiO0bJZhCkDVMro_1743380548.mp3	claire.kuntz,emilianapulido	-0.145591	0.559572	0.192935	0.637310	0.607853	0.355581	NaN	-0.045775	NaN	NaN	NaN	0.378879	0.998990	0.658408	0.687410	0.490910	0.996363	0.607734	-0.056128	NaN	NaN	NaN	NaN	-0.145591	NaN	NaN	NaN	NaN	0.996473	0.996444	0.577866	NaN	0.529375	-0.018820	NaN	NaN	NaN	NaN	NaN	NaN	-0.021947	NaN	NaN	NaN	NaN	NaN	NaN	NaN	NaN	NaN	NaN	NaN	NaN	NaN	NaN	NaN
https://2025storiza.michaelbennie.org/audio_clips/256.5_end_277.0_uid_u2hytH2KWIS6ewdShfEZisygqIo2_sid_QzCLW5naFB7kEEygwpM4_1741483667.mp3	claire.kuntz,rose.m	-0.144357	0.890446	0.712895	0.722484	0.874086	0.262121	NaN	NaN	NaN	NaN	0.836379	0.371416	0.999597	NaN	0.426537	0.866623	0.552175	NaN	NaN	NaN	NaN	1.000000	NaN	NaN	NaN	NaN	NaN	NaN	-0.144357	-0.048210	1.000000	-0.015541	NaN	-0.098334	NaN	NaN	NaN	NaN	NaN	NaN	NaN	NaN	NaN	NaN	NaN	NaN	NaN	NaN	-0.107912	1.000000	1.000000	1.000000	0.555705	NaN	NaN	NaN
https://2025storiza.michaelbennie.org/audio_clips/48.9_end_56.5_uid_ihIoefKsGwTDai7fGs9x3DyNvju2_sid_mLjeGrzVDNtFXM1YsYJh_1742504093.mp3	claire.kuntz,rose.m	-0.143732	0.830102	0.553138	0.557791	0.881475	-0.076842	NaN	NaN	NaN	NaN	0.718717	0.569381	0.918952	0.000000	-0.107340	0.889430	-0.143732	-0.013279	NaN	NaN	NaN	1.000000	NaN	NaN	NaN	NaN	NaN	NaN	-0.126221	-0.018578	-0.030942	NaN	NaN	NaN	NaN	NaN	NaN	NaN	NaN	NaN	NaN	NaN	NaN	NaN	NaN	NaN	NaN	NaN	NaN	0.000000	-0.011699	NaN	NaN	1.000000	NaN	NaN
https://2025storiza.michaelbennie.org/audio_clips/77.1_end_83.9_uid_eQ9VyOzVOCQWR7uTGBGzvfh3rUJ2_sid_i8ZL8hdudVu5SxNk90X4_1743022443.mp3	claire.kuntz,evanhalperin	-0.141264	0.659381	0.499277	0.493996	0.853818	0.258074	NaN	-0.097842	1.000000	NaN	0.327155	0.331258	0.884292	0.600211	0.610574	0.858921	0.584174	-0.024545	-0.073060	1.000000	NaN	0.935301	NaN	NaN	NaN	NaN	NaN	NaN	NaN	-0.068038	0.584553	NaN	NaN	-0.027075	NaN	NaN	NaN	NaN	NaN	NaN	NaN	-0.066413	NaN	NaN	1.000000	NaN	NaN	NaN	-0.055739	NaN	-0.141264	NaN	-0.032954	-0.024103	NaN	NaN
https://2025storiza.michaelbennie.org/audio_clips/62.2_end_85.5_uid_TQTGm3pFYchsl1S1E0j0Pz15qno1_sid_7SHXQ4irDDmOvLPgsKxh_1741139454.mp3	evanhalperin,rose.m	-0.139322	0.931445	0.647880	0.641623	1.000000	0.238084	NaN	NaN	NaN	NaN	-0.011063	0.306821	0.943286	1.000000	0.264096	1.000000	1.000000	1.000000	NaN	NaN	NaN	0.000000	0.000000	NaN	NaN	NaN	NaN	NaN	1.000000	-0.079393	-0.139322	NaN	NaN	NaN	NaN	NaN	NaN	NaN	NaN	NaN	NaN	NaN	NaN	NaN	NaN	NaN	NaN	NaN	NaN	NaN	-0.004450	-0.004155	NaN	NaN	NaN	NaN
https://2025storiza.michaelbennie.org/audio_clips/26.9_end_43.1_uid_mHWscHBXcoabM7fdw88AliGuPWw1_sid_lz3I7DDQoORrxWnoDM8h_1741216155.mp3	claire.kuntz,rose.m	-0.138013	0.740006	0.578996	0.590568	0.806746	0.641679	NaN	-0.060631	NaN	NaN	0.653159	0.598305	0.996959	0.301058	0.528293	0.812523	0.697620	0.336237	-0.138013	NaN	NaN	0.711896	NaN	NaN	NaN	NaN	NaN	NaN	0.717014	0.660070	-0.054983	-0.048472	0.770143	0.516145	NaN	NaN	NaN	NaN	NaN	NaN	-0.024250	NaN	-0.005655	NaN	NaN	NaN	NaN	NaN	NaN	0.832311	0.709946	1.000000	-0.039721	NaN	NaN	NaN
https://2025storiza.michaelbennie.org/audio_clips/114.3_end_137.1_uid_IGe7nmfoeKQG1oyWJEMIv6KIP5Q2_sid_OJ3hCvb3pokTxqbvhJuh_1742508917.mp3	emilianapulido,rose.m	-0.137772	0.441785	0.088625	0.118047	0.692521	0.640301	NaN	NaN	NaN	NaN	0.505585	0.348133	0.980909	0.190693	0.711063	0.667761	0.637041	0.633795	NaN	NaN	NaN	0.239579	NaN	0.000000	NaN	-0.137772	NaN	0.000000	0.600737	-0.031083	NaN	NaN	NaN	NaN	NaN	NaN	NaN	NaN	NaN	NaN	NaN	NaN	NaN	NaN	NaN	NaN	NaN	NaN	NaN	NaN	0.979335	NaN	-0.032630	-0.032234	NaN	NaN
https://2025storiza.michaelbennie.org/audio_clips/60.3_end_64.2_uid_mHWscHBXcoabM7fdw88AliGuPWw1_sid_J17TeyjOef2geydR6U4o_1742933737.mp3	benjaminmcneill,claire.kuntz	-0.136017	0.487872	0.134552	0.040680	0.443782	-0.136017	NaN	NaN	NaN	NaN	-0.058075	-0.081963	0.999565	NaN	-0.125838	0.447957	0.050016	NaN	NaN	NaN	NaN	-0.062425	NaN	NaN	NaN	NaN	NaN	NaN	0.098330	NaN	-0.048004	NaN	-0.016850	NaN	NaN	NaN	NaN	NaN	NaN	NaN	NaN	NaN	NaN	NaN	NaN	NaN	NaN	NaN	NaN	NaN	NaN	NaN	-0.123577	NaN	NaN	NaN
https://2025storiza.michaelbennie.org/audio_clips/20.7_end_27.8_uid_eQ9VyOzVOCQWR7uTGBGzvfh3rUJ2_sid_i8ZL8hdudVu5SxNk90X4_1743022443.mp3	claire.kuntz,evanhalperin	-0.135899	0.786095	0.603214	0.606763	1.000000	0.553018	NaN	NaN	NaN	NaN	-0.067360	0.543368	1.000000	0.634649	0.534547	1.000000	0.755811	0.594732	NaN	NaN	NaN	-0.135899	-0.029813	NaN	NaN	NaN	NaN	NaN	-0.111983	0.580119	-0.128547	-0.050348	1.000000	-0.098141	NaN	NaN	NaN	NaN	NaN	NaN	NaN	NaN	NaN	NaN	NaN	NaN	NaN	NaN	NaN	NaN	-0.111682	NaN	NaN	NaN	NaN	NaN
https://2025storiza.michaelbennie.org/audio_clips/113.6_end_120.8_uid_ukKF4sCANzgmD16fyjMyO7VwR2A2_sid_wa5NwUIJNWo3U9ToZEHp_1743039412.mp3	benjaminmcneill,claire.kuntz	-0.130414	0.914387	0.639619	0.617432	0.919283	0.636149	NaN	NaN	NaN	NaN	NaN	0.650086	1.000000	NaN	0.653886	0.919262	0.615440	NaN	NaN	NaN	NaN	NaN	NaN	NaN	NaN	NaN	NaN	NaN	-0.130414	NaN	1.000000	NaN	NaN	NaN	NaN	NaN	NaN	NaN	NaN	NaN	NaN	NaN	NaN	NaN	NaN	NaN	NaN	NaN	NaN	NaN	NaN	NaN	NaN	NaN	NaN	NaN
https://2025storiza.michaelbennie.org/audio_clips/102.1_end_109.1_uid_0FdMSMtn95PJ9tLFeW3F4sFLPMh1_sid_I3zB5EN064Hgyj1wYaJb_1743128471.mp3	claire.kuntz,ghineae	-0.129464	0.688980	0.324618	0.369267	0.700796	0.323513	NaN	1.000000	NaN	NaN	-0.061123	0.152001	0.999989	0.276746	0.352258	0.704835	0.440303	1.000000	1.000000	NaN	NaN	-0.113794	NaN	-0.014002	NaN	NaN	NaN	NaN	NaN	0.241944	0.530620	NaN	NaN	NaN	NaN	NaN	NaN	NaN	NaN	NaN	1.000000	NaN	NaN	NaN	NaN	NaN	NaN	NaN	NaN	NaN	NaN	NaN	-0.129464	NaN	NaN	NaN
https://2025storiza.michaelbennie.org/audio_clips/22.4_end_39.2_uid_TzE1wYChYkTUAVNeVtZjXuO8cBi2_sid_xVtZiYDJKDrpbrcttqPg_1743434705.mp3	evanhalperin,rose.m	-0.129408	0.504207	0.238080	0.329305	0.859092	0.650735	NaN	NaN	NaN	NaN	0.692910	0.785791	0.983800	1.000000	0.643873	0.998717	0.656516	1.000000	NaN	NaN	NaN	0.247556	NaN	-0.010445	NaN	-0.129408	NaN	NaN	NaN	0.639238	-0.016277	NaN	NaN	NaN	NaN	NaN	NaN	NaN	NaN	NaN	NaN	NaN	NaN	NaN	NaN	NaN	NaN	NaN	0.000000	0.952825	NaN	NaN	NaN	NaN	NaN	NaN
https://2025storiza.michaelbennie.org/audio_clips/32.1_end_35.2_uid_ejZWulX03uRlAA3C5VqYK6jKNYs1_sid_jGy3WfcxdVQLXa94QWkg_1741212613.mp3	claire.kuntz,rose.m	-0.127504	0.734451	0.316413	0.339417	1.000000	0.551398	NaN	-0.036919	NaN	NaN	0.580651	0.339072	1.000000	-0.054152	0.572897	1.000000	0.548114	NaN	-0.031017	NaN	NaN	0.534784	NaN	NaN	NaN	NaN	NaN	NaN	-0.127504	NaN	1.000000	NaN	NaN	NaN	NaN	NaN	NaN	NaN	NaN	NaN	-0.043233	NaN	NaN	NaN	NaN	NaN	NaN	NaN	NaN	NaN	1.000000	-0.040479	NaN	NaN	NaN	NaN
https://2025storiza.michaelbennie.org/audio_clips/1.6_end_18.1_uid_mHWscHBXcoabM7fdw88AliGuPWw1_sid_xP4niRrD0ao43XC2XX2t_1742240559.mp3	benjaminmcneill,claire.kuntz	-0.126693	0.803028	0.612867	0.618903	0.930337	0.427247	NaN	-0.014819	NaN	-0.075498	0.665558	0.492120	1.000000	-0.067868	0.267402	0.932754	0.576562	NaN	0.000000	NaN	-0.056005	0.855537	NaN	NaN	NaN	NaN	NaN	NaN	-0.126693	1.000000	0.634541	NaN	1.000000	1.000000	NaN	NaN	NaN	NaN	NaN	NaN	-0.016517	NaN	NaN	NaN	NaN	-0.039027	NaN	NaN	-0.042731	0.788285	-0.013173	1.000000	1.000000	NaN	NaN	NaN
https://2025storiza.michaelbennie.org/audio_clips/38.2_end_45.9_uid_Om0JhZ6RmTNQ5wDLPHKIC3LtY4g2_sid_4SyoJ5neD3pBMkPc5e6V_1741219404.mp3	claire.kuntz,emilianapulido	-0.126642	0.632521	0.407583	1.000000	0.562518	0.285404	NaN	NaN	NaN	NaN	NaN	0.230357	0.888227	-0.004526	0.361516	0.504401	1.000000	NaN	NaN	NaN	NaN	NaN	NaN	-0.126642	-0.027987	NaN	NaN	NaN	-0.029827	1.000000	-0.011619	NaN	NaN	-0.053549	NaN	NaN	NaN	NaN	NaN	NaN	NaN	NaN	NaN	NaN	NaN	NaN	NaN	NaN	NaN	NaN	NaN	NaN	NaN	NaN	NaN	NaN
https://2025storiza.michaelbennie.org/audio_clips/33.9_end_37.8_uid_ECPqsmdUcMhqkJwXAfhhs3XTgoa2_sid_Yk8oZKJauqjoxKGql8it_1742507735.mp3	claire.kuntz,rose.m	-0.126366	0.697040	0.115190	-0.116802	0.668607	-0.057678	NaN	NaN	NaN	NaN	NaN	-0.072329	0.942970	-0.001130	0.186208	0.716896	-0.091358	NaN	NaN	NaN	NaN	NaN	NaN	-0.014081	-0.012246	NaN	NaN	NaN	-0.061856	-0.126366	NaN	NaN	NaN	NaN	NaN	NaN	NaN	NaN	NaN	NaN	NaN	NaN	NaN	NaN	NaN	NaN	NaN	NaN	NaN	NaN	NaN	NaN	NaN	NaN	NaN	NaN
https://2025storiza.michaelbennie.org/audio_clips/79.4_end_99.1_uid_TzE1wYChYkTUAVNeVtZjXuO8cBi2_sid_xVtZiYDJKDrpbrcttqPg_1743434705.mp3	claire.kuntz,evanhalperin,rose.m	-0.125987	0.666978	0.271563	0.244546	0.893183	0.438387	-0.017206	NaN	NaN	NaN	0.341922	0.268840	0.886444	-0.027004	0.627939	0.894692	0.626959	-0.018509	NaN	NaN	NaN	0.496880	-0.023763	NaN	NaN	NaN	NaN	NaN	-0.063337	NaN	NaN	NaN	-0.042661	NaN	NaN	-0.012951	NaN	NaN	NaN	NaN	NaN	NaN	NaN	NaN	NaN	NaN	NaN	NaN	NaN	NaN	0.618903	0.653466	-0.125987	NaN	NaN	NaN
https://2025storiza.michaelbennie.org/audio_clips/24.8_end_38.2_uid_tHP0GvI5hccNGBzYfgE2pkEHXiW2_sid_p6cLdVe7UtbfmSNky9ER_1743455830.mp3	emilianapulido,rose.m	-0.123949	0.535042	-0.020117	-0.063545	0.574349	-0.074763	NaN	NaN	-0.123949	NaN	0.096352	0.104202	0.919179	-0.109890	-0.029062	0.579607	-0.089633	NaN	NaN	-0.086898	NaN	0.010922	NaN	NaN	NaN	NaN	NaN	NaN	-0.045355	-0.064209	-0.086644	NaN	NaN	NaN	NaN	NaN	NaN	NaN	NaN	NaN	NaN	NaN	NaN	NaN	-0.076180	NaN	NaN	NaN	NaN	0.000000	-0.072483	NaN	0.433374	NaN	NaN	NaN
https://2025storiza.michaelbennie.org/audio_clips/9.8_end_14.9_uid_ihIoefKsGwTDai7fGs9x3DyNvju2_sid_10xCCcbdjIomuhvXNQHm_1743725869.mp3	benjaminmcneill,claire.kuntz	-0.122948	0.904733	0.582540	1.000000	0.890960	0.184491	NaN	NaN	NaN	NaN	NaN	0.190168	1.000000	NaN	0.175118	0.865740	1.000000	NaN	NaN	NaN	NaN	NaN	NaN	-0.016944	NaN	NaN	NaN	NaN	-0.105367	-0.122948	1.000000	NaN	NaN	NaN	NaN	NaN	NaN	NaN	NaN	NaN	NaN	NaN	NaN	NaN	NaN	NaN	NaN	NaN	NaN	NaN	NaN	NaN	NaN	NaN	NaN	NaN
https://2025storiza.michaelbennie.org/audio_clips/59.3_end_85.0_uid_4w6SC0KmlKV4YmJTalgWiZalQHi2_sid_WFBJxSGh2uCXWoF0Nr92_1742511762.mp3	evanhalperin,rose.m	-0.122383	0.786685	0.398644	0.244603	0.885588	-0.039620	NaN	-0.023310	NaN	NaN	0.109314	0.054779	0.940773	-0.010956	-0.048369	0.872505	-0.108960	NaN	-0.038984	NaN	NaN	0.540801	NaN	0.659652	NaN	NaN	NaN	NaN	NaN	NaN	-0.010939	NaN	-0.031537	NaN	NaN	NaN	NaN	NaN	NaN	NaN	-0.009504	NaN	NaN	NaN	NaN	NaN	NaN	NaN	-0.122383	NaN	0.443682	NaN	-0.050515	NaN	NaN	NaN
https://2025storiza.michaelbennie.org/audio_clips/57.4_end_60.6_uid_jWPmLFrSHDZItPTjjPUB8KAsjlq2_sid_KwJDkE9pDbyU8dxYMmnt_1742046826.mp3	claire.kuntz,emilianapulido	-0.122224	0.492537	-0.021434	0.284222	0.591434	0.289277	NaN	-0.078196	NaN	NaN	NaN	0.179124	0.992182	1.000000	0.171421	0.424142	1.000000	1.000000	-0.046442	NaN	NaN	NaN	NaN	-0.122224	NaN	NaN	NaN	NaN	-0.114507	NaN	NaN	NaN	NaN	1.000000	NaN	NaN	NaN	NaN	NaN	NaN	NaN	-0.068087	NaN	NaN	NaN	NaN	NaN	NaN	NaN	NaN	NaN	NaN	NaN	NaN	NaN	NaN
https://2025storiza.michaelbennie.org/audio_clips/60.5_end_73.1_uid_ihIoefKsGwTDai7fGs9x3DyNvju2_sid_7NWbCDabsGlPeGozMkbD_1742504373.mp3	claire.kuntz,evanhalperin	-0.121323	0.797118	0.583762	0.573766	0.873186	0.124682	NaN	NaN	-0.021381	NaN	0.838176	0.582007	0.920438	1.000000	0.114735	0.876505	0.345758	-0.021542	NaN	0.000000	NaN	0.832841	0.000000	NaN	NaN	NaN	NaN	NaN	-0.072442	NaN	-0.025529	-0.013287	-0.121323	NaN	NaN	NaN	NaN	NaN	NaN	NaN	NaN	NaN	NaN	NaN	-0.013164	NaN	NaN	NaN	NaN	1.000000	1.000000	0.000000	NaN	NaN	NaN	NaN
https://2025storiza.michaelbennie.org/audio_clips/43.6_end_46.7_uid_sHl4il5Li8NKe5aMecUSJyXBFco2_sid_mg0Ugb9lQpWp0xhWl9aX_1742740162.mp3	benjaminmcneill,claire.kuntz	-0.121105	0.718662	-0.064521	-0.012002	0.691142	-0.025244	NaN	NaN	NaN	NaN	NaN	-0.021037	1.000000	NaN	-0.032690	0.628352	-0.027868	NaN	NaN	NaN	NaN	NaN	NaN	-0.121105	NaN	NaN	NaN	NaN	NaN	NaN	NaN	NaN	NaN	-0.008733	NaN	NaN	NaN	NaN	NaN	NaN	NaN	NaN	NaN	NaN	NaN	NaN	NaN	NaN	NaN	NaN	NaN	NaN	NaN	NaN	NaN	NaN
https://2025storiza.michaelbennie.org/audio_clips/1.6_end_15.5_uid_mHWscHBXcoabM7fdw88AliGuPWw1_sid_TimeuyvM8OW2QTrM03GC_1741215243.mp3	claire.kuntz,landonturner	-0.120888	0.866775	0.467773	0.502001	0.927340	0.318287	NaN	NaN	NaN	NaN	0.230758	0.335374	1.000000	NaN	0.530907	0.925900	0.736419	NaN	NaN	NaN	NaN	0.587106	NaN	NaN	NaN	NaN	NaN	NaN	NaN	1.000000	-0.069872	-0.087845	NaN	NaN	NaN	NaN	NaN	NaN	NaN	NaN	NaN	NaN	NaN	NaN	NaN	NaN	NaN	NaN	-0.022498	NaN	-0.120888	NaN	NaN	NaN	NaN	NaN
https://2025storiza.michaelbennie.org/audio_clips/15.2_end_50.3_uid_Sn3Nw7A3OmOkiMXEFjEyRusLuuo2_sid_caRe3xv2JyxYcZYLHwBs_1741736883.mp3	benjaminmcneill,claire.kuntz	-0.118671	0.698183	0.459412	0.442315	0.731851	0.406373	NaN	-0.016917	NaN	NaN	0.201502	0.276361	1.000000	0.589529	0.522361	0.730829	0.866500	1.000000	0.000000	NaN	NaN	0.398736	NaN	NaN	NaN	NaN	NaN	0.000000	0.365429	1.000000	1.000000	NaN	0.484119	0.453705	NaN	NaN	NaN	NaN	NaN	NaN	NaN	0.000000	NaN	NaN	NaN	NaN	NaN	NaN	NaN	NaN	1.000000	-0.070101	-0.118671	NaN	NaN	-0.013637
https://2025storiza.michaelbennie.org/audio_clips/62.7_end_73.4_uid_FojhPyqH69TyqkGfzc6ZwW0tn2C2_sid_MZXCxGtW5st5dLkCO1q8_1741737208.mp3	claire.kuntz,rose.m	-0.118381	0.759432	0.230190	0.474479	0.771991	0.210560	NaN	NaN	NaN	NaN	NaN	0.193390	0.999972	1.000000	0.178996	0.729843	0.415230	1.000000	NaN	NaN	NaN	NaN	NaN	-0.118381	NaN	NaN	NaN	NaN	-0.082117	1.000000	-0.109206	NaN	NaN	-0.020066	-0.027432	NaN	NaN	NaN	NaN	NaN	NaN	NaN	NaN	NaN	NaN	NaN	NaN	NaN	NaN	NaN	NaN	NaN	NaN	NaN	NaN	NaN
https://2025storiza.michaelbennie.org/audio_clips/161.4_end_175.7_uid_EOwDjm2STZfXSXQJzWXadFRGRzn1_sid_TU328FfALQCYV7VHYamo_1744069610.mp3	claire.kuntz,rose.m	-0.118284	0.843428	0.778489	0.775121	1.000000	0.530496	NaN	NaN	NaN	NaN	0.555622	0.532171	0.840182	0.398810	0.501546	1.000000	0.711613	1.000000	NaN	NaN	NaN	0.438887	-0.072185	NaN	NaN	-0.094378	NaN	NaN	1.000000	0.696997	-0.033259	NaN	1.000000	0.551366	NaN	NaN	NaN	NaN	NaN	NaN	NaN	NaN	NaN	NaN	NaN	NaN	NaN	NaN	NaN	NaN	0.511955	-0.118284	NaN	NaN	NaN	NaN
https://2025storiza.michaelbennie.org/audio_clips/43.6_end_47.7_uid_sHl4il5Li8NKe5aMecUSJyXBFco2_sid_yHl0ErSvLJToSxLcmZqU_1741190708.mp3	claire.kuntz,emilianapulido	-0.116554	0.629622	0.276065	0.595186	0.599797	-0.043298	NaN	NaN	NaN	NaN	0.329712	0.217422	0.990222	NaN	-0.014393	0.619279	-0.011451	NaN	NaN	NaN	NaN	0.977908	NaN	0.071216	NaN	NaN	NaN	NaN	NaN	NaN	-0.041368	NaN	NaN	NaN	NaN	NaN	NaN	NaN	NaN	NaN	NaN	NaN	NaN	NaN	NaN	NaN	NaN	NaN	-0.056437	NaN	NaN	NaN	-0.116554	NaN	NaN	NaN
https://2025storiza.michaelbennie.org/audio_clips/33.5_end_84.8_uid_WXRuAJyMuAViHCpYPRVffOrexB03_sid_bq1I40IRipJTvbMVsQoS_1742945295.mp3	benjaminmcneill,claire.kuntz	-0.116213	0.664409	0.604688	0.604467	0.900376	0.711234	NaN	NaN	NaN	NaN	0.296957	0.374338	0.889648	0.770275	0.557779	0.901317	0.854776	0.765443	NaN	NaN	NaN	0.505547	NaN	NaN	NaN	NaN	NaN	NaN	0.739385	0.835405	0.457362	-0.021592	0.755150	0.603510	NaN	NaN	NaN	NaN	NaN	NaN	NaN	NaN	NaN	NaN	NaN	NaN	NaN	NaN	1.000000	0.458884	0.218303	0.322031	-0.116213	0.000000	-0.030050	1.000000
https://2025storiza.michaelbennie.org/audio_clips/10.1_end_31.3_uid_MxRr8Ht6WZT2EokHSRsT2U2Pq3h1_sid_HcDQBddR4fT9k3NScyyn_1742333249.mp3	benjaminmcneill,claire.kuntz	-0.114550	0.903322	0.828499	0.826810	0.947512	0.677118	NaN	1.000000	NaN	NaN	0.781603	0.717612	0.999883	0.901608	0.469979	0.947313	0.871183	-0.026631	1.000000	NaN	NaN	0.829147	NaN	NaN	NaN	NaN	NaN	1.000000	0.472133	-0.015994	0.744825	0.747401	NaN	-0.054296	NaN	NaN	NaN	NaN	NaN	NaN	1.000000	NaN	NaN	NaN	NaN	NaN	NaN	NaN	NaN	1.000000	1.000000	1.000000	NaN	NaN	-0.114550	1.000000
https://2025storiza.michaelbennie.org/audio_clips/24.9_end_31.6_uid_IxbpyVeneRWBOVT8zPZO9dPynyX2_sid_TI7ZfqtWKKN5LypKQDPq_1742330731.mp3	claire.kuntz,emilianapulido	-0.111138	0.784884	0.631262	0.838384	0.788142	-0.047324	NaN	NaN	-0.040477	NaN	0.666747	0.691369	0.933204	-0.036659	-0.090461	0.747081	-0.051636	NaN	NaN	-0.064865	NaN	0.812892	NaN	-0.057425	NaN	NaN	NaN	NaN	-0.008413	NaN	-0.054019	NaN	-0.104201	NaN	NaN	NaN	NaN	NaN	NaN	NaN	NaN	NaN	NaN	NaN	-0.046104	NaN	NaN	NaN	NaN	1.000000	-0.111138	NaN	NaN	1.000000	NaN	NaN
https://2025storiza.michaelbennie.org/audio_clips/50.8_end_59.2_uid_Om0JhZ6RmTNQ5wDLPHKIC3LtY4g2_sid_p6XNcnqG8pfuIOhP5p97_1742244670.mp3	claire.kuntz,rose.m	-0.110922	0.865910	0.473334	0.470983	0.831580	-0.110922	NaN	-0.055519	1.000000	NaN	NaN	0.471383	0.999952	0.649931	-0.090079	0.820566	-0.090060	-0.039893	0.000000	1.000000	NaN	NaN	NaN	NaN	NaN	NaN	NaN	NaN	-0.008322	NaN	-0.005372	NaN	NaN	NaN	NaN	NaN	NaN	NaN	NaN	NaN	-0.017123	NaN	NaN	NaN	1.000000	NaN	NaN	NaN	NaN	NaN	NaN	NaN	NaN	NaN	NaN	NaN
https://2025storiza.michaelbennie.org/audio_clips/67.8_end_92.3_uid_HGLxgWVfJZWhAsqMf761d40h3eQ2_sid_F4tWmApCfflaPRfdT4xX_1741271551.mp3	claire.kuntz,rose.m	-0.110709	0.807401	0.522786	0.506626	0.844608	0.792208	NaN	NaN	NaN	NaN	-0.048024	0.407086	1.000000	NaN	0.594445	0.843774	1.000000	NaN	NaN	NaN	NaN	-0.110709	NaN	NaN	NaN	NaN	NaN	NaN	1.000000	1.000000	NaN	NaN	-0.023767	NaN	NaN	NaN	NaN	NaN	NaN	NaN	NaN	NaN	NaN	NaN	NaN	NaN	NaN	NaN	-0.065777	NaN	NaN	-0.014967	-0.063452	NaN	NaN	NaN
https://2025storiza.michaelbennie.org/audio_clips/25.2_end_27.6_uid_EfKQNmht2ebtDnNadrezErlhcDF3_sid_WbzHVYfLznidwbd3NQZn_1743544365.mp3	claire.kuntz,lamanjennifer,rose.m	-0.110584	0.681690	0.158858	0.594227	0.681293	0.609587	NaN	NaN	NaN	NaN	NaN	0.605932	0.980716	NaN	0.594211	0.770001	0.596245	NaN	NaN	NaN	NaN	NaN	NaN	-0.110584	NaN	NaN	NaN	NaN	NaN	NaN	0.631924	NaN	NaN	NaN	NaN	NaN	NaN	NaN	NaN	NaN	NaN	NaN	NaN	NaN	NaN	NaN	NaN	NaN	NaN	NaN	NaN	NaN	NaN	NaN	NaN	NaN
https://2025storiza.michaelbennie.org/audio_clips/25.7_end_31.4_uid_ihIoefKsGwTDai7fGs9x3DyNvju2_sid_ujKXyBlmQlDqdJspmTTx_1742944450.mp3	claire.kuntz,rose.m	-0.109510	0.755226	0.582786	0.587485	0.673140	0.071131	NaN	NaN	NaN	NaN	0.995286	0.415232	0.997896	0.989292	0.394963	0.676475	0.260172	0.990590	NaN	NaN	NaN	0.995236	NaN	NaN	NaN	NaN	NaN	NaN	-0.016759	0.990741	-0.109510	NaN	NaN	-0.038871	NaN	NaN	NaN	NaN	NaN	NaN	NaN	NaN	NaN	NaN	NaN	NaN	NaN	NaN	NaN	NaN	NaN	NaN	NaN	0.995290	NaN	NaN
https://2025storiza.michaelbennie.org/audio_clips/50.4_end_63.4_uid_mHWscHBXcoabM7fdw88AliGuPWw1_sid_7XfLT0jT1wvkAI9zLj1M_1743381734.mp3	claire.kuntz,rose.m	-0.109495	0.799149	0.431747	0.465987	0.854570	0.577581	NaN	NaN	NaN	NaN	0.634341	0.447657	0.999719	0.645376	0.557902	0.858902	0.781295	0.649882	NaN	NaN	NaN	0.639432	NaN	NaN	NaN	NaN	NaN	NaN	NaN	1.000000	-0.009542	-0.016846	1.000000	NaN	NaN	NaN	NaN	NaN	NaN	NaN	NaN	NaN	NaN	NaN	NaN	NaN	NaN	NaN	NaN	NaN	1.000000	NaN	-0.109495	NaN	NaN	NaN
https://2025storiza.michaelbennie.org/audio_clips/75.1_end_90.5_uid_ihIoefKsGwTDai7fGs9x3DyNvju2_sid_7NWbCDabsGlPeGozMkbD_1742504373.mp3	claire.kuntz,evanhalperin	-0.108126	0.801040	0.725092	0.731688	0.814323	0.609734	NaN	NaN	NaN	NaN	1.000000	0.606757	0.956226	0.780155	0.556727	0.813627	0.743396	0.759771	NaN	NaN	NaN	1.000000	0.654515	NaN	NaN	NaN	NaN	NaN	0.314149	-0.033173	0.871875	0.754637	-0.108126	0.777719	NaN	NaN	NaN	NaN	NaN	NaN	NaN	NaN	NaN	NaN	NaN	NaN	NaN	NaN	NaN	NaN	1.000000	NaN	NaN	NaN	NaN	NaN
https://2025storiza.michaelbennie.org/audio_clips/10.9_end_21.1_uid_1w0NU0CL8KMbltxDo7mrkTKhgpD2_sid_WVnogOLLKWsUpfSCUTYy_1742504172.mp3	claire.kuntz,rose.m	-0.107856	0.793158	0.605547	0.604256	0.898574	0.572393	NaN	0.551052	NaN	NaN	0.763535	0.647723	1.000000	0.660108	0.429711	0.901166	0.804485	0.530924	0.564034	NaN	NaN	0.733641	NaN	NaN	NaN	NaN	NaN	NaN	1.000000	1.000000	0.537074	-0.107856	1.000000	-0.031583	NaN	NaN	NaN	NaN	NaN	NaN	NaN	0.574388	NaN	NaN	NaN	NaN	NaN	NaN	NaN	1.000000	1.000000	-0.068739	NaN	NaN	NaN	NaN
https://2025storiza.michaelbennie.org/audio_clips/77.9_end_81.4_uid_ejZWulX03uRlAA3C5VqYK6jKNYs1_sid_P6kAd6A5SfFBLSW9pJpN_1741135137.mp3	claire.kuntz,rose.m	-0.107573	0.764944	-0.107573	-0.051542	0.754408	-0.043999	NaN	NaN	NaN	NaN	NaN	-0.009861	0.999927	NaN	-0.006520	0.712111	-0.086739	NaN	NaN	NaN	NaN	NaN	NaN	-0.016892	NaN	NaN	NaN	NaN	NaN	NaN	-0.046195	NaN	NaN	NaN	NaN	NaN	NaN	NaN	NaN	NaN	NaN	NaN	NaN	NaN	NaN	NaN	NaN	NaN	NaN	NaN	NaN	NaN	NaN	NaN	NaN	NaN
https://2025storiza.michaelbennie.org/audio_clips/34.9_end_38.3_uid_Om0JhZ6RmTNQ5wDLPHKIC3LtY4g2_sid_p6XNcnqG8pfuIOhP5p97_1742244670.mp3	claire.kuntz,rose.m	-0.106606	0.856789	0.499096	-0.033634	0.857172	-0.083227	NaN	NaN	NaN	NaN	NaN	-0.086330	0.999793	NaN	-0.053211	0.806593	-0.106606	NaN	NaN	NaN	NaN	NaN	NaN	1.000000	NaN	NaN	NaN	NaN	NaN	NaN	NaN	NaN	-0.028847	NaN	NaN	NaN	NaN	NaN	NaN	NaN	NaN	NaN	NaN	NaN	NaN	NaN	NaN	NaN	NaN	NaN	NaN	NaN	NaN	NaN	NaN	NaN
https://2025storiza.michaelbennie.org/audio_clips/25.8_end_27.7_uid_jWPmLFrSHDZItPTjjPUB8KAsjlq2_sid_KwJDkE9pDbyU8dxYMmnt_1742046826.mp3	claire.kuntz,rose.m	-0.106467	0.836304	-0.106467	NaN	0.829245	NaN	NaN	NaN	NaN	NaN	NaN	NaN	1.000000	NaN	NaN	0.808791	NaN	NaN	NaN	NaN	NaN	NaN	NaN	-0.069807	NaN	NaN	NaN	NaN	NaN	NaN	NaN	NaN	NaN	NaN	NaN	NaN	NaN	NaN	NaN	NaN	NaN	NaN	NaN	NaN	NaN	NaN	NaN	NaN	NaN	NaN	NaN	NaN	NaN	NaN	NaN	NaN
https://2025storiza.michaelbennie.org/audio_clips/70.1_end_75.1_uid_tHP0GvI5hccNGBzYfgE2pkEHXiW2_sid_fekXGLlqzU2WnyoByMnJ_1743542906.mp3	evanhalperin,rose.m	-0.106028	0.762720	-0.015759	-0.073067	0.738558	-0.044435	NaN	NaN	NaN	NaN	NaN	-0.004149	0.999544	-0.089549	-0.014717	0.746280	-0.066695	-0.056653	NaN	NaN	NaN	NaN	NaN	NaN	NaN	NaN	NaN	NaN	-0.106028	NaN	-0.039408	NaN	NaN	NaN	NaN	NaN	NaN	NaN	NaN	NaN	NaN	NaN	NaN	NaN	NaN	NaN	NaN	NaN	NaN	NaN	NaN	NaN	NaN	NaN	NaN	NaN
https://2025storiza.michaelbennie.org/audio_clips/23.6_end_100.9_uid_HGLxgWVfJZWhAsqMf761d40h3eQ2_sid_tSrnapQ6hgyliWaApJ36_1743467290.mp3	claire.kuntz,lamanjennifer	-0.105374	0.085863	0.047801	0.034704	0.965374	0.144348	NaN	NaN	NaN	-0.010399	-0.034808	-0.042635	0.591320	0.057348	0.127587	0.964816	0.285474	0.657874	NaN	NaN	0.000000	0.046772	NaN	NaN	NaN	0.490160	0.000000	0.048136	0.281814	0.752723	-0.090936	-0.029971	0.419249	0.381022	NaN	NaN	NaN	NaN	NaN	NaN	NaN	NaN	NaN	NaN	NaN	NaN	-0.016201	NaN	NaN	0.000000	-0.036637	-0.069378	0.075023	0.000000	-0.105374	0.084700
https://2025storiza.michaelbennie.org/audio_clips/37.6_end_49.3_uid_Om0JhZ6RmTNQ5wDLPHKIC3LtY4g2_sid_L2IC15PYaEpzxUA1VByp_1741392791.mp3	benjaminmcneill,claire.kuntz	-0.105292	0.688615	0.246510	0.185929	0.666296	0.280849	NaN	-0.105292	NaN	NaN	0.625326	0.216887	1.000000	-0.049838	0.108918	0.710126	0.245413	NaN	-0.043192	NaN	NaN	0.612768	NaN	0.000000	NaN	NaN	NaN	NaN	-0.097174	-0.005234	-0.015942	1.000000	-0.014396	NaN	NaN	NaN	NaN	NaN	NaN	NaN	-0.073895	NaN	NaN	NaN	NaN	NaN	NaN	NaN	NaN	NaN	NaN	0.590022	NaN	NaN	NaN	NaN
https://2025storiza.michaelbennie.org/audio_clips/0.5_end_8.8_uid_CanxAhhjiePs6niCtdVzPqVIzXt1_sid_WKFhHRQhcWQKJAHw9Ib4_1742072366.mp3	evanhalperin,rose.m	-0.104469	0.455091	0.252309	0.341411	0.395627	0.312414	NaN	NaN	NaN	NaN	0.632830	0.485912	0.945461	NaN	0.313789	0.199315	0.253213	NaN	NaN	NaN	NaN	0.247180	-0.007859	0.014122	NaN	-0.013527	NaN	NaN	-0.089701	-0.104469	NaN	0.999998	NaN	NaN	NaN	NaN	NaN	NaN	NaN	NaN	NaN	NaN	NaN	NaN	NaN	NaN	NaN	NaN	NaN	NaN	0.000000	1.000000	NaN	NaN	NaN	NaN
https://2025storiza.michaelbennie.org/audio_clips/33.8_end_51.4_uid_UHGZEyBQklbC0GB3JZMa5l8yuGT2_sid_xpDFrYKvqQMpjww5p2qH_1741461927.mp3	claire.kuntz,rose.m	-0.103505	0.998513	0.997012	0.997334	0.999494	1.000000	NaN	NaN	NaN	NaN	0.632888	0.784908	0.998982	NaN	1.000000	0.999506	1.000000	NaN	NaN	NaN	NaN	0.994573	NaN	NaN	NaN	NaN	NaN	NaN	NaN	1.000000	NaN	NaN	NaN	NaN	NaN	NaN	NaN	NaN	NaN	NaN	NaN	NaN	NaN	NaN	NaN	NaN	NaN	NaN	-0.103505	NaN	NaN	NaN	0.994898	NaN	NaN	NaN
https://2025storiza.michaelbennie.org/audio_clips/69.8_end_75.7_uid_tHP0GvI5hccNGBzYfgE2pkEHXiW2_sid_0ozJFJTWJov6qw3mQ9j5_1743377835.mp3	claire.kuntz,rose.m	-0.102264	1.000000	1.000000	1.000000	1.000000	0.264272	NaN	NaN	NaN	NaN	1.000000	0.679895	1.000000	NaN	1.000000	1.000000	1.000000	NaN	NaN	NaN	NaN	1.000000	NaN	NaN	NaN	NaN	NaN	NaN	NaN	-0.039788	NaN	-0.102264	NaN	NaN	NaN	NaN	NaN	NaN	NaN	NaN	NaN	NaN	NaN	NaN	NaN	NaN	NaN	NaN	NaN	NaN	1.000000	NaN	1.000000	NaN	NaN	NaN
https://2025storiza.michaelbennie.org/audio_clips/0.7_end_23.5_uid_Sn3Nw7A3OmOkiMXEFjEyRusLuuo2_sid_jahJbC5m3GbG4KxKlns6_1743021753.mp3	claire.kuntz,landonturner	-0.102025	0.877771	0.293401	0.288866	0.936315	-0.102025	-0.033844	NaN	NaN	NaN	-0.016921	0.300911	0.999923	1.000000	0.255578	0.938895	-0.047519	1.000000	NaN	NaN	NaN	-0.026354	NaN	NaN	NaN	NaN	NaN	NaN	NaN	0.000000	-0.032338	NaN	0.000000	NaN	NaN	NaN	NaN	-0.009435	NaN	NaN	NaN	NaN	NaN	NaN	NaN	NaN	NaN	NaN	NaN	NaN	-0.024239	NaN	NaN	NaN	NaN	NaN
https://2025storiza.michaelbennie.org/audio_clips/42.1_end_59.2_uid_mHWscHBXcoabM7fdw88AliGuPWw1_sid_EQsr4DpbhhU9H6jNAk8v_1743380887.mp3	claire.kuntz,emilianapulido	-0.101854	0.529284	0.123185	0.215212	0.599749	0.416869	NaN	NaN	NaN	-0.027665	0.834977	0.352271	0.999607	0.000000	0.152963	0.581411	0.307814	NaN	NaN	NaN	-0.042375	0.643330	NaN	-0.086254	NaN	0.000000	NaN	NaN	-0.003303	0.536983	NaN	-0.013034	1.000000	NaN	NaN	NaN	NaN	NaN	NaN	NaN	NaN	NaN	NaN	NaN	NaN	NaN	-0.011065	NaN	NaN	1.000000	1.000000	1.000000	-0.101854	NaN	NaN	NaN
https://2025storiza.michaelbennie.org/audio_clips/86.8_end_94.4_uid_mHWscHBXcoabM7fdw88AliGuPWw1_sid_EQsr4DpbhhU9H6jNAk8v_1743380887.mp3	claire.kuntz,rose.m	-0.101524	0.903564	0.807977	0.806891	0.999998	0.604069	NaN	0.000000	NaN	NaN	0.687781	0.494306	0.998871	0.492022	0.417414	0.999998	0.996825	0.000000	0.000000	NaN	NaN	1.000000	NaN	NaN	NaN	NaN	NaN	NaN	-0.047232	0.638930	0.996751	NaN	1.000000	NaN	-0.010624	NaN	NaN	NaN	NaN	NaN	NaN	-0.003921	NaN	NaN	NaN	NaN	NaN	NaN	NaN	NaN	1.000000	-0.101524	-0.081940	NaN	NaN	NaN
https://2025storiza.michaelbennie.org/audio_clips/25.6_end_34.1_uid_ukKF4sCANzgmD16fyjMyO7VwR2A2_sid_wa5NwUIJNWo3U9ToZEHp_1743039412.mp3	claire.kuntz,ghineae	-0.099610	0.930246	0.717448	0.699039	1.000000	-0.014796	NaN	NaN	NaN	NaN	0.639545	0.637703	0.944741	NaN	-0.047141	1.000000	0.000000	NaN	NaN	NaN	NaN	0.612771	NaN	NaN	NaN	-0.057605	NaN	NaN	0.000000	-0.002138	NaN	NaN	NaN	NaN	NaN	NaN	NaN	NaN	NaN	NaN	NaN	NaN	NaN	NaN	NaN	NaN	NaN	NaN	NaN	1.000000	-0.099610	NaN	NaN	NaN	NaN	NaN
https://2025storiza.michaelbennie.org/audio_clips/0.1_end_2.0_uid_ukKF4sCANzgmD16fyjMyO7VwR2A2_sid_BhiSjyPVnnE8LlbHAvww_1742164812.mp3	evanhalperin,rose.m	-0.098276	0.990758	0.995454	0.996137	0.971483	0.327471	NaN	NaN	NaN	NaN	NaN	0.309234	0.993412	NaN	0.371995	0.979978	0.995775	NaN	NaN	NaN	NaN	NaN	NaN	NaN	NaN	NaN	NaN	NaN	-0.080641	-0.086832	-0.034405	-0.098276	NaN	NaN	NaN	NaN	NaN	NaN	NaN	NaN	NaN	NaN	NaN	NaN	NaN	NaN	NaN	NaN	NaN	NaN	NaN	NaN	NaN	NaN	NaN	NaN
https://2025storiza.michaelbennie.org/audio_clips/3.6_end_8.9_uid_Gt0cspsUtRSvEXXHZKUWlVAfyVq2_sid_qHzKNFpdgsms0EFSXokQ_1742606923.mp3	claire.kuntz,ghineae	-0.097426	0.721033	0.454760	0.533059	0.782169	-0.032471	0.000000	0.000000	1.000000	NaN	1.000000	0.537652	0.998329	1.000000	0.463342	0.752780	-0.097426	1.000000	-0.016748	1.000000	NaN	1.000000	NaN	0.000000	NaN	NaN	NaN	NaN	NaN	0.000000	-0.065691	NaN	0.000000	NaN	NaN	NaN	NaN	NaN	NaN	0.000000	NaN	NaN	-0.004516	NaN	1.000000	NaN	NaN	NaN	NaN	1.000000	1.000000	NaN	NaN	NaN	NaN	NaN
https://2025storiza.michaelbennie.org/audio_clips/81.1_end_84.6_uid_xxUUDYlSFESUIRvPTLDLReqO44G3_sid_F6kP38GjRiJXRwDKJ6rm_1741822595.mp3	isabelapizarro,rose.m	-0.096578	0.988901	0.998652	0.998943	0.988883	0.998818	-0.096578	NaN	NaN	NaN	0.998948	0.247946	0.991535	0.998914	0.998844	0.986465	0.998873	0.998899	NaN	NaN	NaN	0.998938	NaN	0.998237	NaN	NaN	NaN	NaN	0.999020	0.998931	0.998750	NaN	NaN	NaN	NaN	-0.039324	NaN	NaN	NaN	NaN	NaN	NaN	NaN	NaN	NaN	NaN	NaN	NaN	NaN	NaN	0.998942	NaN	NaN	NaN	NaN	NaN
https://2025storiza.michaelbennie.org/audio_clips/16.3_end_27.0_uid_0FdMSMtn95PJ9tLFeW3F4sFLPMh1_sid_GcbJYqscm9YpPDCHkJWP_1743044185.mp3	benjaminmcneill,claire.kuntz	-0.096048	0.805799	0.380023	0.390802	0.831344	0.602871	NaN	NaN	NaN	NaN	-0.080327	0.413135	0.999827	1.000000	0.259722	0.827611	0.558204	1.000000	NaN	NaN	NaN	-0.096048	NaN	NaN	NaN	NaN	NaN	NaN	0.632521	NaN	NaN	NaN	1.000000	0.710694	NaN	NaN	NaN	NaN	NaN	NaN	NaN	NaN	NaN	NaN	NaN	NaN	NaN	NaN	NaN	NaN	NaN	NaN	-0.095979	NaN	NaN	NaN
https://2025storiza.michaelbennie.org/audio_clips/64.1_end_72.3_uid_mHWscHBXcoabM7fdw88AliGuPWw1_sid_7XfLT0jT1wvkAI9zLj1M_1743381734.mp3	claire.kuntz,rose.m	-0.093512	0.912630	0.617107	0.649910	0.912118	0.213314	NaN	NaN	NaN	NaN	NaN	0.283690	0.998919	-0.026465	0.640337	0.908303	0.617779	0.000000	NaN	NaN	NaN	NaN	NaN	NaN	NaN	NaN	NaN	NaN	NaN	-0.012856	-0.093512	NaN	NaN	NaN	NaN	NaN	NaN	NaN	NaN	NaN	NaN	NaN	NaN	NaN	NaN	NaN	NaN	NaN	NaN	NaN	NaN	NaN	NaN	NaN	NaN	NaN
https://2025storiza.michaelbennie.org/audio_clips/79.0_end_81.6_uid_flpss45kNMRJ1OyjEiJaPFx5rCo2_sid_87GmGKiM3e8FJdv1vF3b_1743380663.mp3	claire.kuntz,rose.m	-0.093450	0.862195	0.601846	0.580500	0.999890	0.999590	NaN	-0.047895	NaN	NaN	NaN	0.625714	0.999812	-0.093450	0.999624	0.999892	0.999561	NaN	-0.051557	NaN	NaN	NaN	NaN	NaN	NaN	NaN	NaN	NaN	0.999835	NaN	0.999297	NaN	NaN	NaN	NaN	NaN	NaN	NaN	NaN	NaN	-0.080542	NaN	NaN	NaN	NaN	NaN	NaN	NaN	NaN	NaN	NaN	NaN	NaN	NaN	NaN	NaN
https://2025storiza.michaelbennie.org/audio_clips/4.4_end_12.5_uid_mHWscHBXcoabM7fdw88AliGuPWw1_sid_Hj3V7pDbdwHsMCjmjYgr_1742934325.mp3	claire.kuntz,rose.m	-0.093016	0.798333	0.255629	0.383506	0.803223	-0.024153	NaN	NaN	NaN	NaN	1.000000	0.393522	0.950234	NaN	-0.053577	0.778751	-0.025501	NaN	NaN	NaN	NaN	1.000000	NaN	-0.056120	NaN	NaN	NaN	NaN	NaN	NaN	-0.093016	NaN	NaN	NaN	NaN	NaN	NaN	NaN	NaN	NaN	NaN	NaN	NaN	NaN	NaN	NaN	NaN	NaN	NaN	NaN	NaN	1.000000	NaN	NaN	NaN	NaN
https://2025storiza.michaelbennie.org/audio_clips/40.6_end_46.7_uid_EfKQNmht2ebtDnNadrezErlhcDF3_sid_WbzHVYfLznidwbd3NQZn_1743544365.mp3	lamanjennifer,rose.m	-0.092295	0.892906	0.694517	0.462364	0.978828	-0.092295	-0.022663	NaN	NaN	NaN	NaN	0.467576	0.985034	1.000000	1.000000	0.974741	0.000000	1.000000	NaN	NaN	NaN	NaN	NaN	0.999137	NaN	NaN	NaN	NaN	-0.010405	NaN	NaN	NaN	NaN	NaN	NaN	NaN	NaN	-0.010644	NaN	NaN	NaN	NaN	NaN	NaN	NaN	NaN	NaN	NaN	NaN	NaN	NaN	NaN	NaN	NaN	NaN	NaN
https://2025storiza.michaelbennie.org/audio_clips/86.8_end_94.4_uid_ejZWulX03uRlAA3C5VqYK6jKNYs1_sid_jGy3WfcxdVQLXa94QWkg_1741212613.mp3	emilianapulido,rose.m	-0.092167	0.633046	0.143276	1.000000	0.594379	NaN	NaN	NaN	1.000000	NaN	NaN	1.000000	0.999986	1.000000	NaN	0.478178	NaN	NaN	NaN	1.000000	NaN	NaN	NaN	-0.092167	NaN	NaN	NaN	NaN	NaN	NaN	NaN	NaN	NaN	NaN	NaN	NaN	NaN	NaN	NaN	NaN	NaN	NaN	NaN	NaN	1.000000	NaN	NaN	NaN	NaN	NaN	NaN	NaN	NaN	NaN	NaN	NaN
https://2025storiza.michaelbennie.org/audio_clips/20.6_end_28.4_uid_ihIoefKsGwTDai7fGs9x3DyNvju2_sid_RO86s0yih5pRsOUYLcUy_1742503411.mp3	claire.kuntz,emilianapulido	-0.092103	0.752748	-0.084087	-0.092103	0.727938	-0.021579	NaN	NaN	NaN	NaN	-0.021422	-0.077072	0.997962	NaN	-0.039542	0.691076	-0.027012	NaN	NaN	NaN	NaN	-0.020381	NaN	0.000000	NaN	NaN	NaN	NaN	-0.016006	NaN	NaN	NaN	NaN	NaN	NaN	NaN	NaN	NaN	NaN	NaN	NaN	NaN	NaN	NaN	NaN	NaN	NaN	NaN	NaN	NaN	NaN	NaN	-0.004270	NaN	NaN	NaN
https://2025storiza.michaelbennie.org/audio_clips/67.5_end_72.3_uid_jWPmLFrSHDZItPTjjPUB8KAsjlq2_sid_3nrUiNGJJEx1MK9ktanM_1742241727.mp3	claire.kuntz,rose.m	-0.091686	0.903668	-0.056945	-0.036560	0.897973	NaN	NaN	NaN	NaN	NaN	-0.068068	-0.091686	1.000000	NaN	NaN	0.899553	NaN	NaN	NaN	NaN	NaN	-0.050506	NaN	NaN	NaN	NaN	NaN	NaN	NaN	NaN	NaN	NaN	NaN	NaN	NaN	NaN	NaN	NaN	NaN	NaN	NaN	NaN	NaN	NaN	NaN	NaN	NaN	NaN	-0.041140	NaN	NaN	NaN	NaN	NaN	NaN	NaN
https://2025storiza.michaelbennie.org/audio_clips/25.3_end_29.5_uid_ukKF4sCANzgmD16fyjMyO7VwR2A2_sid_BhiSjyPVnnE8LlbHAvww_1742164812.mp3	claire.kuntz,rose.m	-0.091429	0.903761	0.434163	0.463711	0.997660	0.999719	NaN	0.000000	NaN	NaN	NaN	0.421786	0.934479	0.999731	0.999692	0.997605	0.999726	0.999685	0.000000	NaN	NaN	NaN	NaN	NaN	NaN	NaN	NaN	NaN	NaN	0.999701	NaN	NaN	NaN	NaN	NaN	NaN	NaN	NaN	NaN	NaN	NaN	-0.091429	NaN	NaN	NaN	NaN	NaN	NaN	NaN	NaN	NaN	NaN	NaN	NaN	NaN	NaN
https://2025storiza.michaelbennie.org/audio_clips/26.1_end_42.7_uid_XmxSYUZAj4dRqSczt2clQkDf31M2_sid_qaLzxMtHTyjMeYNVaGNP_1741316108.mp3	evanhalperin,rose.m	-0.090663	0.767571	0.753921	0.752668	0.633184	0.730897	NaN	-0.025252	NaN	NaN	0.883526	0.592523	0.979643	0.996940	0.505491	0.634921	0.921687	0.996878	-0.048116	NaN	NaN	0.854972	NaN	NaN	NaN	NaN	NaN	NaN	0.636605	0.775778	0.999393	0.999846	0.705084	NaN	NaN	NaN	NaN	NaN	NaN	NaN	NaN	-0.016653	NaN	NaN	NaN	NaN	NaN	NaN	-0.090663	NaN	0.999379	NaN	0.999457	NaN	NaN	NaN
https://2025storiza.michaelbennie.org/audio_clips/59.2_end_73.4_uid_xxUUDYlSFESUIRvPTLDLReqO44G3_sid_Ghzut1tFF70il3mOLP49_1741822392.mp3	claire.kuntz,rose.m	-0.089972	0.866192	0.726536	0.721914	1.000000	0.673176	NaN	NaN	NaN	NaN	0.793136	0.734555	1.000000	-0.015651	0.682728	1.000000	1.000000	-0.089972	NaN	NaN	NaN	0.742386	NaN	NaN	NaN	NaN	NaN	NaN	1.000000	0.595391	1.000000	NaN	0.000000	0.618267	NaN	NaN	NaN	NaN	NaN	NaN	NaN	NaN	NaN	NaN	NaN	NaN	NaN	NaN	1.000000	NaN	1.000000	1.000000	0.465783	NaN	NaN	NaN
https://2025storiza.michaelbennie.org/audio_clips/38.6_end_57.8_uid_qgT735VZ7OPJmWzvIgZGZAchHgD2_sid_TPlTkOWjVTgs3BleBuXA_1741610461.mp3	benjaminmcneill,rose.m	-0.089700	0.663060	0.326922	0.397459	0.686899	-0.030797	NaN	NaN	NaN	NaN	0.328440	0.309871	0.877798	NaN	-0.029936	0.660269	-0.026268	NaN	NaN	NaN	NaN	0.214688	-0.064336	-0.068676	NaN	-0.024100	NaN	NaN	-0.016170	-0.011324	-0.012823	NaN	NaN	NaN	NaN	NaN	NaN	NaN	NaN	NaN	NaN	NaN	NaN	NaN	NaN	NaN	NaN	NaN	-0.006175	NaN	1.000000	1.000000	-0.089700	NaN	NaN	NaN
https://2025storiza.michaelbennie.org/audio_clips/0.4_end_6.7_uid_tHP0GvI5hccNGBzYfgE2pkEHXiW2_sid_p6cLdVe7UtbfmSNky9ER_1743455830.mp3	emilianapulido,rose.m	-0.088183	0.793279	0.655282	0.640547	0.996667	0.676501	NaN	NaN	NaN	NaN	-0.033272	0.667621	0.998892	-0.043317	0.673269	0.996711	1.000000	-0.040134	NaN	NaN	NaN	-0.088183	NaN	NaN	NaN	NaN	NaN	NaN	NaN	-0.083669	1.000000	NaN	1.000000	NaN	NaN	NaN	NaN	NaN	NaN	NaN	NaN	NaN	NaN	NaN	NaN	NaN	NaN	NaN	NaN	NaN	NaN	NaN	-0.034081	NaN	NaN	NaN
https://2025storiza.michaelbennie.org/audio_clips/0.8_end_9.1_uid_eQ9VyOzVOCQWR7uTGBGzvfh3rUJ2_sid_i8ZL8hdudVu5SxNk90X4_1743022443.mp3	emilianapulido,evanhalperin	-0.088045	0.738482	0.562411	0.545302	0.990540	0.355029	NaN	-0.051600	0.615270	NaN	-0.031826	0.550591	0.857764	0.660606	0.324753	0.990338	0.746624	0.685764	-0.029658	0.616425	NaN	-0.016940	NaN	NaN	NaN	NaN	NaN	NaN	-0.037320	-0.088045	-0.042914	NaN	-0.017898	NaN	NaN	NaN	NaN	NaN	NaN	NaN	NaN	NaN	-0.016859	NaN	0.617295	NaN	NaN	NaN	NaN	NaN	-0.015947	NaN	NaN	NaN	NaN	NaN
https://2025storiza.michaelbennie.org/audio_clips/21.6_end_26.3_uid_Gt0cspsUtRSvEXXHZKUWlVAfyVq2_sid_NB0tkgcxvGESuaQYdzod_1743619802.mp3	claire.kuntz,evanhalperin	-0.087851	0.914826	0.553525	0.577158	0.912986	0.160940	NaN	NaN	NaN	NaN	0.924184	0.212489	0.992429	NaN	0.231963	0.910472	0.537307	NaN	NaN	NaN	NaN	0.937665	NaN	-0.008046	NaN	NaN	NaN	NaN	0.937031	-0.028295	NaN	NaN	-0.087851	NaN	NaN	NaN	NaN	NaN	NaN	NaN	NaN	NaN	NaN	NaN	NaN	NaN	NaN	NaN	NaN	NaN	0.930670	NaN	NaN	NaN	NaN	NaN
https://2025storiza.michaelbennie.org/audio_clips/0.9_end_10.0_uid_tHP0GvI5hccNGBzYfgE2pkEHXiW2_sid_fmzUe4LBPLbr2KpTaDvx_1743456471.mp3	claire.kuntz,rose.m	-0.086391	0.878642	0.603786	0.627800	0.878640	0.411271	NaN	NaN	NaN	NaN	-0.062660	0.232266	1.000000	NaN	0.463512	0.866054	1.000000	NaN	NaN	NaN	NaN	-0.086391	NaN	NaN	NaN	NaN	NaN	NaN	-0.033351	NaN	NaN	NaN	NaN	-0.015095	NaN	NaN	NaN	NaN	NaN	NaN	NaN	NaN	NaN	NaN	NaN	NaN	NaN	NaN	NaN	NaN	NaN	NaN	-0.041345	NaN	NaN	NaN
https://2025storiza.michaelbennie.org/audio_clips/1.1_end_34.7_uid_tHP0GvI5hccNGBzYfgE2pkEHXiW2_sid_tauN5MkJSXHrjKIHsYkM_1743377469.mp3	evanhalperin,ghineae	-0.085593	0.699125	0.527225	0.508649	0.494377	0.738348	NaN	NaN	NaN	NaN	0.526396	0.446614	0.986525	-0.052341	0.505512	0.499949	0.974807	-0.085593	NaN	NaN	NaN	0.436188	NaN	NaN	NaN	NaN	NaN	NaN	-0.066313	0.989553	0.975826	0.969042	NaN	NaN	NaN	NaN	NaN	NaN	NaN	NaN	NaN	NaN	NaN	NaN	NaN	NaN	NaN	NaN	-0.046437	NaN	0.966910	0.913270	0.432642	NaN	NaN	NaN
https://2025storiza.michaelbennie.org/audio_clips/210.0_end_239.5_uid_IGe7nmfoeKQG1oyWJEMIv6KIP5Q2_sid_OJ3hCvb3pokTxqbvhJuh_1742508917.mp3	emilianapulido,rose.m	-0.085193	0.585711	0.023278	0.057828	0.864298	0.316128	NaN	-0.028004	NaN	NaN	0.272400	0.330461	0.944562	-0.038338	0.299562	0.866905	0.637256	NaN	-0.031145	NaN	NaN	0.143896	0.000000	NaN	NaN	NaN	NaN	NaN	0.999873	0.999882	-0.085193	NaN	-0.027005	NaN	NaN	NaN	NaN	NaN	NaN	NaN	NaN	-0.015063	NaN	NaN	NaN	NaN	NaN	NaN	NaN	NaN	0.000000	0.000000	-0.010494	NaN	NaN	NaN
https://2025storiza.michaelbennie.org/audio_clips/66.8_end_72.3_uid_ihIoefKsGwTDai7fGs9x3DyNvju2_sid_HdBPi4ofhPdCgvkijIIy_1742945079.mp3	claire.kuntz,evanhalperin	-0.084976	0.840257	0.647697	0.653514	0.988838	0.675504	NaN	NaN	NaN	NaN	-0.084976	0.513540	0.992597	0.628890	0.675095	0.988720	0.996181	0.625758	NaN	NaN	NaN	-0.062173	NaN	NaN	NaN	NaN	NaN	NaN	0.709121	0.000000	0.411063	0.992005	-0.025493	0.998202	NaN	NaN	NaN	NaN	NaN	NaN	NaN	NaN	NaN	NaN	NaN	NaN	NaN	NaN	NaN	NaN	NaN	NaN	-0.028405	NaN	NaN	NaN
https://2025storiza.michaelbennie.org/audio_clips/74.2_end_82.4_uid_UHGZEyBQklbC0GB3JZMa5l8yuGT2_sid_E16yjHjCudD8gko6qKSP_1741461241.mp3	claire.kuntz,ghineae	-0.083524	0.856222	0.324538	0.250685	1.000000	-0.027483	NaN	NaN	NaN	NaN	0.999369	0.208501	0.999943	NaN	-0.025893	1.000000	-0.059727	NaN	NaN	NaN	NaN	0.999414	-0.052417	NaN	NaN	NaN	NaN	NaN	-0.034149	NaN	NaN	-0.083524	NaN	NaN	NaN	NaN	NaN	NaN	NaN	NaN	NaN	NaN	NaN	NaN	NaN	NaN	NaN	NaN	NaN	NaN	0.999503	NaN	NaN	NaN	NaN	NaN
https://2025storiza.michaelbennie.org/audio_clips/18.5_end_20.8_uid_M3RVTGHWrAMCChSiCDrpejluqjQ2_sid_J3DTSl0s0xBwSzdlZEZW_1742137192.mp3	katherine.ball,rose.m	-0.083431	0.999991	1.000000	1.000000	0.999986	0.391346	NaN	NaN	NaN	NaN	NaN	0.369160	0.999993	1.000000	1.000000	0.999985	1.000000	1.000000	NaN	NaN	NaN	NaN	NaN	NaN	NaN	NaN	NaN	NaN	NaN	-0.083431	NaN	NaN	1.000000	NaN	NaN	NaN	NaN	NaN	NaN	NaN	NaN	NaN	NaN	NaN	NaN	NaN	NaN	NaN	NaN	NaN	NaN	NaN	NaN	NaN	NaN	NaN
https://2025storiza.michaelbennie.org/audio_clips/46.2_end_55.1_uid_jWPmLFrSHDZItPTjjPUB8KAsjlq2_sid_UebF5uJBSnxqjv2qv7BM_1742046137.mp3	claire.kuntz,evanhalperin	-0.082583	0.791754	0.150913	0.164718	0.800046	NaN	NaN	NaN	-0.014779	-0.082583	0.000000	0.144218	0.885469	0.476688	NaN	0.794798	NaN	NaN	NaN	-0.025728	-0.079109	-0.015648	NaN	NaN	NaN	NaN	NaN	NaN	NaN	NaN	NaN	NaN	NaN	NaN	NaN	NaN	NaN	NaN	NaN	NaN	NaN	NaN	NaN	NaN	0.000000	NaN	NaN	-0.080520	NaN	0.000000	NaN	NaN	NaN	NaN	NaN	NaN
https://2025storiza.michaelbennie.org/audio_clips/109.8_end_135.8_uid_u2hytH2KWIS6ewdShfEZisygqIo2_sid_QzCLW5naFB7kEEygwpM4_1741483667.mp3	claire.kuntz,rose.m	-0.079993	0.816997	0.599832	0.587263	0.884927	0.212653	NaN	NaN	NaN	NaN	0.803884	0.556244	0.999990	0.478956	0.223208	0.881463	0.459598	1.000000	NaN	NaN	NaN	0.779868	NaN	NaN	NaN	-0.014144	NaN	0.000000	0.000000	1.000000	NaN	NaN	-0.079993	0.621476	NaN	NaN	NaN	NaN	NaN	NaN	NaN	NaN	NaN	NaN	NaN	NaN	NaN	NaN	NaN	1.000000	1.000000	NaN	NaN	0.000000	-0.005472	1.000000
https://2025storiza.michaelbennie.org/audio_clips/18.8_end_21.0_uid_EfKQNmht2ebtDnNadrezErlhcDF3_sid_WbzHVYfLznidwbd3NQZn_1743544365.mp3	evanhalperin,rose.m	-0.079458	0.815666	-0.067004	NaN	0.809111	NaN	NaN	NaN	NaN	NaN	NaN	NaN	1.000000	NaN	NaN	0.809301	NaN	NaN	NaN	NaN	NaN	NaN	NaN	-0.079458	NaN	NaN	NaN	NaN	NaN	NaN	NaN	NaN	NaN	NaN	NaN	NaN	NaN	NaN	NaN	NaN	NaN	NaN	NaN	NaN	NaN	NaN	NaN	NaN	NaN	NaN	NaN	NaN	NaN	NaN	NaN	NaN
https://2025storiza.michaelbennie.org/audio_clips/150.9_end_156.5_uid_1w0NU0CL8KMbltxDo7mrkTKhgpD2_sid_PfrCS74Glv4OjfyMyKM8_1742503726.mp3	evanhalperin,rose.m	-0.079397	0.822865	0.424588	0.989843	0.815384	0.988890	NaN	NaN	NaN	NaN	NaN	0.990374	0.997751	NaN	0.988983	0.784989	0.988612	NaN	NaN	NaN	NaN	NaN	NaN	-0.079397	NaN	NaN	NaN	NaN	0.988220	NaN	NaN	NaN	NaN	NaN	NaN	NaN	NaN	NaN	NaN	NaN	NaN	NaN	NaN	NaN	NaN	NaN	NaN	NaN	NaN	NaN	NaN	NaN	NaN	NaN	NaN	NaN
https://2025storiza.michaelbennie.org/audio_clips/30.3_end_33.8_uid_sHl4il5Li8NKe5aMecUSJyXBFco2_sid_yHl0ErSvLJToSxLcmZqU_1741190708.mp3	claire.kuntz,emilianapulido	-0.079308	0.598646	0.346248	0.365410	0.602453	0.584804	NaN	-0.020857	NaN	0.182873	0.585237	0.345258	0.979758	0.985536	0.596238	0.625558	0.571028	NaN	-0.077140	NaN	0.576371	0.548392	NaN	-0.025664	NaN	NaN	NaN	NaN	-0.079308	NaN	0.982519	-0.049540	NaN	-0.033333	NaN	NaN	NaN	NaN	NaN	NaN	-0.045979	NaN	NaN	NaN	NaN	-0.073795	NaN	0.525723	NaN	0.432442	0.982208	NaN	NaN	NaN	NaN	NaN
https://2025storiza.michaelbennie.org/audio_clips/30.4_end_41.3_uid_mHWscHBXcoabM7fdw88AliGuPWw1_sid_oXQeJ78zBQRTcUylPSUq_1741174732.mp3	claire.kuntz,landonturner	-0.079305	0.871100	0.602687	0.635360	0.913305	-0.011150	NaN	1.000000	NaN	NaN	0.221458	0.301386	0.942575	1.000000	0.445076	0.918183	-0.010355	NaN	1.000000	NaN	NaN	0.529030	NaN	NaN	NaN	NaN	NaN	NaN	NaN	NaN	NaN	NaN	-0.014674	NaN	NaN	NaN	NaN	NaN	NaN	NaN	NaN	1.000000	NaN	NaN	NaN	NaN	NaN	NaN	NaN	0.000000	-0.048929	1.000000	-0.079305	-0.003024	NaN	NaN
https://2025storiza.michaelbennie.org/audio_clips/1.8_end_17.5_uid_u2hytH2KWIS6ewdShfEZisygqIo2_sid_JWzwJL0aqbRtvTCiTdCm_1743194311.mp3	evanhalperin,rose.m	-0.079093	0.679788	0.387997	0.439401	0.781637	1.000000	NaN	1.000000	NaN	NaN	0.623744	0.720291	0.999730	0.732031	0.452095	0.668092	1.000000	-0.014312	1.000000	NaN	NaN	0.635263	NaN	-0.079093	0.999995	NaN	NaN	NaN	1.000000	NaN	NaN	NaN	1.000000	NaN	NaN	NaN	NaN	NaN	NaN	NaN	NaN	NaN	1.000000	NaN	NaN	NaN	NaN	NaN	NaN	NaN	0.631891	NaN	NaN	NaN	NaN	NaN
https://2025storiza.michaelbennie.org/audio_clips/41.3_end_45.8_uid_22lbfrTq0OP1g1mwv7RZwXUl6eW2_sid_qg1jtaFG5XEfPNYgcLP8_1742503280.mp3	lamanjennifer,rose.m	-0.078287	0.517928	0.047768	-0.047991	0.520242	-0.046348	NaN	NaN	NaN	NaN	-0.044276	-0.063569	0.995243	NaN	-0.010662	0.400065	0.000000	NaN	NaN	NaN	NaN	-0.043351	NaN	0.110875	NaN	NaN	NaN	NaN	-0.018887	NaN	NaN	NaN	NaN	NaN	NaN	NaN	NaN	NaN	NaN	NaN	NaN	NaN	NaN	NaN	NaN	NaN	NaN	NaN	NaN	NaN	NaN	NaN	-0.078287	NaN	NaN	NaN
https://2025storiza.michaelbennie.org/audio_clips/12.7_end_18.4_uid_ukKF4sCANzgmD16fyjMyO7VwR2A2_sid_wa5NwUIJNWo3U9ToZEHp_1743039412.mp3	claire.kuntz,ghineae	-0.077762	0.821997	0.486635	0.361841	0.792055	0.328275	NaN	-0.077762	NaN	NaN	NaN	0.348966	0.999990	-0.044400	0.388338	0.875838	0.321503	NaN	-0.027395	NaN	NaN	NaN	NaN	-0.015970	NaN	NaN	NaN	NaN	NaN	NaN	0.320268	NaN	NaN	NaN	NaN	NaN	NaN	NaN	NaN	NaN	-0.047796	NaN	NaN	NaN	NaN	NaN	NaN	NaN	NaN	NaN	NaN	NaN	NaN	NaN	NaN	NaN
https://2025storiza.michaelbennie.org/audio_clips/11.5_end_14.6_uid_eQ9VyOzVOCQWR7uTGBGzvfh3rUJ2_sid_6mHu3G8rDk5ZmJUujE66_1743174942.mp3	claire.kuntz,landonturner	-0.077684	0.879624	0.650481	0.668331	0.998891	-0.010934	NaN	NaN	0.633641	NaN	NaN	0.668282	0.906157	0.413073	0.000000	0.998978	0.000000	-0.014177	NaN	0.621877	NaN	NaN	NaN	NaN	NaN	NaN	NaN	NaN	0.000000	-0.077684	NaN	NaN	NaN	NaN	NaN	NaN	NaN	NaN	NaN	NaN	NaN	NaN	NaN	NaN	0.644051	NaN	NaN	NaN	NaN	NaN	NaN	NaN	NaN	NaN	NaN	NaN
https://2025storiza.michaelbennie.org/audio_clips/256.6_end_277.9_uid_IGe7nmfoeKQG1oyWJEMIv6KIP5Q2_sid_OJ3hCvb3pokTxqbvhJuh_1742508917.mp3	emilianapulido,rose.m	-0.076199	0.676903	0.335654	0.411210	0.838519	0.312553	NaN	-0.023230	NaN	NaN	0.683075	0.561026	0.901935	-0.015826	0.632788	0.888067	0.631962	NaN	-0.034923	NaN	NaN	0.575813	-0.076199	0.000000	NaN	-0.015359	NaN	NaN	-0.005264	NaN	-0.014159	0.992086	NaN	NaN	NaN	NaN	NaN	NaN	NaN	NaN	-0.028133	NaN	NaN	NaN	NaN	NaN	NaN	NaN	NaN	0.986817	-0.070474	NaN	NaN	NaN	NaN	NaN
https://2025storiza.michaelbennie.org/audio_clips/72.5_end_79.5_uid_0FdMSMtn95PJ9tLFeW3F4sFLPMh1_sid_GcbJYqscm9YpPDCHkJWP_1743044185.mp3	benjaminmcneill,claire.kuntz	-0.075990	0.770238	0.286803	0.403418	0.748518	0.637490	NaN	NaN	NaN	NaN	-0.075990	0.440955	0.951334	NaN	0.656834	0.737559	0.638067	NaN	NaN	NaN	NaN	-0.014048	NaN	0.000000	NaN	NaN	NaN	NaN	NaN	NaN	1.000000	NaN	NaN	-0.060025	NaN	NaN	NaN	NaN	NaN	NaN	NaN	NaN	NaN	NaN	NaN	NaN	NaN	NaN	-0.034384	NaN	NaN	NaN	NaN	NaN	NaN	NaN
https://2025storiza.michaelbennie.org/audio_clips/6.1_end_12.6_uid_H7rAk5StNLc0VysmHcZQZTQFpBx2_sid_hjIbQ9OhnZrt82foK1t5_1743079725.mp3	evanhalperin,rose.m	-0.075512	0.937246	0.858024	0.852655	0.914933	-0.018040	NaN	NaN	NaN	NaN	1.000000	0.865751	0.999526	NaN	-0.075512	0.913818	-0.066489	NaN	NaN	NaN	NaN	1.000000	NaN	NaN	NaN	NaN	NaN	NaN	NaN	-0.038241	NaN	NaN	NaN	NaN	NaN	NaN	NaN	NaN	NaN	NaN	NaN	NaN	NaN	NaN	NaN	NaN	NaN	NaN	NaN	1.000000	1.000000	NaN	NaN	1.000000	NaN	NaN
https://2025storiza.michaelbennie.org/audio_clips/44.8_end_52.8_uid_u2hytH2KWIS6ewdShfEZisygqIo2_sid_Uuseoc3pCNdKNUvVZMD5_1742347682.mp3	claire.kuntz,emilianapulido	-0.075338	0.741258	0.395002	0.379244	0.721515	0.638181	NaN	1.000000	NaN	NaN	-0.014615	0.399317	0.998956	1.000000	0.606568	0.782384	0.612482	1.000000	1.000000	NaN	NaN	-0.002474	NaN	-0.075338	NaN	NaN	NaN	NaN	1.000000	NaN	0.620772	1.000000	NaN	NaN	NaN	NaN	NaN	NaN	NaN	NaN	1.000000	NaN	NaN	NaN	NaN	NaN	NaN	NaN	NaN	NaN	NaN	NaN	-0.015541	NaN	NaN	NaN
https://2025storiza.michaelbennie.org/audio_clips/11.5_end_19.1_uid_u2hytH2KWIS6ewdShfEZisygqIo2_sid_OYMPtsAm5CltlmZDwKKI_1741483914.mp3	claire.kuntz,ghineae	-0.074585	0.883551	0.712157	0.705656	1.000000	0.690497	NaN	NaN	NaN	NaN	0.290840	0.443500	1.000000	0.628972	1.000000	1.000000	1.000000	0.631019	NaN	NaN	NaN	1.000000	NaN	NaN	NaN	NaN	NaN	NaN	1.000000	1.000000	NaN	-0.016486	-0.000729	NaN	NaN	NaN	NaN	NaN	NaN	NaN	NaN	NaN	NaN	NaN	NaN	NaN	NaN	NaN	NaN	NaN	NaN	-0.074585	1.000000	NaN	NaN	NaN
https://2025storiza.michaelbennie.org/audio_clips/19.7_end_28.8_uid_FUCVnaPJeyV5kzao6jmObtdzLUE2_sid_uEGWjuJKqljXyeCQVcjs_1742905123.mp3	emilianapulido,rose.m	-0.074341	0.926424	0.885476	0.861874	0.910323	0.801983	NaN	-0.042412	0.997167	NaN	0.723427	0.735772	0.932619	0.758698	0.600709	0.899771	0.700891	NaN	-0.056077	0.997260	NaN	0.982031	NaN	0.999547	NaN	NaN	NaN	0.983990	0.979099	0.972722	0.573495	0.978311	NaN	NaN	NaN	NaN	NaN	NaN	NaN	NaN	0.000000	NaN	NaN	NaN	0.997354	NaN	NaN	NaN	NaN	NaN	-0.074341	0.999729	NaN	NaN	0.279328	0.981738
https://2025storiza.michaelbennie.org/audio_clips/48.9_end_54.8_uid_mHWscHBXcoabM7fdw88AliGuPWw1_sid_zNwobTQRQ5zMd2Rabg7s_1743380602.mp3	claire.kuntz,evanhalperin	-0.072991	0.822079	-0.072991	-0.055809	0.817397	-0.038071	NaN	NaN	NaN	NaN	NaN	-0.072561	1.000000	NaN	-0.048639	0.814835	-0.043669	NaN	NaN	NaN	NaN	NaN	NaN	NaN	NaN	NaN	NaN	NaN	-0.064072	NaN	NaN	-0.054288	NaN	NaN	NaN	NaN	NaN	NaN	NaN	NaN	NaN	NaN	NaN	NaN	NaN	NaN	NaN	NaN	NaN	NaN	NaN	NaN	NaN	NaN	NaN	NaN
https://2025storiza.michaelbennie.org/audio_clips/4.4_end_6.6_uid_eQ9VyOzVOCQWR7uTGBGzvfh3rUJ2_sid_BXMACxHtru85FV7B7SdW_1743022105.mp3	claire.kuntz,emilianapulido	-0.072033	0.788456	0.593588	1.000000	0.719035	0.403949	NaN	1.000000	NaN	NaN	NaN	0.371321	1.000000	1.000000	0.359713	0.635070	1.000000	1.000000	1.000000	NaN	NaN	NaN	NaN	-0.066805	NaN	NaN	NaN	NaN	NaN	1.000000	-0.066937	-0.072033	1.000000	1.000000	NaN	NaN	NaN	NaN	NaN	NaN	NaN	1.000000	NaN	NaN	NaN	NaN	NaN	NaN	NaN	NaN	NaN	NaN	NaN	NaN	NaN	NaN
https://2025storiza.michaelbennie.org/audio_clips/24.7_end_32.1_uid_sHl4il5Li8NKe5aMecUSJyXBFco2_sid_mg0Ugb9lQpWp0xhWl9aX_1742740162.mp3	benjaminmcneill,claire.kuntz	-0.071748	0.776460	0.307250	0.630315	0.750431	-0.009918	NaN	NaN	NaN	NaN	1.000000	0.653984	0.995790	NaN	0.000000	0.738167	-0.019991	NaN	NaN	NaN	NaN	1.000000	NaN	-0.071748	NaN	NaN	NaN	NaN	NaN	NaN	NaN	NaN	NaN	-0.000225	NaN	NaN	NaN	NaN	NaN	NaN	NaN	NaN	NaN	NaN	NaN	NaN	NaN	NaN	1.000000	NaN	NaN	NaN	NaN	NaN	NaN	NaN
https://2025storiza.michaelbennie.org/audio_clips/239.9_end_256.5_uid_IGe7nmfoeKQG1oyWJEMIv6KIP5Q2_sid_OJ3hCvb3pokTxqbvhJuh_1742508917.mp3	emilianapulido,rose.m	-0.069594	0.687574	0.466346	0.544811	0.748605	0.636600	NaN	0.999934	NaN	NaN	0.495357	0.525468	0.997076	0.999875	0.879543	0.817449	0.870191	0.999810	0.999935	NaN	NaN	0.369031	NaN	-0.030305	NaN	NaN	NaN	NaN	0.649501	0.641669	0.842524	0.625385	0.999656	-0.015898	NaN	NaN	NaN	NaN	NaN	NaN	0.999935	NaN	NaN	NaN	NaN	NaN	NaN	NaN	NaN	NaN	0.484935	0.999960	-0.069594	NaN	NaN	NaN
https://2025storiza.michaelbennie.org/audio_clips/235.5_end_255.4_uid_u2hytH2KWIS6ewdShfEZisygqIo2_sid_QzCLW5naFB7kEEygwpM4_1741483667.mp3	claire.kuntz,rose.m	-0.069526	1.000000	1.000000	1.000000	1.000000	0.665717	NaN	NaN	NaN	NaN	0.822563	0.695384	1.000000	0.416408	0.395790	1.000000	0.999999	1.000000	NaN	NaN	NaN	1.000000	NaN	NaN	NaN	NaN	NaN	NaN	1.000000	1.000000	0.999999	0.999998	-0.069526	NaN	NaN	NaN	NaN	NaN	NaN	NaN	NaN	NaN	NaN	NaN	NaN	NaN	NaN	NaN	NaN	1.000000	1.000000	0.462229	0.999997	NaN	NaN	NaN
https://2025storiza.michaelbennie.org/audio_clips/60.2_end_64.4_uid_0FdMSMtn95PJ9tLFeW3F4sFLPMh1_sid_X19DlwS3B4SOtR90cYJB_1743128893.mp3	claire.kuntz,rose.m	-0.068521	0.872417	0.325818	0.357674	1.000000	NaN	NaN	NaN	NaN	NaN	NaN	NaN	1.000000	-0.068521	NaN	1.000000	NaN	NaN	NaN	NaN	NaN	NaN	NaN	NaN	NaN	-0.041564	-0.017889	NaN	NaN	NaN	NaN	NaN	NaN	NaN	NaN	NaN	NaN	NaN	NaN	NaN	NaN	NaN	NaN	NaN	NaN	NaN	NaN	NaN	NaN	NaN	NaN	NaN	NaN	NaN	NaN	NaN
https://2025storiza.michaelbennie.org/audio_clips/19.5_end_25.8_uid_ZegJLYO9QiacSJTQWx7CWauRcQr1_sid_IP7PfaQTWmDEPd4AN0QI_1742611439.mp3	lamanjennifer,rose.m	-0.067725	0.658162	0.358144	0.337103	0.620207	-0.045289	NaN	-0.027144	NaN	NaN	0.858724	0.290121	0.980050	0.000000	-0.067725	0.473370	-0.053122	NaN	-0.043001	NaN	NaN	0.858366	NaN	0.346634	NaN	NaN	NaN	NaN	NaN	NaN	0.000000	NaN	NaN	NaN	NaN	NaN	NaN	NaN	NaN	NaN	-0.010265	NaN	-0.016094	NaN	NaN	NaN	NaN	NaN	NaN	NaN	NaN	NaN	NaN	0.858251	NaN	NaN
https://2025storiza.michaelbennie.org/audio_clips/293.2_end_333.0_uid_IGe7nmfoeKQG1oyWJEMIv6KIP5Q2_sid_OJ3hCvb3pokTxqbvhJuh_1742508917.mp3	emilianapulido,rose.m	-0.066141	0.641602	0.106572	0.117317	0.951171	0.999383	NaN	NaN	NaN	NaN	-0.003000	0.653315	0.998537	0.999394	0.999376	0.951476	0.999349	0.999377	NaN	NaN	NaN	-0.066141	-0.010657	NaN	NaN	0.000000	NaN	NaN	0.999362	NaN	NaN	NaN	NaN	NaN	NaN	NaN	NaN	NaN	NaN	NaN	NaN	NaN	NaN	NaN	NaN	NaN	NaN	NaN	NaN	NaN	NaN	NaN	-0.006287	NaN	NaN	NaN
https://2025storiza.michaelbennie.org/audio_clips/19.5_end_42.9_uid_8AhIEcEU81Sn83Fyb0gnFvpiNij2_sid_ub705UaRuZ1OeHvl4pH6_1742947635.mp3	claire.kuntz,rose.m	-0.065888	0.838223	0.586395	0.562676	1.000000	0.513642	NaN	NaN	NaN	NaN	0.521549	0.287117	0.927297	0.231634	0.516055	1.000000	0.704736	0.453733	NaN	NaN	NaN	0.715846	0.000000	NaN	NaN	0.000000	NaN	NaN	NaN	0.000000	0.727848	-0.013010	NaN	NaN	NaN	NaN	NaN	NaN	NaN	NaN	NaN	NaN	NaN	NaN	NaN	NaN	NaN	NaN	1.000000	NaN	-0.009443	1.000000	-0.065888	NaN	NaN	NaN
https://2025storiza.michaelbennie.org/audio_clips/19.6_end_82.5_uid_THJAu4lbjHRa32ysgvSU3Etlb0d2_sid_p7OiDOqVvL4ONZUx2IeK_1742425632.mp3	claire.kuntz,evanhalperin	-0.065825	0.924604	0.877931	0.873160	0.999078	-0.065825	NaN	NaN	NaN	NaN	0.804033	0.805248	0.999362	0.999634	-0.023758	0.999056	-0.033613	NaN	NaN	NaN	NaN	0.920793	NaN	NaN	NaN	-0.027180	NaN	0.999629	-0.065241	NaN	NaN	NaN	NaN	NaN	NaN	NaN	NaN	NaN	NaN	NaN	NaN	NaN	NaN	NaN	NaN	NaN	NaN	NaN	-0.041107	NaN	0.702279	0.774129	NaN	0.000000	0.000000	0.999628
https://2025storiza.michaelbennie.org/audio_clips/75.9_end_93.1_uid_tHP0GvI5hccNGBzYfgE2pkEHXiW2_sid_fekXGLlqzU2WnyoByMnJ_1743542906.mp3	evanhalperin,rose.m	-0.065060	0.882908	0.799710	0.805085	0.817727	0.729218	NaN	NaN	NaN	NaN	0.759276	0.694750	0.989931	NaN	0.452146	0.811406	0.994734	NaN	NaN	NaN	NaN	0.703009	NaN	NaN	NaN	0.979926	NaN	NaN	NaN	NaN	0.999552	0.999551	-0.014975	0.000000	NaN	NaN	NaN	NaN	NaN	NaN	NaN	NaN	NaN	NaN	NaN	NaN	NaN	NaN	-0.065060	0.999729	0.999520	NaN	0.641071	NaN	NaN	NaN
https://2025storiza.michaelbennie.org/audio_clips/38.0_end_55.6_uid_u2hytH2KWIS6ewdShfEZisygqIo2_sid_JWzwJL0aqbRtvTCiTdCm_1743194311.mp3	lamanjennifer,rose.m	-0.063494	0.896976	0.714107	0.836994	0.933869	1.000000	NaN	NaN	NaN	NaN	0.737757	0.781452	0.996155	NaN	0.252796	0.935348	1.000000	NaN	NaN	NaN	NaN	0.719550	NaN	0.000000	NaN	1.000000	NaN	NaN	NaN	1.000000	1.000000	NaN	NaN	NaN	NaN	NaN	NaN	NaN	NaN	NaN	NaN	NaN	NaN	NaN	NaN	NaN	NaN	NaN	NaN	NaN	NaN	-0.063494	0.998612	NaN	NaN	NaN
https://2025storiza.michaelbennie.org/audio_clips/57.6_end_61.9_uid_sHl4il5Li8NKe5aMecUSJyXBFco2_sid_ke09jdLvzmtmF4LOguMg_1742064389.mp3	benjaminmcneill,claire.kuntz	-0.063255	0.897953	0.626290	0.576047	0.885682	-0.063255	NaN	NaN	NaN	NaN	1.000000	0.605424	0.999990	NaN	-0.019516	0.884236	-0.034570	NaN	NaN	NaN	NaN	1.000000	NaN	NaN	NaN	NaN	NaN	NaN	-0.061600	NaN	NaN	NaN	NaN	NaN	NaN	NaN	NaN	NaN	NaN	NaN	NaN	NaN	NaN	NaN	NaN	NaN	NaN	NaN	NaN	NaN	NaN	NaN	1.000000	NaN	NaN	NaN
https://2025storiza.michaelbennie.org/audio_clips/69.1_end_73.3_uid_sHl4il5Li8NKe5aMecUSJyXBFco2_sid_ke09jdLvzmtmF4LOguMg_1742064389.mp3	benjaminmcneill,claire.kuntz	-0.063167	0.770392	0.452352	-0.063167	0.736751	NaN	NaN	NaN	NaN	NaN	NaN	NaN	0.791372	NaN	NaN	0.868316	NaN	NaN	NaN	NaN	NaN	NaN	NaN	0.324244	NaN	-0.032246	NaN	NaN	NaN	NaN	NaN	NaN	NaN	NaN	NaN	NaN	NaN	NaN	NaN	NaN	NaN	NaN	NaN	NaN	NaN	NaN	NaN	NaN	NaN	NaN	NaN	NaN	NaN	NaN	NaN	NaN
https://2025storiza.michaelbennie.org/audio_clips/42.5_end_68.4_uid_tHP0GvI5hccNGBzYfgE2pkEHXiW2_sid_fekXGLlqzU2WnyoByMnJ_1743542906.mp3	evanhalperin,rose.m	-0.062726	0.950679	0.908176	0.906885	0.997404	0.303136	NaN	NaN	-0.011621	NaN	0.827086	0.837822	0.956516	-0.055340	0.311692	0.997458	0.655242	NaN	NaN	-0.055884	NaN	0.887048	0.998080	NaN	NaN	NaN	NaN	NaN	NaN	-0.062726	0.640149	NaN	NaN	0.999683	NaN	NaN	NaN	NaN	NaN	NaN	NaN	NaN	NaN	NaN	-0.029807	NaN	NaN	NaN	0.000000	0.989908	0.804255	0.759044	0.626052	NaN	NaN	NaN
https://2025storiza.michaelbennie.org/audio_clips/93.0_end_113.8_uid_IGe7nmfoeKQG1oyWJEMIv6KIP5Q2_sid_OJ3hCvb3pokTxqbvhJuh_1742508917.mp3	emilianapulido,rose.m	-0.062122	0.787370	0.479484	0.451556	0.992333	NaN	NaN	NaN	NaN	NaN	0.419922	0.400660	0.991279	NaN	NaN	0.992330	NaN	NaN	NaN	NaN	NaN	0.385326	NaN	NaN	NaN	-0.040283	NaN	NaN	NaN	NaN	NaN	NaN	NaN	NaN	NaN	NaN	NaN	NaN	NaN	NaN	NaN	NaN	NaN	NaN	NaN	NaN	NaN	NaN	-0.062122	-0.007514	NaN	0.999626	-0.025248	NaN	NaN	NaN
https://2025storiza.michaelbennie.org/audio_clips/0.1_end_7.8_uid_tHP0GvI5hccNGBzYfgE2pkEHXiW2_sid_fekXGLlqzU2WnyoByMnJ_1743542906.mp3	evanhalperin,rose.m	-0.061283	0.858294	0.712178	0.714748	0.807090	0.999942	NaN	NaN	NaN	NaN	-0.015550	0.682822	0.998721	NaN	0.999950	0.791540	0.999943	NaN	NaN	NaN	NaN	-0.061283	NaN	NaN	NaN	NaN	NaN	NaN	NaN	NaN	NaN	NaN	NaN	0.999942	NaN	NaN	NaN	NaN	NaN	NaN	NaN	NaN	NaN	NaN	NaN	NaN	NaN	NaN	NaN	NaN	NaN	NaN	-0.026780	NaN	NaN	NaN
https://2025storiza.michaelbennie.org/audio_clips/50.5_end_60.4_uid_ZegJLYO9QiacSJTQWx7CWauRcQr1_sid_IP7PfaQTWmDEPd4AN0QI_1742611439.mp3	lamanjennifer,rose.m	-0.057529	0.714345	0.554229	0.625298	0.690904	0.373168	NaN	NaN	NaN	NaN	0.747477	0.636150	0.984553	NaN	0.172308	0.707937	0.310081	NaN	NaN	NaN	NaN	0.858434	NaN	0.398539	NaN	NaN	NaN	NaN	-0.006025	0.999217	-0.002180	0.000000	NaN	NaN	NaN	NaN	NaN	NaN	NaN	NaN	NaN	NaN	NaN	NaN	NaN	NaN	NaN	NaN	NaN	0.999300	-0.057529	-0.000275	NaN	0.997751	NaN	NaN
https://2025storiza.michaelbennie.org/audio_clips/19.8_end_31.3_uid_u2hytH2KWIS6ewdShfEZisygqIo2_sid_RxGwyd4cqfpuxwAp2VR4_1741140582.mp3	lamanjennifer,rose.m	-0.057224	0.767045	0.550566	0.457474	0.904477	0.421072	NaN	NaN	NaN	NaN	0.236063	0.341785	0.976593	NaN	0.190615	0.884215	0.401843	NaN	NaN	NaN	NaN	0.660219	NaN	0.999028	NaN	NaN	NaN	NaN	0.623811	NaN	0.000000	NaN	NaN	NaN	NaN	NaN	NaN	NaN	NaN	NaN	NaN	NaN	NaN	NaN	NaN	NaN	NaN	NaN	NaN	-0.043342	-0.057224	-0.016913	0.617794	NaN	NaN	NaN
https://2025storiza.michaelbennie.org/audio_clips/3.2_end_18.3_uid_TzE1wYChYkTUAVNeVtZjXuO8cBi2_sid_xVtZiYDJKDrpbrcttqPg_1743434705.mp3	claire.kuntz,evanhalperin,rose.m	-0.057120	0.852921	0.714504	0.716684	0.885856	0.729759	NaN	NaN	NaN	NaN	0.501607	0.725945	0.931009	0.724946	0.734424	0.882728	0.725133	0.736800	NaN	NaN	NaN	0.707386	NaN	NaN	NaN	NaN	NaN	NaN	-0.007559	1.000000	NaN	NaN	NaN	NaN	NaN	NaN	NaN	NaN	NaN	NaN	NaN	NaN	NaN	NaN	NaN	NaN	NaN	NaN	NaN	0.652751	-0.018527	NaN	-0.057120	NaN	NaN	NaN
https://2025storiza.michaelbennie.org/audio_clips/33.1_end_42.1_uid_mHWscHBXcoabM7fdw88AliGuPWw1_sid_EQsr4DpbhhU9H6jNAk8v_1743380887.mp3	claire.kuntz,emilianapulido	-0.055599	0.640559	0.611015	0.701853	0.560858	0.483561	NaN	-0.016817	NaN	NaN	0.630147	0.420876	0.925278	0.541073	0.337478	0.651762	0.813812	1.000000	-0.019411	NaN	NaN	0.587807	NaN	-0.055599	NaN	NaN	NaN	NaN	0.632356	1.000000	-0.020536	NaN	-0.032943	NaN	NaN	NaN	NaN	NaN	NaN	NaN	NaN	NaN	-0.016890	NaN	NaN	NaN	NaN	NaN	NaN	NaN	1.000000	NaN	-0.050844	NaN	NaN	NaN
https://2025storiza.michaelbennie.org/audio_clips/0.1_end_9.7_uid_Gt0cspsUtRSvEXXHZKUWlVAfyVq2_sid_guX3M4m7zAWaX5Uuw8WL_1742607115.mp3	hamern,rose.m	-0.055337	0.910885	0.397279	0.406351	0.999999	0.390000	NaN	NaN	NaN	NaN	NaN	0.424243	0.999999	-0.049830	1.000000	0.999999	1.000000	-0.055337	NaN	NaN	NaN	NaN	NaN	NaN	NaN	NaN	NaN	NaN	NaN	-0.008344	NaN	NaN	NaN	-0.014983	NaN	NaN	NaN	NaN	NaN	NaN	NaN	NaN	NaN	NaN	NaN	NaN	NaN	NaN	NaN	NaN	NaN	NaN	NaN	NaN	NaN	NaN
https://2025storiza.michaelbennie.org/audio_clips/281.6_end_292.8_uid_IGe7nmfoeKQG1oyWJEMIv6KIP5Q2_sid_OJ3hCvb3pokTxqbvhJuh_1742508917.mp3	emilianapulido,rose.m	-0.055201	0.640949	0.063702	0.085528	0.911640	NaN	NaN	NaN	NaN	-0.035041	0.787300	0.389689	0.997829	NaN	NaN	0.912139	NaN	NaN	NaN	NaN	-0.032327	0.467352	NaN	NaN	NaN	-0.047422	NaN	NaN	NaN	NaN	NaN	NaN	NaN	NaN	NaN	NaN	NaN	NaN	NaN	NaN	NaN	NaN	NaN	NaN	NaN	NaN	0.000000	NaN	NaN	0.997951	NaN	NaN	-0.055201	NaN	NaN	NaN
https://2025storiza.michaelbennie.org/audio_clips/62.0_end_69.0_uid_sHl4il5Li8NKe5aMecUSJyXBFco2_sid_ke09jdLvzmtmF4LOguMg_1742064389.mp3	benjaminmcneill,claire.kuntz	-0.054732	0.820070	-0.054732	0.000000	0.823412	0.000000	NaN	NaN	NaN	NaN	NaN	-0.009691	0.996810	NaN	-0.021511	0.792863	0.000000	NaN	NaN	NaN	NaN	NaN	NaN	-0.008634	NaN	NaN	NaN	NaN	NaN	NaN	-0.003203	NaN	NaN	NaN	NaN	NaN	NaN	NaN	NaN	NaN	NaN	NaN	NaN	NaN	NaN	NaN	NaN	NaN	NaN	NaN	NaN	NaN	NaN	NaN	NaN	NaN
https://2025storiza.michaelbennie.org/audio_clips/78.4_end_92.7_uid_WXRuAJyMuAViHCpYPRVffOrexB03_sid_H4UzBBUu9GcvIGFhnpPB_1742774655.mp3	claire.kuntz,rose.m	-0.053020	0.912546	0.774435	0.773551	0.899332	0.447667	NaN	NaN	NaN	NaN	0.781582	0.559417	1.000000	1.000000	0.453530	0.897817	1.000000	1.000000	NaN	NaN	NaN	0.750579	NaN	NaN	NaN	NaN	NaN	NaN	1.000000	-0.053020	1.000000	NaN	NaN	-0.018838	NaN	NaN	NaN	NaN	NaN	NaN	NaN	NaN	NaN	NaN	NaN	NaN	NaN	NaN	0.000000	1.000000	1.000000	NaN	NaN	NaN	NaN	NaN
https://2025storiza.michaelbennie.org/audio_clips/61.3_end_70.5_uid_I5PkY0CN4APYEiJFCl7sORsrQxu2_sid_u73KbIfuyhgqDxJR2ONu_1743017516.mp3	claire.kuntz,ghineae	-0.051804	0.726062	0.205141	0.153329	0.856165	-0.016917	NaN	NaN	NaN	NaN	0.170971	0.193836	0.913818	NaN	0.000000	0.850882	0.000000	NaN	NaN	NaN	NaN	0.687584	NaN	NaN	NaN	NaN	NaN	NaN	NaN	NaN	-0.014495	0.000000	NaN	NaN	NaN	NaN	NaN	NaN	NaN	NaN	NaN	NaN	NaN	NaN	NaN	NaN	NaN	NaN	-0.033900	NaN	-0.022511	-0.051804	NaN	NaN	NaN	NaN
https://2025storiza.michaelbennie.org/audio_clips/1.8_end_22.0_uid_8AhIEcEU81Sn83Fyb0gnFvpiNij2_sid_BvRzBwK6rCwMM0GIyHlY_1743120197.mp3	benjaminmcneill,claire.kuntz	-0.050440	0.876634	-0.014649	-0.010358	0.865019	-0.016876	NaN	NaN	NaN	NaN	-0.020342	-0.050440	1.000000	NaN	-0.030575	0.868014	-0.017920	NaN	NaN	NaN	NaN	-0.020372	NaN	NaN	NaN	NaN	NaN	NaN	-0.011155	NaN	NaN	NaN	NaN	NaN	NaN	NaN	NaN	NaN	NaN	NaN	NaN	NaN	NaN	NaN	NaN	NaN	NaN	NaN	NaN	NaN	NaN	0.000000	NaN	NaN	NaN	NaN
https://2025storiza.michaelbennie.org/audio_clips/42.3_end_48.8_uid_d4lLmJzVbJaLpyCuafResXOry3t2_sid_CIX8Q1BHKmu5ChPnP1ak_1742240966.mp3	claire.kuntz,rose.m	-0.049763	0.899220	0.704399	0.707137	0.999612	0.720848	NaN	NaN	NaN	NaN	NaN	0.716550	0.999766	0.659859	0.999925	0.999638	0.999925	0.634136	NaN	NaN	NaN	NaN	NaN	NaN	NaN	NaN	NaN	NaN	1.000000	-0.049763	NaN	NaN	1.000000	-0.036754	NaN	NaN	NaN	NaN	NaN	NaN	NaN	NaN	NaN	NaN	NaN	NaN	NaN	NaN	NaN	NaN	NaN	NaN	NaN	NaN	NaN	NaN
https://2025storiza.michaelbennie.org/audio_clips/47.3_end_51.3_uid_EfKQNmht2ebtDnNadrezErlhcDF3_sid_WbzHVYfLznidwbd3NQZn_1743544365.mp3	claire.kuntz,rose.m	-0.049109	0.840093	0.636980	1.000000	0.773177	1.000000	NaN	1.000000	NaN	NaN	NaN	1.000000	1.000000	1.000000	1.000000	0.751113	1.000000	NaN	1.000000	NaN	NaN	NaN	NaN	-0.049109	NaN	NaN	NaN	NaN	NaN	NaN	1.000000	NaN	NaN	NaN	NaN	NaN	NaN	NaN	NaN	NaN	1.000000	NaN	NaN	NaN	NaN	NaN	NaN	NaN	NaN	NaN	NaN	NaN	NaN	NaN	NaN	NaN
https://2025storiza.michaelbennie.org/audio_clips/39.8_end_43.5_uid_uJ59YClhDZUuJsN0vsDR1GRv6pu1_sid_BgEKj3YsDOc1MjBj4yDv_1741917511.mp3	emilianapulido,evanhalperin	-0.048386	0.758661	0.439696	-0.048386	0.714178	0.000000	NaN	NaN	NaN	NaN	NaN	0.000000	0.997343	0.999792	0.294670	0.659342	-0.015158	NaN	NaN	NaN	NaN	NaN	-0.027668	NaN	0.999783	NaN	NaN	NaN	NaN	NaN	NaN	-0.027562	NaN	NaN	NaN	NaN	NaN	NaN	NaN	NaN	NaN	NaN	NaN	NaN	NaN	NaN	NaN	NaN	NaN	NaN	NaN	NaN	NaN	NaN	NaN	NaN
https://2025storiza.michaelbennie.org/audio_clips/6.6_end_11.7_uid_tHP0GvI5hccNGBzYfgE2pkEHXiW2_sid_k23UwEyVvFJZPFemhezx_1743457124.mp3	claire.kuntz,rose.m	-0.048318	0.605137	0.055221	0.109076	0.797322	0.552493	NaN	NaN	NaN	NaN	NaN	0.503710	1.000000	-0.040363	0.134395	0.794877	0.482790	-0.048318	NaN	NaN	NaN	NaN	NaN	NaN	NaN	NaN	NaN	NaN	NaN	1.000000	NaN	NaN	NaN	-0.036640	NaN	NaN	NaN	NaN	NaN	NaN	NaN	NaN	NaN	NaN	NaN	NaN	NaN	NaN	NaN	NaN	NaN	NaN	NaN	NaN	NaN	NaN
https://2025storiza.michaelbennie.org/audio_clips/12.1_end_19.5_uid_FUCVnaPJeyV5kzao6jmObtdzLUE2_sid_VP8ZqGQAw050ePA4KqWb_1742904863.mp3	claire.kuntz,rose.m	-0.046394	0.734114	0.127197	0.178169	1.000000	0.484828	NaN	NaN	NaN	NaN	0.999994	0.495883	0.999999	-0.016018	0.479859	1.000000	0.999994	-0.020241	NaN	NaN	NaN	0.404022	NaN	NaN	NaN	NaN	NaN	NaN	0.000000	0.999994	-0.010160	NaN	NaN	-0.046394	NaN	NaN	NaN	NaN	NaN	NaN	NaN	NaN	NaN	NaN	NaN	NaN	NaN	NaN	NaN	NaN	0.999994	NaN	NaN	NaN	NaN	NaN
https://2025storiza.michaelbennie.org/audio_clips/81.2_end_92.9_uid_XmxSYUZAj4dRqSczt2clQkDf31M2_sid_qaLzxMtHTyjMeYNVaGNP_1741316108.mp3	emilianapulido,rose.m	-0.046257	0.992606	0.989483	0.989067	0.996357	0.839412	NaN	0.998294	NaN	NaN	0.694011	0.702550	0.993105	0.998986	0.694019	0.996594	0.982987	NaN	0.998269	NaN	NaN	0.998013	NaN	NaN	NaN	NaN	NaN	NaN	-0.046257	0.979265	0.978091	0.746139	NaN	NaN	NaN	NaN	NaN	NaN	NaN	NaN	0.998183	NaN	NaN	NaN	NaN	NaN	NaN	NaN	NaN	0.999611	0.996661	NaN	-0.031473	NaN	NaN	NaN
https://2025storiza.michaelbennie.org/audio_clips/60.4_end_67.2_uid_sHl4il5Li8NKe5aMecUSJyXBFco2_sid_yHl0ErSvLJToSxLcmZqU_1741190708.mp3	claire.kuntz,ghineae	-0.045807	0.887122	0.639150	0.619526	0.997162	0.792263	NaN	-0.016948	NaN	NaN	-0.045807	0.573600	0.958794	0.643188	0.788973	0.997110	0.778943	1.000000	-0.013227	NaN	NaN	-0.033965	NaN	NaN	NaN	-0.001496	NaN	NaN	1.000000	NaN	0.768376	0.000000	NaN	NaN	NaN	NaN	NaN	NaN	NaN	NaN	-0.016810	NaN	NaN	NaN	NaN	NaN	NaN	NaN	NaN	NaN	-0.006442	NaN	NaN	NaN	NaN	NaN
https://2025storiza.michaelbennie.org/audio_clips/89.4_end_95.9_uid_ejZWulX03uRlAA3C5VqYK6jKNYs1_sid_MOPOHyNsaUnsUUfWTTX8_1741134023.mp3	ghineae,rose.m	-0.044891	0.782524	0.295365	0.332796	0.797077	0.393666	NaN	0.619940	0.000000	NaN	NaN	0.322796	0.897432	0.462932	0.416475	0.792728	0.653053	NaN	0.550123	-0.044891	NaN	NaN	NaN	NaN	NaN	NaN	NaN	NaN	0.000000	NaN	0.584666	NaN	NaN	NaN	NaN	NaN	NaN	NaN	NaN	NaN	0.613842	NaN	NaN	NaN	0.000000	NaN	NaN	NaN	NaN	NaN	NaN	NaN	NaN	NaN	NaN	NaN
https://2025storiza.michaelbennie.org/audio_clips/49.3_end_77.4_uid_ejZWulX03uRlAA3C5VqYK6jKNYs1_sid_P6kAd6A5SfFBLSW9pJpN_1741135137.mp3	claire.kuntz,rose.m	-0.043525	0.863012	0.805093	0.865427	0.729228	NaN	NaN	NaN	NaN	NaN	0.447876	0.445073	0.999964	NaN	NaN	0.846362	NaN	NaN	NaN	NaN	NaN	0.390821	0.867452	-0.016743	NaN	NaN	NaN	NaN	NaN	NaN	NaN	NaN	NaN	NaN	NaN	NaN	NaN	NaN	NaN	NaN	NaN	NaN	NaN	NaN	NaN	NaN	NaN	NaN	NaN	0.000000	1.000000	NaN	1.000000	-0.043525	NaN	NaN
https://2025storiza.michaelbennie.org/audio_clips/37.3_end_42.6_uid_M3RVTGHWrAMCChSiCDrpejluqjQ2_sid_52iKz0qFxDVHZ4G3FKVF_1742428112.mp3	claire.kuntz,landonturner	-0.042835	0.825762	-0.042835	-0.028054	0.817081	-0.034232	NaN	-0.015477	NaN	NaN	NaN	-0.016571	0.993542	-0.038466	-0.033378	0.796565	-0.007482	NaN	-0.005338	NaN	NaN	NaN	NaN	NaN	NaN	NaN	NaN	NaN	NaN	NaN	NaN	NaN	-0.015182	NaN	NaN	NaN	NaN	NaN	NaN	NaN	NaN	NaN	-0.017814	NaN	NaN	NaN	NaN	NaN	NaN	NaN	NaN	NaN	NaN	NaN	NaN	NaN
https://2025storiza.michaelbennie.org/audio_clips/1.0_end_5.3_uid_EfKQNmht2ebtDnNadrezErlhcDF3_sid_QXLPyE3O9OLjhb4NwTVz_1741215060.mp3	claire.kuntz,rose.m	-0.042770	0.996994	1.000000	1.000000	0.996986	NaN	NaN	NaN	NaN	NaN	0.352535	0.327781	0.998009	NaN	NaN	0.996921	NaN	NaN	NaN	NaN	NaN	1.000000	NaN	NaN	NaN	NaN	NaN	NaN	NaN	NaN	NaN	NaN	NaN	NaN	NaN	NaN	NaN	NaN	NaN	NaN	NaN	NaN	NaN	NaN	NaN	NaN	NaN	NaN	-0.036840	NaN	NaN	NaN	-0.042770	NaN	NaN	NaN
https://2025storiza.michaelbennie.org/audio_clips/165.9_end_190.7_uid_IGe7nmfoeKQG1oyWJEMIv6KIP5Q2_sid_OJ3hCvb3pokTxqbvhJuh_1742508917.mp3	emilianapulido,rose.m	-0.042041	0.650524	0.345274	0.403061	0.776892	1.000000	NaN	NaN	NaN	NaN	0.435921	0.533381	0.951240	1.000000	1.000000	0.775725	1.000000	1.000000	NaN	NaN	NaN	0.416647	NaN	-0.042041	NaN	-0.013126	NaN	NaN	NaN	1.000000	NaN	NaN	NaN	NaN	NaN	NaN	NaN	NaN	NaN	NaN	NaN	NaN	NaN	NaN	NaN	NaN	NaN	NaN	1.000000	0.984382	0.000000	-0.011770	0.000000	NaN	NaN	NaN
https://2025storiza.michaelbennie.org/audio_clips/57.3_end_61.0_uid_flpss45kNMRJ1OyjEiJaPFx5rCo2_sid_cqG7XCJHLAa4J12lsMtP_1743380445.mp3	claire.kuntz,emilianapulido	-0.040540	0.904472	0.707786	0.722300	1.000000	0.326885	NaN	NaN	NaN	NaN	1.000000	0.693903	1.000000	-0.030600	0.347189	1.000000	1.000000	-0.037579	NaN	NaN	NaN	1.000000	NaN	NaN	NaN	NaN	NaN	NaN	NaN	1.000000	NaN	-0.040540	NaN	NaN	NaN	NaN	NaN	NaN	NaN	NaN	NaN	NaN	NaN	NaN	NaN	NaN	NaN	NaN	NaN	1.000000	1.000000	NaN	NaN	NaN	NaN	NaN
https://2025storiza.michaelbennie.org/audio_clips/63.6_end_68.7_uid_tHP0GvI5hccNGBzYfgE2pkEHXiW2_sid_YLXuurDAeYQaKiiuD7UK_1743542725.mp3	claire.kuntz,rose.m	-0.039937	1.000000	1.000000	1.000000	1.000000	1.000000	NaN	NaN	NaN	NaN	0.387099	0.435219	1.000000	NaN	0.452968	1.000000	1.000000	NaN	NaN	NaN	NaN	1.000000	1.000000	NaN	NaN	NaN	NaN	NaN	NaN	NaN	1.000000	NaN	NaN	NaN	NaN	NaN	NaN	NaN	NaN	NaN	NaN	NaN	NaN	NaN	NaN	NaN	NaN	NaN	NaN	NaN	1.000000	-0.039937	NaN	NaN	NaN	NaN
https://2025storiza.michaelbennie.org/audio_clips/43.1_end_58.5_uid_mHWscHBXcoabM7fdw88AliGuPWw1_sid_TimeuyvM8OW2QTrM03GC_1741215243.mp3	claire.kuntz,landonturner	-0.039684	0.676939	0.482829	0.487149	0.283297	0.278229	NaN	NaN	NaN	NaN	0.181213	0.168179	0.999748	NaN	0.469951	0.322076	0.622752	NaN	NaN	NaN	NaN	0.483217	NaN	NaN	NaN	NaN	NaN	NaN	0.653732	-0.033244	-0.039684	NaN	0.441736	NaN	NaN	NaN	NaN	NaN	NaN	NaN	NaN	NaN	NaN	NaN	NaN	NaN	NaN	NaN	0.000000	-0.001765	0.119073	NaN	NaN	NaN	NaN	NaN
https://2025storiza.michaelbennie.org/audio_clips/6.3_end_13.5_uid_M3RVTGHWrAMCChSiCDrpejluqjQ2_sid_sfqObzhvO3itXnX1XMIO_1743016882.mp3	claire.kuntz,rose.m	-0.037502	0.999886	1.000000	1.000000	0.999890	0.466035	NaN	NaN	NaN	NaN	NaN	0.455215	0.999920	NaN	0.464064	0.999891	1.000000	NaN	NaN	NaN	NaN	NaN	NaN	NaN	NaN	NaN	NaN	NaN	1.000000	1.000000	1.000000	-0.016493	-0.037502	-0.028928	NaN	NaN	NaN	NaN	NaN	NaN	NaN	NaN	NaN	NaN	NaN	NaN	NaN	NaN	NaN	NaN	NaN	NaN	NaN	NaN	NaN	NaN
https://2025storiza.michaelbennie.org/audio_clips/98.8_end_118.2_uid_8AhIEcEU81Sn83Fyb0gnFvpiNij2_sid_dWWHqaNCItDHVTJsppiM_1742342703.mp3	claire.kuntz,emilianapulido	-0.037248	0.731359	0.405977	0.417736	0.697417	0.134466	NaN	NaN	NaN	NaN	1.000000	0.226335	0.999929	NaN	0.160968	0.715319	0.350997	NaN	NaN	NaN	NaN	1.000000	NaN	NaN	NaN	NaN	NaN	NaN	-0.037248	NaN	NaN	NaN	0.453695	NaN	NaN	NaN	NaN	NaN	NaN	NaN	NaN	NaN	NaN	NaN	NaN	NaN	NaN	NaN	1.000000	NaN	NaN	NaN	NaN	NaN	NaN	NaN
https://2025storiza.michaelbennie.org/audio_clips/240.2_end_328.1_uid_FecxEEwWTpW5fnBaHIGu821YiLh2_sid_5CDuMCZzZSESFX0X8vIr_1742344504.mp3	claire.kuntz,rose.m	-0.036911	0.792813	0.687550	0.682479	0.958131	0.596907	NaN	0.847881	NaN	NaN	0.716527	0.535689	0.957192	0.641911	0.530936	0.956553	0.834957	-0.036911	0.837836	NaN	NaN	0.856803	NaN	NaN	NaN	NaN	NaN	0.769671	0.761059	0.929662	0.652590	0.722810	0.285525	0.562066	NaN	NaN	NaN	NaN	NaN	NaN	1.000000	0.661698	1.000000	NaN	NaN	NaN	NaN	NaN	1.000000	NaN	0.872287	0.900666	0.619064	0.666667	0.360722	0.437047
https://2025storiza.michaelbennie.org/audio_clips/44.1_end_51.4_uid_mHWscHBXcoabM7fdw88AliGuPWw1_sid_lz3I7DDQoORrxWnoDM8h_1741216155.mp3	claire.kuntz,rose.m	-0.036853	0.624603	0.301988	0.271182	0.393128	-0.021222	NaN	NaN	NaN	NaN	0.617920	0.222023	1.000000	1.000000	0.216165	0.382966	0.010247	1.000000	NaN	NaN	NaN	0.621952	NaN	NaN	NaN	NaN	NaN	NaN	-0.036853	NaN	NaN	NaN	NaN	NaN	NaN	NaN	NaN	NaN	NaN	NaN	NaN	NaN	NaN	NaN	NaN	NaN	NaN	NaN	NaN	NaN	NaN	NaN	0.609726	NaN	NaN	NaN
https://2025storiza.michaelbennie.org/audio_clips/60.7_end_94.7_uid_WXRuAJyMuAViHCpYPRVffOrexB03_sid_Ttc81IXIedFGPCeX9A2y_1741217243.mp3	evanhalperin,rose.m	-0.036564	0.772170	0.657745	0.661217	0.662585	0.995825	NaN	NaN	NaN	NaN	0.589516	0.586337	0.954787	NaN	0.995814	0.644836	0.995637	NaN	NaN	NaN	NaN	0.629746	NaN	NaN	NaN	NaN	NaN	NaN	NaN	0.995893	0.995564	NaN	NaN	NaN	NaN	NaN	NaN	NaN	NaN	NaN	NaN	NaN	NaN	NaN	NaN	NaN	NaN	NaN	-0.036564	0.000000	0.995788	NaN	0.702445	NaN	NaN	NaN
https://2025storiza.michaelbennie.org/audio_clips/29.4_end_35.5_uid_Gt0cspsUtRSvEXXHZKUWlVAfyVq2_sid_qKQmMKuXG2FOUvLlR8Nk_1742062228.mp3	claire.kuntz,ghineae	-0.035452	0.864818	0.000000	-0.016860	0.866598	-0.035452	NaN	NaN	NaN	NaN	NaN	-0.005997	1.000000	NaN	0.000000	0.864481	-0.010315	NaN	NaN	NaN	NaN	NaN	NaN	NaN	NaN	NaN	NaN	NaN	-0.026341	NaN	NaN	NaN	NaN	NaN	NaN	NaN	NaN	NaN	NaN	NaN	NaN	NaN	NaN	NaN	NaN	NaN	NaN	NaN	NaN	NaN	NaN	NaN	NaN	NaN	NaN	NaN
https://2025storiza.michaelbennie.org/audio_clips/5.5_end_14.1_uid_EfKQNmht2ebtDnNadrezErlhcDF3_sid_DHkzC6iHwVqz1EYkGumN_1743544680.mp3	claire.kuntz,rose.m	-0.034115	0.916947	0.639127	0.628972	0.907317	0.000000	NaN	NaN	NaN	NaN	1.000000	0.623803	1.000000	NaN	-0.017142	0.908180	-0.030609	NaN	NaN	NaN	NaN	1.000000	NaN	NaN	NaN	NaN	NaN	NaN	-0.034115	NaN	NaN	NaN	NaN	NaN	NaN	NaN	NaN	NaN	NaN	NaN	NaN	NaN	NaN	NaN	NaN	NaN	NaN	NaN	NaN	NaN	NaN	NaN	1.000000	NaN	NaN	NaN
https://2025storiza.michaelbennie.org/audio_clips/28.6_end_33.8_uid_ovpeape9PZbAq7VLrirwGOYrvsh1_sid_ifSoKKyuVEYsVfxqWLTI_1742389868.mp3	claire.kuntz,landonturner	-0.033926	0.690219	-0.033166	-0.008387	0.701111	-0.018053	NaN	-0.013061	-0.015211	NaN	NaN	-0.013551	0.856385	-0.004029	0.000000	0.700104	-0.003735	NaN	-0.021749	-0.016815	NaN	NaN	NaN	-0.033926	NaN	NaN	NaN	0.000000	NaN	NaN	0.000000	NaN	NaN	NaN	NaN	NaN	NaN	NaN	NaN	NaN	0.000000	NaN	NaN	0.000000	NaN	NaN	NaN	NaN	NaN	NaN	NaN	NaN	NaN	NaN	NaN	NaN
https://2025storiza.michaelbennie.org/audio_clips/44.4_end_50.3_uid_mHWscHBXcoabM7fdw88AliGuPWw1_sid_7uCDiTq1wssSMWEFdyG8_1742239940.mp3	claire.kuntz,rose.m	-0.033849	0.897332	0.773389	0.752110	0.843402	0.780973	NaN	NaN	NaN	NaN	NaN	0.776561	1.000000	NaN	0.786944	0.839681	0.767839	NaN	NaN	NaN	NaN	NaN	NaN	NaN	NaN	NaN	NaN	NaN	1.000000	NaN	-0.033849	NaN	1.000000	NaN	NaN	NaN	NaN	NaN	NaN	NaN	NaN	NaN	NaN	NaN	NaN	NaN	NaN	NaN	NaN	NaN	NaN	NaN	NaN	NaN	NaN	NaN
https://2025storiza.michaelbennie.org/audio_clips/44.8_end_51.3_uid_uJ59YClhDZUuJsN0vsDR1GRv6pu1_sid_oQsxoiXVweAiKFRpos7H_1741229499.mp3	claire.kuntz,ghineae	-0.033834	0.885302	-0.017070	0.000000	0.882539	-0.016722	NaN	NaN	NaN	NaN	NaN	-0.032385	1.000000	NaN	-0.033834	0.880557	0.000000	NaN	NaN	NaN	NaN	NaN	NaN	NaN	NaN	NaN	NaN	NaN	NaN	NaN	-0.016932	NaN	NaN	NaN	NaN	NaN	NaN	NaN	NaN	NaN	NaN	NaN	NaN	NaN	NaN	NaN	NaN	NaN	NaN	NaN	NaN	NaN	NaN	NaN	NaN	NaN
https://2025storiza.michaelbennie.org/audio_clips/5.1_end_14.6_uid_tHP0GvI5hccNGBzYfgE2pkEHXiW2_sid_rLPnR4znaTm5MBeGpUC3_1743543079.mp3	claire.kuntz,rose.m	-0.033531	0.636494	0.320731	0.317841	0.827949	0.472869	NaN	NaN	NaN	NaN	0.186832	0.444145	0.954379	NaN	0.472584	0.833359	0.476307	NaN	NaN	NaN	NaN	0.424905	0.000000	NaN	NaN	NaN	NaN	NaN	0.999227	NaN	-0.033531	0.000000	NaN	NaN	NaN	NaN	NaN	NaN	NaN	NaN	NaN	NaN	NaN	NaN	NaN	NaN	NaN	NaN	NaN	NaN	0.706749	0.000000	NaN	NaN	NaN	NaN
https://2025storiza.michaelbennie.org/audio_clips/10.0_end_15.1_uid_eyem3EvRZrZsMzdS2HOEHLIsGTs1_sid_Gi6CTd0h6i7rPtveJk1O_1742516188.mp3	claire.kuntz,rose.m	-0.033090	0.883723	0.425986	0.406267	1.000000	1.000000	NaN	-0.033090	NaN	NaN	1.000000	0.450276	1.000000	1.000000	1.000000	1.000000	1.000000	-0.021829	-0.016766	NaN	NaN	1.000000	NaN	NaN	NaN	NaN	NaN	NaN	NaN	NaN	1.000000	NaN	NaN	NaN	NaN	NaN	NaN	NaN	NaN	NaN	NaN	-0.007633	NaN	NaN	NaN	NaN	NaN	NaN	NaN	NaN	1.000000	NaN	NaN	NaN	NaN	NaN
https://2025storiza.michaelbennie.org/audio_clips/123.6_end_152.5_uid_EOwDjm2STZfXSXQJzWXadFRGRzn1_sid_TU328FfALQCYV7VHYamo_1744069610.mp3	claire.kuntz,rose.m	-0.032741	0.837127	0.547109	0.545019	0.921085	0.203587	NaN	NaN	NaN	NaN	0.456689	0.288121	1.000000	0.645747	0.583041	0.921561	0.455589	0.652494	NaN	NaN	NaN	0.428594	1.000000	NaN	NaN	NaN	NaN	NaN	1.000000	1.000000	0.000000	-0.032741	NaN	0.000000	NaN	NaN	NaN	NaN	NaN	NaN	NaN	NaN	NaN	NaN	NaN	NaN	NaN	NaN	NaN	0.000000	0.000000	NaN	1.000000	NaN	NaN	NaN
https://2025storiza.michaelbennie.org/audio_clips/35.4_end_42.2_uid_flpss45kNMRJ1OyjEiJaPFx5rCo2_sid_cqG7XCJHLAa4J12lsMtP_1743380445.mp3	claire.kuntz,emilianapulido	-0.032553	0.764077	0.397957	0.639016	0.787790	0.631028	NaN	NaN	NaN	NaN	NaN	0.596527	0.996877	NaN	0.083327	0.773381	0.639611	NaN	NaN	NaN	NaN	NaN	NaN	-0.032553	NaN	NaN	NaN	NaN	NaN	NaN	0.599669	NaN	NaN	NaN	NaN	NaN	NaN	NaN	NaN	NaN	NaN	NaN	NaN	NaN	NaN	NaN	NaN	NaN	NaN	NaN	NaN	NaN	NaN	NaN	NaN	NaN
https://2025storiza.michaelbennie.org/audio_clips/10.4_end_28.7_uid_d4lLmJzVbJaLpyCuafResXOry3t2_sid_CIX8Q1BHKmu5ChPnP1ak_1742240966.mp3	claire.kuntz,rose.m	-0.032408	0.913128	-0.032408	0.000000	0.905949	0.000000	NaN	NaN	NaN	NaN	NaN	0.000000	0.999999	NaN	0.000000	0.906542	-0.016045	NaN	NaN	NaN	NaN	NaN	NaN	NaN	NaN	NaN	NaN	NaN	0.000000	0.000000	NaN	NaN	NaN	NaN	NaN	NaN	NaN	NaN	NaN	NaN	NaN	NaN	NaN	NaN	NaN	NaN	NaN	NaN	NaN	NaN	NaN	NaN	NaN	NaN	NaN	NaN
https://2025storiza.michaelbennie.org/audio_clips/0.3_end_2.8_uid_sHl4il5Li8NKe5aMecUSJyXBFco2_sid_yHl0ErSvLJToSxLcmZqU_1741190708.mp3	claire.kuntz,ghineae	-0.032194	0.736716	0.354053	0.346769	0.695104	0.356648	NaN	-0.020888	NaN	NaN	1.000000	0.347897	1.000000	0.000000	-0.032194	0.665370	0.226893	-0.031622	0.000000	NaN	NaN	1.000000	NaN	NaN	NaN	NaN	NaN	NaN	1.000000	0.542059	0.235149	1.000000	NaN	NaN	NaN	NaN	NaN	NaN	NaN	NaN	NaN	-0.005400	NaN	NaN	NaN	NaN	NaN	NaN	NaN	NaN	1.000000	NaN	NaN	NaN	NaN	NaN
https://2025storiza.michaelbennie.org/audio_clips/38.3_end_56.6_uid_mHWscHBXcoabM7fdw88AliGuPWw1_sid_xP4niRrD0ao43XC2XX2t_1742240559.mp3	claire.kuntz,hamern	-0.031899	0.801281	0.720620	0.719432	0.756547	0.650670	0.000000	1.000000	NaN	0.000000	0.909690	0.666259	0.998795	0.373546	0.546717	0.760536	0.727851	0.440272	1.000000	NaN	0.000000	0.997473	NaN	NaN	NaN	NaN	NaN	NaN	-0.031899	1.000000	1.000000	0.593918	NaN	NaN	NaN	0.000000	NaN	NaN	NaN	NaN	1.000000	NaN	NaN	NaN	NaN	0.000000	NaN	NaN	NaN	1.000000	1.000000	0.000000	0.986624	NaN	NaN	NaN
https://2025storiza.michaelbennie.org/audio_clips/52.9_end_68.9_uid_Sn3Nw7A3OmOkiMXEFjEyRusLuuo2_sid_eOMbjMl5depUgqb4lRbh_1743021158.mp3	claire.kuntz,rose.m	-0.031723	0.892513	0.720498	0.721118	1.000000	0.446942	NaN	NaN	NaN	NaN	NaN	0.461141	1.000000	-0.016949	1.000000	1.000000	1.000000	0.000000	NaN	NaN	NaN	NaN	NaN	NaN	NaN	NaN	NaN	NaN	1.000000	1.000000	-0.031723	0.000000	1.000000	NaN	NaN	NaN	NaN	NaN	NaN	NaN	NaN	NaN	NaN	NaN	NaN	NaN	NaN	NaN	NaN	NaN	NaN	NaN	NaN	NaN	NaN	NaN
https://2025storiza.michaelbennie.org/audio_clips/19.1_end_25.1_uid_u2hytH2KWIS6ewdShfEZisygqIo2_sid_OYMPtsAm5CltlmZDwKKI_1741483914.mp3	claire.kuntz,ghineae	-0.031525	0.867805	0.737443	0.743186	1.000000	0.725372	NaN	NaN	NaN	NaN	NaN	0.754670	0.896873	NaN	0.492561	1.000000	0.686937	NaN	NaN	NaN	NaN	NaN	NaN	NaN	NaN	-0.029581	NaN	NaN	NaN	-0.031525	1.000000	NaN	1.000000	1.000000	NaN	NaN	NaN	NaN	NaN	NaN	NaN	NaN	NaN	NaN	NaN	NaN	NaN	NaN	NaN	NaN	NaN	NaN	NaN	NaN	NaN	NaN
https://2025storiza.michaelbennie.org/audio_clips/68.5_end_73.9_uid_mHWscHBXcoabM7fdw88AliGuPWw1_sid_zNwobTQRQ5zMd2Rabg7s_1743380602.mp3	emilianapulido,evanhalperin	-0.031194	0.687920	0.299880	0.454607	0.794511	NaN	NaN	NaN	0.000000	NaN	0.000000	0.460889	0.955077	-0.002298	NaN	0.970116	NaN	NaN	NaN	0.000000	NaN	-0.011862	NaN	-0.023728	NaN	NaN	NaN	NaN	NaN	NaN	NaN	NaN	NaN	NaN	NaN	NaN	NaN	NaN	NaN	NaN	NaN	NaN	NaN	NaN	-0.031194	NaN	NaN	NaN	0.000000	NaN	NaN	NaN	NaN	NaN	NaN	NaN
https://2025storiza.michaelbennie.org/audio_clips/86.0_end_129.5_uid_TQTGm3pFYchsl1S1E0j0Pz15qno1_sid_7SHXQ4irDDmOvLPgsKxh_1741139454.mp3	claire.kuntz,rose.m	-0.029748	0.672989	0.467202	0.470855	0.996749	0.726559	NaN	NaN	NaN	NaN	0.692228	0.651310	0.959527	0.267919	0.510162	0.996804	0.991862	0.650518	NaN	NaN	NaN	0.399449	0.500039	NaN	NaN	-0.029748	NaN	-0.026915	0.439928	NaN	-0.028113	NaN	1.000000	NaN	NaN	NaN	NaN	NaN	NaN	NaN	NaN	NaN	NaN	NaN	NaN	NaN	NaN	NaN	-0.013418	NaN	0.652115	0.829583	NaN	NaN	NaN	NaN
https://2025storiza.michaelbennie.org/audio_clips/67.4_end_75.7_uid_ihIoefKsGwTDai7fGs9x3DyNvju2_sid_ujKXyBlmQlDqdJspmTTx_1742944450.mp3	claire.kuntz,evanhalperin	-0.029716	0.743179	0.457158	0.551830	0.791377	0.627207	NaN	0.999891	NaN	NaN	1.000000	0.763605	0.999966	0.999889	0.291625	0.744985	0.621657	-0.029716	0.999897	NaN	NaN	1.000000	NaN	-0.003083	NaN	NaN	NaN	NaN	-0.015539	NaN	0.999901	NaN	NaN	NaN	NaN	NaN	NaN	NaN	NaN	NaN	0.999891	NaN	NaN	NaN	NaN	NaN	NaN	NaN	NaN	NaN	NaN	NaN	NaN	1.000000	NaN	NaN
https://2025storiza.michaelbennie.org/audio_clips/95.1_end_102.1_uid_WXRuAJyMuAViHCpYPRVffOrexB03_sid_Ttc81IXIedFGPCeX9A2y_1741217243.mp3	evanhalperin,rose.m	-0.029492	0.724160	-0.015946	-0.013776	0.739475	-0.029492	NaN	NaN	NaN	NaN	NaN	-0.013975	0.994358	-0.027617	0.000000	0.741385	-0.016845	-0.014138	NaN	NaN	NaN	NaN	NaN	NaN	NaN	NaN	NaN	NaN	-0.015799	NaN	NaN	NaN	NaN	NaN	NaN	NaN	NaN	NaN	NaN	NaN	NaN	NaN	NaN	NaN	NaN	NaN	NaN	NaN	NaN	NaN	NaN	NaN	NaN	NaN	NaN	NaN
https://2025storiza.michaelbennie.org/audio_clips/33.6_end_41.3_uid_EfKQNmht2ebtDnNadrezErlhcDF3_sid_MrJqeNzcm0ADJEBm72gJ_1741214318.mp3	claire.kuntz,rose.m	-0.029335	0.999411	0.999953	0.999958	0.999395	0.702312	NaN	NaN	NaN	NaN	NaN	0.706789	0.999596	NaN	0.999958	0.999412	0.999949	NaN	NaN	NaN	NaN	NaN	NaN	NaN	NaN	NaN	NaN	NaN	1.000000	NaN	0.999925	NaN	-0.029335	NaN	NaN	NaN	NaN	NaN	NaN	NaN	NaN	NaN	NaN	NaN	NaN	NaN	NaN	NaN	NaN	NaN	NaN	NaN	NaN	NaN	NaN	NaN
https://2025storiza.michaelbennie.org/audio_clips/1.3_end_5.6_uid_EfKQNmht2ebtDnNadrezErlhcDF3_sid_2r0KTzHJ1z29iYVj6xTe_1741215438.mp3	claire.kuntz,evanhalperin	-0.029260	0.883701	-0.007578	-0.029260	0.881797	NaN	NaN	NaN	NaN	NaN	NaN	NaN	0.999915	NaN	NaN	0.882452	NaN	NaN	NaN	NaN	NaN	NaN	-0.016072	NaN	NaN	NaN	NaN	NaN	NaN	NaN	NaN	NaN	NaN	NaN	NaN	NaN	NaN	NaN	NaN	NaN	NaN	NaN	NaN	NaN	NaN	NaN	NaN	NaN	NaN	NaN	NaN	NaN	NaN	NaN	NaN	NaN
https://2025storiza.michaelbennie.org/audio_clips/73.6_end_81.1_uid_mHWscHBXcoabM7fdw88AliGuPWw1_sid_dtEYmqVQn7bCiiLgipi7_1742934079.mp3	claire.kuntz,rose.m	-0.029259	0.779735	0.622978	0.642854	0.789048	0.481170	NaN	NaN	-0.029259	NaN	-0.024060	0.561125	0.938807	1.000000	0.314689	0.805877	0.346201	0.000000	NaN	0.000000	NaN	0.000000	NaN	NaN	NaN	NaN	1.000000	NaN	0.627870	0.000000	0.366370	0.000000	1.000000	NaN	NaN	NaN	NaN	NaN	NaN	NaN	NaN	NaN	NaN	NaN	-0.028451	NaN	NaN	NaN	NaN	NaN	0.000000	NaN	NaN	NaN	NaN	NaN
https://2025storiza.michaelbennie.org/audio_clips/77.0_end_85.7_uid_IGe7nmfoeKQG1oyWJEMIv6KIP5Q2_sid_OJ3hCvb3pokTxqbvhJuh_1742508917.mp3	emilianapulido,rose.m	-0.029223	0.902991	0.479431	0.466717	0.983587	0.998902	NaN	NaN	NaN	NaN	NaN	0.998810	0.989586	-0.026467	0.998861	0.983317	0.998753	-0.029223	NaN	NaN	NaN	NaN	NaN	NaN	NaN	NaN	NaN	NaN	0.998865	NaN	NaN	NaN	NaN	NaN	NaN	NaN	NaN	NaN	NaN	NaN	NaN	NaN	NaN	NaN	NaN	NaN	NaN	NaN	NaN	NaN	NaN	NaN	NaN	NaN	NaN	NaN
https://2025storiza.michaelbennie.org/audio_clips/3.3_end_28.3_uid_qgT735VZ7OPJmWzvIgZGZAchHgD2_sid_B9p55yYLzYNdFa85Sm0V_1741610314.mp3	claire.kuntz,isabelapizarro	-0.028826	0.839919	0.655764	0.656626	0.869164	0.698181	NaN	NaN	NaN	NaN	0.592768	0.544498	0.947815	1.000000	0.688293	0.864944	1.000000	1.000000	NaN	NaN	NaN	0.525901	0.000000	NaN	NaN	NaN	NaN	NaN	NaN	-0.028826	1.000000	1.000000	NaN	1.000000	NaN	NaN	NaN	NaN	NaN	NaN	NaN	NaN	NaN	NaN	NaN	NaN	NaN	NaN	NaN	0.787918	1.000000	1.000000	0.400465	NaN	NaN	NaN
https://2025storiza.michaelbennie.org/audio_clips/42.3_end_49.6_uid_ukKF4sCANzgmD16fyjMyO7VwR2A2_sid_3O9WRfkAoyuKpN0iRre5_1741315925.mp3	claire.kuntz,ghineae	-0.028527	0.928717	0.604887	0.624761	0.929264	0.636160	NaN	NaN	NaN	NaN	NaN	0.623037	1.000000	NaN	0.298776	0.929957	0.618754	NaN	NaN	NaN	NaN	NaN	NaN	NaN	NaN	NaN	NaN	NaN	1.000000	1.000000	0.611551	-0.028527	NaN	NaN	NaN	NaN	NaN	NaN	NaN	NaN	NaN	NaN	NaN	NaN	NaN	NaN	NaN	NaN	NaN	NaN	NaN	NaN	NaN	NaN	NaN	NaN
https://2025storiza.michaelbennie.org/audio_clips/21.6_end_28.2_uid_mHWscHBXcoabM7fdw88AliGuPWw1_sid_zNwobTQRQ5zMd2Rabg7s_1743380602.mp3	evanhalperin,rose.m	-0.028470	0.908719	0.721376	0.712986	0.895030	0.748131	NaN	0.999961	NaN	NaN	0.999960	0.736352	0.995901	0.999953	0.748806	0.893568	0.627329	NaN	0.999962	NaN	NaN	0.999963	0.999959	NaN	NaN	NaN	NaN	NaN	0.999962	NaN	0.992141	NaN	-0.028470	NaN	NaN	NaN	NaN	NaN	NaN	NaN	NaN	0.999955	NaN	NaN	NaN	NaN	NaN	NaN	NaN	NaN	0.999963	NaN	NaN	NaN	NaN	NaN
https://2025storiza.michaelbennie.org/audio_clips/26.1_end_27.4_uid_mHWscHBXcoabM7fdw88AliGuPWw1_sid_rxnid2h4hu9a2m4tNuv4_1741647344.mp3	claire.kuntz,ghineae	-0.026915	0.801007	-0.000720	-0.026375	0.746088	-0.026915	NaN	NaN	NaN	NaN	NaN	-0.012645	1.000000	NaN	-0.026801	0.764146	0.000000	NaN	NaN	NaN	NaN	NaN	NaN	NaN	NaN	NaN	NaN	NaN	NaN	NaN	-0.021579	NaN	NaN	NaN	NaN	NaN	NaN	NaN	NaN	NaN	NaN	NaN	NaN	NaN	NaN	NaN	NaN	NaN	NaN	NaN	NaN	NaN	NaN	NaN	NaN	NaN
https://2025storiza.michaelbennie.org/audio_clips/10.4_end_20.7_uid_d4lLmJzVbJaLpyCuafResXOry3t2_sid_hbmmfiDEZKXiVCftbZpM_1741968872.mp3	claire.kuntz,ghineae	-0.026793	0.914808	0.643050	0.607717	0.908486	0.617621	NaN	1.000000	NaN	NaN	NaN	0.622485	0.999579	1.000000	0.631360	0.908325	0.595472	NaN	1.000000	NaN	NaN	NaN	NaN	NaN	NaN	NaN	NaN	NaN	-0.026793	NaN	1.000000	1.000000	NaN	NaN	NaN	NaN	NaN	NaN	NaN	NaN	1.000000	NaN	NaN	NaN	NaN	NaN	NaN	NaN	NaN	NaN	NaN	NaN	NaN	NaN	NaN	NaN
https://2025storiza.michaelbennie.org/audio_clips/0.5_end_2.8_uid_ZegJLYO9QiacSJTQWx7CWauRcQr1_sid_kC3lMOhfx8ZjMQ5HUsiC_1742611818.mp3	evanhalperin,rose.m	-0.026471	0.800469	-0.015914	-0.018496	0.759752	0.000000	NaN	NaN	NaN	NaN	NaN	-0.018509	0.987392	NaN	-0.026471	0.744392	-0.004987	NaN	NaN	NaN	NaN	NaN	NaN	NaN	NaN	NaN	NaN	NaN	-0.016385	NaN	NaN	NaN	NaN	NaN	NaN	NaN	NaN	NaN	NaN	NaN	NaN	NaN	NaN	NaN	NaN	NaN	NaN	NaN	NaN	NaN	NaN	NaN	NaN	NaN	NaN	NaN
https://2025storiza.michaelbennie.org/audio_clips/85.8_end_92.7_uid_IGe7nmfoeKQG1oyWJEMIv6KIP5Q2_sid_OJ3hCvb3pokTxqbvhJuh_1742508917.mp3	emilianapulido,rose.m	-0.024463	0.883751	0.000000	-0.001842	0.995801	NaN	NaN	NaN	NaN	NaN	NaN	NaN	0.926754	NaN	NaN	0.995870	NaN	NaN	NaN	NaN	NaN	-0.024463	NaN	NaN	NaN	NaN	NaN	NaN	NaN	NaN	NaN	NaN	NaN	NaN	NaN	NaN	NaN	NaN	NaN	NaN	NaN	NaN	NaN	NaN	NaN	NaN	NaN	NaN	NaN	NaN	NaN	NaN	NaN	NaN	NaN	NaN
https://2025storiza.michaelbennie.org/audio_clips/17.1_end_23.6_uid_EfKQNmht2ebtDnNadrezErlhcDF3_sid_MrJqeNzcm0ADJEBm72gJ_1741214318.mp3	claire.kuntz,rose.m	-0.024079	0.902643	0.581469	0.617387	0.883882	NaN	NaN	NaN	NaN	NaN	0.624054	0.601398	0.999662	NaN	NaN	0.892936	NaN	NaN	NaN	NaN	NaN	0.569843	NaN	NaN	NaN	NaN	NaN	NaN	NaN	NaN	NaN	NaN	NaN	NaN	NaN	NaN	NaN	NaN	NaN	NaN	NaN	NaN	NaN	NaN	NaN	NaN	NaN	NaN	-0.024079	NaN	NaN	NaN	0.999752	NaN	NaN	NaN
https://2025storiza.michaelbennie.org/audio_clips/5.0_end_10.6_uid_jWPmLFrSHDZItPTjjPUB8KAsjlq2_sid_VQrBHI41iPFwcMO4zTV5_1742588414.mp3	claire.kuntz,ghineae	-0.023404	1.000000	1.000000	1.000000	1.000000	0.461642	NaN	NaN	NaN	NaN	1.000000	0.462812	1.000000	1.000000	1.000000	1.000000	1.000000	1.000000	NaN	NaN	NaN	1.000000	NaN	NaN	NaN	NaN	NaN	NaN	NaN	1.000000	NaN	-0.023404	NaN	NaN	NaN	NaN	NaN	NaN	NaN	NaN	NaN	NaN	NaN	NaN	NaN	NaN	NaN	NaN	NaN	NaN	1.000000	NaN	NaN	NaN	NaN	NaN
https://2025storiza.michaelbennie.org/audio_clips/15.1_end_26.1_uid_UHGZEyBQklbC0GB3JZMa5l8yuGT2_sid_E16yjHjCudD8gko6qKSP_1741461241.mp3	claire.kuntz,ghineae	-0.023363	0.838299	0.723883	0.738068	0.891488	0.573005	NaN	NaN	NaN	NaN	0.695462	0.549049	0.938508	1.000000	0.780287	0.890442	0.763251	1.000000	NaN	NaN	NaN	0.921879	NaN	NaN	NaN	NaN	NaN	NaN	NaN	0.642272	0.633385	0.418286	NaN	NaN	NaN	NaN	NaN	NaN	NaN	NaN	NaN	NaN	NaN	NaN	NaN	NaN	NaN	NaN	-0.023363	NaN	0.762940	NaN	NaN	NaN	NaN	NaN
https://2025storiza.michaelbennie.org/audio_clips/17.8_end_23.3_uid_u2hytH2KWIS6ewdShfEZisygqIo2_sid_6ae2RFg9b4TnHyeQrwPg_1741208178.mp3	claire.kuntz,rose.m	-0.022662	0.881371	-0.013115	-0.012354	0.860666	NaN	NaN	NaN	NaN	NaN	NaN	NaN	0.917445	NaN	NaN	0.858178	NaN	NaN	NaN	NaN	NaN	NaN	NaN	NaN	NaN	-0.022662	NaN	NaN	NaN	NaN	NaN	NaN	NaN	NaN	NaN	NaN	NaN	NaN	NaN	NaN	NaN	NaN	NaN	NaN	NaN	NaN	NaN	NaN	NaN	NaN	NaN	NaN	NaN	NaN	NaN	NaN
https://2025storiza.michaelbennie.org/audio_clips/39.2_end_47.2_uid_l10DBTU0vaSPzKuDElOBDPPpe2H3_sid_UXmFvM0sP6oqoju4OD80_1742653424.mp3	claire.kuntz,rose.m	-0.019589	0.949469	0.000000	0.000000	0.950092	0.000000	NaN	NaN	NaN	NaN	NaN	0.000000	1.000000	NaN	-0.015129	0.948354	-0.010906	NaN	NaN	NaN	NaN	NaN	NaN	NaN	NaN	NaN	NaN	NaN	NaN	NaN	-0.019589	NaN	NaN	NaN	NaN	NaN	NaN	NaN	NaN	NaN	NaN	NaN	NaN	NaN	NaN	NaN	NaN	NaN	NaN	NaN	NaN	NaN	NaN	NaN	NaN	NaN
https://2025storiza.michaelbennie.org/audio_clips/0.9_end_12.9_uid_mHWscHBXcoabM7fdw88AliGuPWw1_sid_5Qzz5HgfBlyv7s5pQMxl_1743034049.mp3	claire.kuntz,rose.m	-0.017776	0.778173	0.536400	0.642511	0.830283	0.491395	NaN	NaN	NaN	NaN	0.808161	0.652647	0.949382	NaN	0.168741	0.913912	0.452159	NaN	NaN	NaN	NaN	0.745344	NaN	-0.009659	NaN	-0.005883	NaN	NaN	0.631466	NaN	0.000000	-0.017776	NaN	NaN	NaN	NaN	NaN	NaN	NaN	NaN	NaN	NaN	NaN	NaN	NaN	NaN	NaN	NaN	NaN	NaN	1.000000	1.000000	0.690356	NaN	NaN	NaN
https://2025storiza.michaelbennie.org/audio_clips/68.3_end_75.5_uid_lEq1lXM2xafR8w5blWO2OCG8VE93_sid_SKsQIBuLAvO06V4en1sZ_1742758157.mp3	claire.kuntz,hamern	-0.017665	0.836152	0.613569	0.785969	0.775401	0.780996	NaN	NaN	NaN	NaN	NaN	0.782928	0.999781	1.000000	0.787669	0.751787	0.775112	1.000000	NaN	NaN	NaN	NaN	NaN	-0.017665	NaN	NaN	NaN	NaN	NaN	1.000000	0.000000	0.998397	NaN	NaN	NaN	NaN	NaN	NaN	NaN	NaN	NaN	NaN	NaN	NaN	NaN	NaN	NaN	NaN	NaN	NaN	NaN	NaN	NaN	NaN	NaN	NaN
https://2025storiza.michaelbennie.org/audio_clips/61.0_end_66.6_uid_mHWscHBXcoabM7fdw88AliGuPWw1_sid_xe2N8wvoGE6N1yF3J1u5_1741215857.mp3	claire.kuntz,emilianapulido	-0.016901	0.773668	0.598405	0.599949	0.625143	0.077314	NaN	NaN	NaN	NaN	1.000000	0.264619	0.996913	1.000000	0.123841	0.598867	0.338483	1.000000	NaN	NaN	NaN	1.000000	NaN	NaN	NaN	NaN	NaN	NaN	0.586388	0.591919	0.505047	0.540469	NaN	-0.016901	NaN	NaN	NaN	NaN	NaN	NaN	NaN	NaN	NaN	NaN	NaN	NaN	NaN	NaN	NaN	NaN	NaN	NaN	1.000000	NaN	NaN	NaN
https://2025storiza.michaelbennie.org/audio_clips/38.5_end_44.5_uid_ejZWulX03uRlAA3C5VqYK6jKNYs1_sid_RBMprRllkH5xVJqqGogv_1741298204.mp3	claire.kuntz,landonturner	-0.016868	0.880110	0.402688	0.414473	0.990546	-0.011387	NaN	1.000000	NaN	NaN	NaN	0.414647	0.995328	1.000000	1.000000	0.990758	-0.015188	NaN	1.000000	NaN	NaN	NaN	NaN	NaN	NaN	NaN	NaN	NaN	-0.016868	NaN	NaN	NaN	NaN	NaN	NaN	NaN	NaN	NaN	NaN	NaN	NaN	1.000000	NaN	NaN	NaN	NaN	NaN	NaN	NaN	NaN	NaN	NaN	NaN	NaN	NaN	NaN
https://2025storiza.michaelbennie.org/audio_clips/63.3_end_78.4_uid_lEq1lXM2xafR8w5blWO2OCG8VE93_sid_IUaRaIbPMGQVAMNgJG53_1743463980.mp3	benjaminmcneill,claire.kuntz	-0.016613	0.606767	0.390367	0.396341	0.623853	0.461967	NaN	0.657668	NaN	NaN	0.245293	0.432857	1.000000	0.753920	0.410302	0.596102	0.515050	0.706626	0.637459	NaN	NaN	0.600187	NaN	NaN	NaN	NaN	NaN	NaN	0.456769	0.606747	0.441213	0.466786	0.000000	0.000000	NaN	NaN	NaN	NaN	NaN	NaN	NaN	0.654326	NaN	NaN	NaN	NaN	NaN	NaN	-0.016613	NaN	0.597182	NaN	NaN	NaN	NaN	NaN
https://2025storiza.michaelbennie.org/audio_clips/24.7_end_32.2_uid_ECPqsmdUcMhqkJwXAfhhs3XTgoa2_sid_Yk8oZKJauqjoxKGql8it_1742507735.mp3	claire.kuntz,rose.m	-0.016221	0.928824	0.753838	0.751296	0.919401	0.554915	NaN	1.000000	NaN	NaN	1.000000	0.525648	0.999865	1.000000	0.519967	0.918112	0.741955	NaN	1.000000	NaN	NaN	1.000000	NaN	NaN	NaN	NaN	NaN	NaN	-0.016221	0.000000	1.000000	NaN	1.000000	NaN	NaN	NaN	NaN	NaN	NaN	NaN	1.000000	1.000000	NaN	NaN	NaN	NaN	NaN	NaN	NaN	NaN	1.000000	NaN	NaN	NaN	NaN	NaN
https://2025storiza.michaelbennie.org/audio_clips/156.3_end_163.7_uid_u2hytH2KWIS6ewdShfEZisygqIo2_sid_uT0uMpgfuX83tNaCUSSQ_1741311801.mp3	claire.kuntz,landonturner	-0.016103	0.881073	0.604133	1.000000	0.890455	1.000000	NaN	NaN	NaN	NaN	NaN	1.000000	0.994301	NaN	1.000000	0.879874	1.000000	NaN	NaN	NaN	NaN	NaN	NaN	-0.016103	NaN	NaN	NaN	NaN	NaN	NaN	NaN	NaN	1.000000	1.000000	NaN	NaN	NaN	NaN	NaN	NaN	NaN	NaN	NaN	NaN	NaN	NaN	NaN	NaN	NaN	NaN	NaN	NaN	NaN	NaN	NaN	NaN
https://2025storiza.michaelbennie.org/audio_clips/29.0_end_37.2_uid_M3RVTGHWrAMCChSiCDrpejluqjQ2_sid_ZGyfpvSifoO6NlP49nfd_1742428323.mp3	claire.kuntz,ghineae	-0.015700	0.734717	0.298054	0.410215	0.728129	0.323034	NaN	1.000000	NaN	NaN	NaN	0.376544	1.000000	1.000000	0.115227	0.681791	0.341076	NaN	1.000000	NaN	NaN	NaN	NaN	-0.015700	NaN	NaN	NaN	NaN	NaN	NaN	0.370993	NaN	NaN	NaN	NaN	NaN	NaN	NaN	NaN	NaN	1.000000	NaN	NaN	NaN	NaN	NaN	NaN	NaN	NaN	NaN	NaN	NaN	NaN	NaN	NaN	NaN
https://2025storiza.michaelbennie.org/audio_clips/46.7_end_71.7_uid_Sn3Nw7A3OmOkiMXEFjEyRusLuuo2_sid_DJH2z7TGCjAyWs5LLu47_1741223656.mp3	claire.kuntz,ghineae	-0.015527	0.847375	0.718178	0.715601	1.000000	0.684159	NaN	0.000000	NaN	NaN	0.773074	0.519078	0.928626	-0.015527	0.383766	1.000000	0.833748	NaN	-0.013788	NaN	NaN	0.779770	NaN	NaN	NaN	0.000000	NaN	NaN	0.751632	0.999023	0.650696	0.644287	NaN	-0.013197	NaN	NaN	NaN	NaN	NaN	NaN	-0.007766	NaN	NaN	NaN	NaN	NaN	NaN	NaN	NaN	NaN	0.781839	NaN	NaN	NaN	NaN	NaN
https://2025storiza.michaelbennie.org/audio_clips/0.3_end_10.5_uid_u2hytH2KWIS6ewdShfEZisygqIo2_sid_RxGwyd4cqfpuxwAp2VR4_1741140582.mp3	evanhalperin,rose.m	-0.015514	0.755295	0.570040	0.805002	0.779750	0.806082	NaN	0.645592	NaN	NaN	0.619033	0.801689	0.994909	0.639889	0.805957	0.692031	0.995394	-0.013628	0.613050	NaN	NaN	0.636627	NaN	0.452621	NaN	NaN	NaN	NaN	NaN	-0.015514	0.993487	1.000000	0.000000	NaN	NaN	NaN	NaN	NaN	NaN	NaN	0.986553	0.000000	NaN	NaN	NaN	NaN	NaN	NaN	NaN	NaN	0.622337	NaN	1.000000	NaN	NaN	NaN
https://2025storiza.michaelbennie.org/audio_clips/116.5_end_128.3_uid_0FdMSMtn95PJ9tLFeW3F4sFLPMh1_sid_PzCPrPJB9BiIogeRJC8Z_1743129370.mp3	claire.kuntz,rose.m	-0.015274	0.776444	0.425967	0.431958	0.923348	0.711653	NaN	NaN	NaN	NaN	0.330709	0.720711	1.000000	0.452940	0.588231	0.923269	0.807876	0.419195	NaN	NaN	NaN	0.083335	NaN	NaN	NaN	NaN	NaN	NaN	0.702300	1.000000	1.000000	1.000000	0.600646	NaN	NaN	NaN	NaN	NaN	NaN	NaN	NaN	NaN	NaN	NaN	NaN	NaN	NaN	NaN	NaN	-0.012464	0.572116	1.000000	-0.015274	NaN	NaN	NaN
https://2025storiza.michaelbennie.org/audio_clips/29.3_end_46.1_uid_4w6SC0KmlKV4YmJTalgWiZalQHi2_sid_WFBJxSGh2uCXWoF0Nr92_1742511762.mp3	evanhalperin,rose.m	-0.015162	0.925167	0.798283	0.690208	0.999978	0.632270	NaN	NaN	NaN	NaN	0.994922	0.724687	0.999146	NaN	0.649650	0.999976	0.625154	NaN	NaN	NaN	NaN	0.995225	NaN	1.000000	NaN	NaN	NaN	NaN	NaN	NaN	-0.015162	-0.000681	0.999999	NaN	NaN	NaN	NaN	NaN	NaN	NaN	NaN	NaN	NaN	NaN	NaN	NaN	NaN	NaN	NaN	NaN	0.995306	NaN	NaN	NaN	NaN	NaN
https://2025storiza.michaelbennie.org/audio_clips/80.0_end_88.2_uid_Om0JhZ6RmTNQ5wDLPHKIC3LtY4g2_sid_U7uX4X90MbmmVfoqou8L_1741560506.mp3	claire.kuntz,isabelapizarro	-0.014744	0.860842	0.532548	0.508044	0.848588	0.568765	NaN	0.995524	NaN	NaN	NaN	0.574869	0.992366	0.994907	0.358344	0.852875	0.462071	NaN	0.995302	NaN	NaN	NaN	NaN	NaN	NaN	NaN	NaN	NaN	-0.014744	0.925277	0.995171	NaN	NaN	-0.010400	NaN	NaN	NaN	NaN	NaN	NaN	0.995271	NaN	NaN	NaN	NaN	NaN	NaN	NaN	NaN	NaN	NaN	NaN	NaN	NaN	NaN	NaN
https://2025storiza.michaelbennie.org/audio_clips/57.3_end_62.0_uid_mHWscHBXcoabM7fdw88AliGuPWw1_sid_xP4niRrD0ao43XC2XX2t_1742240559.mp3	claire.kuntz,hamern	-0.014702	0.899866	-0.008949	NaN	0.899345	NaN	NaN	NaN	NaN	NaN	NaN	NaN	0.999648	NaN	NaN	0.885412	NaN	NaN	NaN	NaN	NaN	NaN	NaN	-0.014702	NaN	NaN	NaN	NaN	NaN	NaN	NaN	NaN	NaN	NaN	NaN	NaN	NaN	NaN	NaN	NaN	NaN	NaN	NaN	NaN	NaN	NaN	NaN	NaN	NaN	NaN	NaN	NaN	NaN	NaN	NaN	NaN
https://2025storiza.michaelbennie.org/audio_clips/160.2_end_172.4_uid_ejZWulX03uRlAA3C5VqYK6jKNYs1_sid_WmRXbqI5CWDvZvwjQQzO_1741134602.mp3	claire.kuntz,emilianapulido	-0.014088	0.632022	0.423016	0.894160	0.592276	0.845848	NaN	0.998763	NaN	NaN	1.000000	0.893182	0.999262	0.999084	0.849192	0.511759	0.999153	0.608859	0.998717	NaN	NaN	1.000000	NaN	0.023526	NaN	NaN	NaN	NaN	1.000000	1.000000	0.997590	NaN	1.000000	-0.014088	NaN	NaN	NaN	NaN	NaN	NaN	0.997758	NaN	1.000000	NaN	NaN	NaN	NaN	NaN	NaN	1.000000	1.000000	NaN	NaN	NaN	NaN	NaN
https://2025storiza.michaelbennie.org/audio_clips/88.9_end_212.9_uid_tHP0GvI5hccNGBzYfgE2pkEHXiW2_sid_p6cLdVe7UtbfmSNky9ER_1743455830.mp3	evanhalperin,rose.m	-0.012952	0.682336	0.446253	0.461860	0.847592	0.404925	NaN	NaN	NaN	NaN	0.517601	0.424142	0.930017	NaN	0.187499	0.845699	0.478514	NaN	NaN	NaN	NaN	0.483980	-0.012952	NaN	NaN	NaN	NaN	NaN	0.911470	0.225291	0.709556	0.369498	NaN	0.621230	NaN	NaN	NaN	NaN	NaN	NaN	NaN	NaN	NaN	NaN	NaN	NaN	NaN	NaN	0.601133	NaN	0.819742	0.694221	0.399493	-0.008100	0.467959	0.999268
https://2025storiza.michaelbennie.org/audio_clips/61.3_end_68.0_uid_Om0JhZ6RmTNQ5wDLPHKIC3LtY4g2_sid_50YLxFXG6ZlS1xBYeDyY_1741219844.mp3	claire.kuntz,landonturner	-0.011995	0.837305	0.727691	0.720159	0.898503	NaN	NaN	NaN	NaN	0.997743	0.000000	0.717944	0.938603	0.997888	NaN	0.902043	NaN	NaN	NaN	NaN	0.997783	-0.007887	NaN	NaN	NaN	NaN	NaN	NaN	NaN	NaN	NaN	NaN	NaN	NaN	NaN	NaN	NaN	NaN	NaN	NaN	NaN	NaN	NaN	NaN	NaN	NaN	NaN	0.997706	NaN	NaN	-0.011995	NaN	NaN	NaN	NaN	NaN
https://2025storiza.michaelbennie.org/audio_clips/5.8_end_12.8_uid_aKXkeU8QguUwr1lDK1mxXri9hqN2_sid_sn7xe4SO3wbbvwXSbzcB_1741732311.mp3	claire.kuntz,rose.m	-0.010380	0.918873	0.646463	0.993090	0.909657	0.992974	NaN	NaN	NaN	NaN	NaN	0.992549	0.995959	0.993109	0.992862	0.897119	0.993173	0.993122	NaN	NaN	NaN	NaN	NaN	-0.010380	NaN	NaN	NaN	NaN	0.992984	0.992859	0.992860	NaN	NaN	NaN	NaN	NaN	NaN	NaN	NaN	NaN	NaN	NaN	NaN	NaN	NaN	NaN	NaN	NaN	NaN	NaN	NaN	NaN	NaN	NaN	NaN	NaN
https://2025storiza.michaelbennie.org/audio_clips/3.8_end_6.9_uid_ovpeape9PZbAq7VLrirwGOYrvsh1_sid_6fnfuvblTgmIO9N12dX6_1742390146.mp3	claire.kuntz,landonturner	-0.008943	0.899367	0.645172	0.660378	0.999975	1.000000	NaN	NaN	NaN	NaN	0.230847	0.304188	0.999985	NaN	0.337614	0.999975	1.000000	NaN	NaN	NaN	NaN	0.583448	NaN	NaN	NaN	NaN	NaN	NaN	1.000000	NaN	NaN	NaN	NaN	NaN	NaN	NaN	NaN	NaN	NaN	NaN	NaN	NaN	NaN	NaN	NaN	NaN	NaN	NaN	NaN	-0.008943	0.162684	NaN	NaN	NaN	NaN	NaN
https://2025storiza.michaelbennie.org/audio_clips/5.8_end_14.5_uid_FojhPyqH69TyqkGfzc6ZwW0tn2C2_sid_MZXCxGtW5st5dLkCO1q8_1741737208.mp3	claire.kuntz,evanhalperin	-0.003797	0.934143	0.868438	0.870086	1.000000	0.611167	NaN	NaN	NaN	NaN	1.000000	0.871851	1.000000	1.000000	0.644991	1.000000	0.603611	1.000000	NaN	NaN	NaN	1.000000	NaN	NaN	NaN	NaN	NaN	NaN	1.000000	NaN	-0.003797	NaN	NaN	NaN	NaN	NaN	NaN	NaN	NaN	NaN	NaN	NaN	NaN	NaN	NaN	NaN	NaN	NaN	NaN	1.000000	1.000000	NaN	1.000000	NaN	NaN	NaN
https://2025storiza.michaelbennie.org/audio_clips/1.8_end_5.3_uid_EfKQNmht2ebtDnNadrezErlhcDF3_sid_BYCoT5b02IreYi4dCGrh_1743544924.mp3	hamern,rose.m	0.000000	0.905855	0.660262	1.000000	0.885700	1.000000	NaN	NaN	NaN	NaN	NaN	1.000000	0.999792	1.000000	1.000000	0.877507	1.000000	1.000000	NaN	NaN	NaN	NaN	NaN	0.000000	NaN	NaN	NaN	NaN	NaN	1.000000	1.000000	NaN	1.000000	NaN	NaN	NaN	NaN	NaN	NaN	NaN	NaN	NaN	NaN	NaN	NaN	NaN	NaN	NaN	NaN	NaN	NaN	NaN	NaN	NaN	NaN	NaN
https://2025storiza.michaelbennie.org/audio_clips/220.8_end_249.9_uid_4w6SC0KmlKV4YmJTalgWiZalQHi2_sid_WFBJxSGh2uCXWoF0Nr92_1742511762.mp3	evanhalperin,rose.m	0.000000	0.994491	0.991472	0.994666	0.995221	0.735390	NaN	NaN	NaN	NaN	0.994616	0.817053	0.995902	0.999778	0.725937	0.996082	0.999160	0.999782	NaN	NaN	NaN	0.994286	NaN	0.983373	NaN	NaN	NaN	NaN	NaN	0.999121	0.998635	0.998647	0.999765	0.000000	NaN	NaN	NaN	NaN	NaN	NaN	NaN	NaN	NaN	NaN	NaN	NaN	NaN	NaN	NaN	NaN	0.999773	NaN	NaN	NaN	0.998549	0.985640
https://2025storiza.michaelbennie.org/audio_clips/23.2_end_34.5_uid_tHP0GvI5hccNGBzYfgE2pkEHXiW2_sid_fekXGLlqzU2WnyoByMnJ_1743542906.mp3	evanhalperin,rose.m	0.000000	0.883747	0.681630	0.669480	0.877164	0.621060	NaN	NaN	NaN	NaN	0.999967	0.679979	0.998631	0.000000	0.184553	0.877754	0.570614	0.000000	NaN	NaN	NaN	0.999970	NaN	NaN	NaN	NaN	NaN	NaN	0.999979	NaN	0.571852	NaN	NaN	NaN	NaN	NaN	NaN	NaN	NaN	NaN	NaN	NaN	NaN	NaN	NaN	NaN	NaN	NaN	NaN	NaN	0.999967	0.999964	0.999970	NaN	NaN	NaN
https://2025storiza.michaelbennie.org/audio_clips/31.4_end_37.7_uid_ihIoefKsGwTDai7fGs9x3DyNvju2_sid_ujKXyBlmQlDqdJspmTTx_1742944450.mp3	claire.kuntz,rose.m	0.000000	0.780482	0.575674	0.564021	0.849881	0.653564	NaN	NaN	NaN	NaN	0.656210	0.564694	1.000000	0.000000	0.651206	0.851634	0.639811	NaN	NaN	NaN	NaN	0.641203	NaN	NaN	NaN	NaN	NaN	0.000000	NaN	NaN	0.650656	1.000000	NaN	NaN	NaN	NaN	NaN	NaN	NaN	NaN	NaN	NaN	NaN	NaN	NaN	NaN	NaN	NaN	NaN	NaN	0.000000	NaN	NaN	1.000000	NaN	NaN
https://2025storiza.michaelbennie.org/audio_clips/65.6_end_77.3_uid_d4lLmJzVbJaLpyCuafResXOry3t2_sid_hbmmfiDEZKXiVCftbZpM_1741968872.mp3	claire.kuntz,ghineae	0.000000	1.000000	1.000000	1.000000	1.000000	0.717396	NaN	NaN	NaN	NaN	1.000000	0.717721	1.000000	1.000000	1.000000	1.000000	1.000000	1.000000	NaN	NaN	NaN	1.000000	NaN	NaN	NaN	NaN	NaN	NaN	NaN	0.000000	1.000000	1.000000	1.000000	1.000000	NaN	NaN	NaN	NaN	NaN	NaN	NaN	NaN	NaN	NaN	NaN	NaN	NaN	NaN	NaN	NaN	1.000000	NaN	NaN	NaN	NaN	NaN
https://2025storiza.michaelbennie.org/audio_clips/9.1_end_13.0_uid_Om0JhZ6RmTNQ5wDLPHKIC3LtY4g2_sid_50YLxFXG6ZlS1xBYeDyY_1741219844.mp3	claire.kuntz,landonturner	0.000000	0.902790	0.000000	NaN	0.902537	NaN	NaN	NaN	NaN	NaN	NaN	NaN	0.997560	NaN	NaN	0.895967	NaN	NaN	NaN	NaN	NaN	NaN	NaN	0.000000	NaN	NaN	NaN	NaN	NaN	NaN	NaN	NaN	NaN	NaN	NaN	NaN	NaN	NaN	NaN	NaN	NaN	NaN	NaN	NaN	NaN	NaN	NaN	NaN	NaN	NaN	NaN	NaN	NaN	NaN	NaN	NaN
https://2025storiza.michaelbennie.org/audio_clips/0.9_end_22.2_uid_HGLxgWVfJZWhAsqMf761d40h3eQ2_sid_tSrnapQ6hgyliWaApJ36_1743467290.mp3	claire.kuntz,rose.m	0.168206	0.803038	0.168206	0.207617	1.000000	NaN	NaN	NaN	NaN	NaN	1.000000	1.000000	1.000000	NaN	NaN	1.000000	NaN	NaN	NaN	NaN	NaN	0.231503	NaN	NaN	NaN	NaN	NaN	NaN	NaN	NaN	NaN	NaN	NaN	NaN	NaN	NaN	NaN	NaN	NaN	NaN	NaN	NaN	NaN	NaN	NaN	NaN	NaN	NaN	NaN	NaN	1.000000	1.000000	NaN	NaN	NaN	NaN
https://2025storiza.michaelbennie.org/audio_clips/18.6_end_24.3_uid_tHP0GvI5hccNGBzYfgE2pkEHXiW2_sid_k23UwEyVvFJZPFemhezx_1743457124.mp3	claire.kuntz,rose.m	0.215727	1.000000	1.000000	1.000000	1.000000	1.000000	NaN	1.000000	NaN	NaN	1.000000	1.000000	1.000000	0.215727	0.666478	1.000000	1.000000	NaN	1.000000	NaN	NaN	1.000000	NaN	NaN	NaN	NaN	NaN	NaN	NaN	1.000000	1.000000	NaN	NaN	1.000000	NaN	NaN	NaN	NaN	NaN	NaN	NaN	1.000000	NaN	NaN	NaN	NaN	NaN	NaN	NaN	NaN	1.000000	NaN	NaN	NaN	NaN	NaN
https://2025storiza.michaelbennie.org/audio_clips/20.7_end_27.9_uid_MxRr8Ht6WZT2EokHSRsT2U2Pq3h1_sid_2QdszNsHLvc54XK7PI9w_1742333475.mp3	claire.kuntz,rose.m	0.220803	0.744372	0.497538	0.475396	0.603173	0.220803	NaN	1.000000	NaN	NaN	1.000000	0.488605	1.000000	1.000000	0.355847	0.589930	0.273270	NaN	1.000000	NaN	NaN	1.000000	NaN	NaN	NaN	NaN	NaN	NaN	0.233049	NaN	NaN	NaN	NaN	NaN	NaN	NaN	NaN	NaN	NaN	NaN	NaN	1.000000	NaN	NaN	NaN	NaN	NaN	NaN	NaN	NaN	NaN	NaN	NaN	NaN	NaN	1.000000
https://2025storiza.michaelbennie.org/audio_clips/60.8_end_68.8_uid_tHP0GvI5hccNGBzYfgE2pkEHXiW2_sid_ijc2o9nBpUXrpIawXdF4_1743377134.mp3	claire.kuntz,emilianapulido	0.303614	0.827776	0.303614	NaN	0.834771	NaN	NaN	NaN	NaN	NaN	NaN	NaN	1.000000	NaN	NaN	0.774539	NaN	NaN	NaN	NaN	NaN	NaN	NaN	0.514061	NaN	NaN	NaN	NaN	NaN	NaN	NaN	NaN	NaN	NaN	NaN	NaN	NaN	NaN	NaN	NaN	NaN	NaN	NaN	NaN	NaN	NaN	NaN	NaN	NaN	NaN	NaN	NaN	NaN	NaN	NaN	NaN
https://2025storiza.michaelbennie.org/audio_clips/0.5_end_4.9_uid_xxUUDYlSFESUIRvPTLDLReqO44G3_sid_Ghzut1tFF70il3mOLP49_1741822392.mp3	claire.kuntz,rose.m	0.354319	0.993421	1.000000	1.000000	0.992554	1.000000	NaN	1.000000	NaN	NaN	NaN	1.000000	0.996295	1.000000	0.354319	0.992559	1.000000	NaN	1.000000	NaN	NaN	NaN	NaN	NaN	NaN	NaN	NaN	NaN	NaN	NaN	1.000000	1.000000	NaN	NaN	NaN	NaN	NaN	NaN	NaN	NaN	1.000000	NaN	NaN	NaN	NaN	NaN	NaN	NaN	NaN	NaN	NaN	NaN	NaN	NaN	NaN	NaN
https://2025storiza.michaelbennie.org/audio_clips/102.7_end_119.5_uid_xxUUDYlSFESUIRvPTLDLReqO44G3_sid_Ghzut1tFF70il3mOLP49_1741822392.mp3	claire.kuntz,rose.m	0.412323	0.866437	0.705064	0.703355	0.950821	0.572376	NaN	0.986701	NaN	NaN	0.820875	0.617004	0.988804	0.550774	0.567665	0.950428	0.862427	0.613777	0.986423	NaN	NaN	0.779234	NaN	NaN	NaN	NaN	NaN	NaN	0.642190	0.486346	0.749596	0.994455	0.412323	NaN	NaN	NaN	NaN	NaN	NaN	NaN	NaN	0.986693	NaN	NaN	NaN	NaN	NaN	NaN	NaN	NaN	0.991113	0.998999	0.715883	NaN	NaN	NaN
https://2025storiza.michaelbennie.org/audio_clips/0.1_end_18.1_uid_THJAu4lbjHRa32ysgvSU3Etlb0d2_sid_p7OiDOqVvL4ONZUx2IeK_1742425632.mp3	claire.kuntz,rose.m	0.452436	0.830809	0.623313	0.597216	0.999838	1.000000	NaN	NaN	NaN	NaN	1.000000	1.000000	0.999906	NaN	1.000000	0.999841	1.000000	NaN	NaN	NaN	NaN	0.452436	NaN	NaN	NaN	NaN	NaN	NaN	1.000000	NaN	NaN	NaN	NaN	NaN	NaN	NaN	NaN	NaN	NaN	NaN	NaN	NaN	NaN	NaN	NaN	NaN	NaN	NaN	NaN	NaN	1.000000	1.000000	NaN	NaN	NaN	NaN
https://2025storiza.michaelbennie.org/audio_clips/76.5_end_80.9_uid_l10DBTU0vaSPzKuDElOBDPPpe2H3_sid_UXmFvM0sP6oqoju4OD80_1742653424.mp3	claire.kuntz,rose.m	0.464704	1.000000	1.000000	1.000000	1.000000	1.000000	NaN	NaN	NaN	NaN	1.000000	1.000000	1.000000	0.469673	0.464704	1.000000	1.000000	1.000000	NaN	NaN	NaN	1.000000	NaN	NaN	NaN	NaN	NaN	NaN	1.000000	1.000000	1.000000	1.000000	NaN	NaN	NaN	NaN	NaN	NaN	NaN	NaN	NaN	NaN	NaN	NaN	NaN	NaN	NaN	NaN	NaN	NaN	1.000000	NaN	NaN	NaN	NaN	NaN
https://2025storiza.michaelbennie.org/audio_clips/78.1_end_87.0_uid_4w6SC0KmlKV4YmJTalgWiZalQHi2_sid_NgaO9D2P5AKhZ1oZBupY_1742421508.mp3	lamanjennifer,rose.m	0.479874	0.989803	1.000000	1.000000	0.988617	1.000000	NaN	NaN	NaN	NaN	NaN	1.000000	0.993430	NaN	0.479874	0.985115	1.000000	NaN	NaN	NaN	NaN	NaN	NaN	1.000000	NaN	NaN	NaN	NaN	NaN	NaN	1.000000	NaN	NaN	NaN	NaN	NaN	NaN	NaN	NaN	NaN	NaN	NaN	NaN	NaN	NaN	NaN	NaN	NaN	NaN	NaN	NaN	NaN	NaN	NaN	NaN	NaN
https://2025storiza.michaelbennie.org/audio_clips/41.9_end_45.8_uid_Gt0cspsUtRSvEXXHZKUWlVAfyVq2_sid_qHzKNFpdgsms0EFSXokQ_1742606923.mp3	claire.kuntz,ghineae	0.486585	0.886690	0.608047	0.588599	0.874727	0.536414	NaN	0.996253	NaN	NaN	NaN	0.542441	0.999702	0.996316	0.596395	0.865190	0.501213	NaN	0.997147	NaN	NaN	NaN	NaN	NaN	NaN	NaN	NaN	NaN	0.486585	NaN	NaN	NaN	NaN	NaN	NaN	NaN	NaN	NaN	NaN	NaN	NaN	0.996213	NaN	NaN	NaN	NaN	NaN	NaN	NaN	NaN	NaN	NaN	NaN	NaN	NaN	NaN
https://2025storiza.michaelbennie.org/audio_clips/63.1_end_71.0_uid_u2hytH2KWIS6ewdShfEZisygqIo2_sid_8sraqBTHXNRWlPEsIVVs_1741312064.mp3	claire.kuntz,rose.m	0.527188	0.915612	0.731995	0.741303	1.000000	1.000000	NaN	1.000000	NaN	NaN	1.000000	1.000000	1.000000	1.000000	1.000000	1.000000	1.000000	NaN	1.000000	NaN	NaN	0.527188	NaN	NaN	NaN	NaN	NaN	NaN	NaN	NaN	1.000000	NaN	NaN	NaN	NaN	NaN	NaN	NaN	NaN	NaN	1.000000	NaN	NaN	NaN	NaN	NaN	NaN	NaN	NaN	NaN	NaN	NaN	1.000000	NaN	NaN	NaN
https://2025storiza.michaelbennie.org/audio_clips/56.3_end_60.3_uid_WXRuAJyMuAViHCpYPRVffOrexB03_sid_Ttc81IXIedFGPCeX9A2y_1741217243.mp3	evanhalperin,rose.m	0.537311	0.766078	0.704150	0.705614	0.572493	0.993575	NaN	NaN	NaN	0.994310	0.699816	0.728724	0.997405	0.993917	0.993749	0.537311	0.993967	NaN	NaN	NaN	0.994378	0.646856	NaN	NaN	NaN	NaN	NaN	NaN	0.993655	0.993453	0.993550	NaN	NaN	NaN	NaN	NaN	NaN	NaN	NaN	NaN	NaN	NaN	NaN	NaN	NaN	NaN	0.994285	NaN	NaN	NaN	0.993054	NaN	0.592469	NaN	NaN	NaN
https://2025storiza.michaelbennie.org/audio_clips/0.6_end_4.7_uid_EfKQNmht2ebtDnNadrezErlhcDF3_sid_DHkzC6iHwVqz1EYkGumN_1743544680.mp3	claire.kuntz,rose.m	0.575125	0.870025	0.625116	0.595358	0.856057	0.624195	NaN	NaN	NaN	NaN	NaN	0.627052	0.999652	0.998512	0.630540	0.862304	0.606950	0.998438	NaN	NaN	NaN	NaN	NaN	NaN	NaN	NaN	NaN	NaN	0.575125	0.998583	NaN	NaN	NaN	NaN	NaN	NaN	NaN	NaN	NaN	NaN	NaN	NaN	NaN	NaN	NaN	NaN	NaN	NaN	NaN	NaN	NaN	NaN	NaN	NaN	NaN	NaN
https://2025storiza.michaelbennie.org/audio_clips/35.8_end_38.2_uid_sHl4il5Li8NKe5aMecUSJyXBFco2_sid_ke09jdLvzmtmF4LOguMg_1742064389.mp3	claire.kuntz,rose.m	0.580840	0.917518	0.828350	0.830509	0.857167	0.611290	NaN	NaN	NaN	NaN	1.000000	0.825758	1.000000	NaN	0.615427	0.857558	0.580840	NaN	NaN	NaN	NaN	1.000000	NaN	NaN	NaN	NaN	NaN	NaN	NaN	NaN	0.584915	NaN	NaN	NaN	NaN	NaN	NaN	NaN	NaN	NaN	NaN	NaN	NaN	NaN	NaN	NaN	NaN	NaN	NaN	1.000000	1.000000	NaN	NaN	NaN	NaN	NaN
https://2025storiza.michaelbennie.org/audio_clips/12.8_end_21.6_uid_Om0JhZ6RmTNQ5wDLPHKIC3LtY4g2_sid_p6XNcnqG8pfuIOhP5p97_1742244670.mp3	evanhalperin,rose.m	0.594073	0.932068	0.625675	NaN	0.932501	NaN	NaN	NaN	NaN	NaN	NaN	NaN	0.989680	NaN	NaN	0.925106	NaN	NaN	NaN	NaN	NaN	NaN	NaN	0.594073	NaN	NaN	NaN	NaN	NaN	NaN	NaN	NaN	NaN	NaN	NaN	NaN	NaN	NaN	NaN	NaN	NaN	NaN	NaN	NaN	NaN	NaN	NaN	NaN	NaN	NaN	NaN	NaN	NaN	NaN	NaN	NaN
https://2025storiza.michaelbennie.org/audio_clips/16.5_end_23.1_uid_EfKQNmht2ebtDnNadrezErlhcDF3_sid_2r0KTzHJ1z29iYVj6xTe_1741215438.mp3	evanhalperin,rose.m	0.596376	0.890332	0.763093	0.999444	0.876827	0.999476	NaN	NaN	NaN	NaN	NaN	0.999492	0.998262	NaN	0.999495	0.835102	0.999465	NaN	NaN	NaN	NaN	NaN	NaN	0.596376	NaN	NaN	NaN	NaN	0.999951	NaN	0.999089	NaN	NaN	NaN	NaN	NaN	NaN	NaN	NaN	NaN	NaN	NaN	NaN	NaN	NaN	NaN	NaN	NaN	NaN	NaN	NaN	NaN	NaN	NaN	NaN	NaN
https://2025storiza.michaelbennie.org/audio_clips/64.8_end_89.2_uid_8AhIEcEU81Sn83Fyb0gnFvpiNij2_sid_5MQZoq9AQEsDcN4s2Te5_1742342125.mp3	emilianapulido,rose.m	0.688247	0.878447	0.823873	0.815266	0.992981	0.992269	NaN	0.987425	NaN	NaN	0.988794	0.989182	0.989148	0.992043	0.992123	0.992822	0.991668	0.992586	0.986202	NaN	NaN	0.688247	NaN	NaN	NaN	NaN	NaN	NaN	NaN	0.992468	NaN	NaN	0.989161	NaN	NaN	NaN	NaN	NaN	NaN	NaN	NaN	NaN	0.989314	NaN	NaN	NaN	NaN	NaN	0.999805	0.998592	0.988400	0.999677	0.974076	NaN	NaN	NaN
https://2025storiza.michaelbennie.org/audio_clips/55.5_end_64.6_uid_aKXkeU8QguUwr1lDK1mxXri9hqN2_sid_gbbMMkjwQ3IIargLKNV0_1741732628.mp3	claire.kuntz,ghineae	0.692333	1.000000	1.000000	1.000000	1.000000	1.000000	NaN	NaN	NaN	NaN	NaN	1.000000	1.000000	NaN	0.692333	1.000000	1.000000	NaN	NaN	NaN	NaN	NaN	NaN	NaN	NaN	NaN	NaN	NaN	1.000000	1.000000	1.000000	NaN	NaN	NaN	NaN	NaN	NaN	NaN	NaN	NaN	NaN	NaN	NaN	NaN	NaN	NaN	NaN	NaN	NaN	NaN	NaN	NaN	NaN	NaN	NaN	NaN
https://2025storiza.michaelbennie.org/audio_clips/95.1_end_130.0_uid_8AhIEcEU81Sn83Fyb0gnFvpiNij2_sid_ub705UaRuZ1OeHvl4pH6_1742947635.mp3	claire.kuntz,rose.m	0.708657	1.000000	1.000000	1.000000	1.000000	1.000000	NaN	NaN	NaN	NaN	1.000000	1.000000	1.000000	0.708657	1.000000	1.000000	1.000000	1.000000	NaN	NaN	NaN	1.000000	NaN	NaN	NaN	NaN	NaN	NaN	NaN	1.000000	1.000000	NaN	NaN	NaN	NaN	NaN	NaN	NaN	NaN	NaN	NaN	NaN	NaN	NaN	NaN	NaN	NaN	NaN	1.000000	NaN	1.000000	1.000000	NaN	NaN	NaN	NaN
https://2025storiza.michaelbennie.org/audio_clips/55.0_end_67.2_uid_eyem3EvRZrZsMzdS2HOEHLIsGTs1_sid_Gi6CTd0h6i7rPtveJk1O_1742516188.mp3	claire.kuntz,rose.m	0.782552	1.000000	1.000000	1.000000	1.000000	1.000000	NaN	1.000000	NaN	NaN	1.000000	1.000000	1.000000	1.000000	0.782552	1.000000	1.000000	1.000000	1.000000	NaN	NaN	1.000000	NaN	NaN	NaN	NaN	NaN	NaN	1.000000	NaN	NaN	NaN	1.000000	1.000000	NaN	NaN	NaN	NaN	NaN	NaN	NaN	1.000000	NaN	NaN	NaN	NaN	NaN	NaN	NaN	NaN	1.000000	NaN	NaN	NaN	NaN	NaN
https://2025storiza.michaelbennie.org/audio_clips/6.4_end_11.7_uid_EfKQNmht2ebtDnNadrezErlhcDF3_sid_i0N0h2MnD3ZE7yMVZqn3_1742248902.mp3	claire.kuntz,landonturner	0.896781	1.000000	NaN	NaN	1.000000	NaN	NaN	NaN	NaN	NaN	NaN	NaN	0.896781	NaN	NaN	1.000000	NaN	NaN	NaN	NaN	NaN	NaN	NaN	NaN	NaN	NaN	NaN	NaN	NaN	NaN	NaN	NaN	NaN	NaN	NaN	NaN	NaN	NaN	NaN	NaN	NaN	NaN	NaN	NaN	NaN	NaN	NaN	NaN	NaN	NaN	NaN	NaN	NaN	NaN	NaN	NaN
https://2025storiza.michaelbennie.org/audio_clips/13.1_end_20.3_uid_bKduvdIsrbbqPZ7Z3lCfQlF8WBn1_sid_ziOEGkA06qYTNZQcETiA_1742517700.mp3	claire.kuntz,landonturner	0.959406	0.959406	NaN	NaN	0.963734	NaN	NaN	NaN	NaN	NaN	NaN	NaN	0.980401	NaN	NaN	0.962015	NaN	NaN	NaN	NaN	NaN	NaN	NaN	NaN	NaN	NaN	NaN	NaN	NaN	NaN	NaN	NaN	NaN	NaN	NaN	NaN	NaN	NaN	NaN	NaN	NaN	NaN	NaN	NaN	NaN	NaN	NaN	NaN	NaN	NaN	NaN	NaN	NaN	NaN	NaN	NaN
https://2025storiza.michaelbennie.org/audio_clips/54.6_end_56.9_uid_ukKF4sCANzgmD16fyjMyO7VwR2A2_sid_6jmTq8Go3LLM6BJBddqS_1742430691.mp3	claire.kuntz,isabelapizarro	0.967827	0.978001	0.986938	0.986546	0.968125	0.987928	NaN	NaN	NaN	NaN	NaN	0.988830	0.979042	NaN	0.988022	0.967827	0.985029	NaN	NaN	NaN	NaN	NaN	NaN	NaN	NaN	NaN	NaN	NaN	NaN	NaN	0.987569	NaN	NaN	NaN	NaN	NaN	NaN	NaN	NaN	NaN	NaN	NaN	NaN	NaN	NaN	NaN	NaN	NaN	NaN	NaN	NaN	NaN	NaN	NaN	NaN	NaN
https://2025storiza.michaelbennie.org/audio_clips/46.1_end_49.3_uid_ejZWulX03uRlAA3C5VqYK6jKNYs1_sid_P6kAd6A5SfFBLSW9pJpN_1741135137.mp3	evanhalperin,rose.m	0.975573	0.976180	0.975573	0.976846	NaN	NaN	NaN	NaN	NaN	NaN	NaN	NaN	0.984976	NaN	NaN	NaN	NaN	NaN	NaN	NaN	NaN	NaN	0.975854	NaN	NaN	NaN	NaN	NaN	NaN	NaN	NaN	NaN	NaN	NaN	NaN	NaN	NaN	NaN	NaN	NaN	NaN	NaN	NaN	NaN	NaN	NaN	NaN	NaN	NaN	NaN	NaN	NaN	NaN	NaN	NaN	NaN
https://2025storiza.michaelbennie.org/audio_clips/32.3_end_36.7_uid_mHWscHBXcoabM7fdw88AliGuPWw1_sid_myvjKGMQftYgFVPoNsC8_1741648000.mp3	ghineae,landonturner	0.975629	0.983283	0.984577	0.985524	0.986520	0.976015	NaN	0.978996	NaN	NaN	0.998018	0.985410	0.985349	0.977530	0.979235	0.985540	0.978180	NaN	0.978815	NaN	NaN	0.998485	NaN	NaN	NaN	NaN	NaN	NaN	0.979339	NaN	NaN	NaN	NaN	NaN	NaN	NaN	NaN	NaN	NaN	NaN	NaN	0.975629	NaN	NaN	NaN	NaN	NaN	NaN	0.998280	NaN	NaN	NaN	NaN	NaN	NaN	NaN
https://2025storiza.michaelbennie.org/audio_clips/8.9_end_10.5_uid_bKduvdIsrbbqPZ7Z3lCfQlF8WBn1_sid_vlZFDeWdkcL846ISBtph_1742517940.mp3	claire.kuntz,rose.m	0.976019	0.976019	NaN	NaN	0.976612	NaN	NaN	NaN	NaN	NaN	NaN	NaN	0.982708	NaN	NaN	0.977319	NaN	NaN	NaN	NaN	NaN	NaN	NaN	NaN	NaN	NaN	NaN	NaN	NaN	NaN	NaN	NaN	NaN	NaN	NaN	NaN	NaN	NaN	NaN	NaN	NaN	NaN	NaN	NaN	NaN	NaN	NaN	NaN	NaN	NaN	NaN	NaN	NaN	NaN	NaN	NaN
https://2025storiza.michaelbennie.org/audio_clips/31.7_end_44.6_uid_WXRuAJyMuAViHCpYPRVffOrexB03_sid_Ttc81IXIedFGPCeX9A2y_1741217243.mp3	evanhalperin,rose.m	0.976534	0.980152	0.995873	0.995779	0.977730	NaN	NaN	NaN	NaN	NaN	0.995989	0.995994	0.984506	NaN	NaN	0.976534	NaN	NaN	NaN	NaN	NaN	0.995588	NaN	NaN	NaN	NaN	NaN	NaN	NaN	NaN	NaN	NaN	NaN	NaN	NaN	NaN	NaN	NaN	NaN	NaN	NaN	NaN	NaN	NaN	NaN	NaN	NaN	NaN	NaN	0.999349	0.992595	NaN	NaN	NaN	NaN	NaN
https://2025storiza.michaelbennie.org/audio_clips/21.8_end_23.1_uid_EfKQNmht2ebtDnNadrezErlhcDF3_sid_WbzHVYfLznidwbd3NQZn_1743544365.mp3	evanhalperin,lamanjennifer	0.979733	0.983594	0.981654	NaN	0.982862	NaN	NaN	NaN	NaN	NaN	NaN	NaN	0.985318	NaN	NaN	0.992612	NaN	NaN	NaN	NaN	NaN	NaN	NaN	0.979733	NaN	NaN	NaN	NaN	NaN	NaN	NaN	NaN	NaN	NaN	NaN	NaN	NaN	NaN	NaN	NaN	NaN	NaN	NaN	NaN	NaN	NaN	NaN	NaN	NaN	NaN	NaN	NaN	NaN	NaN	NaN	NaN
https://2025storiza.michaelbennie.org/audio_clips/80.6_end_84.3_uid_b7tT96cSBaaiNnMJ2KcuOQPRkO83_sid_cEhgSTuLtXQzTUpjt1kl_1741562634.mp3	claire.kuntz,evanhalperin	0.982647	0.990358	0.997441	0.997357	0.983282	0.997381	NaN	NaN	NaN	NaN	NaN	0.997370	0.992086	NaN	0.997327	0.982647	0.997295	NaN	NaN	NaN	NaN	NaN	NaN	NaN	NaN	NaN	NaN	NaN	NaN	NaN	0.997293	NaN	NaN	NaN	NaN	NaN	NaN	NaN	NaN	NaN	NaN	NaN	NaN	NaN	NaN	NaN	NaN	NaN	NaN	NaN	NaN	NaN	NaN	NaN	NaN	NaN
https://2025storiza.michaelbennie.org/audio_clips/67.7_end_74.1_uid_XmxSYUZAj4dRqSczt2clQkDf31M2_sid_qaLzxMtHTyjMeYNVaGNP_1741316108.mp3	emilianapulido,rose.m	0.982665	0.989108	0.999828	0.999829	0.983258	NaN	NaN	NaN	NaN	NaN	0.999836	0.999831	0.992810	NaN	NaN	0.982665	NaN	NaN	NaN	NaN	NaN	0.999830	NaN	NaN	NaN	NaN	NaN	NaN	NaN	NaN	NaN	NaN	NaN	NaN	NaN	NaN	NaN	NaN	NaN	NaN	NaN	NaN	NaN	NaN	NaN	NaN	NaN	NaN	NaN	NaN	NaN	NaN	0.999852	NaN	NaN	NaN
https://2025storiza.michaelbennie.org/audio_clips/11.0_end_14.9_uid_mHWscHBXcoabM7fdw88AliGuPWw1_sid_IEFc5rVkZZUjWvLVMKyJ_1743463169.mp3	claire.kuntz,evanhalperin	0.985674	0.985674	NaN	NaN	0.986214	NaN	NaN	NaN	NaN	NaN	NaN	NaN	0.989489	NaN	NaN	0.985784	NaN	NaN	NaN	NaN	NaN	NaN	NaN	NaN	NaN	NaN	NaN	NaN	NaN	NaN	NaN	NaN	NaN	NaN	NaN	NaN	NaN	NaN	NaN	NaN	NaN	NaN	NaN	NaN	NaN	NaN	NaN	NaN	NaN	NaN	NaN	NaN	NaN	NaN	NaN	NaN
https://2025storiza.michaelbennie.org/audio_clips/16.4_end_21.9_uid_tHP0GvI5hccNGBzYfgE2pkEHXiW2_sid_fekXGLlqzU2WnyoByMnJ_1743542906.mp3	evanhalperin,rose.m	0.987217	0.993307	0.993268	0.993226	0.993327	0.993232	NaN	NaN	NaN	NaN	0.995312	0.993260	0.994245	0.991749	0.993427	0.992978	0.992151	0.991124	NaN	NaN	NaN	0.995142	NaN	NaN	NaN	NaN	NaN	NaN	0.987217	0.995092	0.995315	NaN	NaN	NaN	NaN	NaN	NaN	NaN	NaN	NaN	NaN	NaN	NaN	NaN	NaN	NaN	NaN	NaN	NaN	NaN	0.995172	NaN	NaN	NaN	NaN	NaN
https://2025storiza.michaelbennie.org/audio_clips/8.2_end_13.3_uid_0FdMSMtn95PJ9tLFeW3F4sFLPMh1_sid_VbsXhwO07uFfFVrP02f5_1743043835.mp3	claire.kuntz,landonturner	0.989759	0.989759	NaN	NaN	0.990038	NaN	NaN	NaN	NaN	NaN	NaN	NaN	0.994571	NaN	NaN	0.989853	NaN	NaN	NaN	NaN	NaN	NaN	NaN	NaN	NaN	NaN	NaN	NaN	NaN	NaN	NaN	NaN	NaN	NaN	NaN	NaN	NaN	NaN	NaN	NaN	NaN	NaN	NaN	NaN	NaN	NaN	NaN	NaN	NaN	NaN	NaN	NaN	NaN	NaN	NaN	NaN
https://2025storiza.michaelbennie.org/audio_clips/116.6_end_122.2_uid_tHP0GvI5hccNGBzYfgE2pkEHXiW2_sid_tauN5MkJSXHrjKIHsYkM_1743377469.mp3	claire.kuntz,rose.m	0.989818	0.990226	NaN	NaN	0.990660	NaN	NaN	NaN	NaN	NaN	NaN	NaN	0.993599	NaN	NaN	0.989818	NaN	NaN	NaN	NaN	NaN	NaN	NaN	NaN	NaN	NaN	NaN	NaN	NaN	NaN	NaN	NaN	NaN	NaN	NaN	NaN	NaN	NaN	NaN	NaN	NaN	NaN	NaN	NaN	NaN	NaN	NaN	NaN	NaN	NaN	NaN	NaN	NaN	NaN	NaN	NaN
https://2025storiza.michaelbennie.org/audio_clips/8.8_end_15.6_uid_tHP0GvI5hccNGBzYfgE2pkEHXiW2_sid_fekXGLlqzU2WnyoByMnJ_1743542906.mp3	evanhalperin,rose.m	0.989821	0.990781	0.999876	0.999879	0.989821	0.999864	NaN	NaN	NaN	NaN	0.999880	0.999885	0.993035	0.999856	0.999867	0.990296	0.999873	0.999869	NaN	NaN	NaN	0.999867	NaN	NaN	NaN	NaN	NaN	NaN	0.999869	0.999863	NaN	NaN	NaN	NaN	NaN	NaN	NaN	NaN	NaN	NaN	NaN	NaN	NaN	NaN	NaN	NaN	NaN	NaN	NaN	0.999884	0.999864	NaN	NaN	NaN	NaN	NaN
https://2025storiza.michaelbennie.org/audio_clips/43.8_end_51.7_uid_Gt0cspsUtRSvEXXHZKUWlVAfyVq2_sid_guX3M4m7zAWaX5Uuw8WL_1742607115.mp3	claire.kuntz,hamern	0.990001	0.990367	NaN	NaN	0.990001	NaN	NaN	NaN	NaN	NaN	NaN	NaN	0.995176	NaN	NaN	0.990609	NaN	NaN	NaN	NaN	NaN	NaN	NaN	NaN	NaN	NaN	NaN	NaN	NaN	NaN	NaN	NaN	NaN	NaN	NaN	NaN	NaN	NaN	NaN	NaN	NaN	NaN	NaN	NaN	NaN	NaN	NaN	NaN	NaN	NaN	NaN	NaN	NaN	NaN	NaN	NaN
https://2025storiza.michaelbennie.org/audio_clips/0.0_end_4.6_uid_d4lLmJzVbJaLpyCuafResXOry3t2_sid_ixCXSzRgtEIwQ8bprZwS_1742586561.mp3	claire.kuntz,landonturner	0.990182	0.991250	NaN	NaN	0.990853	NaN	NaN	NaN	NaN	NaN	NaN	NaN	0.996036	NaN	NaN	0.990182	NaN	NaN	NaN	NaN	NaN	NaN	NaN	NaN	NaN	NaN	NaN	NaN	NaN	NaN	NaN	NaN	NaN	NaN	NaN	NaN	NaN	NaN	NaN	NaN	NaN	NaN	NaN	NaN	NaN	NaN	NaN	NaN	NaN	NaN	NaN	NaN	NaN	NaN	NaN	NaN
https://2025storiza.michaelbennie.org/audio_clips/72.4_end_77.4_uid_0FdMSMtn95PJ9tLFeW3F4sFLPMh1_sid_I3zB5EN064Hgyj1wYaJb_1743128471.mp3	claire.kuntz,landonturner	0.990454	0.990492	NaN	NaN	0.990653	NaN	NaN	NaN	NaN	NaN	NaN	NaN	0.994476	NaN	NaN	0.990454	NaN	NaN	NaN	NaN	NaN	NaN	NaN	NaN	NaN	NaN	NaN	NaN	NaN	NaN	NaN	NaN	NaN	NaN	NaN	NaN	NaN	NaN	NaN	NaN	NaN	NaN	NaN	NaN	NaN	NaN	NaN	NaN	NaN	NaN	NaN	NaN	NaN	NaN	NaN	NaN
https://2025storiza.michaelbennie.org/audio_clips/18.4_end_24.9_uid_mHWscHBXcoabM7fdw88AliGuPWw1_sid_xe2N8wvoGE6N1yF3J1u5_1741215857.mp3	claire.kuntz,emilianapulido	0.992742	0.993741	1.000000	1.000000	0.992853	1.000000	NaN	NaN	NaN	NaN	NaN	1.000000	0.996277	1.000000	1.000000	0.992742	1.000000	1.000000	NaN	NaN	NaN	NaN	NaN	NaN	NaN	NaN	NaN	NaN	NaN	1.000000	1.000000	NaN	NaN	NaN	NaN	NaN	NaN	NaN	NaN	NaN	NaN	NaN	NaN	NaN	NaN	NaN	NaN	NaN	NaN	NaN	NaN	NaN	NaN	NaN	NaN	NaN
https://2025storiza.michaelbennie.org/audio_clips/15.3_end_20.0_uid_FojhPyqH69TyqkGfzc6ZwW0tn2C2_sid_MZXCxGtW5st5dLkCO1q8_1741737208.mp3	evanhalperin,rose.m	0.993123	0.993123	NaN	NaN	0.993630	NaN	NaN	NaN	NaN	NaN	NaN	NaN	0.996139	NaN	NaN	0.993143	NaN	NaN	NaN	NaN	NaN	NaN	NaN	NaN	NaN	NaN	NaN	NaN	NaN	NaN	NaN	NaN	NaN	NaN	NaN	NaN	NaN	NaN	NaN	NaN	NaN	NaN	NaN	NaN	NaN	NaN	NaN	NaN	NaN	NaN	NaN	NaN	NaN	NaN	NaN	NaN
https://2025storiza.michaelbennie.org/audio_clips/122.4_end_125.0_uid_tHP0GvI5hccNGBzYfgE2pkEHXiW2_sid_tauN5MkJSXHrjKIHsYkM_1743377469.mp3	claire.kuntz,rose.m	0.995134	0.995357	NaN	NaN	0.995134	NaN	NaN	NaN	NaN	NaN	NaN	NaN	0.996516	NaN	NaN	0.995267	NaN	NaN	NaN	NaN	NaN	NaN	NaN	NaN	NaN	NaN	NaN	NaN	NaN	NaN	NaN	NaN	NaN	NaN	NaN	NaN	NaN	NaN	NaN	NaN	NaN	NaN	NaN	NaN	NaN	NaN	NaN	NaN	NaN	NaN	NaN	NaN	NaN	NaN	NaN	NaN
https://2025storiza.michaelbennie.org/audio_clips/203.8_end_209.8_uid_IGe7nmfoeKQG1oyWJEMIv6KIP5Q2_sid_OJ3hCvb3pokTxqbvhJuh_1742508917.mp3	emilianapulido,rose.m	0.996111	0.996348	NaN	NaN	0.996111	NaN	NaN	NaN	NaN	NaN	NaN	NaN	0.997674	NaN	NaN	0.996283	NaN	NaN	NaN	NaN	NaN	NaN	NaN	NaN	NaN	NaN	NaN	NaN	NaN	NaN	NaN	NaN	NaN	NaN	NaN	NaN	NaN	NaN	NaN	NaN	NaN	NaN	NaN	NaN	NaN	NaN	NaN	NaN	NaN	NaN	NaN	NaN	NaN	NaN	NaN	NaN
https://2025storiza.michaelbennie.org/audio_clips/40.5_end_45.8_uid_jWPmLFrSHDZItPTjjPUB8KAsjlq2_sid_UebF5uJBSnxqjv2qv7BM_1742046137.mp3	claire.kuntz,evanhalperin	0.996852	0.997884	1.000000	1.000000	0.996852	NaN	NaN	NaN	1.000000	NaN	NaN	1.000000	0.998110	1.000000	NaN	0.996923	NaN	NaN	NaN	1.000000	NaN	NaN	NaN	NaN	NaN	NaN	NaN	NaN	NaN	NaN	NaN	NaN	NaN	NaN	NaN	NaN	NaN	NaN	NaN	NaN	NaN	NaN	NaN	NaN	1.000000	NaN	NaN	NaN	NaN	NaN	NaN	NaN	NaN	NaN	NaN	NaN
https://2025storiza.michaelbennie.org/audio_clips/79.8_end_85.5_uid_bKduvdIsrbbqPZ7Z3lCfQlF8WBn1_sid_ziOEGkA06qYTNZQcETiA_1742517700.mp3	claire.kuntz,landonturner	0.997298	0.997298	NaN	NaN	0.997371	NaN	NaN	NaN	NaN	NaN	NaN	NaN	0.998679	NaN	NaN	0.997310	NaN	NaN	NaN	NaN	NaN	NaN	NaN	NaN	NaN	NaN	NaN	NaN	NaN	NaN	NaN	NaN	NaN	NaN	NaN	NaN	NaN	NaN	NaN	NaN	NaN	NaN	NaN	NaN	NaN	NaN	NaN	NaN	NaN	NaN	NaN	NaN	NaN	NaN	NaN	NaN
https://2025storiza.michaelbennie.org/audio_clips/1.3_end_4.2_uid_b7tT96cSBaaiNnMJ2KcuOQPRkO83_sid_5hkZcPiSBPzGIpag8Xeo_1742423396.mp3	evanhalperin,rose.m	0.997543	0.998534	0.999740	0.999737	0.997543	0.999819	NaN	0.999804	0.999684	NaN	NaN	0.999752	0.998475	0.999729	0.999806	0.997703	0.999800	NaN	0.999817	0.999671	NaN	NaN	NaN	NaN	NaN	NaN	NaN	NaN	NaN	NaN	0.999804	NaN	NaN	NaN	NaN	NaN	NaN	NaN	NaN	NaN	0.999795	NaN	NaN	NaN	0.999653	NaN	NaN	NaN	NaN	NaN	NaN	NaN	NaN	NaN	NaN	NaN
https://2025storiza.michaelbennie.org/audio_clips/36.8_end_41.8_uid_tHP0GvI5hccNGBzYfgE2pkEHXiW2_sid_fekXGLlqzU2WnyoByMnJ_1743542906.mp3	evanhalperin,rose.m	0.997909	0.997942	NaN	NaN	0.998081	NaN	NaN	NaN	NaN	NaN	NaN	NaN	0.998786	NaN	NaN	0.997909	NaN	NaN	NaN	NaN	NaN	NaN	NaN	NaN	NaN	NaN	NaN	NaN	NaN	NaN	NaN	NaN	NaN	NaN	NaN	NaN	NaN	NaN	NaN	NaN	NaN	NaN	NaN	NaN	NaN	NaN	NaN	NaN	NaN	NaN	NaN	NaN	NaN	NaN	NaN	NaN
https://2025storiza.michaelbennie.org/audio_clips/24.2_end_32.7_uid_bKduvdIsrbbqPZ7Z3lCfQlF8WBn1_sid_ziOEGkA06qYTNZQcETiA_1742517700.mp3	claire.kuntz,landonturner	0.998146	0.998250	NaN	NaN	0.998266	NaN	NaN	NaN	NaN	NaN	NaN	NaN	0.999269	NaN	NaN	0.998146	NaN	NaN	NaN	NaN	NaN	NaN	NaN	NaN	NaN	NaN	NaN	NaN	NaN	NaN	NaN	NaN	NaN	NaN	NaN	NaN	NaN	NaN	NaN	NaN	NaN	NaN	NaN	NaN	NaN	NaN	NaN	NaN	NaN	NaN	NaN	NaN	NaN	NaN	NaN	NaN
https://2025storiza.michaelbennie.org/audio_clips/14.8_end_32.9_uid_tHP0GvI5hccNGBzYfgE2pkEHXiW2_sid_OXmhZeGNuXUOY3qvMpeu_1743378291.mp3	claire.kuntz,rose.m	0.998441	0.998672	1.000000	1.000000	0.998441	1.000000	NaN	NaN	NaN	NaN	NaN	1.000000	0.998889	1.000000	1.000000	0.998511	1.000000	1.000000	NaN	NaN	NaN	NaN	NaN	NaN	NaN	NaN	NaN	NaN	1.000000	1.000000	NaN	NaN	NaN	NaN	NaN	NaN	NaN	NaN	NaN	NaN	NaN	NaN	NaN	NaN	NaN	NaN	NaN	NaN	NaN	NaN	NaN	NaN	NaN	NaN	NaN	NaN
https://2025storiza.michaelbennie.org/audio_clips/28.0_end_31.9_uid_EfKQNmht2ebtDnNadrezErlhcDF3_sid_2r0KTzHJ1z29iYVj6xTe_1741215438.mp3	claire.kuntz,rose.m	0.998758	0.998811	NaN	NaN	0.998758	NaN	NaN	NaN	NaN	NaN	NaN	NaN	0.999280	NaN	NaN	0.998831	NaN	NaN	NaN	NaN	NaN	NaN	NaN	NaN	NaN	NaN	NaN	NaN	NaN	NaN	NaN	NaN	NaN	NaN	NaN	NaN	NaN	NaN	NaN	NaN	NaN	NaN	NaN	NaN	NaN	NaN	NaN	NaN	NaN	NaN	NaN	NaN	NaN	NaN	NaN	NaN
https://2025storiza.michaelbennie.org/audio_clips/1.9_end_7.5_uid_flpss45kNMRJ1OyjEiJaPFx5rCo2_sid_R5ayIWS3BhX54S6qzZuq_1742679705.mp3	claire.kuntz,evanhalperin	0.998922	0.998928	NaN	NaN	0.998947	NaN	NaN	NaN	NaN	NaN	NaN	NaN	0.999410	NaN	NaN	0.998922	NaN	NaN	NaN	NaN	NaN	NaN	NaN	NaN	NaN	NaN	NaN	NaN	NaN	NaN	NaN	NaN	NaN	NaN	NaN	NaN	NaN	NaN	NaN	NaN	NaN	NaN	NaN	NaN	NaN	NaN	NaN	NaN	NaN	NaN	NaN	NaN	NaN	NaN	NaN	NaN
https://2025storiza.michaelbennie.org/audio_clips/34.0_end_39.3_uid_flpss45kNMRJ1OyjEiJaPFx5rCo2_sid_R5ayIWS3BhX54S6qzZuq_1742679705.mp3	claire.kuntz,evanhalperin	0.999241	0.999241	NaN	NaN	0.999255	NaN	NaN	NaN	NaN	NaN	NaN	NaN	0.999587	NaN	NaN	0.999242	NaN	NaN	NaN	NaN	NaN	NaN	NaN	NaN	NaN	NaN	NaN	NaN	NaN	NaN	NaN	NaN	NaN	NaN	NaN	NaN	NaN	NaN	NaN	NaN	NaN	NaN	NaN	NaN	NaN	NaN	NaN	NaN	NaN	NaN	NaN	NaN	NaN	NaN	NaN	NaN
https://2025storiza.michaelbennie.org/audio_clips/48.7_end_53.0_uid_XmxSYUZAj4dRqSczt2clQkDf31M2_sid_tM98qutW5zVbaMrfE1fe_1742782716.mp3	claire.kuntz,evanhalperin	0.999314	0.999321	NaN	NaN	0.999348	NaN	NaN	NaN	NaN	NaN	NaN	NaN	0.999572	NaN	NaN	0.999314	NaN	NaN	NaN	NaN	NaN	NaN	NaN	NaN	NaN	NaN	NaN	NaN	NaN	NaN	NaN	NaN	NaN	NaN	NaN	NaN	NaN	NaN	NaN	NaN	NaN	NaN	NaN	NaN	NaN	NaN	NaN	NaN	NaN	NaN	NaN	NaN	NaN	NaN	NaN	NaN
https://2025storiza.michaelbennie.org/audio_clips/125.8_end_144.5_uid_tHP0GvI5hccNGBzYfgE2pkEHXiW2_sid_tauN5MkJSXHrjKIHsYkM_1743377469.mp3	claire.kuntz,rose.m	0.999362	0.999405	1.000000	1.000000	0.999384	NaN	NaN	NaN	NaN	NaN	1.000000	1.000000	0.999636	NaN	NaN	0.999362	NaN	NaN	NaN	NaN	NaN	1.000000	NaN	NaN	NaN	NaN	NaN	NaN	NaN	NaN	NaN	NaN	NaN	NaN	NaN	NaN	NaN	NaN	NaN	NaN	NaN	NaN	NaN	NaN	NaN	NaN	NaN	NaN	1.000000	NaN	NaN	NaN	1.000000	NaN	NaN	NaN
https://2025storiza.michaelbennie.org/audio_clips/13.7_end_21.4_uid_EfKQNmht2ebtDnNadrezErlhcDF3_sid_94139u3RLB6eDunha2LP_1741737807.mp3	claire.kuntz,rose.m	0.999403	0.999581	1.000000	1.000000	0.999414	NaN	NaN	NaN	NaN	NaN	1.000000	1.000000	0.999666	NaN	NaN	0.999403	NaN	NaN	NaN	NaN	NaN	1.000000	NaN	NaN	NaN	NaN	NaN	NaN	NaN	NaN	NaN	NaN	NaN	NaN	NaN	NaN	NaN	NaN	NaN	NaN	NaN	NaN	NaN	NaN	NaN	NaN	NaN	NaN	0.999999	1.000000	NaN	0.999999	1.000000	NaN	NaN	NaN
https://2025storiza.michaelbennie.org/audio_clips/74.5_end_80.8_uid_XmxSYUZAj4dRqSczt2clQkDf31M2_sid_qaLzxMtHTyjMeYNVaGNP_1741316108.mp3	emilianapulido,rose.m	0.999452	0.999562	0.999848	0.999839	0.999461	0.999867	NaN	NaN	NaN	NaN	NaN	0.999872	0.999671	0.999873	0.999870	0.999452	0.999851	0.999845	NaN	NaN	NaN	NaN	NaN	NaN	NaN	NaN	NaN	NaN	0.999852	0.999785	NaN	NaN	0.999848	NaN	NaN	NaN	NaN	NaN	NaN	NaN	NaN	NaN	NaN	NaN	NaN	NaN	NaN	NaN	NaN	NaN	NaN	NaN	NaN	NaN	NaN	NaN
https://2025storiza.michaelbennie.org/audio_clips/8.8_end_14.5_uid_EfKQNmht2ebtDnNadrezErlhcDF3_sid_WbzHVYfLznidwbd3NQZn_1743544365.mp3	claire.kuntz,rose.m	0.999661	0.999674	NaN	NaN	0.999661	NaN	NaN	NaN	NaN	NaN	NaN	NaN	0.999759	NaN	NaN	0.999673	NaN	NaN	NaN	NaN	NaN	NaN	NaN	NaN	NaN	NaN	NaN	NaN	NaN	NaN	NaN	NaN	NaN	NaN	NaN	NaN	NaN	NaN	NaN	NaN	NaN	NaN	NaN	NaN	NaN	NaN	NaN	NaN	NaN	NaN	NaN	NaN	NaN	NaN	NaN	NaN
https://2025storiza.michaelbennie.org/audio_clips/37.6_end_41.9_uid_lEq1lXM2xafR8w5blWO2OCG8VE93_sid_jYTizNYBKMXCSsVuEydP_1742757294.mp3	claire.kuntz,rose.m	0.999956	0.999958	NaN	NaN	0.999956	NaN	NaN	NaN	NaN	NaN	NaN	NaN	0.999975	NaN	NaN	0.999956	NaN	NaN	NaN	NaN	NaN	NaN	NaN	NaN	NaN	NaN	NaN	NaN	NaN	NaN	NaN	NaN	NaN	NaN	NaN	NaN	NaN	NaN	NaN	NaN	NaN	NaN	NaN	NaN	NaN	NaN	NaN	NaN	NaN	NaN	NaN	NaN	NaN	NaN	NaN	NaN
https://2025storiza.michaelbennie.org/audio_clips/25.0_end_32.2_uid_flpss45kNMRJ1OyjEiJaPFx5rCo2_sid_kugsV0n1o7Djk2ZJqtXt_1742679972.mp3	claire.kuntz,evanhalperin	0.999971	0.999973	NaN	NaN	0.999974	NaN	NaN	NaN	NaN	NaN	NaN	NaN	0.999988	NaN	NaN	0.999971	NaN	NaN	NaN	NaN	NaN	NaN	NaN	NaN	NaN	NaN	NaN	NaN	NaN	NaN	NaN	NaN	NaN	NaN	NaN	NaN	NaN	NaN	NaN	NaN	NaN	NaN	NaN	NaN	NaN	NaN	NaN	NaN	NaN	NaN	NaN	NaN	NaN	NaN	NaN	NaN
https://2025storiza.michaelbennie.org/audio_clips/32.7_end_37.2_uid_ejZWulX03uRlAA3C5VqYK6jKNYs1_sid_MOPOHyNsaUnsUUfWTTX8_1741134023.mp3	claire.kuntz,landonturner	0.999976	0.999976	NaN	NaN	0.999976	NaN	NaN	NaN	NaN	NaN	NaN	NaN	0.999987	NaN	NaN	0.999977	NaN	NaN	NaN	NaN	NaN	NaN	NaN	NaN	NaN	NaN	NaN	NaN	NaN	NaN	NaN	NaN	NaN	NaN	NaN	NaN	NaN	NaN	NaN	NaN	NaN	NaN	NaN	NaN	NaN	NaN	NaN	NaN	NaN	NaN	NaN	NaN	NaN	NaN	NaN	NaN
https://2025storiza.michaelbennie.org/audio_clips/278.2_end_281.8_uid_IGe7nmfoeKQG1oyWJEMIv6KIP5Q2_sid_OJ3hCvb3pokTxqbvhJuh_1742508917.mp3	emilianapulido,rose.m	0.999995	0.999995	NaN	NaN	0.999995	NaN	NaN	NaN	NaN	NaN	NaN	NaN	0.999995	NaN	NaN	0.999995	NaN	NaN	NaN	NaN	NaN	NaN	NaN	NaN	NaN	NaN	NaN	NaN	NaN	NaN	NaN	NaN	NaN	NaN	NaN	NaN	NaN	NaN	NaN	NaN	NaN	NaN	NaN	NaN	NaN	NaN	NaN	NaN	NaN	NaN	NaN	NaN	NaN	NaN	NaN	NaN
https://2025storiza.michaelbennie.org/audio_clips/57.0_end_79.1_uid_TzE1wYChYkTUAVNeVtZjXuO8cBi2_sid_xVtZiYDJKDrpbrcttqPg_1743434705.mp3	evanhalperin,rose.m	0.999999	1.000000	1.000000	1.000000	0.999999	1.000000	NaN	NaN	NaN	NaN	1.000000	1.000000	1.000000	1.000000	1.000000	0.999999	1.000000	1.000000	NaN	NaN	NaN	1.000000	NaN	NaN	NaN	NaN	NaN	NaN	NaN	1.000000	NaN	NaN	NaN	NaN	NaN	NaN	NaN	NaN	NaN	NaN	NaN	NaN	NaN	NaN	NaN	NaN	NaN	NaN	NaN	NaN	1.000000	1.000000	1.000000	NaN	NaN	1.000000
https://2025storiza.michaelbennie.org/audio_clips/8.4_end_15.1_uid_u2hytH2KWIS6ewdShfEZisygqIo2_sid_7IUfKNbPtSLLxwJEdkZc_1743194542.mp3	claire.kuntz,rose.m	1.000000	1.000000	NaN	NaN	1.000000	NaN	NaN	NaN	NaN	NaN	NaN	NaN	1.000000	NaN	NaN	1.000000	NaN	NaN	NaN	NaN	NaN	NaN	NaN	NaN	NaN	NaN	NaN	NaN	NaN	NaN	NaN	NaN	NaN	NaN	NaN	NaN	NaN	NaN	NaN	NaN	NaN	NaN	NaN	NaN	NaN	NaN	NaN	NaN	NaN	NaN	NaN	NaN	NaN	NaN	NaN	NaN
https://2025storiza.michaelbennie.org/audio_clips/0.9_end_2.7_uid_bKduvdIsrbbqPZ7Z3lCfQlF8WBn1_sid_ziOEGkA06qYTNZQcETiA_1742517700.mp3	claire.kuntz,landonturner	1.000000	1.000000	NaN	NaN	1.000000	NaN	NaN	NaN	NaN	NaN	NaN	NaN	1.000000	NaN	NaN	1.000000	NaN	NaN	NaN	NaN	NaN	NaN	NaN	NaN	NaN	NaN	NaN	NaN	NaN	NaN	NaN	NaN	NaN	NaN	NaN	NaN	NaN	NaN	NaN	NaN	NaN	NaN	NaN	NaN	NaN	NaN	NaN	NaN	NaN	NaN	NaN	NaN	NaN	NaN	NaN	NaN
https://2025storiza.michaelbennie.org/audio_clips/1.4_end_14.1_uid_tHP0GvI5hccNGBzYfgE2pkEHXiW2_sid_0ozJFJTWJov6qw3mQ9j5_1743377835.mp3	claire.kuntz,rose.m	1.000000	1.000000	1.000000	1.000000	1.000000	NaN	NaN	NaN	NaN	NaN	1.000000	1.000000	1.000000	NaN	NaN	1.000000	NaN	NaN	NaN	NaN	NaN	1.000000	NaN	NaN	NaN	NaN	NaN	NaN	NaN	NaN	NaN	NaN	NaN	NaN	NaN	NaN	NaN	NaN	NaN	NaN	NaN	NaN	NaN	NaN	NaN	NaN	NaN	NaN	NaN	NaN	NaN	NaN	1.000000	NaN	NaN	NaN
https://2025storiza.michaelbennie.org/audio_clips/1.7_end_4.6_uid_u2hytH2KWIS6ewdShfEZisygqIo2_sid_2Zyx7IELFHpKDvjgVHnB_1742347977.mp3	claire.kuntz,rose.m	1.000000	1.000000	1.000000	1.000000	1.000000	1.000000	NaN	1.000000	NaN	NaN	NaN	1.000000	1.000000	1.000000	1.000000	1.000000	1.000000	NaN	1.000000	NaN	NaN	NaN	NaN	NaN	NaN	NaN	NaN	NaN	NaN	NaN	1.000000	NaN	NaN	NaN	NaN	NaN	NaN	NaN	NaN	NaN	1.000000	NaN	NaN	NaN	NaN	NaN	NaN	NaN	NaN	NaN	NaN	NaN	NaN	NaN	NaN	NaN
https://2025storiza.michaelbennie.org/audio_clips/1.7_end_6.6_uid_jWPmLFrSHDZItPTjjPUB8KAsjlq2_sid_3nrUiNGJJEx1MK9ktanM_1742241727.mp3	claire.kuntz,rose.m	1.000000	1.000000	NaN	NaN	1.000000	NaN	NaN	NaN	NaN	NaN	NaN	NaN	1.000000	NaN	NaN	1.000000	NaN	NaN	NaN	NaN	NaN	NaN	NaN	NaN	NaN	NaN	NaN	NaN	NaN	NaN	NaN	NaN	NaN	NaN	NaN	NaN	NaN	NaN	NaN	NaN	NaN	NaN	NaN	NaN	NaN	NaN	NaN	NaN	NaN	NaN	NaN	NaN	NaN	NaN	NaN	NaN
https://2025storiza.michaelbennie.org/audio_clips/10.7_end_16.8_uid_FUCVnaPJeyV5kzao6jmObtdzLUE2_sid_HqI34Zt3xx50DXYcXYaV_1742905562.mp3	claire.kuntz,hamern	1.000000	1.000000	NaN	NaN	1.000000	NaN	NaN	NaN	NaN	NaN	NaN	NaN	1.000000	NaN	NaN	1.000000	NaN	NaN	NaN	NaN	NaN	NaN	NaN	NaN	NaN	NaN	NaN	NaN	NaN	NaN	NaN	NaN	NaN	NaN	NaN	NaN	NaN	NaN	NaN	NaN	NaN	NaN	NaN	NaN	NaN	NaN	NaN	NaN	NaN	NaN	NaN	NaN	NaN	NaN	NaN	NaN
https://2025storiza.michaelbennie.org/audio_clips/13.0_end_15.6_uid_Om0JhZ6RmTNQ5wDLPHKIC3LtY4g2_sid_VW4MwvpLsjcqtkSo8JGT_1742946057.mp3	claire.kuntz,ghineae	1.000000	1.000000	NaN	NaN	1.000000	NaN	NaN	NaN	NaN	NaN	NaN	NaN	1.000000	NaN	NaN	1.000000	NaN	NaN	NaN	NaN	NaN	NaN	NaN	NaN	NaN	NaN	NaN	NaN	NaN	NaN	NaN	NaN	NaN	NaN	NaN	NaN	NaN	NaN	NaN	NaN	NaN	NaN	NaN	NaN	NaN	NaN	NaN	NaN	NaN	NaN	NaN	NaN	NaN	NaN	NaN	NaN
https://2025storiza.michaelbennie.org/audio_clips/16.0_end_18.5_uid_M3RVTGHWrAMCChSiCDrpejluqjQ2_sid_J3DTSl0s0xBwSzdlZEZW_1742137192.mp3	claire.kuntz,katherine.ball	1.000000	1.000000	NaN	NaN	1.000000	NaN	NaN	NaN	NaN	NaN	NaN	NaN	1.000000	NaN	NaN	1.000000	NaN	NaN	NaN	NaN	NaN	NaN	NaN	NaN	NaN	NaN	NaN	NaN	NaN	NaN	NaN	NaN	NaN	NaN	NaN	NaN	NaN	NaN	NaN	NaN	NaN	NaN	NaN	NaN	NaN	NaN	NaN	NaN	NaN	NaN	NaN	NaN	NaN	NaN	NaN	NaN
https://2025storiza.michaelbennie.org/audio_clips/17.0_end_20.5_uid_ejZWulX03uRlAA3C5VqYK6jKNYs1_sid_jGy3WfcxdVQLXa94QWkg_1741212613.mp3	claire.kuntz,rose.m	1.000000	1.000000	NaN	NaN	1.000000	NaN	NaN	NaN	NaN	NaN	NaN	NaN	1.000000	NaN	NaN	1.000000	NaN	NaN	NaN	NaN	NaN	NaN	NaN	NaN	NaN	NaN	NaN	NaN	NaN	NaN	NaN	NaN	NaN	NaN	NaN	NaN	NaN	NaN	NaN	NaN	NaN	NaN	NaN	NaN	NaN	NaN	NaN	NaN	NaN	NaN	NaN	NaN	NaN	NaN	NaN	NaN
https://2025storiza.michaelbennie.org/audio_clips/17.4_end_19.6_uid_jWPmLFrSHDZItPTjjPUB8KAsjlq2_sid_UebF5uJBSnxqjv2qv7BM_1742046137.mp3	claire.kuntz,evanhalperin	1.000000	1.000000	NaN	NaN	1.000000	NaN	NaN	NaN	NaN	NaN	NaN	NaN	1.000000	NaN	NaN	1.000000	NaN	NaN	NaN	NaN	NaN	NaN	NaN	NaN	NaN	NaN	NaN	NaN	NaN	NaN	NaN	NaN	NaN	NaN	NaN	NaN	NaN	NaN	NaN	NaN	NaN	NaN	NaN	NaN	NaN	NaN	NaN	NaN	NaN	NaN	NaN	NaN	NaN	NaN	NaN	NaN
https://2025storiza.michaelbennie.org/audio_clips/18.0_end_22.0_uid_Gt0cspsUtRSvEXXHZKUWlVAfyVq2_sid_Fg08PYTUetsEHAd5a7Su_1743619578.mp3	claire.kuntz,emilianapulido	1.000000	1.000000	NaN	NaN	1.000000	NaN	NaN	NaN	NaN	NaN	NaN	NaN	1.000000	NaN	NaN	1.000000	NaN	NaN	NaN	NaN	NaN	NaN	NaN	NaN	NaN	NaN	NaN	NaN	NaN	NaN	NaN	NaN	NaN	NaN	NaN	NaN	NaN	NaN	NaN	NaN	NaN	NaN	NaN	NaN	NaN	NaN	NaN	NaN	NaN	NaN	NaN	NaN	NaN	NaN	NaN	NaN
https://2025storiza.michaelbennie.org/audio_clips/2.0_end_11.3_uid_CjlD9aGvoSfMhsnUwRIQlMr4IFp1_sid_fPKMdj4jr6BedPXQV3mV_1742180701.mp3	claire.kuntz,rose.m	1.000000	1.000000	NaN	NaN	1.000000	NaN	NaN	NaN	NaN	NaN	NaN	NaN	1.000000	NaN	NaN	1.000000	NaN	NaN	NaN	NaN	NaN	NaN	NaN	NaN	NaN	NaN	NaN	NaN	NaN	NaN	NaN	NaN	NaN	NaN	NaN	NaN	NaN	NaN	NaN	NaN	NaN	NaN	NaN	NaN	NaN	NaN	NaN	NaN	NaN	NaN	NaN	NaN	NaN	NaN	NaN	NaN
https://2025storiza.michaelbennie.org/audio_clips/2.1_end_9.5_uid_WU2CHNrkg8hTa41RUFdbv0AtTC42_sid_9JaVWFblrYlOX7TNJfzJ_1741134609.mp3	evanhalperin,rose.m	1.000000	1.000000	NaN	NaN	1.000000	NaN	NaN	NaN	NaN	NaN	NaN	NaN	1.000000	NaN	NaN	1.000000	NaN	NaN	NaN	NaN	NaN	NaN	NaN	NaN	NaN	NaN	NaN	NaN	NaN	NaN	NaN	NaN	NaN	NaN	NaN	NaN	NaN	NaN	NaN	NaN	NaN	NaN	NaN	NaN	NaN	NaN	NaN	NaN	NaN	NaN	NaN	NaN	NaN	NaN	NaN	NaN
https://2025storiza.michaelbennie.org/audio_clips/22.9_end_26.8_uid_tHP0GvI5hccNGBzYfgE2pkEHXiW2_sid_rLPnR4znaTm5MBeGpUC3_1743543079.mp3	claire.kuntz,rose.m	1.000000	1.000000	NaN	NaN	1.000000	NaN	NaN	NaN	NaN	NaN	NaN	NaN	1.000000	NaN	NaN	1.000000	NaN	NaN	NaN	NaN	NaN	NaN	NaN	NaN	NaN	NaN	NaN	NaN	NaN	NaN	NaN	NaN	NaN	NaN	NaN	NaN	NaN	NaN	NaN	NaN	NaN	NaN	NaN	NaN	NaN	NaN	NaN	NaN	NaN	NaN	NaN	NaN	NaN	NaN	NaN	NaN
https://2025storiza.michaelbennie.org/audio_clips/23.9_end_27.4_uid_EfKQNmht2ebtDnNadrezErlhcDF3_sid_DHkzC6iHwVqz1EYkGumN_1743544680.mp3	claire.kuntz,rose.m	1.000000	1.000000	1.000000	1.000000	1.000000	1.000000	NaN	NaN	NaN	NaN	NaN	1.000000	1.000000	1.000000	1.000000	1.000000	1.000000	1.000000	NaN	NaN	NaN	NaN	NaN	NaN	NaN	NaN	NaN	NaN	1.000000	1.000000	NaN	NaN	NaN	NaN	NaN	NaN	NaN	NaN	NaN	NaN	NaN	NaN	NaN	NaN	NaN	NaN	NaN	NaN	NaN	NaN	NaN	NaN	NaN	NaN	NaN	NaN
https://2025storiza.michaelbennie.org/audio_clips/24.4_end_29.3_uid_sHl4il5Li8NKe5aMecUSJyXBFco2_sid_ke09jdLvzmtmF4LOguMg_1742064389.mp3	claire.kuntz,rose.m	1.000000	1.000000	1.000000	1.000000	1.000000	1.000000	NaN	1.000000	NaN	NaN	NaN	1.000000	1.000000	1.000000	1.000000	1.000000	1.000000	NaN	1.000000	NaN	NaN	NaN	NaN	NaN	NaN	NaN	NaN	NaN	NaN	NaN	1.000000	NaN	NaN	NaN	NaN	NaN	NaN	NaN	NaN	NaN	1.000000	NaN	NaN	NaN	NaN	NaN	NaN	NaN	NaN	NaN	NaN	NaN	NaN	NaN	NaN	NaN
https://2025storiza.michaelbennie.org/audio_clips/28.5_end_35.3_uid_u2hytH2KWIS6ewdShfEZisygqIo2_sid_2Zyx7IELFHpKDvjgVHnB_1742347977.mp3	claire.kuntz,rose.m	1.000000	1.000000	1.000000	1.000000	1.000000	NaN	NaN	NaN	NaN	NaN	1.000000	1.000000	1.000000	NaN	NaN	1.000000	NaN	NaN	NaN	NaN	NaN	1.000000	NaN	NaN	NaN	NaN	NaN	NaN	NaN	NaN	NaN	NaN	NaN	NaN	NaN	NaN	NaN	NaN	NaN	NaN	NaN	NaN	NaN	NaN	NaN	NaN	NaN	NaN	NaN	NaN	NaN	NaN	1.000000	NaN	NaN	NaN
https://2025storiza.michaelbennie.org/audio_clips/28.7_end_32.9_uid_tHP0GvI5hccNGBzYfgE2pkEHXiW2_sid_YLXuurDAeYQaKiiuD7UK_1743542725.mp3	claire.kuntz,rose.m	1.000000	1.000000	NaN	NaN	1.000000	NaN	NaN	NaN	NaN	NaN	NaN	NaN	1.000000	NaN	NaN	1.000000	NaN	NaN	NaN	NaN	NaN	NaN	NaN	NaN	NaN	NaN	NaN	NaN	NaN	NaN	NaN	NaN	NaN	NaN	NaN	NaN	NaN	NaN	NaN	NaN	NaN	NaN	NaN	NaN	NaN	NaN	NaN	NaN	NaN	NaN	NaN	NaN	NaN	NaN	NaN	NaN
https://2025storiza.michaelbennie.org/audio_clips/32.9_end_35.7_uid_ovpeape9PZbAq7VLrirwGOYrvsh1_sid_B47w0vhU8iVP2M8bfsQr_1742389444.mp3	claire.kuntz,ghineae	1.000000	1.000000	NaN	NaN	1.000000	NaN	NaN	NaN	NaN	NaN	NaN	NaN	1.000000	NaN	NaN	1.000000	NaN	NaN	NaN	NaN	NaN	NaN	NaN	NaN	NaN	NaN	NaN	NaN	NaN	NaN	NaN	NaN	NaN	NaN	NaN	NaN	NaN	NaN	NaN	NaN	NaN	NaN	NaN	NaN	NaN	NaN	NaN	NaN	NaN	NaN	NaN	NaN	NaN	NaN	NaN	NaN
https://2025storiza.michaelbennie.org/audio_clips/38.8_end_43.7_uid_ejZWulX03uRlAA3C5VqYK6jKNYs1_sid_LUuTijhm7jsKH4nsoD5d_1741133671.mp3	claire.kuntz,ghineae	1.000000	1.000000	NaN	NaN	1.000000	NaN	NaN	NaN	NaN	NaN	NaN	NaN	1.000000	NaN	NaN	1.000000	NaN	NaN	NaN	NaN	NaN	NaN	NaN	NaN	NaN	NaN	NaN	NaN	NaN	NaN	NaN	NaN	NaN	NaN	NaN	NaN	NaN	NaN	NaN	NaN	NaN	NaN	NaN	NaN	NaN	NaN	NaN	NaN	NaN	NaN	NaN	NaN	NaN	NaN	NaN	NaN
https://2025storiza.michaelbennie.org/audio_clips/40.5_end_41.3_uid_22lbfrTq0OP1g1mwv7RZwXUl6eW2_sid_qg1jtaFG5XEfPNYgcLP8_1742503280.mp3	lamanjennifer,rose.m	1.000000	1.000000	NaN	NaN	1.000000	NaN	NaN	NaN	NaN	NaN	NaN	NaN	1.000000	NaN	NaN	1.000000	NaN	NaN	NaN	NaN	NaN	NaN	NaN	NaN	NaN	NaN	NaN	NaN	NaN	NaN	NaN	NaN	NaN	NaN	NaN	NaN	NaN	NaN	NaN	NaN	NaN	NaN	NaN	NaN	NaN	NaN	NaN	NaN	NaN	NaN	NaN	NaN	NaN	NaN	NaN	NaN
https://2025storiza.michaelbennie.org/audio_clips/48.0_end_57.4_uid_d4lLmJzVbJaLpyCuafResXOry3t2_sid_hbmmfiDEZKXiVCftbZpM_1741968872.mp3	claire.kuntz,ghineae	1.000000	1.000000	1.000000	1.000000	1.000000	NaN	NaN	NaN	NaN	NaN	1.000000	1.000000	1.000000	NaN	NaN	1.000000	NaN	NaN	NaN	NaN	NaN	1.000000	NaN	NaN	NaN	NaN	NaN	NaN	NaN	NaN	NaN	NaN	NaN	NaN	NaN	NaN	NaN	NaN	NaN	NaN	NaN	NaN	NaN	NaN	NaN	NaN	NaN	NaN	NaN	NaN	NaN	NaN	1.000000	NaN	NaN	NaN
https://2025storiza.michaelbennie.org/audio_clips/49.0_end_50.5_uid_0FdMSMtn95PJ9tLFeW3F4sFLPMh1_sid_X19DlwS3B4SOtR90cYJB_1743128893.mp3	claire.kuntz,rose.m	1.000000	1.000000	1.000000	1.000000	1.000000	1.000000	NaN	NaN	NaN	NaN	NaN	1.000000	1.000000	NaN	1.000000	1.000000	1.000000	NaN	NaN	NaN	NaN	NaN	NaN	NaN	NaN	NaN	NaN	NaN	NaN	NaN	1.000000	NaN	NaN	NaN	NaN	NaN	NaN	NaN	NaN	NaN	NaN	NaN	NaN	NaN	NaN	NaN	NaN	NaN	NaN	NaN	NaN	NaN	NaN	NaN	NaN	NaN
https://2025storiza.michaelbennie.org/audio_clips/49.2_end_63.5_uid_tHP0GvI5hccNGBzYfgE2pkEHXiW2_sid_OXmhZeGNuXUOY3qvMpeu_1743378291.mp3	claire.kuntz,rose.m	1.000000	1.000000	1.000000	1.000000	1.000000	1.000000	NaN	NaN	NaN	NaN	1.000000	1.000000	1.000000	1.000000	1.000000	1.000000	1.000000	1.000000	NaN	NaN	NaN	1.000000	NaN	NaN	NaN	NaN	NaN	NaN	1.000000	1.000000	1.000000	NaN	1.000000	NaN	NaN	NaN	NaN	NaN	NaN	NaN	NaN	NaN	NaN	NaN	NaN	NaN	NaN	NaN	NaN	NaN	1.000000	NaN	NaN	NaN	NaN	NaN
https://2025storiza.michaelbennie.org/audio_clips/5.0_end_8.8_uid_CjlD9aGvoSfMhsnUwRIQlMr4IFp1_sid_RtxDiSxFul0yppqfezgP_1741403164.mp3	claire.kuntz,rose.m	1.000000	1.000000	NaN	NaN	1.000000	NaN	NaN	NaN	NaN	NaN	NaN	NaN	1.000000	NaN	NaN	1.000000	NaN	NaN	NaN	NaN	NaN	NaN	NaN	NaN	NaN	NaN	NaN	NaN	NaN	NaN	NaN	NaN	NaN	NaN	NaN	NaN	NaN	NaN	NaN	NaN	NaN	NaN	NaN	NaN	NaN	NaN	NaN	NaN	NaN	NaN	NaN	NaN	NaN	NaN	NaN	NaN
https://2025storiza.michaelbennie.org/audio_clips/5.8_end_7.1_uid_mHWscHBXcoabM7fdw88AliGuPWw1_sid_IEFc5rVkZZUjWvLVMKyJ_1743463169.mp3	claire.kuntz,ghineae	1.000000	1.000000	NaN	NaN	1.000000	NaN	NaN	NaN	NaN	NaN	NaN	NaN	1.000000	NaN	NaN	1.000000	NaN	NaN	NaN	NaN	NaN	NaN	NaN	NaN	NaN	NaN	NaN	NaN	NaN	NaN	NaN	NaN	NaN	NaN	NaN	NaN	NaN	NaN	NaN	NaN	NaN	NaN	NaN	NaN	NaN	NaN	NaN	NaN	NaN	NaN	NaN	NaN	NaN	NaN	NaN	NaN
https://2025storiza.michaelbennie.org/audio_clips/51.4_end_57.4_uid_tHP0GvI5hccNGBzYfgE2pkEHXiW2_sid_Lf3VBeOK4sAugmVABgUl_1743376662.mp3	claire.kuntz,rose.m	1.000000	1.000000	NaN	NaN	1.000000	NaN	NaN	NaN	NaN	NaN	NaN	NaN	1.000000	NaN	NaN	1.000000	NaN	NaN	NaN	NaN	NaN	NaN	NaN	NaN	NaN	NaN	NaN	NaN	NaN	NaN	NaN	NaN	NaN	NaN	NaN	NaN	NaN	NaN	NaN	NaN	NaN	NaN	NaN	NaN	NaN	NaN	NaN	NaN	NaN	NaN	NaN	NaN	NaN	NaN	NaN	NaN
https://2025storiza.michaelbennie.org/audio_clips/52.2_end_56.3_uid_tHP0GvI5hccNGBzYfgE2pkEHXiW2_sid_p6cLdVe7UtbfmSNky9ER_1743455830.mp3	claire.kuntz,emilianapulido	1.000000	1.000000	NaN	NaN	1.000000	NaN	NaN	NaN	NaN	NaN	NaN	NaN	1.000000	NaN	NaN	1.000000	NaN	NaN	NaN	NaN	NaN	NaN	NaN	NaN	NaN	NaN	NaN	NaN	NaN	NaN	NaN	NaN	NaN	NaN	NaN	NaN	NaN	NaN	NaN	NaN	NaN	NaN	NaN	NaN	NaN	NaN	NaN	NaN	NaN	NaN	NaN	NaN	NaN	NaN	NaN	NaN
https://2025storiza.michaelbennie.org/audio_clips/53.1_end_56.2_uid_d4lLmJzVbJaLpyCuafResXOry3t2_sid_nTjc4Y4oYD4B37MRVkcV_1743018876.mp3	benjaminmcneill,claire.kuntz	1.000000	1.000000	1.000000	1.000000	1.000000	1.000000	NaN	NaN	NaN	NaN	1.000000	1.000000	1.000000	1.000000	1.000000	1.000000	1.000000	1.000000	NaN	NaN	NaN	1.000000	NaN	NaN	NaN	NaN	NaN	NaN	NaN	1.000000	NaN	NaN	NaN	NaN	NaN	NaN	NaN	NaN	NaN	NaN	NaN	NaN	NaN	NaN	NaN	NaN	NaN	NaN	NaN	NaN	NaN	NaN	1.000000	NaN	NaN	NaN
https://2025storiza.michaelbennie.org/audio_clips/59.3_end_62.7_uid_u2hytH2KWIS6ewdShfEZisygqIo2_sid_8sraqBTHXNRWlPEsIVVs_1741312064.mp3	claire.kuntz,rose.m	1.000000	1.000000	NaN	NaN	1.000000	NaN	NaN	NaN	NaN	NaN	NaN	NaN	1.000000	NaN	NaN	1.000000	NaN	NaN	NaN	NaN	NaN	NaN	NaN	NaN	NaN	NaN	NaN	NaN	NaN	NaN	NaN	NaN	NaN	NaN	NaN	NaN	NaN	NaN	NaN	NaN	NaN	NaN	NaN	NaN	NaN	NaN	NaN	NaN	NaN	NaN	NaN	NaN	NaN	NaN	NaN	NaN
https://2025storiza.michaelbennie.org/audio_clips/65.5_end_67.2_uid_u2hytH2KWIS6ewdShfEZisygqIo2_sid_IDo5kVmXWN4WBqrVawSn_1741140843.mp3	claire.kuntz,rose.m	1.000000	1.000000	NaN	NaN	1.000000	NaN	NaN	NaN	NaN	NaN	NaN	NaN	1.000000	NaN	NaN	1.000000	NaN	NaN	NaN	NaN	NaN	NaN	NaN	NaN	NaN	NaN	NaN	NaN	NaN	NaN	NaN	NaN	NaN	NaN	NaN	NaN	NaN	NaN	NaN	NaN	NaN	NaN	NaN	NaN	NaN	NaN	NaN	NaN	NaN	NaN	NaN	NaN	NaN	NaN	NaN	NaN
https://2025storiza.michaelbennie.org/audio_clips/65.7_end_69.2_uid_flpss45kNMRJ1OyjEiJaPFx5rCo2_sid_cqG7XCJHLAa4J12lsMtP_1743380445.mp3	claire.kuntz,emilianapulido	1.000000	1.000000	NaN	NaN	1.000000	NaN	NaN	NaN	NaN	NaN	NaN	NaN	1.000000	NaN	NaN	1.000000	NaN	NaN	NaN	NaN	NaN	NaN	NaN	NaN	NaN	NaN	NaN	NaN	NaN	NaN	NaN	NaN	NaN	NaN	NaN	NaN	NaN	NaN	NaN	NaN	NaN	NaN	NaN	NaN	NaN	NaN	NaN	NaN	NaN	NaN	NaN	NaN	NaN	NaN	NaN	NaN
https://2025storiza.michaelbennie.org/audio_clips/66.3_end_75.7_uid_tHP0GvI5hccNGBzYfgE2pkEHXiW2_sid_Lf3VBeOK4sAugmVABgUl_1743376662.mp3	claire.kuntz,rose.m	1.000000	1.000000	1.000000	1.000000	1.000000	NaN	NaN	NaN	NaN	NaN	1.000000	1.000000	1.000000	NaN	NaN	1.000000	NaN	NaN	NaN	NaN	NaN	1.000000	NaN	NaN	NaN	NaN	NaN	NaN	NaN	NaN	NaN	NaN	NaN	NaN	NaN	NaN	NaN	NaN	NaN	NaN	NaN	NaN	NaN	NaN	NaN	NaN	NaN	NaN	NaN	NaN	NaN	NaN	1.000000	NaN	NaN	NaN
https://2025storiza.michaelbennie.org/audio_clips/72.8_end_81.4_uid_M3RVTGHWrAMCChSiCDrpejluqjQ2_sid_sfqObzhvO3itXnX1XMIO_1743016882.mp3	claire.kuntz,rose.m	1.000000	1.000000	1.000000	1.000000	1.000000	1.000000	NaN	1.000000	NaN	NaN	1.000000	1.000000	1.000000	1.000000	1.000000	1.000000	1.000000	NaN	1.000000	NaN	NaN	1.000000	NaN	NaN	NaN	NaN	NaN	NaN	NaN	NaN	1.000000	NaN	NaN	NaN	NaN	NaN	NaN	NaN	NaN	NaN	1.000000	NaN	NaN	NaN	NaN	NaN	NaN	NaN	1.000000	NaN	NaN	1.000000	NaN	NaN	NaN	NaN
https://2025storiza.michaelbennie.org/audio_clips/73.4_end_85.4_uid_XmxSYUZAj4dRqSczt2clQkDf31M2_sid_wHC0iV2kngJNvbooPdeU_1742782139.mp3	claire.kuntz,rose.m	1.000000	1.000000	1.000000	1.000000	1.000000	NaN	NaN	NaN	1.000000	NaN	NaN	1.000000	1.000000	1.000000	NaN	1.000000	NaN	NaN	NaN	1.000000	NaN	NaN	NaN	NaN	NaN	NaN	NaN	NaN	NaN	NaN	NaN	NaN	NaN	NaN	NaN	NaN	NaN	NaN	NaN	NaN	NaN	NaN	NaN	NaN	1.000000	NaN	NaN	NaN	NaN	NaN	NaN	NaN	NaN	NaN	NaN	NaN
https://2025storiza.michaelbennie.org/audio_clips/75.7_end_81.2_uid_qgT735VZ7OPJmWzvIgZGZAchHgD2_sid_16P17noOcmpEnO20pHgy_1742416351.mp3	claire.kuntz,ghineae	1.000000	1.000000	NaN	NaN	1.000000	NaN	NaN	NaN	NaN	NaN	NaN	NaN	1.000000	NaN	NaN	1.000000	NaN	NaN	NaN	NaN	NaN	NaN	NaN	NaN	NaN	NaN	NaN	NaN	NaN	NaN	NaN	NaN	NaN	NaN	NaN	NaN	NaN	NaN	NaN	NaN	NaN	NaN	NaN	NaN	NaN	NaN	NaN	NaN	NaN	NaN	NaN	NaN	NaN	NaN	NaN	NaN
https://2025storiza.michaelbennie.org/audio_clips/78.5_end_80.9_uid_ejZWulX03uRlAA3C5VqYK6jKNYs1_sid_jGy3WfcxdVQLXa94QWkg_1741212613.mp3	claire.kuntz,landonturner	1.000000	1.000000	NaN	NaN	1.000000	NaN	NaN	NaN	NaN	NaN	NaN	NaN	1.000000	NaN	NaN	1.000000	NaN	NaN	NaN	NaN	NaN	NaN	NaN	NaN	NaN	NaN	NaN	NaN	NaN	NaN	NaN	NaN	NaN	NaN	NaN	NaN	NaN	NaN	NaN	NaN	NaN	NaN	NaN	NaN	NaN	NaN	NaN	NaN	NaN	NaN	NaN	NaN	NaN	NaN	NaN	NaN
https://2025storiza.michaelbennie.org/audio_clips/88.0_end_93.4_uid_qgT735VZ7OPJmWzvIgZGZAchHgD2_sid_16P17noOcmpEnO20pHgy_1742416351.mp3	claire.kuntz,ghineae	1.000000	1.000000	NaN	NaN	1.000000	NaN	NaN	NaN	NaN	NaN	NaN	NaN	1.000000	NaN	NaN	1.000000	NaN	NaN	NaN	NaN	NaN	NaN	NaN	NaN	NaN	NaN	NaN	NaN	NaN	NaN	NaN	NaN	NaN	NaN	NaN	NaN	NaN	NaN	NaN	NaN	NaN	NaN	NaN	NaN	NaN	NaN	NaN	NaN	NaN	NaN	NaN	NaN	NaN	NaN	NaN	NaN
https://2025storiza.michaelbennie.org/audio_clips/9.5_end_13.0_uid_tHP0GvI5hccNGBzYfgE2pkEHXiW2_sid_ZtswbSGXVeetSumC3jZp_1743456209.mp3	claire.kuntz,rose.m	1.000000	1.000000	NaN	NaN	1.000000	NaN	NaN	NaN	NaN	NaN	NaN	NaN	1.000000	NaN	NaN	1.000000	NaN	NaN	NaN	NaN	NaN	NaN	NaN	NaN	NaN	NaN	NaN	NaN	NaN	NaN	NaN	NaN	NaN	NaN	NaN	NaN	NaN	NaN	NaN	NaN	NaN	NaN	NaN	NaN	NaN	NaN	NaN	NaN	NaN	NaN	NaN	NaN	NaN	NaN	NaN	NaN
https://2025storiza.michaelbennie.org/audio_clips/90.7_end_100.6_uid_flpss45kNMRJ1OyjEiJaPFx5rCo2_sid_cqG7XCJHLAa4J12lsMtP_1743380445.mp3	claire.kuntz,emilianapulido	1.000000	1.000000	1.000000	1.000000	1.000000	NaN	NaN	NaN	NaN	NaN	1.000000	1.000000	1.000000	NaN	NaN	1.000000	NaN	NaN	NaN	NaN	NaN	1.000000	NaN	NaN	NaN	NaN	NaN	NaN	NaN	NaN	NaN	NaN	NaN	NaN	NaN	NaN	NaN	NaN	NaN	NaN	NaN	NaN	NaN	NaN	NaN	NaN	NaN	NaN	NaN	NaN	NaN	NaN	NaN	1.000000	NaN	NaN
https://2025storiza.michaelbennie.org/audio_clips/94.9_end_96.6_uid_ukKF4sCANzgmD16fyjMyO7VwR2A2_sid_BhiSjyPVnnE8LlbHAvww_1742164812.mp3	claire.kuntz,rose.m	1.000000	1.000000	NaN	NaN	1.000000	NaN	NaN	NaN	NaN	NaN	NaN	NaN	1.000000	NaN	NaN	1.000000	NaN	NaN	NaN	NaN	NaN	NaN	NaN	NaN	NaN	NaN	NaN	NaN	NaN	NaN	NaN	NaN	NaN	NaN	NaN	NaN	NaN	NaN	NaN	NaN	NaN	NaN	NaN	NaN	NaN	NaN	NaN	NaN	NaN	NaN	NaN	NaN	NaN	NaN	NaN	NaN
