Path,Transcript,goldStandard
"/Users/liu.ying/University of Florida/Leite,Walter - Storiza Corpus Spring 2025/Storiza_Participant_Recording_05-30-25/annotated_sentence_segments/uid_TzE1wYChYkTUAVNeVtZjXuO8cBi2_sid_xVtZiYDJKDrpbrcttqPg_1743434705_195798231_sentence_segment.wav",Pat Pat had a pen,Pat had a pan.
"/Users/liu.ying/University of Florida/Leite,Walter - Storiza Corpus Spring 2025/Storiza_Participant_Recording_05-30-25/annotated_sentence_segments/uid_TzE1wYChYkTUAVNeVtZjXuO8cBi2_sid_xVtZiYDJKDrpbrcttqPg_1743434705_195798232_sentence_segment.wav",pet and the in the pan sat,Pat and the pan sat.
"/Users/liu.ying/University of Florida/Leite,Walter - Storiza Corpus Spring 2025/Storiza_Participant_Recording_05-30-25/annotated_sentence_segments/uid_TzE1wYChYkTUAVNeVtZjXuO8cBi2_sid_xVtZiYDJKDrpbrcttqPg_1743434705_195798233_sentence_segment.wav",Pat and the pan fit,Pat and the pan fit.
"/Users/liu.ying/University of Florida/Leite,Walter - Storiza Corpus Spring 2025/Storiza_Participant_Recording_05-30-25/annotated_sentence_segments/uid_TzE1wYChYkTUAVNeVtZjXuO8cBi2_sid_xVtZiYDJKDrpbrcttqPg_1743434705_195798234_sentence_segment.wav",p|at Pat tapped tapped the pe:n,Pat tapped the pan.
"/Users/liu.ying/University of Florida/Leite,Walter - Storiza Corpus Spring 2025/Storiza_Participant_Recording_05-30-25/annotated_sentence_segments/uid_TzE1wYChYkTUAVNeVtZjXuO8cBi2_sid_xVtZiYDJKDrpbrcttqPg_1743434705_195798235_sentence_segment.wav",The pan slib|d slid,The pan slid.
"/Users/liu.ying/University of Florida/Leite,Walter - Storiza Corpus Spring 2025/Storiza_Participant_Recording_05-30-25/annotated_sentence_segments/uid_TzE1wYChYkTUAVNeVtZjXuO8cBi2_sid_xVtZiYDJKDrpbrcttqPg_1743434705_195798236_sentence_segment.wav",pæ:t g: grinned ɡwɪnd,Pat grinned.
"/Users/liu.ying/University of Florida/Leite,Walter - Storiza Corpus Spring 2025/Storiza_Participant_Recording_05-30-25/annotated_sentence_segments/uid_ukKF4sCANzgmD16fyjMyO7VwR2A2_sid_BhiSjyPVnnE8LlbHAvww_1742164812_195798237_sentence_segment.wav",Zade loved playing baskball,Zade loved playing basketball.
"/Users/liu.ying/University of Florida/Leite,Walter - Storiza Corpus Spring 2025/Storiza_Participant_Recording_05-30-25/annotated_sentence_segments/uid_ukKF4sCANzgmD16fyjMyO7VwR2A2_sid_BhiSjyPVnnE8LlbHAvww_1742164812_195798238_sentence_segment.wav",Each day he would wear his gear and head to the court near his home,"Each day, he would wear his gear and head to the court near his home."
"/Users/liu.ying/University of Florida/Leite,Walter - Storiza Corpus Spring 2025/Storiza_Participant_Recording_05-30-25/annotated_sentence_segments/uid_ukKF4sCANzgmD16fyjMyO7VwR2A2_sid_BhiSjyPVnnE8LlbHAvww_1742164812_195798239_sentence_segment.wav",The air was f.fɹɛʃ and Zade felt eager,"The air was fresh, and Zade felt eager."
"/Users/liu.ying/University of Florida/Leite,Walter - Storiza Corpus Spring 2025/Storiza_Participant_Recording_05-30-25/annotated_sentence_segments/uid_ukKF4sCANzgmD16fyjMyO7VwR2A2_sid_BhiSjyPVnnE8LlbHAvww_1742164812_195798240_sentence_segment.wav",on sunny day he was əm determinated to perfect his jump shot,"One sunny day, he was determined to perfect his jump shot."
"/Users/liu.ying/University of Florida/Leite,Walter - Storiza Corpus Spring 2025/Storiza_Participant_Recording_05-30-25/annotated_sentence_segments/uid_ukKF4sCANzgmD16fyjMyO7VwR2A2_sid_BhiSjyPVnnE8LlbHAvww_1742164812_195798241_sentence_segment.wav",He took a deep breath focused and leaped into the air,"He took a deep breath, focused, and leapt into the air."
"/Users/liu.ying/University of Florida/Leite,Walter - Storiza Corpus Spring 2025/Storiza_Participant_Recording_05-30-25/annotated_sentence_segments/uid_ukKF4sCANzgmD16fyjMyO7VwR2A2_sid_BhiSjyPVnnE8LlbHAvww_1742164812_195798242_sentence_segment.wav",The ball scored soared and went through the hoop without touching the rim,The ball soared and went through the hoop without touching the rim.
"/Users/liu.ying/University of Florida/Leite,Walter - Storiza Corpus Spring 2025/Storiza_Participant_Recording_05-30-25/annotated_sentence_segments/uid_ukKF4sCANzgmD16fyjMyO7VwR2A2_sid_BhiSjyPVnnE8LlbHAvww_1742164812_195798243_sentence_segment.wav",The cheer f:.from his friends was loud and filled Zade with pride,The cheer from his friends was loud and filled Zade with pride.
"/Users/liu.ying/University of Florida/Leite,Walter - Storiza Corpus Spring 2025/Storiza_Participant_Recording_05-30-25/annotated_sentence_segments/uid_ukKF4sCANzgmD16fyjMyO7VwR2A2_sid_BhiSjyPVnnE8LlbHAvww_1742164812_195798244_sentence_segment.wav",But during practice he took a hard fall and tore his sneaker,"But during practice, he took a hard fall and tore his sneaker."
"/Users/liu.ying/University of Florida/Leite,Walter - Storiza Corpus Spring 2025/Storiza_Participant_Recording_05-30-25/annotated_sentence_segments/uid_ukKF4sCANzgmD16fyjMyO7VwR2A2_sid_BhiSjyPVnnE8LlbHAvww_1742164812_195798245_sentence_segment.wav",His friends were friends were there to help and show the care,His friends were there to help and show they care.
"/Users/liu.ying/University of Florida/Leite,Walter - Storiza Corpus Spring 2025/Storiza_Participant_Recording_05-30-25/annotated_sentence_segments/uid_ukKF4sCANzgmD16fyjMyO7VwR2A2_sid_BhiSjyPVnnE8LlbHAvww_1742164812_195798246_sentence_segment.wav",Zade sat on the bench a with a small te.tear in his eye thinking his day was over,"Zade sat on the bench with a small tear in his eye, thinking his day was over."
"/Users/liu.ying/University of Florida/Leite,Walter - Storiza Corpus Spring 2025/Storiza_Participant_Recording_05-30-25/annotated_sentence_segments/uid_ukKF4sCANzgmD16fyjMyO7VwR2A2_sid_BhiSjyPVnnE8LlbHAvww_1742164812_195798247_sentence_segment.wav",However his friend Clare cheer from his what came to him with a silly smile,"However, his friend Clare came to him with a sly smile."
"/Users/liu.ying/University of Florida/Leite,Walter - Storiza Corpus Spring 2025/Storiza_Participant_Recording_05-30-25/annotated_sentence_segments/uid_ukKF4sCANzgmD16fyjMyO7VwR2A2_sid_BhiSjyPVnnE8LlbHAvww_1742164812_195798248_sentence_segment.wav",I have a spare pair immai in my bag ʃ.ʃi said,"""I have a spare pair in my bag!"" she said."
"/Users/liu.ying/University of Florida/Leite,Walter - Storiza Corpus Spring 2025/Storiza_Participant_Recording_05-30-25/annotated_sentence_segments/uid_ukKF4sCANzgmD16fyjMyO7VwR2A2_sid_BhiSjyPVnnE8LlbHAvww_1742164812_195798249_sentence_segment.wav",Zade was thrilled,Zade was thrilled.
"/Users/liu.ying/University of Florida/Leite,Walter - Storiza Corpus Spring 2025/Storiza_Participant_Recording_05-30-25/annotated_sentence_segments/uid_ukKF4sCANzgmD16fyjMyO7VwR2A2_sid_BhiSjyPVnnE8LlbHAvww_1742164812_195798250_sentence_segment.wav",He leɪkt up an new sneakers and returned to the game wɪf flair,He laced up the new sneakers and returned to the game with flair.
"/Users/liu.ying/University of Florida/Leite,Walter - Storiza Corpus Spring 2025/Storiza_Participant_Recording_05-30-25/annotated_sentence_segments/uid_ukKF4sCANzgmD16fyjMyO7VwR2A2_sid_BhiSjyPVnnE8LlbHAvww_1742164812_195798251_sentence_segment.wav",By the end of the day Zade's team won,"By the end of the day, Zade's team won."
"/Users/liu.ying/University of Florida/Leite,Walter - Storiza Corpus Spring 2025/Storiza_Participant_Recording_05-30-25/annotated_sentence_segments/uid_ukKF4sCANzgmD16fyjMyO7VwR2A2_sid_BhiSjyPVnnE8LlbHAvww_1742164812_195798252_sentence_segment.wav",As they left the court Zade felt a sense of joy,"As they left the court, Zade felt a sense of joy."
"/Users/liu.ying/University of Florida/Leite,Walter - Storiza Corpus Spring 2025/Storiza_Participant_Recording_05-30-25/annotated_sentence_segments/uid_ukKF4sCANzgmD16fyjMyO7VwR2A2_sid_BhiSjyPVnnE8LlbHAvww_1742164812_195798253_sentence_segment.wav",He learned that friendship and care make any tough time easier to bear,He learned that friendship and care make any tough time easier to bear.
"/Users/liu.ying/University of Florida/Leite,Walter - Storiza Corpus Spring 2025/Storiza_Participant_Recording_05-30-25/annotated_sentence_segments/uid_gUfM3yODstSdwltidtEzSlIo0q93_sid_YJYpGQOGORLj0onYXX3W_1742770181_195798254_sentence_segment.wav",Once ɔ.əpɔn a time a mouth named L:|Lace leɪs: p|aw.aw|nd pon a n.naɪs s|p|o|t spot to a n|ice sp|ot spot to d|an|ce dance,"Once upon a time, a mouse named Lace found a nice spot to dance."
"/Users/liu.ying/University of Florida/Leite,Walter - Storiza Corpus Spring 2025/Storiza_Participant_Recording_05-30-25/annotated_sentence_segments/uid_gUfM3yODstSdwltidtEzSlIo0q93_sid_YJYpGQOGORLj0onYXX3W_1742770181_195798255_sentence_segment.wav",ʃ:i pr...an...ced pranced and  twirled with g...r...ass grass,She pranced and twirled with grace.
"/Users/liu.ying/University of Florida/Leite,Walter - Storiza Corpus Spring 2025/Storiza_Participant_Recording_05-30-25/annotated_sentence_segments/uid_gUfM3yODstSdwltidtEzSlIo0q93_sid_YJYpGQOGORLj0onYXX3W_1742770181_195798256_sentence_segment.wav",Once up|a: Once up     n|ay:|me|t.mt neɪmt l|a:|ss ford a n|ih:.|n|ice nice  spot to dance,"Once upon a time, a mouse named Lace found a nice spot to dance."
"/Users/liu.ying/University of Florida/Leite,Walter - Storiza Corpus Spring 2025/Storiza_Participant_Recording_05-30-25/annotated_sentence_segments/uid_tHP0GvI5hccNGBzYfgE2pkEHXiW2_sid_p6cLdVe7UtbfmSNky9ER_1743455830_195798257_sentence_segment.wav",Sam and Pam plan ænd̚ əvɛntʃɚ,Sam and Pam plan an adventure.
"/Users/liu.ying/University of Florida/Leite,Walter - Storiza Corpus Spring 2025/Storiza_Participant_Recording_05-30-25/annotated_sentence_segments/uid_tHP0GvI5hccNGBzYfgE2pkEHXiW2_sid_p6cLdVe7UtbfmSNky9ER_1743455830_195798258_sentence_segment.wav",They skid sit si:t sit in a blue van,They sit in a blue van.
"/Users/liu.ying/University of Florida/Leite,Walter - Storiza Corpus Spring 2025/Storiza_Participant_Recording_05-30-25/annotated_sentence_segments/uid_tHP0GvI5hccNGBzYfgE2pkEHXiW2_sid_p6cLdVe7UtbfmSNky9ER_1743455830_195798259_sentence_segment.wav",The blue ðə van goes on sand and mud,The van goes on sand and mud.
"/Users/liu.ying/University of Florida/Leite,Walter - Storiza Corpus Spring 2025/Storiza_Participant_Recording_05-30-25/annotated_sentence_segments/uid_tHP0GvI5hccNGBzYfgE2pkEHXiW2_sid_p6cLdVe7UtbfmSNky9ER_1743455830_195798260_sentence_segment.wav",Sam and Pam guh|uh|r|in grin and clap,Sam and Pam grin and clap.
"/Users/liu.ying/University of Florida/Leite,Walter - Storiza Corpus Spring 2025/Storiza_Participant_Recording_05-30-25/annotated_sentence_segments/uid_tHP0GvI5hccNGBzYfgE2pkEHXiW2_sid_p6cLdVe7UtbfmSNky9ER_1743455830_195798261_sentence_segment.wav",This is fun says Pam,"""This is fun!"" says Pam."
"/Users/liu.ying/University of Florida/Leite,Walter - Storiza Corpus Spring 2025/Storiza_Participant_Recording_05-30-25/annotated_sentence_segments/uid_tHP0GvI5hccNGBzYfgE2pkEHXiW2_sid_p6cLdVe7UtbfmSNky9ER_1743455830_195798262_sentence_segment.wav",An an  ant sits on Sam's hat,An ant sits on Sam's hat.
"/Users/liu.ying/University of Florida/Leite,Walter - Storiza Corpus Spring 2025/Storiza_Participant_Recording_05-30-25/annotated_sentence_segments/uid_tHP0GvI5hccNGBzYfgE2pkEHXiW2_sid_p6cLdVe7UtbfmSNky9ER_1743455830_195798263_sentence_segment.wav",Sam æm Pam stop and look,Sam and Pam stop and look.
"/Users/liu.ying/University of Florida/Leite,Walter - Storiza Corpus Spring 2025/Storiza_Participant_Recording_05-30-25/annotated_sentence_segments/uid_tHP0GvI5hccNGBzYfgE2pkEHXiW2_sid_p6cLdVe7UtbfmSNky9ER_1743455830_195798264_sentence_segment.wav",says An ant said Sam,"""An ant!"" says Sam."
"/Users/liu.ying/University of Florida/Leite,Walter - Storiza Corpus Spring 2025/Storiza_Participant_Recording_05-30-25/annotated_sentence_segments/uid_tHP0GvI5hccNGBzYfgE2pkEHXiW2_sid_p6cLdVe7UtbfmSNky9ER_1743455830_195798265_sentence_segment.wav",Sam and Pam ah ʊ l|a|a|g laugh laugh laugh then continue k.ɑ|k|oʊ|n|t|ɛ.ɛ|n| ʊ con.con|tin|ue.ue contin|cons continue continue the fun ride on the sand,"Sam and Pam laugh, then continue the fun ride on the sand."
"/Users/liu.ying/University of Florida/Leite,Walter - Storiza Corpus Spring 2025/Storiza_Participant_Recording_05-30-25/annotated_sentence_segments/uid_H7rAk5StNLc0VysmHcZQZTQFpBx2_sid_hjIbQ9OhnZrt82foK1t5_1743079725_195798266_sentence_segment.wav",inuh small town there's a pɹaɪt light called Luna,"In a small town, there was a bright light called Luna."
"/Users/liu.ying/University of Florida/Leite,Walter - Storiza Corpus Spring 2025/Storiza_Participant_Recording_05-30-25/annotated_sentence_segments/uid_H7rAk5StNLc0VysmHcZQZTQFpBx2_sid_hjIbQ9OhnZrt82foK1t5_1743079725_195798267_sentence_segment.wav",Every night lunəɪ would shine high sky ɚ high in the sky glowing and growing,"Every night, Luna would shine high in the sky, glowing and growing."
"/Users/liu.ying/University of Florida/Leite,Walter - Storiza Corpus Spring 2025/Storiza_Participant_Recording_05-30-25/annotated_sentence_segments/uid_H7rAk5StNLc0VysmHcZQZTQFpBx2_sid_hjIbQ9OhnZrt82foK1t5_1743079725_195798268_sentence_segment.wav",One day a little child named Ben wanted to see Luna up close,"One day, a little child named Ben wanted to see Luna up close."
"/Users/liu.ying/University of Florida/Leite,Walter - Storiza Corpus Spring 2025/Storiza_Participant_Recording_05-30-25/annotated_sentence_segments/uid_H7rAk5StNLc0VysmHcZQZTQFpBx2_sid_hjIbQ9OhnZrt82foK1t5_1743079725_195798269_sentence_segment.wav",He climbed a steep hill to reach the top where Luna seemed bigger,He climbed a steep hill to reach the top where Luna seemed bigger.
"/Users/liu.ying/University of Florida/Leite,Walter - Storiza Corpus Spring 2025/Storiza_Participant_Recording_05-30-25/annotated_sentence_segments/uid_H7rAk5StNLc0VysmHcZQZTQFpBx2_sid_hjIbQ9OhnZrt82foK1t5_1743079725_195798270_sentence_segment.wav",As Ben looked up he saw the moon smile lighting up the world below,"As Ben looked up, he saw the moon smile, lighting up the world below."
"/Users/liu.ying/University of Florida/Leite,Walter - Storiza Corpus Spring 2025/Storiza_Participant_Recording_05-30-25/annotated_sentence_segments/uid_H7rAk5StNLc0VysmHcZQZTQFpBx2_sid_hjIbQ9OhnZrt82foK1t5_1743079725_195798271_sentence_segment.wav",Suddenly a gentle breeze blew and Ben felt the glow of Luna's ,"Suddenly, a gentle breeze blew, and Ben felt the glow of Luna's warmth."
"/Users/liu.ying/University of Florida/Leite,Walter - Storiza Corpus Spring 2025/Storiza_Participant_Recording_05-30-25/annotated_sentence_segments/uid_H7rAk5StNLc0VysmHcZQZTQFpBx2_sid_hjIbQ9OhnZrt82foK1t5_1743079725_195798272_sentence_segment.wav",He waved goodbye and walked back down knowing ðaʊt Luna would always be there lighting in the night with her gentle  glow  I forgot,"He waved goodbye and walked back down, knowing that Luna would always be there, lighting the night with her gentle glow."
"/Users/liu.ying/University of Florida/Leite,Walter - Storiza Corpus Spring 2025/Storiza_Participant_Recording_05-30-25/annotated_sentence_segments/uid_XmxSYUZAj4dRqSczt2clQkDf31M2_sid_qaLzxMtHTyjMeYNVaGNP_1741316108_195798273_sentence_segment.wav",Once upon a time a lion lived in the vantage grasslands,"Once upon a time, a lion lived in the vast grasslands."
"/Users/liu.ying/University of Florida/Leite,Walter - Storiza Corpus Spring 2025/Storiza_Participant_Recording_05-30-25/annotated_sentence_segments/uid_XmxSYUZAj4dRqSczt2clQkDf31M2_sid_qaLzxMtHTyjMeYNVaGNP_1741316108_195798274_sentence_segment.wav",and One day he met a king who was camping,"One day, he met a king who was camping."
"/Users/liu.ying/University of Florida/Leite,Walter - Storiza Corpus Spring 2025/Storiza_Participant_Recording_05-30-25/annotated_sentence_segments/uid_XmxSYUZAj4dRqSczt2clQkDf31M2_sid_qaLzxMtHTyjMeYNVaGNP_1741316108_195798275_sentence_segment.wav",The lion was curious wʌt edge apported the king approached ðə kɪŋ,The lion was curious and approached the king.
"/Users/liu.ying/University of Florida/Leite,Walter - Storiza Corpus Spring 2025/Storiza_Participant_Recording_05-30-25/annotated_sentence_segments/uid_XmxSYUZAj4dRqSczt2clQkDf31M2_sid_qaLzxMtHTyjMeYNVaGNP_1741316108_195798276_sentence_segment.wav",ðəgl king sh:tood tall honley oldwi holding a this walking s:tɪk,"The king stood tall, holding his walking stick."
"/Users/liu.ying/University of Florida/Leite,Walter - Storiza Corpus Spring 2025/Storiza_Participant_Recording_05-30-25/annotated_sentence_segments/uid_XmxSYUZAj4dRqSczt2clQkDf31M2_sid_qaLzxMtHTyjMeYNVaGNP_1741316108_195798277_sentence_segment.wav",The lion is and king started at each other s:|tarted æt itʃ ʌðɚ until the sky skaɪ turned dark də like naɪt.naɪtfɔl,The lion and king stared at each other until the sky turned dark like nightfall.
"/Users/liu.ying/University of Florida/Leite,Walter - Storiza Corpus Spring 2025/Storiza_Participant_Recording_05-30-25/annotated_sentence_segments/uid_XmxSYUZAj4dRqSczt2clQkDf31M2_sid_qaLzxMtHTyjMeYNVaGNP_1741316108_195798278_sentence_segment.wav",Then the lion let out a loud ɹo:ɹ,"Then, the lion let out a loud roar."
"/Users/liu.ying/University of Florida/Leite,Walter - Storiza Corpus Spring 2025/Storiza_Participant_Recording_05-30-25/annotated_sentence_segments/uid_XmxSYUZAj4dRqSczt2clQkDf31M2_sid_qaLzxMtHTyjMeYNVaGNP_1741316108_195798279_sentence_segment.wav",The king rides his brave took a step back,"The king, wise and brave, took a step back."
"/Users/liu.ying/University of Florida/Leite,Walter - Storiza Corpus Spring 2025/Storiza_Participant_Recording_05-30-25/annotated_sentence_segments/uid_XmxSYUZAj4dRqSczt2clQkDf31M2_sid_qaLzxMtHTyjMeYNVaGNP_1741316108_195798280_sentence_segment.wav",See the king cau:ge cauge the th lion felt respect,"Seeing the king's courage, the lion felt respect."
"/Users/liu.ying/University of Florida/Leite,Walter - Storiza Corpus Spring 2025/Storiza_Participant_Recording_05-30-25/annotated_sentence_segments/uid_XmxSYUZAj4dRqSczt2clQkDf31M2_sid_qaLzxMtHTyjMeYNVaGNP_1741316108_195798281_sentence_segment.wav",They s:.star sp.shtarteds stroke the kwout mount mount at the sunset,They shared a quiet moment at the sunset.
"/Users/liu.ying/University of Florida/Leite,Walter - Storiza Corpus Spring 2025/Storiza_Participant_Recording_05-30-25/annotated_sentence_segments/uid_XmxSYUZAj4dRqSczt2clQkDf31M2_sid_qaLzxMtHTyjMeYNVaGNP_1741316108_195798282_sentence_segment.wav",Finally the lion turned a ɛ.ɛənd left while the king remembered to hɪz: ten tent gravely for the extremeler,"Finally, the lion turned and left, while the king returned to his tent, grateful for this encounter."
"/Users/liu.ying/University of Florida/Leite,Walter - Storiza Corpus Spring 2025/Storiza_Participant_Recording_05-30-25/annotated_sentence_segments/uid_21Dw9jLeIqWjrAuRHI1RG1qPz853_sid_DGdDPHDvbqcU25UYdwyt_1741208782_195798283_sentence_segment.wav",Once upon a time a little mouse named Lou lived in a big brown house,"Once upon a time, a little mouse named Lou lived in a big brown house."
"/Users/liu.ying/University of Florida/Leite,Walter - Storiza Corpus Spring 2025/Storiza_Participant_Recording_05-30-25/annotated_sentence_segments/uid_21Dw9jLeIqWjrAuRHI1RG1qPz853_sid_DGdDPHDvbqcU25UYdwyt_1741208782_195798284_sentence_segment.wav",Lou love to ex|plor|ing and one day he found a tiny k.ɹaʊn under the couch,"Lou loved to explore, and one day, he found a tiny crown under the couch."
"/Users/liu.ying/University of Florida/Leite,Walter - Storiza Corpus Spring 2025/Storiza_Participant_Recording_05-30-25/annotated_sentence_segments/uid_21Dw9jLeIqWjrAuRHI1RG1qPz853_sid_DGdDPHDvbqcU25UYdwyt_1741208782_195798285_sentence_segment.wav",Wow what a find l|lu thought placing it on his head,"""Wow, what a find!"" Lou thought, placing it on his head."
"/Users/liu.ying/University of Florida/Leite,Walter - Storiza Corpus Spring 2025/Storiza_Participant_Recording_05-30-25/annotated_sentence_segments/uid_21Dw9jLeIqWjrAuRHI1RG1qPz853_sid_DGdDPHDvbqcU25UYdwyt_1741208782_195798286_sentence_segment.wav",With the grown (like crown) crown crown l:u felt proud,"With the crown, Lou felt proud."
"/Users/liu.ying/University of Florida/Leite,Walter - Storiza Corpus Spring 2025/Storiza_Participant_Recording_05-30-25/annotated_sentence_segments/uid_21Dw9jLeIqWjrAuRHI1RG1qPz853_sid_DGdDPHDvbqcU25UYdwyt_1741208782_195798287_sentence_segment.wav",He ɹæ ɛəndə showed his friends the new treasure,He ran around and showed his friends the new treasure.
"/Users/liu.ying/University of Florida/Leite,Walter - Storiza Corpus Spring 2025/Storiza_Participant_Recording_05-30-25/annotated_sentence_segments/uid_21Dw9jLeIqWjrAuRHI1RG1qPz853_sid_DGdDPHDvbqcU25UYdwyt_1741208782_195798288_sentence_segment.wav",But sunə the sun began to go down and Lou know nj:u it was time to ɹɛs time to wr:ist,"But soon, the sun began to go down, and Lou knew it was time to rest."
"/Users/liu.ying/University of Florida/Leite,Walter - Storiza Corpus Spring 2025/Storiza_Participant_Recording_05-30-25/annotated_sentence_segments/uid_21Dw9jLeIqWjrAuRHI1RG1qPz853_sid_DGdDPHDvbqcU25UYdwyt_1741208782_195798289_sentence_segment.wav",As he lay in a bed Lou smiled feeling happy in his little world,"As he lay in bed, Lou smiled, feeling happy in his little world."
"/Users/liu.ying/University of Florida/Leite,Walter - Storiza Corpus Spring 2025/Storiza_Participant_Recording_05-30-25/annotated_sentence_segments/uid_TQTGm3pFYchsl1S1E0j0Pz15qno1_sid_7SHXQ4irDDmOvLPgsKxh_1741139454_195798290_sentence_segment.wav",Grace had a big bɹæʃ at hɜw p...a...d pad,Grace had a big bash at her pad.
"/Users/liu.ying/University of Florida/Leite,Walter - Storiza Corpus Spring 2025/Storiza_Participant_Recording_05-30-25/annotated_sentence_segments/uid_TQTGm3pFYchsl1S1E0j0Pz15qno1_sid_7SHXQ4irDDmOvLPgsKxh_1741139454_195798291_sentence_segment.wav",s.sæm P|a|t Pat and M|a|x Max w:.with g|i|f|t gifts,"Sam, Pat, and Max came with gifts."
"/Users/liu.ying/University of Florida/Leite,Walter - Storiza Corpus Spring 2025/Storiza_Participant_Recording_05-30-25/annotated_sentence_segments/uid_TQTGm3pFYchsl1S1E0j0Pz15qno1_sid_7SHXQ4irDDmOvLPgsKxh_1741139454_195798292_sentence_segment.wav",They sang and clapped as æst Grace c...u...t cut the  cake,They sang and clapped as Grace cut the cake.
"/Users/liu.ying/University of Florida/Leite,Walter - Storiza Corpus Spring 2025/Storiza_Participant_Recording_05-30-25/annotated_sentence_segments/uid_TQTGm3pFYchsl1S1E0j0Pz15qno1_sid_7SHXQ4irDDmOvLPgsKxh_1741139454_195798293_sentence_segment.wav",pear was a cat and a bat on the cake,There was a cat and a bat on the cake.
"/Users/liu.ying/University of Florida/Leite,Walter - Storiza Corpus Spring 2025/Storiza_Participant_Recording_05-30-25/annotated_sentence_segments/uid_TQTGm3pFYchsl1S1E0j0Pz15qno1_sid_7SHXQ4irDDmOvLPgsKxh_1741139454_195798294_sentence_segment.wav",Grace was g|l|a|d glad and h|a|d had a n|a|p nap  æftəw the fun date with hɜw p|al|s.s pals,Grace was glad and had a nap after the fun day with her pals.
"/Users/liu.ying/University of Florida/Leite,Walter - Storiza Corpus Spring 2025/Storiza_Participant_Recording_05-30-25/annotated_sentence_segments/uid_mHWscHBXcoabM7fdw88AliGuPWw1_sid_xe2N8wvoGE6N1yF3J1u5_1741215857_195798295_sentence_segment.wav",Mermaid kitty live in a blue wɑk kʌvə,Mermaid Catsy lived in a blue rock cove.
"/Users/liu.ying/University of Florida/Leite,Walter - Storiza Corpus Spring 2025/Storiza_Participant_Recording_05-30-25/annotated_sentence_segments/uid_mHWscHBXcoabM7fdw88AliGuPWw1_sid_xe2N8wvoGE6N1yF3J1u5_1741215857_195798296_sentence_segment.wav",She loved to ʃæt with a chi|chiny fish,She loved to chat with a shiny fish.
"/Users/liu.ying/University of Florida/Leite,Walter - Storiza Corpus Spring 2025/Storiza_Participant_Recording_05-30-25/annotated_sentence_segments/uid_mHWscHBXcoabM7fdw88AliGuPWw1_sid_xe2N8wvoGE6N1yF3J1u5_1741215857_195798297_sentence_segment.wav",One day kitty found a lost backpack on a dock,"One day, Catsy found a lost backpack on a dock."
"/Users/liu.ying/University of Florida/Leite,Walter - Storiza Corpus Spring 2025/Storiza_Participant_Recording_05-30-25/annotated_sentence_segments/uid_mHWscHBXcoabM7fdw88AliGuPWw1_sid_xe2N8wvoGE6N1yF3J1u5_1741215857_195798298_sentence_segment.wav",Inside was a map to a block island,Inside was a map to a block island.
"/Users/liu.ying/University of Florida/Leite,Walter - Storiza Corpus Spring 2025/Storiza_Participant_Recording_05-30-25/annotated_sentence_segments/uid_mHWscHBXcoabM7fdw88AliGuPWw1_sid_xe2N8wvoGE6N1yF3J1u5_1741215857_195798299_sentence_segment.wav",Explored the pack quick snacks and swam to the spot,"Excited, she packed quick snacks and swam to the spot."
"/Users/liu.ying/University of Florida/Leite,Walter - Storiza Corpus Spring 2025/Storiza_Participant_Recording_05-30-25/annotated_sentence_segments/uid_mHWscHBXcoabM7fdw88AliGuPWw1_sid_xe2N8wvoGE6N1yF3J1u5_1741215857_195798300_sentence_segment.wav",There she met a duck with a s|lɪk gold n: beak,"There, she met a duck with a slick, gold beak."
"/Users/liu.ying/University of Florida/Leite,Walter - Storiza Corpus Spring 2025/Storiza_Participant_Recording_05-30-25/annotated_sentence_segments/uid_mHWscHBXcoabM7fdw88AliGuPWw1_sid_xe2N8wvoGE6N1yF3J1u5_1741215857_195798301_sentence_segment.wav",The duck had lost the backpack,The duck had lost the backpack.
"/Users/liu.ying/University of Florida/Leite,Walter - Storiza Corpus Spring 2025/Storiza_Participant_Recording_05-30-25/annotated_sentence_segments/uid_mHWscHBXcoabM7fdw88AliGuPWw1_sid_xe2N8wvoGE6N1yF3J1u5_1741215857_195798302_sentence_segment.wav",ɡʌlfʊl the duck gave her a ʃ:ɛl clock,"Grateful, the duck gifted her a shell clock."
"/Users/liu.ying/University of Florida/Leite,Walter - Storiza Corpus Spring 2025/Storiza_Participant_Recording_05-30-25/annotated_sentence_segments/uid_mHWscHBXcoabM7fdw88AliGuPWw1_sid_xe2N8wvoGE6N1yF3J1u5_1741215857_195798303_sentence_segment.wav",Kisty thought him and took back home happy with hith new friend and twɛʒɚ,"Catsy thanked him and ticked back home, happy with her new friend and treasure."
"/Users/liu.ying/University of Florida/Leite,Walter - Storiza Corpus Spring 2025/Storiza_Participant_Recording_05-30-25/annotated_sentence_segments/uid_WU2CHNrkg8hTa41RUFdbv0AtTC42_sid_9JaVWFblrYlOX7TNJfzJ_1741134609_195798304_sentence_segment.wav",In a faraway land brave Ray was known for his amazing cape,"In a faraway land, brave Ray was known for his amazing cape."
"/Users/liu.ying/University of Florida/Leite,Walter - Storiza Corpus Spring 2025/Storiza_Participant_Recording_05-30-25/annotated_sentence_segments/uid_WU2CHNrkg8hTa41RUFdbv0AtTC42_sid_9JaVWFblrYlOX7TNJfzJ_1741134609_195798305_sentence_segment.wav",Each day Ray would train save the day,"Each day, Ray would train to save the day."
"/Users/liu.ying/University of Florida/Leite,Walter - Storiza Corpus Spring 2025/Storiza_Participant_Recording_05-30-25/annotated_sentence_segments/uid_WU2CHNrkg8hTa41RUFdbv0AtTC42_sid_9JaVWFblrYlOX7TNJfzJ_1741134609_195798306_sentence_segment.wav",Today he said I will make a plan to help,"""Today,"" he said, ""I will make a plan to help!"""
"/Users/liu.ying/University of Florida/Leite,Walter - Storiza Corpus Spring 2025/Storiza_Participant_Recording_05-30-25/annotated_sentence_segments/uid_WU2CHNrkg8hTa41RUFdbv0AtTC42_sid_9JaVWFblrYlOX7TNJfzJ_1741134609_195798307_sentence_segment.wav",Ray's friend Jay join ɪ.ɪn eager to play and aid,"Ray's friend, Jay, joined in, eager to play and aid."
"/Users/liu.ying/University of Florida/Leite,Walter - Storiza Corpus Spring 2025/Storiza_Participant_Recording_05-30-25/annotated_sentence_segments/uid_WU2CHNrkg8hTa41RUFdbv0AtTC42_sid_9JaVWFblrYlOX7TNJfzJ_1741134609_195798308_sentence_segment.wav",They set out to find ways to keep the town safe,They set out to find ways to keep the town safe.
"/Users/liu.ying/University of Florida/Leite,Walter - Storiza Corpus Spring 2025/Storiza_Participant_Recording_05-30-25/annotated_sentence_segments/uid_WU2CHNrkg8hTa41RUFdbv0AtTC42_sid_9JaVWFblrYlOX7TNJfzJ_1741134609_195798309_sentence_segment.wav",Way up high they spotted a f:ɹeɪ,"Way up high, they spotted a fray."
"/Users/liu.ying/University of Florida/Leite,Walter - Storiza Corpus Spring 2025/Storiza_Participant_Recording_05-30-25/annotated_sentence_segments/uid_WU2CHNrkg8hTa41RUFdbv0AtTC42_sid_9JaVWFblrYlOX7TNJfzJ_1741134609_195798310_sentence_segment.wav",s:wiftly they f:lu: to f:ɪks the dismay,"Swiftly, they flew to fix the dismay."
"/Users/liu.ying/University of Florida/Leite,Walter - Storiza Corpus Spring 2025/Storiza_Participant_Recording_05-30-25/annotated_sentence_segments/uid_WU2CHNrkg8hTa41RUFdbv0AtTC42_sid_9JaVWFblrYlOX7TNJfzJ_1741134609_195798311_sentence_segment.wav",baɪ: deɪ:z end peace was restored,"By day's end, peace was restored."
"/Users/liu.ying/University of Florida/Leite,Walter - Storiza Corpus Spring 2025/Storiza_Participant_Recording_05-30-25/annotated_sentence_segments/uid_WU2CHNrkg8hTa41RUFdbv0AtTC42_sid_9JaVWFblrYlOX7TNJfzJ_1741134609_195798312_sentence_segment.wav",The town cheered and waved as Ray and Jay flew away promising to always return when the town would need to play it safe again,"The town cheered and waved as Ray and Jay flew away, promising to always return when the town would need to play it safe again."
"/Users/liu.ying/University of Florida/Leite,Walter - Storiza Corpus Spring 2025/Storiza_Participant_Recording_05-30-25/annotated_sentence_segments/uid_4w6SC0KmlKV4YmJTalgWiZalQHi2_sid_WFBJxSGh2uCXWoF0Nr92_1742511762_195798313_sentence_segment.wav",Once upon a time in a far.|faraway land there lived a group of magical creatures called the Whis.|whistol|lots whistolot wis,"""Once upon a time, in a faraway land, there lived a group of magical creatures called the 'Whistolots'."
"/Users/liu.ying/University of Florida/Leite,Walter - Storiza Corpus Spring 2025/Storiza_Participant_Recording_05-30-25/annotated_sentence_segments/uid_4w6SC0KmlKV4YmJTalgWiZalQHi2_sid_WFBJxSGh2uCXWoF0Nr92_1742511762_195798314_sentence_segment.wav",These creatures had the power to wɪs wɪstəl whistle with their long pointy noses,"These creatures had the power to whistle with their long, pointy noses."
"/Users/liu.ying/University of Florida/Leite,Walter - Storiza Corpus Spring 2025/Storiza_Participant_Recording_05-30-25/annotated_sentence_segments/uid_4w6SC0KmlKV4YmJTalgWiZalQHi2_sid_WFBJxSGh2uCXWoF0Nr92_1742511762_195798315_sentence_segment.wav",They wɪvd in a bright colorful forest filled with all kinds of trees ən flowers,"They lived in a bright, colorful forest filled with all kinds of trees and flowers."
"/Users/liu.ying/University of Florida/Leite,Walter - Storiza Corpus Spring 2025/Storiza_Participant_Recording_05-30-25/annotated_sentence_segments/uid_4w6SC0KmlKV4YmJTalgWiZalQHi2_sid_WFBJxSGh2uCXWoF0Nr92_1742511762_195798316_sentence_segment.wav",One day a brave wɪs wɪs Whistolot named wɪzli Whizzy set out on a journey to find a rare plant called the Whisperberry,"One day, a brave Whistolot named Whizzy set out on a journey to find a rare plant called the 'Whisperberry'."
"/Users/liu.ying/University of Florida/Leite,Walter - Storiza Corpus Spring 2025/Storiza_Participant_Recording_05-30-25/annotated_sentence_segments/uid_4w6SC0KmlKV4YmJTalgWiZalQHi2_sid_WFBJxSGh2uCXWoF0Nr92_1742511762_195798317_sentence_segment.wav",This plant was said to have magical powers that could make anyone who ate it able to whistle beautifully,"This plant was said to have magical powers that could make anyone who ate it, able to whistle beautifully."
"/Users/liu.ying/University of Florida/Leite,Walter - Storiza Corpus Spring 2025/Storiza_Participant_Recording_05-30-25/annotated_sentence_segments/uid_4w6SC0KmlKV4YmJTalgWiZalQHi2_sid_WFBJxSGh2uCXWoF0Nr92_1742511762_195798318_sentence_segment.wav",Whizzy search high and low brave braving through θ:ɪk bushes and tall trees unay until h:i finally found the Whisperberry plant,"Whizzy searched high and low, braving through thick bushes and tall trees until he finally found the Whisperberry plant."
"/Users/liu.ying/University of Florida/Leite,Walter - Storiza Corpus Spring 2025/Storiza_Participant_Recording_05-30-25/annotated_sentence_segments/uid_4w6SC0KmlKV4YmJTalgWiZalQHi2_sid_WFBJxSGh2uCXWoF0Nr92_1742511762_195798319_sentence_segment.wav",But as he plucked the berry he notice they they made a funny noise ah a th sound a th sound,"But as he plucked the berries, he noticed they made a funny noise - a 'th' sound."
"/Users/liu.ying/University of Florida/Leite,Walter - Storiza Corpus Spring 2025/Storiza_Participant_Recording_05-30-25/annotated_sentence_segments/uid_4w6SC0KmlKV4YmJTalgWiZalQHi2_sid_WFBJxSGh2uCXWoF0Nr92_1742511762_195798320_sentence_segment.wav",Amazed by his discovery wɪz:i took the berries back to his vige village and started it shared them with his fellow Whistolots,"Amazed by this discovery, Whizzy took the berries back to his village and shared them with his fellow Whistolots."
"/Users/liu.ying/University of Florida/Leite,Walter - Storiza Corpus Spring 2025/Storiza_Participant_Recording_05-30-25/annotated_sentence_segments/uid_4w6SC0KmlKV4YmJTalgWiZalQHi2_sid_WFBJxSGh2uCXWoF0Nr92_1742511762_195798321_sentence_segment.wav",They all They all ate the berries and s: and soon enough they were all able to whistle the with th with a th sound,"They all ate the berries and soon enough, they were all able to whistle with a 'th' sound."
"/Users/liu.ying/University of Florida/Leite,Walter - Storiza Corpus Spring 2025/Storiza_Participant_Recording_05-30-25/annotated_sentence_segments/uid_4w6SC0KmlKV4YmJTalgWiZalQHi2_sid_WFBJxSGh2uCXWoF0Nr92_1742511762_195798322_sentence_segment.wav",From that day on the Whistolots were known for their un unique unique 'th' whistles and all the other animals and in the forest were amazed,"From that day on, the Whistolots were known for their unique 'th' whistles, and all the other animals in the forest were amazed."
"/Users/liu.ying/University of Florida/Leite,Walter - Storiza Corpus Spring 2025/Storiza_Participant_Recording_05-30-25/annotated_sentence_segments/uid_4w6SC0KmlKV4YmJTalgWiZalQHi2_sid_WFBJxSGh2uCXWoF0Nr92_1742511762_195798323_sentence_segment.wav",They all lived happily ever after whistling with their noses and their mouths,"They all lived happily ever after, whistling with their noses and their mouths."""
"/Users/liu.ying/University of Florida/Leite,Walter - Storiza Corpus Spring 2025/Storiza_Participant_Recording_05-30-25/annotated_sentence_segments/uid_tHP0GvI5hccNGBzYfgE2pkEHXiW2_sid_rLPnR4znaTm5MBeGpUC3_1743543079_195798324_sentence_segment.wav",Sam has a big beɪɡ,Sam has a big bag.
"/Users/liu.ying/University of Florida/Leite,Walter - Storiza Corpus Spring 2025/Storiza_Participant_Recording_05-30-25/annotated_sentence_segments/uid_tHP0GvI5hccNGBzYfgE2pkEHXiW2_sid_rLPnR4znaTm5MBeGpUC3_1743543079_195798325_sentence_segment.wav",The bag has a cap and a b...a...t pæt,The bag has a cap and a bat.
"/Users/liu.ying/University of Florida/Leite,Walter - Storiza Corpus Spring 2025/Storiza_Participant_Recording_05-30-25/annotated_sentence_segments/uid_tHP0GvI5hccNGBzYfgE2pkEHXiW2_sid_rLPnR4znaTm5MBeGpUC3_1743543079_195798326_sentence_segment.wav",Sam is at the mat,Sam is at the mat.
"/Users/liu.ying/University of Florida/Leite,Walter - Storiza Corpus Spring 2025/Storiza_Participant_Recording_05-30-25/annotated_sentence_segments/uid_tHP0GvI5hccNGBzYfgE2pkEHXiW2_sid_rLPnR4znaTm5MBeGpUC3_1743543079_195798327_sentence_segment.wav",The mat is red,The mat is red.
"/Users/liu.ying/University of Florida/Leite,Walter - Storiza Corpus Spring 2025/Storiza_Participant_Recording_05-30-25/annotated_sentence_segments/uid_tHP0GvI5hccNGBzYfgE2pkEHXiW2_sid_rLPnR4znaTm5MBeGpUC3_1743543079_195798328_sentence_segment.wav",Sam can sit on the mat,Sam can sit on the mat.
"/Users/liu.ying/University of Florida/Leite,Walter - Storiza Corpus Spring 2025/Storiza_Participant_Recording_05-30-25/annotated_sentence_segments/uid_tHP0GvI5hccNGBzYfgE2pkEHXiW2_sid_rLPnR4znaTm5MBeGpUC3_1743543079_195798329_sentence_segment.wav",A cat is at the mat,A cat is at the mat.
"/Users/liu.ying/University of Florida/Leite,Walter - Storiza Corpus Spring 2025/Storiza_Participant_Recording_05-30-25/annotated_sentence_segments/uid_tHP0GvI5hccNGBzYfgE2pkEHXiW2_sid_rLPnR4znaTm5MBeGpUC3_1743543079_195798330_sentence_segment.wav",The cat has a an tan,The cat has a tan.
"/Users/liu.ying/University of Florida/Leite,Walter - Storiza Corpus Spring 2025/Storiza_Participant_Recording_05-30-25/annotated_sentence_segments/uid_tHP0GvI5hccNGBzYfgE2pkEHXiW2_sid_rLPnR4znaTm5MBeGpUC3_1743543079_195798331_sentence_segment.wav",Sam and the cat nap,Sam and the cat nap.
"/Users/liu.ying/University of Florida/Leite,Walter - Storiza Corpus Spring 2025/Storiza_Participant_Recording_05-30-25/annotated_sentence_segments/uid_tHP0GvI5hccNGBzYfgE2pkEHXiW2_sid_rLPnR4znaTm5MBeGpUC3_1743543079_195798332_sentence_segment.wav",Nap is fun,Nap is fun.
"/Users/liu.ying/University of Florida/Leite,Walter - Storiza Corpus Spring 2025/Storiza_Participant_Recording_05-30-25/annotated_sentence_segments/uid_tHP0GvI5hccNGBzYfgE2pkEHXiW2_sid_rLPnR4znaTm5MBeGpUC3_1743543079_195798333_sentence_segment.wav",Sam t...a...p...s taps the bat,Sam taps the bat.
"/Users/liu.ying/University of Florida/Leite,Walter - Storiza Corpus Spring 2025/Storiza_Participant_Recording_05-30-25/annotated_sentence_segments/uid_tHP0GvI5hccNGBzYfgE2pkEHXiW2_sid_rLPnR4znaTm5MBeGpUC3_1743543079_195798334_sentence_segment.wav",Tap tap tap,"Tap, tap, tap!"
"/Users/liu.ying/University of Florida/Leite,Walter - Storiza Corpus Spring 2025/Storiza_Participant_Recording_05-30-25/annotated_sentence_segments/uid_tHP0GvI5hccNGBzYfgE2pkEHXiW2_sid_rLPnR4znaTm5MBeGpUC3_1743543079_195798335_sentence_segment.wav",The cat naps,The cat naps.
"/Users/liu.ying/University of Florida/Leite,Walter - Storiza Corpus Spring 2025/Storiza_Participant_Recording_05-30-25/annotated_sentence_segments/uid_tHP0GvI5hccNGBzYfgE2pkEHXiW2_sid_rLPnR4znaTm5MBeGpUC3_1743543079_195798336_sentence_segment.wav",Sam gives the cat a cap,Sam gives the cat a cap.
"/Users/liu.ying/University of Florida/Leite,Walter - Storiza Corpus Spring 2025/Storiza_Participant_Recording_05-30-25/annotated_sentence_segments/uid_tHP0GvI5hccNGBzYfgE2pkEHXiW2_sid_rLPnR4znaTm5MBeGpUC3_1743543079_195798337_sentence_segment.wav",The cat is g...l...a...d glad,The cat is glad.
"/Users/liu.ying/University of Florida/Leite,Walter - Storiza Corpus Spring 2025/Storiza_Participant_Recording_05-30-25/annotated_sentence_segments/uid_4w6SC0KmlKV4YmJTalgWiZalQHi2_sid_YEGwiBRYmGj8UEfBKjEL_1742332995_195798338_sentence_segment.wav",ina small town a nay a cat named Whiskers loved to play,"In a small town, a cat named Whiskers loved to play."
"/Users/liu.ying/University of Florida/Leite,Walter - Storiza Corpus Spring 2025/Storiza_Participant_Recording_05-30-25/annotated_sentence_segments/uid_4w6SC0KmlKV4YmJTalgWiZalQHi2_sid_YEGwiBRYmGj8UEfBKjEL_1742332995_195798339_sentence_segment.wav",One day Whiskers found a hat on a mat,"One day, Whiskers found a hat on the mat."
"/Users/liu.ying/University of Florida/Leite,Walter - Storiza Corpus Spring 2025/Storiza_Participant_Recording_05-30-25/annotated_sentence_segments/uid_4w6SC0KmlKV4YmJTalgWiZalQHi2_sid_YEGwiBRYmGj8UEfBKjEL_1742332995_195798340_sentence_segment.wav",The hat was big and flat ,The hat was big and flat.
"/Users/liu.ying/University of Florida/Leite,Walter - Storiza Corpus Spring 2025/Storiza_Participant_Recording_05-30-25/annotated_sentence_segments/uid_4w6SC0KmlKV4YmJTalgWiZalQHi2_sid_YEGwiBRYmGj8UEfBKjEL_1742332995_195798341_sentence_segment.wav",hat on the the mat,"One day, Whiskers found a hat on the mat."
"/Users/liu.ying/University of Florida/Leite,Walter - Storiza Corpus Spring 2025/Storiza_Participant_Recording_05-30-25/annotated_sentence_segments/uid_4w6SC0KmlKV4YmJTalgWiZalQHi2_sid_YEGwiBRYmGj8UEfBKjEL_1742332995_195798342_sentence_segment.wav",The hat was big and flat,The hat was big and flat.
"/Users/liu.ying/University of Florida/Leite,Walter - Storiza Corpus Spring 2025/Storiza_Participant_Recording_05-30-25/annotated_sentence_segments/uid_4w6SC0KmlKV4YmJTalgWiZalQHi2_sid_YEGwiBRYmGj8UEfBKjEL_1742332995_195798343_sentence_segment.wav",Whiskers sat on the h:.hæt dothatagain Whiskers sat in the hat feeling like a king,"Whiskers sat in the hat, feeling like a king."
"/Users/liu.ying/University of Florida/Leite,Walter - Storiza Corpus Spring 2025/Storiza_Participant_Recording_05-30-25/annotated_sentence_segments/uid_4w6SC0KmlKV4YmJTalgWiZalQHi2_sid_YEGwiBRYmGj8UEfBKjEL_1742332995_195798344_sentence_segment.wav",Suddenly a gust of wind blew the hat away,"Suddenly, a gust of wind blew the hat away!"
"/Users/liu.ying/University of Florida/Leite,Walter - Storiza Corpus Spring 2025/Storiza_Participant_Recording_05-30-25/annotated_sentence_segments/uid_4w6SC0KmlKV4YmJTalgWiZalQHi2_sid_YEGwiBRYmGj8UEfBKjEL_1742332995_195798345_sentence_segment.wav",Whiskers chased the hat down the street pass a big red van,"Whiskers chased the hat down the street, past a big red van."
"/Users/liu.ying/University of Florida/Leite,Walter - Storiza Corpus Spring 2025/Storiza_Participant_Recording_05-30-25/annotated_sentence_segments/uid_4w6SC0KmlKV4YmJTalgWiZalQHi2_sid_YEGwiBRYmGj8UEfBKjEL_1742332995_195798346_sentence_segment.wav",The hat landed on a tall tr The hat landed ɪ.ɪn a tall tree,The hat landed in a tall tree.
"/Users/liu.ying/University of Florida/Leite,Walter - Storiza Corpus Spring 2025/Storiza_Participant_Recording_05-30-25/annotated_sentence_segments/uid_4w6SC0KmlKV4YmJTalgWiZalQHi2_sid_YEGwiBRYmGj8UEfBKjEL_1742332995_195798347_sentence_segment.wav",With a quick leap Whiskers climbed the tree and grabbed the hat,"With a quick leap, Whiskers climbed the tree and grabbed the hat."
"/Users/liu.ying/University of Florida/Leite,Walter - Storiza Corpus Spring 2025/Storiza_Participant_Recording_05-30-25/annotated_sentence_segments/uid_4w6SC0KmlKV4YmJTalgWiZalQHi2_sid_YEGwiBRYmGj8UEfBKjEL_1742332995_195798348_sentence_segment.wav",Happy to have it back Whiskers trotted home and place the hat on the mat,"Happy to have it back, Whiskers trotted home and placed the hat on the mat."
"/Users/liu.ying/University of Florida/Leite,Walter - Storiza Corpus Spring 2025/Storiza_Participant_Recording_05-30-25/annotated_sentence_segments/uid_4w6SC0KmlKV4YmJTalgWiZalQHi2_sid_YEGwiBRYmGj8UEfBKjEL_1742332995_195798349_sentence_segment.wav",It was the perfect spot for a cozy nap Good job (goojob),It was the perfect spot for a cozy nap.
"/Users/liu.ying/University of Florida/Leite,Walter - Storiza Corpus Spring 2025/Storiza_Participant_Recording_05-30-25/annotated_sentence_segments/uid_H7rAk5StNLc0VysmHcZQZTQFpBx2_sid_hKhEKuriIzZEkkdDTX5X_1742907257_195798350_sentence_segment.wav",Ella the Elephant loved to explore,Ella the Elephant loved to explore.
"/Users/liu.ying/University of Florida/Leite,Walter - Storiza Corpus Spring 2025/Storiza_Participant_Recording_05-30-25/annotated_sentence_segments/uid_H7rAk5StNLc0VysmHcZQZTQFpBx2_sid_hKhEKuriIzZEkkdDTX5X_1742907257_195798351_sentence_segment.wav",One sunny day she found a shiny red shell by the shore,"One sunny day, she found a shiny red shell by the shore."
"/Users/liu.ying/University of Florida/Leite,Walter - Storiza Corpus Spring 2025/Storiza_Participant_Recording_05-30-25/annotated_sentence_segments/uid_H7rAk5StNLc0VysmHcZQZTQFpBx2_sid_hKhEKuriIzZEkkdDTX5X_1742907257_195798352_sentence_segment.wav",She picked it up and heard a soft whisper,She picked it up and heard a soft whisper.
"/Users/liu.ying/University of Florida/Leite,Walter - Storiza Corpus Spring 2025/Storiza_Participant_Recording_05-30-25/annotated_sentence_segments/uid_H7rAk5StNLc0VysmHcZQZTQFpBx2_sid_hKhEKuriIzZEkkdDTX5X_1742907257_195798353_sentence_segment.wav",Help me said a tiny voice,"""Help me,"" said a tiny voice."
"/Users/liu.ying/University of Florida/Leite,Walter - Storiza Corpus Spring 2025/Storiza_Participant_Recording_05-30-25/annotated_sentence_segments/uid_H7rAk5StNLc0VysmHcZQZTQFpBx2_sid_hKhEKuriIzZEkkdDTX5X_1742907257_195798354_sentence_segment.wav",Ella looked closer nsaw uhlittle crab trapped inside,Ella looked closer and saw a little crab trapped inside.
"/Users/liu.ying/University of Florida/Leite,Walter - Storiza Corpus Spring 2025/Storiza_Participant_Recording_05-30-25/annotated_sentence_segments/uid_H7rAk5StNLc0VysmHcZQZTQFpBx2_sid_hKhEKuriIzZEkkdDTX5X_1742907257_195798355_sentence_segment.wav",With gentle k:ɛɚ Ella helped the crab wiggle free,"With gentle care, Ella helped the crab wiggle free."
"/Users/liu.ying/University of Florida/Leite,Walter - Storiza Corpus Spring 2025/Storiza_Participant_Recording_05-30-25/annotated_sentence_segments/uid_H7rAk5StNLc0VysmHcZQZTQFpBx2_sid_hKhEKuriIzZEkkdDTX5X_1742907257_195798356_sentence_segment.wav",The crab smiled and said Thank you Ella,"The crab smiled and said, ""Thank you, Ella!"
"/Users/liu.ying/University of Florida/Leite,Walter - Storiza Corpus Spring 2025/Storiza_Participant_Recording_05-30-25/annotated_sentence_segments/uid_H7rAk5StNLc0VysmHcZQZTQFpBx2_sid_hKhEKuriIzZEkkdDTX5X_1742907257_195798357_sentence_segment.wav",I will never forget your kindness,"I will never forget your kindness."""
"/Users/liu.ying/University of Florida/Leite,Walter - Storiza Corpus Spring 2025/Storiza_Participant_Recording_05-30-25/annotated_sentence_segments/uid_H7rAk5StNLc0VysmHcZQZTQFpBx2_sid_hKhEKuriIzZEkkdDTX5X_1742907257_195798358_sentence_segment.wav",Ella waved goodbye and continued her adventure feeling happy she could help,"Ella waved goodbye and continued her adventure, feeling happy she could help."
"/Users/liu.ying/University of Florida/Leite,Walter - Storiza Corpus Spring 2025/Storiza_Participant_Recording_05-30-25/annotated_sentence_segments/uid_H7rAk5StNLc0VysmHcZQZTQFpBx2_sid_hKhEKuriIzZEkkdDTX5X_1742907257_195798359_sentence_segment.wav",From that day on Ella and the crab became the best best of friends ɪksploɪŋ the shore together every day,"From that day on, Ella and the crab became the best of friends, exploring the shore together every day."
"/Users/liu.ying/University of Florida/Leite,Walter - Storiza Corpus Spring 2025/Storiza_Participant_Recording_05-30-25/annotated_sentence_segments/uid_HGLxgWVfJZWhAsqMf761d40h3eQ2_sid_DmEr4pqsDFri8xozTdsS_1743276724_195798360_sentence_segment.wav",Jake and Kate had a wake weɪs,Jake and Kate had a race.
"/Users/liu.ying/University of Florida/Leite,Walter - Storiza Corpus Spring 2025/Storiza_Participant_Recording_05-30-25/annotated_sentence_segments/uid_HGLxgWVfJZWhAsqMf761d40h3eQ2_sid_DmEr4pqsDFri8xozTdsS_1743276724_195798361_sentence_segment.wav",They wæn past the ɡeɪ.t and a lɑdʒ lake,They ran past the gate and a large lake.
"/Users/liu.ying/University of Florida/Leite,Walter - Storiza Corpus Spring 2025/Storiza_Participant_Recording_05-30-25/annotated_sentence_segments/uid_HGLxgWVfJZWhAsqMf761d40h3eQ2_sid_DmEr4pqsDFri8xozTdsS_1743276724_195798362_sentence_segment.wav",dʒæk was fast but Kate was f:  sound it out (sounitout) f:|a f|ay|s|t|er fayster faster,"Jake was fast, but Kate was faster."
"/Users/liu.ying/University of Florida/Leite,Walter - Storiza Corpus Spring 2025/Storiza_Participant_Recording_05-30-25/annotated_sentence_segments/uid_HGLxgWVfJZWhAsqMf761d40h3eQ2_sid_DmEr4pqsDFri8xozTdsS_1743276724_195798363_sentence_segment.wav",She m:.may made in t read little louder She made it to the safe place fɜwst,She made it to the safe place first.
"/Users/liu.ying/University of Florida/Leite,Walter - Storiza Corpus Spring 2025/Storiza_Participant_Recording_05-30-25/annotated_sentence_segments/uid_HGLxgWVfJZWhAsqMf761d40h3eQ2_sid_DmEr4pqsDFri8xozTdsS_1743276724_195798364_sentence_segment.wav",aɪ: now read a little louder keɪ:|t said with a big smile,"""I won!"" Kate said with a big smile."
"/Users/liu.ying/University of Florida/Leite,Walter - Storiza Corpus Spring 2025/Storiza_Participant_Recording_05-30-25/annotated_sentence_segments/uid_HGLxgWVfJZWhAsqMf761d40h3eQ2_sid_DmEr4pqsDFri8xozTdsS_1743276724_195798365_sentence_segment.wav",Jake Jack it's okay keep going  you can skip that word if you need to eə:nd a and g|a:|ve gave theiw (attempted their) hɜw a high five,Jake laughed and gave her a high five.
"/Users/liu.ying/University of Florida/Leite,Walter - Storiza Corpus Spring 2025/Storiza_Participant_Recording_05-30-25/annotated_sentence_segments/uid_CanxAhhjiePs6niCtdVzPqVIzXt1_sid_bVQ0d0KM1E5YVtD60k0Q_1742072744_195798366_sentence_segment.wav",Timmy love solving puzzles,Timmy loved solving puzzles.
"/Users/liu.ying/University of Florida/Leite,Walter - Storiza Corpus Spring 2025/Storiza_Participant_Recording_05-30-25/annotated_sentence_segments/uid_CanxAhhjiePs6niCtdVzPqVIzXt1_sid_bVQ0d0KM1E5YVtD60k0Q_1742072744_195798367_sentence_segment.wav",One sunny day he entered a cubing competition at the local park,"One sunny day, he entered a cubing competition at the local park."
"/Users/liu.ying/University of Florida/Leite,Walter - Storiza Corpus Spring 2025/Storiza_Participant_Recording_05-30-25/annotated_sentence_segments/uid_CanxAhhjiePs6niCtdVzPqVIzXt1_sid_bVQ0d0KM1E5YVtD60k0Q_1742072744_195798368_sentence_segment.wav",The buzz of excitement filled the ɛw as kids gathered with ðɛw kʌlfəl cubes,The buzz of excitement filled the air as kids gathered with their colorful cubes.
"/Users/liu.ying/University of Florida/Leite,Walter - Storiza Corpus Spring 2025/Storiza_Participant_Recording_05-30-25/annotated_sentence_segments/uid_CanxAhhjiePs6niCtdVzPqVIzXt1_sid_bVQ0d0KM1E5YVtD60k0Q_1742072744_195798369_sentence_segment.wav",Timmy practice hard twisting and tɝnɪŋ.ɪŋ his cube with s:.kɪl,"Timmy practiced hard, twisting and turning his cube with skill."
"/Users/liu.ying/University of Florida/Leite,Walter - Storiza Corpus Spring 2025/Storiza_Participant_Recording_05-30-25/annotated_sentence_segments/uid_CanxAhhjiePs6niCtdVzPqVIzXt1_sid_bVQ0d0KM1E5YVtD60k0Q_1742072744_195798370_sentence_segment.wav",The timer beep and the competition began,"The timer beeped, and the competition began."
"/Users/liu.ying/University of Florida/Leite,Walter - Storiza Corpus Spring 2025/Storiza_Participant_Recording_05-30-25/annotated_sentence_segments/uid_CanxAhhjiePs6niCtdVzPqVIzXt1_sid_bVQ0d0KM1E5YVtD60k0Q_1742072744_195798371_sentence_segment.wav",hi: focus his fingers m.uvɪŋ swiftly,"He focused, his fingers moving swiftly."
"/Users/liu.ying/University of Florida/Leite,Walter - Storiza Corpus Spring 2025/Storiza_Participant_Recording_05-30-25/annotated_sentence_segments/uid_CanxAhhjiePs6niCtdVzPqVIzXt1_sid_bVQ0d0KM1E5YVtD60k0Q_1742072744_195798372_sentence_segment.wav",Soon he heard a cheer it was his cube pɜfɪktli solve,"Soon, he heard a cheer—it was his cube, perfectly solved!"
"/Users/liu.ying/University of Florida/Leite,Walter - Storiza Corpus Spring 2025/Storiza_Participant_Recording_05-30-25/annotated_sentence_segments/uid_CanxAhhjiePs6niCtdVzPqVIzXt1_sid_bVQ0d0KM1E5YVtD60k0Q_1742072744_195798373_sentence_segment.wav",Timmy grin pwaʊd of his s:|peedy success,"Timmy grinned, proud of his speedy success."
"/Users/liu.ying/University of Florida/Leite,Walter - Storiza Corpus Spring 2025/Storiza_Participant_Recording_05-30-25/annotated_sentence_segments/uid_CanxAhhjiePs6niCtdVzPqVIzXt1_sid_bVQ0d0KM1E5YVtD60k0Q_1742072744_195798374_sentence_segment.wav",At the end of the day he won a shiny blue trophy,"At the end of the day, he won a shiny blue trophy."
"/Users/liu.ying/University of Florida/Leite,Walter - Storiza Corpus Spring 2025/Storiza_Participant_Recording_05-30-25/annotated_sentence_segments/uid_CanxAhhjiePs6niCtdVzPqVIzXt1_sid_bVQ0d0KM1E5YVtD60k0Q_1742072744_195798375_sentence_segment.wav",tɪm.iz heart was full of joy knowing his hɑd work and practice paid off,"Timmy's heart was full of joy, knowing his hard work and practice paid off."
"/Users/liu.ying/University of Florida/Leite,Walter - Storiza Corpus Spring 2025/Storiza_Participant_Recording_05-30-25/annotated_sentence_segments/uid_gUfM3yODstSdwltidtEzSlIo0q93_sid_cUohhv5ng1lLHzPTf1Oq_1743206693_195798376_sentence_segment.wav",Jess has a box of dresses,Jess has a box of dresses.
"/Users/liu.ying/University of Florida/Leite,Walter - Storiza Corpus Spring 2025/Storiza_Participant_Recording_05-30-25/annotated_sentence_segments/uid_gUfM3yODstSdwltidtEzSlIo0q93_sid_cUohhv5ng1lLHzPTf1Oq_1743206693_195798377_sentence_segment.wav",Each dress has a lot of klɚz,Each dress has a lot of colors.
"/Users/liu.ying/University of Florida/Leite,Walter - Storiza Corpus Spring 2025/Storiza_Participant_Recording_05-30-25/annotated_sentence_segments/uid_gUfM3yODstSdwltidtEzSlIo0q93_sid_cUohhv5ng1lLHzPTf1Oq_1743206693_195798378_sentence_segment.wav",on dress is is red dress is is blue,"One dress is red, another dress is blue."
"/Users/liu.ying/University of Florida/Leite,Walter - Storiza Corpus Spring 2025/Storiza_Participant_Recording_05-30-25/annotated_sentence_segments/uid_gUfM3yODstSdwltidtEzSlIo0q93_sid_cUohhv5ng1lLHzPTf1Oq_1743206693_195798379_sentence_segment.wav",dress lʌ:vz pull|ing pleɪ.pleɪɪŋ with the dr|ess:|ess|es dresses,Jess loves playing with the dresses.
"/Users/liu.ying/University of Florida/Leite,Walter - Storiza Corpus Spring 2025/Storiza_Participant_Recording_05-30-25/annotated_sentence_segments/uid_gUfM3yODstSdwltidtEzSlIo0q93_sid_cUohhv5ng1lLHzPTf1Oq_1743206693_195798380_sentence_segment.wav",ʃ:i dresses up hɝ: dɑl:z dolls in the pɹɛti k|ul|ch klɔtʃɪz,She dresses up her dolls in the pretty clothes.
"/Users/liu.ying/University of Florida/Leite,Walter - Storiza Corpus Spring 2025/Storiza_Participant_Recording_05-30-25/annotated_sentence_segments/uid_gUfM3yODstSdwltidtEzSlIo0q93_sid_cUohhv5ng1lLHzPTf1Oq_1743206693_195798381_sentence_segment.wav",When down J...ess Jess p...ut...s puts the dresses back in the box,"When done, Jess puts the dresses back in the box."
"/Users/liu.ying/University of Florida/Leite,Walter - Storiza Corpus Spring 2025/Storiza_Participant_Recording_05-30-25/annotated_sentence_segments/uid_gUfM3yODstSdwltidtEzSlIo0q93_sid_cUohhv5ng1lLHzPTf1Oq_1743206693_195798382_sentence_segment.wav",Then ʃiɹ restes ɹɛstɪz wɪ.wɪθ a s.smaɪl,"Then, she rests with a smile."
"/Users/liu.ying/University of Florida/Leite,Walter - Storiza Corpus Spring 2025/Storiza_Participant_Recording_05-30-25/annotated_sentence_segments/uid_8AhIEcEU81Sn83Fyb0gnFvpiNij2_sid_5MQZoq9AQEsDcN4s2Te5_1742342125_195798383_sentence_segment.wav",One day a cat named Ted dashed through the j.ɑɹd,"One day, a cat named Ted dashed through the yard."
"/Users/liu.ying/University of Florida/Leite,Walter - Storiza Corpus Spring 2025/Storiza_Participant_Recording_05-30-25/annotated_sentence_segments/uid_8AhIEcEU81Sn83Fyb0gnFvpiNij2_sid_5MQZoq9AQEsDcN4s2Te5_1742342125_195798384_sentence_segment.wav",Ted loved to play and jumped over lɔ:ɡz,Ted loved to play and jumped over logs.
"/Users/liu.ying/University of Florida/Leite,Walter - Storiza Corpus Spring 2025/Storiza_Participant_Recording_05-30-25/annotated_sentence_segments/uid_8AhIEcEU81Sn83Fyb0gnFvpiNij2_sid_5MQZoq9AQEsDcN4s2Te5_1742342125_195798385_sentence_segment.wav",Then Ted stopped a red bird and rass raced after it,"Then, Ted spotted a red bird and raced after it."
"/Users/liu.ying/University of Florida/Leite,Walter - Storiza Corpus Spring 2025/Storiza_Participant_Recording_05-30-25/annotated_sentence_segments/uid_8AhIEcEU81Sn83Fyb0gnFvpiNij2_sid_5MQZoq9AQEsDcN4s2Te5_1742342125_195798386_sentence_segment.wav",Ted's f:ɹɛnd n.nɛd joined in the the chase,"Ted's friend, Ned, joined in the chase."
"/Users/liu.ying/University of Florida/Leite,Walter - Storiza Corpus Spring 2025/Storiza_Participant_Recording_05-30-25/annotated_sentence_segments/uid_8AhIEcEU81Sn83Fyb0gnFvpiNij2_sid_5MQZoq9AQEsDcN4s2Te5_1742342125_195798387_sentence_segment.wav",They spt.sprinted until they s:.s:|kid to a stop,They sprinted until they skidded to a stop.
"/Users/liu.ying/University of Florida/Leite,Walter - Storiza Corpus Spring 2025/Storiza_Participant_Recording_05-30-25/annotated_sentence_segments/uid_8AhIEcEU81Sn83Fyb0gnFvpiNij2_sid_5MQZoq9AQEsDcN4s2Te5_1742342125_195798388_sentence_segment.wav",The birds The bird h:æd fl.fl.fl:|lɛd flied,The bird had fled.
"/Users/liu.ying/University of Florida/Leite,Walter - Storiza Corpus Spring 2025/Storiza_Participant_Recording_05-30-25/annotated_sentence_segments/uid_8AhIEcEU81Sn83Fyb0gnFvpiNij2_sid_5MQZoq9AQEsDcN4s2Te5_1742342125_195798389_sentence_segment.wav","tɚ| terrr Tried they ˈɹɛθsɪd Target: ""under"" (ˈʌndɚ) -> ""un..Der"" (ʌnˈdɚ) → stress on ""DER"" the shed contenden Contenten, parental_aid -> ""mm hm""  and hafy","Tired, they rested under the shade, contented and happy."
"/Users/liu.ying/University of Florida/Leite,Walter - Storiza Corpus Spring 2025/Storiza_Participant_Recording_05-30-25/annotated_sentence_segments/uid_FUCVnaPJeyV5kzao6jmObtdzLUE2_sid_uEGWjuJKqljXyeCQVcjs_1742905123_195798390_sentence_segment.wav",Billy woke up cheerfully,Billy woke up cheerfully.
"/Users/liu.ying/University of Florida/Leite,Walter - Storiza Corpus Spring 2025/Storiza_Participant_Recording_05-30-25/annotated_sentence_segments/uid_FUCVnaPJeyV5kzao6jmObtdzLUE2_sid_uEGWjuJKqljXyeCQVcjs_1742905123_195798391_sentence_segment.wav",He was quickly drawn to sound of chirping birds outside his window,He was quickly drawn to the sound of chirping birds outside his window.
"/Users/liu.ying/University of Florida/Leite,Walter - Storiza Corpus Spring 2025/Storiza_Participant_Recording_05-30-25/annotated_sentence_segments/uid_FUCVnaPJeyV5kzao6jmObtdzLUE2_sid_uEGWjuJKqljXyeCQVcjs_1742905123_195798392_sentence_segment.wav",eg eeg Eeg|ly Eagerly he laced on his ʃuθ and decided to explore the garden,"Eagerly, he laced his shoes and decided to explore the garden."
"/Users/liu.ying/University of Florida/Leite,Walter - Storiza Corpus Spring 2025/Storiza_Participant_Recording_05-30-25/annotated_sentence_segments/uid_FUCVnaPJeyV5kzao6jmObtdzLUE2_sid_uEGWjuJKqljXyeCQVcjs_1742905123_195798393_sentence_segment.wav","""Got it""?  flowers  blooming the wind was blowing","The flowers were blooming beautifully, and Billy noticed a small butterfly dancing gracefully in the air."
"/Users/liu.ying/University of Florida/Leite,Walter - Storiza Corpus Spring 2025/Storiza_Participant_Recording_05-30-25/annotated_sentence_segments/uid_FUCVnaPJeyV5kzao6jmObtdzLUE2_sid_uEGWjuJKqljXyeCQVcjs_1742905123_195798394_sentence_segment.wav",Billy slowly moved trying not to get scared it away,"Billy moved slowly, trying not to scare it away."
"/Users/liu.ying/University of Florida/Leite,Walter - Storiza Corpus Spring 2025/Storiza_Participant_Recording_05-30-25/annotated_sentence_segments/uid_FUCVnaPJeyV5kzao6jmObtdzLUE2_sid_uEGWjuJKqljXyeCQVcjs_1742905123_195798395_sentence_segment.wav","After a while the rabbit Opened Up but Target: ""Not"" (nɒt) -> ""Naut"" (nɔt) before Target: ""Leaving"" (livɪŋ) -> ""Leavin"" (ˈliːvɪn) behind Storay  day is full of journeys  surprises quickly ","After a while, the rabbit hopped away but not before leaving behind a story for the day: nature is full of gentle surprises, if you listen quietly."
"/Users/liu.ying/University of Florida/Leite,Walter - Storiza Corpus Spring 2025/Storiza_Participant_Recording_05-30-25/annotated_sentence_segments/uid_22lbfrTq0OP1g1mwv7RZwXUl6eW2_sid_qg1jtaFG5XEfPNYgcLP8_1742503280_195798396_sentence_segment.wav",In the bright land of Minecraft Steve woke up to the sun's sign,"In the bright land of Minecraft, Steve woke up to the sun's shine."
"/Users/liu.ying/University of Florida/Leite,Walter - Storiza Corpus Spring 2025/Storiza_Participant_Recording_05-30-25/annotated_sentence_segments/uid_22lbfrTq0OP1g1mwv7RZwXUl6eW2_sid_qg1jtaFG5XEfPNYgcLP8_1742503280_195798397_sentence_segment.wav",He woah wanted to build a great castle,He wanted to build a great castle.
"/Users/liu.ying/University of Florida/Leite,Walter - Storiza Corpus Spring 2025/Storiza_Participant_Recording_05-30-25/annotated_sentence_segments/uid_22lbfrTq0OP1g1mwv7RZwXUl6eW2_sid_qg1jtaFG5XEfPNYgcLP8_1742503280_195798398_sentence_segment.wav",fɝs Steve mine and mine collecting stone and wood,"First, Steve mined and mined, collecting stone and wood."
"/Users/liu.ying/University of Florida/Leite,Walter - Storiza Corpus Spring 2025/Storiza_Participant_Recording_05-30-25/annotated_sentence_segments/uid_22lbfrTq0OP1g1mwv7RZwXUl6eW2_sid_qg1jtaFG5XEfPNYgcLP8_1742503280_195798399_sentence_segment.wav",Then he crafted each block with care and place them high,"Then, he crafted each block with care and placed them high."
"/Users/liu.ying/University of Florida/Leite,Walter - Storiza Corpus Spring 2025/Storiza_Participant_Recording_05-30-25/annotated_sentence_segments/uid_22lbfrTq0OP1g1mwv7RZwXUl6eW2_sid_qg1jtaFG5XEfPNYgcLP8_1742503280_195798400_sentence_segment.wav",Soon a tall tower touched the sky,"Soon, a tall tower touched the sky."
"/Users/liu.ying/University of Florida/Leite,Walter - Storiza Corpus Spring 2025/Storiza_Participant_Recording_05-30-25/annotated_sentence_segments/uid_22lbfrTq0OP1g1mwv7RZwXUl6eW2_sid_qg1jtaFG5XEfPNYgcLP8_1742503280_195798401_sentence_segment.wav",But oh no,"But, oh no!"
"/Users/liu.ying/University of Florida/Leite,Walter - Storiza Corpus Spring 2025/Storiza_Participant_Recording_05-30-25/annotated_sentence_segments/uid_22lbfrTq0OP1g1mwv7RZwXUl6eW2_sid_qg1jtaFG5XEfPNYgcLP8_1742503280_195798402_sentence_segment.wav",A creeper came by,A creeper came by.
"/Users/liu.ying/University of Florida/Leite,Walter - Storiza Corpus Spring 2025/Storiza_Participant_Recording_05-30-25/annotated_sentence_segments/uid_22lbfrTq0OP1g1mwv7RZwXUl6eW2_sid_qg1jtaFG5XEfPNYgcLP8_1742503280_195798403_sentence_segment.wav",Ssssss it hih|ss,"""Ssssss,"" it hissed."
"/Users/liu.ying/University of Florida/Leite,Walter - Storiza Corpus Spring 2025/Storiza_Participant_Recording_05-30-25/annotated_sentence_segments/uid_22lbfrTq0OP1g1mwv7RZwXUl6eW2_sid_qg1jtaFG5XEfPNYgcLP8_1742503280_195798404_sentence_segment.wav",Steve  ran fast heart pounding with fright,"Steve ran fast, heart pounding with fright."
"/Users/liu.ying/University of Florida/Leite,Walter - Storiza Corpus Spring 2025/Storiza_Participant_Recording_05-30-25/annotated_sentence_segments/uid_22lbfrTq0OP1g1mwv7RZwXUl6eW2_sid_qg1jtaFG5XEfPNYgcLP8_1742503280_195798405_sentence_segment.wav",Boom,Boom!
"/Users/liu.ying/University of Florida/Leite,Walter - Storiza Corpus Spring 2025/Storiza_Participant_Recording_05-30-25/annotated_sentence_segments/uid_22lbfrTq0OP1g1mwv7RZwXUl6eW2_sid_qg1jtaFG5XEfPNYgcLP8_1742503280_195798406_sentence_segment.wav",The creeper exploded but Steve's  castle stood Shrang,"The creeper exploded, but Steve's castle stood strong."
"/Users/liu.ying/University of Florida/Leite,Walter - Storiza Corpus Spring 2025/Storiza_Participant_Recording_05-30-25/annotated_sentence_segments/uid_22lbfrTq0OP1g1mwv7RZwXUl6eW2_sid_qg1jtaFG5XEfPNYgcLP8_1742503280_195798407_sentence_segment.wav",With a smile wide Steve knew he was safe,"With a smile wide, Steve knew he was safe."
"/Users/liu.ying/University of Florida/Leite,Walter - Storiza Corpus Spring 2025/Storiza_Participant_Recording_05-30-25/annotated_sentence_segments/uid_22lbfrTq0OP1g1mwv7RZwXUl6eW2_sid_qg1jtaFG5XEfPNYgcLP8_1742503280_195798408_sentence_segment.wav",He added a moat just in case,"He added a moat, just in case."
"/Users/liu.ying/University of Florida/Leite,Walter - Storiza Corpus Spring 2025/Storiza_Participant_Recording_05-30-25/annotated_sentence_segments/uid_22lbfrTq0OP1g1mwv7RZwXUl6eW2_sid_qg1jtaFG5XEfPNYgcLP8_1742503280_195798409_sentence_segment.wav",As the stairs twinkled Steve whispered Good night Minecraft world,"As the stars twinkled, Steve whispered, ""Good night, Minecraft world."""
"/Users/liu.ying/University of Florida/Leite,Walter - Storiza Corpus Spring 2025/Storiza_Participant_Recording_05-30-25/annotated_sentence_segments/uid_u2hytH2KWIS6ewdShfEZisygqIo2_sid_RxGwyd4cqfpuxwAp2VR4_1741140582_195798410_sentence_segment.wav",Jess lives by a s: the sea and loves shell,Jess lives by the sea and loves shells.
"/Users/liu.ying/University of Florida/Leite,Walter - Storiza Corpus Spring 2025/Storiza_Participant_Recording_05-30-25/annotated_sentence_segments/uid_u2hytH2KWIS6ewdShfEZisygqIo2_sid_RxGwyd4cqfpuxwAp2VR4_1741140582_195798411_sentence_segment.wav",The She collects shells with her nɛ.t,She collects shells with her net.
"/Users/liu.ying/University of Florida/Leite,Walter - Storiza Corpus Spring 2025/Storiza_Participant_Recording_05-30-25/annotated_sentence_segments/uid_u2hytH2KWIS6ewdShfEZisygqIo2_sid_RxGwyd4cqfpuxwAp2VR4_1741140582_195798412_sentence_segment.wav","One day Target: ""Jess"" (dʒɛs) -> ""Jez"" (dʒɛz) finds a nə. nest of eggs by the shore","One day, Jess finds a nest of eggs by the shore."
"/Users/liu.ying/University of Florida/Leite,Walter - Storiza Corpus Spring 2025/Storiza_Participant_Recording_05-30-25/annotated_sentence_segments/uid_u2hytH2KWIS6ewdShfEZisygqIo2_sid_RxGwyd4cqfpuxwAp2VR4_1741140582_195798413_sentence_segment.wav",Gently she watch the waves ɛəw hopes for the little bird arrive,"Gently, she watches the waves and hopes for the little birds' arrival."
"/Users/liu.ying/University of Florida/Leite,Walter - Storiza Corpus Spring 2025/Storiza_Participant_Recording_05-30-25/annotated_sentence_segments/uid_u2hytH2KWIS6ewdShfEZisygqIo2_sid_RxGwyd4cqfpuxwAp2VR4_1741140582_195798414_sentence_segment.wav",Each day Jess visited the nest to ɪz. Ershore Make sure it is safe,"Each day, Jess visits the nest to ensure it is safe."
"/Users/liu.ying/University of Florida/Leite,Walter - Storiza Corpus Spring 2025/Storiza_Participant_Recording_05-30-25/annotated_sentence_segments/uid_u2hytH2KWIS6ewdShfEZisygqIo2_sid_RxGwyd4cqfpuxwAp2VR4_1741140582_195798415_sentence_segment.wav",Finally baby birds hatch an flap their winks,"Finally, baby birds hatch and flap their wings."
"/Users/liu.ying/University of Florida/Leite,Walter - Storiza Corpus Spring 2025/Storiza_Participant_Recording_05-30-25/annotated_sentence_segments/uid_u2hytH2KWIS6ewdShfEZisygqIo2_sid_RxGwyd4cqfpuxwAp2VR4_1741140582_195798416_sentence_segment.wav",Jess smile knowing her qu...ih ,"Jess smiles, knowing her quiet care helps."
"/Users/liu.ying/University of Florida/Leite,Walter - Storiza Corpus Spring 2025/Storiza_Participant_Recording_05-30-25/annotated_sentence_segments/uid_u2hytH2KWIS6ewdShfEZisygqIo2_sid_RxGwyd4cqfpuxwAp2VR4_1741140582_195798417_sentence_segment.wav",The sea is call  sea I mean Jess feels at pl|ace,"The sea is calm, and Jess feels at peace."
"/Users/liu.ying/University of Florida/Leite,Walter - Storiza Corpus Spring 2025/Storiza_Participant_Recording_05-30-25/annotated_sentence_segments/uid_u2hytH2KWIS6ewdShfEZisygqIo2_sid_JWzwJL0aqbRtvTCiTdCm_1743194311_195798418_sentence_segment.wav",Princess Starshine lived in a castle wɪs sunflowers ith'a sunflower garden,Princess Starshine lived in a castle with a sunflower garden.
"/Users/liu.ying/University of Florida/Leite,Walter - Storiza Corpus Spring 2025/Storiza_Participant_Recording_05-30-25/annotated_sentence_segments/uid_u2hytH2KWIS6ewdShfEZisygqIo2_sid_JWzwJL0aqbRtvTCiTdCm_1743194311_195798419_sentence_segment.wav",She love to play with her her pet dragonfly,She loved to play with her pet dragonfly.
"/Users/liu.ying/University of Florida/Leite,Walter - Storiza Corpus Spring 2025/Storiza_Participant_Recording_05-30-25/annotated_sentence_segments/uid_u2hytH2KWIS6ewdShfEZisygqIo2_sid_JWzwJL0aqbRtvTCiTdCm_1743194311_195798420_sentence_segment.wav","One sunny Target: morning ˈmɔɹnɪŋ -> ""monay"" (ˈmɑneɪ) she p:ʊt on her raincoat  for a walk in her backyard","One sunny morning, she put on her raincoat and went for a walk in her backyard."
"/Users/liu.ying/University of Florida/Leite,Walter - Storiza Corpus Spring 2025/Storiza_Participant_Recording_05-30-25/annotated_sentence_segments/uid_u2hytH2KWIS6ewdShfEZisygqIo2_sid_JWzwJL0aqbRtvTCiTdCm_1743194311_195798421_sentence_segment.wav",She saw a rainbow and found a ladybug on a sunflower,She saw a rainbow and found a ladybug on a sunflower.
"/Users/liu.ying/University of Florida/Leite,Walter - Storiza Corpus Spring 2025/Storiza_Participant_Recording_05-30-25/annotated_sentence_segments/uid_u2hytH2KWIS6ewdShfEZisygqIo2_sid_JWzwJL0aqbRtvTCiTdCm_1743194311_195798422_sentence_segment.wav",The ladybug whispered Friendship is magical,"The ladybug whispered, ""Friendship is magical!"""
"/Users/liu.ying/University of Florida/Leite,Walter - Storiza Corpus Spring 2025/Storiza_Participant_Recording_05-30-25/annotated_sentence_segments/uid_u2hytH2KWIS6ewdShfEZisygqIo2_sid_JWzwJL0aqbRtvTCiTdCm_1743194311_195798423_sentence_segment.wav",Princess Starshine went went home with a smile knowing her garden hɛlə delightful su...prise every day,"Princess Starshine returned home with a smile, knowing her garden held delightful surprises every day."
"/Users/liu.ying/University of Florida/Leite,Walter - Storiza Corpus Spring 2025/Storiza_Participant_Recording_05-30-25/annotated_sentence_segments/uid_ZegJLYO9QiacSJTQWx7CWauRcQr1_sid_IP7PfaQTWmDEPd4AN0QI_1742611439_195798424_sentence_segment.wav",In a dark In a dark vast space a brave mouse named Chase found a shiny case,"In a dark, vast space, a brave mouse named Chase found a shiny case."
"/Users/liu.ying/University of Florida/Leite,Walter - Storiza Corpus Spring 2025/Storiza_Participant_Recording_05-30-25/annotated_sentence_segments/uid_ZegJLYO9QiacSJTQWx7CWauRcQr1_sid_IP7PfaQTWmDEPd4AN0QI_1742611439_195798425_sentence_segment.wav",Inside the case was a map to əm a magical eɪ mædʒɪkəl place hidden in the stars,"Inside the case was a map to a magical place, hidden in the stars."
"/Users/liu.ying/University of Florida/Leite,Walter - Storiza Corpus Spring 2025/Storiza_Participant_Recording_05-30-25/annotated_sentence_segments/uid_ZegJLYO9QiacSJTQWx7CWauRcQr1_sid_IP7PfaQTWmDEPd4AN0QI_1742611439_195798426_sentence_segment.wav",Chase hops into a small ʌm fast spaceship ready to race through space,"Chase hopped into a small, fast spaceship, ready to race through space."
"/Users/liu.ying/University of Florida/Leite,Walter - Storiza Corpus Spring 2025/Storiza_Participant_Recording_05-30-25/annotated_sentence_segments/uid_ZegJLYO9QiacSJTQWx7CWauRcQr1_sid_IP7PfaQTWmDEPd4AN0QI_1742611439_195798427_sentence_segment.wav",As he zoom past planets he saw a bright face ʌm in the moon guiding this way,"As he zoomed past planets, he saw a bright face in the moon, guiding his way."
"/Users/liu.ying/University of Florida/Leite,Walter - Storiza Corpus Spring 2025/Storiza_Participant_Recording_05-30-25/annotated_sentence_segments/uid_ZegJLYO9QiacSJTQWx7CWauRcQr1_sid_IP7PfaQTWmDEPd4AN0QI_1742611439_195798428_sentence_segment.wav",At last Chase əm reashe reshearched the place a planet f|um|f:ull of cheese,"At last, Chase reached the place, a planet full of cheese!"
"/Users/liu.ying/University of Florida/Leite,Walter - Storiza Corpus Spring 2025/Storiza_Participant_Recording_05-30-25/annotated_sentence_segments/uid_ZegJLYO9QiacSJTQWx7CWauRcQr1_sid_IP7PfaQTWmDEPd4AN0QI_1742611439_195798429_sentence_segment.wav",He danced with grace ni..nimb...nimbling ʌm happily,"He danced with grace, nibbling happily."
"/Users/liu.ying/University of Florida/Leite,Walter - Storiza Corpus Spring 2025/Storiza_Participant_Recording_05-30-25/annotated_sentence_segments/uid_ZegJLYO9QiacSJTQWx7CWauRcQr1_sid_IP7PfaQTWmDEPd4AN0QI_1742611439_195798430_sentence_segment.wav","When the day was ʌm was done Target: ""chase"" (tʃeɪs) -> ""Chaf"" (tʃeɪf) flew back Target: ""Home"" (hoʊm) -> ""Hame"" (heɪm) his heart full of ""j-um"" joy dreaming of his nek space adventure","When the day was done, Chase flew back home, his heart full of joy, dreaming of his next space adventure."
"/Users/liu.ying/University of Florida/Leite,Walter - Storiza Corpus Spring 2025/Storiza_Participant_Recording_05-30-25/annotated_sentence_segments/uid_EOwDjm2STZfXSXQJzWXadFRGRzn1_sid_WEYdsWeS5fhAJrS4XVw0_1743029787_195798431_sentence_segment.wav",Once upon a time a boy named Roy found a toy bot,"Once upon a time, a boy named Roy found a toy boat."
"/Users/liu.ying/University of Florida/Leite,Walter - Storiza Corpus Spring 2025/Storiza_Participant_Recording_05-30-25/annotated_sentence_segments/uid_EOwDjm2STZfXSXQJzWXadFRGRzn1_sid_WEYdsWeS5fhAJrS4XVw0_1743029787_195798432_sentence_segment.wav",He kʊk joy in watching it suh|sail,He took joy in watching it sail.
"/Users/liu.ying/University of Florida/Leite,Walter - Storiza Corpus Spring 2025/Storiza_Participant_Recording_05-30-25/annotated_sentence_segments/uid_EOwDjm2STZfXSXQJzWXadFRGRzn1_sid_WEYdsWeS5fhAJrS4XVw0_1743029787_195798433_sentence_segment.wav",The bɑt made the noise when wind was where he high hih and raw Roy loved that sound,"The boat made a noise when winds were high, and Roy loved that sound."
"/Users/liu.ying/University of Florida/Leite,Walter - Storiza Corpus Spring 2025/Storiza_Participant_Recording_05-30-25/annotated_sentence_segments/uid_EOwDjm2STZfXSXQJzWXadFRGRzn1_sid_WEYdsWeS5fhAJrS4XVw0_1743029787_195798434_sentence_segment.wav","One day the Target: boat: boʊt -> ""Bot"" (bɑt) differed away","One day, the boat drifted away."
"/Users/liu.ying/University of Florida/Leite,Walter - Storiza Corpus Spring 2025/Storiza_Participant_Recording_05-30-25/annotated_sentence_segments/uid_EOwDjm2STZfXSXQJzWXadFRGRzn1_sid_WEYdsWeS5fhAJrS4XVw0_1743029787_195798435_sentence_segment.wav",Roy was sad but then stopped it wʌ ɪt on the it on sad but then,Roy was sad but then spotted it on the shore.
"/Users/liu.ying/University of Florida/Leite,Walter - Storiza Corpus Spring 2025/Storiza_Participant_Recording_05-30-25/annotated_sentence_segments/uid_EOwDjm2STZfXSXQJzWXadFRGRzn1_sid_WEYdsWeS5fhAJrS4XVw0_1743029787_195798436_sentence_segment.wav",Roy was sad but then stopped it on the shore,Roy was sad but then spotted it on the shore.
"/Users/liu.ying/University of Florida/Leite,Walter - Storiza Corpus Spring 2025/Storiza_Participant_Recording_05-30-25/annotated_sentence_segments/uid_EOwDjm2STZfXSXQJzWXadFRGRzn1_sid_WEYdsWeS5fhAJrS4XVw0_1743029787_195798437_sentence_segment.wav","Overjoy he Ryved his Target: Beloved bɪlʌvɪd -> ""Belove"" (bɪlʌv) Loved beloved toy v|a|ow|ing  vowing vowing to never let it go again","Overjoyed, he retrieved his beloved toy, vowing to never let it go again."
"/Users/liu.ying/University of Florida/Leite,Walter - Storiza Corpus Spring 2025/Storiza_Participant_Recording_05-30-25/annotated_sentence_segments/uid_EfKQNmht2ebtDnNadrezErlhcDF3_sid_WbzHVYfLznidwbd3NQZn_1743544365_195798438_sentence_segment.wav",Sam and Tim ran to the big field,Sam and Tim ran to the big field.
"/Users/liu.ying/University of Florida/Leite,Walter - Storiza Corpus Spring 2025/Storiza_Participant_Recording_05-30-25/annotated_sentence_segments/uid_EfKQNmht2ebtDnNadrezErlhcDF3_sid_WbzHVYfLznidwbd3NQZn_1743544365_195798439_sentence_segment.wav",The sun was high and the grass was soft,"The sun was high, and the grass was soft."
"/Users/liu.ying/University of Florida/Leite,Walter - Storiza Corpus Spring 2025/Storiza_Participant_Recording_05-30-25/annotated_sentence_segments/uid_EfKQNmht2ebtDnNadrezErlhcDF3_sid_WbzHVYfLznidwbd3NQZn_1743544365_195798440_sentence_segment.wav",Let's play said Tim with a grin,"""Let's play!"" said Tim with a grin."
"/Users/liu.ying/University of Florida/Leite,Walter - Storiza Corpus Spring 2025/Storiza_Participant_Recording_05-30-25/annotated_sentence_segments/uid_EfKQNmht2ebtDnNadrezErlhcDF3_sid_WbzHVYfLznidwbd3NQZn_1743544365_195798441_sentence_segment.wav",he kicked the bə.bɹaɪt red ball back and forth,They kicked the bright red ball back and forth.
"/Users/liu.ying/University of Florida/Leite,Walter - Storiza Corpus Spring 2025/Storiza_Participant_Recording_05-30-25/annotated_sentence_segments/uid_EfKQNmht2ebtDnNadrezErlhcDF3_sid_WbzHVYfLznidwbd3NQZn_1743544365_195798442_sentence_segment.wav",Sam fell but he laughed,"Sam fell, but he laughed."
"/Users/liu.ying/University of Florida/Leite,Walter - Storiza Corpus Spring 2025/Storiza_Participant_Recording_05-30-25/annotated_sentence_segments/uid_EfKQNmht2ebtDnNadrezErlhcDF3_sid_WbzHVYfLznidwbd3NQZn_1743544365_195798443_sentence_segment.wav",Tim helped him up,Tim helped him up.
"/Users/liu.ying/University of Florida/Leite,Walter - Storiza Corpus Spring 2025/Storiza_Participant_Recording_05-30-25/annotated_sentence_segments/uid_EfKQNmht2ebtDnNadrezErlhcDF3_sid_WbzHVYfLznidwbd3NQZn_1743544365_195798444_sentence_segment.wav",They had fun in the sun,They had fun in the sun.
"/Users/liu.ying/University of Florida/Leite,Walter - Storiza Corpus Spring 2025/Storiza_Participant_Recording_05-30-25/annotated_sentence_segments/uid_EfKQNmht2ebtDnNadrezErlhcDF3_sid_WbzHVYfLznidwbd3NQZn_1743544365_195798445_sentence_segment.wav",Time to rest said Sam,"""Time to rest,"" said Sam."
"/Users/liu.ying/University of Florida/Leite,Walter - Storiza Corpus Spring 2025/Storiza_Participant_Recording_05-30-25/annotated_sentence_segments/uid_EfKQNmht2ebtDnNadrezErlhcDF3_sid_WbzHVYfLznidwbd3NQZn_1743544365_195798446_sentence_segment.wav",They both sat under the big oak tree,They both sat under the big oak tree.
"/Users/liu.ying/University of Florida/Leite,Walter - Storiza Corpus Spring 2025/Storiza_Participant_Recording_05-30-25/annotated_sentence_segments/uid_EfKQNmht2ebtDnNadrezErlhcDF3_sid_WbzHVYfLznidwbd3NQZn_1743544365_195798447_sentence_segment.wav","""the"" as in ""they"" That was fun said Tim","""That was fun,"" said Tim."
"/Users/liu.ying/University of Florida/Leite,Walter - Storiza Corpus Spring 2025/Storiza_Participant_Recording_05-30-25/annotated_sentence_segments/uid_EfKQNmht2ebtDnNadrezErlhcDF3_sid_WbzHVYfLznidwbd3NQZn_1743544365_195798448_sentence_segment.wav",The wind was cool and the grass felt nice,"The wind was cool, and the grass felt nice."
"/Users/liu.ying/University of Florida/Leite,Walter - Storiza Corpus Spring 2025/Storiza_Participant_Recording_05-30-25/annotated_sentence_segments/uid_EfKQNmht2ebtDnNadrezErlhcDF3_sid_WbzHVYfLznidwbd3NQZn_1743544365_195798449_sentence_segment.wav",Soon they saw the sky turn red at the sun set,"Soon, they saw the sky turn red as the sun set."
"/Users/liu.ying/University of Florida/Leite,Walter - Storiza Corpus Spring 2025/Storiza_Participant_Recording_05-30-25/annotated_sentence_segments/uid_EfKQNmht2ebtDnNadrezErlhcDF3_sid_WbzHVYfLznidwbd3NQZn_1743544365_195798450_sentence_segment.wav",Let's play again tomorrow promise Sam,"""Let's play again tomorrow,"" promised Sam."
"/Users/liu.ying/University of Florida/Leite,Walter - Storiza Corpus Spring 2025/Storiza_Participant_Recording_05-30-25/annotated_sentence_segments/uid_EfKQNmht2ebtDnNadrezErlhcDF3_sid_WbzHVYfLznidwbd3NQZn_1743544365_195798451_sentence_segment.wav",ð.ðə day closed with smiles,The day closed with smiles.
"/Users/liu.ying/University of Florida/Leite,Walter - Storiza Corpus Spring 2025/Storiza_Participant_Recording_05-30-25/annotated_sentence_segments/uid_4w6SC0KmlKV4YmJTalgWiZalQHi2_sid_NgaO9D2P5AKhZ1oZBupY_1742421508_195798452_sentence_segment.wav",Once upon a time a small frog named Flip lived in by a sparkling pond,"Once upon a time, a small frog named Flip lived by a sparkling pond."
"/Users/liu.ying/University of Florida/Leite,Walter - Storiza Corpus Spring 2025/Storiza_Participant_Recording_05-30-25/annotated_sentence_segments/uid_4w6SC0KmlKV4YmJTalgWiZalQHi2_sid_NgaO9D2P5AKhZ1oZBupY_1742421508_195798453_sentence_segment.wav",Every morning Flip would hop to the pond edge pond's edge and take a big wip into a k:ul water,"Every morning, Flip would hop to the pond's edge and take a big leap into the cool water."
"/Users/liu.ying/University of Florida/Leite,Walter - Storiza Corpus Spring 2025/Storiza_Participant_Recording_05-30-25/annotated_sentence_segments/uid_4w6SC0KmlKV4YmJTalgWiZalQHi2_sid_NgaO9D2P5AKhZ1oZBupY_1742421508_195798454_sentence_segment.wav",One day Flip met a bird name Chip,"One day, Flip met a bird named Chip."
"/Users/liu.ying/University of Florida/Leite,Walter - Storiza Corpus Spring 2025/Storiza_Participant_Recording_05-30-25/annotated_sentence_segments/uid_4w6SC0KmlKV4YmJTalgWiZalQHi2_sid_NgaO9D2P5AKhZ1oZBupY_1742421508_195798455_sentence_segment.wav",Chip chirped happily Let's play a game,"Chip chirped happily, ""Let's play a game!"""
"/Users/liu.ying/University of Florida/Leite,Walter - Storiza Corpus Spring 2025/Storiza_Participant_Recording_05-30-25/annotated_sentence_segments/uid_4w6SC0KmlKV4YmJTalgWiZalQHi2_sid_NgaO9D2P5AKhZ1oZBupY_1742421508_195798456_sentence_segment.wav",Flip nodded and they decided to jump from rock to rock,Flip nodded and they decided to jump from rock to rock.
"/Users/liu.ying/University of Florida/Leite,Walter - Storiza Corpus Spring 2025/Storiza_Participant_Recording_05-30-25/annotated_sentence_segments/uid_4w6SC0KmlKV4YmJTalgWiZalQHi2_sid_NgaO9D2P5AKhZ1oZBupY_1742421508_195798457_sentence_segment.wav",Flip and Chip laughed as they hopped and chirped enjoying the sunny day,"Flip and Chip laughed as they hopped and chirped, enjoying the sunny day."
"/Users/liu.ying/University of Florida/Leite,Walter - Storiza Corpus Spring 2025/Storiza_Participant_Recording_05-30-25/annotated_sentence_segments/uid_4w6SC0KmlKV4YmJTalgWiZalQHi2_sid_NgaO9D2P5AKhZ1oZBupY_1742421508_195798458_sentence_segment.wav",As the sun began to set Flip waved goodbye to chirp promising to play again tomorrow,"As the sun began to set, Flip waved goodbye to Chip, promising to play again tomorrow."
"/Users/liu.ying/University of Florida/Leite,Walter - Storiza Corpus Spring 2025/Storiza_Participant_Recording_05-30-25/annotated_sentence_segments/uid_4w6SC0KmlKV4YmJTalgWiZalQHi2_sid_NgaO9D2P5AKhZ1oZBupY_1742421508_195798459_sentence_segment.wav","Flip felt happy knowing he had a new friend by the Target: pond: pɑnd ->""pon"" (pɑn)","Flip felt happy, knowing he had a new friend by the pond."
"/Users/liu.ying/University of Florida/Leite,Walter - Storiza Corpus Spring 2025/Storiza_Participant_Recording_05-30-25/annotated_sentence_segments/uid_ECPqsmdUcMhqkJwXAfhhs3XTgoa2_sid_ad4vlPTbFapt9rOhL5sG_1742508027_195798460_sentence_segment.wav",Once there was a mɪt about a hill filled wɪt odd creatures,Once there was a myth about a hill filled with odd creatures.
"/Users/liu.ying/University of Florida/Leite,Walter - Storiza Corpus Spring 2025/Storiza_Participant_Recording_05-30-25/annotated_sentence_segments/uid_ECPqsmdUcMhqkJwXAfhhs3XTgoa2_sid_ad4vlPTbFapt9rOhL5sG_1742508027_195798461_sentence_segment.wav",Buzz the brave fox wanted to find it,"Buzz, the brave fox, wanted to find it."
"/Users/liu.ying/University of Florida/Leite,Walter - Storiza Corpus Spring 2025/Storiza_Participant_Recording_05-30-25/annotated_sentence_segments/uid_ECPqsmdUcMhqkJwXAfhhs3XTgoa2_sid_ad4vlPTbFapt9rOhL5sG_1742508027_195798462_sentence_segment.wav",O|off he went wit with fluffy tail swishing,"Off he went, his fluffy tail swishing."
"/Users/liu.ying/University of Florida/Leite,Walter - Storiza Corpus Spring 2025/Storiza_Participant_Recording_05-30-25/annotated_sentence_segments/uid_ECPqsmdUcMhqkJwXAfhhs3XTgoa2_sid_ad4vlPTbFapt9rOhL5sG_1742508027_195798463_sentence_segment.wav",At də top he met a muːs-kʌvəɹd,"At the top, he met a moss-covered troll."
"/Users/liu.ying/University of Florida/Leite,Walter - Storiza Corpus Spring 2025/Storiza_Participant_Recording_05-30-25/annotated_sentence_segments/uid_ECPqsmdUcMhqkJwXAfhhs3XTgoa2_sid_ad4vlPTbFapt9rOhL5sG_1742508027_195798464_sentence_segment.wav",The tror troll had a riddle,The troll had a riddle.
"/Users/liu.ying/University of Florida/Leite,Walter - Storiza Corpus Spring 2025/Storiza_Participant_Recording_05-30-25/annotated_sentence_segments/uid_ECPqsmdUcMhqkJwXAfhhs3XTgoa2_sid_ad4vlPTbFapt9rOhL5sG_1742508027_195798465_sentence_segment.wav","Target: buzz: bʌz -> ""Bus"" (bʌs) Pondereded Target: then: ðɛn -> ""den"" (dɛn) think Target:with: wɪð, wɪθ -> ""Wit"" with: wɪt a skillful guess he solved it","Buzz pondered, then with a skillful guess, he solved it."
"/Users/liu.ying/University of Florida/Leite,Walter - Storiza Corpus Spring 2025/Storiza_Participant_Recording_05-30-25/annotated_sentence_segments/uid_ECPqsmdUcMhqkJwXAfhhs3XTgoa2_sid_ad4vlPTbFapt9rOhL5sG_1742508027_195798466_sentence_segment.wav","Target: the: ði, ðɪ -> ""Duh"" (də) troll handed ""Duh"" (/də/) Buzz a siney necklace Target:  with: wɪθ -> ""Wit"" (wɪt) a Wit a thrill Target: buzz: bʌz -> ""Bus"" (bʌs) left Target: the: ði, ðɪ -> ""Duh"" (də) hill","The troll handed Buzz a shiny necklace, and with a thrill, Buzz left the hill."
"/Users/liu.ying/University of Florida/Leite,Walter - Storiza Corpus Spring 2025/Storiza_Participant_Recording_05-30-25/annotated_sentence_segments/uid_ECPqsmdUcMhqkJwXAfhhs3XTgoa2_sid_ad4vlPTbFapt9rOhL5sG_1742508027_195798467_sentence_segment.wav","Target: the: ði, ðɪ -> ""Duh"" (də) legend remained but Buzz had his proof","The legend remained, but Buzz had his proof."
"/Users/liu.ying/University of Florida/Leite,Walter - Storiza Corpus Spring 2025/Storiza_Participant_Recording_05-30-25/annotated_sentence_segments/uid_mHWscHBXcoabM7fdw88AliGuPWw1_sid_7n1Handdit8pBvWWWmNt_1741993555_195798468_sentence_segment.wav",There was a unicorn Name Steve,There was a unicorn named Steve.
"/Users/liu.ying/University of Florida/Leite,Walter - Storiza Corpus Spring 2025/Storiza_Participant_Recording_05-30-25/annotated_sentence_segments/uid_mHWscHBXcoabM7fdw88AliGuPWw1_sid_7n1Handdit8pBvWWWmNt_1741993555_195798469_sentence_segment.wav",Steve Love lived in a cave baɪ: the sea,Steve lived in a cave by the sea.
"/Users/liu.ying/University of Florida/Leite,Walter - Storiza Corpus Spring 2025/Storiza_Participant_Recording_05-30-25/annotated_sentence_segments/uid_mHWscHBXcoabM7fdw88AliGuPWw1_sid_7n1Handdit8pBvWWWmNt_1741993555_195798470_sentence_segment.wav",Each day he would peek out to si: the weɪ:vz,"Each day, he would peek out to see the waves."
"/Users/liu.ying/University of Florida/Leite,Walter - Storiza Corpus Spring 2025/Storiza_Participant_Recording_05-30-25/annotated_sentence_segments/uid_mHWscHBXcoabM7fdw88AliGuPWw1_sid_7n1Handdit8pBvWWWmNt_1741993555_195798471_sentence_segment.wav",One day Steve met a brwave dove named Eve,"One day, Steve met a brave dove named Eve."
"/Users/liu.ying/University of Florida/Leite,Walter - Storiza Corpus Spring 2025/Storiza_Participant_Recording_05-30-25/annotated_sentence_segments/uid_mHWscHBXcoabM7fdw88AliGuPWw1_sid_7n1Handdit8pBvWWWmNt_1741993555_195798472_sentence_segment.wav","They kə. became best Target: friends: fɹɛndz -> ""fwiends"" (fwɛndz) great friends and played games every iː:v every eve",They became great friends and played games every eve.
"/Users/liu.ying/University of Florida/Leite,Walter - Storiza Corpus Spring 2025/Storiza_Participant_Recording_05-30-25/annotated_sentence_segments/uid_mHWscHBXcoabM7fdw88AliGuPWw1_sid_7n1Handdit8pBvWWWmNt_1741993555_195798473_sentence_segment.wav",wʌ. one sunday Eve had a plan,"One sunny day, Eve had a plan."
"/Users/liu.ying/University of Florida/Leite,Walter - Storiza Corpus Spring 2025/Storiza_Participant_Recording_05-30-25/annotated_sentence_segments/uid_mHWscHBXcoabM7fdw88AliGuPWw1_sid_7n1Handdit8pBvWWWmNt_1741993555_195798474_sentence_segment.wav","Let's Target:  race: ɹeɪs -> ""Wace"" (weɪs) to the lake Eve said","""Let's race to the lake,"" Eve said."
"/Users/liu.ying/University of Florida/Leite,Walter - Storiza Corpus Spring 2025/Storiza_Participant_Recording_05-30-25/annotated_sentence_segments/uid_mHWscHBXcoabM7fdw88AliGuPWw1_sid_7n1Handdit8pBvWWWmNt_1741993555_195798475_sentence_segment.wav","stave Target: agreed: əɡɹid -> ""grade"" (ɡɹeɪd) greed",Steve agreed.
"/Users/liu.ying/University of Florida/Leite,Walter - Storiza Corpus Spring 2025/Storiza_Participant_Recording_05-30-25/annotated_sentence_segments/uid_mHWscHBXcoabM7fdw88AliGuPWw1_sid_7n1Handdit8pBvWWWmNt_1741993555_195798476_sentence_segment.wav","They target: ""raced"" (ɹeɪst) -> ""waced"" (weɪst) əg and had fun till the dusk fɛl:",They raced and had fun till the dusk fell.
"/Users/liu.ying/University of Florida/Leite,Walter - Storiza Corpus Spring 2025/Storiza_Participant_Recording_05-30-25/annotated_sentence_segments/uid_mHWscHBXcoabM7fdw88AliGuPWw1_sid_7n1Handdit8pBvWWWmNt_1741993555_195798477_sentence_segment.wav","At last they Target: reached: ɹitʃt -> ""weached"" (witʃt) the shore and s.stiv said this was the target: ""best"" (bɛst) -> ""besth"" (bɛsð) day Eve","At last, they reached the shore and Steve said, ""This was the best day, Eve."""
"/Users/liu.ying/University of Florida/Leite,Walter - Storiza Corpus Spring 2025/Storiza_Participant_Recording_05-30-25/annotated_sentence_segments/uid_mHWscHBXcoabM7fdw88AliGuPWw1_sid_7n1Handdit8pBvWWWmNt_1741993555_195798478_sentence_segment.wav",They made a pick picnic picked pact to meet again every week,They made a pact to meet again every week.
"/Users/liu.ying/University of Florida/Leite,Walter - Storiza Corpus Spring 2025/Storiza_Participant_Recording_05-30-25/annotated_sentence_segments/uid_mHWscHBXcoabM7fdw88AliGuPWw1_sid_7n1Handdit8pBvWWWmNt_1741993555_195798479_sentence_segment.wav",todeh Together s:tiv and i:v ʃɛd many mow əvɛntʃɚz,"Together, Steve and Eve shared many more adventures."
"/Users/liu.ying/University of Florida/Leite,Walter - Storiza Corpus Spring 2025/Storiza_Participant_Recording_05-30-25/annotated_sentence_segments/uid_u2hytH2KWIS6ewdShfEZisygqIo2_sid_8sraqBTHXNRWlPEsIVVs_1741312064_195798480_sentence_segment.wav",In a storm a bl.|buh|owl bowl mermaid named m:ɛɡ rode a unicorn named ɹʌsk,"In a storm, a bold mermaid named Meg rode a unicorn named Tusk."
"/Users/liu.ying/University of Florida/Leite,Walter - Storiza Corpus Spring 2025/Storiza_Participant_Recording_05-30-25/annotated_sentence_segments/uid_u2hytH2KWIS6ewdShfEZisygqIo2_sid_8sraqBTHXNRWlPEsIVVs_1741312064_195798481_sentence_segment.wav",The wild w.ɪ.pt whipped and wave and wave crashed,"The wind whipped, and waves crashed."
"/Users/liu.ying/University of Florida/Leite,Walter - Storiza Corpus Spring 2025/Storiza_Participant_Recording_05-30-25/annotated_sentence_segments/uid_u2hytH2KWIS6ewdShfEZisygqIo2_sid_8sraqBTHXNRWlPEsIVVs_1741312064_195798482_sentence_segment.wav",Meg held tight to T:|usk strong back,Meg held tight to Tusk's strong back.
"/Users/liu.ying/University of Florida/Leite,Walter - Storiza Corpus Spring 2025/Storiza_Participant_Recording_05-30-25/annotated_sentence_segments/uid_u2hytH2KWIS6ewdShfEZisygqIo2_sid_8sraqBTHXNRWlPEsIVVs_1741312064_195798483_sentence_segment.wav",They bravely They bɹeɪv.d the s:tɔɹm lea...p...t over big rocks,"They braved the storm, leaping over big rocks."
"/Users/liu.ying/University of Florida/Leite,Walter - Storiza Corpus Spring 2025/Storiza_Participant_Recording_05-30-25/annotated_sentence_segments/uid_u2hytH2KWIS6ewdShfEZisygqIo2_sid_8sraqBTHXNRWlPEsIVVs_1741312064_195798484_sentence_segment.wav",It was a wild ride,It was a wild ride!
"/Users/liu.ying/University of Florida/Leite,Walter - Storiza Corpus Spring 2025/Storiza_Participant_Recording_05-30-25/annotated_sentence_segments/uid_u2hytH2KWIS6ewdShfEZisygqIo2_sid_8sraqBTHXNRWlPEsIVVs_1741312064_195798485_sentence_segment.wav",When the storm pass they s:tʊd on a beach safe and glad,"When the storm passed, they stood on a beach, safe and glad."
"/Users/liu.ying/University of Florida/Leite,Walter - Storiza Corpus Spring 2025/Storiza_Participant_Recording_05-30-25/annotated_sentence_segments/uid_u2hytH2KWIS6ewdShfEZisygqIo2_sid_8sraqBTHXNRWlPEsIVVs_1741312064_195798486_sentence_segment.wav",Tr:usk gave a happy naɪ and Meg laughed with enjoy,"Tusk gave a happy neigh, and Meg laughed with joy."
"/Users/liu.ying/University of Florida/Leite,Walter - Storiza Corpus Spring 2025/Storiza_Participant_Recording_05-30-25/annotated_sentence_segments/uid_u2hytH2KWIS6ewdShfEZisygqIo2_sid_8sraqBTHXNRWlPEsIVVs_1741312064_195798487_sentence_segment.wav",the rode back to ðɚ.ɚ k.kwave ready for new fun,"They rode back to their cove, ready for new fun."
"/Users/liu.ying/University of Florida/Leite,Walter - Storiza Corpus Spring 2025/Storiza_Participant_Recording_05-30-25/annotated_sentence_segments/uid_1w0NU0CL8KMbltxDo7mrkTKhgpD2_sid_rRZvUWqkJ1hLNL8pytmJ_1741561799_195798488_sentence_segment.wav",Once upon a time in a small town ðɛw was a was a young boy name Max who love b.bæskɪtbɑl,"Once upon a time, in a small town, there was a young boy named Max who loved basketball."
"/Users/liu.ying/University of Florida/Leite,Walter - Storiza Corpus Spring 2025/Storiza_Participant_Recording_05-30-25/annotated_sentence_segments/uid_1w0NU0CL8KMbltxDo7mrkTKhgpD2_sid_rRZvUWqkJ1hLNL8pytmJ_1741561799_195798489_sentence_segment.wav",Every morning he quickly put on his sneakuhz and practice dribbling,"Every morning, he quickly put on his sneakers and practiced dribbling."
"/Users/liu.ying/University of Florida/Leite,Walter - Storiza Corpus Spring 2025/Storiza_Participant_Recording_05-30-25/annotated_sentence_segments/uid_1w0NU0CL8KMbltxDo7mrkTKhgpD2_sid_rRZvUWqkJ1hLNL8pytmJ_1741561799_195798490_sentence_segment.wav",He was hopeful he could make a the school team,He was hopeful he would make the school team.
"/Users/liu.ying/University of Florida/Leite,Walter - Storiza Corpus Spring 2025/Storiza_Participant_Recording_05-30-25/annotated_sentence_segments/uid_1w0NU0CL8KMbltxDo7mrkTKhgpD2_sid_rRZvUWqkJ1hLNL8pytmJ_1741561799_195798491_sentence_segment.wav",One day the coach announced tryouts,"One day, the coach announced tryouts."
"/Users/liu.ying/University of Florida/Leite,Walter - Storiza Corpus Spring 2025/Storiza_Participant_Recording_05-30-25/annotated_sentence_segments/uid_1w0NU0CL8KMbltxDo7mrkTKhgpD2_sid_rRZvUWqkJ1hLNL8pytmJ_1741561799_195798492_sentence_segment.wav",Max was nervous excitely,Max was nervously excited.
"/Users/liu.ying/University of Florida/Leite,Walter - Storiza Corpus Spring 2025/Storiza_Participant_Recording_05-30-25/annotated_sentence_segments/uid_1w0NU0CL8KMbltxDo7mrkTKhgpD2_sid_rRZvUWqkJ1hLNL8pytmJ_1741561799_195798493_sentence_segment.wav",He pwactice ɛnd.ɛndləsli shooting baskets ʌ.ʌntɪl sʌn.sɛt,"He practiced endlessly, shooting baskets until sunset."
"/Users/liu.ying/University of Florida/Leite,Walter - Storiza Corpus Spring 2025/Storiza_Participant_Recording_05-30-25/annotated_sentence_segments/uid_1w0NU0CL8KMbltxDo7mrkTKhgpD2_sid_rRZvUWqkJ1hLNL8pytmJ_1741561799_195798494_sentence_segment.wav",His fwiend hu: wə thelp...ful tʃɪ.dtʃɪɹd for him,"His friends, who were helpful, cheered for him."
"/Users/liu.ying/University of Florida/Leite,Walter - Storiza Corpus Spring 2025/Storiza_Participant_Recording_05-30-25/annotated_sentence_segments/uid_1w0NU0CL8KMbltxDo7mrkTKhgpD2_sid_rRZvUWqkJ1hLNL8pytmJ_1741561799_195798495_sentence_segment.wav",Max believed in himself despite feeling a bit ʌnʃʊ,"Max believed in himself, despite feeling a bit unsure."
"/Users/liu.ying/University of Florida/Leite,Walter - Storiza Corpus Spring 2025/Storiza_Participant_Recording_05-30-25/annotated_sentence_segments/uid_1w0NU0CL8KMbltxDo7mrkTKhgpD2_sid_rRZvUWqkJ1hLNL8pytmJ_1741561799_195798496_sentence_segment.wav",day on the tryout of the tryouts Max əwaɪvd ɜli,"On the day of the tryouts, Max arrived early."
"/Users/liu.ying/University of Florida/Leite,Walter - Storiza Corpus Spring 2025/Storiza_Participant_Recording_05-30-25/annotated_sentence_segments/uid_1w0NU0CL8KMbltxDo7mrkTKhgpD2_sid_rRZvUWqkJ1hLNL8pytmJ_1741561799_195798497_sentence_segment.wav",heed hue His determinis was unbreakable,His determination was unbreakable.
"/Users/liu.ying/University of Florida/Leite,Walter - Storiza Corpus Spring 2025/Storiza_Participant_Recording_05-30-25/annotated_sentence_segments/uid_1w0NU0CL8KMbltxDo7mrkTKhgpD2_sid_rRZvUWqkJ1hLNL8pytmJ_1741561799_195798498_sentence_segment.wav",He He watched as his fwiend perform skɪlfəl.li,He watched as his friends performed skillfully.
"/Users/liu.ying/University of Florida/Leite,Walter - Storiza Corpus Spring 2025/Storiza_Participant_Recording_05-30-25/annotated_sentence_segments/uid_1w0NU0CL8KMbltxDo7mrkTKhgpD2_sid_rRZvUWqkJ1hLNL8pytmJ_1741561799_195798499_sentence_segment.wav",When he was his t...tuwn Max focusedly andh and played his best,"When it was his turn, Max focused and played his best."
"/Users/liu.ying/University of Florida/Leite,Walter - Storiza Corpus Spring 2025/Storiza_Participant_Recording_05-30-25/annotated_sentence_segments/uid_1w0NU0CL8KMbltxDo7mrkTKhgpD2_sid_rRZvUWqkJ1hLNL8pytmJ_1741561799_195798500_sentence_segment.wav",He dwɪbɫ̩d confidently passed accuwate and shot the ball pɜfɪktli,"He dribbled confidently, passed accurately, and shot the ball perfectly."
"/Users/liu.ying/University of Florida/Leite,Walter - Storiza Corpus Spring 2025/Storiza_Participant_Recording_05-30-25/annotated_sentence_segments/uid_1w0NU0CL8KMbltxDo7mrkTKhgpD2_sid_rRZvUWqkJ1hLNL8pytmJ_1741561799_195798501_sentence_segment.wav",æftə the tryouts coach post the result,"After the tryouts, the coach posted the results."
"/Users/liu.ying/University of Florida/Leite,Walter - Storiza Corpus Spring 2025/Storiza_Participant_Recording_05-30-25/annotated_sentence_segments/uid_1w0NU0CL8KMbltxDo7mrkTKhgpD2_sid_rRZvUWqkJ1hLNL8pytmJ_1741561799_195798502_sentence_segment.wav",Max was surprise and θwɪld to see his name on the lis,Max was surprised and thrilled to see his name on the list!
"/Users/liu.ying/University of Florida/Leite,Walter - Storiza Corpus Spring 2025/Storiza_Participant_Recording_05-30-25/annotated_sentence_segments/uid_1w0NU0CL8KMbltxDo7mrkTKhgpD2_sid_rRZvUWqkJ1hLNL8pytmJ_1741561799_195798503_sentence_segment.wav",He was a ti.tim mɛmbə no n:aʊ,He was a team member now.
"/Users/liu.ying/University of Florida/Leite,Walter - Storiza Corpus Spring 2025/Storiza_Participant_Recording_05-30-25/annotated_sentence_segments/uid_1w0NU0CL8KMbltxDo7mrkTKhgpD2_sid_rRZvUWqkJ1hLNL8pytmJ_1741561799_195798504_sentence_segment.wav",His hɑd wɜk and endless pɹækɪs has paid off,His hard work and endless practice had paid off.
"/Users/liu.ying/University of Florida/Leite,Walter - Storiza Corpus Spring 2025/Storiza_Participant_Recording_05-30-25/annotated_sentence_segments/uid_1w0NU0CL8KMbltxDo7mrkTKhgpD2_sid_rRZvUWqkJ1hLNL8pytmJ_1741561799_195798505_sentence_segment.wav",fwʌm the day Max played proudly th w:ɪθ hɪ.hɪz new teammates,"From that day on, Max played proudly with his new teammates."
"/Users/liu.ying/University of Florida/Leite,Walter - Storiza Corpus Spring 2025/Storiza_Participant_Recording_05-30-25/annotated_sentence_segments/uid_1w0NU0CL8KMbltxDo7mrkTKhgpD2_sid_rRZvUWqkJ1hLNL8pytmJ_1741561799_195798506_sentence_segment.wav",He learn that with the pwæktɪs delif delife in himsel...t he he could ɪgvaɪt his dwimz,"He learned that with practice and belief in himself, he could achieve his dreams."
"/Users/liu.ying/University of Florida/Leite,Walter - Storiza Corpus Spring 2025/Storiza_Participant_Recording_05-30-25/annotated_sentence_segments/uid_1w0NU0CL8KMbltxDo7mrkTKhgpD2_sid_rRZvUWqkJ1hLNL8pytmJ_1741561799_195798507_sentence_segment.wav",Max love fɔ the fɔ basketball ɡwu and he enjoyed ɛvəwi single game ɪmɛndəsli,"Max's love for basketball grew, and he enjoyed every game immensely."
"/Users/liu.ying/University of Florida/Leite,Walter - Storiza Corpus Spring 2025/Storiza_Participant_Recording_05-30-25/annotated_sentence_segments/uid_CanxAhhjiePs6niCtdVzPqVIzXt1_sid_WKFhHRQhcWQKJAHw9Ib4_1742072366_195798508_sentence_segment.wav",Once upon a time wusi found a kʌlfəl  in hə eɹɪt æ|tɪ|k,"Once upon a time, Lucy found a colorful cube in her attic."
"/Users/liu.ying/University of Florida/Leite,Walter - Storiza Corpus Spring 2025/Storiza_Participant_Recording_05-30-25/annotated_sentence_segments/uid_CanxAhhjiePs6niCtdVzPqVIzXt1_sid_WKFhHRQhcWQKJAHw9Ib4_1742072366_195798509_sentence_segment.wav",She was curious about the əɹubɹɪks cube and tried to twist the it,She was curious about the Rubik's cube and tried to twist it.
"/Users/liu.ying/University of Florida/Leite,Walter - Storiza Corpus Spring 2025/Storiza_Participant_Recording_05-30-25/annotated_sentence_segments/uid_CanxAhhjiePs6niCtdVzPqVIzXt1_sid_WKFhHRQhcWQKJAHw9Ib4_1742072366_195798510_sentence_segment.wav",The cube's s|ides spung quickly collas mix in a bwuh,"The cube's sides spun quickly, colors mixing in a blur."
"/Users/liu.ying/University of Florida/Leite,Walter - Storiza Corpus Spring 2025/Storiza_Participant_Recording_05-30-25/annotated_sentence_segments/uid_CanxAhhjiePs6niCtdVzPqVIzXt1_sid_WKFhHRQhcWQKJAHw9Ib4_1742072366_195798511_sentence_segment.wav",Lucy felt stuck a bit bl.u udʒoɹ what to do,"Lucy felt stuck and a bit blue, unsure what to do."
"/Users/liu.ying/University of Florida/Leite,Walter - Storiza Corpus Spring 2025/Storiza_Participant_Recording_05-30-25/annotated_sentence_segments/uid_CanxAhhjiePs6niCtdVzPqVIzXt1_sid_WKFhHRQhcWQKJAHw9Ib4_1742072366_195798512_sentence_segment.wav",Suddenly hɜ bwʌθə Luke peeked in,"Suddenly, her brother Luke peeked in."
"/Users/liu.ying/University of Florida/Leite,Walter - Storiza Corpus Spring 2025/Storiza_Participant_Recording_05-30-25/annotated_sentence_segments/uid_CanxAhhjiePs6niCtdVzPqVIzXt1_sid_WKFhHRQhcWQKJAHw9Ib4_1742072366_195798513_sentence_segment.wav",Luke loved puzzles and said Let me help you,"Luke loved puzzles and said, ""Let me help you!"""
"/Users/liu.ying/University of Florida/Leite,Walter - Storiza Corpus Spring 2025/Storiza_Participant_Recording_05-30-25/annotated_sentence_segments/uid_CanxAhhjiePs6niCtdVzPqVIzXt1_sid_WKFhHRQhcWQKJAHw9Ib4_1742072366_195798514_sentence_segment.wav",Together they twisted and turn solving the tricky cube bit by bit,"Together, they twisted and turned, solving the tricky cube bit by bit."
"/Users/liu.ying/University of Florida/Leite,Walter - Storiza Corpus Spring 2025/Storiza_Participant_Recording_05-30-25/annotated_sentence_segments/uid_CanxAhhjiePs6niCtdVzPqVIzXt1_sid_WKFhHRQhcWQKJAHw9Ib4_1742072366_195798515_sentence_segment.wav",Soon all the colors matched and l.lusi tʃɪəd with joy,"Soon, all the colors matched, and Lucy cheered with joy."
"/Users/liu.ying/University of Florida/Leite,Walter - Storiza Corpus Spring 2025/Storiza_Participant_Recording_05-30-25/annotated_sentence_segments/uid_CanxAhhjiePs6niCtdVzPqVIzXt1_sid_WKFhHRQhcWQKJAHw9Ib4_1742072366_195798516_sentence_segment.wav",She hug Luke feeling pwaʊd and ɹaɪt,"She hugged Luke, feeling proud and bright."
"/Users/liu.ying/University of Florida/Leite,Walter - Storiza Corpus Spring 2025/Storiza_Participant_Recording_05-30-25/annotated_sentence_segments/uid_CanxAhhjiePs6niCtdVzPqVIzXt1_sid_WKFhHRQhcWQKJAHw9Ib4_1742072366_195798517_sentence_segment.wav",From then on Lucy loved solving puzzles wɪf Luke,"From then on, Lucy loved solving puzzles with Luke."
"/Users/liu.ying/University of Florida/Leite,Walter - Storiza Corpus Spring 2025/Storiza_Participant_Recording_05-30-25/annotated_sentence_segments/uid_gUfM3yODstSdwltidtEzSlIo0q93_sid_yYkurtcTpL0BYwYKWgIi_1742427844_195798518_sentence_segment.wav",Jake k woke up  ɝli early,Jake woke up early.
"/Users/liu.ying/University of Florida/Leite,Walter - Storiza Corpus Spring 2025/Storiza_Participant_Recording_05-30-25/annotated_sentence_segments/uid_gUfM3yODstSdwltidtEzSlIo0q93_sid_yYkurtcTpL0BYwYKWgIi_1742427844_195798519_sentence_segment.wav",hi: rode his dike bike bike to the l:eɪk,He rode his bike to the lake.
"/Users/liu.ying/University of Florida/Leite,Walter - Storiza Corpus Spring 2025/Storiza_Participant_Recording_05-30-25/annotated_sentence_segments/uid_gUfM3yODstSdwltidtEzSlIo0q93_sid_yYkurtcTpL0BYwYKWgIi_1742427844_195798520_sentence_segment.wav",The sun ʃ:.oʊn shone shone mhmm shone bright bright,The sun shone bright.
"/Users/liu.ying/University of Florida/Leite,Walter - Storiza Corpus Spring 2025/Storiza_Participant_Recording_05-30-25/annotated_sentence_segments/uid_gUfM3yODstSdwltidtEzSlIo0q93_sid_yYkurtcTpL0BYwYKWgIi_1742427844_195798521_sentence_segment.wav",Jake m:eɪd a big can I look this up Jake m:eɪd a big s...pul...ash splash in the  cool cool cool mhm cool water,Jake made a big splash in the cool water.
"/Users/liu.ying/University of Florida/Leite,Walter - Storiza Corpus Spring 2025/Storiza_Participant_Recording_05-30-25/annotated_sentence_segments/uid_gUfM3yODstSdwltidtEzSlIo0q93_sid_yYkurtcTpL0BYwYKWgIi_1742427844_195798522_sentence_segment.wav",h:i l|k|d liked the  summer summer  days by the lake,He liked the summer days by the lake.
"/Users/liu.ying/University of Florida/Leite,Walter - Storiza Corpus Spring 2025/Storiza_Participant_Recording_05-30-25/annotated_sentence_segments/uid_gUfM3yODstSdwltidtEzSlIo0q93_sid_yYkurtcTpL0BYwYKWgIi_1742427844_195798523_sentence_segment.wav",It was time to go home,It was time to go home.
"/Users/liu.ying/University of Florida/Leite,Walter - Storiza Corpus Spring 2025/Storiza_Participant_Recording_05-30-25/annotated_sentence_segments/uid_gUfM3yODstSdwltidtEzSlIo0q93_sid_yYkurtcTpL0BYwYKWgIi_1742427844_195798524_sentence_segment.wav",Jake w|o|v|ed woved waved way good|day wave goodbye wave goodbye tuə the lake and the dʌ|ks,Jake waved goodbye to the lake and the ducks.
"/Users/liu.ying/University of Florida/Leite,Walter - Storiza Corpus Spring 2025/Storiza_Participant_Recording_05-30-25/annotated_sentence_segments/uid_gUfM3yODstSdwltidtEzSlIo0q93_sid_yYkurtcTpL0BYwYKWgIi_1742427844_195798525_sentence_segment.wav",He  felt mhm felt happy and free,He felt happy and free.
"/Users/liu.ying/University of Florida/Leite,Walter - Storiza Corpus Spring 2025/Storiza_Participant_Recording_05-30-25/annotated_sentence_segments/uid_Om0JhZ6RmTNQ5wDLPHKIC3LtY4g2_sid_p6XNcnqG8pfuIOhP5p97_1742244670_195798526_sentence_segment.wav",Lachlan was excited for his first day at Lemon Bay High School,Lachlan was excited for his first day at Lemon Bay High School.
"/Users/liu.ying/University of Florida/Leite,Walter - Storiza Corpus Spring 2025/Storiza_Participant_Recording_05-30-25/annotated_sentence_segments/uid_Om0JhZ6RmTNQ5wDLPHKIC3LtY4g2_sid_p6XNcnqG8pfuIOhP5p97_1742244670_195798527_sentence_segment.wav",He wore a bright ʃɝn and a red cape feeling sure his day would be great his day would be fun,"He wore a bright shirt and a red cap, feeling sure his day would be fun."
"/Users/liu.ying/University of Florida/Leite,Walter - Storiza Corpus Spring 2025/Storiza_Participant_Recording_05-30-25/annotated_sentence_segments/uid_Om0JhZ6RmTNQ5wDLPHKIC3LtY4g2_sid_p6XNcnqG8pfuIOhP5p97_1742244670_195798528_sentence_segment.wav",As he entered the hallway he heard a murmur of voices and the sound of lockers clicking shut,"As he entered the hallway, he heard a murmur of voices and the sound of lockers clicking shut."
"/Users/liu.ying/University of Florida/Leite,Walter - Storiza Corpus Spring 2025/Storiza_Participant_Recording_05-30-25/annotated_sentence_segments/uid_Om0JhZ6RmTNQ5wDLPHKIC3LtY4g2_sid_p6XNcnqG8pfuIOhP5p97_1742244670_195798529_sentence_segment.wav",immade him feel a bit ʌnkɪsɝn,It made him feel a bit uncertain.
"/Users/liu.ying/University of Florida/Leite,Walter - Storiza Corpus Spring 2025/Storiza_Participant_Recording_05-30-25/annotated_sentence_segments/uid_Om0JhZ6RmTNQ5wDLPHKIC3LtY4g2_sid_p6XNcnqG8pfuIOhP5p97_1742244670_195798530_sentence_segment.wav",In his first period his teacher Mr. Burke intro..duce him to the class,"In first period, his teacher, Mr. Burke, introduced him to the class."
"/Users/liu.ying/University of Florida/Leite,Walter - Storiza Corpus Spring 2025/Storiza_Participant_Recording_05-30-25/annotated_sentence_segments/uid_Om0JhZ6RmTNQ5wDLPHKIC3LtY4g2_sid_p6XNcnqG8pfuIOhP5p97_1742244670_195798531_sentence_segment.wav",His smile made Lachlan feel welcome,His smile made Lachlan feel welcome.
"/Users/liu.ying/University of Florida/Leite,Walter - Storiza Corpus Spring 2025/Storiza_Participant_Recording_05-30-25/annotated_sentence_segments/uid_Om0JhZ6RmTNQ5wDLPHKIC3LtY4g2_sid_p6XNcnqG8pfuIOhP5p97_1742244670_195798532_sentence_segment.wav",During lunch Lachlan sat under a large break brick tʃ.tʃɹi,"During lunch, Lachlan sat under a large birch tree."
"/Users/liu.ying/University of Florida/Leite,Walter - Storiza Corpus Spring 2025/Storiza_Participant_Recording_05-30-25/annotated_sentence_segments/uid_Om0JhZ6RmTNQ5wDLPHKIC3LtY4g2_sid_p6XNcnqG8pfuIOhP5p97_1742244670_195798533_sentence_segment.wav",A girl named Kelly turned toim said Hi kʌmn join us for lunch,"A girl named Kelly turned to him and said, ""Hi, come join us for lunch!"""
"/Users/liu.ying/University of Florida/Leite,Walter - Storiza Corpus Spring 2025/Storiza_Participant_Recording_05-30-25/annotated_sentence_segments/uid_Om0JhZ6RmTNQ5wDLPHKIC3LtY4g2_sid_p6XNcnqG8pfuIOhP5p97_1742244670_195798534_sentence_segment.wav",After school Lachlan watch out with his new pals feeling the mɔɹmθ of the sun,"After school, Lachlan walked out with new pals, feeling the warmth of the sun."
"/Users/liu.ying/University of Florida/Leite,Walter - Storiza Corpus Spring 2025/Storiza_Participant_Recording_05-30-25/annotated_sentence_segments/uid_Om0JhZ6RmTNQ5wDLPHKIC3LtY4g2_sid_p6XNcnqG8pfuIOhP5p97_1742244670_195798535_sentence_segment.wav",He ɡwɪnd thinking əmaʊt how good it felt to make friends,"He grinned, thinking about how good it felt to make friends."
"/Users/liu.ying/University of Florida/Leite,Walter - Storiza Corpus Spring 2025/Storiza_Participant_Recording_05-30-25/annotated_sentence_segments/uid_Om0JhZ6RmTNQ5wDLPHKIC3LtY4g2_sid_p6XNcnqG8pfuIOhP5p97_1742244670_195798536_sentence_segment.wav",That night the stars t:wɪŋkəld above Lachlan whisper təmɑɹ əl surely be a ɡ.ɹeɪt day,"That night, as the stars twinkled above, Lachlan whispered, ""Tomorrow will surely be another great day!"""
"/Users/liu.ying/University of Florida/Leite,Walter - Storiza Corpus Spring 2025/Storiza_Participant_Recording_05-30-25/annotated_sentence_segments/uid_1w0NU0CL8KMbltxDo7mrkTKhgpD2_sid_PfrCS74Glv4OjfyMyKM8_1742503726_195798537_sentence_segment.wav",In the lush ɡwin jungle of Africa ðɛ lived a young gorilla name Maximus,"In the lush, green jungles of Africa, there lived a young gorilla named Maximus."
"/Users/liu.ying/University of Florida/Leite,Walter - Storiza Corpus Spring 2025/Storiza_Participant_Recording_05-30-25/annotated_sentence_segments/uid_1w0NU0CL8KMbltxDo7mrkTKhgpD2_sid_PfrCS74Glv4OjfyMyKM8_1742503726_195798538_sentence_segment.wav",He was the smɔlɪs in his family but he was the was the bweɪvɪst,"He was the smallest in his family, but he was the bravest."
"/Users/liu.ying/University of Florida/Leite,Walter - Storiza Corpus Spring 2025/Storiza_Participant_Recording_05-30-25/annotated_sentence_segments/uid_1w0NU0CL8KMbltxDo7mrkTKhgpD2_sid_PfrCS74Glv4OjfyMyKM8_1742503726_195798539_sentence_segment.wav",Maximus loved ɪksplowɪŋ dɪskʌvəwɪŋ new trails and climbing the tall tallest trees,"Maximus loved exploring, discovering new trails, and climbing the tallest trees."
"/Users/liu.ying/University of Florida/Leite,Walter - Storiza Corpus Spring 2025/Storiza_Participant_Recording_05-30-25/annotated_sentence_segments/uid_1w0NU0CL8KMbltxDo7mrkTKhgpD2_sid_PfrCS74Glv4OjfyMyKM8_1742503726_195798540_sentence_segment.wav",One sunny morning Maximus noticed his fæməliw perparing for av a journey,"One sunny morning, Maximus noticed his family preparing for a journey."
"/Users/liu.ying/University of Florida/Leite,Walter - Storiza Corpus Spring 2025/Storiza_Participant_Recording_05-30-25/annotated_sentence_segments/uid_1w0NU0CL8KMbltxDo7mrkTKhgpD2_sid_PfrCS74Glv4OjfyMyKM8_1742503726_195798541_sentence_segment.wav",His mother Gloria explained they wɜ moving to a new home because ðɛw fɒɪst was becoming too crowded,"His mother, Gloria, explained they were moving to a new home because their forest was becoming too crowded."
"/Users/liu.ying/University of Florida/Leite,Walter - Storiza Corpus Spring 2025/Storiza_Participant_Recording_05-30-25/annotated_sentence_segments/uid_1w0NU0CL8KMbltxDo7mrkTKhgpD2_sid_PfrCS74Glv4OjfyMyKM8_1742503726_195798542_sentence_segment.wav",With excite ek.excitedment Maximus packed his belongings quickly,"With excitement, Maximus packed his belongings quickly."
"/Users/liu.ying/University of Florida/Leite,Walter - Storiza Corpus Spring 2025/Storiza_Participant_Recording_05-30-25/annotated_sentence_segments/uid_1w0NU0CL8KMbltxDo7mrkTKhgpD2_sid_PfrCS74Glv4OjfyMyKM8_1742503726_195798543_sentence_segment.wav",He was wɛdi for the ivɛntʃɚ,He was ready for the adventure.
"/Users/liu.ying/University of Florida/Leite,Walter - Storiza Corpus Spring 2025/Storiza_Participant_Recording_05-30-25/annotated_sentence_segments/uid_1w0NU0CL8KMbltxDo7mrkTKhgpD2_sid_PfrCS74Glv4OjfyMyKM8_1742503726_195798544_sentence_segment.wav",As they trailed Maximus notice the fɔwəs chay.cha: tʃeɪ:ndʒɪŋ,"As they traveled, Maximus noticed the forest changing."
"/Users/liu.ying/University of Florida/Leite,Walter - Storiza Corpus Spring 2025/Storiza_Participant_Recording_05-30-25/annotated_sentence_segments/uid_1w0NU0CL8KMbltxDo7mrkTKhgpD2_sid_PfrCS74Glv4OjfyMyKM8_1742503726_195798545_sentence_segment.wav",The trees became tɔlə and ah ɛ was fwɛʃɚ,"The trees became taller, and the air was fresher."
"/Users/liu.ying/University of Florida/Leite,Walter - Storiza Corpus Spring 2025/Storiza_Participant_Recording_05-30-25/annotated_sentence_segments/uid_1w0NU0CL8KMbltxDo7mrkTKhgpD2_sid_PfrCS74Glv4OjfyMyKM8_1742503726_195798546_sentence_segment.wav",They reached a beautiful valley fʊleɪ a of delicious bananas and fresh wɔtə,They reached a beautiful valley full of delicious bananas and fresh water.
"/Users/liu.ying/University of Florida/Leite,Walter - Storiza Corpus Spring 2025/Storiza_Participant_Recording_05-30-25/annotated_sentence_segments/uid_1w0NU0CL8KMbltxDo7mrkTKhgpD2_sid_PfrCS74Glv4OjfyMyKM8_1742503726_195798547_sentence_segment.wav",Maximus felt a s:neeze of happen happiness and re.relaive,Maximus felt a sense of happiness and relief.
"/Users/liu.ying/University of Florida/Leite,Walter - Storiza Corpus Spring 2025/Storiza_Participant_Recording_05-30-25/annotated_sentence_segments/uid_1w0NU0CL8KMbltxDo7mrkTKhgpD2_sid_PfrCS74Glv4OjfyMyKM8_1742503726_195798548_sentence_segment.wav",This new home was pɜfɪk,This new home was perfect!
"/Users/liu.ying/University of Florida/Leite,Walter - Storiza Corpus Spring 2025/Storiza_Participant_Recording_05-30-25/annotated_sentence_segments/uid_1w0NU0CL8KMbltxDo7mrkTKhgpD2_sid_PfrCS74Glv4OjfyMyKM8_1742503726_195798549_sentence_segment.wav",In their new home Maximus made new fwiend,"In their new home, Maximus made new friends."
"/Users/liu.ying/University of Florida/Leite,Walter - Storiza Corpus Spring 2025/Storiza_Participant_Recording_05-30-25/annotated_sentence_segments/uid_1w0NU0CL8KMbltxDo7mrkTKhgpD2_sid_PfrCS74Glv4OjfyMyKM8_1742503726_195798550_sentence_segment.wav",He became fwɛndz with Stella a kɚiəs young gorilla with a joyful læv,"He became friends with Stella, a curious young gorilla with a joyful laugh."
"/Users/liu.ying/University of Florida/Leite,Walter - Storiza Corpus Spring 2025/Storiza_Participant_Recording_05-30-25/annotated_sentence_segments/uid_1w0NU0CL8KMbltxDo7mrkTKhgpD2_sid_PfrCS74Glv4OjfyMyKM8_1742503726_195798551_sentence_segment.wav",Together they p.pleɪd games ɪksplod the jungle and lɜnd about their sh:.sh.shure:.surandih:.surrendings oh it's surroundings,"Together, they played games, explored the jungle, and learned about their surroundings."
"/Users/liu.ying/University of Florida/Leite,Walter - Storiza Corpus Spring 2025/Storiza_Participant_Recording_05-30-25/annotated_sentence_segments/uid_1w0NU0CL8KMbltxDo7mrkTKhgpD2_sid_PfrCS74Glv4OjfyMyKM8_1742503726_195798552_sentence_segment.wav",Maximus wiəlaɪzd that change change could be wʌndəfl,Maximus realized that change could be wonderful.
"/Users/liu.ying/University of Florida/Leite,Walter - Storiza Corpus Spring 2025/Storiza_Participant_Recording_05-30-25/annotated_sentence_segments/uid_1w0NU0CL8KMbltxDo7mrkTKhgpD2_sid_PfrCS74Glv4OjfyMyKM8_1742503726_195798553_sentence_segment.wav",Maximus was pwaʊd of his bweɪvwi,Maximus was proud of his bravery.
"/Users/liu.ying/University of Florida/Leite,Walter - Storiza Corpus Spring 2025/Storiza_Participant_Recording_05-30-25/annotated_sentence_segments/uid_1w0NU0CL8KMbltxDo7mrkTKhgpD2_sid_PfrCS74Glv4OjfyMyKM8_1742503726_195798554_sentence_segment.wav",He knew that even though he was small his ædvɛntʃəwəs spirit spɪwɪtɪt spwɪtɪt it made e.eɪ big different,"He knew that even though he was small, his adventurous spirit made a big difference."
"/Users/liu.ying/University of Florida/Leite,Walter - Storiza Corpus Spring 2025/Storiza_Participant_Recording_05-30-25/annotated_sentence_segments/uid_1w0NU0CL8KMbltxDo7mrkTKhgpD2_sid_PfrCS74Glv4OjfyMyKM8_1742503726_195798555_sentence_segment.wav",With his family and new fwɛndz by his side he felt unstoppable,"With his family and new friends by his side, he felt unstoppable."
"/Users/liu.ying/University of Florida/Leite,Walter - Storiza Corpus Spring 2025/Storiza_Participant_Recording_05-30-25/annotated_sentence_segments/uid_1w0NU0CL8KMbltxDo7mrkTKhgpD2_sid_PfrCS74Glv4OjfyMyKM8_1742503726_195798556_sentence_segment.wav",The jungle was n:ah now a a place of ɛnd.ɛndləs possible,The jungle was now a place of endless possibilities.
"/Users/liu.ying/University of Florida/Leite,Walter - Storiza Corpus Spring 2025/Storiza_Participant_Recording_05-30-25/annotated_sentence_segments/uid_b7tT96cSBaaiNnMJ2KcuOQPRkO83_sid_wiXBDUMrozUZIj8NMjzp_1741563277_195798557_sentence_segment.wav",a sunny village a fluffy Pomeranian named Pom an Pom lived with Pam his playful pal,"In a sunny village, a fluffy Pomeranian named Pom lived with Pam, his playful pal."
"/Users/liu.ying/University of Florida/Leite,Walter - Storiza Corpus Spring 2025/Storiza_Participant_Recording_05-30-25/annotated_sentence_segments/uid_b7tT96cSBaaiNnMJ2KcuOQPRkO83_sid_wiXBDUMrozUZIj8NMjzp_1741563277_195798558_sentence_segment.wav",Pom loved to prance around the pɑɹ chasing hɪ ʃæ.doʊ,"Pom loved to prance around the park, chasing his shadow."
"/Users/liu.ying/University of Florida/Leite,Walter - Storiza Corpus Spring 2025/Storiza_Participant_Recording_05-30-25/annotated_sentence_segments/uid_b7tT96cSBaaiNnMJ2KcuOQPRkO83_sid_wiXBDUMrozUZIj8NMjzp_1741563277_195798559_sentence_segment.wav",One day Pam tossed a shiny ball and p.pɑm bounce...d bounced after it with a joyful bark,"One day, Pam tossed a shiny ball, and Pom pounced after it with a joyful bark."
"/Users/liu.ying/University of Florida/Leite,Walter - Storiza Corpus Spring 2025/Storiza_Participant_Recording_05-30-25/annotated_sentence_segments/uid_b7tT96cSBaaiNnMJ2KcuOQPRkO83_sid_wiXBDUMrozUZIj8NMjzp_1741563277_195798560_sentence_segment.wav",He ran so fæs his paws nearly danced on the grass,"He ran so fast, his paws nearly danced on the grass."
"/Users/liu.ying/University of Florida/Leite,Walter - Storiza Corpus Spring 2025/Storiza_Participant_Recording_05-30-25/annotated_sentence_segments/uid_b7tT96cSBaaiNnMJ2KcuOQPRkO83_sid_wiXBDUMrozUZIj8NMjzp_1741563277_195798561_sentence_segment.wav",Suddenly Pom spotted Pom spotted a pond,"Suddenly, Pom spotted a pond!"
"/Users/liu.ying/University of Florida/Leite,Walter - Storiza Corpus Spring 2025/Storiza_Participant_Recording_05-30-25/annotated_sentence_segments/uid_b7tT96cSBaaiNnMJ2KcuOQPRkO83_sid_wiXBDUMrozUZIj8NMjzp_1741563277_195798562_sentence_segment.wav",kjʊ:ɹiəs he pause gazing at the shimmering wɔəɹ,"Curious, he paused, gazing at the shimmering water."
"/Users/liu.ying/University of Florida/Leite,Walter - Storiza Corpus Spring 2025/Storiza_Participant_Recording_05-30-25/annotated_sentence_segments/uid_b7tT96cSBaaiNnMJ2KcuOQPRkO83_sid_wiXBDUMrozUZIj8NMjzp_1741563277_195798563_sentence_segment.wav",Pam call him back and Pom prance away leaving ripples behind,"Pam called him back, and Pom pranced away, leaving ripples behind."
"/Users/liu.ying/University of Florida/Leite,Walter - Storiza Corpus Spring 2025/Storiza_Participant_Recording_05-30-25/annotated_sentence_segments/uid_b7tT96cSBaaiNnMJ2KcuOQPRkO83_sid_wiXBDUMrozUZIj8NMjzp_1741563277_195798564_sentence_segment.wav",As the sun set Pom and Pam returned home tired but happy dreaming of more playful days ahea,"As the sun set, Pom and Pam returned home, tired but happy, dreaming of more playful days ahead."
"/Users/liu.ying/University of Florida/Leite,Walter - Storiza Corpus Spring 2025/Storiza_Participant_Recording_05-30-25/annotated_sentence_segments/uid_ECPqsmdUcMhqkJwXAfhhs3XTgoa2_sid_Yk8oZKJauqjoxKGql8it_1742507735_195798565_sentence_segment.wav",In a quiet wɪlɪdʒ kids gathered at the church,"In a quiet village, kids gathered at a church."
"/Users/liu.ying/University of Florida/Leite,Walter - Storiza Corpus Spring 2025/Storiza_Participant_Recording_05-30-25/annotated_sentence_segments/uid_ECPqsmdUcMhqkJwXAfhhs3XTgoa2_sid_Yk8oZKJauqjoxKGql8it_1742507735_195798566_sentence_segment.wav",The bell wæŋ with a gentle sound calling them to listen,"The bell rang with a gentle sound, calling them to listen."
"/Users/liu.ying/University of Florida/Leite,Walter - Storiza Corpus Spring 2025/Storiza_Participant_Recording_05-30-25/annotated_sentence_segments/uid_ECPqsmdUcMhqkJwXAfhhs3XTgoa2_sid_Yk8oZKJauqjoxKGql8it_1742507735_195798567_sentence_segment.wav",fɑdɚ Tom told tales of courage touching hearts wit  wɪt his words,"Father Tom told tales of courage, touching hearts with his words."
"/Users/liu.ying/University of Florida/Leite,Walter - Storiza Corpus Spring 2025/Storiza_Participant_Recording_05-30-25/annotated_sentence_segments/uid_ECPqsmdUcMhqkJwXAfhhs3XTgoa2_sid_Yk8oZKJauqjoxKGql8it_1742507735_195798568_sentence_segment.wav",Mitch a young boy felt nudge within,"Mitch, a young boy, felt a nudge within."
"/Users/liu.ying/University of Florida/Leite,Walter - Storiza Corpus Spring 2025/Storiza_Participant_Recording_05-30-25/annotated_sentence_segments/uid_ECPqsmdUcMhqkJwXAfhhs3XTgoa2_sid_Yk8oZKJauqjoxKGql8it_1742507735_195798569_sentence_segment.wav",He wanted to hɛl just like the tales,"He wanted to help, just like the tales."
"/Users/liu.ying/University of Florida/Leite,Walter - Storiza Corpus Spring 2025/Storiza_Participant_Recording_05-30-25/annotated_sentence_segments/uid_ECPqsmdUcMhqkJwXAfhhs3XTgoa2_sid_Yk8oZKJauqjoxKGql8it_1742507735_195798570_sentence_segment.wav",After the service the kids chatted and pledge pledged to lend an a helping hand,"After the service, the kids chatted and pledged to lend a helping hand."
"/Users/liu.ying/University of Florida/Leite,Walter - Storiza Corpus Spring 2025/Storiza_Participant_Recording_05-30-25/annotated_sentence_segments/uid_ECPqsmdUcMhqkJwXAfhhs3XTgoa2_sid_Yk8oZKJauqjoxKGql8it_1742507735_195798571_sentence_segment.wav",təɡɛðə they made a big batch əf fudge to share wituh elders,"Together, they made a big batch of fudge to share with the elders."
"/Users/liu.ying/University of Florida/Leite,Walter - Storiza Corpus Spring 2025/Storiza_Participant_Recording_05-30-25/annotated_sentence_segments/uid_ECPqsmdUcMhqkJwXAfhhs3XTgoa2_sid_Yk8oZKJauqjoxKGql8it_1742507735_195798572_sentence_segment.wav",Mitch fɛl.t the warmth of their smiles knowing he made a difference,"Mitch felt the warmth of their smiles, knowing he made a difference."
"/Users/liu.ying/University of Florida/Leite,Walter - Storiza Corpus Spring 2025/Storiza_Participant_Recording_05-30-25/annotated_sentence_segments/uid_ECPqsmdUcMhqkJwXAfhhs3XTgoa2_sid_Yk8oZKJauqjoxKGql8it_1742507735_195798573_sentence_segment.wav",dæt day he learned feɪt and kindness go hand in hand,"That day, he learned faith and kindness go hand in hand."
"/Users/liu.ying/University of Florida/Leite,Walter - Storiza Corpus Spring 2025/Storiza_Participant_Recording_05-30-25/annotated_sentence_segments/uid_tHP0GvI5hccNGBzYfgE2pkEHXiW2_sid_ZtswbSGXVeetSumC3jZp_1743456209_195798574_sentence_segment.wav",k:ɪm had a red ball,Kim had a red ball.
"/Users/liu.ying/University of Florida/Leite,Walter - Storiza Corpus Spring 2025/Storiza_Participant_Recording_05-30-25/annotated_sentence_segments/uid_tHP0GvI5hccNGBzYfgE2pkEHXiW2_sid_ZtswbSGXVeetSumC3jZp_1743456209_195798575_sentence_segment.wav",Kit had a blue ball,Kit had a blue ball.
"/Users/liu.ying/University of Florida/Leite,Walter - Storiza Corpus Spring 2025/Storiza_Participant_Recording_05-30-25/annotated_sentence_segments/uid_tHP0GvI5hccNGBzYfgE2pkEHXiW2_sid_ZtswbSGXVeetSumC3jZp_1743456209_195798576_sentence_segment.wav",Kat came with a big box of balls,Kat came with a big box of balls.
"/Users/liu.ying/University of Florida/Leite,Walter - Storiza Corpus Spring 2025/Storiza_Participant_Recording_05-30-25/annotated_sentence_segments/uid_tHP0GvI5hccNGBzYfgE2pkEHXiW2_sid_ZtswbSGXVeetSumC3jZp_1743456209_195798577_sentence_segment.wav",They  kɪkdɪd the balls h...i...g hing high,They kicked the balls high.
"/Users/liu.ying/University of Florida/Leite,Walter - Storiza Corpus Spring 2025/Storiza_Participant_Recording_05-30-25/annotated_sentence_segments/uid_tHP0GvI5hccNGBzYfgE2pkEHXiW2_sid_ZtswbSGXVeetSumC3jZp_1743456209_195798578_sentence_segment.wav",c|a:|t k|æ|tʃ Catch the ball said Kim Kim,"""Catch the ball!"" said Kim."
"/Users/liu.ying/University of Florida/Leite,Walter - Storiza Corpus Spring 2025/Storiza_Participant_Recording_05-30-25/annotated_sentence_segments/uid_tHP0GvI5hccNGBzYfgE2pkEHXiW2_sid_ZtswbSGXVeetSumC3jZp_1743456209_195798579_sentence_segment.wav",Kat k|a: k|a|i:|uh k|a|uh|g|h|t cut the ball,Kat caught the ball.
"/Users/liu.ying/University of Florida/Leite,Walter - Storiza Corpus Spring 2025/Storiza_Participant_Recording_05-30-25/annotated_sentence_segments/uid_tHP0GvI5hccNGBzYfgE2pkEHXiW2_sid_ZtswbSGXVeetSumC3jZp_1743456209_195798580_sentence_segment.wav",k...it Kit ran fast to c...a...tch catch the ball too,Kit ran fast to catch the ball too.
"/Users/liu.ying/University of Florida/Leite,Walter - Storiza Corpus Spring 2025/Storiza_Participant_Recording_05-30-25/annotated_sentence_segments/uid_tHP0GvI5hccNGBzYfgE2pkEHXiW2_sid_ZtswbSGXVeetSumC3jZp_1743456209_195798581_sentence_segment.wav",They l|ahh:|uh|g|h|ed laughed and played under n: it doesn't sound right until until.til the sun s|ah:|n|k sæŋk low,They laughed and played until the sun sank low.
"/Users/liu.ying/University of Florida/Leite,Walter - Storiza Corpus Spring 2025/Storiza_Participant_Recording_05-30-25/annotated_sentence_segments/uid_tHP0GvI5hccNGBzYfgE2pkEHXiW2_sid_ZtswbSGXVeetSumC3jZp_1743456209_195798582_sentence_segment.wav",What fun they all said,"""What fun!"" they all said."
"/Users/liu.ying/University of Florida/Leite,Walter - Storiza Corpus Spring 2025/Storiza_Participant_Recording_05-30-25/annotated_sentence_segments/uid_FUCVnaPJeyV5kzao6jmObtdzLUE2_sid_VP8ZqGQAw050ePA4KqWb_1742904863_195798583_sentence_segment.wav",Peter was the fastest runner in his class,Peter was the fastest runner in his class.
"/Users/liu.ying/University of Florida/Leite,Walter - Storiza Corpus Spring 2025/Storiza_Participant_Recording_05-30-25/annotated_sentence_segments/uid_FUCVnaPJeyV5kzao6jmObtdzLUE2_sid_VP8ZqGQAw050ePA4KqWb_1742904863_195798584_sentence_segment.wav",Every day after school he raced with his friends,"Every day after school, he raced with his friends."
"/Users/liu.ying/University of Florida/Leite,Walter - Storiza Corpus Spring 2025/Storiza_Participant_Recording_05-30-25/annotated_sentence_segments/uid_FUCVnaPJeyV5kzao6jmObtdzLUE2_sid_VP8ZqGQAw050ePA4KqWb_1742904863_195798585_sentence_segment.wav",They cheered as he got faster each time turn,They cheered as he got faster at each turn.
"/Users/liu.ying/University of Florida/Leite,Walter - Storiza Corpus Spring 2025/Storiza_Participant_Recording_05-30-25/annotated_sentence_segments/uid_FUCVnaPJeyV5kzao6jmObtdzLUE2_sid_VP8ZqGQAw050ePA4KqWb_1742904863_195798586_sentence_segment.wav",In a what mom canyu (can you) just turn this off I dunno what's going on,"In a test of speed, he raced against the tallest kids."
"/Users/liu.ying/University of Florida/Leite,Walter - Storiza Corpus Spring 2025/Storiza_Participant_Recording_05-30-25/annotated_sentence_segments/uid_FUCVnaPJeyV5kzao6jmObtdzLUE2_sid_VP8ZqGQAw050ePA4KqWb_1742904863_195798587_sentence_segment.wav",They cheered as he got faster at each turn,They cheered as he got faster at each turn.
"/Users/liu.ying/University of Florida/Leite,Walter - Storiza Corpus Spring 2025/Storiza_Participant_Recording_05-30-25/annotated_sentence_segments/uid_FUCVnaPJeyV5kzao6jmObtdzLUE2_sid_VP8ZqGQAw050ePA4KqWb_1742904863_195798588_sentence_segment.wav",In a test of speed he raced əɡɛns the tɔlɪs kid,"In a test of speed, he raced against the tallest kids."
"/Users/liu.ying/University of Florida/Leite,Walter - Storiza Corpus Spring 2025/Storiza_Participant_Recording_05-30-25/annotated_sentence_segments/uid_FUCVnaPJeyV5kzao6jmObtdzLUE2_sid_VP8ZqGQAw050ePA4KqWb_1742904863_195798589_sentence_segment.wav",Peter tried his best and came out ahead,Peter tried his best and came out ahead.
"/Users/liu.ying/University of Florida/Leite,Walter - Storiza Corpus Spring 2025/Storiza_Participant_Recording_05-30-25/annotated_sentence_segments/uid_FUCVnaPJeyV5kzao6jmObtdzLUE2_sid_VP8ZqGQAw050ePA4KqWb_1742904863_195798590_sentence_segment.wav",he His friends shouted You're the fæstɪs Peter,"His friends shouted, ""You're the fastest, Peter!"""
"/Users/liu.ying/University of Florida/Leite,Walter - Storiza Corpus Spring 2025/Storiza_Participant_Recording_05-30-25/annotated_sentence_segments/uid_FUCVnaPJeyV5kzao6jmObtdzLUE2_sid_VP8ZqGQAw050ePA4KqWb_1742904863_195798591_sentence_segment.wav",Feeling proud Peter grinned and said I will train e.every even harder to be the fastest no & runner ever the fastest it says (issays) ɡɹ.ɡɹeɪtɪst runner ever,"Feeling proud, Peter grinned and said, ""I will train even harder to be the greatest runner ever!"""
"/Users/liu.ying/University of Florida/Leite,Walter - Storiza Corpus Spring 2025/Storiza_Participant_Recording_05-30-25/annotated_sentence_segments/uid_FUCVnaPJeyV5kzao6jmObtdzLUE2_sid_VP8ZqGQAw050ePA4KqWb_1742904863_195798592_sentence_segment.wav",That as sun set Peter headed home dreaming because  the best runner sʌm|deɪ,"That evening, as the sun set, Peter headed home, dreaming of becoming the best athlete someday."
"/Users/liu.ying/University of Florida/Leite,Walter - Storiza Corpus Spring 2025/Storiza_Participant_Recording_05-30-25/annotated_sentence_segments/uid_THJAu4lbjHRa32ysgvSU3Etlb0d2_sid_p7OiDOqVvL4ONZUx2IeK_1742425632_195798593_sentence_segment.wav",a vast sunny land Sam the brave horse ɹ.æn ran wɪf a pan,"In a vast, sunny land, Sam the brave horse ran with a pan."
"/Users/liu.ying/University of Florida/Leite,Walter - Storiza Corpus Spring 2025/Storiza_Participant_Recording_05-30-25/annotated_sentence_segments/uid_THJAu4lbjHRa32ysgvSU3Etlb0d2_sid_p7OiDOqVvL4ONZUx2IeK_1742425632_195798594_sentence_segment.wav",He was tan ʃ.ʃtɹɔŋ and  s|u|ɪ|f|t swift l|aɪ|k like a sound it out that's a 'f' f|l|æ|ʃ flash,"He was tan, strong, and swift like a flash."
"/Users/liu.ying/University of Florida/Leite,Walter - Storiza Corpus Spring 2025/Storiza_Participant_Recording_05-30-25/annotated_sentence_segments/uid_THJAu4lbjHRa32ysgvSU3Etlb0d2_sid_p7OiDOqVvL4ONZUx2IeK_1742425632_195798595_sentence_segment.wav",One day he found a lost lamb,"One day, he found a lost lamb."
"/Users/liu.ying/University of Florida/Leite,Walter - Storiza Corpus Spring 2025/Storiza_Participant_Recording_05-30-25/annotated_sentence_segments/uid_THJAu4lbjHRa32ysgvSU3Etlb0d2_sid_p7OiDOqVvL4ONZUx2IeK_1742425632_195798596_sentence_segment.wav",oh|m:|meh|woo|eh short I ih w|i|sh w|ɪ|θ: With a so this is two syllables sound this one out g remember it's followed by e it's gonna spell je juh|n june dʒ|ɛ:n gen this syllable spells tle gentle t:æp tap he h|el|p|d helpd helped the lamb əm b|æ|k back up oh check this word h|ah h|uh long o oh|m home,"With a gentle tap, he helped the lamb back home."
"/Users/liu.ying/University of Florida/Leite,Walter - Storiza Corpus Spring 2025/Storiza_Participant_Recording_05-30-25/annotated_sentence_segments/uid_THJAu4lbjHRa32ysgvSU3Etlb0d2_sid_p7OiDOqVvL4ONZUx2IeK_1742425632_195798597_sentence_segment.wav",oh-double-u Now yup ow good Now Sam and the lamb are close friends well look at it it doesn't say friends p|ælz pals,"Now, Sam and the lamb are close pals."
"/Users/liu.ying/University of Florida/Leite,Walter - Storiza Corpus Spring 2025/Storiza_Participant_Recording_05-30-25/annotated_sentence_segments/uid_uJ59YClhDZUuJsN0vsDR1GRv6pu1_sid_3rjs7JkT5laydQme92To_1741230422_195798598_sentence_segment.wav",Clay and Sarah loved swinging at the park,Clay and Sarah loved swinging at the park.
"/Users/liu.ying/University of Florida/Leite,Walter - Storiza Corpus Spring 2025/Storiza_Participant_Recording_05-30-25/annotated_sentence_segments/uid_uJ59YClhDZUuJsN0vsDR1GRv6pu1_sid_3rjs7JkT5laydQme92To_1741230422_195798599_sentence_segment.wav",Clay was singing his favorite song while Sarah was swinging higher and higher,Clay was singing his favorite song while Sarah was swinging higher and higher.
"/Users/liu.ying/University of Florida/Leite,Walter - Storiza Corpus Spring 2025/Storiza_Participant_Recording_05-30-25/annotated_sentence_segments/uid_uJ59YClhDZUuJsN0vsDR1GRv6pu1_sid_3rjs7JkT5laydQme92To_1741230422_195798600_sentence_segment.wav",They wɜ smaɪli and laughing feeling the wind rushing against them,"They were smiling and laughing, feeling the wind rushing against them."
"/Users/liu.ying/University of Florida/Leite,Walter - Storiza Corpus Spring 2025/Storiza_Participant_Recording_05-30-25/annotated_sentence_segments/uid_uJ59YClhDZUuJsN0vsDR1GRv6pu1_sid_3rjs7JkT5laydQme92To_1741230422_195798601_sentence_segment.wav",Suddenly it started to rain bringing an ʌnɪkspɛk|tɪd drizzle,"Suddenly, it started to rain, bringing an unexpected drizzle."
"/Users/liu.ying/University of Florida/Leite,Walter - Storiza Corpus Spring 2025/Storiza_Participant_Recording_05-30-25/annotated_sentence_segments/uid_uJ59YClhDZUuJsN0vsDR1GRv6pu1_sid_3rjs7JkT5laydQme92To_1741230422_195798602_sentence_segment.wav",They decided to run back home giggling as they got wet,"They decided to run back home, giggling as they got wet."
"/Users/liu.ying/University of Florida/Leite,Walter - Storiza Corpus Spring 2025/Storiza_Participant_Recording_05-30-25/annotated_sentence_segments/uid_uJ59YClhDZUuJsN0vsDR1GRv6pu1_sid_3rjs7JkT5laydQme92To_1741230422_195798603_sentence_segment.wav",Once home they sæp by the window s:.sɪpɪŋ hot cocoa watching the rain falling,"Once home, they sat by the window, sipping hot cocoa, watching the rain falling."
"/Users/liu.ying/University of Florida/Leite,Walter - Storiza Corpus Spring 2025/Storiza_Participant_Recording_05-30-25/annotated_sentence_segments/uid_uJ59YClhDZUuJsN0vsDR1GRv6pu1_sid_3rjs7JkT5laydQme92To_1741230422_195798604_sentence_segment.wav",The cozy warm warmth w inside was comforting,The cozy warmth inside was comforting.
"/Users/liu.ying/University of Florida/Leite,Walter - Storiza Corpus Spring 2025/Storiza_Participant_Recording_05-30-25/annotated_sentence_segments/uid_uJ59YClhDZUuJsN0vsDR1GRv6pu1_sid_3rjs7JkT5laydQme92To_1741230422_195798605_sentence_segment.wav",As the rain stopped a rainbow was shining outside,"As the rain stopped, a rainbow was shining outside."
"/Users/liu.ying/University of Florida/Leite,Walter - Storiza Corpus Spring 2025/Storiza_Participant_Recording_05-30-25/annotated_sentence_segments/uid_uJ59YClhDZUuJsN0vsDR1GRv6pu1_sid_3rjs7JkT5laydQme92To_1741230422_195798606_sentence_segment.wav",Clay and Sarah looked at each other knowing tomorrow would be another day for more adventures,"Clay and Sarah looked at each other, knowing tomorrow would be another day for more adventures."
"/Users/liu.ying/University of Florida/Leite,Walter - Storiza Corpus Spring 2025/Storiza_Participant_Recording_05-30-25/annotated_sentence_segments/uid_THJAu4lbjHRa32ysgvSU3Etlb0d2_sid_aKReQ5zqSuEu7cmAruHn_1743033103_195798607_sentence_segment.wav",Zed the dragon zooms over the hill,Zed the dragon zooms over the hill.
"/Users/liu.ying/University of Florida/Leite,Walter - Storiza Corpus Spring 2025/Storiza_Participant_Recording_05-30-25/annotated_sentence_segments/uid_THJAu4lbjHRa32ysgvSU3Etlb0d2_sid_aKReQ5zqSuEu7cmAruHn_1743033103_195798608_sentence_segment.wav",He finds a cozy cave and lands,He spots a cozy cave and lands.
"/Users/liu.ying/University of Florida/Leite,Walter - Storiza Corpus Spring 2025/Storiza_Participant_Recording_05-30-25/annotated_sentence_segments/uid_THJAu4lbjHRa32ysgvSU3Etlb0d2_sid_aKReQ5zqSuEu7cmAruHn_1743033103_195798609_sentence_segment.wav",ɪn|side the ca:ve was a I forget that part this is a long e hi: f|i|n|d|s finds a puzzling maze,"Inside, he finds a puzzling maze."
"/Users/liu.ying/University of Florida/Leite,Walter - Storiza Corpus Spring 2025/Storiza_Participant_Recording_05-30-25/annotated_sentence_segments/uid_THJAu4lbjHRa32ysgvSU3Etlb0d2_sid_aKReQ5zqSuEu7cmAruHn_1743033103_195798610_sentence_segment.wav",Zed s:|z:|zi|p|si|z|i|p|zips  it's a shwa a a: a:round sharp turns his heart fizzing with excitement,"Zed zips around sharp turns, his heart fizzing with excitement."
"/Users/liu.ying/University of Florida/Leite,Walter - Storiza Corpus Spring 2025/Storiza_Participant_Recording_05-30-25/annotated_sentence_segments/uid_HGLxgWVfJZWhAsqMf761d40h3eQ2_sid_tSrnapQ6hgyliWaApJ36_1743467290_195798613_sentence_segment.wav",Ollie the owl can ɡ.l.aɪ.d glide in the night,Ollie the owl can glide in the night.
"/Users/liu.ying/University of Florida/Leite,Walter - Storiza Corpus Spring 2025/Storiza_Participant_Recording_05-30-25/annotated_sentence_segments/uid_HGLxgWVfJZWhAsqMf761d40h3eQ2_sid_tSrnapQ6hgyliWaApJ36_1743467290_195798614_sentence_segment.wav","He Spies s.p.i.e.s a bɹ. yes you can sound it out  bə. ʌ. aɪ. mmm! you got it  that sound target: bright, produced: ng.guh -> ŋ.gʌ  ɪt bourget switch it so you  see one sec you read that one i'll leave that out can glide in the night try that one he spies he spies",He spies a bright site by the pine.
"/Users/liu.ying/University of Florida/Leite,Walter - Storiza Corpus Spring 2025/Storiza_Participant_Recording_05-30-25/annotated_sentence_segments/uid_HGLxgWVfJZWhAsqMf761d40h3eQ2_sid_tSrnapQ6hgyliWaApJ36_1743467290_195798615_sentence_segment.wav",He spies a bwaɪt mhm site by the pint: p|ai what's the whole word pint pine pine,He spies a bright site by the pine.
"/Users/liu.ying/University of Florida/Leite,Walter - Storiza Corpus Spring 2025/Storiza_Participant_Recording_05-30-25/annotated_sentence_segments/uid_HGLxgWVfJZWhAsqMf761d40h3eQ2_sid_tSrnapQ6hgyliWaApJ36_1743467290_195798616_sentence_segment.wav",Ollie dwiv div dwiv ə long I I can't do it daɪvz dives and ə l:|lændz on a white l|ɑi|n,Ollie dives and lands on the white line.
"/Users/liu.ying/University of Florida/Leite,Walter - Storiza Corpus Spring 2025/Storiza_Participant_Recording_05-30-25/annotated_sentence_segments/uid_HGLxgWVfJZWhAsqMf761d40h3eQ2_sid_tSrnapQ6hgyliWaApJ36_1743467290_195798617_sentence_segment.wav",hey (a produced breathily at the beginning) I A little mwuh.m|ah I don't know that mouse mouse sound it out h.hides: hides behind a vine,A little mouse hides behind a vine.
"/Users/liu.ying/University of Florida/Leite,Walter - Storiza Corpus Spring 2025/Storiza_Participant_Recording_05-30-25/annotated_sentence_segments/uid_HGLxgWVfJZWhAsqMf761d40h3eQ2_sid_tSrnapQ6hgyliWaApJ36_1743467290_195798618_sentence_segment.wav",what's the name again Ollie Ollie finds sound it out f|l|y fly: flies back to his tree f|i|l|ɪŋ f|aɪn as he stares s.sh.s.s|t|ai|r|t straight start start to ʃ:|a:ɪ|n m|ai|r|k|in time,"Ollie flies back to his tree, feeling fine, as the stars start to shine, marking time."
"/Users/liu.ying/University of Florida/Leite,Walter - Storiza Corpus Spring 2025/Storiza_Participant_Recording_05-30-25/annotated_sentence_segments/uid_mHWscHBXcoabM7fdw88AliGuPWw1_sid_I9JIDKsVbN5Sjmsyg1ln_1742933350_195798619_sentence_segment.wav",Once upon a time there was a brave moaids named Bree,"Once upon a time, there was a brave mermaid named Bree."
"/Users/liu.ying/University of Florida/Leite,Walter - Storiza Corpus Spring 2025/Storiza_Participant_Recording_05-30-25/annotated_sentence_segments/uid_mHWscHBXcoabM7fdw88AliGuPWw1_sid_I9JIDKsVbN5Sjmsyg1ln_1742933350_195798620_sentence_segment.wav",bwi loved to explore deeth it the sea wɛ she ʃwæm wɪf glee,"Bree loved to explore beneath the sea, where she swam with glee."
"/Users/liu.ying/University of Florida/Leite,Walter - Storiza Corpus Spring 2025/Storiza_Participant_Recording_05-30-25/annotated_sentence_segments/uid_mHWscHBXcoabM7fdw88AliGuPWw1_sid_I9JIDKsVbN5Sjmsyg1ln_1742933350_195798621_sentence_segment.wav",One day she found a cave hidden  bɪhə a lɑdʒ soʊn wee:f:,"One day, she found a cave hidden behind a large stone reef."
"/Users/liu.ying/University of Florida/Leite,Walter - Storiza Corpus Spring 2025/Storiza_Participant_Recording_05-30-25/annotated_sentence_segments/uid_mHWscHBXcoabM7fdw88AliGuPWw1_sid_I9JIDKsVbN5Sjmsyg1ln_1742933350_195798622_sentence_segment.wav",ɪn.saɪd the light of the sun made the cave ɡlɪm,"Inside, the light of the sun made the cave gleam."
"/Users/liu.ying/University of Florida/Leite,Walter - Storiza Corpus Spring 2025/Storiza_Participant_Recording_05-30-25/annotated_sentence_segments/uid_mHWscHBXcoabM7fdw88AliGuPWw1_sid_I9JIDKsVbN5Sjmsyg1ln_1742933350_195798623_sentence_segment.wav",bwi smiled fʌlɪŋ safe ant: it at ease,"Bree smiled, feeling safe and at ease."
"/Users/liu.ying/University of Florida/Leite,Walter - Storiza Corpus Spring 2025/Storiza_Participant_Recording_05-30-25/annotated_sentence_segments/uid_mHWscHBXcoabM7fdw88AliGuPWw1_sid_I9JIDKsVbN5Sjmsyg1ln_1742933350_195798624_sentence_segment.wav",She m.mɛt a fish name Steve,She met a fish named Steve.
"/Users/liu.ying/University of Florida/Leite,Walter - Storiza Corpus Spring 2025/Storiza_Participant_Recording_05-30-25/annotated_sentence_segments/uid_mHWscHBXcoabM7fdw88AliGuPWw1_sid_I9JIDKsVbN5Sjmsyg1ln_1742933350_195798625_sentence_segment.wav",Steve shared tʌlz of hidden dʒɛ:mz and waɪs seals,Steve shared tales of hidden gems and wise seals.
"/Users/liu.ying/University of Florida/Leite,Walter - Storiza Corpus Spring 2025/Storiza_Participant_Recording_05-30-25/annotated_sentence_segments/uid_mHWscHBXcoabM7fdw88AliGuPWw1_sid_I9JIDKsVbN5Sjmsyg1ln_1742933350_195798626_sentence_segment.wav",Bree and Steve became fwiends fæs fwiends fast fwɛndz and became to meet at a the cave each ,Bree and Steve became fast friends and decided to meet at the cave each week.
"/Users/liu.ying/University of Florida/Leite,Walter - Storiza Corpus Spring 2025/Storiza_Participant_Recording_05-30-25/annotated_sentence_segments/uid_mHWscHBXcoabM7fdw88AliGuPWw1_sid_I9JIDKsVbN5Sjmsyg1ln_1742933350_195798627_sentence_segment.wav",təɡɛvɚ they dreamed of ɡweɪt ævɛntʃɚz beyond the sea,"Together, they dreamed of great adventures beyond the sea."
"/Users/liu.ying/University of Florida/Leite,Walter - Storiza Corpus Spring 2025/Storiza_Participant_Recording_05-30-25/annotated_sentence_segments/uid_RMEYcjWuQJRINI73hdlEKDjPREw2_sid_dpvscQzXHmVYLvi0LDkc_1741134211_195798628_sentence_segment.wav",Max the Puppy|Dog ,"Max the PupDog, Pam the cat, and a unicorn ran to mom."
"/Users/liu.ying/University of Florida/Leite,Walter - Storiza Corpus Spring 2025/Storiza_Participant_Recording_05-30-25/annotated_sentence_segments/uid_RMEYcjWuQJRINI73hdlEKDjPREw2_sid_1VgvJXZB45xk11mYvRbT_1741133876_195798629_sentence_segment.wav",d...a...d dad has a plan,Dan had a plan.
"/Users/liu.ying/University of Florida/Leite,Walter - Storiza Corpus Spring 2025/Storiza_Participant_Recording_05-30-25/annotated_sentence_segments/uid_RMEYcjWuQJRINI73hdlEKDjPREw2_sid_1VgvJXZB45xk11mYvRbT_1741133876_195798630_sentence_segment.wav",He was a map a ran  ran to the  tan hut hat,He saw a map and ran to the tan hut.
"/Users/liu.ying/University of Florida/Leite,Walter - Storiza Corpus Spring 2025/Storiza_Participant_Recording_05-30-25/annotated_sentence_segments/uid_RMEYcjWuQJRINI73hdlEKDjPREw2_sid_1VgvJXZB45xk11mYvRbT_1741133876_195798631_sentence_segment.wav",At the hut hat a cat s...a sat on the  mat,"At the hut, a cat sat on a mat."
"/Users/liu.ying/University of Florida/Leite,Walter - Storiza Corpus Spring 2025/Storiza_Participant_Recording_05-30-25/annotated_sentence_segments/uid_RMEYcjWuQJRINI73hdlEKDjPREw2_sid_1VgvJXZB45xk11mYvRbT_1741133876_195798632_sentence_segment.wav",Dad gave the cat a p...at pat,Dan gave the cat a pat.
"/Users/liu.ying/University of Florida/Leite,Walter - Storiza Corpus Spring 2025/Storiza_Participant_Recording_05-30-25/annotated_sentence_segments/uid_RMEYcjWuQJRINI73hdlEKDjPREw2_sid_1VgvJXZB45xk11mYvRbT_1741133876_195798633_sentence_segment.wav",The cat wed wɛd its tent,The cat wagged its tail.
"/Users/liu.ying/University of Florida/Leite,Walter - Storiza Corpus Spring 2025/Storiza_Participant_Recording_05-30-25/annotated_sentence_segments/uid_RMEYcjWuQJRINI73hdlEKDjPREw2_sid_1VgvJXZB45xk11mYvRbT_1741133876_195798634_sentence_segment.wav",dad told a n|a|p nap ah under the /b|ig/ big tr|ee tree where the koʊl b|ez buzz mad him f.fulair,Dan took a nap under the big tree where the cool breeze made him feel free.
"/Users/liu.ying/University of Florida/Leite,Walter - Storiza Corpus Spring 2025/Storiza_Participant_Recording_05-30-25/annotated_sentence_segments/uid_RMEYcjWuQJRINI73hdlEKDjPREw2_sid_1VgvJXZB45xk11mYvRbT_1741133876_195798635_sentence_segment.wav",Morn c|cam kæm b|and dad had had pack with a happy  glad for the dad and the fr|i|nd|z friend's start,"Morn came, and Dan headed back with a happy heart, glad for the day and the friend's start."
"/Users/liu.ying/University of Florida/Leite,Walter - Storiza Corpus Spring 2025/Storiza_Participant_Recording_05-30-25/annotated_sentence_segments/uid_flpss45kNMRJ1OyjEiJaPFx5rCo2_sid_87GmGKiM3e8FJdv1vF3b_1743380663_195798636_sentence_segment.wav",Once upon a time in a sunny town there were two best friends name lucky and Lucy and Drew,"Once upon a time, in a sunny town, there were two best friends named Lucy and Drew."
"/Users/liu.ying/University of Florida/Leite,Walter - Storiza Corpus Spring 2025/Storiza_Participant_Recording_05-30-25/annotated_sentence_segments/uid_flpss45kNMRJ1OyjEiJaPFx5rCo2_sid_87GmGKiM3e8FJdv1vF3b_1743380663_195798637_sentence_segment.wav",Lucy love gymnastics and could do flips and loops,Lucy loved gymnastics and could do flips and loops.
"/Users/liu.ying/University of Florida/Leite,Walter - Storiza Corpus Spring 2025/Storiza_Participant_Recording_05-30-25/annotated_sentence_segments/uid_flpss45kNMRJ1OyjEiJaPFx5rCo2_sid_87GmGKiM3e8FJdv1vF3b_1743380663_195798638_sentence_segment.wav",Drew was a soccer fan who kicked the ball with əm wɪð great skill,Drew was a soccer fan who kicked the ball with great skill.
"/Users/liu.ying/University of Florida/Leite,Walter - Storiza Corpus Spring 2025/Storiza_Participant_Recording_05-30-25/annotated_sentence_segments/uid_flpss45kNMRJ1OyjEiJaPFx5rCo2_sid_87GmGKiM3e8FJdv1vF3b_1743380663_195798639_sentence_segment.wav",One afternoon Lucy watch Drew play soccer,"One afternoon, Lucy watched Drew play soccer."
"/Users/liu.ying/University of Florida/Leite,Walter - Storiza Corpus Spring 2025/Storiza_Participant_Recording_05-30-25/annotated_sentence_segments/uid_flpss45kNMRJ1OyjEiJaPFx5rCo2_sid_87GmGKiM3e8FJdv1vF3b_1743380663_195798640_sentence_segment.wav",She thought How can I use my gymnastics moves in soccer,"She thought, ""How can I use my gymnastics moves in soccer?"""
"/Users/liu.ying/University of Florida/Leite,Walter - Storiza Corpus Spring 2025/Storiza_Participant_Recording_05-30-25/annotated_sentence_segments/uid_flpss45kNMRJ1OyjEiJaPFx5rCo2_sid_87GmGKiM3e8FJdv1vF3b_1743380663_195798641_sentence_segment.wav",Drew saw ʌm Lucy's interest and said Let's try sʌmtɪŋ new,"Drew saw Lucy's interest and said, ""Let's try something new!"""
"/Users/liu.ying/University of Florida/Leite,Walter - Storiza Corpus Spring 2025/Storiza_Participant_Recording_05-30-25/annotated_sentence_segments/uid_flpss45kNMRJ1OyjEiJaPFx5rCo2_sid_87GmGKiM3e8FJdv1vF3b_1743380663_195798642_sentence_segment.wav",The nɛks day they went to the field,"The next day, they went to the field."
"/Users/liu.ying/University of Florida/Leite,Walter - Storiza Corpus Spring 2025/Storiza_Participant_Recording_05-30-25/annotated_sentence_segments/uid_flpss45kNMRJ1OyjEiJaPFx5rCo2_sid_87GmGKiM3e8FJdv1vF3b_1743380663_195798643_sentence_segment.wav",lucky practice ʌm Lucy practice flip ʌm flipping and then kick the soccer ball,Lucy practiced flipping and then kicked the soccer ball.
"/Users/liu.ying/University of Florida/Leite,Walter - Storiza Corpus Spring 2025/Storiza_Participant_Recording_05-30-25/annotated_sentence_segments/uid_flpss45kNMRJ1OyjEiJaPFx5rCo2_sid_87GmGKiM3e8FJdv1vF3b_1743380663_195798644_sentence_segment.wav",It flew through the air and Drew was amazed,"It flew through the air, and Drew was amazed."
"/Users/liu.ying/University of Florida/Leite,Walter - Storiza Corpus Spring 2025/Storiza_Participant_Recording_05-30-25/annotated_sentence_segments/uid_flpss45kNMRJ1OyjEiJaPFx5rCo2_sid_87GmGKiM3e8FJdv1vF3b_1743380663_195798645_sentence_segment.wav",That was so cool he shouted,"""That's so cool!"" he shouted."
"/Users/liu.ying/University of Florida/Leite,Walter - Storiza Corpus Spring 2025/Storiza_Participant_Recording_05-30-25/annotated_sentence_segments/uid_flpss45kNMRJ1OyjEiJaPFx5rCo2_sid_87GmGKiM3e8FJdv1vF3b_1743380663_195798646_sentence_segment.wav",Drew tried to dribble the ball quickly moving like a gymnast,"Drew tried to dribble the ball quickly, moving like a gymnast."
"/Users/liu.ying/University of Florida/Leite,Walter - Storiza Corpus Spring 2025/Storiza_Participant_Recording_05-30-25/annotated_sentence_segments/uid_flpss45kNMRJ1OyjEiJaPFx5rCo2_sid_87GmGKiM3e8FJdv1vF3b_1743380663_195798647_sentence_segment.wav",Together they created a new game GymSoccer,"Together, they created a new game: GymSoccer."
"/Users/liu.ying/University of Florida/Leite,Walter - Storiza Corpus Spring 2025/Storiza_Participant_Recording_05-30-25/annotated_sentence_segments/uid_flpss45kNMRJ1OyjEiJaPFx5rCo2_sid_87GmGKiM3e8FJdv1vF3b_1743380663_195798648_sentence_segment.wav",Their friends joined too,"Their friends joined, too."
"/Users/liu.ying/University of Florida/Leite,Walter - Storiza Corpus Spring 2025/Storiza_Participant_Recording_05-30-25/annotated_sentence_segments/uid_flpss45kNMRJ1OyjEiJaPFx5rCo2_sid_87GmGKiM3e8FJdv1vF3b_1743380663_195798649_sentence_segment.wav",They pwactice after school and soon had a team,They practiced after school and soon had a team.
"/Users/liu.ying/University of Florida/Leite,Walter - Storiza Corpus Spring 2025/Storiza_Participant_Recording_05-30-25/annotated_sentence_segments/uid_flpss45kNMRJ1OyjEiJaPFx5rCo2_sid_87GmGKiM3e8FJdv1vF3b_1743380663_195798650_sentence_segment.wav",They name ðɛmsɛlfs the Blue Crew,"They named themselves the ""Blue Crew."""
"/Users/liu.ying/University of Florida/Leite,Walter - Storiza Corpus Spring 2025/Storiza_Participant_Recording_05-30-25/annotated_sentence_segments/uid_flpss45kNMRJ1OyjEiJaPFx5rCo2_sid_87GmGKiM3e8FJdv1vF3b_1743380663_195798651_sentence_segment.wav",The Blue Crew use gymnastics and soccer to create amazing moves and tricks,The Blue Crew used gymnastics and soccer to create amazing moves and tricks.
"/Users/liu.ying/University of Florida/Leite,Walter - Storiza Corpus Spring 2025/Storiza_Participant_Recording_05-30-25/annotated_sentence_segments/uid_flpss45kNMRJ1OyjEiJaPFx5rCo2_sid_87GmGKiM3e8FJdv1vF3b_1743380663_195798652_sentence_segment.wav",At the s talent show Blue Crew ʌm performed,"At the school talent show, the Blue Crew performed."
"/Users/liu.ying/University of Florida/Leite,Walter - Storiza Corpus Spring 2025/Storiza_Participant_Recording_05-30-25/annotated_sentence_segments/uid_flpss45kNMRJ1OyjEiJaPFx5rCo2_sid_87GmGKiM3e8FJdv1vF3b_1743380663_195798653_sentence_segment.wav",At The In The crowds cheered and clapped,The crowd cheered and clapped.
"/Users/liu.ying/University of Florida/Leite,Walter - Storiza Corpus Spring 2025/Storiza_Participant_Recording_05-30-25/annotated_sentence_segments/uid_flpss45kNMRJ1OyjEiJaPFx5rCo2_sid_87GmGKiM3e8FJdv1vF3b_1743380663_195798654_sentence_segment.wav",Everyone loved the unique blend of gymnastics and soccer,Everyone loved the unique blend of gymnastics and soccer.
"/Users/liu.ying/University of Florida/Leite,Walter - Storiza Corpus Spring 2025/Storiza_Participant_Recording_05-30-25/annotated_sentence_segments/uid_flpss45kNMRJ1OyjEiJaPFx5rCo2_sid_87GmGKiM3e8FJdv1vF3b_1743380663_195798655_sentence_segment.wav",Lucy and Drew were proud,Lucy and Drew were proud.
"/Users/liu.ying/University of Florida/Leite,Walter - Storiza Corpus Spring 2025/Storiza_Participant_Recording_05-30-25/annotated_sentence_segments/uid_flpss45kNMRJ1OyjEiJaPFx5rCo2_sid_87GmGKiM3e8FJdv1vF3b_1743380663_195798656_sentence_segment.wav",They knew that ʌm trying sʌmtɪŋ new together was the bɛs move of all,They knew that trying something new together was the best move of all.
"/Users/liu.ying/University of Florida/Leite,Walter - Storiza Corpus Spring 2025/Storiza_Participant_Recording_05-30-25/annotated_sentence_segments/uid_flpss45kNMRJ1OyjEiJaPFx5rCo2_sid_87GmGKiM3e8FJdv1vF3b_1743380663_195798657_sentence_segment.wav",ʌm From then on GymSoccer was a favorite game in town,"From then on, GymSoccer was a favorite game in town."
"/Users/liu.ying/University of Florida/Leite,Walter - Storiza Corpus Spring 2025/Storiza_Participant_Recording_05-30-25/annotated_sentence_segments/uid_ovpeape9PZbAq7VLrirwGOYrvsh1_sid_lpp0jgK2wIWbfNSaJuy1_1742389582_195798658_sentence_segment.wav",In a sunny town Banana Truman had a joyful pet goat,"In a sunny town, Banana Truman had a joyful pet goat."
"/Users/liu.ying/University of Florida/Leite,Walter - Storiza Corpus Spring 2025/Storiza_Participant_Recording_05-30-25/annotated_sentence_segments/uid_ovpeape9PZbAq7VLrirwGOYrvsh1_sid_lpp0jgK2wIWbfNSaJuy1_1742389582_195798659_sentence_segment.wav",every day Truman and his goat played outside,"Each day, Truman and his goat played outside."
"/Users/liu.ying/University of Florida/Leite,Walter - Storiza Corpus Spring 2025/Storiza_Participant_Recording_05-30-25/annotated_sentence_segments/uid_ovpeape9PZbAq7VLrirwGOYrvsh1_sid_lpp0jgK2wIWbfNSaJuy1_1742389582_195798660_sentence_segment.wav",One day Truman notice the goat looking dull and not playing,"One day, Truman noticed the goat looking dull and not playing."
"/Users/liu.ying/University of Florida/Leite,Walter - Storiza Corpus Spring 2025/Storiza_Participant_Recording_05-30-25/annotated_sentence_segments/uid_ovpeape9PZbAq7VLrirwGOYrvsh1_sid_lpp0jgK2wIWbfNSaJuy1_1742389582_195798661_sentence_segment.wav",Truman was worried,Truman was worried.
"/Users/liu.ying/University of Florida/Leite,Walter - Storiza Corpus Spring 2025/Storiza_Participant_Recording_05-30-25/annotated_sentence_segments/uid_ovpeape9PZbAq7VLrirwGOYrvsh1_sid_lpp0jgK2wIWbfNSaJuy1_1742389582_195798662_sentence_segment.wav",He thought How kinni cheer my goat up,"He thought, ""How can I cheer my goat up?"""
"/Users/liu.ying/University of Florida/Leite,Walter - Storiza Corpus Spring 2025/Storiza_Participant_Recording_05-30-25/annotated_sentence_segments/uid_ovpeape9PZbAq7VLrirwGOYrvsh1_sid_lpp0jgK2wIWbfNSaJuy1_1742389582_195798663_sentence_segment.wav",Knowing the goat love sweets Truman made a sweet mix of fresh hay and treats,"Knowing the goat loved sweets, Truman made a sweet mix of fresh hay and treats."
"/Users/liu.ying/University of Florida/Leite,Walter - Storiza Corpus Spring 2025/Storiza_Participant_Recording_05-30-25/annotated_sentence_segments/uid_ovpeape9PZbAq7VLrirwGOYrvsh1_sid_lpp0jgK2wIWbfNSaJuy1_1742389582_195798664_sentence_segment.wav",Truman watch as goat ate with delight showing a new baʊnt in its step,"Truman watched as his goat ate with delight, showing a new bounce in its step."
"/Users/liu.ying/University of Florida/Leite,Walter - Storiza Corpus Spring 2025/Storiza_Participant_Recording_05-30-25/annotated_sentence_segments/uid_ovpeape9PZbAq7VLrirwGOYrvsh1_sid_lpp0jgK2wIWbfNSaJuy1_1742389582_195798665_sentence_segment.wav",Truman felt happy ɡɛn knowing his his dear goat was full of joy,"Truman felt happy again, knowing his dear goat was full of joy."
"/Users/liu.ying/University of Florida/Leite,Walter - Storiza Corpus Spring 2025/Storiza_Participant_Recording_05-30-25/annotated_sentence_segments/uid_ovpeape9PZbAq7VLrirwGOYrvsh1_sid_lpp0jgK2wIWbfNSaJuy1_1742389582_195798666_sentence_segment.wav",From that day they shared many sweet times təɡɛ,"From that day, they shared many sweet times together."
"/Users/liu.ying/University of Florida/Leite,Walter - Storiza Corpus Spring 2025/Storiza_Participant_Recording_05-30-25/annotated_sentence_segments/uid_mHWscHBXcoabM7fdw88AliGuPWw1_sid_lz3I7DDQoORrxWnoDM8h_1741216155_195798667_sentence_segment.wav",mɝ kitties love the sea,Mermaid Catsy loves the sea.
"/Users/liu.ying/University of Florida/Leite,Walter - Storiza Corpus Spring 2025/Storiza_Participant_Recording_05-30-25/annotated_sentence_segments/uid_mHWscHBXcoabM7fdw88AliGuPWw1_sid_lz3I7DDQoORrxWnoDM8h_1741216155_195798668_sentence_segment.wav",She s:wɪms to a s:ʌn.lɪt ship,She swims to a sun-lit ship.
"/Users/liu.ying/University of Florida/Leite,Walter - Storiza Corpus Spring 2025/Storiza_Participant_Recording_05-30-25/annotated_sentence_segments/uid_mHWscHBXcoabM7fdw88AliGuPWw1_sid_lz3I7DDQoORrxWnoDM8h_1741216155_195798669_sentence_segment.wav",On the ship Casty finet shiny shesells (seashells),"On the ship, Catsy finds shiny shells."
"/Users/liu.ying/University of Florida/Leite,Walter - Storiza Corpus Spring 2025/Storiza_Participant_Recording_05-30-25/annotated_sentence_segments/uid_mHWscHBXcoabM7fdw88AliGuPWw1_sid_lz3I7DDQoORrxWnoDM8h_1741216155_195798670_sentence_segment.wav",She shops She shops in the she...suh sea's the sea's shiny shop for a shwal ʃwɛl,She shops in the sea's shimmery shop for a shawl.
"/Users/liu.ying/University of Florida/Leite,Walter - Storiza Corpus Spring 2025/Storiza_Participant_Recording_05-30-25/annotated_sentence_segments/uid_mHWscHBXcoabM7fdw88AliGuPWw1_sid_lz3I7DDQoORrxWnoDM8h_1741216155_195798671_sentence_segment.wav",A fish wɪf a clash of wɛd s:wɪmz by,A fish with a flash of red swims by.
"/Users/liu.ying/University of Florida/Leite,Walter - Storiza Corpus Spring 2025/Storiza_Participant_Recording_05-30-25/annotated_sentence_segments/uid_mHWscHBXcoabM7fdw88AliGuPWw1_sid_lz3I7DDQoORrxWnoDM8h_1741216155_195798672_sentence_segment.wav",si|itsies ca.atsies wish for a splash of sun,Catsy wishes for a splash of fun.
"/Users/liu.ying/University of Florida/Leite,Walter - Storiza Corpus Spring 2025/Storiza_Participant_Recording_05-30-25/annotated_sentence_segments/uid_mHWscHBXcoabM7fdw88AliGuPWw1_sid_lz3I7DDQoORrxWnoDM8h_1741216155_195798673_sentence_segment.wav",As Catsy smile and meet a shy fish,"As Catsy sails, she meets a shy fish."
"/Users/liu.ying/University of Florida/Leite,Walter - Storiza Corpus Spring 2025/Storiza_Participant_Recording_05-30-25/annotated_sentence_segments/uid_mHWscHBXcoabM7fdw88AliGuPWw1_sid_lz3I7DDQoORrxWnoDM8h_1741216155_195798674_sentence_segment.wav",jum joins the ship Casty says wɪf a wide smile,"""Join the ship,"" Catsy says with a wide smile."
"/Users/liu.ying/University of Florida/Leite,Walter - Storiza Corpus Spring 2025/Storiza_Participant_Recording_05-30-25/annotated_sentence_segments/uid_mHWscHBXcoabM7fdw88AliGuPWw1_sid_lz3I7DDQoORrxWnoDM8h_1741216155_195798675_sentence_segment.wav",The fish nods and hops aboard,The fish nods and hops aboard.
"/Users/liu.ying/University of Florida/Leite,Walter - Storiza Corpus Spring 2025/Storiza_Participant_Recording_05-30-25/annotated_sentence_segments/uid_mHWscHBXcoabM7fdw88AliGuPWw1_sid_lz3I7DDQoORrxWnoDM8h_1741216155_195798676_sentence_segment.wav","They share a dish of target: ""sweet"" (swit) -> ""shreet"" (ʃɹɪt) shrimp",They share a dish of sweet shrimp.
"/Users/liu.ying/University of Florida/Leite,Walter - Storiza Corpus Spring 2025/Storiza_Participant_Recording_05-30-25/annotated_sentence_segments/uid_mHWscHBXcoabM7fdw88AliGuPWw1_sid_lz3I7DDQoORrxWnoDM8h_1741216155_195798677_sentence_segment.wav",at the s:ʌn sets Casty and the fish set winning the day nɛvɛ ends,"As the sun sets, Catsy and the fish sit, wishing the day never ends."
"/Users/liu.ying/University of Florida/Leite,Walter - Storiza Corpus Spring 2025/Storiza_Participant_Recording_05-30-25/annotated_sentence_segments/uid_mHWscHBXcoabM7fdw88AliGuPWw1_sid_lz3I7DDQoORrxWnoDM8h_1741216155_195798678_sentence_segment.wav",A pic|hu|sel fɪʃ falls under the ship making a magical end la la da da,"A peaceful hush falls over the ship, marking a magical end."
"/Users/liu.ying/University of Florida/Leite,Walter - Storiza Corpus Spring 2025/Storiza_Participant_Recording_05-30-25/annotated_sentence_segments/uid_b7tT96cSBaaiNnMJ2KcuOQPRkO83_sid_5hkZcPiSBPzGIpag8Xeo_1742423396_195798679_sentence_segment.wav",Lila love to tie dye,Lila loved tie dye.
"/Users/liu.ying/University of Florida/Leite,Walter - Storiza Corpus Spring 2025/Storiza_Participant_Recording_05-30-25/annotated_sentence_segments/uid_b7tT96cSBaaiNnMJ2KcuOQPRkO83_sid_5hkZcPiSBPzGIpag8Xeo_1742423396_195798680_sentence_segment.wav","She Target: ""decided"" (dɪsaɪdəd) -> ""deciyed"" (dɪsaɪəd) to try making her own tie dye shirt",She decided to try making her own tie dye shirt.
"/Users/liu.ying/University of Florida/Leite,Walter - Storiza Corpus Spring 2025/Storiza_Participant_Recording_05-30-25/annotated_sentence_segments/uid_b7tT96cSBaaiNnMJ2KcuOQPRkO83_sid_5hkZcPiSBPzGIpag8Xeo_1742423396_195798681_sentence_segment.wav",First she tie tiny knots in a plain white shirt,"First, she tied tiny knots in a plain white shirt."
"/Users/liu.ying/University of Florida/Leite,Walter - Storiza Corpus Spring 2025/Storiza_Participant_Recording_05-30-25/annotated_sentence_segments/uid_b7tT96cSBaaiNnMJ2KcuOQPRkO83_sid_5hkZcPiSBPzGIpag8Xeo_1742423396_195798682_sentence_segment.wav","target: ""Next"" (nɛkst) ->""Nex"" (nɛks) she dip the shirt into bright swiriling dye","Next, she dipped the shirt into bright, swirling dye."
"/Users/liu.ying/University of Florida/Leite,Walter - Storiza Corpus Spring 2025/Storiza_Participant_Recording_05-30-25/annotated_sentence_segments/uid_b7tT96cSBaaiNnMJ2KcuOQPRkO83_sid_5hkZcPiSBPzGIpag8Xeo_1742423396_195798683_sentence_segment.wav",Lila wait patiently  for colors to dry,Lila waited patiently for the colors to dry.
"/Users/liu.ying/University of Florida/Leite,Walter - Storiza Corpus Spring 2025/Storiza_Participant_Recording_05-30-25/annotated_sentence_segments/uid_b7tT96cSBaaiNnMJ2KcuOQPRkO83_sid_5hkZcPiSBPzGIpag8Xeo_1742423396_195798684_sentence_segment.wav",When when she untied the knots she was surprise,"When she untied the knots, she was surprised!"
"/Users/liu.ying/University of Florida/Leite,Walter - Storiza Corpus Spring 2025/Storiza_Participant_Recording_05-30-25/annotated_sentence_segments/uid_b7tT96cSBaaiNnMJ2KcuOQPRkO83_sid_5hkZcPiSBPzGIpag8Xeo_1742423396_195798685_sentence_segment.wav","The shirt was a target: ""dazzling"" (dæzlɪŋ) -> ""dazzeling"" (dæzelɪŋ) dɪs|pleɪ of pink blue and Target: ""Yellow"" (jɛloʊ) -> ""yella"" (jɛlɑ)","The shirt was a dazzling display of pink, blue, and yellow."
"/Users/liu.ying/University of Florida/Leite,Walter - Storiza Corpus Spring 2025/Storiza_Participant_Recording_05-30-25/annotated_sentence_segments/uid_b7tT96cSBaaiNnMJ2KcuOQPRkO83_sid_5hkZcPiSBPzGIpag8Xeo_1742423396_195798686_sentence_segment.wav","Her friend Target: ""kyle"" (kaɪl) -> ""kylie"" (ˈkaɪli) saw her shirt and said and said woah it looks like a rainbow in the sky","Her friend, Kyle, saw the shirt and said, ""Wow, it looks like a rainbow in the sky!"""
"/Users/liu.ying/University of Florida/Leite,Walter - Storiza Corpus Spring 2025/Storiza_Participant_Recording_05-30-25/annotated_sentence_segments/uid_b7tT96cSBaaiNnMJ2KcuOQPRkO83_sid_5hkZcPiSBPzGIpag8Xeo_1742423396_195798687_sentence_segment.wav",Lila smile with pry,Lila smiled with pride.
"/Users/liu.ying/University of Florida/Leite,Walter - Storiza Corpus Spring 2025/Storiza_Participant_Recording_05-30-25/annotated_sentence_segments/uid_b7tT96cSBaaiNnMJ2KcuOQPRkO83_sid_5hkZcPiSBPzGIpag8Xeo_1742423396_195798688_sentence_segment.wav",She know she would try to tie dye again,She knew she would try tie dye again.
"/Users/liu.ying/University of Florida/Leite,Walter - Storiza Corpus Spring 2025/Storiza_Participant_Recording_05-30-25/annotated_sentence_segments/uid_b7tT96cSBaaiNnMJ2KcuOQPRkO83_sid_5hkZcPiSBPzGIpag8Xeo_1742423396_195798689_sentence_segment.wav",It was fun and full of delighting surprises,It was fun and full of delightful surprises!
"/Users/liu.ying/University of Florida/Leite,Walter - Storiza Corpus Spring 2025/Storiza_Participant_Recording_05-30-25/annotated_sentence_segments/uid_mHWscHBXcoabM7fdw88AliGuPWw1_sid_zNwobTQRQ5zMd2Rabg7s_1743380602_195798690_sentence_segment.wav",Once upon a time there was a pɪnsɪs named jay,"Once upon a time, there was a princess named Jane."
"/Users/liu.ying/University of Florida/Leite,Walter - Storiza Corpus Spring 2025/Storiza_Participant_Recording_05-30-25/annotated_sentence_segments/uid_mHWscHBXcoabM7fdw88AliGuPWw1_sid_zNwobTQRQ5zMd2Rabg7s_1743380602_195798691_sentence_segment.wav",She lived in a big castle on a heel,She lived in a big castle on a hill.
"/Users/liu.ying/University of Florida/Leite,Walter - Storiza Corpus Spring 2025/Storiza_Participant_Recording_05-30-25/annotated_sentence_segments/uid_mHWscHBXcoabM7fdw88AliGuPWw1_sid_zNwobTQRQ5zMd2Rabg7s_1743380602_195798692_sentence_segment.wav",Jane love to have fun and play games,Jane loved to have fun and play games.
"/Users/liu.ying/University of Florida/Leite,Walter - Storiza Corpus Spring 2025/Storiza_Participant_Recording_05-30-25/annotated_sentence_segments/uid_mHWscHBXcoabM7fdw88AliGuPWw1_sid_zNwobTQRQ5zMd2Rabg7s_1743380602_195798693_sentence_segment.wav",One day Jane s: saw a cute mouse the godden,"One day, Jane saw a cute little mouse in the garden."
"/Users/liu.ying/University of Florida/Leite,Walter - Storiza Corpus Spring 2025/Storiza_Participant_Recording_05-30-25/annotated_sentence_segments/uid_mHWscHBXcoabM7fdw88AliGuPWw1_sid_zNwobTQRQ5zMd2Rabg7s_1743380602_195798694_sentence_segment.wav",The mouse has had white fɜ and a lɒŋk thin tail,"The mouse had white fur and a long, thin tail."
"/Users/liu.ying/University of Florida/Leite,Walter - Storiza Corpus Spring 2025/Storiza_Participant_Recording_05-30-25/annotated_sentence_segments/uid_mHWscHBXcoabM7fdw88AliGuPWw1_sid_zNwobTQRQ5zMd2Rabg7s_1743380602_195798695_sentence_segment.wav",jeɪn name the mouse Penny,Jane named the mouse Penny.
"/Users/liu.ying/University of Florida/Leite,Walter - Storiza Corpus Spring 2025/Storiza_Participant_Recording_05-30-25/annotated_sentence_segments/uid_mHWscHBXcoabM7fdw88AliGuPWw1_sid_zNwobTQRQ5zMd2Rabg7s_1743380602_195798696_sentence_segment.wav",Penny and Jane became bɛs fɹɛnts,Penny and Jane became best friends.
"/Users/liu.ying/University of Florida/Leite,Walter - Storiza Corpus Spring 2025/Storiza_Participant_Recording_05-30-25/annotated_sentence_segments/uid_mHWscHBXcoabM7fdw88AliGuPWw1_sid_zNwobTQRQ5zMd2Rabg7s_1743380602_195798697_sentence_segment.wav",Jane made a small house for Penny with a tube  tiny cute bed it it and a tiny cute bed inside,Jane made a small house for Penny with a tube and a tiny cute bed inside.
"/Users/liu.ying/University of Florida/Leite,Walter - Storiza Corpus Spring 2025/Storiza_Participant_Recording_05-30-25/annotated_sentence_segments/uid_mHWscHBXcoabM7fdw88AliGuPWw1_sid_zNwobTQRQ5zMd2Rabg7s_1743380602_195798698_sentence_segment.wav",ɛvwi day Jane and Penny would play and explore ɹaʊnd the castle,"Every day, Jane and Penny would play and explore around the castle."
"/Users/liu.ying/University of Florida/Leite,Walter - Storiza Corpus Spring 2025/Storiza_Participant_Recording_05-30-25/annotated_sentence_segments/uid_mHWscHBXcoabM7fdw88AliGuPWw1_sid_zNwobTQRQ5zMd2Rabg7s_1743380602_195798699_sentence_segment.wav",dʒ.dʒeɪn ɪh was happy with her new friend,Jane was happy with her new friend.
"/Users/liu.ying/University of Florida/Leite,Walter - Storiza Corpus Spring 2025/Storiza_Participant_Recording_05-30-25/annotated_sentence_segments/uid_mHWscHBXcoabM7fdw88AliGuPWw1_sid_zNwobTQRQ5zMd2Rabg7s_1743380602_195798700_sentence_segment.wav",In the evening Jane and pɪ.pɛni watch the stars from castle,"In the evening, Jane and Penny watched the stars from the castle."
"/Users/liu.ying/University of Florida/Leite,Walter - Storiza Corpus Spring 2025/Storiza_Participant_Recording_05-30-25/annotated_sentence_segments/uid_mHWscHBXcoabM7fdw88AliGuPWw1_sid_zNwobTQRQ5zMd2Rabg7s_1743380602_195798701_sentence_segment.wav",Penny loved to the stars' bright light,Penny loved the stars' bright light.
"/Users/liu.ying/University of Florida/Leite,Walter - Storiza Corpus Spring 2025/Storiza_Participant_Recording_05-30-25/annotated_sentence_segments/uid_mHWscHBXcoabM7fdw88AliGuPWw1_sid_zNwobTQRQ5zMd2Rabg7s_1743380602_195798702_sentence_segment.wav", dʒieɪn said You're my bɛs fɹɛn Penny and I will always be here for you,"Jane said, ""You are my best friend, Penny, and I will always be here for you."""
"/Users/liu.ying/University of Florida/Leite,Walter - Storiza Corpus Spring 2025/Storiza_Participant_Recording_05-30-25/annotated_sentence_segments/uid_mHWscHBXcoabM7fdw88AliGuPWw1_sid_zNwobTQRQ5zMd2Rabg7s_1743380602_195798703_sentence_segment.wav",And so Jane and Penny happily ssssssssweeng many adventures together day and night,"And so, Jane and Penny lived happily, sharing many adventures together, day and night."
"/Users/liu.ying/University of Florida/Leite,Walter - Storiza Corpus Spring 2025/Storiza_Participant_Recording_05-30-25/annotated_sentence_segments/uid_flpss45kNMRJ1OyjEiJaPFx5rCo2_sid_cqG7XCJHLAa4J12lsMtP_1743380445_195798704_sentence_segment.wav",Once upon a time əm in a bus:|tling snæ bar there was a bottle of soda named dʒoʊbi,"Once upon a time, in a bustling snack bar, there was a bottle of soda named Joey."
"/Users/liu.ying/University of Florida/Leite,Walter - Storiza Corpus Spring 2025/Storiza_Participant_Recording_05-30-25/annotated_sentence_segments/uid_flpss45kNMRJ1OyjEiJaPFx5rCo2_sid_cqG7XCJHLAa4J12lsMtP_1743380445_195798705_sentence_segment.wav",Joey was excited because today was the day of the annual əm snack meeting,Joey was excited because today was the day of the annual snack meeting.
"/Users/liu.ying/University of Florida/Leite,Walter - Storiza Corpus Spring 2025/Storiza_Participant_Recording_05-30-25/annotated_sentence_segments/uid_flpss45kNMRJ1OyjEiJaPFx5rCo2_sid_cqG7XCJHLAa4J12lsMtP_1743380445_195798706_sentence_segment.wav",All the snacks and drinks gathered to discuss the joy they bring kids,All the snacks and drinks gathered to discuss the joy they bring to kids.
"/Users/liu.ying/University of Florida/Leite,Walter - Storiza Corpus Spring 2025/Storiza_Participant_Recording_05-30-25/annotated_sentence_segments/uid_flpss45kNMRJ1OyjEiJaPFx5rCo2_sid_cqG7XCJHLAa4J12lsMtP_1743380445_195798707_sentence_segment.wav",J|um|Joey the soda bottle bounced with excitement ready to join his friends,"Joey the soda bottle bounced with excitement, ready to join his friends."
"/Users/liu.ying/University of Florida/Leite,Walter - Storiza Corpus Spring 2025/Storiza_Participant_Recording_05-30-25/annotated_sentence_segments/uid_flpss45kNMRJ1OyjEiJaPFx5rCo2_sid_cqG7XCJHLAa4J12lsMtP_1743380445_195798708_sentence_segment.wav",As he rolled to the meeting he spotted his bɛs friend a napkin named Roy,"As he rolled to the meeting, he spotted his best friend, a napkin named Roy."
"/Users/liu.ying/University of Florida/Leite,Walter - Storiza Corpus Spring 2025/Storiza_Participant_Recording_05-30-25/annotated_sentence_segments/uid_flpss45kNMRJ1OyjEiJaPFx5rCo2_sid_cqG7XCJHLAa4J12lsMtP_1743380445_195798709_sentence_segment.wav",Roy was always there to keep things ˈtɪti,Roy was always there to keep things tidy.
"/Users/liu.ying/University of Florida/Leite,Walter - Storiza Corpus Spring 2025/Storiza_Participant_Recording_05-30-25/annotated_sentence_segments/uid_flpss45kNMRJ1OyjEiJaPFx5rCo2_sid_cqG7XCJHLAa4J12lsMtP_1743380445_195798710_sentence_segment.wav",oʊːi Oi Joey Roy kəhɔld out waving a corner of his self,"""Oi, Joey!"" Roy called out, waving a corner of himself."
"/Users/liu.ying/University of Florida/Leite,Walter - Storiza Corpus Spring 2025/Storiza_Participant_Recording_05-30-25/annotated_sentence_segments/uid_flpss45kNMRJ1OyjEiJaPFx5rCo2_sid_cqG7XCJHLAa4J12lsMtP_1743380445_195798711_sentence_segment.wav",Hurry or well oɹ we'll be late for the meeting,"""Hurry, or we'll be late for the meeting!"""
"/Users/liu.ying/University of Florida/Leite,Walter - Storiza Corpus Spring 2025/Storiza_Participant_Recording_05-30-25/annotated_sentence_segments/uid_flpss45kNMRJ1OyjEiJaPFx5rCo2_sid_cqG7XCJHLAa4J12lsMtP_1743380445_195798712_sentence_segment.wav",Together they rolled and fluttered to the snack table,"Together, they rolled and fluttered to the snack table."
"/Users/liu.ying/University of Florida/Leite,Walter - Storiza Corpus Spring 2025/Storiza_Participant_Recording_05-30-25/annotated_sentence_segments/uid_flpss45kNMRJ1OyjEiJaPFx5rCo2_sid_cqG7XCJHLAa4J12lsMtP_1743380445_195798713_sentence_segment.wav",The meeting was already buzzing with noise,The meeting was already buzzing with noise.
"/Users/liu.ying/University of Florida/Leite,Walter - Storiza Corpus Spring 2025/Storiza_Participant_Recording_05-30-25/annotated_sentence_segments/uid_flpss45kNMRJ1OyjEiJaPFx5rCo2_sid_cqG7XCJHLAa4J12lsMtP_1743380445_195798714_sentence_segment.wav",Chips cookies and candies shared stories o|um|of joy and fun,"Chips, cookies, and candies shared stories of joy and fun."
"/Users/liu.ying/University of Florida/Leite,Walter - Storiza Corpus Spring 2025/Storiza_Participant_Recording_05-30-25/annotated_sentence_segments/uid_flpss45kNMRJ1OyjEiJaPFx5rCo2_sid_cqG7XCJHLAa4J12lsMtP_1743380445_195798715_sentence_segment.wav",Joey shared how he brought fizzy to a əm toʊ bir|joy dʒɔɪ birthday parties,Joey shared how he brought fizzy joy to birthday parties.
"/Users/liu.ying/University of Florida/Leite,Walter - Storiza Corpus Spring 2025/Storiza_Participant_Recording_05-30-25/annotated_sentence_segments/uid_flpss45kNMRJ1OyjEiJaPFx5rCo2_sid_cqG7XCJHLAa4J12lsMtP_1743380445_195798716_sentence_segment.wav",əm Roy əm talked about how he enjoyed keeping everyone clean and neat,Roy talked about how he enjoyed keeping everyone clean and neat.
"/Users/liu.ying/University of Florida/Leite,Walter - Storiza Corpus Spring 2025/Storiza_Participant_Recording_05-30-25/annotated_sentence_segments/uid_flpss45kNMRJ1OyjEiJaPFx5rCo2_sid_cqG7XCJHLAa4J12lsMtP_1743380445_195798717_sentence_segment.wav",The other snacks clapped and cheered feeling proud of əv their roles,"The other snacks clapped and cheered, feeling proud of their roles."
"/Users/liu.ying/University of Florida/Leite,Walter - Storiza Corpus Spring 2025/Storiza_Participant_Recording_05-30-25/annotated_sentence_segments/uid_flpss45kNMRJ1OyjEiJaPFx5rCo2_sid_cqG7XCJHLAa4J12lsMtP_1743380445_195798718_sentence_segment.wav",As the meeting ended Jo|um|Joey and Roy realized how important their jobs were,"As the meeting ended, Joey and Roy realized how important their jobs were."
"/Users/liu.ying/University of Florida/Leite,Walter - Storiza Corpus Spring 2025/Storiza_Participant_Recording_05-30-25/annotated_sentence_segments/uid_flpss45kNMRJ1OyjEiJaPFx5rCo2_sid_cqG7XCJHLAa4J12lsMtP_1743380445_195798719_sentence_segment.wav",Filled with joy they promised to continue bringing smiles to kids faces,"Filled with joy, they promised to continue bringing smiles to kids' faces."
"/Users/liu.ying/University of Florida/Leite,Walter - Storiza Corpus Spring 2025/Storiza_Participant_Recording_05-30-25/annotated_sentence_segments/uid_flpss45kNMRJ1OyjEiJaPFx5rCo2_sid_cqG7XCJHLAa4J12lsMtP_1743380445_195798720_sentence_segment.wav",And so Joey the soda and Roy the napkin returned to their places ready for more joyful adventures,"And so, Joey the soda and Roy the napkin returned to their places, ready for more joyful adventures."
"/Users/liu.ying/University of Florida/Leite,Walter - Storiza Corpus Spring 2025/Storiza_Participant_Recording_05-30-25/annotated_sentence_segments/uid_IGe7nmfoeKQG1oyWJEMIv6KIP5Q2_sid_OJ3hCvb3pokTxqbvhJuh_1742508917_195798721_sentence_segment.wav",fɪl the racer had a sturdy red car that pɔɹd with power,Finn the racer had a sturdy red car that purred with power.
"/Users/liu.ying/University of Florida/Leite,Walter - Storiza Corpus Spring 2025/Storiza_Participant_Recording_05-30-25/annotated_sentence_segments/uid_IGe7nmfoeKQG1oyWJEMIv6KIP5Q2_sid_OJ3hCvb3pokTxqbvhJuh_1742508917_195798722_sentence_segment.wav",eerly each morning Early itʃ mɔɹnɪŋ fɪl will hurry to the track,"Early each morning, Finn would hurry to the track."
"/Users/liu.ying/University of Florida/Leite,Walter - Storiza Corpus Spring 2025/Storiza_Participant_Recording_05-30-25/annotated_sentence_segments/uid_IGe7nmfoeKQG1oyWJEMIv6KIP5Q2_sid_OJ3hCvb3pokTxqbvhJuh_1742508917_195798723_sentence_segment.wav",His hɪz favorite  turn on the racecourse was called the Curvy Curve,His favorite turn on the racecourse was called the Curvy Curve.
"/Users/liu.ying/University of Florida/Leite,Walter - Storiza Corpus Spring 2025/Storiza_Participant_Recording_05-30-25/annotated_sentence_segments/uid_IGe7nmfoeKQG1oyWJEMIv6KIP5Q2_sid_OJ3hCvb3pokTxqbvhJuh_1742508917_195798724_sentence_segment.wav",The big race day had come and fɪl was ready to join,"The big race day had come, and Finn was ready to join."
"/Users/liu.ying/University of Florida/Leite,Walter - Storiza Corpus Spring 2025/Storiza_Participant_Recording_05-30-25/annotated_sentence_segments/uid_IGe7nmfoeKQG1oyWJEMIv6KIP5Q2_sid_OJ3hCvb3pokTxqbvhJuh_1742508917_195798725_sentence_segment.wav",As he started his car it made a soft whirr,"As he started his car, it made a soft whirr."
"/Users/liu.ying/University of Florida/Leite,Walter - Storiza Corpus Spring 2025/Storiza_Participant_Recording_05-30-25/annotated_sentence_segments/uid_IGe7nmfoeKQG1oyWJEMIv6KIP5Q2_sid_OJ3hCvb3pokTxqbvhJuh_1742508917_195798726_sentence_segment.wav",The engines əv many cars tɹɛ|tɹɛmbld with excitement,The engines of many cars trembled with excitement.
"/Users/liu.ying/University of Florida/Leite,Walter - Storiza Corpus Spring 2025/Storiza_Participant_Recording_05-30-25/annotated_sentence_segments/uid_IGe7nmfoeKQG1oyWJEMIv6KIP5Q2_sid_OJ3hCvb3pokTxqbvhJuh_1742508917_195798727_sentence_segment.wav",Fill no Finn felt a flutter of thorough thrill inside him,Finn felt a flutter of thrill inside him.
"/Users/liu.ying/University of Florida/Leite,Walter - Storiza Corpus Spring 2025/Storiza_Participant_Recording_05-30-25/annotated_sentence_segments/uid_IGe7nmfoeKQG1oyWJEMIv6KIP5Q2_sid_OJ3hCvb3pokTxqbvhJuh_1742508917_195798728_sentence_segment.wav",With the starting flag up fɪl started forward,"With the starting flag up, Finn surged forward."
"/Users/liu.ying/University of Florida/Leite,Walter - Storiza Corpus Spring 2025/Storiza_Participant_Recording_05-30-25/annotated_sentence_segments/uid_IGe7nmfoeKQG1oyWJEMIv6KIP5Q2_sid_OJ3hCvb3pokTxqbvhJuh_1742508917_195798729_sentence_segment.wav",The sound of the rushing air made a humming mʌləbaɪ,The sound of the rushing air made a humming melody.
"/Users/liu.ying/University of Florida/Leite,Walter - Storiza Corpus Spring 2025/Storiza_Participant_Recording_05-30-25/annotated_sentence_segments/uid_IGe7nmfoeKQG1oyWJEMIv6KIP5Q2_sid_OJ3hCvb3pokTxqbvhJuh_1742508917_195798730_sentence_segment.wav",As Finn ə|p|əpɹoʊtʃt the Curvy Curve he remembered to steer with car care,"As Finn approached the Curvy Curve, he remembered to steer with care."
"/Users/liu.ying/University of Florida/Leite,Walter - Storiza Corpus Spring 2025/Storiza_Participant_Recording_05-30-25/annotated_sentence_segments/uid_IGe7nmfoeKQG1oyWJEMIv6KIP5Q2_sid_OJ3hCvb3pokTxqbvhJuh_1742508917_195798731_sentence_segment.wav",His car turned smoothly like a bird in flight making him smile with joy,"His car turned smoothly like a bird in flight, making him smile with joy."
"/Users/liu.ying/University of Florida/Leite,Walter - Storiza Corpus Spring 2025/Storiza_Participant_Recording_05-30-25/annotated_sentence_segments/uid_IGe7nmfoeKQG1oyWJEMIv6KIP5Q2_sid_OJ3hCvb3pokTxqbvhJuh_1742508917_195798732_sentence_segment.wav",Suddenly a sharp bump shook Finn's car,"Suddenly, a sharp bump shook Finn's car."
"/Users/liu.ying/University of Florida/Leite,Walter - Storiza Corpus Spring 2025/Storiza_Participant_Recording_05-30-25/annotated_sentence_segments/uid_IGe7nmfoeKQG1oyWJEMIv6KIP5Q2_sid_OJ3hCvb3pokTxqbvhJuh_1742508917_195798733_sentence_segment.wav",He felt əngɝteɪtɛd and his heart thudded fast but he stayed f|fɜɹm,"He felt uncertainty and his heart thudded fast, but he stayed firm."
"/Users/liu.ying/University of Florida/Leite,Walter - Storiza Corpus Spring 2025/Storiza_Participant_Recording_05-30-25/annotated_sentence_segments/uid_IGe7nmfoeKQG1oyWJEMIv6KIP5Q2_sid_OJ3hCvb3pokTxqbvhJuh_1742508917_195798734_sentence_segment.wav",He gripped the wheel drove through ay swift pass and swift|ly passed other cars,"He gripped the wheel, drove forward and swiftly passed other cars."
"/Users/liu.ying/University of Florida/Leite,Walter - Storiza Corpus Spring 2025/Storiza_Participant_Recording_05-30-25/annotated_sentence_segments/uid_IGe7nmfoeKQG1oyWJEMIv6KIP5Q2_sid_OJ3hCvb3pokTxqbvhJuh_1742508917_195798735_sentence_segment.wav",The crowd cheered as Finn crossed the finish line his hɪz spritz haɪ hɪz spirits high and triumphant,"The crowd cheered as Finn crossed the finish line, his spirits high and triumphant."
"/Users/liu.ying/University of Florida/Leite,Walter - Storiza Corpus Spring 2025/Storiza_Participant_Recording_05-30-25/annotated_sentence_segments/uid_IGe7nmfoeKQG1oyWJEMIv6KIP5Q2_sid_OJ3hCvb3pokTxqbvhJuh_1742508917_195798736_sentence_segment.wav",Finn had won the race,Finn had won the race!
"/Users/liu.ying/University of Florida/Leite,Walter - Storiza Corpus Spring 2025/Storiza_Participant_Recording_05-30-25/annotated_sentence_segments/uid_IGe7nmfoeKQG1oyWJEMIv6KIP5Q2_sid_OJ3hCvb3pokTxqbvhJuh_1742508917_195798737_sentence_segment.wav",With a  With a grateful smile he waved to the people,"With a grateful smile, he waved to the people."
"/Users/liu.ying/University of Florida/Leite,Walter - Storiza Corpus Spring 2025/Storiza_Participant_Recording_05-30-25/annotated_sentence_segments/uid_IGe7nmfoeKQG1oyWJEMIv6KIP5Q2_sid_OJ3hCvb3pokTxqbvhJuh_1742508917_195798738_sentence_segment.wav",The racing journey had thought him courage bringing him joy and a feeling of pride,"The racing journey had taught him courage, bringing him joy and a feeling of pride."
"/Users/liu.ying/University of Florida/Leite,Walter - Storiza Corpus Spring 2025/Storiza_Participant_Recording_05-30-25/annotated_sentence_segments/uid_eQ9VyOzVOCQWR7uTGBGzvfh3rUJ2_sid_i8ZL8hdudVu5SxNk90X4_1743022443_195798739_sentence_segment.wav",In a soft nest in eig egg leg on a hot sand,"In a soft nest, an egg lay on hot sand."
"/Users/liu.ying/University of Florida/Leite,Walter - Storiza Corpus Spring 2025/Storiza_Participant_Recording_05-30-25/annotated_sentence_segments/uid_eQ9VyOzVOCQWR7uTGBGzvfh3rUJ2_sid_i8ZL8hdudVu5SxNk90X4_1743022443_195798740_sentence_segment.wav",Inside a small a dragon had a nap,"Inside, a small dragon had a nap."
"/Users/liu.ying/University of Florida/Leite,Walter - Storiza Corpus Spring 2025/Storiza_Participant_Recording_05-30-25/annotated_sentence_segments/uid_eQ9VyOzVOCQWR7uTGBGzvfh3rUJ2_sid_i8ZL8hdudVu5SxNk90X4_1743022443_195798741_sentence_segment.wav",she The shell had cracked,The shell had a crack.
"/Users/liu.ying/University of Florida/Leite,Walter - Storiza Corpus Spring 2025/Storiza_Participant_Recording_05-30-25/annotated_sentence_segments/uid_eQ9VyOzVOCQWR7uTGBGzvfh3rUJ2_sid_i8ZL8hdudVu5SxNk90X4_1743022443_195798742_sentence_segment.wav",it The  did not reach,The dragon did not rush.
"/Users/liu.ying/University of Florida/Leite,Walter - Storiza Corpus Spring 2025/Storiza_Participant_Recording_05-30-25/annotated_sentence_segments/uid_eQ9VyOzVOCQWR7uTGBGzvfh3rUJ2_sid_i8ZL8hdudVu5SxNk90X4_1743022443_195798743_sentence_segment.wav",It had    ,It had fun in the egg.
"/Users/liu.ying/University of Florida/Leite,Walter - Storiza Corpus Spring 2025/Storiza_Participant_Recording_05-30-25/annotated_sentence_segments/uid_eQ9VyOzVOCQWR7uTGBGzvfh3rUJ2_sid_i8ZL8hdudVu5SxNk90X4_1743022443_195798744_sentence_segment.wav",at  A soft teɪp a and then with a with a big push it was out of,"A soft tap and then, with a big push, it was out."
"/Users/liu.ying/University of Florida/Leite,Walter - Storiza Corpus Spring 2025/Storiza_Participant_Recording_05-30-25/annotated_sentence_segments/uid_eQ9VyOzVOCQWR7uTGBGzvfh3rUJ2_sid_i8ZL8hdudVu5SxNk90X4_1743022443_195798745_sentence_segment.wav",The baby dragon have give a big yawn,The baby dragon gave a big yawn.
"/Users/liu.ying/University of Florida/Leite,Walter - Storiza Corpus Spring 2025/Storiza_Participant_Recording_05-30-25/annotated_sentence_segments/uid_eQ9VyOzVOCQWR7uTGBGzvfh3rUJ2_sid_i8ZL8hdudVu5SxNk90X4_1743022443_195798746_sentence_segment.wav",The sun was hot and the sand was soft,"The sun was hot, and the sand was soft."
"/Users/liu.ying/University of Florida/Leite,Walter - Storiza Corpus Spring 2025/Storiza_Participant_Recording_05-30-25/annotated_sentence_segments/uid_eQ9VyOzVOCQWR7uTGBGzvfh3rUJ2_sid_i8ZL8hdudVu5SxNk90X4_1743022443_195798747_sentence_segment.wav",It was a red bug on top,It saw a red bug hop by.
"/Users/liu.ying/University of Florida/Leite,Walter - Storiza Corpus Spring 2025/Storiza_Participant_Recording_05-30-25/annotated_sentence_segments/uid_eQ9VyOzVOCQWR7uTGBGzvfh3rUJ2_sid_i8ZL8hdudVu5SxNk90X4_1743022443_195798748_sentence_segment.wav",by The dragon gave a big glad health,"The dragon gave a big, glad laugh."
"/Users/liu.ying/University of Florida/Leite,Walter - Storiza Corpus Spring 2025/Storiza_Participant_Recording_05-30-25/annotated_sentence_segments/uid_eQ9VyOzVOCQWR7uTGBGzvfh3rUJ2_sid_i8ZL8hdudVu5SxNk90X4_1743022443_195798749_sentence_segment.wav",It wa felt a wɪ.wɪnd and the sun,It felt the wind and the sun.
"/Users/liu.ying/University of Florida/Leite,Walter - Storiza Corpus Spring 2025/Storiza_Participant_Recording_05-30-25/annotated_sentence_segments/uid_eQ9VyOzVOCQWR7uTGBGzvfh3rUJ2_sid_i8ZL8hdudVu5SxNk90X4_1743022443_195798750_sentence_segment.wav",ɛ  baby dragon popped its ʌm less egg shell,The baby dragon had popped out at last!
"/Users/liu.ying/University of Florida/Leite,Walter - Storiza Corpus Spring 2025/Storiza_Participant_Recording_05-30-25/annotated_sentence_segments/uid_eQ9VyOzVOCQWR7uTGBGzvfh3rUJ2_sid_i8ZL8hdudVu5SxNk90X4_1743022443_195798751_sentence_segment.wav",oʊ now its is the ,The egg was now its past.
"/Users/liu.ying/University of Florida/Leite,Walter - Storiza Corpus Spring 2025/Storiza_Participant_Recording_05-30-25/annotated_sentence_segments/uid_ihIoefKsGwTDai7fGs9x3DyNvju2_sid_MeMarit6msvAMziBN7LA_1742773937_195798752_sentence_segment.wav",Jane would like to braid her rope,Jane would like to braid her rope.
"/Users/liu.ying/University of Florida/Leite,Walter - Storiza Corpus Spring 2025/Storiza_Participant_Recording_05-30-25/annotated_sentence_segments/uid_ihIoefKsGwTDai7fGs9x3DyNvju2_sid_MeMarit6msvAMziBN7LA_1742773937_195798753_sentence_segment.wav",She goes home ʌm for the cone that holds it,She goes home for the cone that holds it.
"/Users/liu.ying/University of Florida/Leite,Walter - Storiza Corpus Spring 2025/Storiza_Participant_Recording_05-30-25/annotated_sentence_segments/uid_ihIoefKsGwTDai7fGs9x3DyNvju2_sid_MeMarit6msvAMziBN7LA_1742773937_195798754_sentence_segment.wav",She go She does not ko.koʊp at first,She does not cope at first.
"/Users/liu.ying/University of Florida/Leite,Walter - Storiza Corpus Spring 2025/Storiza_Participant_Recording_05-30-25/annotated_sentence_segments/uid_ihIoefKsGwTDai7fGs9x3DyNvju2_sid_MeMarit6msvAMziBN7LA_1742773937_195798755_sentence_segment.wav",Jane takes her time,Jane takes her time.
"/Users/liu.ying/University of Florida/Leite,Walter - Storiza Corpus Spring 2025/Storiza_Participant_Recording_05-30-25/annotated_sentence_segments/uid_ihIoefKsGwTDai7fGs9x3DyNvju2_sid_MeMarit6msvAMziBN7LA_1742773937_195798756_sentence_segment.wav",Finally Jane shows the braid to her mom at home,"Finally, Jane shows the braid to her mom at home."
"/Users/liu.ying/University of Florida/Leite,Walter - Storiza Corpus Spring 2025/Storiza_Participant_Recording_05-30-25/annotated_sentence_segments/uid_ihIoefKsGwTDai7fGs9x3DyNvju2_sid_MeMarit6msvAMziBN7LA_1742773937_195798757_sentence_segment.wav",Mom is proud and they both smile at the rope,"Mom is proud, and they both smile at the rope."
"/Users/liu.ying/University of Florida/Leite,Walter - Storiza Corpus Spring 2025/Storiza_Participant_Recording_05-30-25/annotated_sentence_segments/uid_uJ59YClhDZUuJsN0vsDR1GRv6pu1_sid_BgEKj3YsDOc1MjBj4yDv_1741917511_195798758_sentence_segment.wav",Britten and Ford are good pals,Britten and Ford are good pals.
"/Users/liu.ying/University of Florida/Leite,Walter - Storiza Corpus Spring 2025/Storiza_Participant_Recording_05-30-25/annotated_sentence_segments/uid_uJ59YClhDZUuJsN0vsDR1GRv6pu1_sid_BgEKj3YsDOc1MjBj4yDv_1741917511_195798759_sentence_segment.wav",One day they play in the park,"One day, they play in the park."
"/Users/liu.ying/University of Florida/Leite,Walter - Storiza Corpus Spring 2025/Storiza_Participant_Recording_05-30-25/annotated_sentence_segments/uid_uJ59YClhDZUuJsN0vsDR1GRv6pu1_sid_BgEKj3YsDOc1MjBj4yDv_1741917511_195798760_sentence_segment.wav",Britten skips stones across the pond while Ford loves to catch frogs,"Britten skips stones across the pond, while Ford loves to catch frogs."
"/Users/liu.ying/University of Florida/Leite,Walter - Storiza Corpus Spring 2025/Storiza_Participant_Recording_05-30-25/annotated_sentence_segments/uid_uJ59YClhDZUuJsN0vsDR1GRv6pu1_sid_BgEKj3YsDOc1MjBj4yDv_1741917511_195798761_sentence_segment.wav",As zɪ sun sets Britten jumps over the benches and Ford runs past the swings,"As the sun sets, Britten jumps over the benches, and Ford runs past the swings."
"/Users/liu.ying/University of Florida/Leite,Walter - Storiza Corpus Spring 2025/Storiza_Participant_Recording_05-30-25/annotated_sentence_segments/uid_uJ59YClhDZUuJsN0vsDR1GRv6pu1_sid_BgEKj3YsDOc1MjBj4yDv_1741917511_195798762_sentence_segment.wav",They laughed They laugh and smile as they tell stories,They laugh and smile as they tell stories.
"/Users/liu.ying/University of Florida/Leite,Walter - Storiza Corpus Spring 2025/Storiza_Participant_Recording_05-30-25/annotated_sentence_segments/uid_uJ59YClhDZUuJsN0vsDR1GRv6pu1_sid_BgEKj3YsDOc1MjBj4yDv_1741917511_195798763_sentence_segment.wav",When it grows dark Britten and Ford head home,"When it grows dark, Britten and Ford head home."
"/Users/liu.ying/University of Florida/Leite,Walter - Storiza Corpus Spring 2025/Storiza_Participant_Recording_05-30-25/annotated_sentence_segments/uid_uJ59YClhDZUuJsN0vsDR1GRv6pu1_sid_BgEKj3YsDOc1MjBj4yDv_1741917511_195798764_sentence_segment.wav",They wave goodbye and promise t'play gɛn ,They wave goodbye and promise to play again soon.
"/Users/liu.ying/University of Florida/Leite,Walter - Storiza Corpus Spring 2025/Storiza_Participant_Recording_05-30-25/annotated_sentence_segments/uid_uJ59YClhDZUuJsN0vsDR1GRv6pu1_sid_BgEKj3YsDOc1MjBj4yDv_1741917511_195798765_sentence_segment.wav",Their friendship is as strong as the trees anas æs bright as the stars in the night,Their friendship is as strong as the trees and as bright as the stars in the night.
"/Users/liu.ying/University of Florida/Leite,Walter - Storiza Corpus Spring 2025/Storiza_Participant_Recording_05-30-25/annotated_sentence_segments/uid_XmxSYUZAj4dRqSczt2clQkDf31M2_sid_htmuP5C6ltf1uTEX9ux8_1742869165_195798766_sentence_segment.wav",In a landof twɪŋ|klɪŋ lights of ca|caps clapping ke:ɪp clapping fairies named Jade led and dance dæns on rose petals,"In a land of twinkling lights, a cape-clad fairy, named Jade, led a dance on rose petals."
"/Users/liu.ying/University of Florida/Leite,Walter - Storiza Corpus Spring 2025/Storiza_Participant_Recording_05-30-25/annotated_sentence_segments/uid_XmxSYUZAj4dRqSczt2clQkDf31M2_sid_htmuP5C6ltf1uTEX9ux8_1742869165_195798767_sentence_segment.wav",The fairies twinkled their elap|later litters bright,"The fairies twirled, their laughter bright."
"/Users/liu.ying/University of Florida/Leite,Walter - Storiza Corpus Spring 2025/Storiza_Participant_Recording_05-30-25/annotated_sentence_segments/uid_Om0JhZ6RmTNQ5wDLPHKIC3LtY4g2_sid_4SyoJ5neD3pBMkPc5e6V_1741219404_195798768_sentence_segment.wav",Kitty was a  anger for her play date,Kitty was eager for her play date.
"/Users/liu.ying/University of Florida/Leite,Walter - Storiza Corpus Spring 2025/Storiza_Participant_Recording_05-30-25/annotated_sentence_segments/uid_Om0JhZ6RmTNQ5wDLPHKIC3LtY4g2_sid_4SyoJ5neD3pBMkPc5e6V_1741219404_195798769_sentence_segment.wav",She wore a bright red sːkɑɹf uh and went out to the park,She wore a bright red scarf and went out to the park.
"/Users/liu.ying/University of Florida/Leite,Walter - Storiza Corpus Spring 2025/Storiza_Participant_Recording_05-30-25/annotated_sentence_segments/uid_Om0JhZ6RmTNQ5wDLPHKIC3LtY4g2_sid_4SyoJ5neD3pBMkPc5e6V_1741219404_195798770_sentence_segment.wav",Kitty saw her friend mɔk who brought his toy car,"Kitty saw her friend, Mark, who brought his toy car."
"/Users/liu.ying/University of Florida/Leite,Walter - Storiza Corpus Spring 2025/Storiza_Participant_Recording_05-30-25/annotated_sentence_segments/uid_Om0JhZ6RmTNQ5wDLPHKIC3LtY4g2_sid_4SyoJ5neD3pBMkPc5e6V_1741219404_195798771_sentence_segment.wav",They plaid played in the sandbox making castles and pretending to be paɪɹətsː searching for treasure,"They played in the sandbox, making castles and pretending to be pirates searching for treasure."
"/Users/liu.ying/University of Florida/Leite,Walter - Storiza Corpus Spring 2025/Storiza_Participant_Recording_05-30-25/annotated_sentence_segments/uid_Om0JhZ6RmTNQ5wDLPHKIC3LtY4g2_sid_4SyoJ5neD3pBMkPc5e6V_1741219404_195798772_sentence_segment.wav",aθ the sun bɪɡeɪn to set Kitty and Mark waved goodbye tothe park,"As the sun began to set, Kitty and Mark waved goodbye to the park."
"/Users/liu.ying/University of Florida/Leite,Walter - Storiza Corpus Spring 2025/Storiza_Participant_Recording_05-30-25/annotated_sentence_segments/uid_Om0JhZ6RmTNQ5wDLPHKIC3LtY4g2_sid_4SyoJ5neD3pBMkPc5e6V_1741219404_195798773_sentence_segment.wav",They promise to meet again for more ventures and fun,They promised to meet again for more adventures and fun.
"/Users/liu.ying/University of Florida/Leite,Walter - Storiza Corpus Spring 2025/Storiza_Participant_Recording_05-30-25/annotated_sentence_segments/uid_Om0JhZ6RmTNQ5wDLPHKIC3LtY4g2_sid_4SyoJ5neD3pBMkPc5e6V_1741219404_195798774_sentence_segment.wav",Kitty felt happy as she walked home her scarf trail behind likay shooting star,"Kitty felt happy as she walked home, her scarf trailing behind like a shooting star."
"/Users/liu.ying/University of Florida/Leite,Walter - Storiza Corpus Spring 2025/Storiza_Participant_Recording_05-30-25/annotated_sentence_segments/uid_jWPmLFrSHDZItPTjjPUB8KAsjlq2_sid_5J7R2ZQimq5M6HJd9Q3L_1742768464_195798775_sentence_segment.wav",In a suh ɪn the sunny town of Blue Bay a curious boy named Lewis loved finding new avengers,"In the sunny town of Blue Bay, a curious boy named Lewis loved finding new adventures."
"/Users/liu.ying/University of Florida/Leite,Walter - Storiza Corpus Spring 2025/Storiza_Participant_Recording_05-30-25/annotated_sentence_segments/uid_jWPmLFrSHDZItPTjjPUB8KAsjlq2_sid_5J7R2ZQimq5M6HJd9Q3L_1742768464_195798776_sentence_segment.wav",One day while strolling pass a dense fruit orchard he spied a bright blue butterfly fluttering about,"One day, while strolling past a dense fruit orchard, he spied a bright blue butterfly fluttering about."
"/Users/liu.ying/University of Florida/Leite,Walter - Storiza Corpus Spring 2025/Storiza_Participant_Recording_05-30-25/annotated_sentence_segments/uid_jWPmLFrSHDZItPTjjPUB8KAsjlq2_sid_5J7R2ZQimq5M6HJd9Q3L_1742768464_195798777_sentence_segment.wav",Enchanted Lewis decided to chase the butterfly ducking under grape vines and leaping over puddles,"Enchanted, Lewis decided to chase the butterfly, ducking under grape vines and leaping over puddles."
"/Users/liu.ying/University of Florida/Leite,Walter - Storiza Corpus Spring 2025/Storiza_Participant_Recording_05-30-25/annotated_sentence_segments/uid_jWPmLFrSHDZItPTjjPUB8KAsjlq2_sid_5J7R2ZQimq5M6HJd9Q3L_1742768464_195798778_sentence_segment.wav",Suddenly Lewis stumbled upon a unusual treasure a shiny blue jewel glimmering in the sunlight,"Suddenly, Lewis stumbled upon an unusual treasure—a shiny blue jewel, glimmering in the sunlight."
"/Users/liu.ying/University of Florida/Leite,Walter - Storiza Corpus Spring 2025/Storiza_Participant_Recording_05-30-25/annotated_sentence_segments/uid_jWPmLFrSHDZItPTjjPUB8KAsjlq2_sid_5J7R2ZQimq5M6HJd9Q3L_1742768464_195798779_sentence_segment.wav",Wow what a view he exclaimed as the jewel sparkled like the ocean's dew anna fish morning,"""Wow, what a view!"" he exclaimed, as the jewel sparkled like the ocean's dew on a fresh morning."
"/Users/liu.ying/University of Florida/Leite,Walter - Storiza Corpus Spring 2025/Storiza_Participant_Recording_05-30-25/annotated_sentence_segments/uid_jWPmLFrSHDZItPTjjPUB8KAsjlq2_sid_5J7R2ZQimq5M6HJd9Q3L_1742768464_195798780_sentence_segment.wav",Lewis knew he had to ʃ.ʃoʊ his new discovery to is bɛs friend Sue,"Lewis knew he had to show his new discovery to his best friend, Sue."
"/Users/liu.ying/University of Florida/Leite,Walter - Storiza Corpus Spring 2025/Storiza_Participant_Recording_05-30-25/annotated_sentence_segments/uid_jWPmLFrSHDZItPTjjPUB8KAsjlq2_sid_5J7R2ZQimq5M6HJd9Q3L_1742768464_195798781_sentence_segment.wav",Together they imagine it belong to a pirate long ago,"Together, they imagined it belonged to a pirate long ago."
"/Users/liu.ying/University of Florida/Leite,Walter - Storiza Corpus Spring 2025/Storiza_Participant_Recording_05-30-25/annotated_sentence_segments/uid_jWPmLFrSHDZItPTjjPUB8KAsjlq2_sid_5J7R2ZQimq5M6HJd9Q3L_1742768464_195798782_sentence_segment.wav",As the sun set over Blue Bay Lewis and Sue agreed their adventure was truly special much like the bond between great friends,"As the sun set over Blue Bay, Lewis and Sue agreed their adventure was truly special, much like the bond between great friends."
"/Users/liu.ying/University of Florida/Leite,Walter - Storiza Corpus Spring 2025/Storiza_Participant_Recording_05-30-25/annotated_sentence_segments/uid_Sn3Nw7A3OmOkiMXEFjEyRusLuuo2_sid_eOMbjMl5depUgqb4lRbh_1743021158_195798783_sentence_segment.wav",Ariel and her  pals Sebastian and Flounder were on an əvɛntʃɚ,"Ariel and her pals, Sebastian and Flounder, were on an adventure."
"/Users/liu.ying/University of Florida/Leite,Walter - Storiza Corpus Spring 2025/Storiza_Participant_Recording_05-30-25/annotated_sentence_segments/uid_Sn3Nw7A3OmOkiMXEFjEyRusLuuo2_sid_eOMbjMl5depUgqb4lRbh_1743021158_195798784_sentence_segment.wav",They foʊnd a cave and explored with glee,They found a cave and explored with glee.
"/Users/liu.ying/University of Florida/Leite,Walter - Storiza Corpus Spring 2025/Storiza_Participant_Recording_05-30-25/annotated_sentence_segments/uid_Sn3Nw7A3OmOkiMXEFjEyRusLuuo2_sid_eOMbjMl5depUgqb4lRbh_1743021158_195798785_sentence_segment.wav",Look a birft gɛm said Ariel,"""Look, a bright gem!"" said Ariel."
"/Users/liu.ying/University of Florida/Leite,Walter - Storiza Corpus Spring 2025/Storiza_Participant_Recording_05-30-25/annotated_sentence_segments/uid_Sn3Nw7A3OmOkiMXEFjEyRusLuuo2_sid_eOMbjMl5depUgqb4lRbh_1743021158_195798786_sentence_segment.wav",They gave it a (Unintelligble) klɔsɚ ɡlænt and felt it shine withth: mag|kiss,They gave it a closer glance and felt it shine with magic.
"/Users/liu.ying/University of Florida/Leite,Walter - Storiza Corpus Spring 2025/Storiza_Participant_Recording_05-30-25/annotated_sentence_segments/uid_Sn3Nw7A3OmOkiMXEFjEyRusLuuo2_sid_eOMbjMl5depUgqb4lRbh_1743021158_195798787_sentence_segment.wav",It lɪ də cave and ʃaʊd a path home,It lit the cave and showed a path home.
"/Users/liu.ying/University of Florida/Leite,Walter - Storiza Corpus Spring 2025/Storiza_Participant_Recording_05-30-25/annotated_sentence_segments/uid_Sn3Nw7A3OmOkiMXEFjEyRusLuuo2_sid_eOMbjMl5depUgqb4lRbh_1743021158_195798788_sentence_segment.wav",əmɪŋ they cheered,"""Amazing!"" they cheered."
"/Users/liu.ying/University of Florida/Leite,Walter - Storiza Corpus Spring 2025/Storiza_Participant_Recording_05-30-25/annotated_sentence_segments/uid_Sn3Nw7A3OmOkiMXEFjEyRusLuuo2_sid_eOMbjMl5depUgqb4lRbh_1743021158_195798789_sentence_segment.wav",Together they ah made their why back way back mhmm happy for the fun and wonder they share,"Together, they made their way back, happy for the fun and wonder they shared."
"/Users/liu.ying/University of Florida/Leite,Walter - Storiza Corpus Spring 2025/Storiza_Participant_Recording_05-30-25/annotated_sentence_segments/uid_ihIoefKsGwTDai7fGs9x3DyNvju2_sid_ujKXyBlmQlDqdJspmTTx_1742944450_195798790_sentence_segment.wav",In a small town Max loves mæ,"In a small town, Max loved math."
"/Users/liu.ying/University of Florida/Leite,Walter - Storiza Corpus Spring 2025/Storiza_Participant_Recording_05-30-25/annotated_sentence_segments/uid_ihIoefKsGwTDai7fGs9x3DyNvju2_sid_ujKXyBlmQlDqdJspmTTx_1742944450_195798791_sentence_segment.wav",One day his teacher gives him a tricky math puzzle,"One day, his teacher gave him a tricky math puzzle."
"/Users/liu.ying/University of Florida/Leite,Walter - Storiza Corpus Spring 2025/Storiza_Participant_Recording_05-30-25/annotated_sentence_segments/uid_ihIoefKsGwTDai7fGs9x3DyNvju2_sid_ujKXyBlmQlDqdJspmTTx_1742944450_195798792_sentence_segment.wav",Max sat under a big oat tree ʌm s.|skɹætʃɪŋ his head,"Max sat under the big oak tree, scratching his head."
"/Users/liu.ying/University of Florida/Leite,Walter - Storiza Corpus Spring 2025/Storiza_Participant_Recording_05-30-25/annotated_sentence_segments/uid_ihIoefKsGwTDai7fGs9x3DyNvju2_sid_ujKXyBlmQlDqdJspmTTx_1742944450_195798793_sentence_segment.wav",He tried to start slowly ʌm solving it but the numbers danced ɪnt his maɪn,"He tried to start solving it, but the numbers danced in his mind."
"/Users/liu.ying/University of Florida/Leite,Walter - Storiza Corpus Spring 2025/Storiza_Participant_Recording_05-30-25/annotated_sentence_segments/uid_ihIoefKsGwTDai7fGs9x3DyNvju2_sid_ujKXyBlmQlDqdJspmTTx_1742944450_195798794_sentence_segment.wav",dʒʌs then his friend Lila ʌm joined him,"Just then, his friend Lily joined him."
"/Users/liu.ying/University of Florida/Leite,Walter - Storiza Corpus Spring 2025/Storiza_Participant_Recording_05-30-25/annotated_sentence_segments/uid_ihIoefKsGwTDai7fGs9x3DyNvju2_sid_ujKXyBlmQlDqdJspmTTx_1742944450_195798795_sentence_segment.wav",Together they began to add s ʌm subtract and mʌtɪplaɪ,"Together, they began to add, subtract, and multiply."
"/Users/liu.ying/University of Florida/Leite,Walter - Storiza Corpus Spring 2025/Storiza_Participant_Recording_05-30-25/annotated_sentence_segments/uid_ihIoefKsGwTDai7fGs9x3DyNvju2_sid_ujKXyBlmQlDqdJspmTTx_1742944450_195798796_sentence_segment.wav",Soon they fa ʌm find the answer,"Soon, they found the answer!"
"/Users/liu.ying/University of Florida/Leite,Walter - Storiza Corpus Spring 2025/Storiza_Participant_Recording_05-30-25/annotated_sentence_segments/uid_ihIoefKsGwTDai7fGs9x3DyNvju2_sid_ujKXyBlmQlDqdJspmTTx_1742944450_195798797_sentence_segment.wav",Max and Lily hide-fived happily they had a sol ,"Max and Lily high-fived, happy they had the solution."
"/Users/liu.ying/University of Florida/Leite,Walter - Storiza Corpus Spring 2025/Storiza_Participant_Recording_05-30-25/annotated_sentence_segments/uid_ihIoefKsGwTDai7fGs9x3DyNvju2_sid_ujKXyBlmQlDqdJspmTTx_1742944450_195798798_sentence_segment.wav",From that day on they teamed up for every math challenge knowing that starting together made solving problems as good time,"From that day on, they teamed up for every math challenge, knowing that starting together made solving problems a good time."
"/Users/liu.ying/University of Florida/Leite,Walter - Storiza Corpus Spring 2025/Storiza_Participant_Recording_05-30-25/annotated_sentence_segments/uid_ihIoefKsGwTDai7fGs9x3DyNvju2_sid_ujKXyBlmQlDqdJspmTTx_1742944450_195798799_sentence_segment.wav",And they ʌm ɔlweɪʒ remember to check the time after,And they always remembered to check the time after.
"/Users/liu.ying/University of Florida/Leite,Walter - Storiza Corpus Spring 2025/Storiza_Participant_Recording_05-30-25/annotated_sentence_segments/uid_1w0NU0CL8KMbltxDo7mrkTKhgpD2_sid_WVnogOLLKWsUpfSCUTYy_1742504172_195798800_sentence_segment.wav",Once upon a time in the magical land of ʃæmwɑk Valley they lih there lived a leprechaun name Finnegan,"Once upon a time in the magical land of Shamrock Valley, lived a leprechaun named Finnegan."
"/Users/liu.ying/University of Florida/Leite,Walter - Storiza Corpus Spring 2025/Storiza_Participant_Recording_05-30-25/annotated_sentence_segments/uid_1w0NU0CL8KMbltxDo7mrkTKhgpD2_sid_WVnogOLLKWsUpfSCUTYy_1742504172_195798801_sentence_segment.wav",Finnegan Finnegan was not a ɔɹdɪlnɛɹi leprechaun he was e|xtremely  curiu curious and adventurous,Finnegan was not an ordinary leprechaun; he was extraordinarily curious and adventurous.
"/Users/liu.ying/University of Florida/Leite,Walter - Storiza Corpus Spring 2025/Storiza_Participant_Recording_05-30-25/annotated_sentence_segments/uid_1w0NU0CL8KMbltxDo7mrkTKhgpD2_sid_WVnogOLLKWsUpfSCUTYy_1742504172_195798802_sentence_segment.wav",ʌnɚ a colsuh koʊloʊlsʃ oak tree were he kept his tredzure pot of gold,"He lived under a colossal oak tree, where he kept his treasured pot of gold."
"/Users/liu.ying/University of Florida/Leite,Walter - Storiza Corpus Spring 2025/Storiza_Participant_Recording_05-30-25/annotated_sentence_segments/uid_1w0NU0CL8KMbltxDo7mrkTKhgpD2_sid_WVnogOLLKWsUpfSCUTYy_1742504172_195798803_sentence_segment.wav",One sunny morning Finnegan decided to explore ðəv vaɪbɹɪ̈t meadow behond behind his home,"One sunny morning, Finnegan decided to explore the vibrant meadow beyond his home."
"/Users/liu.ying/University of Florida/Leite,Walter - Storiza Corpus Spring 2025/Storiza_Participant_Recording_05-30-25/annotated_sentence_segments/uid_1w0NU0CL8KMbltxDo7mrkTKhgpD2_sid_WVnogOLLKWsUpfSCUTYy_1742504172_195798804_sentence_segment.wav",h (he) As he skip joyfully he stumbled upon a puce pjukətʃɚ sign,"As he skipped joyfully, he stumbled upon a peculiar sight."
"/Users/liu.ying/University of Florida/Leite,Walter - Storiza Corpus Spring 2025/Storiza_Participant_Recording_05-30-25/annotated_sentence_segments/uid_1w0NU0CL8KMbltxDo7mrkTKhgpD2_sid_WVnogOLLKWsUpfSCUTYy_1742504172_195798805_sentence_segment.wav",ðɛə in the middle of the meadow s:tʊd a ɪnɔməs weɪmboʊ with dazing dazing kʌlz,"There, in the middle of the meadow, stood an enormous rainbow with dazzling colors."
"/Users/liu.ying/University of Florida/Leite,Walter - Storiza Corpus Spring 2025/Storiza_Participant_Recording_05-30-25/annotated_sentence_segments/uid_1w0NU0CL8KMbltxDo7mrkTKhgpD2_sid_WVnogOLLKWsUpfSCUTYy_1742504172_195798806_sentence_segment.wav",It was mo ma.magicf magicfuh magicf magicfuh magicfuh ə than ɛnə weɪnbɑ any rainbow    ever seen before,It was more magnificent than any rainbow he had ever seen before.
"/Users/liu.ying/University of Florida/Leite,Walter - Storiza Corpus Spring 2025/Storiza_Participant_Recording_05-30-25/annotated_sentence_segments/uid_1w0NU0CL8KMbltxDo7mrkTKhgpD2_sid_WVnogOLLKWsUpfSCUTYy_1742504172_195798807_sentence_segment.wav",Finnegan hut heart filled with excitement  he imɛmbəd an excitement lɛpəkɑn legend,Finnegan's heart filled with excitement as he remembered the ancient leprechaun legend.
"/Users/liu.ying/University of Florida/Leite,Walter - Storiza Corpus Spring 2025/Storiza_Participant_Recording_05-30-25/annotated_sentence_segments/uid_1w0NU0CL8KMbltxDo7mrkTKhgpD2_sid_WVnogOLLKWsUpfSCUTYy_1742504172_195798808_sentence_segment.wav",dɪ legend said that that at the ɛn of the most mɑɹvəljəs weɪmboʊ ðeɪv lay a treasure mɔ variable gold,"The legend said that at the end of the most marvelous rainbow, there lay a hidden treasure more valuable than gold."
"/Users/liu.ying/University of Florida/Leite,Walter - Storiza Corpus Spring 2025/Storiza_Participant_Recording_05-30-25/annotated_sentence_segments/uid_1w0NU0CL8KMbltxDo7mrkTKhgpD2_sid_WVnogOLLKWsUpfSCUTYy_1742504172_195798809_sentence_segment.wav",Determined to dɪskʌbɚ this treasure f:ɪnəgɪn set off in his quest,"Determined to discover this treasure, Finnegan set off on his quest."
"/Users/liu.ying/University of Florida/Leite,Walter - Storiza Corpus Spring 2025/Storiza_Participant_Recording_05-30-25/annotated_sentence_segments/uid_1w0NU0CL8KMbltxDo7mrkTKhgpD2_sid_WVnogOLLKWsUpfSCUTYy_1742504172_195798810_sentence_segment.wav",He follow the weɪmoʊ θwu the ɛntʃɪnɛɹi fɔwəs past bubbly broke and s:igh singing birds,"He followed the rainbow through the enchanted forest, past bubbling brooks and singing birds."
"/Users/liu.ying/University of Florida/Leite,Walter - Storiza Corpus Spring 2025/Storiza_Participant_Recording_05-30-25/annotated_sentence_segments/uid_1w0NU0CL8KMbltxDo7mrkTKhgpD2_sid_WVnogOLLKWsUpfSCUTYy_1742504172_195798811_sentence_segment.wav",dʒʌs ah as the sun began to set Finnegan reej the ɛn of the weɪnboʊ,"Just as the sun began to set, Finnegan reached the end of the rainbow."
"/Users/liu.ying/University of Florida/Leite,Walter - Storiza Corpus Spring 2025/Storiza_Participant_Recording_05-30-25/annotated_sentence_segments/uid_1w0NU0CL8KMbltxDo7mrkTKhgpD2_sid_WVnogOLLKWsUpfSCUTYy_1742504172_195798812_sentence_segment.wav",To his amazingness he faʊn not a pot of gold but a mædʒɪkəldʒ ɡɑwdən full of delicious ɪtɪk f:wuits and fwaʊɚz,"To his amazement, he found not a pot of gold, but a magical garden full of delicious, exotic fruits and flowers."
"/Users/liu.ying/University of Florida/Leite,Walter - Storiza Corpus Spring 2025/Storiza_Participant_Recording_05-30-25/annotated_sentence_segments/uid_1w0NU0CL8KMbltxDo7mrkTKhgpD2_sid_WVnogOLLKWsUpfSCUTYy_1742504172_195798813_sentence_segment.wav",Finnegan realize the truh true treasure wʌzn not not gold but the egjo extra extranaridid beauty and harmonated hoʊməni əwaʊnd him,"Finnegan realized the true treasure was not gold, but the extraordinary beauty and harmony around him."
"/Users/liu.ying/University of Florida/Leite,Walter - Storiza Corpus Spring 2025/Storiza_Participant_Recording_05-30-25/annotated_sentence_segments/uid_1w0NU0CL8KMbltxDo7mrkTKhgpD2_sid_WVnogOLLKWsUpfSCUTYy_1742504172_195798814_sentence_segment.wav",With a hɑw full of joy Finnegan weturn to his oak tree,"With a heart full of joy, Finnegan returned to his oak tree."
"/Users/liu.ying/University of Florida/Leite,Walter - Storiza Corpus Spring 2025/Storiza_Participant_Recording_05-30-25/annotated_sentence_segments/uid_1w0NU0CL8KMbltxDo7mrkTKhgpD2_sid_WVnogOLLKWsUpfSCUTYy_1742504172_195798815_sentence_segment.wav",He bwɔt with him some of the gawden ɛkna flaʊz which he plænʔɪd around his home,"He brought with him some of the garden's enchanting flowers, which he planted around his home."
"/Users/liu.ying/University of Florida/Leite,Walter - Storiza Corpus Spring 2025/Storiza_Participant_Recording_05-30-25/annotated_sentence_segments/uid_1w0NU0CL8KMbltxDo7mrkTKhgpD2_sid_WVnogOLLKWsUpfSCUTYy_1742504172_195798816_sentence_segment.wav",From the day that ʃæmwɑk Valley was known for the beautiful blossoms the and Finnegan was celebwating as the leperchauns who faʊn the greatest treasure of all,"From that day on, Shamrock Valley was known for its beautiful blossoms, and Finnegan was celebrated as the leprechaun who found the greatest treasure of all."
"/Users/liu.ying/University of Florida/Leite,Walter - Storiza Corpus Spring 2025/Storiza_Participant_Recording_05-30-25/annotated_sentence_segments/uid_1w0NU0CL8KMbltxDo7mrkTKhgpD2_sid_WVnogOLLKWsUpfSCUTYy_1742504172_195798817_sentence_segment.wav",And so Finnegan learned s|th.that sʌmtaɪm the moʊsv valuable treasure ɑw not what we ɛkspɛk but the wonduh we faɪn ə.əlɔŋ the way,"And so, Finnegan learned that sometimes the most valuable treasures are not what we expect, but the wonders we find along the way."
"/Users/liu.ying/University of Florida/Leite,Walter - Storiza Corpus Spring 2025/Storiza_Participant_Recording_05-30-25/annotated_sentence_segments/uid_b7tT96cSBaaiNnMJ2KcuOQPRkO83_sid_f7KR0agQx5Xn9Hgin229_1741215227_195798818_sentence_segment.wav",In a small green forest there lived a clever fox named Max,"In a small green forest, there lived a clever fox named Max."
"/Users/liu.ying/University of Florida/Leite,Walter - Storiza Corpus Spring 2025/Storiza_Participant_Recording_05-30-25/annotated_sentence_segments/uid_b7tT96cSBaaiNnMJ2KcuOQPRkO83_sid_f7KR0agQx5Xn9Hgin229_1741215227_195798819_sentence_segment.wav",Max loved roaming around searching for fun,"Max loved roaming around, searching for fun."
"/Users/liu.ying/University of Florida/Leite,Walter - Storiza Corpus Spring 2025/Storiza_Participant_Recording_05-30-25/annotated_sentence_segments/uid_b7tT96cSBaaiNnMJ2KcuOQPRkO83_sid_f7KR0agQx5Xn9Hgin229_1741215227_195798820_sentence_segment.wav",One sunny day Max found a small shiny box under a big old oak tree,"One sunny day, Max found a small, shiny box under a big, old oak tree."
"/Users/liu.ying/University of Florida/Leite,Walter - Storiza Corpus Spring 2025/Storiza_Participant_Recording_05-30-25/annotated_sentence_segments/uid_b7tT96cSBaaiNnMJ2KcuOQPRkO83_sid_f7KR0agQx5Xn9Hgin229_1741215227_195798821_sentence_segment.wav",He was curious so he s:nɪf:d and tapped on tapped the lid,"He was curious, so he sniffed and tapped the lid."
"/Users/liu.ying/University of Florida/Leite,Walter - Storiza Corpus Spring 2025/Storiza_Participant_Recording_05-30-25/annotated_sentence_segments/uid_b7tT96cSBaaiNnMJ2KcuOQPRkO83_sid_f7KR0agQx5Xn9Hgin229_1741215227_195798822_sentence_segment.wav",wɪf a flip to open to reveal a ring with ʔeɪ bright blue gem,"With a flip, it opened to reveal a ring with a bright blue gem."
"/Users/liu.ying/University of Florida/Leite,Walter - Storiza Corpus Spring 2025/Storiza_Participant_Recording_05-30-25/annotated_sentence_segments/uid_b7tT96cSBaaiNnMJ2KcuOQPRkO83_sid_f7KR0agQx5Xn9Hgin229_1741215227_195798823_sentence_segment.wav",Max fought it was a gift from a fɹɛn|li bird,Max thought it was a gift from a friendly bird!
"/Users/liu.ying/University of Florida/Leite,Walter - Storiza Corpus Spring 2025/Storiza_Participant_Recording_05-30-25/annotated_sentence_segments/uid_b7tT96cSBaaiNnMJ2KcuOQPRkO83_sid_f7KR0agQx5Xn9Hgin229_1741215227_195798824_sentence_segment.wav",As Max admire the ring a happy robin flew by,"As Max admired the ring, a happy robin flew by."
"/Users/liu.ying/University of Florida/Leite,Walter - Storiza Corpus Spring 2025/Storiza_Participant_Recording_05-30-25/annotated_sentence_segments/uid_b7tT96cSBaaiNnMJ2KcuOQPRkO83_sid_f7KR0agQx5Xn9Hgin229_1741215227_195798825_sentence_segment.wav",Thank you Max chirped the robin,"""Thank you, Max!"" chirped the robin."
"/Users/liu.ying/University of Florida/Leite,Walter - Storiza Corpus Spring 2025/Storiza_Participant_Recording_05-30-25/annotated_sentence_segments/uid_b7tT96cSBaaiNnMJ2KcuOQPRkO83_sid_f7KR0agQx5Xn9Hgin229_1741215227_195798826_sentence_segment.wav",Max smile knowing he had made a new friend,"Max smiled, knowing he had made a new friend."
"/Users/liu.ying/University of Florida/Leite,Walter - Storiza Corpus Spring 2025/Storiza_Participant_Recording_05-30-25/annotated_sentence_segments/uid_b7tT96cSBaaiNnMJ2KcuOQPRkO83_sid_f7KR0agQx5Xn9Hgin229_1741215227_195798827_sentence_segment.wav",From then on Max and the ɹɑpɪn played together every day,"From then on, Max and the robin played together every day."
"/Users/liu.ying/University of Florida/Leite,Walter - Storiza Corpus Spring 2025/Storiza_Participant_Recording_05-30-25/annotated_sentence_segments/uid_CjlD9aGvoSfMhsnUwRIQlMr4IFp1_sid_fPKMdj4jr6BedPXQV3mV_1742180701_195798828_sentence_segment.wav",Six red foxes saw ten big frogs in a hot pot,Six red foxes saw ten big frogs in a hot pot.
"/Users/liu.ying/University of Florida/Leite,Walter - Storiza Corpus Spring 2025/Storiza_Participant_Recording_05-30-25/annotated_sentence_segments/uid_CjlD9aGvoSfMhsnUwRIQlMr4IFp1_sid_fPKMdj4jr6BedPXQV3mV_1742180701_195798829_sentence_segment.wav",The frogs had a had to hop out or they got wet,"The frogs had to hop out, or they got wet."
"/Users/liu.ying/University of Florida/Leite,Walter - Storiza Corpus Spring 2025/Storiza_Participant_Recording_05-30-25/annotated_sentence_segments/uid_CjlD9aGvoSfMhsnUwRIQlMr4IFp1_sid_fPKMdj4jr6BedPXQV3mV_1742180701_195798830_sentence_segment.wav",Sam the frog did not s:tɑp to hop,Sam the frog did not stop to hop.
"/Users/liu.ying/University of Florida/Leite,Walter - Storiza Corpus Spring 2025/Storiza_Participant_Recording_05-30-25/annotated_sentence_segments/uid_CjlD9aGvoSfMhsnUwRIQlMr4IFp1_sid_fPKMdj4jr6BedPXQV3mV_1742180701_195798831_sentence_segment.wav",pæ:m got mad but Dan the frog did get wet,"Pam got mad, but Dan the frog did get wet."
"/Users/liu.ying/University of Florida/Leite,Walter - Storiza Corpus Spring 2025/Storiza_Participant_Recording_05-30-25/annotated_sentence_segments/uid_CjlD9aGvoSfMhsnUwRIQlMr4IFp1_sid_fPKMdj4jr6BedPXQV3mV_1742180701_195798832_sentence_segment.wav",Dan and Pam sat on a log to h:ʌɡ,Dan and Pam sat on a log to hug.
"/Users/liu.ying/University of Florida/Leite,Walter - Storiza Corpus Spring 2025/Storiza_Participant_Recording_05-30-25/annotated_sentence_segments/uid_CjlD9aGvoSfMhsnUwRIQlMr4IFp1_sid_fPKMdj4jr6BedPXQV3mV_1742180701_195798833_sentence_segment.wav",A kid pig came by and said Join me to jog in the sun,"A kind pig came by and said, ""Join me to jog in the sun!"""
"/Users/liu.ying/University of Florida/Leite,Walter - Storiza Corpus Spring 2025/Storiza_Participant_Recording_05-30-25/annotated_sentence_segments/uid_CjlD9aGvoSfMhsnUwRIQlMr4IFp1_sid_fPKMdj4jr6BedPXQV3mV_1742180701_195798834_sentence_segment.wav",They felt glad and ran with the pig,They felt glad and ran with the pig.
"/Users/liu.ying/University of Florida/Leite,Walter - Storiza Corpus Spring 2025/Storiza_Participant_Recording_05-30-25/annotated_sentence_segments/uid_tHP0GvI5hccNGBzYfgE2pkEHXiW2_sid_ifxAtA0WEnr7FI7ORW0r_1743456867_195798835_sentence_segment.wav",Gus runs fast with the ball,Gus runs fast with the ball.
"/Users/liu.ying/University of Florida/Leite,Walter - Storiza Corpus Spring 2025/Storiza_Participant_Recording_05-30-25/annotated_sentence_segments/uid_tHP0GvI5hccNGBzYfgE2pkEHXiW2_sid_ifxAtA0WEnr7FI7ORW0r_1743456867_195798836_sentence_segment.wav",He jumps up and kicks it,He jumps up and kicks.
"/Users/liu.ying/University of Florida/Leite,Walter - Storiza Corpus Spring 2025/Storiza_Participant_Recording_05-30-25/annotated_sentence_segments/uid_tHP0GvI5hccNGBzYfgE2pkEHXiW2_sid_ifxAtA0WEnr7FI7ORW0r_1743456867_195798837_sentence_segment.wav",The ball zooms in the air,The ball zooms in the air.
"/Users/liu.ying/University of Florida/Leite,Walter - Storiza Corpus Spring 2025/Storiza_Participant_Recording_05-30-25/annotated_sentence_segments/uid_tHP0GvI5hccNGBzYfgE2pkEHXiW2_sid_ifxAtA0WEnr7FI7ORW0r_1743456867_195798838_sentence_segment.wav",Gus s:kɔɹz a goal,Gus scores a goal!
"/Users/liu.ying/University of Florida/Leite,Walter - Storiza Corpus Spring 2025/Storiza_Participant_Recording_05-30-25/annotated_sentence_segments/uid_tHP0GvI5hccNGBzYfgE2pkEHXiW2_sid_ifxAtA0WEnr7FI7ORW0r_1743456867_195798839_sentence_segment.wav",Fun and cheers fill ð.ðə par,Fun and cheer fill the park.
"/Users/liu.ying/University of Florida/Leite,Walter - Storiza Corpus Spring 2025/Storiza_Participant_Recording_05-30-25/annotated_sentence_segments/uid_tHP0GvI5hccNGBzYfgE2pkEHXiW2_sid_ifxAtA0WEnr7FI7ORW0r_1743456867_195798840_sentence_segment.wav",Gus hugged his dad,Gus hugs his dad.
"/Users/liu.ying/University of Florida/Leite,Walter - Storiza Corpus Spring 2025/Storiza_Participant_Recording_05-30-25/annotated_sentence_segments/uid_tHP0GvI5hccNGBzYfgE2pkEHXiW2_sid_ifxAtA0WEnr7FI7ORW0r_1743456867_195798841_sentence_segment.wav",f|oo|t fʊt|bɔl joy is in the air,Football joy is in the air!
"/Users/liu.ying/University of Florida/Leite,Walter - Storiza Corpus Spring 2025/Storiza_Participant_Recording_05-30-25/annotated_sentence_segments/uid_H7rAk5StNLc0VysmHcZQZTQFpBx2_sid_1BvqAU3Y1VCwhTpvVr78_1741207795_195798842_sentence_segment.wav",Once upon time three friends name Jake Blake and Kate lived in a small town called Lakeville,"Once upon a time, three friends named Jake, Blake, and Kate lived in a small town called Lakeville."
"/Users/liu.ying/University of Florida/Leite,Walter - Storiza Corpus Spring 2025/Storiza_Participant_Recording_05-30-25/annotated_sentence_segments/uid_H7rAk5StNLc0VysmHcZQZTQFpBx2_sid_1BvqAU3Y1VCwhTpvVr78_1741207795_195798843_sentence_segment.wav",Every morning they met by thelay the big oak tree to play games and share snacks,"Every morning, they met by the big oak tree to play games and share snacks."
"/Users/liu.ying/University of Florida/Leite,Walter - Storiza Corpus Spring 2025/Storiza_Participant_Recording_05-30-25/annotated_sentence_segments/uid_H7rAk5StNLc0VysmHcZQZTQFpBx2_sid_1BvqAU3Y1VCwhTpvVr78_1741207795_195798844_sentence_segment.wav",One sunny day Jake brought his new kite,"One sunny day, Jake brought his new kite."
"/Users/liu.ying/University of Florida/Leite,Walter - Storiza Corpus Spring 2025/Storiza_Participant_Recording_05-30-25/annotated_sentence_segments/uid_H7rAk5StNLc0VysmHcZQZTQFpBx2_sid_1BvqAU3Y1VCwhTpvVr78_1741207795_195798845_sentence_segment.wav",Look at my kite Jake ɝ Look at my kite shake in the breeze he exclaimed,"""Look at my kite shake in the breeze!"" he exclaimed."
"/Users/liu.ying/University of Florida/Leite,Walter - Storiza Corpus Spring 2025/Storiza_Participant_Recording_05-30-25/annotated_sentence_segments/uid_H7rAk5StNLc0VysmHcZQZTQFpBx2_sid_1BvqAU3Y1VCwhTpvVr78_1741207795_195798846_sentence_segment.wav",Blake and Kate were amazed,Blake and Kate were amazed.
"/Users/liu.ying/University of Florida/Leite,Walter - Storiza Corpus Spring 2025/Storiza_Participant_Recording_05-30-25/annotated_sentence_segments/uid_H7rAk5StNLc0VysmHcZQZTQFpBx2_sid_1BvqAU3Y1VCwhTpvVr78_1741207795_195798847_sentence_segment.wav",Can we try flying it they asked,"""Can we try flying it?"" they asked."
"/Users/liu.ying/University of Florida/Leite,Walter - Storiza Corpus Spring 2025/Storiza_Participant_Recording_05-30-25/annotated_sentence_segments/uid_H7rAk5StNLc0VysmHcZQZTQFpBx2_sid_1BvqAU3Y1VCwhTpvVr78_1741207795_195798848_sentence_segment.wav",dʒeɪ agreed happily,Jake agreed happily.
"/Users/liu.ying/University of Florida/Leite,Walter - Storiza Corpus Spring 2025/Storiza_Participant_Recording_05-30-25/annotated_sentence_segments/uid_H7rAk5StNLc0VysmHcZQZTQFpBx2_sid_1BvqAU3Y1VCwhTpvVr78_1741207795_195798849_sentence_segment.wav",Blake took the string first,Blake took the string first.
"/Users/liu.ying/University of Florida/Leite,Walter - Storiza Corpus Spring 2025/Storiza_Participant_Recording_05-30-25/annotated_sentence_segments/uid_H7rAk5StNLc0VysmHcZQZTQFpBx2_sid_1BvqAU3Y1VCwhTpvVr78_1741207795_195798850_sentence_segment.wav",As the kite soared up high Blake stepped on a rake by mistake,"As the kite soared up high, Blake stepped on a rake by mistake."
"/Users/liu.ying/University of Florida/Leite,Walter - Storiza Corpus Spring 2025/Storiza_Participant_Recording_05-30-25/annotated_sentence_segments/uid_H7rAk5StNLc0VysmHcZQZTQFpBx2_sid_1BvqAU3Y1VCwhTpvVr78_1741207795_195798851_sentence_segment.wav",Yikes he shouted jum jumping back,"""Yikes!"" he shouted, jumping back."
"/Users/liu.ying/University of Florida/Leite,Walter - Storiza Corpus Spring 2025/Storiza_Participant_Recording_05-30-25/annotated_sentence_segments/uid_H7rAk5StNLc0VysmHcZQZTQFpBx2_sid_1BvqAU3Y1VCwhTpvVr78_1741207795_195798852_sentence_segment.wav",Kate giggled as he took her turn,Kate giggled as she took her turn.
"/Users/liu.ying/University of Florida/Leite,Walter - Storiza Corpus Spring 2025/Storiza_Participant_Recording_05-30-25/annotated_sentence_segments/uid_H7rAk5StNLc0VysmHcZQZTQFpBx2_sid_1BvqAU3Y1VCwhTpvVr78_1741207795_195798853_sentence_segment.wav",I'll make sure to avoid the ray she said with smile,"""I'll make sure to avoid the rake!"" she said with a smile."
"/Users/liu.ying/University of Florida/Leite,Walter - Storiza Corpus Spring 2025/Storiza_Participant_Recording_05-30-25/annotated_sentence_segments/uid_H7rAk5StNLc0VysmHcZQZTQFpBx2_sid_1BvqAU3Y1VCwhTpvVr78_1741207795_195798854_sentence_segment.wav",The kite danced gracefully in the sky and Kate felt felt ger felt a great sense of pride,"The kite danced gracefully in the sky, and Kate felt a great sense of pride."
"/Users/liu.ying/University of Florida/Leite,Walter - Storiza Corpus Spring 2025/Storiza_Participant_Recording_05-30-25/annotated_sentence_segments/uid_H7rAk5StNLc0VysmHcZQZTQFpBx2_sid_1BvqAU3Y1VCwhTpvVr78_1741207795_195798855_sentence_segment.wav",Suddenly a light rain ɡæn to fall,"Suddenly, a light rain began to fall."
"/Users/liu.ying/University of Florida/Leite,Walter - Storiza Corpus Spring 2025/Storiza_Participant_Recording_05-30-25/annotated_sentence_segments/uid_H7rAk5StNLc0VysmHcZQZTQFpBx2_sid_1BvqAU3Y1VCwhTpvVr78_1741207795_195798856_sentence_segment.wav",Quick we need to find a place where the farmer kept ɚ to stay dry Jake shouted,"""Quick, we need to find a place to stay dry!"" Jake shouted."
"/Users/liu.ying/University of Florida/Leite,Walter - Storiza Corpus Spring 2025/Storiza_Participant_Recording_05-30-25/annotated_sentence_segments/uid_H7rAk5StNLc0VysmHcZQZTQFpBx2_sid_1BvqAU3Y1VCwhTpvVr78_1741207795_195798857_sentence_segment.wav",The three friends ran to the nearby barn where the farmer kept grain in a big safe crate,"The three friends ran to the nearby barn, where the farmer kept grain in a big, safe crate."
"/Users/liu.ying/University of Florida/Leite,Walter - Storiza Corpus Spring 2025/Storiza_Participant_Recording_05-30-25/annotated_sentence_segments/uid_H7rAk5StNLc0VysmHcZQZTQFpBx2_sid_1BvqAU3Y1VCwhTpvVr78_1741207795_195798858_sentence_segment.wav",Phew We're safe in here said Blake shaking off the raindrops,"""Phew! We're safe here!"" said Blake, shaking off the raindrops."
"/Users/liu.ying/University of Florida/Leite,Walter - Storiza Corpus Spring 2025/Storiza_Participant_Recording_05-30-25/annotated_sentence_segments/uid_H7rAk5StNLc0VysmHcZQZTQFpBx2_sid_1BvqAU3Y1VCwhTpvVr78_1741207795_195798859_sentence_segment.wav",They mʌ They munched on the some cake Jake's mom had packed while they waited for the rain to stop,They munched on some cake Jake's mom had packed while they waited for the rain to stop.
"/Users/liu.ying/University of Florida/Leite,Walter - Storiza Corpus Spring 2025/Storiza_Participant_Recording_05-30-25/annotated_sentence_segments/uid_H7rAk5StNLc0VysmHcZQZTQFpBx2_sid_1BvqAU3Y1VCwhTpvVr78_1741207795_195798860_sentence_segment.wav",As the klaʊz cleared a beautiful rainbow peer in the sky,"As the clouds cleared, a beautiful rainbow appeared in the sky."
"/Users/liu.ying/University of Florida/Leite,Walter - Storiza Corpus Spring 2025/Storiza_Participant_Recording_05-30-25/annotated_sentence_segments/uid_H7rAk5StNLc0VysmHcZQZTQFpBx2_sid_1BvqAU3Y1VCwhTpvVr78_1741207795_195798861_sentence_segment.wav",Look at those colors Kate said with delight,"""Look at those colors!"" Kate said with delight."
"/Users/liu.ying/University of Florida/Leite,Walter - Storiza Corpus Spring 2025/Storiza_Participant_Recording_05-30-25/annotated_sentence_segments/uid_H7rAk5StNLc0VysmHcZQZTQFpBx2_sid_1BvqAU3Y1VCwhTpvVr78_1741207795_195798862_sentence_segment.wav",The friends decided to follow the ɹ.ɹeɪmboʊ hoping to find the end,"The friends decided to follow the rainbow, hoping to find an end."
"/Users/liu.ying/University of Florida/Leite,Walter - Storiza Corpus Spring 2025/Storiza_Participant_Recording_05-30-25/annotated_sentence_segments/uid_H7rAk5StNLc0VysmHcZQZTQFpBx2_sid_1BvqAU3Y1VCwhTpvVr78_1741207795_195798863_sentence_segment.wav",With each step they felt a thrill of the of the magical chase,"With each step, they felt the thrill of the magical chase."
"/Users/liu.ying/University of Florida/Leite,Walter - Storiza Corpus Spring 2025/Storiza_Participant_Recording_05-30-25/annotated_sentence_segments/uid_H7rAk5StNLc0VysmHcZQZTQFpBx2_sid_1BvqAU3Y1VCwhTpvVr78_1741207795_195798864_sentence_segment.wav",In the end they reached a field filled with daisies,"In the end, they reached a field filled with daisies."
"/Users/liu.ying/University of Florida/Leite,Walter - Storiza Corpus Spring 2025/Storiza_Participant_Recording_05-30-25/annotated_sentence_segments/uid_H7rAk5StNLc0VysmHcZQZTQFpBx2_sid_1BvqAU3Y1VCwhTpvVr78_1741207795_195798865_sentence_segment.wav",through the rainbow had faded they felt happy and fulfilled unknown their friendship created memories brighter than any rainbow,"Though the rainbow had faded, they felt happy and fulfilled, knowing their friendship created memories brighter than any rainbow."
"/Users/liu.ying/University of Florida/Leite,Walter - Storiza Corpus Spring 2025/Storiza_Participant_Recording_05-30-25/annotated_sentence_segments/uid_H7rAk5StNLc0VysmHcZQZTQFpBx2_sid_1BvqAU3Y1VCwhTpvVr78_1741207795_195798866_sentence_segment.wav",Smiling they made their way back to Lakeville their hearts light and spirits full of ,"Smiling, they made their way back to Lakeville, their hearts light and spirits full of joy."
"/Users/liu.ying/University of Florida/Leite,Walter - Storiza Corpus Spring 2025/Storiza_Participant_Recording_05-30-25/annotated_sentence_segments/uid_WXRuAJyMuAViHCpYPRVffOrexB03_sid_Ttc81IXIedFGPCeX9A2y_1741217243_195798867_sentence_segment.wav",Pam the panda sat sat on a mat,Pam the panda sat on a mat.
"/Users/liu.ying/University of Florida/Leite,Walter - Storiza Corpus Spring 2025/Storiza_Participant_Recording_05-30-25/annotated_sentence_segments/uid_WXRuAJyMuAViHCpYPRVffOrexB03_sid_Ttc81IXIedFGPCeX9A2y_1741217243_195798868_sentence_segment.wav",sh:ea had a lat flat hat,She had a flat hat.
"/Users/liu.ying/University of Florida/Leite,Walter - Storiza Corpus Spring 2025/Storiza_Participant_Recording_05-30-25/annotated_sentence_segments/uid_WXRuAJyMuAViHCpYPRVffOrexB03_sid_Ttc81IXIedFGPCeX9A2y_1741217243_195798869_sentence_segment.wav",she s:ɔ:l Pam s:ɔ: e:ɪ tan fan,Pam saw a tan fan.
"/Users/liu.ying/University of Florida/Leite,Walter - Storiza Corpus Spring 2025/Storiza_Participant_Recording_05-30-25/annotated_sentence_segments/uid_WXRuAJyMuAViHCpYPRVffOrexB03_sid_Ttc81IXIedFGPCeX9A2y_1741217243_195798870_sentence_segment.wav",Can I have that fan Pam asked Pam,"""Can I have that fan?"" asked Pam."
"/Users/liu.ying/University of Florida/Leite,Walter - Storiza Corpus Spring 2025/Storiza_Participant_Recording_05-30-25/annotated_sentence_segments/uid_WXRuAJyMuAViHCpYPRVffOrexB03_sid_Ttc81IXIedFGPCeX9A2y_1741217243_195798871_sentence_segment.wav",The man on the van sɛdə Yes you can,"The man on the van said, ""Yes, you can!"""
"/Users/liu.ying/University of Florida/Leite,Walter - Storiza Corpus Spring 2025/Storiza_Participant_Recording_05-30-25/annotated_sentence_segments/uid_WXRuAJyMuAViHCpYPRVffOrexB03_sid_Ttc81IXIedFGPCeX9A2y_1741217243_195798872_sentence_segment.wav",keh Pam wʌ:z ɡlæ:d,Pam was glad.
"/Users/liu.ying/University of Florida/Leite,Walter - Storiza Corpus Spring 2025/Storiza_Participant_Recording_05-30-25/annotated_sentence_segments/uid_WXRuAJyMuAViHCpYPRVffOrexB03_sid_Ttc81IXIedFGPCeX9A2y_1741217243_195798873_sentence_segment.wav",ʃ:i sat back on hɝ: mat w:a with hɝ: flat hæ.hæt and ðʌ: tan fan in hand,"She sat back on her mat, with her flat hat and the tan fan in hand."
"/Users/liu.ying/University of Florida/Leite,Walter - Storiza Corpus Spring 2025/Storiza_Participant_Recording_05-30-25/annotated_sentence_segments/uid_WXRuAJyMuAViHCpYPRVffOrexB03_sid_Ttc81IXIedFGPCeX9A2y_1741217243_195798874_sentence_segment.wav",Pam napped with the fan,Pam napped with the fan.
"/Users/liu.ying/University of Florida/Leite,Walter - Storiza Corpus Spring 2025/Storiza_Participant_Recording_05-30-25/annotated_sentence_segments/uid_tHP0GvI5hccNGBzYfgE2pkEHXiW2_sid_fekXGLlqzU2WnyoByMnJ_1743542906_195798875_sentence_segment.wav",Pam has a bɪɡə ɹɛdə cap,Pam has a big red cap.
"/Users/liu.ying/University of Florida/Leite,Walter - Storiza Corpus Spring 2025/Storiza_Participant_Recording_05-30-25/annotated_sentence_segments/uid_tHP0GvI5hccNGBzYfgE2pkEHXiW2_sid_fekXGLlqzU2WnyoByMnJ_1743542906_195798876_sentence_segment.wav",Max has a big a red bag,Max has a red bag.
"/Users/liu.ying/University of Florida/Leite,Walter - Storiza Corpus Spring 2025/Storiza_Participant_Recording_05-30-25/annotated_sentence_segments/uid_tHP0GvI5hccNGBzYfgE2pkEHXiW2_sid_fekXGLlqzU2WnyoByMnJ_1743542906_195798877_sentence_segment.wav",Pam and mat sit on a ma the mat,Pam and Max sit on the mat.
"/Users/liu.ying/University of Florida/Leite,Walter - Storiza Corpus Spring 2025/Storiza_Participant_Recording_05-30-25/annotated_sentence_segments/uid_tHP0GvI5hccNGBzYfgE2pkEHXiW2_sid_fekXGLlqzU2WnyoByMnJ_1743542906_195798878_sentence_segment.wav",They c:|a: tʃ|æ:|t chat and pat the bag,They chat and pat the bag.
"/Users/liu.ying/University of Florida/Leite,Walter - Storiza Corpus Spring 2025/Storiza_Participant_Recording_05-30-25/annotated_sentence_segments/uid_tHP0GvI5hccNGBzYfgE2pkEHXiW2_sid_fekXGLlqzU2WnyoByMnJ_1743542906_195798879_sentence_segment.wav",A cat naps in the bag,A cat naps in the bag.
"/Users/liu.ying/University of Florida/Leite,Walter - Storiza Corpus Spring 2025/Storiza_Participant_Recording_05-30-25/annotated_sentence_segments/uid_tHP0GvI5hccNGBzYfgE2pkEHXiW2_sid_fekXGLlqzU2WnyoByMnJ_1743542906_195798880_sentence_segment.wav",pæ:m a t|æ|p|s taps the bag and the cat b|æ|t|s bæ:ts a.uh at the k|æ|p the cap,"Pam taps the bag, and the cat bats at the cap."
"/Users/liu.ying/University of Florida/Leite,Walter - Storiza Corpus Spring 2025/Storiza_Participant_Recording_05-30-25/annotated_sentence_segments/uid_tHP0GvI5hccNGBzYfgE2pkEHXiW2_sid_fekXGLlqzU2WnyoByMnJ_1743542906_195798881_sentence_segment.wav",Pam and math clap,Pam and Max clap.
"/Users/liu.ying/University of Florida/Leite,Walter - Storiza Corpus Spring 2025/Storiza_Participant_Recording_05-30-25/annotated_sentence_segments/uid_tHP0GvI5hccNGBzYfgE2pkEHXiW2_sid_fekXGLlqzU2WnyoByMnJ_1743542906_195798882_sentence_segment.wav",What What a fun deɪw with ðʌ: cap eh  cap bag and the cat,"What a fun day with the cap, bag, and the cat!"
"/Users/liu.ying/University of Florida/Leite,Walter - Storiza Corpus Spring 2025/Storiza_Participant_Recording_05-30-25/annotated_sentence_segments/uid_tHP0GvI5hccNGBzYfgE2pkEHXiW2_sid_OXmhZeGNuXUOY3qvMpeu_1743378291_195798883_sentence_segment.wav",Jake Jake the dinosaur made a cake,Jake the dinosaur made a cake.
"/Users/liu.ying/University of Florida/Leite,Walter - Storiza Corpus Spring 2025/Storiza_Participant_Recording_05-30-25/annotated_sentence_segments/uid_tHP0GvI5hccNGBzYfgE2pkEHXiW2_sid_OXmhZeGNuXUOY3qvMpeu_1743378291_195798884_sentence_segment.wav",It was huge,It was huge!
"/Users/liu.ying/University of Florida/Leite,Walter - Storiza Corpus Spring 2025/Storiza_Participant_Recording_05-30-25/annotated_sentence_segments/uid_tHP0GvI5hccNGBzYfgE2pkEHXiW2_sid_OXmhZeGNuXUOY3qvMpeu_1743378291_195798885_sentence_segment.wav",He placed it on a plate,He placed it on a plate.
"/Users/liu.ying/University of Florida/Leite,Walter - Storiza Corpus Spring 2025/Storiza_Participant_Recording_05-30-25/annotated_sentence_segments/uid_tHP0GvI5hccNGBzYfgE2pkEHXiW2_sid_OXmhZeGNuXUOY3qvMpeu_1743378291_195798886_sentence_segment.wav",His friend Nate the dinosaur came to his house,"His friend, Nate the dinosaur, came to his home."
"/Users/liu.ying/University of Florida/Leite,Walter - Storiza Corpus Spring 2025/Storiza_Participant_Recording_05-30-25/annotated_sentence_segments/uid_tHP0GvI5hccNGBzYfgE2pkEHXiW2_sid_OXmhZeGNuXUOY3qvMpeu_1743378291_195798887_sentence_segment.wav",They ate the cake until it was gah all gone,They ate the cake until it was all gone.
"/Users/liu.ying/University of Florida/Leite,Walter - Storiza Corpus Spring 2025/Storiza_Participant_Recording_05-30-25/annotated_sentence_segments/uid_tHP0GvI5hccNGBzYfgE2pkEHXiW2_sid_OXmhZeGNuXUOY3qvMpeu_1743378291_195798888_sentence_segment.wav",They were happy they played games it in Jake's cave,They were happy and played games in Jake's cave.
"/Users/liu.ying/University of Florida/Leite,Walter - Storiza Corpus Spring 2025/Storiza_Participant_Recording_05-30-25/annotated_sentence_segments/uid_tHP0GvI5hccNGBzYfgE2pkEHXiW2_sid_OXmhZeGNuXUOY3qvMpeu_1743378291_195798889_sentence_segment.wav",What a great day it was,What a great day it was!
"/Users/liu.ying/University of Florida/Leite,Walter - Storiza Corpus Spring 2025/Storiza_Participant_Recording_05-30-25/annotated_sentence_segments/uid_EfKQNmht2ebtDnNadrezErlhcDF3_sid_DHkzC6iHwVqz1EYkGumN_1743544680_195798890_sentence_segment.wav",On April Fool's Day Lucky planned a fun prank,"On April Fool's Day, Lucy planned a fun prank."
"/Users/liu.ying/University of Florida/Leite,Walter - Storiza Corpus Spring 2025/Storiza_Participant_Recording_05-30-25/annotated_sentence_segments/uid_EfKQNmht2ebtDnNadrezErlhcDF3_sid_DHkzC6iHwVqz1EYkGumN_1743544680_195798891_sentence_segment.wav",She took a tape and pasted a f:eɪk bug on the wall,She took a tape and pasted a fake bug on the wall.
"/Users/liu.ying/University of Florida/Leite,Walter - Storiza Corpus Spring 2025/Storiza_Participant_Recording_05-30-25/annotated_sentence_segments/uid_EfKQNmht2ebtDnNadrezErlhcDF3_sid_DHkzC6iHwVqz1EYkGumN_1743544680_195798892_sentence_segment.wav",Her fren: Jake saw it and shouted Oh no,"Her friend Jake saw it and shouted, ""Oh no!"""
"/Users/liu.ying/University of Florida/Leite,Walter - Storiza Corpus Spring 2025/Storiza_Participant_Recording_05-30-25/annotated_sentence_segments/uid_EfKQNmht2ebtDnNadrezErlhcDF3_sid_DHkzC6iHwVqz1EYkGumN_1743544680_195798893_sentence_segment.wav",Lucky giggled and said April Fool's,"Lucy giggled and said, ""April Fool's!"""
"/Users/liu.ying/University of Florida/Leite,Walter - Storiza Corpus Spring 2025/Storiza_Participant_Recording_05-30-25/annotated_sentence_segments/uid_EfKQNmht2ebtDnNadrezErlhcDF3_sid_DHkzC6iHwVqz1EYkGumN_1743544680_195798894_sentence_segment.wav",Then Jake had an idea,"Then, Jake had an idea."
"/Users/liu.ying/University of Florida/Leite,Walter - Storiza Corpus Spring 2025/Storiza_Participant_Recording_05-30-25/annotated_sentence_segments/uid_EfKQNmht2ebtDnNadrezErlhcDF3_sid_DHkzC6iHwVqz1EYkGumN_1743544680_195798895_sentence_segment.wav",He placed a toy sneɪ|k on a chair,He placed a toy snake on a chair.
"/Users/liu.ying/University of Florida/Leite,Walter - Storiza Corpus Spring 2025/Storiza_Participant_Recording_05-30-25/annotated_sentence_segments/uid_EfKQNmht2ebtDnNadrezErlhcDF3_sid_DHkzC6iHwVqz1EYkGumN_1743544680_195798896_sentence_segment.wav",When Lucky sat down she jumped up in surprise,"When Lucy sat down, she jumped up in surprise."
"/Users/liu.ying/University of Florida/Leite,Walter - Storiza Corpus Spring 2025/Storiza_Participant_Recording_05-30-25/annotated_sentence_segments/uid_EfKQNmht2ebtDnNadrezErlhcDF3_sid_DHkzC6iHwVqz1EYkGumN_1743544680_195798897_sentence_segment.wav",Got you back Jake laughed,"""Got you back!"" Jake laughed."
"/Users/liu.ying/University of Florida/Leite,Walter - Storiza Corpus Spring 2025/Storiza_Participant_Recording_05-30-25/annotated_sentence_segments/uid_EfKQNmht2ebtDnNadrezErlhcDF3_sid_DHkzC6iHwVqz1EYkGumN_1743544680_195798898_sentence_segment.wav",They both laughed all day,They both laughed all day.
"/Users/liu.ying/University of Florida/Leite,Walter - Storiza Corpus Spring 2025/Storiza_Participant_Recording_05-30-25/annotated_sentence_segments/uid_EfKQNmht2ebtDnNadrezErlhcDF3_sid_DHkzC6iHwVqz1EYkGumN_1743544680_195798899_sentence_segment.wav",As  sun set they promise to make more jokes next year,"As the sun set, they promised to make more jokes next year."
"/Users/liu.ying/University of Florida/Leite,Walter - Storiza Corpus Spring 2025/Storiza_Participant_Recording_05-30-25/annotated_sentence_segments/uid_EfKQNmht2ebtDnNadrezErlhcDF3_sid_DHkzC6iHwVqz1EYkGumN_1743544680_195798900_sentence_segment.wav",It was a day full of fun and laughter the s:ɪli tricks and giggles at every turn,"It was a day full of fun and laughter, with silly tricks and giggles at every turn."
"/Users/liu.ying/University of Florida/Leite,Walter - Storiza Corpus Spring 2025/Storiza_Participant_Recording_05-30-25/annotated_sentence_segments/uid_CanxAhhjiePs6niCtdVzPqVIzXt1_sid_3EY5UYLqcjiMWbMo794r_1742766112_195798901_sentence_segment.wav",Once pɔn a time in a land of blocks a boy name Tim loved to play maɪnkɹæf,"Once upon a time, in a land of blocks, a boy named Tim loved to play Minecraft."
"/Users/liu.ying/University of Florida/Leite,Walter - Storiza Corpus Spring 2025/Storiza_Participant_Recording_05-30-25/annotated_sentence_segments/uid_CanxAhhjiePs6niCtdVzPqVIzXt1_sid_3EY5UYLqcjiMWbMo794r_1742766112_195798902_sentence_segment.wav",He built a t|ɔl tower to see the world,He built a tall tower to see the world.
"/Users/liu.ying/University of Florida/Leite,Walter - Storiza Corpus Spring 2025/Storiza_Participant_Recording_05-30-25/annotated_sentence_segments/uid_CanxAhhjiePs6niCtdVzPqVIzXt1_sid_3EY5UYLqcjiMWbMo794r_1742766112_195798903_sentence_segment.wav",One sunny day while exploring Tim heard a hiss,"One sunny day, while exploring, Tim heard a hiss."
"/Users/liu.ying/University of Florida/Leite,Walter - Storiza Corpus Spring 2025/Storiza_Participant_Recording_05-30-25/annotated_sentence_segments/uid_CanxAhhjiePs6niCtdVzPqVIzXt1_sid_3EY5UYLqcjiMWbMo794r_1742766112_195798904_sentence_segment.wav",A creeper was near,A creeper was near!
"/Users/liu.ying/University of Florida/Leite,Walter - Storiza Corpus Spring 2025/Storiza_Participant_Recording_05-30-25/annotated_sentence_segments/uid_CanxAhhjiePs6niCtdVzPqVIzXt1_sid_3EY5UYLqcjiMWbMo794r_1742766112_195798905_sentence_segment.wav",Tim quickly dug a pit to tɹæ|p it,Tim quickly dug a pit to trap it.
"/Users/liu.ying/University of Florida/Leite,Walter - Storiza Corpus Spring 2025/Storiza_Participant_Recording_05-30-25/annotated_sentence_segments/uid_CanxAhhjiePs6niCtdVzPqVIzXt1_sid_3EY5UYLqcjiMWbMo794r_1742766112_195798906_sentence_segment.wav",With a s|wɪft swift swing of his sword h:i was safe again,"With a swift swing of his sword, he was safe again."
"/Users/liu.ying/University of Florida/Leite,Walter - Storiza Corpus Spring 2025/Storiza_Participant_Recording_05-30-25/annotated_sentence_segments/uid_CanxAhhjiePs6niCtdVzPqVIzXt1_sid_3EY5UYLqcjiMWbMo794r_1742766112_195798907_sentence_segment.wav",As night fell Tim crafted a cozy bɛ in|s: inside his taʊə,"As night fell, Tim crafted a cozy bed inside his tower."
"/Users/liu.ying/University of Florida/Leite,Walter - Storiza Corpus Spring 2025/Storiza_Participant_Recording_05-30-25/annotated_sentence_segments/uid_CanxAhhjiePs6niCtdVzPqVIzXt1_sid_3EY5UYLqcjiMWbMo794r_1742766112_195798908_sentence_segment.wav",He slept soundly dreaming of new adventures,"He slept soundly, dreaming of new adventures."
"/Users/liu.ying/University of Florida/Leite,Walter - Storiza Corpus Spring 2025/Storiza_Participant_Recording_05-30-25/annotated_sentence_segments/uid_CanxAhhjiePs6niCtdVzPqVIzXt1_sid_3EY5UYLqcjiMWbMo794r_1742766112_195798909_sentence_segment.wav",The next day with the sun shining bwaɪt Tim was ready for more fun in his maɪnkɹæf world,"The next day, with the sun shining bright, Tim was ready for more fun in his Minecraft world."
"/Users/liu.ying/University of Florida/Leite,Walter - Storiza Corpus Spring 2025/Storiza_Participant_Recording_05-30-25/annotated_sentence_segments/uid_mHWscHBXcoabM7fdw88AliGuPWw1_sid_5Qzz5HgfBlyv7s5pQMxl_1743034049_195798910_sentence_segment.wav",In a lus: ɡwin fɔwəst a kɔɹn named Mike stʊ:d s:tʊd tall and p|ɹaʊd,"In a lush, green forest, a unicorn named Mike stood tall and proud."
"/Users/liu.ying/University of Florida/Leite,Walter - Storiza Corpus Spring 2025/Storiza_Participant_Recording_05-30-25/annotated_sentence_segments/uid_mHWscHBXcoabM7fdw88AliGuPWw1_sid_5Qzz5HgfBlyv7s5pQMxl_1743034049_195798911_sentence_segment.wav",His mane smɚd like silver and his smile was waɪ and bwaɪt,"His mane shimmered like silver, and his smile was wide and bright."
"/Users/liu.ying/University of Florida/Leite,Walter - Storiza Corpus Spring 2025/Storiza_Participant_Recording_05-30-25/annotated_sentence_segments/uid_mHWscHBXcoabM7fdw88AliGuPWw1_sid_5Qzz5HgfBlyv7s5pQMxl_1743034049_195798912_sentence_segment.wav",Every d.deɪ Mike liked to explore the vast land amazing the sky blue blue hʌd and the sun's ,"Every day, Mike liked to explore the vast land, admiring the sky's blue hue and the sun's glow."
"/Users/liu.ying/University of Florida/Leite,Walter - Storiza Corpus Spring 2025/Storiza_Participant_Recording_05-30-25/annotated_sentence_segments/uid_mHWscHBXcoabM7fdw88AliGuPWw1_sid_5Qzz5HgfBlyv7s5pQMxl_1743034049_195798913_sentence_segment.wav",One s:ʌni day Mike found a hɪdɪŋ caif: filled with treasures and sparkling kwaʊn,"One sunny day, Mike found a hidden cave, filled with treasures and a sparkling crown."
"/Users/liu.ying/University of Florida/Leite,Walter - Storiza Corpus Spring 2025/Storiza_Participant_Recording_05-30-25/annotated_sentence_segments/uid_mHWscHBXcoabM7fdw88AliGuPWw1_sid_5Qzz5HgfBlyv7s5pQMxl_1743034049_195798914_sentence_segment.wav",He p|leɪst the kwaʊn on his head feeling guilt wanted wit waɪti a pahsin...ing to to practice the forest with care,"He placed the crown on his head, feeling its gentle weight and promising to protect the forest with care."
"/Users/liu.ying/University of Florida/Leite,Walter - Storiza Corpus Spring 2025/Storiza_Participant_Recording_05-30-25/annotated_sentence_segments/uid_mHWscHBXcoabM7fdw88AliGuPWw1_sid_5Qzz5HgfBlyv7s5pQMxl_1743034049_195798915_sentence_segment.wav",æθ the star shone əvʌv Mike remind houf remind home cus:tin and tired,"As the stars shone above, Mike returned home, content and tired."
"/Users/liu.ying/University of Florida/Leite,Walter - Storiza Corpus Spring 2025/Storiza_Participant_Recording_05-30-25/annotated_sentence_segments/uid_mHWscHBXcoabM7fdw88AliGuPWw1_sid_5Qzz5HgfBlyv7s5pQMxl_1743034049_195798916_sentence_segment.wav",The fowes: s:ang a s:.z.sto soft tune wɛlkəm:ɪŋ its  its bweɪv unicorn home,"The forest sang a soft tune, welcoming its brave unicorn home."
"/Users/liu.ying/University of Florida/Leite,Walter - Storiza Corpus Spring 2025/Storiza_Participant_Recording_05-30-25/annotated_sentence_segments/uid_THJAu4lbjHRa32ysgvSU3Etlb0d2_sid_db43viuwuV7v8UXvcdXG_1741218043_195798917_sentence_segment.wav",e:ɪ kæ:|t S|am s|a s|æt A kæ|t sæ|t,A cat sat.
"/Users/liu.ying/University of Florida/Leite,Walter - Storiza Corpus Spring 2025/Storiza_Participant_Recording_05-30-25/annotated_sentence_segments/uid_THJAu4lbjHRa32ysgvSU3Etlb0d2_sid_db43viuwuV7v8UXvcdXG_1741218043_195798918_sentence_segment.wav",A kæ|t is æ|t a m|æ|t mæ|t,A cat is at a mat.
"/Users/liu.ying/University of Florida/Leite,Walter - Storiza Corpus Spring 2025/Storiza_Participant_Recording_05-30-25/annotated_sentence_segments/uid_THJAu4lbjHRa32ysgvSU3Etlb0d2_sid_db43viuwuV7v8UXvcdXG_1741218043_195798919_sentence_segment.wav",The mæ|t is a:n ʌm e:ɪ p|ɪ|t pɪ|t,The mat is in a pit.
"/Users/liu.ying/University of Florida/Leite,Walter - Storiza Corpus Spring 2025/Storiza_Participant_Recording_05-30-25/annotated_sentence_segments/uid_THJAu4lbjHRa32ysgvSU3Etlb0d2_sid_db43viuwuV7v8UXvcdXG_1741218043_195798920_sentence_segment.wav",The cat s|æt sat in the m:at m|ih m: p|ɪ|t pit,The cat sat in the pit.
"/Users/liu.ying/University of Florida/Leite,Walter - Storiza Corpus Spring 2025/Storiza_Participant_Recording_05-30-25/annotated_sentence_segments/uid_THJAu4lbjHRa32ysgvSU3Etlb0d2_sid_db43viuwuV7v8UXvcdXG_1741218043_195798921_sentence_segment.wav",The cat l|ih|s|t l|ɪ|t lit the m:meh l|æ|m|p lamp,The cat lit the lamp.
"/Users/liu.ying/University of Florida/Leite,Walter - Storiza Corpus Spring 2025/Storiza_Participant_Recording_05-30-25/annotated_sentence_segments/uid_THJAu4lbjHRa32ysgvSU3Etlb0d2_sid_db43viuwuV7v8UXvcdXG_1741218043_195798922_sentence_segment.wav",The cat n|æ|p|s naps in the l|a|m|p lamp unintelligible  lamp's w|ih no w|ah A R in this word is or: w|ar.ar|m warm g|l an OW's (oh double u's) oh oh glow good job warm glow,The cat naps in the lamp's warm glow.
"/Users/liu.ying/University of Florida/Leite,Walter - Storiza Corpus Spring 2025/Storiza_Participant_Recording_05-30-25/annotated_sentence_segments/uid_b7tT96cSBaaiNnMJ2KcuOQPRkO83_sid_qI8dUME97DjQJdv58X28_1741299346_195798923_sentence_segment.wav",æk was excited to launch his bright rocket,Jack was excited to launch his bright rocket.
"/Users/liu.ying/University of Florida/Leite,Walter - Storiza Corpus Spring 2025/Storiza_Participant_Recording_05-30-25/annotated_sentence_segments/uid_b7tT96cSBaaiNnMJ2KcuOQPRkO83_sid_qI8dUME97DjQJdv58X28_1741299346_195798924_sentence_segment.wav",He packed a picnic wɪf a block of tʃi|z and a b.bɪɡ clock to keep track of time,He packed a picnic with a block of cheese and a big clock to keep track of time.
"/Users/liu.ying/University of Florida/Leite,Walter - Storiza Corpus Spring 2025/Storiza_Participant_Recording_05-30-25/annotated_sentence_segments/uid_b7tT96cSBaaiNnMJ2KcuOQPRkO83_sid_qI8dUME97DjQJdv58X28_1741299346_195798925_sentence_segment.wav",At the park he klɛkt the rocket button,"At the park, he clicked the rocket's button."
"/Users/liu.ying/University of Florida/Leite,Walter - Storiza Corpus Spring 2025/Storiza_Participant_Recording_05-30-25/annotated_sentence_segments/uid_b7tT96cSBaaiNnMJ2KcuOQPRkO83_sid_qI8dUME97DjQJdv58X28_1741299346_195798926_sentence_segment.wav",It zu:md up like a flock of bir:t dazzling in the kɹaʊ,"It zoomed up like a flock of birds, dazzling the crowd."
"/Users/liu.ying/University of Florida/Leite,Walter - Storiza Corpus Spring 2025/Storiza_Participant_Recording_05-30-25/annotated_sentence_segments/uid_b7tT96cSBaaiNnMJ2KcuOQPRkO83_sid_qI8dUME97DjQJdv58X28_1741299346_195798927_sentence_segment.wav",wɪf a loud shock it poppe|d open sending kʌɚfəl confetti everywhere,"With a loud shock, it popped open, sending colorful confetti everywhere."
"/Users/liu.ying/University of Florida/Leite,Walter - Storiza Corpus Spring 2025/Storiza_Participant_Recording_05-30-25/annotated_sentence_segments/uid_b7tT96cSBaaiNnMJ2KcuOQPRkO83_sid_qI8dUME97DjQJdv58X28_1741299346_195798928_sentence_segment.wav",Jack watched the rocket come back and læn on the grass,Jack watched the rocket come back and land on the grass.
"/Users/liu.ying/University of Florida/Leite,Walter - Storiza Corpus Spring 2025/Storiza_Participant_Recording_05-30-25/annotated_sentence_segments/uid_b7tT96cSBaaiNnMJ2KcuOQPRkO83_sid_qI8dUME97DjQJdv58X28_1741299346_195798929_sentence_segment.wav",ɛvɹwʌn clapped and cheer,Everyone clapped and cheered.
"/Users/liu.ying/University of Florida/Leite,Walter - Storiza Corpus Spring 2025/Storiza_Participant_Recording_05-30-25/annotated_sentence_segments/uid_b7tT96cSBaaiNnMJ2KcuOQPRkO83_sid_qI8dUME97DjQJdv58X28_1741299346_195798930_sentence_segment.wav",The day ɛndɪ wɪf a sunset and Jack felt proud,"The day ended with a sunset, and Jack felt proud."
"/Users/liu.ying/University of Florida/Leite,Walter - Storiza Corpus Spring 2025/Storiza_Participant_Recording_05-30-25/annotated_sentence_segments/uid_b7tT96cSBaaiNnMJ2KcuOQPRkO83_sid_qI8dUME97DjQJdv58X28_1741299346_195798931_sentence_segment.wav",He pack up his rocket ready to unlock new əvɛntʃɚz next time with his fait|ful friend,"He packed up his rocket, ready to unlock new adventures next time with his faithful friend."
"/Users/liu.ying/University of Florida/Leite,Walter - Storiza Corpus Spring 2025/Storiza_Participant_Recording_05-30-25/annotated_sentence_segments/uid_tHP0GvI5hccNGBzYfgE2pkEHXiW2_sid_yM1c099hRczoiHMmEqH2_1743456350_195798932_sentence_segment.wav",A fat cat and a big fish ha|t met at a wet mat,A fat cat and a big fish met at a wet mat.
"/Users/liu.ying/University of Florida/Leite,Walter - Storiza Corpus Spring 2025/Storiza_Participant_Recording_05-30-25/annotated_sentence_segments/uid_tHP0GvI5hccNGBzYfgE2pkEHXiW2_sid_yM1c099hRczoiHMmEqH2_1743456350_195798933_sentence_segment.wav",The cat sat and the fish was in a  tin ɑ:t the mat,"The cat sat, and the fish was in a tin at the mat."
"/Users/liu.ying/University of Florida/Leite,Walter - Storiza Corpus Spring 2025/Storiza_Participant_Recording_05-30-25/annotated_sentence_segments/uid_tHP0GvI5hccNGBzYfgE2pkEHXiW2_sid_yM1c099hRczoiHMmEqH2_1743456350_195798934_sentence_segment.wav",The kæ did tap the tin,The cat did tap the tin.
"/Users/liu.ying/University of Florida/Leite,Walter - Storiza Corpus Spring 2025/Storiza_Participant_Recording_05-30-25/annotated_sentence_segments/uid_tHP0GvI5hccNGBzYfgE2pkEHXiW2_sid_yM1c099hRczoiHMmEqH2_1743456350_195798935_sentence_segment.wav",The fish dɪ not y|a:p jæ:p jæ,The fish did not yap.
"/Users/liu.ying/University of Florida/Leite,Walter - Storiza Corpus Spring 2025/Storiza_Participant_Recording_05-30-25/annotated_sentence_segments/uid_tHP0GvI5hccNGBzYfgE2pkEHXiW2_sid_yM1c099hRczoiHMmEqH2_1743456350_195798936_sentence_segment.wav",The end,The end.
"/Users/liu.ying/University of Florida/Leite,Walter - Storiza Corpus Spring 2025/Storiza_Participant_Recording_05-30-25/annotated_sentence_segments/uid_ZegJLYO9QiacSJTQWx7CWauRcQr1_sid_rh7dGMV1HRrdpbcJITsW_1742611583_195798937_sentence_segment.wav",In a cozy house there stood a big brown couch,"In a cozy house, there stood a big, brown couch."
"/Users/liu.ying/University of Florida/Leite,Walter - Storiza Corpus Spring 2025/Storiza_Participant_Recording_05-30-25/annotated_sentence_segments/uid_ZegJLYO9QiacSJTQWx7CWauRcQr1_sid_rh7dGMV1HRrdpbcJITsW_1742611583_195798938_sentence_segment.wav",Every Saturday Lucy and her dog Max əm lounged on the couch to watch cartoons,"Every Saturday, Lucy and her dog, Max, lounged on the couch to watch cartoons."
"/Users/liu.ying/University of Florida/Leite,Walter - Storiza Corpus Spring 2025/Storiza_Participant_Recording_05-30-25/annotated_sentence_segments/uid_ZegJLYO9QiacSJTQWx7CWauRcQr1_sid_rh7dGMV1HRrdpbcJITsW_1742611583_195798939_sentence_segment.wav",One One day Max found a pouch under the couch,"One day, Max found a pouch under the couch."
"/Users/liu.ying/University of Florida/Leite,Walter - Storiza Corpus Spring 2025/Storiza_Participant_Recording_05-30-25/annotated_sentence_segments/uid_ZegJLYO9QiacSJTQWx7CWauRcQr1_sid_rh7dGMV1HRrdpbcJITsW_1742611583_195798940_sentence_segment.wav",kyih ʌm Curious Lucy researchedf ʌm reached for it and pulled out a shiny coin,"Curious, Lucy reached for it and pulled out a shiny coin."
"/Users/liu.ying/University of Florida/Leite,Walter - Storiza Corpus Spring 2025/Storiza_Participant_Recording_05-30-25/annotated_sentence_segments/uid_ZegJLYO9QiacSJTQWx7CWauRcQr1_sid_rh7dGMV1HRrdpbcJITsW_1742611583_195798941_sentence_segment.wav",Woah Max she exple ʃi exlaimed,"""Wow, Max!"" she exclaimed."
"/Users/liu.ying/University of Florida/Leite,Walter - Storiza Corpus Spring 2025/Storiza_Participant_Recording_05-30-25/annotated_sentence_segments/uid_ZegJLYO9QiacSJTQWx7CWauRcQr1_sid_rh7dGMV1HRrdpbcJITsW_1742611583_195798942_sentence_segment.wav",This məs be lucky,"""This must be lucky!"""
"/Users/liu.ying/University of Florida/Leite,Walter - Storiza Corpus Spring 2025/Storiza_Participant_Recording_05-30-25/annotated_sentence_segments/uid_ZegJLYO9QiacSJTQWx7CWauRcQr1_sid_rh7dGMV1HRrdpbcJITsW_1742611583_195798943_sentence_segment.wav",They decide to save the coin in a special jar,They decided to save the coin in a special jar.
"/Users/liu.ying/University of Florida/Leite,Walter - Storiza Corpus Spring 2025/Storiza_Participant_Recording_05-30-25/annotated_sentence_segments/uid_ZegJLYO9QiacSJTQWx7CWauRcQr1_sid_rh7dGMV1HRrdpbcJITsW_1742611583_195798944_sentence_segment.wav",From ʌm that day on wherever that sat on the couch they dreamed of an adventure the coi coin might bring,"From that day on, whenever they sat on the couch, they dreamed of adventures the coin might bring."
"/Users/liu.ying/University of Florida/Leite,Walter - Storiza Corpus Spring 2025/Storiza_Participant_Recording_05-30-25/annotated_sentence_segments/uid_ZegJLYO9QiacSJTQWx7CWauRcQr1_sid_rh7dGMV1HRrdpbcJITsW_1742611583_195798945_sentence_segment.wav",The couch wasn't just for sitting anymore it was a place where dreamed and dɪskʌviəɹz began,The couch wasn't just for sitting anymore; it was a place where dreams and discoveries began.
"/Users/liu.ying/University of Florida/Leite,Walter - Storiza Corpus Spring 2025/Storiza_Participant_Recording_05-30-25/annotated_sentence_segments/uid_b7tT96cSBaaiNnMJ2KcuOQPRkO83_sid_t5g1aeUZwxH7esCXS9Pn_1743345755_195798946_sentence_segment.wav",In a sunny glen a small frog named Fred met a sly fox,"In a sunny glen, a small frog named Fred met a sly fox."
"/Users/liu.ying/University of Florida/Leite,Walter - Storiza Corpus Spring 2025/Storiza_Participant_Recording_05-30-25/annotated_sentence_segments/uid_b7tT96cSBaaiNnMJ2KcuOQPRkO83_sid_t5g1aeUZwxH7esCXS9Pn_1743345755_195798947_sentence_segment.wav",The fox grin flashing hɪʃ sharp teeth,"The fox grinned, flashing his sharp teeth."
"/Users/liu.ying/University of Florida/Leite,Walter - Storiza Corpus Spring 2025/Storiza_Participant_Recording_05-30-25/annotated_sentence_segments/uid_b7tT96cSBaaiNnMJ2KcuOQPRkO83_sid_t5g1aeUZwxH7esCXS9Pn_1743345755_195798948_sentence_segment.wav",wʊdʒ you like to join me for the for a feast,"""Would you like to join me for a feast?"" the fox asked."
"/Users/liu.ying/University of Florida/Leite,Walter - Storiza Corpus Spring 2025/Storiza_Participant_Recording_05-30-25/annotated_sentence_segments/uid_b7tT96cSBaaiNnMJ2KcuOQPRkO83_sid_t5g1aeUZwxH7esCXS9Pn_1743345755_195798949_sentence_segment.wav",Fred felt a chill but nɑ:dɪd kiɹiəs,"Fred felt a chill but nodded, curious."
"/Users/liu.ying/University of Florida/Leite,Walter - Storiza Corpus Spring 2025/Storiza_Participant_Recording_05-30-25/annotated_sentence_segments/uid_b7tT96cSBaaiNnMJ2KcuOQPRkO83_sid_t5g1aeUZwxH7esCXS9Pn_1743345755_195798950_sentence_segment.wav",As the As they hoped and tɹ|ɑ|t|ɪd tɹɑtɪ Fred spotted a flock of birds,"As they hopped and trotted, Fred spotted a flock of birds."
"/Users/liu.ying/University of Florida/Leite,Walter - Storiza Corpus Spring 2025/Storiza_Participant_Recording_05-30-25/annotated_sentence_segments/uid_b7tT96cSBaaiNnMJ2KcuOQPRkO83_sid_t5g1aeUZwxH7esCXS9Pn_1743345755_195798951_sentence_segment.wav",They chirped and sing warning him of the fox|s tricks,"They chirped and sang, warning him of the fox's tricks."
"/Users/liu.ying/University of Florida/Leite,Walter - Storiza Corpus Spring 2025/Storiza_Participant_Recording_05-30-25/annotated_sentence_segments/uid_b7tT96cSBaaiNnMJ2KcuOQPRkO83_sid_t5g1aeUZwxH7esCXS9Pn_1743345755_195798952_sentence_segment.wav",f.fɹɛd thank the birds and leaped away leaping the fox alone,"Fred thanked the birds and leaped away, leaving the fox alone."
"/Users/liu.ying/University of Florida/Leite,Walter - Storiza Corpus Spring 2025/Storiza_Participant_Recording_05-30-25/annotated_sentence_segments/uid_b7tT96cSBaaiNnMJ2KcuOQPRkO83_sid_t5g1aeUZwxH7esCXS9Pn_1743345755_195798953_sentence_segment.wav",The fox frown realizing he had lost hɪʃ chance for a s:sl.lay sk|s|ch|ai|eme stʃim,"The fox frowned, realizing he had lost his chance for a sly scheme."
"/Users/liu.ying/University of Florida/Leite,Walter - Storiza Corpus Spring 2025/Storiza_Participant_Recording_05-30-25/annotated_sentence_segments/uid_b7tT96cSBaaiNnMJ2KcuOQPRkO83_sid_t5g1aeUZwxH7esCXS9Pn_1743345755_195798954_sentence_segment.wav",fɹɛ join the birds safe and happy as the play they played under the bright blue sk,"Fred joined the birds, safe and happy, as they played under the bright blue sky."
"/Users/liu.ying/University of Florida/Leite,Walter - Storiza Corpus Spring 2025/Storiza_Participant_Recording_05-30-25/annotated_sentence_segments/uid_Gt0cspsUtRSvEXXHZKUWlVAfyVq2_sid_NB0tkgcxvGESuaQYdzod_1743619802_195798955_sentence_segment.wav",pɑn a time there was a little ɡɜɹ named Clara,"Once upon a time, there was a little girl named Clara."
"/Users/liu.ying/University of Florida/Leite,Walter - Storiza Corpus Spring 2025/Storiza_Participant_Recording_05-30-25/annotated_sentence_segments/uid_Gt0cspsUtRSvEXXHZKUWlVAfyVq2_sid_NB0tkgcxvGESuaQYdzod_1743619802_195798956_sentence_segment.wav",She was spoiled and made her mother and father do everything for her,She was spoiled and made her mother and father do everything for her.
"/Users/liu.ying/University of Florida/Leite,Walter - Storiza Corpus Spring 2025/Storiza_Participant_Recording_05-30-25/annotated_sentence_segments/uid_Gt0cspsUtRSvEXXHZKUWlVAfyVq2_sid_NB0tkgcxvGESuaQYdzod_1743619802_195798957_sentence_segment.wav",klɛɹz parents gave her toys treats and all of her desires,"Clara's parents gave her toys, treats, and all her desires."
"/Users/liu.ying/University of Florida/Leite,Walter - Storiza Corpus Spring 2025/Storiza_Participant_Recording_05-30-25/annotated_sentence_segments/uid_Gt0cspsUtRSvEXXHZKUWlVAfyVq2_sid_NB0tkgcxvGESuaQYdzod_1743619802_195798958_sentence_segment.wav",One day Clara wanted to play in the park but it was too far away,"One day, Clara wanted to play in the park, but it was far away."
"/Users/liu.ying/University of Florida/Leite,Walter - Storiza Corpus Spring 2025/Storiza_Participant_Recording_05-30-25/annotated_sentence_segments/uid_Gt0cspsUtRSvEXXHZKUWlVAfyVq2_sid_NB0tkgcxvGESuaQYdzod_1743619802_195798959_sentence_segment.wav",Her mother and father were bishnee busy so she had to go alawn,"Her mother and father were busy, so she had to go alone."
"/Users/liu.ying/University of Florida/Leite,Walter - Storiza Corpus Spring 2025/Storiza_Participant_Recording_05-30-25/annotated_sentence_segments/uid_Gt0cspsUtRSvEXXHZKUWlVAfyVq2_sid_NB0tkgcxvGESuaQYdzod_1743619802_195798960_sentence_segment.wav",On the way Clara learned how to do thingsh herself,"On the way, Clara learned how to do things herself."
"/Users/liu.ying/University of Florida/Leite,Walter - Storiza Corpus Spring 2025/Storiza_Participant_Recording_05-30-25/annotated_sentence_segments/uid_Gt0cspsUtRSvEXXHZKUWlVAfyVq2_sid_NB0tkgcxvGESuaQYdzod_1743619802_195798961_sentence_segment.wav", started to feel proud and strong,She started to feel proud and strong.
"/Users/liu.ying/University of Florida/Leite,Walter - Storiza Corpus Spring 2025/Storiza_Participant_Recording_05-30-25/annotated_sentence_segments/uid_Gt0cspsUtRSvEXXHZKUWlVAfyVq2_sid_NB0tkgcxvGESuaQYdzod_1743619802_195798962_sentence_segment.wav",fɹm that day Clara decided to help her mother and father and never make them do θɪŋʃ ever ,"From that day, Clara decided to help her mother and father and never make them do things for her again."
"/Users/liu.ying/University of Florida/Leite,Walter - Storiza Corpus Spring 2025/Storiza_Participant_Recording_05-30-25/annotated_sentence_segments/uid_FecxEEwWTpW5fnBaHIGu821YiLh2_sid_5CDuMCZzZSESFX0X8vIr_1742344504_195798963_sentence_segment.wav",ʌm Once there was Once upon a time in a vɪlɪndʒ on the edge of a wɪdʒ there lɪv|d a king kid judge named Mr. Lo log log Lodge what does 'd' 'g' Lodge yep Mr. Lodge,"Once upon a time, in a village on the edge of a ridge, there lived a kind judge named Mr. Lodge."
"/Users/liu.ying/University of Florida/Leite,Walter - Storiza Corpus Spring 2025/Storiza_Participant_Recording_05-30-25/annotated_sentence_segments/uid_FecxEEwWTpW5fnBaHIGu821YiLh2_sid_5CDuMCZzZSESFX0X8vIr_1742344504_195798964_sentence_segment.wav",He lived in to sh:ar shar share hɛə stɔiz of history with the children,He loved to share stories of history with the children.
"/Users/liu.ying/University of Florida/Leite,Walter - Storiza Corpus Spring 2025/Storiza_Participant_Recording_05-30-25/annotated_sentence_segments/uid_FecxEEwWTpW5fnBaHIGu821YiLh2_sid_5CDuMCZzZSESFX0X8vIr_1742344504_195798965_sentence_segment.wav",One day the gath|ee|red gatheered that right does it sound right Jeff jeffred gathred gathered gathered ɛvwiwʌn by the old bridges bridge,"One day, he gathered everyone by the old bridge."
"/Users/liu.ying/University of Florida/Leite,Walter - Storiza Corpus Spring 2025/Storiza_Participant_Recording_05-30-25/annotated_sentence_segments/uid_FecxEEwWTpW5fnBaHIGu821YiLh2_sid_5CDuMCZzZSESFX0X8vIr_1742344504_195798966_sentence_segment.wav",In en ancient eɪtʃənt time had beega had begin a bweɪv king named Paige po|ot pro.protect this village fʌm danger,"""In ancient times,"" he began, ""a brave knight named Pudge protected this village from danger."""
"/Users/liu.ying/University of Florida/Leite,Walter - Storiza Corpus Spring 2025/Storiza_Participant_Recording_05-30-25/annotated_sentence_segments/uid_FecxEEwWTpW5fnBaHIGu821YiLh2_sid_5CDuMCZzZSESFX0X8vIr_1742344504_195798967_sentence_segment.wav",theezh children The children ins:t.ins:.instea(d) (instead) l l:.lɪsnd eag eajerly whadis (what is) E.A. gonna say ay unintelligible vowel unintelligible (seen?) ee mhm juh eajerly whother (what other) sound canuh (can a) g make i:juh e what other sound g|er:ly ig.iɡɚli mhm eagerly eyes waɪt and wondered  eyes wide with wonder guhjob (good job),"The children listened eagerly, eyes wide with wonder."
"/Users/liu.ying/University of Florida/Leite,Walter - Storiza Corpus Spring 2025/Storiza_Participant_Recording_05-30-25/annotated_sentence_segments/uid_FecxEEwWTpW5fnBaHIGu821YiLh2_sid_5CDuMCZzZSESFX0X8vIr_1742344504_195798968_sentence_segment.wav",As the tale ended Mr. Lodge smiled Always remember history iz l|he like a bwɪdʒ as like is is like a bwidge simile right mom mhm good job con: kə.kən|ɛktɪŋ us to the pa past,"As the tale ended, Mr. Lodge smiled, ""Always remember, history is like a bridge connecting us to the past."""
"/Users/liu.ying/University of Florida/Leite,Walter - Storiza Corpus Spring 2025/Storiza_Participant_Recording_05-30-25/annotated_sentence_segments/uid_FecxEEwWTpW5fnBaHIGu821YiLh2_sid_5CDuMCZzZSESFX0X8vIr_1742344504_195798969_sentence_segment.wav",The children tʃɪ.|tʃɪɹd no mhm che: cheered gladfully ɡlædfəl for the knowlid knowledge Mr. l lawlidge ʌm Lodge has shared a prou:m|iced|ih and po:.p|o|m prom|ise: prom:|is|d promised to always tree treashore tr|ishore trishore twea|zure it,"The children cheered, grateful for the knowledge Mr. Lodge had shared, and promised to always treasure it."
"/Users/liu.ying/University of Florida/Leite,Walter - Storiza Corpus Spring 2025/Storiza_Participant_Recording_05-30-25/annotated_sentence_segments/uid_ECPqsmdUcMhqkJwXAfhhs3XTgoa2_sid_SuRsid6TUn8QnLIxxKUO_1741643049_195798970_sentence_segment.wav",Dan was in in his lab looking at the stars,"Dan was in his lab, looking at the stars."
"/Users/liu.ying/University of Florida/Leite,Walter - Storiza Corpus Spring 2025/Storiza_Participant_Recording_05-30-25/annotated_sentence_segments/uid_ECPqsmdUcMhqkJwXAfhhs3XTgoa2_sid_SuRsid6TUn8QnLIxxKUO_1741643049_195798971_sentence_segment.wav",He had a map,He had a map.
"/Users/liu.ying/University of Florida/Leite,Walter - Storiza Corpus Spring 2025/Storiza_Participant_Recording_05-30-25/annotated_sentence_segments/uid_ECPqsmdUcMhqkJwXAfhhs3XTgoa2_sid_SuRsid6TUn8QnLIxxKUO_1741643049_195798972_sentence_segment.wav",It was dark but he had a lamp,"It was dark, but he had a lamp."
"/Users/liu.ying/University of Florida/Leite,Walter - Storiza Corpus Spring 2025/Storiza_Participant_Recording_05-30-25/annotated_sentence_segments/uid_ECPqsmdUcMhqkJwXAfhhs3XTgoa2_sid_SuRsid6TUn8QnLIxxKUO_1741643049_195798973_sentence_segment.wav",Dan saw plan,Dan saw a plan.
"/Users/liu.ying/University of Florida/Leite,Walter - Storiza Corpus Spring 2025/Storiza_Participant_Recording_05-30-25/annotated_sentence_segments/uid_ECPqsmdUcMhqkJwXAfhhs3XTgoa2_sid_SuRsid6TUn8QnLIxxKUO_1741643049_195798974_sentence_segment.wav",I can ɡoʊ: in a van to space he said,"""I can go in a van to space,"" he said."
"/Users/liu.ying/University of Florida/Leite,Walter - Storiza Corpus Spring 2025/Storiza_Participant_Recording_05-30-25/annotated_sentence_segments/uid_ECPqsmdUcMhqkJwXAfhhs3XTgoa2_sid_SuRsid6TUn8QnLIxxKUO_1741643049_195798975_sentence_segment.wav",The van was ready,The van was ready.
"/Users/liu.ying/University of Florida/Leite,Walter - Storiza Corpus Spring 2025/Storiza_Participant_Recording_05-30-25/annotated_sentence_segments/uid_ECPqsmdUcMhqkJwXAfhhs3XTgoa2_sid_SuRsid6TUn8QnLIxxKUO_1741643049_195798976_sentence_segment.wav",Dan packed a bag and sætə,Dan packed a bag and sat.
"/Users/liu.ying/University of Florida/Leite,Walter - Storiza Corpus Spring 2025/Storiza_Participant_Recording_05-30-25/annotated_sentence_segments/uid_ECPqsmdUcMhqkJwXAfhhs3XTgoa2_sid_SuRsid6TUn8QnLIxxKUO_1741643049_195798977_sentence_segment.wav",Up in the van went past the stars,"Up the van went, past the stars."
"/Users/liu.ying/University of Florida/Leite,Walter - Storiza Corpus Spring 2025/Storiza_Participant_Recording_05-30-25/annotated_sentence_segments/uid_ECPqsmdUcMhqkJwXAfhhs3XTgoa2_sid_SuRsid6TUn8QnLIxxKUO_1741643049_195798978_sentence_segment.wav",Dan was glad,Dan was glad.
"/Users/liu.ying/University of Florida/Leite,Walter - Storiza Corpus Spring 2025/Storiza_Participant_Recording_05-30-25/annotated_sentence_segments/uid_ECPqsmdUcMhqkJwXAfhhs3XTgoa2_sid_SuRsid6TUn8QnLIxxKUO_1741643049_195798979_sentence_segment.wav",He waved and yelled I'm an astronaut in space,"He waved and yelled, ""I am an astronaut in space!"""
"/Users/liu.ying/University of Florida/Leite,Walter - Storiza Corpus Spring 2025/Storiza_Participant_Recording_05-30-25/annotated_sentence_segments/uid_ECPqsmdUcMhqkJwXAfhhs3XTgoa2_sid_SuRsid6TUn8QnLIxxKUO_1741643049_195798980_sentence_segment.wav",Dan felt fantastic,Dan felt fantastic.
"/Users/liu.ying/University of Florida/Leite,Walter - Storiza Corpus Spring 2025/Storiza_Participant_Recording_05-30-25/annotated_sentence_segments/uid_flpss45kNMRJ1OyjEiJaPFx5rCo2_sid_Rcq8EeYY64iPD7qGRtyZ_1743380161_195798981_sentence_segment.wav",On a rainy day Roy and his friend Joy stayed indoors,"On a rainy day, Roy and his friend Joy stayed indoors."
"/Users/liu.ying/University of Florida/Leite,Walter - Storiza Corpus Spring 2025/Storiza_Participant_Recording_05-30-25/annotated_sentence_segments/uid_flpss45kNMRJ1OyjEiJaPFx5rCo2_sid_Rcq8EeYY64iPD7qGRtyZ_1743380161_195798982_sentence_segment.wav",They decided to make a big playdough town,They decided to make a big playdough town.
"/Users/liu.ying/University of Florida/Leite,Walter - Storiza Corpus Spring 2025/Storiza_Participant_Recording_05-30-25/annotated_sentence_segments/uid_flpss45kNMRJ1OyjEiJaPFx5rCo2_sid_Rcq8EeYY64iPD7qGRtyZ_1743380161_195798983_sentence_segment.wav",Roy made a playdough boy with a bright blue toy car,Roy made a playdough boy with a bright blue toy car.
"/Users/liu.ying/University of Florida/Leite,Walter - Storiza Corpus Spring 2025/Storiza_Participant_Recording_05-30-25/annotated_sentence_segments/uid_flpss45kNMRJ1OyjEiJaPFx5rCo2_sid_Rcq8EeYY64iPD7qGRtyZ_1743380161_195798984_sentence_segment.wav",Joy made a kɔɪ:l coil of playdough to form a bouncy slide,Joy made a coil of playdough to form a bouncy slide.
"/Users/liu.ying/University of Florida/Leite,Walter - Storiza Corpus Spring 2025/Storiza_Participant_Recording_05-30-25/annotated_sentence_segments/uid_flpss45kNMRJ1OyjEiJaPFx5rCo2_sid_Rcq8EeYY64iPD7qGRtyZ_1743380161_195798985_sentence_segment.wav",They enjoy creating and chatting forgetting about the rain outside,"They enjoyed creating and chatting, forgetting about the rain outside."
"/Users/liu.ying/University of Florida/Leite,Walter - Storiza Corpus Spring 2025/Storiza_Participant_Recording_05-30-25/annotated_sentence_segments/uid_flpss45kNMRJ1OyjEiJaPFx5rCo2_sid_Rcq8EeYY64iPD7qGRtyZ_1743380161_195798986_sentence_segment.wav",Suddenly the rain stopped and a rainbows appeared,"Suddenly, the rain stopped, and a rainbow appeared."
"/Users/liu.ying/University of Florida/Leite,Walter - Storiza Corpus Spring 2025/Storiza_Participant_Recording_05-30-25/annotated_sentence_segments/uid_flpss45kNMRJ1OyjEiJaPFx5rCo2_sid_Rcq8EeYY64iPD7qGRtyZ_1743380161_195798987_sentence_segment.wav",They placed their playdough town by the window to enjoy the view,They placed their playdough town by the window to enjoy the view.
"/Users/liu.ying/University of Florida/Leite,Walter - Storiza Corpus Spring 2025/Storiza_Participant_Recording_05-30-25/annotated_sentence_segments/uid_flpss45kNMRJ1OyjEiJaPFx5rCo2_sid_Rcq8EeYY64iPD7qGRtyZ_1743380161_195798988_sentence_segment.wav",Joy said Even on rainy days we can find joy,"Joy said, ""Even on rainy days, we can find joy!"""
"/Users/liu.ying/University of Florida/Leite,Walter - Storiza Corpus Spring 2025/Storiza_Participant_Recording_05-30-25/annotated_sentence_segments/uid_flpss45kNMRJ1OyjEiJaPFx5rCo2_sid_Rcq8EeYY64iPD7qGRtyZ_1743380161_195798989_sentence_segment.wav",Roy nodded happih ʌm happy to have a such such a joyful friend,"Roy nodded, happy to have such a joyful friend."
"/Users/liu.ying/University of Florida/Leite,Walter - Storiza Corpus Spring 2025/Storiza_Participant_Recording_05-30-25/annotated_sentence_segments/uid_flpss45kNMRJ1OyjEiJaPFx5rCo2_sid_Rcq8EeYY64iPD7qGRtyZ_1743380161_195798990_sentence_segment.wav",They waved goodbye to ʌm to the rain for new invetch inventures ready for new iventch ɪnvɛntʃɚz,"They waved goodbye to the rain, ready for new adventures."
"/Users/liu.ying/University of Florida/Leite,Walter - Storiza Corpus Spring 2025/Storiza_Participant_Recording_05-30-25/annotated_sentence_segments/uid_xxUUDYlSFESUIRvPTLDLReqO44G3_sid_EWrmt6kSmwKACKbLS43Q_1742751642_195798991_sentence_segment.wav",Timmy the brave cat lived in a bɪ:ɡ green house,"Timmy the brave cat lived in a big, green house."
"/Users/liu.ying/University of Florida/Leite,Walter - Storiza Corpus Spring 2025/Storiza_Participant_Recording_05-30-25/annotated_sentence_segments/uid_xxUUDYlSFESUIRvPTLDLReqO44G3_sid_EWrmt6kSmwKACKbLS43Q_1742751642_195798992_sentence_segment.wav",One day he heard a strange noise in the yard,"One day, he heard a strange noise in the yard."
"/Users/liu.ying/University of Florida/Leite,Walter - Storiza Corpus Spring 2025/Storiza_Participant_Recording_05-30-25/annotated_sentence_segments/uid_xxUUDYlSFESUIRvPTLDLReqO44G3_sid_EWrmt6kSmwKACKbLS43Q_1742751642_195798993_sentence_segment.wav",Timmy peeked through the window and saw a small brown mouse,"Timmy peeked through the window and saw a small, brown mouse."
"/Users/liu.ying/University of Florida/Leite,Walter - Storiza Corpus Spring 2025/Storiza_Participant_Recording_05-30-25/annotated_sentence_segments/uid_xxUUDYlSFESUIRvPTLDLReqO44G3_sid_EWrmt6kSmwKACKbLS43Q_1742751642_195798994_sentence_segment.wav",The mouse wəʃ shivering in the cold breeze,The mouse was shivering in the cold breeze.
"/Users/liu.ying/University of Florida/Leite,Walter - Storiza Corpus Spring 2025/Storiza_Participant_Recording_05-30-25/annotated_sentence_segments/uid_xxUUDYlSFESUIRvPTLDLReqO44G3_sid_EWrmt6kSmwKACKbLS43Q_1742751642_195798995_sentence_segment.wav",Timmy decided to help,Timmy decided to help.
"/Users/liu.ying/University of Florida/Leite,Walter - Storiza Corpus Spring 2025/Storiza_Participant_Recording_05-30-25/annotated_sentence_segments/uid_xxUUDYlSFESUIRvPTLDLReqO44G3_sid_EWrmt6kSmwKACKbLS43Q_1742751642_195798996_sentence_segment.wav",the He open the door and invited the mouse inside,He opened the door and invited the mouse inside.
"/Users/liu.ying/University of Florida/Leite,Walter - Storiza Corpus Spring 2025/Storiza_Participant_Recording_05-30-25/annotated_sentence_segments/uid_xxUUDYlSFESUIRvPTLDLReqO44G3_sid_EWrmt6kSmwKACKbLS43Q_1742751642_195798997_sentence_segment.wav",The mouse smiled and thank Timmy with a lɪ:təl squeak,The mouse smiled and thanked Timmy with a little squeak.
"/Users/liu.ying/University of Florida/Leite,Walter - Storiza Corpus Spring 2025/Storiza_Participant_Recording_05-30-25/annotated_sentence_segments/uid_xxUUDYlSFESUIRvPTLDLReqO44G3_sid_EWrmt6kSmwKACKbLS43Q_1742751642_195798998_sentence_segment.wav",They shared a warm meal and became friends,They shared a warm meal and became friends.
"/Users/liu.ying/University of Florida/Leite,Walter - Storiza Corpus Spring 2025/Storiza_Participant_Recording_05-30-25/annotated_sentence_segments/uid_xxUUDYlSFESUIRvPTLDLReqO44G3_sid_EWrmt6kSmwKACKbLS43Q_1742751642_195798999_sentence_segment.wav",for From then on the house was filled wɪf laughter and cheer and Timmy was glad he had opened his hɑɹ to a new friend,"From then on, the house was filled with laughter and cheer, and Timmy was glad he had opened his heart to a new friend."
"/Users/liu.ying/University of Florida/Leite,Walter - Storiza Corpus Spring 2025/Storiza_Participant_Recording_05-30-25/annotated_sentence_segments/uid_ejZWulX03uRlAA3C5VqYK6jKNYs1_sid_P6kAd6A5SfFBLSW9pJpN_1741135137_195799000_sentence_segment.wav", upon a time          ,"Once upon a time in a cozy cottage, lived a diaper baby named Pete."
"/Users/liu.ying/University of Florida/Leite,Walter - Storiza Corpus Spring 2025/Storiza_Participant_Recording_05-30-25/annotated_sentence_segments/uid_ejZWulX03uRlAA3C5VqYK6jKNYs1_sid_P6kAd6A5SfFBLSW9pJpN_1741135137_195799001_sentence_segment.wav",  the     ,Pete was the smallest in the whole house.
"/Users/liu.ying/University of Florida/Leite,Walter - Storiza Corpus Spring 2025/Storiza_Participant_Recording_05-30-25/annotated_sentence_segments/uid_ejZWulX03uRlAA3C5VqYK6jKNYs1_sid_P6kAd6A5SfFBLSW9pJpN_1741135137_195799002_sentence_segment.wav",His  toy     ,His favorite toy was a tiny teddy bear.
"/Users/liu.ying/University of Florida/Leite,Walter - Storiza Corpus Spring 2025/Storiza_Participant_Recording_05-30-25/annotated_sentence_segments/uid_ejZWulX03uRlAA3C5VqYK6jKNYs1_sid_P6kAd6A5SfFBLSW9pJpN_1741135137_195799003_sentence_segment.wav",               ,"One sunny morning, Pete looked around and smiled, thinking, ""Today might be the best day ever!"""
"/Users/liu.ying/University of Florida/Leite,Walter - Storiza Corpus Spring 2025/Storiza_Participant_Recording_05-30-25/annotated_sentence_segments/uid_ejZWulX03uRlAA3C5VqYK6jKNYs1_sid_P6kAd6A5SfFBLSW9pJpN_1741135137_195799004_sentence_segment.wav",  around     softened soffer   ,"Pete crawled around, noticing his diaper was softer than a pillow."
"/Users/liu.ying/University of Florida/Leite,Walter - Storiza Corpus Spring 2025/Storiza_Participant_Recording_05-30-25/annotated_sentence_segments/uid_ejZWulX03uRlAA3C5VqYK6jKNYs1_sid_P6kAd6A5SfFBLSW9pJpN_1741135137_195799005_sentence_segment.wav",      diaper   whirl in the  why ,He thought it was the silkiest diaper in the whole wide world.
"/Users/liu.ying/University of Florida/Leite,Walter - Storiza Corpus Spring 2025/Storiza_Participant_Recording_05-30-25/annotated_sentence_segments/uid_ejZWulX03uRlAA3C5VqYK6jKNYs1_sid_P6kAd6A5SfFBLSW9pJpN_1741135137_195799006_sentence_segment.wav",  play   artichoke   halls     ,"As he played, his giggling echoed through the halls, louder than any other noise."
"/Users/liu.ying/University of Florida/Leite,Walter - Storiza Corpus Spring 2025/Storiza_Participant_Recording_05-30-25/annotated_sentence_segments/uid_ejZWulX03uRlAA3C5VqYK6jKNYs1_sid_P6kAd6A5SfFBLSW9pJpN_1741135137_195799007_sentence_segment.wav",His   Sally   and    you are the   ,"His big sister, Sally, came by and said, ""Pete, you are the funniest little guy!"""
"/Users/liu.ying/University of Florida/Leite,Walter - Storiza Corpus Spring 2025/Storiza_Participant_Recording_05-30-25/annotated_sentence_segments/uid_ejZWulX03uRlAA3C5VqYK6jKNYs1_sid_P6kAd6A5SfFBLSW9pJpN_1741135137_195799008_sentence_segment.wav",       ,"At lunch, Pete made a mess, as usual."
"/Users/liu.ying/University of Florida/Leite,Walter - Storiza Corpus Spring 2025/Storiza_Participant_Recording_05-30-25/annotated_sentence_segments/uid_ejZWulX03uRlAA3C5VqYK6jKNYs1_sid_P6kAd6A5SfFBLSW9pJpN_1741135137_195799009_sentence_segment.wav",um        the: the messiest eater Pete,"His mom laughed and said, ""You are certainly the messiest eater, Pete!"""
"/Users/liu.ying/University of Florida/Leite,Walter - Storiza Corpus Spring 2025/Storiza_Participant_Recording_05-30-25/annotated_sentence_segments/uid_ejZWulX03uRlAA3C5VqYK6jKNYs1_sid_P6kAd6A5SfFBLSW9pJpN_1741135137_195799010_sentence_segment.wav",But Pete just grinned with a mouthful of peas,But Pete just grinned with a mouthful of peas.
"/Users/liu.ying/University of Florida/Leite,Walter - Storiza Corpus Spring 2025/Storiza_Participant_Recording_05-30-25/annotated_sentence_segments/uid_ejZWulX03uRlAA3C5VqYK6jKNYs1_sid_P6kAd6A5SfFBLSW9pJpN_1741135137_195799011_sentence_segment.wav",buh ʌ By the end of the day Pete was the slipiɛs baby ever,"By the end of the day, Pete was the sleepiest baby ever."
"/Users/liu.ying/University of Florida/Leite,Walter - Storiza Corpus Spring 2025/Storiza_Participant_Recording_05-30-25/annotated_sentence_segments/uid_ejZWulX03uRlAA3C5VqYK6jKNYs1_sid_P6kAd6A5SfFBLSW9pJpN_1741135137_195799012_sentence_segment.wav",He snuggled into his crib holding his little teddy bear tightly,"He snuggled into his crib, holding his little teddy tightly."
"/Users/liu.ying/University of Florida/Leite,Walter - Storiza Corpus Spring 2025/Storiza_Participant_Recording_05-30-25/annotated_sentence_segments/uid_ejZWulX03uRlAA3C5VqYK6jKNYs1_sid_P6kAd6A5SfFBLSW9pJpN_1741135137_195799013_sentence_segment.wav",His mom whispered Goodnight my switɪs diaper baby as Pete drifted into his happiest dreams,"His mom whispered, ""Goodnight, my sweetest diaper baby,"" as Pete drifted into the happiest dreams."
"/Users/liu.ying/University of Florida/Leite,Walter - Storiza Corpus Spring 2025/Storiza_Participant_Recording_05-30-25/annotated_sentence_segments/uid_ejZWulX03uRlAA3C5VqYK6jKNYs1_sid_P6kAd6A5SfFBLSW9pJpN_1741135137_195799014_sentence_segment.wav",And indeed id And indeed it was the best day ever for little Pete the diaper baby,"And indeed, it was the best day ever for little Pete, the diaper baby."
"/Users/liu.ying/University of Florida/Leite,Walter - Storiza Corpus Spring 2025/Storiza_Participant_Recording_05-30-25/annotated_sentence_segments/uid_lEq1lXM2xafR8w5blWO2OCG8VE93_sid_jYTizNYBKMXCSsVuEydP_1742757294_195799015_sentence_segment.wav",ɛvəwi Sunday weɪ and June play ge video games,"Every Sunday, Ray and Jane play video games."
"/Users/liu.ying/University of Florida/Leite,Walter - Storiza Corpus Spring 2025/Storiza_Participant_Recording_05-30-25/annotated_sentence_segments/uid_lEq1lXM2xafR8w5blWO2OCG8VE93_sid_jYTizNYBKMXCSsVuEydP_1742757294_195799016_sentence_segment.wav",They stay n: in their playroom all day,They stay in their playroom all day.
"/Users/liu.ying/University of Florida/Leite,Walter - Storiza Corpus Spring 2025/Storiza_Participant_Recording_05-30-25/annotated_sentence_segments/uid_lEq1lXM2xafR8w5blWO2OCG8VE93_sid_jYTizNYBKMXCSsVuEydP_1742757294_195799017_sentence_segment.wav",June's favorite game is a weɪs ɑnð a big track,Jane's favorite game is a race on a big track.
"/Users/liu.ying/University of Florida/Leite,Walter - Storiza Corpus Spring 2025/Storiza_Participant_Recording_05-30-25/annotated_sentence_segments/uid_lEq1lXM2xafR8w5blWO2OCG8VE93_sid_jYTizNYBKMXCSsVuEydP_1742757294_195799018_sentence_segment.wav",weɪ likes a game wɛw h.he sails a ship and hunts foɹf a pwaɪz,Ray likes a game where he sails a ship and hunts for a prize.
"/Users/liu.ying/University of Florida/Leite,Walter - Storiza Corpus Spring 2025/Storiza_Participant_Recording_05-30-25/annotated_sentence_segments/uid_lEq1lXM2xafR8w5blWO2OCG8VE93_sid_jYTizNYBKMXCSsVuEydP_1742757294_195799019_sentence_segment.wav",They both love when it's time to play,They both love when it's time to play.
"/Users/liu.ying/University of Florida/Leite,Walter - Storiza Corpus Spring 2025/Storiza_Participant_Recording_05-30-25/annotated_sentence_segments/uid_lEq1lXM2xafR8w5blWO2OCG8VE93_sid_jYTizNYBKMXCSsVuEydP_1742757294_195799020_sentence_segment.wav",One One wain weɪni dəi the laɪts: went out and they couldn't play,"One rainy day, the lights went out, and they couldn't play."
"/Users/liu.ying/University of Florida/Leite,Walter - Storiza Corpus Spring 2025/Storiza_Participant_Recording_05-30-25/annotated_sentence_segments/uid_lEq1lXM2xafR8w5blWO2OCG8VE93_sid_jYTizNYBKMXCSsVuEydP_1742757294_195799021_sentence_segment.wav",So they made up a game dwɔɪŋg a map toof (to) and finding treasures in the house,"So, they made up a game, drawing a map and finding treasures in the house."
"/Users/liu.ying/University of Florida/Leite,Walter - Storiza Corpus Spring 2025/Storiza_Participant_Recording_05-30-25/annotated_sentence_segments/uid_lEq1lXM2xafR8w5blWO2OCG8VE93_sid_jYTizNYBKMXCSsVuEydP_1742757294_195799022_sentence_segment.wav",At the end of də day des|pi|t despite on no so sɔʔsɛns day ðeɪf had fun,"At the end of the day, despite no screens, they had fun."
"/Users/liu.ying/University of Florida/Leite,Walter - Storiza Corpus Spring 2025/Storiza_Participant_Recording_05-30-25/annotated_sentence_segments/uid_lEq1lXM2xafR8w5blWO2OCG8VE93_sid_jYTizNYBKMXCSsVuEydP_1742757294_195799023_sentence_segment.wav",They say Let's play this way again,"They say, ""Let's play this way again!"""
"/Users/liu.ying/University of Florida/Leite,Walter - Storiza Corpus Spring 2025/Storiza_Participant_Recording_05-30-25/annotated_sentence_segments/uid_EOwDjm2STZfXSXQJzWXadFRGRzn1_sid_Er2vmZID4HCN6xXLufOo_1744244305_195799024_sentence_segment.wav",Lucky saw a dog down by the river,Lucy saw a dog down by the river.
"/Users/liu.ying/University of Florida/Leite,Walter - Storiza Corpus Spring 2025/Storiza_Participant_Recording_05-30-25/annotated_sentence_segments/uid_EOwDjm2STZfXSXQJzWXadFRGRzn1_sid_Er2vmZID4HCN6xXLufOo_1744244305_195799025_sentence_segment.wav",The pup barked and wagged its tail wagging to play wanting to play,"The pup barked and wagged its tail, wanting to play."
"/Users/liu.ying/University of Florida/Leite,Walter - Storiza Corpus Spring 2025/Storiza_Participant_Recording_05-30-25/annotated_sentence_segments/uid_EOwDjm2STZfXSXQJzWXadFRGRzn1_sid_Er2vmZID4HCN6xXLufOo_1744244305_195799026_sentence_segment.wav",Lucky took off her shoes and waited in,Lucy took off her shoes and waded in.
"/Users/liu.ying/University of Florida/Leite,Walter - Storiza Corpus Spring 2025/Storiza_Participant_Recording_05-30-25/annotated_sentence_segments/uid_EOwDjm2STZfXSXQJzWXadFRGRzn1_sid_Er2vmZID4HCN6xXLufOo_1744244305_195799027_sentence_segment.wav",The in The two s|p|l|ash|t splashing spla sp|l|ash|ed splashed splæʃɪd mhm and had fun in the sun,The two splashed and had fun in the sun.
"/Users/liu.ying/University of Florida/Leite,Walter - Storiza Corpus Spring 2025/Storiza_Participant_Recording_05-30-25/annotated_sentence_segments/uid_EOwDjm2STZfXSXQJzWXadFRGRzn1_sid_Er2vmZID4HCN6xXLufOo_1744244305_195799028_sentence_segment.wav",As the sun began to set Lucky said goodbye to her new friend,"As the sun began to set, Lucy said goodbye to her new friend."
"/Users/liu.ying/University of Florida/Leite,Walter - Storiza Corpus Spring 2025/Storiza_Participant_Recording_05-30-25/annotated_sentence_segments/uid_EOwDjm2STZfXSXQJzWXadFRGRzn1_sid_Er2vmZID4HCN6xXLufOo_1744244305_195799029_sentence_segment.wav",She promised tu: e|t|urn return to return the next day leaving with her f: fool fell of joy and muddy feet,"She promised to return the next day, leaving with a heart full of joy and muddy feet."
"/Users/liu.ying/University of Florida/Leite,Walter - Storiza Corpus Spring 2025/Storiza_Participant_Recording_05-30-25/annotated_sentence_segments/uid_WXRuAJyMuAViHCpYPRVffOrexB03_sid_H4UzBBUu9GcvIGFhnpPB_1742774655_195799030_sentence_segment.wav",m ɛ.ɛənd his pals Jane gaze at a map,"Sam and his pal, Jan, gaze at a map."
"/Users/liu.ying/University of Florida/Leite,Walter - Storiza Corpus Spring 2025/Storiza_Participant_Recording_05-30-25/annotated_sentence_segments/uid_WXRuAJyMuAViHCpYPRVffOrexB03_sid_H4UzBBUu9GcvIGFhnpPB_1742774655_195799031_sentence_segment.wav",Their plan to a trip to see space,They plan a trip to see space.
"/Users/liu.ying/University of Florida/Leite,Walter - Storiza Corpus Spring 2025/Storiza_Participant_Recording_05-30-25/annotated_sentence_segments/uid_WXRuAJyMuAViHCpYPRVffOrexB03_sid_H4UzBBUu9GcvIGFhnpPB_1742774655_195799032_sentence_segment.wav",Can we really s.s Can we see a s:tɑɹ æs Sam,"""Can we see a star?"" asks Sam."
"/Users/liu.ying/University of Florida/Leite,Walter - Storiza Corpus Spring 2025/Storiza_Participant_Recording_05-30-25/annotated_sentence_segments/uid_WXRuAJyMuAViHCpYPRVffOrexB03_sid_H4UzBBUu9GcvIGFhnpPB_1742774655_195799033_sentence_segment.wav",Jan nɑ:dz Yes and we can grab a snack at the space ba.buh|a r bar,"Jan nods, ""Yes, and we can grab a snack at the space bar."""
"/Users/liu.ying/University of Florida/Leite,Walter - Storiza Corpus Spring 2025/Storiza_Participant_Recording_05-30-25/annotated_sentence_segments/uid_WXRuAJyMuAViHCpYPRVffOrexB03_sid_H4UzBBUu9GcvIGFhnpPB_1742774655_195799034_sentence_segment.wav",She They park pack pack ð:ɛɚ hats bags hats and a jack,"They pack their bags, hats, and a jack."
"/Users/liu.ying/University of Florida/Leite,Walter - Storiza Corpus Spring 2025/Storiza_Participant_Recording_05-30-25/annotated_sentence_segments/uid_WXRuAJyMuAViHCpYPRVffOrexB03_sid_H4UzBBUu9GcvIGFhnpPB_1742774655_195799035_sentence_segment.wav",As they l.lænd on Mars they can they clap and jump,"As they land on Mars, they clap and jump."
"/Users/liu.ying/University of Florida/Leite,Walter - Storiza Corpus Spring 2025/Storiza_Participant_Recording_05-30-25/annotated_sentence_segments/uid_WXRuAJyMuAViHCpYPRVffOrexB03_sid_H4UzBBUu9GcvIGFhnpPB_1742774655_195799036_sentence_segment.wav",anth.theins This This is the bɛs smile  Sam says,"""This is the best!"" Sam says."
"/Users/liu.ying/University of Florida/Leite,Walter - Storiza Corpus Spring 2025/Storiza_Participant_Recording_05-30-25/annotated_sentence_segments/uid_WXRuAJyMuAViHCpYPRVffOrexB03_sid_H4UzBBUu9GcvIGFhnpPB_1742774655_195799037_sentence_segment.wav",This They nap on under the s.stɑɹz and dream big,They nap under the stars and dream big.
"/Users/liu.ying/University of Florida/Leite,Walter - Storiza Corpus Spring 2025/Storiza_Participant_Recording_05-30-25/annotated_sentence_segments/uid_uJ59YClhDZUuJsN0vsDR1GRv6pu1_sid_9aQcNlrmXoeI8N7VSq3c_1742872549_195799038_sentence_segment.wav",Teddy and Max were two tʃɪɹ.tʃɪɹfəl dogs living on a green farm,Teddy and Max were two cheerful dogs living on a green farm.
"/Users/liu.ying/University of Florida/Leite,Walter - Storiza Corpus Spring 2025/Storiza_Participant_Recording_05-30-25/annotated_sentence_segments/uid_uJ59YClhDZUuJsN0vsDR1GRv6pu1_sid_9aQcNlrmXoeI8N7VSq3c_1742872549_195799039_sentence_segment.wav",Teddy was curious and blouder always leading the their ɪnvɛntʃɚz,"Teddy was curious and bolder, always leading their adventures."
"/Users/liu.ying/University of Florida/Leite,Walter - Storiza Corpus Spring 2025/Storiza_Participant_Recording_05-30-25/annotated_sentence_segments/uid_uJ59YClhDZUuJsN0vsDR1GRv6pu1_sid_9aQcNlrmXoeI8N7VSq3c_1742872549_195799040_sentence_segment.wav",Max was s.|sparking Max was clever fɪɡjɚɪ out figuring out the tik|t trickist paths,"Max was clever, figuring out the trickiest paths."
"/Users/liu.ying/University of Florida/Leite,Walter - Storiza Corpus Spring 2025/Storiza_Participant_Recording_05-30-25/annotated_sentence_segments/uid_uJ59YClhDZUuJsN0vsDR1GRv6pu1_sid_9aQcNlrmXoeI8N7VSq3c_1742872549_195799041_sentence_segment.wav",One day they found a spɑɹ.spɑɹklɪŋ river,"One sunny day, they found a sparkling river."
"/Users/liu.ying/University of Florida/Leite,Walter - Storiza Corpus Spring 2025/Storiza_Participant_Recording_05-30-25/annotated_sentence_segments/uid_uJ59YClhDZUuJsN0vsDR1GRv6pu1_sid_9aQcNlrmXoeI8N7VSq3c_1742872549_195799042_sentence_segment.wav",Teddy and Max Teddy dared Max Let's go see who jumps the fɑɹdɪst,"Teddy dared Max, ""Let's see who jumps the farthest!"""
"/Users/liu.ying/University of Florida/Leite,Walter - Storiza Corpus Spring 2025/Storiza_Participant_Recording_05-30-25/annotated_sentence_segments/uid_uJ59YClhDZUuJsN0vsDR1GRv6pu1_sid_9aQcNlrmXoeI8N7VSq3c_1742872549_195799043_sentence_segment.wav",They bəʊf ran fast splashing to the cool water,"They both ran fast, splashing into the cool water."
"/Users/liu.ying/University of Florida/Leite,Walter - Storiza Corpus Spring 2025/Storiza_Participant_Recording_05-30-25/annotated_sentence_segments/uid_uJ59YClhDZUuJsN0vsDR1GRv6pu1_sid_9aQcNlrmXoeI8N7VSq3c_1742872549_195799044_sentence_segment.wav",Teddy splashed higher while Max was the fast swimmer fastest swimmer reached to the other side first,"Teddy splashed higher, while Max, the fastest swimmer, reached the other side first."
"/Users/liu.ying/University of Florida/Leite,Walter - Storiza Corpus Spring 2025/Storiza_Participant_Recording_05-30-25/annotated_sentence_segments/uid_uJ59YClhDZUuJsN0vsDR1GRv6pu1_sid_9aQcNlrmXoeI8N7VSq3c_1742872549_195799045_sentence_segment.wav",Wet Wet but happy they shook off together under the tɔlɪs tree tails wagging,"Wet but happy, they shook off together under the tallest tree, tails wagging."
"/Users/liu.ying/University of Florida/Leite,Walter - Storiza Corpus Spring 2025/Storiza_Participant_Recording_05-30-25/annotated_sentence_segments/uid_uJ59YClhDZUuJsN0vsDR1GRv6pu1_sid_9aQcNlrmXoeI8N7VSq3c_1742872549_195799046_sentence_segment.wav",Teddy and Max agreed it was their best day discovering treasures of their friendship,"Teddy and Max agreed it was their best day, discovering treasures of their friendship."
"/Users/liu.ying/University of Florida/Leite,Walter - Storiza Corpus Spring 2025/Storiza_Participant_Recording_05-30-25/annotated_sentence_segments/uid_THJAu4lbjHRa32ysgvSU3Etlb0d2_sid_QP6RR2aVPvPDSrDB99cc_1743032180_195799047_sentence_segment.wav",A big red dɹæ:ɡɪn was sad,A big red dragon was sad.
"/Users/liu.ying/University of Florida/Leite,Walter - Storiza Corpus Spring 2025/Storiza_Participant_Recording_05-30-25/annotated_sentence_segments/uid_THJAu4lbjHRa32ysgvSU3Etlb0d2_sid_QP6RR2aVPvPDSrDB99cc_1743032180_195799048_sentence_segment.wav",He sa He sat on a lɔ:ɡ,It sat on a log.
"/Users/liu.ying/University of Florida/Leite,Walter - Storiza Corpus Spring 2025/Storiza_Participant_Recording_05-30-25/annotated_sentence_segments/uid_THJAu4lbjHRa32ysgvSU3Etlb0d2_sid_QP6RR2aVPvPDSrDB99cc_1743032180_195799049_sentence_segment.wav",Then a man came,Then a man came.
"/Users/liu.ying/University of Florida/Leite,Walter - Storiza Corpus Spring 2025/Storiza_Participant_Recording_05-30-25/annotated_sentence_segments/uid_THJAu4lbjHRa32ysgvSU3Etlb0d2_sid_QP6RR2aVPvPDSrDB99cc_1743032180_195799050_sentence_segment.wav",hi: had a bag of fun,He had a bag of fun.
"/Users/liu.ying/University of Florida/Leite,Walter - Storiza Corpus Spring 2025/Storiza_Participant_Recording_05-30-25/annotated_sentence_segments/uid_THJAu4lbjHRa32ysgvSU3Etlb0d2_sid_QP6RR2aVPvPDSrDB99cc_1743032180_195799051_sentence_segment.wav",The dragon f|ɛ|l.lt felt glad and wagged his its tail,The dragon felt glad and wagged its tail.
"/Users/liu.ying/University of Florida/Leite,Walter - Storiza Corpus Spring 2025/Storiza_Participant_Recording_05-30-25/annotated_sentence_segments/uid_THJAu4lbjHRa32ysgvSU3Etlb0d2_sid_QP6RR2aVPvPDSrDB99cc_1743032180_195799052_sentence_segment.wav",The dragon and the man had jam,The dragon and the man had jam.
"/Users/liu.ying/University of Florida/Leite,Walter - Storiza Corpus Spring 2025/Storiza_Participant_Recording_05-30-25/annotated_sentence_segments/uid_THJAu4lbjHRa32ysgvSU3Etlb0d2_sid_QP6RR2aVPvPDSrDB99cc_1743032180_195799053_sentence_segment.wav",The dragon was happy at last,The dragon was happy at last.
"/Users/liu.ying/University of Florida/Leite,Walter - Storiza Corpus Spring 2025/Storiza_Participant_Recording_05-30-25/annotated_sentence_segments/uid_EfKQNmht2ebtDnNadrezErlhcDF3_sid_MrJqeNzcm0ADJEBm72gJ_1741214318_195799054_sentence_segment.wav",A small salamander name Sam lived in a fɔɹəs,A small salamander named Sam lived in a forest.
"/Users/liu.ying/University of Florida/Leite,Walter - Storiza Corpus Spring 2025/Storiza_Participant_Recording_05-30-25/annotated_sentence_segments/uid_EfKQNmht2ebtDnNadrezErlhcDF3_sid_MrJqeNzcm0ADJEBm72gJ_1741214318_195799055_sentence_segment.wav",He like to explore far and wide,He liked to explore far and wide.
"/Users/liu.ying/University of Florida/Leite,Walter - Storiza Corpus Spring 2025/Storiza_Participant_Recording_05-30-25/annotated_sentence_segments/uid_EfKQNmht2ebtDnNadrezErlhcDF3_sid_MrJqeNzcm0ADJEBm72gJ_1741214318_195799056_sentence_segment.wav",One morning Sam found a s:pɑɹklɪŋ lake with clear water,"One morning, Sam found a sparkling lake with clear water."
"/Users/liu.ying/University of Florida/Leite,Walter - Storiza Corpus Spring 2025/Storiza_Participant_Recording_05-30-25/annotated_sentence_segments/uid_EfKQNmht2ebtDnNadrezErlhcDF3_sid_MrJqeNzcm0ADJEBm72gJ_1741214318_195799057_sentence_segment.wav",Before he jumped ɪ.ɪn he s:ɔ a carp swim by,"Before he jumped in, he saw a carp swim by."
"/Users/liu.ying/University of Florida/Leite,Walter - Storiza Corpus Spring 2025/Storiza_Participant_Recording_05-30-25/annotated_sentence_segments/uid_EfKQNmht2ebtDnNadrezErlhcDF3_sid_MrJqeNzcm0ADJEBm72gJ_1741214318_195799058_sentence_segment.wav",The carp shared stories of the ocean wonders,The carp shared stories of the ocean's wonder.
"/Users/liu.ying/University of Florida/Leite,Walter - Storiza Corpus Spring 2025/Storiza_Participant_Recording_05-30-25/annotated_sentence_segments/uid_EfKQNmht2ebtDnNadrezErlhcDF3_sid_MrJqeNzcm0ADJEBm72gJ_1741214318_195799059_sentence_segment.wav",With excitement Sam imagined the places he could visit,"With excitement, Sam imagined more places he could visit."
"/Users/liu.ying/University of Florida/Leite,Walter - Storiza Corpus Spring 2025/Storiza_Participant_Recording_05-30-25/annotated_sentence_segments/uid_EfKQNmht2ebtDnNadrezErlhcDF3_sid_MrJqeNzcm0ADJEBm72gJ_1741214318_195799060_sentence_segment.wav",As the sun set Sam returned home idʒɚ to tell his family about his əvɛntʃɚ,"As the sun set, Sam returned home, eager to tell his family about his adventure."
"/Users/liu.ying/University of Florida/Leite,Walter - Storiza Corpus Spring 2025/Storiza_Participant_Recording_05-30-25/annotated_sentence_segments/uid_EfKQNmht2ebtDnNadrezErlhcDF3_sid_MrJqeNzcm0ADJEBm72gJ_1741214318_195799061_sentence_segment.wav",That night he dreamed of ocean oceans sa and stars feeling brave and ready and more,"That night, he dreamed of oceans and stars, feeling brave and ready for more."
"/Users/liu.ying/University of Florida/Leite,Walter - Storiza Corpus Spring 2025/Storiza_Participant_Recording_05-30-25/annotated_sentence_segments/uid_CanxAhhjiePs6niCtdVzPqVIzXt1_sid_gUXg6qMNfG1UwQvM5G7u_1742765846_195799062_sentence_segment.wav",Ben and his fwɛn Jake love playing soccer,Ben and his friend Jake loved playing soccer.
"/Users/liu.ying/University of Florida/Leite,Walter - Storiza Corpus Spring 2025/Storiza_Participant_Recording_05-30-25/annotated_sentence_segments/uid_CanxAhhjiePs6niCtdVzPqVIzXt1_sid_gUXg6qMNfG1UwQvM5G7u_1742765846_195799063_sentence_segment.wav",One sunny day they joined a game at th.th.duh park,"One sunny day, they joined a game at the park."
"/Users/liu.ying/University of Florida/Leite,Walter - Storiza Corpus Spring 2025/Storiza_Participant_Recording_05-30-25/annotated_sentence_segments/uid_CanxAhhjiePs6niCtdVzPqVIzXt1_sid_gUXg6qMNfG1UwQvM5G7u_1742765846_195799064_sentence_segment.wav",Ben kick the ball to Jake who dashed down the field,"Ben kicked the ball to Jake, who dashed down the field."
"/Users/liu.ying/University of Florida/Leite,Walter - Storiza Corpus Spring 2025/Storiza_Participant_Recording_05-30-25/annotated_sentence_segments/uid_CanxAhhjiePs6niCtdVzPqVIzXt1_sid_gUXg6qMNfG1UwQvM5G7u_1742765846_195799065_sentence_segment.wav",Jake s:wɪftli passed it back to Ben,Jake swiftly passed it back to Ben.
"/Users/liu.ying/University of Florida/Leite,Walter - Storiza Corpus Spring 2025/Storiza_Participant_Recording_05-30-25/annotated_sentence_segments/uid_CanxAhhjiePs6niCtdVzPqVIzXt1_sid_gUXg6qMNfG1UwQvM5G7u_1742765846_195799066_sentence_segment.wav",Ben aimed and shot the ball,Ben aimed and shot the ball.
"/Users/liu.ying/University of Florida/Leite,Walter - Storiza Corpus Spring 2025/Storiza_Participant_Recording_05-30-25/annotated_sentence_segments/uid_CanxAhhjiePs6niCtdVzPqVIzXt1_sid_gUXg6qMNfG1UwQvM5G7u_1742765846_195799067_sentence_segment.wav",It scored thw|ough the air soared through the air and landed in the goal,It soared through the air and landed in the goal.
"/Users/liu.ying/University of Florida/Leite,Walter - Storiza Corpus Spring 2025/Storiza_Participant_Recording_05-30-25/annotated_sentence_segments/uid_CanxAhhjiePs6niCtdVzPqVIzXt1_sid_gUXg6qMNfG1UwQvM5G7u_1742765846_195799068_sentence_segment.wav",Hooray their team cheered,"""Hooray!"" their team cheered."
"/Users/liu.ying/University of Florida/Leite,Walter - Storiza Corpus Spring 2025/Storiza_Participant_Recording_05-30-25/annotated_sentence_segments/uid_CanxAhhjiePs6niCtdVzPqVIzXt1_sid_gUXg6qMNfG1UwQvM5G7u_1742765846_195799069_sentence_segment.wav",The game continue and bəʊf fwɛndz played with great skill,"The game continued, and both friends played with great skill."
"/Users/liu.ying/University of Florida/Leite,Walter - Storiza Corpus Spring 2025/Storiza_Participant_Recording_05-30-25/annotated_sentence_segments/uid_CanxAhhjiePs6niCtdVzPqVIzXt1_sid_gUXg6qMNfG1UwQvM5G7u_1742765846_195799070_sentence_segment.wav",Near the ɛn the score was tied,"Near the end, the score was tied."
"/Users/liu.ying/University of Florida/Leite,Walter - Storiza Corpus Spring 2025/Storiza_Participant_Recording_05-30-25/annotated_sentence_segments/uid_CanxAhhjiePs6niCtdVzPqVIzXt1_sid_gUXg6qMNfG1UwQvM5G7u_1742765846_195799071_sentence_segment.wav",Ben had one læʃ chance,Ben had one last chance.
"/Users/liu.ying/University of Florida/Leite,Walter - Storiza Corpus Spring 2025/Storiza_Participant_Recording_05-30-25/annotated_sentence_segments/uid_CanxAhhjiePs6niCtdVzPqVIzXt1_sid_gUXg6qMNfG1UwQvM5G7u_1742765846_195799072_sentence_segment.wav",He kick the ball hard and it zoom past the goalie,"He kicked the ball hard, and it zoomed past the goalie."
"/Users/liu.ying/University of Florida/Leite,Walter - Storiza Corpus Spring 2025/Storiza_Participant_Recording_05-30-25/annotated_sentence_segments/uid_CanxAhhjiePs6niCtdVzPqVIzXt1_sid_gUXg6qMNfG1UwQvM5G7u_1742765846_195799073_sentence_segment.wav",Their team won,Their team won!
"/Users/liu.ying/University of Florida/Leite,Walter - Storiza Corpus Spring 2025/Storiza_Participant_Recording_05-30-25/annotated_sentence_segments/uid_CanxAhhjiePs6niCtdVzPqVIzXt1_sid_gUXg6qMNfG1UwQvM5G7u_1742765846_195799074_sentence_segment.wav",Ben and Jake celeray wɪf bih with big smiles,Ben and Jake celebrated with big smiles.
"/Users/liu.ying/University of Florida/Leite,Walter - Storiza Corpus Spring 2025/Storiza_Participant_Recording_05-30-25/annotated_sentence_segments/uid_flpss45kNMRJ1OyjEiJaPFx5rCo2_sid_kugsV0n1o7Djk2ZJqtXt_1742679972_195799075_sentence_segment.wav",In a fluffy pink unicorn school Joy the unicorn joined her firs class,"In a fluffy pink unicorn school, Joy the unicorn joined her first class."
"/Users/liu.ying/University of Florida/Leite,Walter - Storiza Corpus Spring 2025/Storiza_Participant_Recording_05-30-25/annotated_sentence_segments/uid_flpss45kNMRJ1OyjEiJaPFx5rCo2_sid_kugsV0n1o7Djk2ZJqtXt_1742679972_195799076_sentence_segment.wav",She felt a bit nervous but excited,She felt a bit nervous but excited.
"/Users/liu.ying/University of Florida/Leite,Walter - Storiza Corpus Spring 2025/Storiza_Participant_Recording_05-30-25/annotated_sentence_segments/uid_flpss45kNMRJ1OyjEiJaPFx5rCo2_sid_kugsV0n1o7Djk2ZJqtXt_1742679972_195799077_sentence_segment.wav",Her teacher Ms. Roy was friendly and full of stories,"Her teacher, Mr. Roy, was friendly and full of stories."
"/Users/liu.ying/University of Florida/Leite,Walter - Storiza Corpus Spring 2025/Storiza_Participant_Recording_05-30-25/annotated_sentence_segments/uid_flpss45kNMRJ1OyjEiJaPFx5rCo2_sid_kugsV0n1o7Djk2ZJqtXt_1742679972_195799078_sentence_segment.wav",hees ʌm He taught them about the magic of rainbows and the joy they bring,He taught them about the magic of rainbows and the joy they bring.
"/Users/liu.ying/University of Florida/Leite,Walter - Storiza Corpus Spring 2025/Storiza_Participant_Recording_05-30-25/annotated_sentence_segments/uid_flpss45kNMRJ1OyjEiJaPFx5rCo2_sid_kugsV0n1o7Djk2ZJqtXt_1742679972_195799079_sentence_segment.wav",During recess Joy found a toy unicorn that could fly,"During recess, Joy found a toy unicorn that could fly."
"/Users/liu.ying/University of Florida/Leite,Walter - Storiza Corpus Spring 2025/Storiza_Participant_Recording_05-30-25/annotated_sentence_segments/uid_flpss45kNMRJ1OyjEiJaPFx5rCo2_sid_kugsV0n1o7Djk2ZJqtXt_1742679972_195799080_sentence_segment.wav",She showed it to her friends and they all enjoyed playing together,She showed it to her friends and they all enjoyed playing together.
"/Users/liu.ying/University of Florida/Leite,Walter - Storiza Corpus Spring 2025/Storiza_Participant_Recording_05-30-25/annotated_sentence_segments/uid_flpss45kNMRJ1OyjEiJaPFx5rCo2_sid_kugsV0n1o7Djk2ZJqtXt_1742679972_195799081_sentence_segment.wav",By the end of the day Joy felt ʌm overjoyed,"By the end of the day, Joy felt overjoyed."
"/Users/liu.ying/University of Florida/Leite,Walter - Storiza Corpus Spring 2025/Storiza_Participant_Recording_05-30-25/annotated_sentence_segments/uid_flpss45kNMRJ1OyjEiJaPFx5rCo2_sid_kugsV0n1o7Djk2ZJqtXt_1742679972_195799082_sentence_segment.wav",She realized that that sku was a place full of fun and new friends,She realized that school was a place full of fun and new friends.
"/Users/liu.ying/University of Florida/Leite,Walter - Storiza Corpus Spring 2025/Storiza_Participant_Recording_05-30-25/annotated_sentence_segments/uid_flpss45kNMRJ1OyjEiJaPFx5rCo2_sid_kugsV0n1o7Djk2ZJqtXt_1742679972_195799083_sentence_segment.wav",Joy couldn't wait to return the ʌm return me nɛks day and learn more,Joy couldn't wait to return the next day and learn more.
"/Users/liu.ying/University of Florida/Leite,Walter - Storiza Corpus Spring 2025/Storiza_Participant_Recording_05-30-25/annotated_sentence_segments/uid_EfKQNmht2ebtDnNadrezErlhcDF3_sid_2r0KTzHJ1z29iYVj6xTe_1741215438_195799084_sentence_segment.wav",Mara had a special  that brought her luck,Mara had a special charm that brought her luck.
"/Users/liu.ying/University of Florida/Leite,Walter - Storiza Corpus Spring 2025/Storiza_Participant_Recording_05-30-25/annotated_sentence_segments/uid_EfKQNmht2ebtDnNadrezErlhcDF3_sid_2r0KTzHJ1z29iYVj6xTe_1741215438_195799085_sentence_segment.wav",It was a small star that she wore on a cord,It was a small star that she wore on a cord.
"/Users/liu.ying/University of Florida/Leite,Walter - Storiza Corpus Spring 2025/Storiza_Participant_Recording_05-30-25/annotated_sentence_segments/uid_EfKQNmht2ebtDnNadrezErlhcDF3_sid_2r0KTzHJ1z29iYVj6xTe_1741215438_195799086_sentence_segment.wav",One sunny morning Mara went to explore a naɹbi fɔɹəs,"One sunny morning, Mara went to explore a nearby forest."
"/Users/liu.ying/University of Florida/Leite,Walter - Storiza Corpus Spring 2025/Storiza_Participant_Recording_05-30-25/annotated_sentence_segments/uid_EfKQNmht2ebtDnNadrezErlhcDF3_sid_2r0KTzHJ1z29iYVj6xTe_1741215438_195799087_sentence_segment.wav",æʃ she moved through the tall trees she dɪ not notice her charm was no longer on her,"As she moved through the tall trees, she did not notice her charm was no longer on her."
"/Users/liu.ying/University of Florida/Leite,Walter - Storiza Corpus Spring 2025/Storiza_Participant_Recording_05-30-25/annotated_sentence_segments/uid_EfKQNmht2ebtDnNadrezErlhcDF3_sid_2r0KTzHJ1z29iYVj6xTe_1741215438_195799088_sentence_segment.wav",When she reached a clearing she realized it was gone,"When she reached a clearing, she realized it was gone."
"/Users/liu.ying/University of Florida/Leite,Walter - Storiza Corpus Spring 2025/Storiza_Participant_Recording_05-30-25/annotated_sentence_segments/uid_EfKQNmht2ebtDnNadrezErlhcDF3_sid_2r0KTzHJ1z29iYVj6xTe_1741215438_195799089_sentence_segment.wav",Mara felt a little s.s.s.soɹ for losing it,Mara felt a little sore for losing it.
"/Users/liu.ying/University of Florida/Leite,Walter - Storiza Corpus Spring 2025/Storiza_Participant_Recording_05-30-25/annotated_sentence_segments/uid_EfKQNmht2ebtDnNadrezErlhcDF3_sid_2r0KTzHJ1z29iYVj6xTe_1741215438_195799090_sentence_segment.wav",However she remembered that a true charm was the ənvɛntʃɚz she had,"However, she remembered that the true charm was the adventures she had."
"/Users/liu.ying/University of Florida/Leite,Walter - Storiza Corpus Spring 2025/Storiza_Participant_Recording_05-30-25/annotated_sentence_segments/uid_EfKQNmht2ebtDnNadrezErlhcDF3_sid_2r0KTzHJ1z29iYVj6xTe_1741215438_195799091_sentence_segment.wav",On her way back a friendly kɹ:oʊ fa.faʊnd the charm and dropped it before her,"On her way back, a friendly crow found the charm and dropped it before her."
"/Users/liu.ying/University of Florida/Leite,Walter - Storiza Corpus Spring 2025/Storiza_Participant_Recording_05-30-25/annotated_sentence_segments/uid_EfKQNmht2ebtDnNadrezErlhcDF3_sid_2r0KTzHJ1z29iYVj6xTe_1741215438_195799092_sentence_segment.wav",Mara smiled her luck restored once more,"Mara smiled, her luck restored once more."
"/Users/liu.ying/University of Florida/Leite,Walter - Storiza Corpus Spring 2025/Storiza_Participant_Recording_05-30-25/annotated_sentence_segments/uid_mHWscHBXcoabM7fdw88AliGuPWw1_sid_7XfLT0jT1wvkAI9zLj1M_1743381734_195799093_sentence_segment.wav",Once a baby nay tiger named Gus lid in a svʌtɪkəld jungle,"Once, a baby tiger named Gus lived in a sunlit jungle."
"/Users/liu.ying/University of Florida/Leite,Walter - Storiza Corpus Spring 2025/Storiza_Participant_Recording_05-30-25/annotated_sentence_segments/uid_mHWscHBXcoabM7fdw88AliGuPWw1_sid_7XfLT0jT1wvkAI9zLj1M_1743381734_195799094_sentence_segment.wav",Gus loved to wʌn and dʒʌp əmʌŋz the tall twiz,Gus loved to run and jump among the tall trees.
"/Users/liu.ying/University of Florida/Leite,Walter - Storiza Corpus Spring 2025/Storiza_Participant_Recording_05-30-25/annotated_sentence_segments/uid_mHWscHBXcoabM7fdw88AliGuPWw1_sid_7XfLT0jT1wvkAI9zLj1M_1743381734_195799095_sentence_segment.wav",One day the big sun soʊn bwaɪtli making Gus fɪl warm and happy,"One day, the big sun shone brightly, making Gus feel warm and happy."
"/Users/liu.ying/University of Florida/Leite,Walter - Storiza Corpus Spring 2025/Storiza_Participant_Recording_05-30-25/annotated_sentence_segments/uid_mHWscHBXcoabM7fdw88AliGuPWw1_sid_7XfLT0jT1wvkAI9zLj1M_1743381734_195799096_sentence_segment.wav",ɡʌs: stumbled æeɪ small pond and splashed joyfully in the cool water,Gus spotted a small pond and splashed joyfully in the cool water.
"/Users/liu.ying/University of Florida/Leite,Walter - Storiza Corpus Spring 2025/Storiza_Participant_Recording_05-30-25/annotated_sentence_segments/uid_mHWscHBXcoabM7fdw88AliGuPWw1_sid_7XfLT0jT1wvkAI9zLj1M_1743381734_195799097_sentence_segment.wav",sʌdntli a wɛd bird sæŋk a sweet song,"Suddenly, a red bird sang a sweet song."
"/Users/liu.ying/University of Florida/Leite,Walter - Storiza Corpus Spring 2025/Storiza_Participant_Recording_05-30-25/annotated_sentence_segments/uid_mHWscHBXcoabM7fdw88AliGuPWw1_sid_7XfLT0jT1wvkAI9zLj1M_1743381734_195799098_sentence_segment.wav",Gus listened and smiled,Gus listened and smiled.
"/Users/liu.ying/University of Florida/Leite,Walter - Storiza Corpus Spring 2025/Storiza_Participant_Recording_05-30-25/annotated_sentence_segments/uid_mHWscHBXcoabM7fdw88AliGuPWw1_sid_7XfLT0jT1wvkAI9zLj1M_1743381734_195799099_sentence_segment.wav",æs: the day ended Gus lay under a big tree filling soft safe and loved,"As the day ended, Gus lay under a big tree, feeling safe and loved."
"/Users/liu.ying/University of Florida/Leite,Walter - Storiza Corpus Spring 2025/Storiza_Participant_Recording_05-30-25/annotated_sentence_segments/uid_mHWscHBXcoabM7fdw88AliGuPWw1_sid_7XfLT0jT1wvkAI9zLj1M_1743381734_195799100_sentence_segment.wav",His jungle was full of wʌndəz and his hot was full of joy,"His jungle was full of wonders, and his heart was full of joy."
"/Users/liu.ying/University of Florida/Leite,Walter - Storiza Corpus Spring 2025/Storiza_Participant_Recording_05-30-25/annotated_sentence_segments/uid_mHWscHBXcoabM7fdw88AliGuPWw1_sid_7XfLT0jT1wvkAI9zLj1M_1743381734_195799101_sentence_segment.wav",Gus knew that he would ɑlweɪzt tru.|truess his jungle əvɛntʃɚz,Gus knew that he would always cherish his jungle adventures.
"/Users/liu.ying/University of Florida/Leite,Walter - Storiza Corpus Spring 2025/Storiza_Participant_Recording_05-30-25/annotated_sentence_segments/uid_u2hytH2KWIS6ewdShfEZisygqIo2_sid_2Zyx7IELFHpKDvjgVHnB_1742347977_195799102_sentence_segment.wav",Fly Girl love the sky,Fly Girl loved the sky.
"/Users/liu.ying/University of Florida/Leite,Walter - Storiza Corpus Spring 2025/Storiza_Participant_Recording_05-30-25/annotated_sentence_segments/uid_u2hytH2KWIS6ewdShfEZisygqIo2_sid_2Zyx7IELFHpKDvjgVHnB_1742347977_195799103_sentence_segment.wav",Every day she went up up and away,"Every day, she went up, up, and away."
"/Users/liu.ying/University of Florida/Leite,Walter - Storiza Corpus Spring 2025/Storiza_Participant_Recording_05-30-25/annotated_sentence_segments/uid_u2hytH2KWIS6ewdShfEZisygqIo2_sid_2Zyx7IELFHpKDvjgVHnB_1742347977_195799104_sentence_segment.wav",Her wings sprea spread wide and she soared high above,"Her wings spread wide, and she soared high above."
"/Users/liu.ying/University of Florida/Leite,Walter - Storiza Corpus Spring 2025/Storiza_Participant_Recording_05-30-25/annotated_sentence_segments/uid_u2hytH2KWIS6ewdShfEZisygqIo2_sid_2Zyx7IELFHpKDvjgVHnB_1742347977_195799105_sentence_segment.wav",The breeze made her feel əl|aɪv,The breeze made her feel alive.
"/Users/liu.ying/University of Florida/Leite,Walter - Storiza Corpus Spring 2025/Storiza_Participant_Recording_05-30-25/annotated_sentence_segments/uid_u2hytH2KWIS6ewdShfEZisygqIo2_sid_2Zyx7IELFHpKDvjgVHnB_1742347977_195799106_sentence_segment.wav",Each f:laɪt was free and fast,Each flight was free and fast.
"/Users/liu.ying/University of Florida/Leite,Walter - Storiza Corpus Spring 2025/Storiza_Participant_Recording_05-30-25/annotated_sentence_segments/uid_u2hytH2KWIS6ewdShfEZisygqIo2_sid_2Zyx7IELFHpKDvjgVHnB_1742347977_195799107_sentence_segment.wav",One day she saw a lost bird,"One day, she saw a lost bird."
"/Users/liu.ying/University of Florida/Leite,Walter - Storiza Corpus Spring 2025/Storiza_Participant_Recording_05-30-25/annotated_sentence_segments/uid_u2hytH2KWIS6ewdShfEZisygqIo2_sid_2Zyx7IELFHpKDvjgVHnB_1742347977_195799108_sentence_segment.wav",It was small and very scared,It was small and very scared.
"/Users/liu.ying/University of Florida/Leite,Walter - Storiza Corpus Spring 2025/Storiza_Participant_Recording_05-30-25/annotated_sentence_segments/uid_u2hytH2KWIS6ewdShfEZisygqIo2_sid_2Zyx7IELFHpKDvjgVHnB_1742347977_195799109_sentence_segment.wav",Follow me Fly Girl said  smile,"""Follow me,"" Fly Girl said with a smile."
"/Users/liu.ying/University of Florida/Leite,Walter - Storiza Corpus Spring 2025/Storiza_Participant_Recording_05-30-25/annotated_sentence_segments/uid_u2hytH2KWIS6ewdShfEZisygqIo2_sid_2Zyx7IELFHpKDvjgVHnB_1742347977_195799110_sentence_segment.wav",The bird flapped and flapped,The bird flapped and followed.
"/Users/liu.ying/University of Florida/Leite,Walter - Storiza Corpus Spring 2025/Storiza_Participant_Recording_05-30-25/annotated_sentence_segments/uid_u2hytH2KWIS6ewdShfEZisygqIo2_sid_2Zyx7IELFHpKDvjgVHnB_1742347977_195799111_sentence_segment.wav",Together they flew through the clouds and over the hills,"Together, they flew through the clouds and over the hills."
"/Users/liu.ying/University of Florida/Leite,Walter - Storiza Corpus Spring 2025/Storiza_Participant_Recording_05-30-25/annotated_sentence_segments/uid_u2hytH2KWIS6ewdShfEZisygqIo2_sid_2Zyx7IELFHpKDvjgVHnB_1742347977_195799112_sentence_segment.wav",hat wat At læs they reach the bird's hum,"At last, they reached the bird's home."
"/Users/liu.ying/University of Florida/Leite,Walter - Storiza Corpus Spring 2025/Storiza_Participant_Recording_05-30-25/annotated_sentence_segments/uid_u2hytH2KWIS6ewdShfEZisygqIo2_sid_2Zyx7IELFHpKDvjgVHnB_1742347977_195799113_sentence_segment.wav",Happy and safe ɪ|t turned with joy,"Happy and safe, it chirped with joy."
"/Users/liu.ying/University of Florida/Leite,Walter - Storiza Corpus Spring 2025/Storiza_Participant_Recording_05-30-25/annotated_sentence_segments/uid_u2hytH2KWIS6ewdShfEZisygqIo2_sid_2Zyx7IELFHpKDvjgVHnB_1742347977_195799114_sentence_segment.wav",Fly Girl waved goodbye and flew bæ to her world ready for a for a new adventure,"Fly Girl waved goodbye and flew back to her world, ready for new adventures."
"/Users/liu.ying/University of Florida/Leite,Walter - Storiza Corpus Spring 2025/Storiza_Participant_Recording_05-30-25/annotated_sentence_segments/uid_b7tT96cSBaaiNnMJ2KcuOQPRkO83_sid_cEhgSTuLtXQzTUpjt1kl_1741562634_195799115_sentence_segment.wav",Lily and jank wɛn to the fim pɑɹ,Lily and Jake went to the theme park.
"/Users/liu.ying/University of Florida/Leite,Walter - Storiza Corpus Spring 2025/Storiza_Participant_Recording_05-30-25/annotated_sentence_segments/uid_b7tT96cSBaaiNnMJ2KcuOQPRkO83_sid_cEhgSTuLtXQzTUpjt1kl_1741562634_195799116_sentence_segment.wav",They saw a big roll coaster called f:under tɹæ|k,"They saw a big roller coaster called ""Thunder Track."""
"/Users/liu.ying/University of Florida/Leite,Walter - Storiza Corpus Spring 2025/Storiza_Participant_Recording_05-30-25/annotated_sentence_segments/uid_b7tT96cSBaaiNnMJ2KcuOQPRkO83_sid_cEhgSTuLtXQzTUpjt1kl_1741562634_195799117_sentence_segment.wav",l:y felt a lɪləl skɛəɹ|d but Jack was excited,"Lily felt a little scared, but Jake was excited."
"/Users/liu.ying/University of Florida/Leite,Walter - Storiza Corpus Spring 2025/Storiza_Participant_Recording_05-30-25/annotated_sentence_segments/uid_b7tT96cSBaaiNnMJ2KcuOQPRkO83_sid_cEhgSTuLtXQzTUpjt1kl_1741562634_195799118_sentence_segment.wav",As they climb klaɪm|d into the seat the wɪn whooshed past,"As they climbed into the seat, the wind whooshed past."
"/Users/liu.ying/University of Florida/Leite,Walter - Storiza Corpus Spring 2025/Storiza_Participant_Recording_05-30-25/annotated_sentence_segments/uid_b7tT96cSBaaiNnMJ2KcuOQPRkO83_sid_cEhgSTuLtXQzTUpjt1kl_1741562634_195799119_sentence_segment.wav",Up up up they went then zoo:m down the tɹæ|k,"Up, up, up they went, then zoomed down the track!"
"/Users/liu.ying/University of Florida/Leite,Walter - Storiza Corpus Spring 2025/Storiza_Participant_Recording_05-30-25/annotated_sentence_segments/uid_b7tT96cSBaaiNnMJ2KcuOQPRkO83_sid_cEhgSTuLtXQzTUpjt1kl_1741562634_195799120_sentence_segment.wav",Lily screamed a laugh,Lily screamed and laughed.
"/Users/liu.ying/University of Florida/Leite,Walter - Storiza Corpus Spring 2025/Storiza_Participant_Recording_05-30-25/annotated_sentence_segments/uid_b7tT96cSBaaiNnMJ2KcuOQPRkO83_sid_cEhgSTuLtXQzTUpjt1kl_1741562634_195799121_sentence_segment.wav",bʌ roll coas:|ter twis:|ted and tɝnt making their hair fly,"The roller coaster twisted and turned, making their hair fly."
"/Users/liu.ying/University of Florida/Leite,Walter - Storiza Corpus Spring 2025/Storiza_Participant_Recording_05-30-25/annotated_sentence_segments/uid_b7tT96cSBaaiNnMJ2KcuOQPRkO83_sid_cEhgSTuLtXQzTUpjt1kl_1741562634_195799122_sentence_segment.wav",then When the ri:te stop Lily and Ja|ke grine æ|t itʃə other,"When the ride stopped, Lily and Jake grinned at each other."
"/Users/liu.ying/University of Florida/Leite,Walter - Storiza Corpus Spring 2025/Storiza_Participant_Recording_05-30-25/annotated_sentence_segments/uid_b7tT96cSBaaiNnMJ2KcuOQPRkO83_sid_cEhgSTuLtXQzTUpjt1kl_1741562634_195799123_sentence_segment.wav",Let's go again Jake ʃaʊɪd,"""Let's go again!"" Jake shouted."
"/Users/liu.ying/University of Florida/Leite,Walter - Storiza Corpus Spring 2025/Storiza_Participant_Recording_05-30-25/annotated_sentence_segments/uid_b7tT96cSBaaiNnMJ2KcuOQPRkO83_sid_cEhgSTuLtXQzTUpjt1kl_1741562634_195799124_sentence_segment.wav",Lily nodded feeling bɹeɪ,"Lily nodded, feeling brave."
"/Users/liu.ying/University of Florida/Leite,Walter - Storiza Corpus Spring 2025/Storiza_Participant_Recording_05-30-25/annotated_sentence_segments/uid_b7tT96cSBaaiNnMJ2KcuOQPRkO83_sid_cEhgSTuLtXQzTUpjt1kl_1741562634_195799125_sentence_segment.wav",They ɹæm back to the line ready for another fɹɪlɪŋ ɹaɪ on the Thunder Track,"They ran back to the line, ready for another thrilling ride on the Thunder Track."
"/Users/liu.ying/University of Florida/Leite,Walter - Storiza Corpus Spring 2025/Storiza_Participant_Recording_05-30-25/annotated_sentence_segments/uid_bKduvdIsrbbqPZ7Z3lCfQlF8WBn1_sid_vlZFDeWdkcL846ISBtph_1742517940_195799126_sentence_segment.wav",On a sunny Saturday Timmy woke up with excitement,"On a sunny Saturday, Timmy woke up with excitement."
"/Users/liu.ying/University of Florida/Leite,Walter - Storiza Corpus Spring 2025/Storiza_Participant_Recording_05-30-25/annotated_sentence_segments/uid_bKduvdIsrbbqPZ7Z3lCfQlF8WBn1_sid_vlZFDeWdkcL846ISBtph_1742517940_195799127_sentence_segment.wav",It was football day,It was football day!
"/Users/liu.ying/University of Florida/Leite,Walter - Storiza Corpus Spring 2025/Storiza_Participant_Recording_05-30-25/annotated_sentence_segments/uid_bKduvdIsrbbqPZ7Z3lCfQlF8WBn1_sid_vlZFDeWdkcL846ISBtph_1742517940_195799128_sentence_segment.wav",He put on his jersey and tied his shoes tightly,He put on his jersey and tied his shoes tightly.
"/Users/liu.ying/University of Florida/Leite,Walter - Storiza Corpus Spring 2025/Storiza_Participant_Recording_05-30-25/annotated_sentence_segments/uid_bKduvdIsrbbqPZ7Z3lCfQlF8WBn1_sid_vlZFDeWdkcL846ISBtph_1742517940_195799129_sentence_segment.wav",Timmy's team the Tigers was ready to pweɪ againts the Bears,"Timmy's team, the Tigers, was ready to play against the Bears."
"/Users/liu.ying/University of Florida/Leite,Walter - Storiza Corpus Spring 2025/Storiza_Participant_Recording_05-30-25/annotated_sentence_segments/uid_bKduvdIsrbbqPZ7Z3lCfQlF8WBn1_sid_vlZFDeWdkcL846ISBtph_1742517940_195799130_sentence_segment.wav",At the field the coach gathered the Tigers and reminded them pweɪ fair,"At the field, the coach gathered the Tigers and reminded them, ""Play fair!"
"/Users/liu.ying/University of Florida/Leite,Walter - Storiza Corpus Spring 2025/Storiza_Participant_Recording_05-30-25/annotated_sentence_segments/uid_bKduvdIsrbbqPZ7Z3lCfQlF8WBn1_sid_vlZFDeWdkcL846ISBtph_1742517940_195799131_sentence_segment.wav",ʃə|ʃo Show your skills and keep trying,"Show your skills and keep trying!"""
"/Users/liu.ying/University of Florida/Leite,Walter - Storiza Corpus Spring 2025/Storiza_Participant_Recording_05-30-25/annotated_sentence_segments/uid_bKduvdIsrbbqPZ7Z3lCfQlF8WBn1_sid_vlZFDeWdkcL846ISBtph_1742517940_195799132_sentence_segment.wav",The game began am the ball zoomed from players to player,"The game began, and the ball zoomed from player to player."
"/Users/liu.ying/University of Florida/Leite,Walter - Storiza Corpus Spring 2025/Storiza_Participant_Recording_05-30-25/annotated_sentence_segments/uid_bKduvdIsrbbqPZ7Z3lCfQlF8WBn1_sid_vlZFDeWdkcL846ISBtph_1742517940_195799133_sentence_segment.wav",Timmy caught the ball and ran swiftly dodging the Bears,"Timmy caught the ball and ran swiftly, dodging the Bears."
"/Users/liu.ying/University of Florida/Leite,Walter - Storiza Corpus Spring 2025/Storiza_Participant_Recording_05-30-25/annotated_sentence_segments/uid_bKduvdIsrbbqPZ7Z3lCfQlF8WBn1_sid_vlZFDeWdkcL846ISBtph_1742517940_195799134_sentence_segment.wav",His heart pounded but he focused,"His heart pounded, but he focused."
"/Users/liu.ying/University of Florida/Leite,Walter - Storiza Corpus Spring 2025/Storiza_Participant_Recording_05-30-25/annotated_sentence_segments/uid_bKduvdIsrbbqPZ7Z3lCfQlF8WBn1_sid_vlZFDeWdkcL846ISBtph_1742517940_195799135_sentence_segment.wav",Nearin the goal he kicked the ball,"Near the goal, he kicked the ball."
"/Users/liu.ying/University of Florida/Leite,Walter - Storiza Corpus Spring 2025/Storiza_Participant_Recording_05-30-25/annotated_sentence_segments/uid_bKduvdIsrbbqPZ7Z3lCfQlF8WBn1_sid_vlZFDeWdkcL846ISBtph_1742517940_195799136_sentence_segment.wav",It flew like a rocket and hit the net,It flew like a rocket and hit the net!
"/Users/liu.ying/University of Florida/Leite,Walter - Storiza Corpus Spring 2025/Storiza_Participant_Recording_05-30-25/annotated_sentence_segments/uid_bKduvdIsrbbqPZ7Z3lCfQlF8WBn1_sid_vlZFDeWdkcL846ISBtph_1742517940_195799137_sentence_segment.wav",The fans cheered loudly,The fans cheered loudly.
"/Users/liu.ying/University of Florida/Leite,Walter - Storiza Corpus Spring 2025/Storiza_Participant_Recording_05-30-25/annotated_sentence_segments/uid_bKduvdIsrbbqPZ7Z3lCfQlF8WBn1_sid_vlZFDeWdkcL846ISBtph_1742517940_195799138_sentence_segment.wav",The Tigers won the game,The Tigers won the game.
"/Users/liu.ying/University of Florida/Leite,Walter - Storiza Corpus Spring 2025/Storiza_Participant_Recording_05-30-25/annotated_sentence_segments/uid_bKduvdIsrbbqPZ7Z3lCfQlF8WBn1_sid_vlZFDeWdkcL846ISBtph_1742517940_195799139_sentence_segment.wav",Timmy felt proud and happy,Timmy felt proud and happy.
"/Users/liu.ying/University of Florida/Leite,Walter - Storiza Corpus Spring 2025/Storiza_Participant_Recording_05-30-25/annotated_sentence_segments/uid_bKduvdIsrbbqPZ7Z3lCfQlF8WBn1_sid_vlZFDeWdkcL846ISBtph_1742517940_195799140_sentence_segment.wav",They celebrated as a team knowing they did their best,"They celebrated as a team, knowing they did their best."
"/Users/liu.ying/University of Florida/Leite,Walter - Storiza Corpus Spring 2025/Storiza_Participant_Recording_05-30-25/annotated_sentence_segments/uid_bKduvdIsrbbqPZ7Z3lCfQlF8WBn1_sid_vlZFDeWdkcL846ISBtph_1742517940_195799141_sentence_segment.wav",Football taught Timmy about teamwork effort and joy,"Football taught Timmy about teamwork, effort, and joy."
"/Users/liu.ying/University of Florida/Leite,Walter - Storiza Corpus Spring 2025/Storiza_Participant_Recording_05-30-25/annotated_sentence_segments/uid_tHP0GvI5hccNGBzYfgE2pkEHXiW2_sid_YLXuurDAeYQaKiiuD7UK_1743542725_195799142_sentence_segment.wav",Pam had a big day,Pam had a big day.
"/Users/liu.ying/University of Florida/Leite,Walter - Storiza Corpus Spring 2025/Storiza_Participant_Recording_05-30-25/annotated_sentence_segments/uid_tHP0GvI5hccNGBzYfgE2pkEHXiW2_sid_YLXuurDAeYQaKiiuD7UK_1743542725_195799143_sentence_segment.wav",It was hear bɝtdeɪ,It was her birthday!
"/Users/liu.ying/University of Florida/Leite,Walter - Storiza Corpus Spring 2025/Storiza_Participant_Recording_05-30-25/annotated_sentence_segments/uid_tHP0GvI5hccNGBzYfgE2pkEHXiW2_sid_YLXuurDAeYQaKiiuD7UK_1743542725_195799144_sentence_segment.wav",Pam's hat was red,Pam's hat was red.
"/Users/liu.ying/University of Florida/Leite,Walter - Storiza Corpus Spring 2025/Storiza_Participant_Recording_05-30-25/annotated_sentence_segments/uid_tHP0GvI5hccNGBzYfgE2pkEHXiW2_sid_YLXuurDAeYQaKiiuD7UK_1743542725_195799145_sentence_segment.wav",She had a big cake,She had a big cake.
"/Users/liu.ying/University of Florida/Leite,Walter - Storiza Corpus Spring 2025/Storiza_Participant_Recording_05-30-25/annotated_sentence_segments/uid_tHP0GvI5hccNGBzYfgE2pkEHXiW2_sid_YLXuurDAeYQaKiiuD7UK_1743542725_195799146_sentence_segment.wav",Tim had a if: give for Pam,Tim had a gift for Pam.
"/Users/liu.ying/University of Florida/Leite,Walter - Storiza Corpus Spring 2025/Storiza_Participant_Recording_05-30-25/annotated_sentence_segments/uid_tHP0GvI5hccNGBzYfgE2pkEHXiW2_sid_YLXuurDAeYQaKiiuD7UK_1743542725_195799147_sentence_segment.wav",It was in a bag,It was in a big bag.
"/Users/liu.ying/University of Florida/Leite,Walter - Storiza Corpus Spring 2025/Storiza_Participant_Recording_05-30-25/annotated_sentence_segments/uid_tHP0GvI5hccNGBzYfgE2pkEHXiW2_sid_YLXuurDAeYQaKiiuD7UK_1743542725_195799148_sentence_segment.wav",Pat the cat sat by Pam,"Pat, the cat, sat by Pam."
"/Users/liu.ying/University of Florida/Leite,Walter - Storiza Corpus Spring 2025/Storiza_Participant_Recording_05-30-25/annotated_sentence_segments/uid_tHP0GvI5hccNGBzYfgE2pkEHXiW2_sid_YLXuurDAeYQaKiiuD7UK_1743542725_195799149_sentence_segment.wav",Pam and Tim had fun,Pam and Tim had fun.
"/Users/liu.ying/University of Florida/Leite,Walter - Storiza Corpus Spring 2025/Storiza_Participant_Recording_05-30-25/annotated_sentence_segments/uid_tHP0GvI5hccNGBzYfgE2pkEHXiW2_sid_YLXuurDAeYQaKiiuD7UK_1743542725_195799150_sentence_segment.wav",ðeɪ: sang and klæp|t,They sang and clapped.
"/Users/liu.ying/University of Florida/Leite,Walter - Storiza Corpus Spring 2025/Storiza_Participant_Recording_05-30-25/annotated_sentence_segments/uid_tHP0GvI5hccNGBzYfgE2pkEHXiW2_sid_YLXuurDAeYQaKiiuD7UK_1743542725_195799151_sentence_segment.wav",Hap Happy happy said Pam,"""Happy, happy,"" said Pam."
"/Users/liu.ying/University of Florida/Leite,Walter - Storiza Corpus Spring 2025/Storiza_Participant_Recording_05-30-25/annotated_sentence_segments/uid_tHP0GvI5hccNGBzYfgE2pkEHXiW2_sid_YLXuurDAeYQaKiiuD7UK_1743542725_195799152_sentence_segment.wav",The sun e|t set,The sun set.
"/Users/liu.ying/University of Florida/Leite,Walter - Storiza Corpus Spring 2025/Storiza_Participant_Recording_05-30-25/annotated_sentence_segments/uid_tHP0GvI5hccNGBzYfgE2pkEHXiW2_sid_YLXuurDAeYQaKiiuD7UK_1743542725_195799153_sentence_segment.wav",Pam and pet p|at Pat nap,Pam and Pat nap.
"/Users/liu.ying/University of Florida/Leite,Walter - Storiza Corpus Spring 2025/Storiza_Participant_Recording_05-30-25/annotated_sentence_segments/uid_Om0JhZ6RmTNQ5wDLPHKIC3LtY4g2_sid_TWfFvKRseCHS844V1CEb_1741737067_195799154_sentence_segment.wav",In the heart of the school Taraan kɛəɹə the kinder nurse sat at her dɛs,"In the heart of the school, Tara the kind nurse sat at her desk."
"/Users/liu.ying/University of Florida/Leite,Walter - Storiza Corpus Spring 2025/Storiza_Participant_Recording_05-30-25/annotated_sentence_segments/uid_Om0JhZ6RmTNQ5wDLPHKIC3LtY4g2_sid_TWfFvKRseCHS844V1CEb_1741737067_195799155_sentence_segment.wav",She wore a smai a smart brike bɹaɪ|t s:kɑɹf and always hæ her cart fill with care kits,"She wore a smart, bright scarf and always had her cart filled with care kits."
"/Users/liu.ying/University of Florida/Leite,Walter - Storiza Corpus Spring 2025/Storiza_Participant_Recording_05-30-25/annotated_sentence_segments/uid_Om0JhZ6RmTNQ5wDLPHKIC3LtY4g2_sid_TWfFvKRseCHS844V1CEb_1741737067_195799156_sentence_segment.wav",One day ədʒeɪk who like to draw sar stɑɹ:z bɑɹdʒɫ with a dʒɑ dropped on his arm,"One day, Jake, who liked to draw stars, barged in with a jar dropped on his arm."
"/Users/liu.ying/University of Florida/Leite,Walter - Storiza Corpus Spring 2025/Storiza_Participant_Recording_05-30-25/annotated_sentence_segments/uid_Om0JhZ6RmTNQ5wDLPHKIC3LtY4g2_sid_TWfFvKRseCHS844V1CEb_1741737067_195799157_sentence_segment.wav",It wasn't hɑɹ but tɛəɹ was there with her tʃɑm,"It wasn't hard, but Tara was there with her charm."
"/Users/liu.ying/University of Florida/Leite,Walter - Storiza Corpus Spring 2025/Storiza_Participant_Recording_05-30-25/annotated_sentence_segments/uid_Om0JhZ6RmTNQ5wDLPHKIC3LtY4g2_sid_TWfFvKRseCHS844V1CEb_1741737067_195799158_sentence_segment.wav",Don't worry Jake it's just a little scar she said patting his arm gently with a pad,"""Don't worry, Jake, it's just a little scar,"" she said, patting his arm gently with a pad."
"/Users/liu.ying/University of Florida/Leite,Walter - Storiza Corpus Spring 2025/Storiza_Participant_Recording_05-30-25/annotated_sentence_segments/uid_Om0JhZ6RmTNQ5wDLPHKIC3LtY4g2_sid_TWfFvKRseCHS844V1CEb_1741737067_195799159_sentence_segment.wav",She bændʒɪd it fæs and gave him a smile that could ligh light up ðəʔm dark,She bandaged it fast and gave him a smile that could light up the dark.
"/Users/liu.ying/University of Florida/Leite,Walter - Storiza Corpus Spring 2025/Storiza_Participant_Recording_05-30-25/annotated_sentence_segments/uid_Om0JhZ6RmTNQ5wDLPHKIC3LtY4g2_sid_TWfFvKRseCHS844V1CEb_1741737067_195799160_sentence_segment.wav",θæŋ Tara biya|ke beamed like a star as he dart bat back to class,"""Thanks, Tara!"" Jake beamed like a star as he darted back to class."
"/Users/liu.ying/University of Florida/Leite,Walter - Storiza Corpus Spring 2025/Storiza_Participant_Recording_05-30-25/annotated_sentence_segments/uid_Om0JhZ6RmTNQ5wDLPHKIC3LtY4g2_sid_TWfFvKRseCHS844V1CEb_1741737067_195799161_sentence_segment.wav",Tara wave knowing shle she did her part,"Tara waved, knowing she did her part."
"/Users/liu.ying/University of Florida/Leite,Walter - Storiza Corpus Spring 2025/Storiza_Participant_Recording_05-30-25/annotated_sentence_segments/uid_Om0JhZ6RmTNQ5wDLPHKIC3LtY4g2_sid_TWfFvKRseCHS844V1CEb_1741737067_195799162_sentence_segment.wav",anuh Another happy child and dʒʌs another day for the charming school nurse,"Another happy child, and just another day for the charming school nurse."
"/Users/liu.ying/University of Florida/Leite,Walter - Storiza Corpus Spring 2025/Storiza_Participant_Recording_05-30-25/annotated_sentence_segments/uid_ILoW3cdKuQPYK9GCBc6aoCHzooz2_sid_DgY2XxtkUEMBV3Z2dlwK_1742518688_195799163_sentence_segment.wav",Unintelligible Sam a brave lad met a f:.flat bad bat  ba ba:d okay bat,"Sam, a brave lad, met a fat bat."
"/Users/liu.ying/University of Florida/Leite,Walter - Storiza Corpus Spring 2025/Storiza_Participant_Recording_05-30-25/annotated_sentence_segments/uid_ILoW3cdKuQPYK9GCBc6aoCHzooz2_sid_DgY2XxtkUEMBV3Z2dlwK_1742518688_195799164_sentence_segment.wav",The bat sat on a mat,The bat sat on a mat.
"/Users/liu.ying/University of Florida/Leite,Walter - Storiza Corpus Spring 2025/Storiza_Participant_Recording_05-30-25/annotated_sentence_segments/uid_ILoW3cdKuQPYK9GCBc6aoCHzooz2_sid_DgY2XxtkUEMBV3Z2dlwK_1742518688_195799165_sentence_segment.wav",Sam had a plan,Sam had a plan.
"/Users/liu.ying/University of Florida/Leite,Walter - Storiza Corpus Spring 2025/Storiza_Participant_Recording_05-30-25/annotated_sentence_segments/uid_ILoW3cdKuQPYK9GCBc6aoCHzooz2_sid_DgY2XxtkUEMBV3Z2dlwK_1742518688_195799166_sentence_segment.wav",He got a can,He got a can.
"/Users/liu.ying/University of Florida/Leite,Walter - Storiza Corpus Spring 2025/Storiza_Participant_Recording_05-30-25/annotated_sentence_segments/uid_ILoW3cdKuQPYK9GCBc6aoCHzooz2_sid_DgY2XxtkUEMBV3Z2dlwK_1742518688_195799167_sentence_segment.wav",The bat əɹæn,The bat ran.
"/Users/liu.ying/University of Florida/Leite,Walter - Storiza Corpus Spring 2025/Storiza_Participant_Recording_05-30-25/annotated_sentence_segments/uid_ILoW3cdKuQPYK9GCBc6aoCHzooz2_sid_DgY2XxtkUEMBV3Z2dlwK_1742518688_195799168_sentence_segment.wav",Sam was glad,Sam was glad.
"/Users/liu.ying/University of Florida/Leite,Walter - Storiza Corpus Spring 2025/Storiza_Participant_Recording_05-30-25/annotated_sentence_segments/uid_ILoW3cdKuQPYK9GCBc6aoCHzooz2_sid_DgY2XxtkUEMBV3Z2dlwK_1742518688_195799169_sentence_segment.wav",He had fun wɪf the bat,He had fun with the bat.
"/Users/liu.ying/University of Florida/Leite,Walter - Storiza Corpus Spring 2025/Storiza_Participant_Recording_05-30-25/annotated_sentence_segments/uid_ILoW3cdKuQPYK9GCBc6aoCHzooz2_sid_DgY2XxtkUEMBV3Z2dlwK_1742518688_195799170_sentence_segment.wav",The end,The end.
"/Users/liu.ying/University of Florida/Leite,Walter - Storiza Corpus Spring 2025/Storiza_Participant_Recording_05-30-25/annotated_sentence_segments/uid_ihIoefKsGwTDai7fGs9x3DyNvju2_sid_HdBPi4ofhPdCgvkijIIy_1742945079_195799171_sentence_segment.wav",Lily Lily the little turtle lived by a gren|t|l|ee grɛntli stream,Lily the little turtle lived by a gentle stream.
"/Users/liu.ying/University of Florida/Leite,Walter - Storiza Corpus Spring 2025/Storiza_Participant_Recording_05-30-25/annotated_sentence_segments/uid_ihIoefKsGwTDai7fGs9x3DyNvju2_sid_HdBPi4ofhPdCgvkijIIy_1742945079_195799172_sentence_segment.wav",She loved to wiggle through the grass and explorer,She loved to wiggle through the grass and explore.
"/Users/liu.ying/University of Florida/Leite,Walter - Storiza Corpus Spring 2025/Storiza_Participant_Recording_05-30-25/annotated_sentence_segments/uid_ihIoefKsGwTDai7fGs9x3DyNvju2_sid_HdBPi4ofhPdCgvkijIIy_1742945079_195799173_sentence_segment.wav",One bright morning Lily s:um s:t t stumbled upon a purple pebble,"One bright morning, Lily stumbled upon a purple pebble."
"/Users/liu.ying/University of Florida/Leite,Walter - Storiza Corpus Spring 2025/Storiza_Participant_Recording_05-30-25/annotated_sentence_segments/uid_ihIoefKsGwTDai7fGs9x3DyNvju2_sid_HdBPi4ofhPdCgvkijIIy_1742945079_195799174_sentence_segment.wav",ɪ|t s:p.spɑrkəld in the sunlight and she fent flt felt a tinkle of excitement,"It sparkled in the sunlight, and she felt a tickle of excitement."
"/Users/liu.ying/University of Florida/Leite,Walter - Storiza Corpus Spring 2025/Storiza_Participant_Recording_05-30-25/annotated_sentence_segments/uid_ihIoefKsGwTDai7fGs9x3DyNvju2_sid_HdBPi4ofhPdCgvkijIIy_1742945079_195799175_sentence_segment.wav",She design to carefully carefully the pebble to her friend to wɪsəl old ber:uh,"She decided to carry the pebble to her friend, the wise old beetle."
"/Users/liu.ying/University of Florida/Leite,Walter - Storiza Corpus Spring 2025/Storiza_Participant_Recording_05-30-25/annotated_sentence_segments/uid_ihIoefKsGwTDai7fGs9x3DyNvju2_sid_HdBPi4ofhPdCgvkijIIy_1742945079_195799176_sentence_segment.wav",then bebəl kɹɔt and said the pe the pebble is a turtle,"The beetle chuckled and said, ""This pebble is a treasure!"""
"/Users/liu.ying/University of Florida/Leite,Walter - Storiza Corpus Spring 2025/Storiza_Participant_Recording_05-30-25/annotated_sentence_segments/uid_ihIoefKsGwTDai7fGs9x3DyNvju2_sid_HdBPi4ofhPdCgvkijIIy_1742945079_195799177_sentence_segment.wav",təjɛðɚ they gill:erd ɛɹd found a special place to nest the pebble,"Together, they giggled and found a special place to nestle the pebble."
"/Users/liu.ying/University of Florida/Leite,Walter - Storiza Corpus Spring 2025/Storiza_Participant_Recording_05-30-25/annotated_sentence_segments/uid_ihIoefKsGwTDai7fGs9x3DyNvju2_sid_HdBPi4ofhPdCgvkijIIy_1742945079_195799178_sentence_segment.wav",As the sun set sun set Lily found a warm tiny  happiness knowing her aʊhɪ had broken as  to her little world,"As the sun set, Lily felt a warm tingle of happiness, knowing her adventure had brought a new sparkle to her little world."
"/Users/liu.ying/University of Florida/Leite,Walter - Storiza Corpus Spring 2025/Storiza_Participant_Recording_05-30-25/annotated_sentence_segments/uid_xxUUDYlSFESUIRvPTLDLReqO44G3_sid_Ghzut1tFF70il3mOLP49_1741822392_195799179_sentence_segment.wav",One sunny day Claire decide to explore the fair by the sea,"One sunny day, Claire decided to explore the fair by the sea."
"/Users/liu.ying/University of Florida/Leite,Walter - Storiza Corpus Spring 2025/Storiza_Participant_Recording_05-30-25/annotated_sentence_segments/uid_xxUUDYlSFESUIRvPTLDLReqO44G3_sid_Ghzut1tFF70il3mOLP49_1741822392_195799180_sentence_segment.wav",She wore her favorite pair of sneakers and set off with her pet parrot b.bɛɚ preached on her ʃtoʊldɚ,"She wore her favorite pair of sneakers and set off with her pet parrot, Bear, perched on her shoulder."
"/Users/liu.ying/University of Florida/Leite,Walter - Storiza Corpus Spring 2025/Storiza_Participant_Recording_05-30-25/annotated_sentence_segments/uid_xxUUDYlSFESUIRvPTLDLReqO44G3_sid_Ghzut1tFF70il3mOLP49_1741822392_195799181_sentence_segment.wav",The fair was l:aɪ.|laɪvli bursting with cheerful sounds,"The fair was lively, bursting with cheerful sounds."
"/Users/liu.ying/University of Florida/Leite,Walter - Storiza Corpus Spring 2025/Storiza_Participant_Recording_05-30-25/annotated_sentence_segments/uid_xxUUDYlSFESUIRvPTLDLReqO44G3_sid_Ghzut1tFF70il3mOLP49_1741822392_195799182_sentence_segment.wav",A bear on a tiny on a tiny bike begin to spin  əɹaʊn making everyone stare in ayw:ee,"A bear on a tiny bike began to spin around, making everyone stare in awe."
"/Users/liu.ying/University of Florida/Leite,Walter - Storiza Corpus Spring 2025/Storiza_Participant_Recording_05-30-25/annotated_sentence_segments/uid_xxUUDYlSFESUIRvPTLDLReqO44G3_sid_Ghzut1tFF70il3mOLP49_1741822392_195799183_sentence_segment.wav",Claire and Bear share a clear sweet cotton treat that made them cheer with delight,"Claire and Bear shared a clear, sweet cotton treat that made them cheer with delight."
"/Users/liu.ying/University of Florida/Leite,Walter - Storiza Corpus Spring 2025/Storiza_Participant_Recording_05-30-25/annotated_sentence_segments/uid_xxUUDYlSFESUIRvPTLDLReqO44G3_sid_Ghzut1tFF70il3mOLP49_1741822392_195799184_sentence_segment.wav",As she they wonder Claire found an art stæn where the artist drew a ɹɛɚf intri|cayte m:i.mare,"As they wandered, Claire found an art stand where the artist drew a rare, intricate mare."
"/Users/liu.ying/University of Florida/Leite,Walter - Storiza Corpus Spring 2025/Storiza_Participant_Recording_05-30-25/annotated_sentence_segments/uid_xxUUDYlSFESUIRvPTLDLReqO44G3_sid_Ghzut1tFF70il3mOLP49_1741822392_195799185_sentence_segment.wav",The art was so vi:vide k.|klɛəɹ should Claire could hɑɹli t:ear her eyes away,"The art was so vivid, Claire could hardly tear her eyes away."
"/Users/liu.ying/University of Florida/Leite,Walter - Storiza Corpus Spring 2025/Storiza_Participant_Recording_05-30-25/annotated_sentence_segments/uid_xxUUDYlSFESUIRvPTLDLReqO44G3_sid_Ghzut1tFF70il3mOLP49_1741822392_195799186_sentence_segment.wav",The ɑɹtɪs gave her a tear ʃeɪt stone as a m|m:en|mento,The artist gave her a tear-shaped stone as a memento.
"/Users/liu.ying/University of Florida/Leite,Walter - Storiza Corpus Spring 2025/Storiza_Participant_Recording_05-30-25/annotated_sentence_segments/uid_xxUUDYlSFESUIRvPTLDLReqO44G3_sid_Ghzut1tFF70il3mOLP49_1741822392_195799187_sentence_segment.wav",Heading back Claire realized it was a day filled with rare dare momet,"Heading back, Claire realized it was a day filled with rare, dear moments."
"/Users/liu.ying/University of Florida/Leite,Walter - Storiza Corpus Spring 2025/Storiza_Participant_Recording_05-30-25/annotated_sentence_segments/uid_xxUUDYlSFESUIRvPTLDLReqO44G3_sid_Ghzut1tFF70il3mOLP49_1741822392_195799188_sentence_segment.wav",She held Bear close feeling grateful for momet ðæ were as sweet as the fair air,"She held Bear close, feeling grateful for moments that were as sweet as the fair's air."
"/Users/liu.ying/University of Florida/Leite,Walter - Storiza Corpus Spring 2025/Storiza_Participant_Recording_05-30-25/annotated_sentence_segments/uid_xxUUDYlSFESUIRvPTLDLReqO44G3_sid_Ghzut1tFF70il3mOLP49_1741822392_195799189_sentence_segment.wav",And so with her heart full of cheer Claire and Bear made their way hʌm s:shari stɔɹəz of the m:ɛɹ|ɪ|taɪm iksh eks:|caped with every step,"And so, with her heart full of cheer, Claire and Bear made their way home, sharing stories of their maritime escapade with every step."
"/Users/liu.ying/University of Florida/Leite,Walter - Storiza Corpus Spring 2025/Storiza_Participant_Recording_05-30-25/annotated_sentence_segments/uid_ZegJLYO9QiacSJTQWx7CWauRcQr1_sid_MK2ZbYFUxbcs66dzxj0n_1742611715_195799190_sentence_segment.wav",Sally was excited,Sally was excited.
"/Users/liu.ying/University of Florida/Leite,Walter - Storiza Corpus Spring 2025/Storiza_Participant_Recording_05-30-25/annotated_sentence_segments/uid_ZegJLYO9QiacSJTQWx7CWauRcQr1_sid_MK2ZbYFUxbcs66dzxj0n_1742611715_195799191_sentence_segment.wav",It was ʌm the day of the big softball game,It was the day of the big softball game.
"/Users/liu.ying/University of Florida/Leite,Walter - Storiza Corpus Spring 2025/Storiza_Participant_Recording_05-30-25/annotated_sentence_segments/uid_ZegJLYO9QiacSJTQWx7CWauRcQr1_sid_MK2ZbYFUxbcs66dzxj0n_1742611715_195799192_sentence_segment.wav",She put on her soft ʌm red cap and joined her team on the field,"She put on her soft, red cap and joined her team on the field."
"/Users/liu.ying/University of Florida/Leite,Walter - Storiza Corpus Spring 2025/Storiza_Participant_Recording_05-30-25/annotated_sentence_segments/uid_ZegJLYO9QiacSJTQWx7CWauRcQr1_sid_MK2ZbYFUxbcs66dzxj0n_1742611715_195799193_sentence_segment.wav",In the middle of the game Sally's Sally's friend Molly hit the ball high,"In the middle of the game, Sally's friend Molly hit the ball high."
"/Users/liu.ying/University of Florida/Leite,Walter - Storiza Corpus Spring 2025/Storiza_Participant_Recording_05-30-25/annotated_sentence_segments/uid_ZegJLYO9QiacSJTQWx7CWauRcQr1_sid_MK2ZbYFUxbcs66dzxj0n_1742611715_195799194_sentence_segment.wav",Run Molly run ɛvɹiʌn shouted,"""Run, Molly, run!"" everyone shouted."
"/Users/liu.ying/University of Florida/Leite,Walter - Storiza Corpus Spring 2025/Storiza_Participant_Recording_05-30-25/annotated_sentence_segments/uid_ZegJLYO9QiacSJTQWx7CWauRcQr1_sid_MK2ZbYFUxbcs66dzxj0n_1742611715_195799195_sentence_segment.wav",Molly dashed around the bases her cheeks ʌm rose ʌm rosy with deth.del.ded death:ly delight delightly,"Molly dashed around the bases, her cheeks rosy with delight."
"/Users/liu.ying/University of Florida/Leite,Walter - Storiza Corpus Spring 2025/Storiza_Participant_Recording_05-30-25/annotated_sentence_segments/uid_ZegJLYO9QiacSJTQWx7CWauRcQr1_sid_MK2ZbYFUxbcs66dzxj0n_1742611715_195799196_sentence_segment.wav",and The ball flew over the fence and the crowd cheered laʊli,"The ball flew over the fence, and the crowd cheered loudly."
"/Users/liu.ying/University of Florida/Leite,Walter - Storiza Corpus Spring 2025/Storiza_Participant_Recording_05-30-25/annotated_sentence_segments/uid_ZegJLYO9QiacSJTQWx7CWauRcQr1_sid_MK2ZbYFUxbcs66dzxj0n_1742611715_195799197_sentence_segment.wav",At the end of the game Sally's team won,"At the end of the game, Sally's team won."
"/Users/liu.ying/University of Florida/Leite,Walter - Storiza Corpus Spring 2025/Storiza_Participant_Recording_05-30-25/annotated_sentence_segments/uid_ZegJLYO9QiacSJTQWx7CWauRcQr1_sid_MK2ZbYFUxbcs66dzxj0n_1742611715_195799198_sentence_segment.wav",They all jumped with joy hugging each other tightly,"They all jumped with joy, hugging each other tightly."
"/Users/liu.ying/University of Florida/Leite,Walter - Storiza Corpus Spring 2025/Storiza_Participant_Recording_05-30-25/annotated_sentence_segments/uid_ZegJLYO9QiacSJTQWx7CWauRcQr1_sid_MK2ZbYFUxbcs66dzxj0n_1742611715_195799199_sentence_segment.wav",Sally felt proud and happy,Sally felt proud and happy.
"/Users/liu.ying/University of Florida/Leite,Walter - Storiza Corpus Spring 2025/Storiza_Participant_Recording_05-30-25/annotated_sentence_segments/uid_ZegJLYO9QiacSJTQWx7CWauRcQr1_sid_MK2ZbYFUxbcs66dzxj0n_1742611715_195799200_sentence_segment.wav",It was the best softball game she had ever pleɪt,It was the best softball game she had ever played.
"/Users/liu.ying/University of Florida/Leite,Walter - Storiza Corpus Spring 2025/Storiza_Participant_Recording_05-30-25/annotated_sentence_segments/uid_CanxAhhjiePs6niCtdVzPqVIzXt1_sid_Bq59QeS2MunIuem6zTgo_1742766370_195799201_sentence_segment.wav",Once upon a time a cat name Max lived in a cozy house,"Once upon a time, a cat named Max lived in a cozy house."
"/Users/liu.ying/University of Florida/Leite,Walter - Storiza Corpus Spring 2025/Storiza_Participant_Recording_05-30-25/annotated_sentence_segments/uid_CanxAhhjiePs6niCtdVzPqVIzXt1_sid_Bq59QeS2MunIuem6zTgo_1742766370_195799202_sentence_segment.wav",Max had a fluffy teɪ and love to nap on the mat,Max had a fluffy tail and loved to nap on the mat.
"/Users/liu.ying/University of Florida/Leite,Walter - Storiza Corpus Spring 2025/Storiza_Participant_Recording_05-30-25/annotated_sentence_segments/uid_CanxAhhjiePs6niCtdVzPqVIzXt1_sid_Bq59QeS2MunIuem6zTgo_1742766370_195799203_sentence_segment.wav",One day Max mɪn a new cat name Jack,"One day, Max met a new cat named Jack."
"/Users/liu.ying/University of Florida/Leite,Walter - Storiza Corpus Spring 2025/Storiza_Participant_Recording_05-30-25/annotated_sentence_segments/uid_CanxAhhjiePs6niCtdVzPqVIzXt1_sid_Bq59QeS2MunIuem6zTgo_1742766370_195799204_sentence_segment.wav",Jack lo load a re wore a red hat and liked u chat,Jack wore a red hat and liked to chat.
"/Users/liu.ying/University of Florida/Leite,Walter - Storiza Corpus Spring 2025/Storiza_Participant_Recording_05-30-25/annotated_sentence_segments/uid_CanxAhhjiePs6niCtdVzPqVIzXt1_sid_Bq59QeS2MunIuem6zTgo_1742766370_195799205_sentence_segment.wav",Together ðeɪ: sat on the mat and share snacks,"Together, they sat on the mat and shared snacks."
"/Users/liu.ying/University of Florida/Leite,Walter - Storiza Corpus Spring 2025/Storiza_Participant_Recording_05-30-25/annotated_sentence_segments/uid_CanxAhhjiePs6niCtdVzPqVIzXt1_sid_Bq59QeS2MunIuem6zTgo_1742766370_195799206_sentence_segment.wav",Max brought a small snack of fish w a small sack of fish and Jack had a pack of kɹækəz,"Max brought a small sack of fish, and Jack had a pack of crackers."
"/Users/liu.ying/University of Florida/Leite,Walter - Storiza Corpus Spring 2025/Storiza_Participant_Recording_05-30-25/annotated_sentence_segments/uid_CanxAhhjiePs6niCtdVzPqVIzXt1_sid_Bq59QeS2MunIuem6zTgo_1742766370_195799207_sentence_segment.wav",They munched apply: purring happily purring with delight,"They munched happily, purring with delight."
"/Users/liu.ying/University of Florida/Leite,Walter - Storiza Corpus Spring 2025/Storiza_Participant_Recording_05-30-25/annotated_sentence_segments/uid_CanxAhhjiePs6niCtdVzPqVIzXt1_sid_Bq59QeS2MunIuem6zTgo_1742766370_195799208_sentence_segment.wav",As the sun set Max and Jack became bɛs p|ælz,"As the sun set, Max and Jack became best pals."
"/Users/liu.ying/University of Florida/Leite,Walter - Storiza Corpus Spring 2025/Storiza_Participant_Recording_05-30-25/annotated_sentence_segments/uid_CanxAhhjiePs6niCtdVzPqVIzXt1_sid_Bq59QeS2MunIuem6zTgo_1742766370_195799209_sentence_segment.wav",They promise to meet again the next day to play on the mæ,They promised to meet again the next day to play on the mat.
"/Users/liu.ying/University of Florida/Leite,Walter - Storiza Corpus Spring 2025/Storiza_Participant_Recording_05-30-25/annotated_sentence_segments/uid_CanxAhhjiePs6niCtdVzPqVIzXt1_sid_Bq59QeS2MunIuem6zTgo_1742766370_195799210_sentence_segment.wav",And so ðɛ|ɚ fwɛndʃɪp ɡwu,"And so, their friendship grew."
"/Users/liu.ying/University of Florida/Leite,Walter - Storiza Corpus Spring 2025/Storiza_Participant_Recording_05-30-25/annotated_sentence_segments/uid_u2hytH2KWIS6ewdShfEZisygqIo2_sid_IDo5kVmXWN4WBqrVawSn_1741140843_195799211_sentence_segment.wav",Lila the mɝmeɪ loves visiting the dolphin store,"Lila, the mermaid, loved visiting the dolphin store."
"/Users/liu.ying/University of Florida/Leite,Walter - Storiza Corpus Spring 2025/Storiza_Participant_Recording_05-30-25/annotated_sentence_segments/uid_u2hytH2KWIS6ewdShfEZisygqIo2_sid_IDo5kVmXWN4WBqrVawSn_1741140843_195799212_sentence_segment.wav",It was filled with shiny  tɹɪŋkləts What're trinklets keep going and treasures from the sea,It was filled with shiny trinkets and treasures from the sea.
"/Users/liu.ying/University of Florida/Leite,Walter - Storiza Corpus Spring 2025/Storiza_Participant_Recording_05-30-25/annotated_sentence_segments/uid_u2hytH2KWIS6ewdShfEZisygqIo2_sid_IDo5kVmXWN4WBqrVawSn_1741140843_195799213_sentence_segment.wav",One day æ she swam close a friend dolphin named Dave sway waved his fin,"One day, as she swam close, a friendly dolphin named Dave waved his fin."
"/Users/liu.ying/University of Florida/Leite,Walter - Storiza Corpus Spring 2025/Storiza_Participant_Recording_05-30-25/annotated_sentence_segments/uid_u2hytH2KWIS6ewdShfEZisygqIo2_sid_IDo5kVmXWN4WBqrVawSn_1741140843_195799214_sentence_segment.wav",He helped Lila pick out a lovely shell,He helped Lila pick out a lovely shell.
"/Users/liu.ying/University of Florida/Leite,Walter - Storiza Corpus Spring 2025/Storiza_Participant_Recording_05-30-25/annotated_sentence_segments/uid_u2hytH2KWIS6ewdShfEZisygqIo2_sid_IDo5kVmXWN4WBqrVawSn_1741140843_195799215_sentence_segment.wav",Together they laughed and played,"Together, they laughed and played."
"/Users/liu.ying/University of Florida/Leite,Walter - Storiza Corpus Spring 2025/Storiza_Participant_Recording_05-30-25/annotated_sentence_segments/uid_u2hytH2KWIS6ewdShfEZisygqIo2_sid_IDo5kVmXWN4WBqrVawSn_1741140843_195799216_sentence_segment.wav",æ the sun set Lila said Goodbye Dave,"As the sun set, Lila said, ""Goodbye, Dave!"
"/Users/liu.ying/University of Florida/Leite,Walter - Storiza Corpus Spring 2025/Storiza_Participant_Recording_05-30-25/annotated_sentence_segments/uid_u2hytH2KWIS6ewdShfEZisygqIo2_sid_IDo5kVmXWN4WBqrVawSn_1741140843_195799217_sentence_segment.wav",I'll come back soon,"I'll come back soon."""
"/Users/liu.ying/University of Florida/Leite,Walter - Storiza Corpus Spring 2025/Storiza_Participant_Recording_05-30-25/annotated_sentence_segments/uid_u2hytH2KWIS6ewdShfEZisygqIo2_sid_IDo5kVmXWN4WBqrVawSn_1741140843_195799218_sentence_segment.wav",Swim away she felt happy to have such a fin|taskikal fɹɛnt,"Swimming away, she felt happy to have such a fin-tastic friend."
"/Users/liu.ying/University of Florida/Leite,Walter - Storiza Corpus Spring 2025/Storiza_Participant_Recording_05-30-25/annotated_sentence_segments/uid_Sn3Nw7A3OmOkiMXEFjEyRusLuuo2_sid_OSrqQaYImDBlvo8DWKij_1741823054_195799219_sentence_segment.wav",Aunt Sue and Shea took pæ:tʃ mhm mhm the dog to a fun catch kɑnt,"Aunt Sue and Shea took Patch, the dog, to a fun catch contest."
"/Users/liu.ying/University of Florida/Leite,Walter - Storiza Corpus Spring 2025/Storiza_Participant_Recording_05-30-25/annotated_sentence_segments/uid_Sn3Nw7A3OmOkiMXEFjEyRusLuuo2_sid_OSrqQaYImDBlvo8DWKij_1741823054_195799220_sentence_segment.wav",At the park Patch say: you keep (slightly unintelligible) going a bi: sees a big p|ætʃ of grass,"At the park, Patch saw a big patch of green."
"/Users/liu.ying/University of Florida/Leite,Walter - Storiza Corpus Spring 2025/Storiza_Participant_Recording_05-30-25/annotated_sentence_segments/uid_Sn3Nw7A3OmOkiMXEFjEyRusLuuo2_sid_OSrqQaYImDBlvo8DWKij_1741823054_195799221_sentence_segment.wav",With a quick fɛt he  snætʃɪtə mhm the ball,"With a quick fetch, he snatched the ball."
"/Users/liu.ying/University of Florida/Leite,Walter - Storiza Corpus Spring 2025/Storiza_Participant_Recording_05-30-25/annotated_sentence_segments/uid_Sn3Nw7A3OmOkiMXEFjEyRusLuuo2_sid_OSrqQaYImDBlvo8DWKij_1741823054_195799222_sentence_segment.wav",Shea l:uv|f|d loved and grabbed Patch a scratch on his back,Shea laughed and gave Patch a scratch on his back.
"/Users/liu.ying/University of Florida/Leite,Walter - Storiza Corpus Spring 2025/Storiza_Participant_Recording_05-30-25/annotated_sentence_segments/uid_Sn3Nw7A3OmOkiMXEFjEyRusLuuo2_sid_OSrqQaYImDBlvo8DWKij_1741823054_195799223_sentence_segment.wav",Aunt saʊ  what wasit (I) cannot tell you  cheered ɡɹæt catched pæt,"Aunt Sue cheered, ""Great catch, Patch!"""
"/Users/liu.ying/University of Florida/Leite,Walter - Storiza Corpus Spring 2025/Storiza_Participant_Recording_05-30-25/annotated_sentence_segments/uid_Sn3Nw7A3OmOkiMXEFjEyRusLuuo2_sid_OSrqQaYImDBlvo8DWKij_1741823054_195799224_sentence_segment.wav",They emd ended the day with a treat a yummy batch of c|oo:|k cookies,"They ended the day with a treat, a yummy batch of cookies."
"/Users/liu.ying/University of Florida/Leite,Walter - Storiza Corpus Spring 2025/Storiza_Participant_Recording_05-30-25/annotated_sentence_segments/uid_Sn3Nw7A3OmOkiMXEFjEyRusLuuo2_sid_OSrqQaYImDBlvo8DWKij_1741823054_195799225_sentence_segment.wav",Shea smelled a patʃ you: də best fetcher,"Shea smiled, ""Patch, you're the best fetcher!"""
"/Users/liu.ying/University of Florida/Leite,Walter - Storiza Corpus Spring 2025/Storiza_Participant_Recording_05-30-25/annotated_sentence_segments/uid_jWPmLFrSHDZItPTjjPUB8KAsjlq2_sid_wxade2TANAqG5I0nEqLn_1742588986_195799226_sentence_segment.wav",Roy was a joyful boy who lived in a small town,Roy was a joyful boy who lived in a small town.
"/Users/liu.ying/University of Florida/Leite,Walter - Storiza Corpus Spring 2025/Storiza_Participant_Recording_05-30-25/annotated_sentence_segments/uid_jWPmLFrSHDZItPTjjPUB8KAsjlq2_sid_wxade2TANAqG5I0nEqLn_1742588986_195799227_sentence_segment.wav",One day he found a toy boat by the lake,"One day, he found a toy boat by the lake."
"/Users/liu.ying/University of Florida/Leite,Walter - Storiza Corpus Spring 2025/Storiza_Participant_Recording_05-30-25/annotated_sentence_segments/uid_jWPmLFrSHDZItPTjjPUB8KAsjlq2_sid_wxade2TANAqG5I0nEqLn_1742588986_195799228_sentence_segment.wav",Overjoyed he decided to join the other kids in a boat ɹe|ɪs on the pond,"Overjoyed, he decided to join the other kids in a boat race on the pond."
"/Users/liu.ying/University of Florida/Leite,Walter - Storiza Corpus Spring 2025/Storiza_Participant_Recording_05-30-25/annotated_sentence_segments/uid_jWPmLFrSHDZItPTjjPUB8KAsjlq2_sid_wxade2TANAqG5I0nEqLn_1742588986_195799229_sentence_segment.wav",As the toy boat sailed it brought Roy immense joy,"As the toy boat sailed, it brought Roy immense joy."
"/Users/liu.ying/University of Florida/Leite,Walter - Storiza Corpus Spring 2025/Storiza_Participant_Recording_05-30-25/annotated_sentence_segments/uid_jWPmLFrSHDZItPTjjPUB8KAsjlq2_sid_wxade2TANAqG5I0nEqLn_1742588986_195799230_sentence_segment.wav",In the ɛn Roy's boat won the weh race and his joy went beyond measure,"In the end, Roy's boat won the race, and his joy went beyond measure."
"/Users/liu.ying/University of Florida/Leite,Walter - Storiza Corpus Spring 2025/Storiza_Participant_Recording_05-30-25/annotated_sentence_segments/uid_jWPmLFrSHDZItPTjjPUB8KAsjlq2_sid_wxade2TANAqG5I0nEqLn_1742588986_195799231_sentence_segment.wav",He tʃɛɹɪst hit th:e this vikya|tory and the joy it bɹɔ|t him forever,"He cherished this victory and the joy it brought him, forever."
"/Users/liu.ying/University of Florida/Leite,Walter - Storiza Corpus Spring 2025/Storiza_Participant_Recording_05-30-25/annotated_sentence_segments/uid_tHP0GvI5hccNGBzYfgE2pkEHXiW2_sid_k23UwEyVvFJZPFemhezx_1743457124_195799232_sentence_segment.wav",hæl: has a hat,Hal has a hat.
"/Users/liu.ying/University of Florida/Leite,Walter - Storiza Corpus Spring 2025/Storiza_Participant_Recording_05-30-25/annotated_sentence_segments/uid_tHP0GvI5hccNGBzYfgE2pkEHXiW2_sid_k23UwEyVvFJZPFemhezx_1743457124_195799233_sentence_segment.wav",hiə hopes on the ice,He hops on the ice.
"/Users/liu.ying/University of Florida/Leite,Walter - Storiza Corpus Spring 2025/Storiza_Participant_Recording_05-30-25/annotated_sentence_segments/uid_tHP0GvI5hccNGBzYfgE2pkEHXiW2_sid_k23UwEyVvFJZPFemhezx_1743457124_195799234_sentence_segment.wav",hæl: hits the puck,Hal hits the puck.
"/Users/liu.ying/University of Florida/Leite,Walter - Storiza Corpus Spring 2025/Storiza_Participant_Recording_05-30-25/annotated_sentence_segments/uid_tHP0GvI5hccNGBzYfgE2pkEHXiW2_sid_k23UwEyVvFJZPFemhezx_1743457124_195799235_sentence_segment.wav",he His hockey tiəm is happy,His hockey team is happy.
"/Users/liu.ying/University of Florida/Leite,Walter - Storiza Corpus Spring 2025/Storiza_Participant_Recording_05-30-25/annotated_sentence_segments/uid_tHP0GvI5hccNGBzYfgE2pkEHXiW2_sid_k23UwEyVvFJZPFemhezx_1743457124_195799236_sentence_segment.wav",He has f:ʌn as he skates fast,He has fun as he skates fast.
"/Users/liu.ying/University of Florida/Leite,Walter - Storiza Corpus Spring 2025/Storiza_Participant_Recording_05-30-25/annotated_sentence_segments/uid_tHP0GvI5hccNGBzYfgE2pkEHXiW2_sid_k23UwEyVvFJZPFemhezx_1743457124_195799237_sentence_segment.wav",hɛl is a is the hero of the team mæ|tʃ,Hal is the hero of the match.
"/Users/liu.ying/University of Florida/Leite,Walter - Storiza Corpus Spring 2025/Storiza_Participant_Recording_05-30-25/annotated_sentence_segments/uid_ihIoefKsGwTDai7fGs9x3DyNvju2_sid_rBoEZIAOq8OfRMrXzXC8_1743076731_195799238_sentence_segment.wav",Jake has a cute dog name Stephanie,Jake has a cute dog named Steve.
"/Users/liu.ying/University of Florida/Leite,Walter - Storiza Corpus Spring 2025/Storiza_Participant_Recording_05-30-25/annotated_sentence_segments/uid_ihIoefKsGwTDai7fGs9x3DyNvju2_sid_rBoEZIAOq8OfRMrXzXC8_1743076731_195799239_sentence_segment.wav",stevy      why  ,Steve loves to play in the wide green yard.
"/Users/liu.ying/University of Florida/Leite,Walter - Storiza Corpus Spring 2025/Storiza_Participant_Recording_05-30-25/annotated_sentence_segments/uid_ihIoefKsGwTDai7fGs9x3DyNvju2_sid_rBoEZIAOq8OfRMrXzXC8_1743076731_195799240_sentence_segment.wav",Every day Jake and stɛv  like to ɹeɪsə,"Every day, Jake and Steve like to race."
"/Users/liu.ying/University of Florida/Leite,Walter - Storiza Corpus Spring 2025/Storiza_Participant_Recording_05-30-25/annotated_sentence_segments/uid_ihIoefKsGwTDai7fGs9x3DyNvju2_sid_rBoEZIAOq8OfRMrXzXC8_1743076731_195799241_sentence_segment.wav",Stephanie is fæs chasing æ fetching stick  with easily,"Steve is fast, chasing and fetching sticks with ease."
"/Users/liu.ying/University of Florida/Leite,Walter - Storiza Corpus Spring 2025/Storiza_Participant_Recording_05-30-25/annotated_sentence_segments/uid_ihIoefKsGwTDai7fGs9x3DyNvju2_sid_rBoEZIAOq8OfRMrXzXC8_1743076731_195799242_sentence_segment.wav",When the game is done Jake gives Stephanie a tɹi,"When the game is done, Jake gives Steve a treat."
"/Users/liu.ying/University of Florida/Leite,Walter - Storiza Corpus Spring 2025/Storiza_Participant_Recording_05-30-25/annotated_sentence_segments/uid_ihIoefKsGwTDai7fGs9x3DyNvju2_sid_rBoEZIAOq8OfRMrXzXC8_1743076731_195799243_sentence_segment.wav",Stephanie sits and ɹægs his tail fih.feeling with proud ɛŋ gl| glee,"Steve sits and wags his tail, filled with pride and glee."
"/Users/liu.ying/University of Florida/Leite,Walter - Storiza Corpus Spring 2025/Storiza_Participant_Recording_05-30-25/annotated_sentence_segments/uid_ihIoefKsGwTDai7fGs9x3DyNvju2_sid_rBoEZIAOq8OfRMrXzXC8_1743076731_195799244_sentence_segment.wav",Every time Jake smaɪlɪʃ he feels happy to have his brave dog by his side,"Every time Jake smiles, he feels happy to have his brave dog by his side."
"/Users/liu.ying/University of Florida/Leite,Walter - Storiza Corpus Spring 2025/Storiza_Participant_Recording_05-30-25/annotated_sentence_segments/uid_ihIoefKsGwTDai7fGs9x3DyNvju2_sid_rBoEZIAOq8OfRMrXzXC8_1743076731_195799245_sentence_segment.wav",At the end of the day Jake and Stephanie head Okay I can't read in my head Why  until the tree kəntɛn carefree,"At the end of the day, Jake and Steve rest under the tree, content and carefree."
"/Users/liu.ying/University of Florida/Leite,Walter - Storiza Corpus Spring 2025/Storiza_Participant_Recording_05-30-25/annotated_sentence_segments/uid_tHP0GvI5hccNGBzYfgE2pkEHXiW2_sid_fmzUe4LBPLbr2KpTaDvx_1743456471_195799246_sentence_segment.wav",Ed the deer sees ðə: ɹɛð pen,Ed the deer sees the red pen.
"/Users/liu.ying/University of Florida/Leite,Walter - Storiza Corpus Spring 2025/Storiza_Participant_Recording_05-30-25/annotated_sentence_segments/uid_tHP0GvI5hccNGBzYfgE2pkEHXiW2_sid_fmzUe4LBPLbr2KpTaDvx_1743456471_195799247_sentence_segment.wav",He gets the pen,He gets the pen.
"/Users/liu.ying/University of Florida/Leite,Walter - Storiza Corpus Spring 2025/Storiza_Participant_Recording_05-30-25/annotated_sentence_segments/uid_tHP0GvI5hccNGBzYfgE2pkEHXiW2_sid_fmzUe4LBPLbr2KpTaDvx_1743456471_195799248_sentence_segment.wav",Ed t|e|p|s teps steps,Ed steps.
"/Users/liu.ying/University of Florida/Leite,Walter - Storiza Corpus Spring 2025/Storiza_Participant_Recording_05-30-25/annotated_sentence_segments/uid_tHP0GvI5hccNGBzYfgE2pkEHXiW2_sid_fmzUe4LBPLbr2KpTaDvx_1743456471_195799249_sentence_segment.wav",The pen fell,The pen fell.
"/Users/liu.ying/University of Florida/Leite,Walter - Storiza Corpus Spring 2025/Storiza_Participant_Recording_05-30-25/annotated_sentence_segments/uid_tHP0GvI5hccNGBzYfgE2pkEHXiW2_sid_fmzUe4LBPLbr2KpTaDvx_1743456471_195799250_sentence_segment.wav",Ed i|l|s feels bad,Ed feels bad.
"/Users/liu.ying/University of Florida/Leite,Walter - Storiza Corpus Spring 2025/Storiza_Participant_Recording_05-30-25/annotated_sentence_segments/uid_tHP0GvI5hccNGBzYfgE2pkEHXiW2_sid_fmzUe4LBPLbr2KpTaDvx_1743456471_195799251_sentence_segment.wav",But then the pen pops up,"But then, the pen pops up."
"/Users/liu.ying/University of Florida/Leite,Walter - Storiza Corpus Spring 2025/Storiza_Participant_Recording_05-30-25/annotated_sentence_segments/uid_tHP0GvI5hccNGBzYfgE2pkEHXiW2_sid_fmzUe4LBPLbr2KpTaDvx_1743456471_195799252_sentence_segment.wav",Ed is happy,Ed is happy!
"/Users/liu.ying/University of Florida/Leite,Walter - Storiza Corpus Spring 2025/Storiza_Participant_Recording_05-30-25/annotated_sentence_segments/uid_tHP0GvI5hccNGBzYfgE2pkEHXiW2_sid_fmzUe4LBPLbr2KpTaDvx_1743456471_195799253_sentence_segment.wav",The ɛn,The end.
"/Users/liu.ying/University of Florida/Leite,Walter - Storiza Corpus Spring 2025/Storiza_Participant_Recording_05-30-25/annotated_sentence_segments/uid_M3RVTGHWrAMCChSiCDrpejluqjQ2_sid_sfqObzhvO3itXnX1XMIO_1743016882_195799254_sentence_segment.wav",Once upon a time in a small town there was a tʃaɪl name Sam who love McDonald's,"Once upon a time, in a small town, there was a child named Sam who loved McDonald's."
"/Users/liu.ying/University of Florida/Leite,Walter - Storiza Corpus Spring 2025/Storiza_Participant_Recording_05-30-25/annotated_sentence_segments/uid_M3RVTGHWrAMCChSiCDrpejluqjQ2_sid_sfqObzhvO3itXnX1XMIO_1743016882_195799255_sentence_segment.wav",One day Sam discovered a discount kʌmlə while cleaning his room,"One day, Sam discovered a discount coupon while cleaning his room."
"/Users/liu.ying/University of Florida/Leite,Walter - Storiza Corpus Spring 2025/Storiza_Participant_Recording_05-30-25/annotated_sentence_segments/uid_M3RVTGHWrAMCChSiCDrpejluqjQ2_sid_sfqObzhvO3itXnX1XMIO_1743016882_195799256_sentence_segment.wav",Excited he decided to use it and invited his friends Dan to join him,"Excited, he decided to use it and invited his friend Dan to join him."
"/Users/liu.ying/University of Florida/Leite,Walter - Storiza Corpus Spring 2025/Storiza_Participant_Recording_05-30-25/annotated_sentence_segments/uid_M3RVTGHWrAMCChSiCDrpejluqjQ2_sid_sfqObzhvO3itXnX1XMIO_1743016882_195799257_sentence_segment.wav",At McDonald's Sam and Dan discussed the menu for a long time,"At McDonald's, Sam and Dan discussed the menu for a long time."
"/Users/liu.ying/University of Florida/Leite,Walter - Storiza Corpus Spring 2025/Storiza_Participant_Recording_05-30-25/annotated_sentence_segments/uid_M3RVTGHWrAMCChSiCDrpejluqjQ2_sid_sfqObzhvO3itXnX1XMIO_1743016882_195799258_sentence_segment.wav",They both decided to order a delicious burger and crispy fry,They both decided to order a delicious burger and crispy fries.
"/Users/liu.ying/University of Florida/Leite,Walter - Storiza Corpus Spring 2025/Storiza_Participant_Recording_05-30-25/annotated_sentence_segments/uid_M3RVTGHWrAMCChSiCDrpejluqjQ2_sid_sfqObzhvO3itXnX1XMIO_1743016882_195799259_sentence_segment.wav",And As they waited they talked about their school in the fun they had during recess,"As they waited, they talked about their school and the fun they had during recess."
"/Users/liu.ying/University of Florida/Leite,Walter - Storiza Corpus Spring 2025/Storiza_Participant_Recording_05-30-25/annotated_sentence_segments/uid_M3RVTGHWrAMCChSiCDrpejluqjQ2_sid_sfqObzhvO3itXnX1XMIO_1743016882_195799260_sentence_segment.wav",Smooth their order was ɹ:.ɹɛdi and they real:fye every bite enjoying the delight taste,"Soon, their order was ready, and they relished every bite, enjoying the delightful taste."
"/Users/liu.ying/University of Florida/Leite,Walter - Storiza Corpus Spring 2025/Storiza_Participant_Recording_05-30-25/annotated_sentence_segments/uid_M3RVTGHWrAMCChSiCDrpejluqjQ2_sid_sfqObzhvO3itXnX1XMIO_1743016882_195799261_sentence_segment.wav",After their meal they laughed and played in the playground beside the restaurant,"After their meal, they laughed and played in the playground beside the restaurant."
"/Users/liu.ying/University of Florida/Leite,Walter - Storiza Corpus Spring 2025/Storiza_Participant_Recording_05-30-25/annotated_sentence_segments/uid_M3RVTGHWrAMCChSiCDrpejluqjQ2_sid_sfqObzhvO3itXnX1XMIO_1743016882_195799262_sentence_segment.wav",hə day was filled with joy and læfɚ,The day was filled with joy and laughter.
"/Users/liu.ying/University of Florida/Leite,Walter - Storiza Corpus Spring 2025/Storiza_Participant_Recording_05-30-25/annotated_sentence_segments/uid_M3RVTGHWrAMCChSiCDrpejluqjQ2_sid_sfqObzhvO3itXnX1XMIO_1743016882_195799263_sentence_segment.wav",As the sun began to set it was time to go home,"As the sun began to set, it was time to head home."
"/Users/liu.ying/University of Florida/Leite,Walter - Storiza Corpus Spring 2025/Storiza_Participant_Recording_05-30-25/annotated_sentence_segments/uid_M3RVTGHWrAMCChSiCDrpejluqjQ2_sid_sfqObzhvO3itXnX1XMIO_1743016882_195799264_sentence_segment.wav",They wave goodbye to the friendly staff promising to return s.|sun,"They waved goodbye to the friendly staff, promising to return soon."
"/Users/liu.ying/University of Florida/Leite,Walter - Storiza Corpus Spring 2025/Storiza_Participant_Recording_05-30-25/annotated_sentence_segments/uid_M3RVTGHWrAMCChSiCDrpejluqjQ2_sid_sfqObzhvO3itXnX1XMIO_1743016882_195799265_sentence_segment.wav",th:.the theh Their day at McDonald was ʌnfəɹməgəl for of discover and dɪlaɪ,"Their day at McDonald's was unforgettable, full of discovery and delight."
"/Users/liu.ying/University of Florida/Leite,Walter - Storiza Corpus Spring 2025/Storiza_Participant_Recording_05-30-25/annotated_sentence_segments/uid_XmxSYUZAj4dRqSczt2clQkDf31M2_sid_wHC0iV2kngJNvbooPdeU_1742782139_195799266_sentence_segment.wav",wʌnt eɪpɑn a time in a far cave living a dinosaur princess name Jade,"Once upon a time, in a far cave, lived a dragon princess named Jade."
"/Users/liu.ying/University of Florida/Leite,Walter - Storiza Corpus Spring 2025/Storiza_Participant_Recording_05-30-25/annotated_sentence_segments/uid_XmxSYUZAj4dRqSczt2clQkDf31M2_sid_wHC0iV2kngJNvbooPdeU_1742782139_195799267_sentence_segment.wav",dʒeɪ love to ride her bike up the lɒ:ŋ mill to her home,Jade loved to ride her bike up the long mile to her home.
"/Users/liu.ying/University of Florida/Leite,Walter - Storiza Corpus Spring 2025/Storiza_Participant_Recording_05-30-25/annotated_sentence_segments/uid_XmxSYUZAj4dRqSczt2clQkDf31M2_sid_wHC0iV2kngJNvbooPdeU_1742782139_195799268_sentence_segment.wav",She laɪk|t to ju her time wisely ku and w.wʊd offer ɹi t.chess by the tea stee s:i,She liked to use her time wisely and would often read tales by the sea.
"/Users/liu.ying/University of Florida/Leite,Walter - Storiza Corpus Spring 2025/Storiza_Participant_Recording_05-30-25/annotated_sentence_segments/uid_XmxSYUZAj4dRqSczt2clQkDf31M2_sid_wHC0iV2kngJNvbooPdeU_1742782139_195799269_sentence_segment.wav",Once deh One day made wih wild on the ride dʒeɪ met ma a mouse named Spike who lost ðəhɪz may,"One day, while on a ride, Jade met a mouse named Spike who lost his way."
"/Users/liu.ying/University of Florida/Leite,Walter - Storiza Corpus Spring 2025/Storiza_Participant_Recording_05-30-25/annotated_sentence_segments/uid_XmxSYUZAj4dRqSczt2clQkDf31M2_sid_wHC0iV2kngJNvbooPdeU_1742782139_195799270_sentence_segment.wav",Jade made Spike feel safe and gay and gave him some cake,Jade made Spike feel safe and gave him some cake.
"/Users/liu.ying/University of Florida/Leite,Walter - Storiza Corpus Spring 2025/Storiza_Participant_Recording_05-30-25/annotated_sentence_segments/uid_XmxSYUZAj4dRqSczt2clQkDf31M2_sid_wHC0iV2kngJNvbooPdeU_1742782139_195799271_sentence_segment.wav",They rode back together and now best friends,"They rode back together, now best friends."
"/Users/liu.ying/University of Florida/Leite,Walter - Storiza Corpus Spring 2025/Storiza_Participant_Recording_05-30-25/annotated_sentence_segments/uid_XmxSYUZAj4dRqSczt2clQkDf31M2_sid_wHC0iV2kngJNvbooPdeU_1742782139_195799272_sentence_segment.wav",Ever ride was an ex:pier (experience) ənvɛntʃɚ from them from them,Every ride was an adventure for them.
"/Users/liu.ying/University of Florida/Leite,Walter - Storiza Corpus Spring 2025/Storiza_Participant_Recording_05-30-25/annotated_sentence_segments/uid_XmxSYUZAj4dRqSczt2clQkDf31M2_sid_wHC0iV2kngJNvbooPdeU_1742782139_195799273_sentence_segment.wav",They have fun side by side close friends forever,"They had fun side by side, close friends forever."
"/Users/liu.ying/University of Florida/Leite,Walter - Storiza Corpus Spring 2025/Storiza_Participant_Recording_05-30-25/annotated_sentence_segments/uid_XmxSYUZAj4dRqSczt2clQkDf31M2_sid_wHC0iV2kngJNvbooPdeU_1742782139_195799274_sentence_segment.wav",Jade and Spike live happily ever after,Jade and Spike lived happily ever after.
"/Users/liu.ying/University of Florida/Leite,Walter - Storiza Corpus Spring 2025/Storiza_Participant_Recording_05-30-25/annotated_sentence_segments/uid_tHP0GvI5hccNGBzYfgE2pkEHXiW2_sid_0ozJFJTWJov6qw3mQ9j5_1743377835_195799275_sentence_segment.wav",The big ɹɛ:d truck did spin ɛ:ənd zip,The big red truck did spin and zip.
"/Users/liu.ying/University of Florida/Leite,Walter - Storiza Corpus Spring 2025/Storiza_Participant_Recording_05-30-25/annotated_sentence_segments/uid_tHP0GvI5hccNGBzYfgE2pkEHXiW2_sid_0ozJFJTWJov6qw3mQ9j5_1743377835_195799276_sentence_segment.wav",It hit a big hill,It hit a big hill.
"/Users/liu.ying/University of Florida/Leite,Walter - Storiza Corpus Spring 2025/Storiza_Participant_Recording_05-30-25/annotated_sentence_segments/uid_tHP0GvI5hccNGBzYfgE2pkEHXiW2_sid_0ozJFJTWJov6qw3mQ9j5_1743377835_195799277_sentence_segment.wav",The kids in the smaɪl:z glad to win,"The kids in the smiles, glad to win."
"/Users/liu.ying/University of Florida/Leite,Walter - Storiza Corpus Spring 2025/Storiza_Participant_Recording_05-30-25/annotated_sentence_segments/uid_tHP0GvI5hccNGBzYfgE2pkEHXiW2_sid_0ozJFJTWJov6qw3mQ9j5_1743377835_195799278_sentence_segment.wav",The big ring /l|i|f|t|tid/ lifnid lifted,The big rig lifted.
"/Users/liu.ying/University of Florida/Leite,Walter - Storiza Corpus Spring 2025/Storiza_Participant_Recording_05-30-25/annotated_sentence_segments/uid_tHP0GvI5hccNGBzYfgE2pkEHXiW2_sid_0ozJFJTWJov6qw3mQ9j5_1743377835_195799279_sentence_segment.wav",It did flips,It did flips.
"/Users/liu.ying/University of Florida/Leite,Walter - Storiza Corpus Spring 2025/Storiza_Participant_Recording_05-30-25/annotated_sentence_segments/uid_tHP0GvI5hccNGBzYfgE2pkEHXiW2_sid_0ozJFJTWJov6qw3mQ9j5_1743377835_195799280_sentence_segment.wav",Did you see it said Tim,"""Did you see it?"" said Tim."
"/Users/liu.ying/University of Florida/Leite,Walter - Storiza Corpus Spring 2025/Storiza_Participant_Recording_05-30-25/annotated_sentence_segments/uid_tHP0GvI5hccNGBzYfgE2pkEHXiW2_sid_0ozJFJTWJov6qw3mQ9j5_1743377835_195799281_sentence_segment.wav",ih I did sɛ:d his pal,"""I did!"" said his pal."
"/Users/liu.ying/University of Florida/Leite,Walter - Storiza Corpus Spring 2025/Storiza_Participant_Recording_05-30-25/annotated_sentence_segments/uid_Gt0cspsUtRSvEXXHZKUWlVAfyVq2_sid_CD1a9Qg1P29qYpv9NciL_1742606790_195799282_sentence_segment.wav",In a læn where dɹæɡɪnʃ shopped for treat a store filled with wonders awaited,"In a land where dragons shopped for treats, a store filled with wonders awaited."
"/Users/liu.ying/University of Florida/Leite,Walter - Storiza Corpus Spring 2025/Storiza_Participant_Recording_05-30-25/annotated_sentence_segments/uid_Gt0cspsUtRSvEXXHZKUWlVAfyVq2_sid_CD1a9Qg1P29qYpv9NciL_1742606790_195799283_sentence_segment.wav",Dragons wandered searching for shiny scale scwale scales to polish,"Dragons wandered, searching for shiny scales to polish."
"/Users/liu.ying/University of Florida/Leite,Walter - Storiza Corpus Spring 2025/Storiza_Participant_Recording_05-30-25/annotated_sentence_segments/uid_Gt0cspsUtRSvEXXHZKUWlVAfyVq2_sid_CD1a9Qg1P29qYpv9NciL_1742606790_195799284_sentence_segment.wav",Some dragons were holding bæskɪtɬ collecting gold rings that shimmered under store lights,"Some dragons were holding baskets, collecting golden rings that shimmered under the store lights."
"/Users/liu.ying/University of Florida/Leite,Walter - Storiza Corpus Spring 2025/Storiza_Participant_Recording_05-30-25/annotated_sentence_segments/uid_Gt0cspsUtRSvEXXHZKUWlVAfyVq2_sid_CD1a9Qg1P29qYpv9NciL_1742606790_195799285_sentence_segment.wav",Little flames danced as young dragon skipped along skipped along the aisles giggling,"Little flames danced as young dragons skipped along the aisles, giggling."
"/Users/liu.ying/University of Florida/Leite,Walter - Storiza Corpus Spring 2025/Storiza_Participant_Recording_05-30-25/annotated_sentence_segments/uid_Gt0cspsUtRSvEXXHZKUWlVAfyVq2_sid_CD1a9Qg1P29qYpv9NciL_1742606790_195799286_sentence_segment.wav",sh The shelves were packed wɪs sparkling gems and delicious snacks,The shelves were packed with sparkling gems and delicious snacks.
"/Users/liu.ying/University of Florida/Leite,Walter - Storiza Corpus Spring 2025/Storiza_Participant_Recording_05-30-25/annotated_sentence_segments/uid_Gt0cspsUtRSvEXXHZKUWlVAfyVq2_sid_CD1a9Qg1P29qYpv9NciL_1742606790_195799287_sentence_segment.wav",dɹæɡɪz enjoyed browsing and good soon weɪt and soon they  wɚl lining up excitedly to carry their treasure home,"Dragons enjoyed browsing, and soon, they were lining up, excited to carry their treasures home."
"/Users/liu.ying/University of Florida/Leite,Walter - Storiza Corpus Spring 2025/Storiza_Participant_Recording_05-30-25/annotated_sentence_segments/uid_Gt0cspsUtRSvEXXHZKUWlVAfyVq2_sid_CD1a9Qg1P29qYpv9NciL_1742606790_195799288_sentence_segment.wav",As the day ended happy dɹæɡɪnɬ flew out their wings flapping hearts f.fʊl of delight,"As the day ended, happy dragons flew out, their wings flapping, hearts full of delight."
"/Users/liu.ying/University of Florida/Leite,Walter - Storiza Corpus Spring 2025/Storiza_Participant_Recording_05-30-25/annotated_sentence_segments/uid_Gt0cspsUtRSvEXXHZKUWlVAfyVq2_sid_CD1a9Qg1P29qYpv9NciL_1742606790_195799289_sentence_segment.wav",The store gla glowed in the evening mark.k another magical day,"The store glowed in the evening, marking another magical day."
"/Users/liu.ying/University of Florida/Leite,Walter - Storiza Corpus Spring 2025/Storiza_Participant_Recording_05-30-25/annotated_sentence_segments/uid_ECPqsmdUcMhqkJwXAfhhs3XTgoa2_sid_4gZB1gGVwNVq0ZADHcVo_1741643714_195799290_sentence_segment.wav",In a In the land of maps and globes lived test Tess,"In the land of maps and globes, lived Tess."
"/Users/liu.ying/University of Florida/Leite,Walter - Storiza Corpus Spring 2025/Storiza_Participant_Recording_05-30-25/annotated_sentence_segments/uid_ECPqsmdUcMhqkJwXAfhhs3XTgoa2_sid_4gZB1gGVwNVq0ZADHcVo_1741643714_195799291_sentence_segment.wav",Tess loved twiz lakes and hills her best treasures,"Tess loved trees, lakes, and hills ¨C her best treasures."
"/Users/liu.ying/University of Florida/Leite,Walter - Storiza Corpus Spring 2025/Storiza_Participant_Recording_05-30-25/annotated_sentence_segments/uid_ECPqsmdUcMhqkJwXAfhhs3XTgoa2_sid_4gZB1gGVwNVq0ZADHcVo_1741643714_195799292_sentence_segment.wav",She often dreamt of travel and travel thinking of places with names that bring smiles cities and villages and bridges and place and palaces,"She often dreamt of travel, thinking of places with names that bring smiles: cities and villages with bridges and palaces."
"/Users/liu.ying/University of Florida/Leite,Walter - Storiza Corpus Spring 2025/Storiza_Participant_Recording_05-30-25/annotated_sentence_segments/uid_ECPqsmdUcMhqkJwXAfhhs3XTgoa2_sid_4gZB1gGVwNVq0ZADHcVo_1741643714_195799293_sentence_segment.wav",Each day Tess faʊn new places in her mab book like i.island wit beaches or high towers where wind sings,"Each day, Tess found new places in her map book, like islands with beaches or a high tower where the wind sings."
"/Users/liu.ying/University of Florida/Leite,Walter - Storiza Corpus Spring 2025/Storiza_Participant_Recording_05-30-25/annotated_sentence_segments/uid_ECPqsmdUcMhqkJwXAfhhs3XTgoa2_sid_4gZB1gGVwNVq0ZADHcVo_1741643714_195799294_sentence_segment.wav",One day Tess decided to explore,"One sunny day, Tess decided to explore."
"/Users/liu.ying/University of Florida/Leite,Walter - Storiza Corpus Spring 2025/Storiza_Participant_Recording_05-30-25/annotated_sentence_segments/uid_ECPqsmdUcMhqkJwXAfhhs3XTgoa2_sid_4gZB1gGVwNVq0ZADHcVo_1741643714_195799295_sentence_segment.wav",wɪt her map anduh and compass she went to she went to find new wonders,"With her maps and compass, she went to find new wonders."
"/Users/liu.ying/University of Florida/Leite,Walter - Storiza Corpus Spring 2025/Storiza_Participant_Recording_05-30-25/annotated_sentence_segments/uid_ECPqsmdUcMhqkJwXAfhhs3XTgoa2_sid_4gZB1gGVwNVq0ZADHcVo_1741643714_195799296_sentence_segment.wav",She walk tɹu twiz and reached a hill wɪt many rocks and pwɛbəlz,She walked through the trees and reached a hill with many rocks and pebbles.
"/Users/liu.ying/University of Florida/Leite,Walter - Storiza Corpus Spring 2025/Storiza_Participant_Recording_05-30-25/annotated_sentence_segments/uid_ECPqsmdUcMhqkJwXAfhhs3XTgoa2_sid_4gZB1gGVwNVq0ZADHcVo_1741643714_195799297_sentence_segment.wav",Near the top Tess spotted a new surprise hidden nest wit twi ɛks a sign of lie saw so small yet vast,"Near the top, Tess spotted a new surprise: a hidden nest with three eggs, a sign of life so small yet vast."
"/Users/liu.ying/University of Florida/Leite,Walter - Storiza Corpus Spring 2025/Storiza_Participant_Recording_05-30-25/annotated_sentence_segments/uid_ECPqsmdUcMhqkJwXAfhhs3XTgoa2_sid_4gZB1gGVwNVq0ZADHcVo_1741643714_195799298_sentence_segment.wav",Tess was Tess vas tə.θɹɪld,Tess was thrilled.
"/Users/liu.ying/University of Florida/Leite,Walter - Storiza Corpus Spring 2025/Storiza_Participant_Recording_05-30-25/annotated_sentence_segments/uid_ECPqsmdUcMhqkJwXAfhhs3XTgoa2_sid_4gZB1gGVwNVq0ZADHcVo_1741643714_195799299_sentence_segment.wav",She knew she'd always how more joys to discover it in land full of m:ap maps and dreams,She knew she'd always have more joys to discover in lands full of maps and dreams.
"/Users/liu.ying/University of Florida/Leite,Walter - Storiza Corpus Spring 2025/Storiza_Participant_Recording_05-30-25/annotated_sentence_segments/uid_ECPqsmdUcMhqkJwXAfhhs3XTgoa2_sid_4gZB1gGVwNVq0ZADHcVo_1741643714_195799300_sentence_segment.wav",dæt night Tess slept wɪt a heart ʌ heart full ʌvz places ʃud love to see once more,"That night, Tess slept with a heart full of places she'd love to see once more."
"/Users/liu.ying/University of Florida/Leite,Walter - Storiza Corpus Spring 2025/Storiza_Participant_Recording_05-30-25/annotated_sentence_segments/uid_ZegJLYO9QiacSJTQWx7CWauRcQr1_sid_mQnLtb1R9vlOkUe24Ezq_1742612005_195799301_sentence_segment.wav",Once in a sunny grove a lil ɑlv tree named Ollie ʌm grew,"Once in a sunny grove, a little olive tree named Ollie grew."
"/Users/liu.ying/University of Florida/Leite,Walter - Storiza Corpus Spring 2025/Storiza_Participant_Recording_05-30-25/annotated_sentence_segments/uid_ZegJLYO9QiacSJTQWx7CWauRcQr1_sid_mQnLtb1R9vlOkUe24Ezq_1742612005_195799302_sentence_segment.wav",His leaves loved ʌm to dance in the warm breeze,His leaves loved to dance in the warm breeze.
"/Users/liu.ying/University of Florida/Leite,Walter - Storiza Corpus Spring 2025/Storiza_Participant_Recording_05-30-25/annotated_sentence_segments/uid_ZegJLYO9QiacSJTQWx7CWauRcQr1_sid_mQnLtb1R9vlOkUe24Ezq_1742612005_195799303_sentence_segment.wav",One day Ollie heard a d a dove sɪŋɪn above,"One day, Ollie heard a dove singing above."
"/Users/liu.ying/University of Florida/Leite,Walter - Storiza Corpus Spring 2025/Storiza_Participant_Recording_05-30-25/annotated_sentence_segments/uid_ZegJLYO9QiacSJTQWx7CWauRcQr1_sid_mQnLtb1R9vlOkUe24Ezq_1742612005_195799304_sentence_segment.wav",I wish I kə fly Ollie s ʌm sighed,"""I wish I could fly,"" Ollie sighed."
"/Users/liu.ying/University of Florida/Leite,Walter - Storiza Corpus Spring 2025/Storiza_Participant_Recording_05-30-25/annotated_sentence_segments/uid_ZegJLYO9QiacSJTQWx7CWauRcQr1_sid_mQnLtb1R9vlOkUe24Ezq_1742612005_195799305_sentence_segment.wav",The wise old owl nearby overhead him,The wise old owl nearby overheard him.
"/Users/liu.ying/University of Florida/Leite,Walter - Storiza Corpus Spring 2025/Storiza_Participant_Recording_05-30-25/annotated_sentence_segments/uid_ZegJLYO9QiacSJTQWx7CWauRcQr1_sid_mQnLtb1R9vlOkUe24Ezq_1742612005_195799306_sentence_segment.wav",Olive trees don't fly the owl hu|tɪd k ʌm kaɪn|dli but you provide shade and olives for all,"""Olive trees don't fly,"" the owl hooted kindly, ""but you provide shade and olives for all."""
"/Users/liu.ying/University of Florida/Leite,Walter - Storiza Corpus Spring 2025/Storiza_Participant_Recording_05-30-25/annotated_sentence_segments/uid_ZegJLYO9QiacSJTQWx7CWauRcQr1_sid_mQnLtb1R9vlOkUe24Ezq_1742612005_195799307_sentence_segment.wav",Ollie s: ʌm smiled reeling realizing his ɡɪf,"Ollie smiled, realizing his gift."
"/Users/liu.ying/University of Florida/Leite,Walter - Storiza Corpus Spring 2025/Storiza_Participant_Recording_05-30-25/annotated_sentence_segments/uid_ZegJLYO9QiacSJTQWx7CWauRcQr1_sid_mQnLtb1R9vlOkUe24Ezq_1742612005_195799308_sentence_segment.wav",As the sun set the dove kəhutəd a soft lullaby and Ollie felt proud,"As the sun set, the dove cooed a soft lullaby, and Ollie felt proud."
"/Users/liu.ying/University of Florida/Leite,Walter - Storiza Corpus Spring 2025/Storiza_Participant_Recording_05-30-25/annotated_sentence_segments/uid_ZegJLYO9QiacSJTQWx7CWauRcQr1_sid_mQnLtb1R9vlOkUe24Ezq_1742612005_195799309_sentence_segment.wav",He might not fly but in his own way he was special,"He might not fly, but in his own way, he was special."
"/Users/liu.ying/University of Florida/Leite,Walter - Storiza Corpus Spring 2025/Storiza_Participant_Recording_05-30-25/annotated_sentence_segments/uid_4w6SC0KmlKV4YmJTalgWiZalQHi2_sid_316TtP9ktIPYclmSqdKR_1742509400_195799310_sentence_segment.wav",The cheetah was the fɑsɪst animal in the savannah,The cheetah was the fastest animal in the savannah.
"/Users/liu.ying/University of Florida/Leite,Walter - Storiza Corpus Spring 2025/Storiza_Participant_Recording_05-30-25/annotated_sentence_segments/uid_4w6SC0KmlKV4YmJTalgWiZalQHi2_sid_316TtP9ktIPYclmSqdKR_1742509400_195799311_sentence_segment.wav",It had sharp claws and a beautiful spɑtid coat,It had sharp claws and a beautiful spotted coat.
"/Users/liu.ying/University of Florida/Leite,Walter - Storiza Corpus Spring 2025/Storiza_Participant_Recording_05-30-25/annotated_sentence_segments/uid_4w6SC0KmlKV4YmJTalgWiZalQHi2_sid_316TtP9ktIPYclmSqdKR_1742509400_195799312_sentence_segment.wav",One day the cheetah was wʌniŋ through the tall grass when z it spotted a rabbit,"One day, the cheetah was running through the tall grass when it spotted a rabbit."
"/Users/liu.ying/University of Florida/Leite,Walter - Storiza Corpus Spring 2025/Storiza_Participant_Recording_05-30-25/annotated_sentence_segments/uid_4w6SC0KmlKV4YmJTalgWiZalQHi2_sid_316TtP9ktIPYclmSqdKR_1742509400_195799313_sentence_segment.wav",It quickly praʊnst and caught the rabbit in its jaws,It quickly pounced and caught the rabbit in its jaws.
"/Users/liu.ying/University of Florida/Leite,Walter - Storiza Corpus Spring 2025/Storiza_Participant_Recording_05-30-25/annotated_sentence_segments/uid_4w6SC0KmlKV4YmJTalgWiZalQHi2_sid_316TtP9ktIPYclmSqdKR_1742509400_195799314_sentence_segment.wav",and the cheetah enjoyed its meal it hɚ:d it heard a rustling ɹʌslɪŋ in the bushes,"As the cheetah enjoyed its meal, it heard a rustling in the bushes."
"/Users/liu.ying/University of Florida/Leite,Walter - Storiza Corpus Spring 2025/Storiza_Participant_Recording_05-30-25/annotated_sentence_segments/uid_4w6SC0KmlKV4YmJTalgWiZalQHi2_sid_316TtP9ktIPYclmSqdKR_1742509400_195799315_sentence_segment.wav",It kɑ|keɪ cautiously kɑʃəli əpoʊtʃt and saw a pack of hyenas trying toʊ: tɹaɪɪŋ toʊ steal its meal,It cautiously approached and saw a pack of hyenas trying to steal its meal.
"/Users/liu.ying/University of Florida/Leite,Walter - Storiza Corpus Spring 2025/Storiza_Participant_Recording_05-30-25/annotated_sentence_segments/uid_4w6SC0KmlKV4YmJTalgWiZalQHi2_sid_316TtP9ktIPYclmSqdKR_1742509400_195799316_sentence_segment.wav",The cheetah knew ɪ|t needed to attack fast and use to act fas and use it its intelligence I look at this one boo a a gi giliance agility agility to outsmart a hee:nas,The cheetah knew it needed to act fast and used its agility to outsmart the hyenas.
"/Users/liu.ying/University of Florida/Leite,Walter - Storiza Corpus Spring 2025/Storiza_Participant_Recording_05-30-25/annotated_sentence_segments/uid_4w6SC0KmlKV4YmJTalgWiZalQHi2_sid_316TtP9ktIPYclmSqdKR_1742509400_195799317_sentence_segment.wav",It sprinted əweɪ: leaving the hyenas with the dust,"It sprinted away, leaving the hyenas in the dust."
"/Users/liu.ying/University of Florida/Leite,Walter - Storiza Corpus Spring 2025/Storiza_Participant_Recording_05-30-25/annotated_sentence_segments/uid_4w6SC0KmlKV4YmJTalgWiZalQHi2_sid_316TtP9ktIPYclmSqdKR_1742509400_195799318_sentence_segment.wav",The cheetah's pid and kʌ:nɪ:ŋ an saved its meal and kʌn had had save its mi:l and protected self,The cheetah's speed and cunning had saved its meal and protected itself.
"/Users/liu.ying/University of Florida/Leite,Walter - Storiza Corpus Spring 2025/Storiza_Participant_Recording_05-30-25/annotated_sentence_segments/uid_4w6SC0KmlKV4YmJTalgWiZalQHi2_sid_316TtP9ktIPYclmSqdKR_1742509400_195799319_sentence_segment.wav",The other animals in the savannah were amazed by the cheetah's quick thinking and ətɜlodʒɪtis agility ədʒɪlətis,The other animals in the savannah were amazed by the cheetah's quick thinking and agility.
"/Users/liu.ying/University of Florida/Leite,Walter - Storiza Corpus Spring 2025/Storiza_Participant_Recording_05-30-25/annotated_sentence_segments/uid_4w6SC0KmlKV4YmJTalgWiZalQHi2_sid_316TtP9ktIPYclmSqdKR_1742509400_195799320_sentence_segment.wav",They knew they could always count on the cheetah to difɛn them from danger,They knew they could always count on the cheetah to defend them from danger.
"/Users/liu.ying/University of Florida/Leite,Walter - Storiza Corpus Spring 2025/Storiza_Participant_Recording_05-30-25/annotated_sentence_segments/uid_4w6SC0KmlKV4YmJTalgWiZalQHi2_sid_316TtP9ktIPYclmSqdKR_1742509400_195799321_sentence_segment.wav",and that day ɑn From that day on the cheetah became known as the protector of the savannah,"From that day on, the cheetah became known as the protector of the savannah."
"/Users/liu.ying/University of Florida/Leite,Walter - Storiza Corpus Spring 2025/Storiza_Participant_Recording_05-30-25/annotated_sentence_segments/uid_4w6SC0KmlKV4YmJTalgWiZalQHi2_sid_316TtP9ktIPYclmSqdKR_1742509400_195799322_sentence_segment.wav",Its swift mo mo:vement and sharp sɛn|sɪz kept everyone safe,Its swift movements and sharp senses kept everyone safe.
"/Users/liu.ying/University of Florida/Leite,Walter - Storiza Corpus Spring 2025/Storiza_Participant_Recording_05-30-25/annotated_sentence_segments/uid_4w6SC0KmlKV4YmJTalgWiZalQHi2_sid_316TtP9ktIPYclmSqdKR_1742509400_195799323_sentence_segment.wav",The other animals look up to the cheetah as æbɪɹəh a:m|m:r.rd ædmɪrɚd a|b admired admire its speed grace and courages courage kɝidʒ,"The other animals looked up to the cheetah and admired its speed, grace, and courage."
"/Users/liu.ying/University of Florida/Leite,Walter - Storiza Corpus Spring 2025/Storiza_Participant_Recording_05-30-25/annotated_sentence_segments/uid_4w6SC0KmlKV4YmJTalgWiZalQHi2_sid_316TtP9ktIPYclmSqdKR_1742509400_195799324_sentence_segment.wav",The e The end,The end.
"/Users/liu.ying/University of Florida/Leite,Walter - Storiza Corpus Spring 2025/Storiza_Participant_Recording_05-30-25/annotated_sentence_segments/uid_jWPmLFrSHDZItPTjjPUB8KAsjlq2_sid_7SPTn4kcDnVulcWfBGRR_1743880682_195799325_sentence_segment.wav",In a lush green meadow lived a brave mouse named Dale,"In a lush, green meadow lived a brave mouse named Dale."
"/Users/liu.ying/University of Florida/Leite,Walter - Storiza Corpus Spring 2025/Storiza_Participant_Recording_05-30-25/annotated_sentence_segments/uid_jWPmLFrSHDZItPTjjPUB8KAsjlq2_sid_7SPTn4kcDnVulcWfBGRR_1743880682_195799326_sentence_segment.wav",He loved to explore fields and valleys,He loved to explore fields and valleys.
"/Users/liu.ying/University of Florida/Leite,Walter - Storiza Corpus Spring 2025/Storiza_Participant_Recording_05-30-25/annotated_sentence_segments/uid_jWPmLFrSHDZItPTjjPUB8KAsjlq2_sid_7SPTn4kcDnVulcWfBGRR_1743880682_195799327_sentence_segment.wav",One bright day he trotted beyond the hill and spotted a,"One bright day, he trotted beyond the hill and spotted a pond."
"/Users/liu.ying/University of Florida/Leite,Walter - Storiza Corpus Spring 2025/Storiza_Participant_Recording_05-30-25/annotated_sentence_segments/uid_jWPmLFrSHDZItPTjjPUB8KAsjlq2_sid_7SPTn4kcDnVulcWfBGRR_1743880682_195799328_sentence_segment.wav",Nearby gentle deer named Dawn tr:ɒtɪd over,"Nearby, a gentle deer named Dawn trotted over."
"/Users/liu.ying/University of Florida/Leite,Walter - Storiza Corpus Spring 2025/Storiza_Participant_Recording_05-30-25/annotated_sentence_segments/uid_jWPmLFrSHDZItPTjjPUB8KAsjlq2_sid_7SPTn4kcDnVulcWfBGRR_1743880682_195799329_sentence_segment.wav",Dale Dale waved hoping for a friend,"Dale waved, hoping for a friend."
"/Users/liu.ying/University of Florida/Leite,Walter - Storiza Corpus Spring 2025/Storiza_Participant_Recording_05-30-25/annotated_sentence_segments/uid_jWPmLFrSHDZItPTjjPUB8KAsjlq2_sid_7SPTn4kcDnVulcWfBGRR_1743880682_195799330_sentence_segment.wav",Hi Dawn hoʊ.hutɪd Dale Want to leap and play,"""Hi, Dawn!"" hooted Dale,""Want to leap and play?"""
"/Users/liu.ying/University of Florida/Leite,Walter - Storiza Corpus Spring 2025/Storiza_Participant_Recording_05-30-25/annotated_sentence_segments/uid_jWPmLFrSHDZItPTjjPUB8KAsjlq2_sid_7SPTn4kcDnVulcWfBGRR_1743880682_195799331_sentence_segment.wav",Dawn agreed her eyes twɪŋklɪŋk,"Dawn agreed, her eyes twinkling."
"/Users/liu.ying/University of Florida/Leite,Walter - Storiza Corpus Spring 2025/Storiza_Participant_Recording_05-30-25/annotated_sentence_segments/uid_jWPmLFrSHDZItPTjjPUB8KAsjlq2_sid_7SPTn4kcDnVulcWfBGRR_1743880682_195799332_sentence_segment.wav",They bounced and læf|t chasing their shadows,"They bounced and laughed, chasing their shadows."
"/Users/liu.ying/University of Florida/Leite,Walter - Storiza Corpus Spring 2025/Storiza_Participant_Recording_05-30-25/annotated_sentence_segments/uid_jWPmLFrSHDZItPTjjPUB8KAsjlq2_sid_7SPTn4kcDnVulcWfBGRR_1743880682_195799333_sentence_segment.wav",sʌdntli they heard a rustle,"Suddenly, they heard a rustle."
"/Users/liu.ying/University of Florida/Leite,Walter - Storiza Corpus Spring 2025/Storiza_Participant_Recording_05-30-25/annotated_sentence_segments/uid_jWPmLFrSHDZItPTjjPUB8KAsjlq2_sid_7SPTn4kcDnVulcWfBGRR_1743880682_195799334_sentence_segment.wav",It was a sly owl perched onto a branch,It was a sly owl perched on a branch.
"/Users/liu.ying/University of Florida/Leite,Walter - Storiza Corpus Spring 2025/Storiza_Participant_Recording_05-30-25/annotated_sentence_segments/uid_jWPmLFrSHDZItPTjjPUB8KAsjlq2_sid_7SPTn4kcDnVulcWfBGRR_1743880682_195799335_sentence_segment.wav",tʃ.kən I join he hooted kaɪnli,"""Can I join?"" he hooted kindly."
"/Users/liu.ying/University of Florida/Leite,Walter - Storiza Corpus Spring 2025/Storiza_Participant_Recording_05-30-25/annotated_sentence_segments/uid_jWPmLFrSHDZItPTjjPUB8KAsjlq2_sid_7SPTn4kcDnVulcWfBGRR_1743880682_195799336_sentence_segment.wav",Together they dance ʌntɜl sunset then waved goodbye promising to mi again,"Together, they danced until sunset, then waved goodbye, promising to meet again."
"/Users/liu.ying/University of Florida/Leite,Walter - Storiza Corpus Spring 2025/Storiza_Participant_Recording_05-30-25/annotated_sentence_segments/uid_jWPmLFrSHDZItPTjjPUB8KAsjlq2_sid_7SPTn4kcDnVulcWfBGRR_1743880682_195799337_sentence_segment.wav",Their new bond brightened the meadow,Their new bond brightened the meadow.
"/Users/liu.ying/University of Florida/Leite,Walter - Storiza Corpus Spring 2025/Storiza_Participant_Recording_05-30-25/annotated_sentence_segments/uid_ihIoefKsGwTDai7fGs9x3DyNvju2_sid_HMsBuxpOsV8YfgXpPc0G_1742773567_195799338_sentence_segment.wav",A cat sat on a mat,A cat sat on a mat.
"/Users/liu.ying/University of Florida/Leite,Walter - Storiza Corpus Spring 2025/Storiza_Participant_Recording_05-30-25/annotated_sentence_segments/uid_ihIoefKsGwTDai7fGs9x3DyNvju2_sid_HMsBuxpOsV8YfgXpPc0G_1742773567_195799339_sentence_segment.wav",The cat saw a rat,The cat saw a rat.
"/Users/liu.ying/University of Florida/Leite,Walter - Storiza Corpus Spring 2025/Storiza_Participant_Recording_05-30-25/annotated_sentence_segments/uid_ihIoefKsGwTDai7fGs9x3DyNvju2_sid_HMsBuxpOsV8YfgXpPc0G_1742773567_195799340_sentence_segment.wav",The rat ran fast,The rat ran fast.
"/Users/liu.ying/University of Florida/Leite,Walter - Storiza Corpus Spring 2025/Storiza_Participant_Recording_05-30-25/annotated_sentence_segments/uid_ihIoefKsGwTDai7fGs9x3DyNvju2_sid_HMsBuxpOsV8YfgXpPc0G_1742773567_195799341_sentence_segment.wav",The cat didit did nap,The cat did nap.
"/Users/liu.ying/University of Florida/Leite,Walter - Storiza Corpus Spring 2025/Storiza_Participant_Recording_05-30-25/annotated_sentence_segments/uid_ihIoefKsGwTDai7fGs9x3DyNvju2_sid_HMsBuxpOsV8YfgXpPc0G_1742773567_195799342_sentence_segment.wav",A bat flew pas,A bat flew past.
"/Users/liu.ying/University of Florida/Leite,Walter - Storiza Corpus Spring 2025/Storiza_Participant_Recording_05-30-25/annotated_sentence_segments/uid_ihIoefKsGwTDai7fGs9x3DyNvju2_sid_HMsBuxpOsV8YfgXpPc0G_1742773567_195799343_sentence_segment.wav",The bat saw a flæt hat,The bat saw a fat hat.
"/Users/liu.ying/University of Florida/Leite,Walter - Storiza Corpus Spring 2025/Storiza_Participant_Recording_05-30-25/annotated_sentence_segments/uid_ihIoefKsGwTDai7fGs9x3DyNvju2_sid_HMsBuxpOsV8YfgXpPc0G_1742773567_195799344_sentence_segment.wav",The hat ʌm was tan,The hat was tan.
"/Users/liu.ying/University of Florida/Leite,Walter - Storiza Corpus Spring 2025/Storiza_Participant_Recording_05-30-25/annotated_sentence_segments/uid_ihIoefKsGwTDai7fGs9x3DyNvju2_sid_HMsBuxpOsV8YfgXpPc0G_1742773567_195799345_sentence_segment.wav",ðɜn ʌm sun sɛ,The sun set.
"/Users/liu.ying/University of Florida/Leite,Walter - Storiza Corpus Spring 2025/Storiza_Participant_Recording_05-30-25/annotated_sentence_segments/uid_ihIoefKsGwTDai7fGs9x3DyNvju2_sid_HMsBuxpOsV8YfgXpPc0G_1742773567_195799346_sentence_segment.wav",All was still,All was still.
"/Users/liu.ying/University of Florida/Leite,Walter - Storiza Corpus Spring 2025/Storiza_Participant_Recording_05-30-25/annotated_sentence_segments/uid_ihIoefKsGwTDai7fGs9x3DyNvju2_sid_HMsBuxpOsV8YfgXpPc0G_1742773567_195799347_sentence_segment.wav",The cat rat and bat were glad,"The cat, rat, and bat were glad."
"/Users/liu.ying/University of Florida/Leite,Walter - Storiza Corpus Spring 2025/Storiza_Participant_Recording_05-30-25/annotated_sentence_segments/uid_22lbfrTq0OP1g1mwv7RZwXUl6eW2_sid_GN8Xnyex9q38jg9aH8fB_1741390669_195799348_sentence_segment.wav",Jack loved baseball,Jake loved baseball.
"/Users/liu.ying/University of Florida/Leite,Walter - Storiza Corpus Spring 2025/Storiza_Participant_Recording_05-30-25/annotated_sentence_segments/uid_22lbfrTq0OP1g1mwv7RZwXUl6eW2_sid_GN8Xnyex9q38jg9aH8fB_1741390669_195799349_sentence_segment.wav",He played every day after school,He played every day after school.
"/Users/liu.ying/University of Florida/Leite,Walter - Storiza Corpus Spring 2025/Storiza_Participant_Recording_05-30-25/annotated_sentence_segments/uid_22lbfrTq0OP1g1mwv7RZwXUl6eW2_sid_GN8Xnyex9q38jg9aH8fB_1741390669_195799350_sentence_segment.wav",One bright day Jack grabbed his bat and ran to the field,"One bright day, Jake grabbed his bat and ran to the field."
"/Users/liu.ying/University of Florida/Leite,Walter - Storiza Corpus Spring 2025/Storiza_Participant_Recording_05-30-25/annotated_sentence_segments/uid_22lbfrTq0OP1g1mwv7RZwXUl6eW2_sid_GN8Xnyex9q38jg9aH8fB_1741390669_195799351_sentence_segment.wav",His friend neɪ.neɪt was watching with a ball and a huge grin,"His friend, Nate, was waiting with a ball and a huge grin."
"/Users/liu.ying/University of Florida/Leite,Walter - Storiza Corpus Spring 2025/Storiza_Participant_Recording_05-30-25/annotated_sentence_segments/uid_22lbfrTq0OP1g1mwv7RZwXUl6eW2_sid_GN8Xnyex9q38jg9aH8fB_1741390669_195799352_sentence_segment.wav",They took turns batting each hit enjoying with a sa|fee crack,"They took turns batting, each hit echoing with a satisfying ""crack!"""
"/Users/liu.ying/University of Florida/Leite,Walter - Storiza Corpus Spring 2025/Storiza_Participant_Recording_05-30-25/annotated_sentence_segments/uid_22lbfrTq0OP1g1mwv7RZwXUl6eW2_sid_GN8Xnyex9q38jg9aH8fB_1741390669_195799353_sentence_segment.wav",Jack's turn came again ɜd he hit the ball high into the sky,"Jake's turn came again, and he hit the ball high into the sky."
"/Users/liu.ying/University of Florida/Leite,Walter - Storiza Corpus Spring 2025/Storiza_Participant_Recording_05-30-25/annotated_sentence_segments/uid_22lbfrTq0OP1g1mwv7RZwXUl6eW2_sid_GN8Xnyex9q38jg9aH8fB_1741390669_195799354_sentence_segment.wav",It sailed past the trees landing right on the base,"It sailed past the tree, landing right on the base."
"/Users/liu.ying/University of Florida/Leite,Walter - Storiza Corpus Spring 2025/Storiza_Participant_Recording_05-30-25/annotated_sentence_segments/uid_22lbfrTq0OP1g1mwv7RZwXUl6eW2_sid_GN8Xnyex9q38jg9aH8fB_1741390669_195799355_sentence_segment.wav",It was a home run,It was a home run!
"/Users/liu.ying/University of Florida/Leite,Walter - Storiza Corpus Spring 2025/Storiza_Participant_Recording_05-30-25/annotated_sentence_segments/uid_22lbfrTq0OP1g1mwv7RZwXUl6eW2_sid_GN8Xnyex9q38jg9aH8fB_1741390669_195799356_sentence_segment.wav",Jack's and Nate cheered and clap thrilled at the day's game,"Jake and Nate cheered and clapped, thrilled at the day's game."
"/Users/liu.ying/University of Florida/Leite,Walter - Storiza Corpus Spring 2025/Storiza_Participant_Recording_05-30-25/annotated_sentence_segments/uid_22lbfrTq0OP1g1mwv7RZwXUl6eW2_sid_GN8Xnyex9q38jg9aH8fB_1741390669_195799357_sentence_segment.wav",As the sun set they packed up  to play again tomorrow,"As the sun set, they packed up, eager to play again tomorrow."
"/Users/liu.ying/University of Florida/Leite,Walter - Storiza Corpus Spring 2025/Storiza_Participant_Recording_05-30-25/annotated_sentence_segments/uid_vrDD6j0aEnQfytObzHmMJYKTeFf2_sid_4vWA3DF2NUWsIyZHlX8u_1743005920_195799358_sentence_segment.wav",ɡɪd was a young l|æd lad who dr|ee dream of being the president,Gil was a young lad who dreamt of being the president.
"/Users/liu.ying/University of Florida/Leite,Walter - Storiza Corpus Spring 2025/Storiza_Participant_Recording_05-30-25/annotated_sentence_segments/uid_vrDD6j0aEnQfytObzHmMJYKTeFf2_sid_4vWA3DF2NUWsIyZHlX8u_1743005920_195799359_sentence_segment.wav",One sunny day he h.hi put on his bɛs red cap and m|est m|et met his fɹɛn Gus,"One sunny day, he put on his best red cap and met his friend Gus."
"/Users/liu.ying/University of Florida/Leite,Walter - Storiza Corpus Spring 2025/Storiza_Participant_Recording_05-30-25/annotated_sentence_segments/uid_vrDD6j0aEnQfytObzHmMJYKTeFf2_sid_4vWA3DF2NUWsIyZHlX8u_1743005920_195799360_sentence_segment.wav",They st.st|ɑɾt stowed stoʊd on a big log in the yard and give speech pi. speeches each tacking tacking t|ɝ|nz tɝ|n|z turns,"They stood on a big log in the yard and gave speeches, each taking turns."
"/Users/liu.ying/University of Florida/Leite,Walter - Storiza Corpus Spring 2025/Storiza_Participant_Recording_05-30-25/annotated_sentence_segments/uid_vrDD6j0aEnQfytObzHmMJYKTeFf2_sid_4vWA3DF2NUWsIyZHlX8u_1743005920_195799361_sentence_segment.wav",Gus and Gil had a  fun  where each m.m meting got to play president for a day,Gus and Gil had a fun club where each member got to play president for a day.
"/Users/liu.ying/University of Florida/Leite,Walter - Storiza Corpus Spring 2025/Storiza_Participant_Recording_05-30-25/annotated_sentence_segments/uid_vrDD6j0aEnQfytObzHmMJYKTeFf2_sid_4vWA3DF2NUWsIyZHlX8u_1743005920_195799362_sentence_segment.wav",Today it was gɪl|s Gil's tɜ|ɹn,"Today, it was Gil's turn."
"/Users/liu.ying/University of Florida/Leite,Walter - Storiza Corpus Spring 2025/Storiza_Participant_Recording_05-30-25/annotated_sentence_segments/uid_vrDD6j0aEnQfytObzHmMJYKTeFf2_sid_4vWA3DF2NUWsIyZHlX8u_1743005920_195799363_sentence_segment.wav",His job was to play a fun run and make stories everyone enjoyed the day,His job was to plan a fun run and make sure everyone enjoyed the day.
"/Users/liu.ying/University of Florida/Leite,Walter - Storiza Corpus Spring 2025/Storiza_Participant_Recording_05-30-25/annotated_sentence_segments/uid_vrDD6j0aEnQfytObzHmMJYKTeFf2_sid_4vWA3DF2NUWsIyZHlX8u_1743005920_195799364_sentence_segment.wav",With a jump and a ɡɹ|ɪn ɡɹ|ɪn grin Gil did it did hɪ best as president and the kib had a bast,"With a jump and a grin, Gil did his best as president, and the club had a blast."
"/Users/liu.ying/University of Florida/Leite,Walter - Storiza Corpus Spring 2025/Storiza_Participant_Recording_05-30-25/annotated_sentence_segments/uid_EfKQNmht2ebtDnNadrezErlhcDF3_sid_BYCoT5b02IreYi4dCGrh_1743544924_195799365_sentence_segment.wav",The bell rang the kids ran to the yard,"The bell rang, and kids ran to the yard."
"/Users/liu.ying/University of Florida/Leite,Walter - Storiza Corpus Spring 2025/Storiza_Participant_Recording_05-30-25/annotated_sentence_segments/uid_EfKQNmht2ebtDnNadrezErlhcDF3_sid_BYCoT5b02IreYi4dCGrh_1743544924_195799366_sentence_segment.wav",Jake and Mia played with a ball trying to toss it far,"Jake and Mia played with a ball, trying to toss it far."
"/Users/liu.ying/University of Florida/Leite,Walter - Storiza Corpus Spring 2025/Storiza_Participant_Recording_05-30-25/annotated_sentence_segments/uid_EfKQNmht2ebtDnNadrezErlhcDF3_sid_BYCoT5b02IreYi4dCGrh_1743544924_195799367_sentence_segment.wav",Look at it soar Mia said,"""Look at it soar!"" Mia said."
"/Users/liu.ying/University of Florida/Leite,Walter - Storiza Corpus Spring 2025/Storiza_Participant_Recording_05-30-25/annotated_sentence_segments/uid_EfKQNmht2ebtDnNadrezErlhcDF3_sid_BYCoT5b02IreYi4dCGrh_1743544924_195799368_sentence_segment.wav",Sam dʒ.dʒɔɪnd in æ|n:d they all ran fast feeling the wind,"Sam joined in and they all ran fast, feeling the wind."
"/Users/liu.ying/University of Florida/Leite,Walter - Storiza Corpus Spring 2025/Storiza_Participant_Recording_05-30-25/annotated_sentence_segments/uid_EfKQNmht2ebtDnNadrezErlhcDF3_sid_BYCoT5b02IreYi4dCGrh_1743544924_195799369_sentence_segment.wav",and they sat into sat they sat t.tu rest under the  tree,"Then, they sat to rest under a big tree."
"/Users/liu.ying/University of Florida/Leite,Walter - Storiza Corpus Spring 2025/Storiza_Participant_Recording_05-30-25/annotated_sentence_segments/uid_EfKQNmht2ebtDnNadrezErlhcDF3_sid_BYCoT5b02IreYi4dCGrh_1743544924_195799370_sentence_segment.wav",Let's do this more often Sam said with a smile,"""Let's do this more often,"" Sam said with a smile."
"/Users/liu.ying/University of Florida/Leite,Walter - Storiza Corpus Spring 2025/Storiza_Participant_Recording_05-30-25/annotated_sentence_segments/uid_EfKQNmht2ebtDnNadrezErlhcDF3_sid_BYCoT5b02IreYi4dCGrh_1743544924_195799371_sentence_segment.wav",the bell rang again s.sɪgnəliŋ the end,"The bell rang again, signaling the end."
"/Users/liu.ying/University of Florida/Leite,Walter - Storiza Corpus Spring 2025/Storiza_Participant_Recording_05-30-25/annotated_sentence_segments/uid_EfKQNmht2ebtDnNadrezErlhcDF3_sid_BYCoT5b02IreYi4dCGrh_1743544924_195799372_sentence_segment.wav",Time to go: Jake sighed signed but they were happy their hearts full of joy,"""Time to go,"" Jake sighed, but they were happy, their hearts full of joy."
"/Users/liu.ying/University of Florida/Leite,Walter - Storiza Corpus Spring 2025/Storiza_Participant_Recording_05-30-25/annotated_sentence_segments/uid_EfKQNmht2ebtDnNadrezErlhcDF3_sid_BYCoT5b02IreYi4dCGrh_1743544924_195799373_sentence_segment.wav",The day was bright like their smiles,"The day was bright, like their smiles."
"/Users/liu.ying/University of Florida/Leite,Walter - Storiza Corpus Spring 2025/Storiza_Participant_Recording_05-30-25/annotated_sentence_segments/uid_EfKQNmht2ebtDnNadrezErlhcDF3_sid_BYCoT5b02IreYi4dCGrh_1743544924_195799374_sentence_segment.wav",as they walked back they promised to make every recess as fun as tudaɪ̰,"As they walked back, they promised to make every recess as fun as today."
"/Users/liu.ying/University of Florida/Leite,Walter - Storiza Corpus Spring 2025/Storiza_Participant_Recording_05-30-25/annotated_sentence_segments/uid_M3RVTGHWrAMCChSiCDrpejluqjQ2_sid_J3DTSl0s0xBwSzdlZEZW_1742137192_195799375_sentence_segment.wav","""oh"" Matt Tim and Ann found a snack","Matt, Tim, and Ann found a sack."
"/Users/liu.ying/University of Florida/Leite,Walter - Storiza Corpus Spring 2025/Storiza_Participant_Recording_05-30-25/annotated_sentence_segments/uid_M3RVTGHWrAMCChSiCDrpejluqjQ2_sid_J3DTSl0s0xBwSzdlZEZW_1742137192_195799376_sentence_segment.wav",What is the snack æs Matt,"""What is in the sack?"" asks Matt."
"/Users/liu.ying/University of Florida/Leite,Walter - Storiza Corpus Spring 2025/Storiza_Participant_Recording_05-30-25/annotated_sentence_segments/uid_M3RVTGHWrAMCChSiCDrpejluqjQ2_sid_J3DTSl0s0xBwSzdlZEZW_1742137192_195799377_sentence_segment.wav",Tim wanted tə check,Tim wanted to check.
"/Users/liu.ying/University of Florida/Leite,Walter - Storiza Corpus Spring 2025/Storiza_Participant_Recording_05-30-25/annotated_sentence_segments/uid_M3RVTGHWrAMCChSiCDrpejluqjQ2_sid_J3DTSl0s0xBwSzdlZEZW_1742137192_195799378_sentence_segment.wav",He pulled out a map,He pulled out a map.
"/Users/liu.ying/University of Florida/Leite,Walter - Storiza Corpus Spring 2025/Storiza_Participant_Recording_05-30-25/annotated_sentence_segments/uid_M3RVTGHWrAMCChSiCDrpejluqjQ2_sid_J3DTSl0s0xBwSzdlZEZW_1742137192_195799379_sentence_segment.wav",Look at map Tim said,"""Look, a map!"" Tim said."
"/Users/liu.ying/University of Florida/Leite,Walter - Storiza Corpus Spring 2025/Storiza_Participant_Recording_05-30-25/annotated_sentence_segments/uid_M3RVTGHWrAMCChSiCDrpejluqjQ2_sid_J3DTSl0s0xBwSzdlZEZW_1742137192_195799380_sentence_segment.wav",and Tim wanted to check,Tim wanted to check.
"/Users/liu.ying/University of Florida/Leite,Walter - Storiza Corpus Spring 2025/Storiza_Participant_Recording_05-30-25/annotated_sentence_segments/uid_M3RVTGHWrAMCChSiCDrpejluqjQ2_sid_J3DTSl0s0xBwSzdlZEZW_1742137192_195799381_sentence_segment.wav",He pulled out a map,He pulled out a map.
"/Users/liu.ying/University of Florida/Leite,Walter - Storiza Corpus Spring 2025/Storiza_Participant_Recording_05-30-25/annotated_sentence_segments/uid_M3RVTGHWrAMCChSiCDrpejluqjQ2_sid_J3DTSl0s0xBwSzdlZEZW_1742137192_195799382_sentence_segment.wav",Look at the map Tim said,"""Look, a map!"" Tim said."
"/Users/liu.ying/University of Florida/Leite,Walter - Storiza Corpus Spring 2025/Storiza_Participant_Recording_05-30-25/annotated_sentence_segments/uid_M3RVTGHWrAMCChSiCDrpejluqjQ2_sid_J3DTSl0s0xBwSzdlZEZW_1742137192_195799383_sentence_segment.wav",Ann jumped and clapped her hands,Ann jumped and clapped her hands.
"/Users/liu.ying/University of Florida/Leite,Walter - Storiza Corpus Spring 2025/Storiza_Participant_Recording_05-30-25/annotated_sentence_segments/uid_M3RVTGHWrAMCChSiCDrpejluqjQ2_sid_J3DTSl0s0xBwSzdlZEZW_1742137192_195799384_sentence_segment.wav",Next Matt pulled out a cap,"Next, Matt pulled out a cap."
"/Users/liu.ying/University of Florida/Leite,Walter - Storiza Corpus Spring 2025/Storiza_Participant_Recording_05-30-25/annotated_sentence_segments/uid_M3RVTGHWrAMCChSiCDrpejluqjQ2_sid_J3DTSl0s0xBwSzdlZEZW_1742137192_195799385_sentence_segment.wav",A yellow cap he laughed,"""A yellow cap!"" he laughed."
"/Users/liu.ying/University of Florida/Leite,Walter - Storiza Corpus Spring 2025/Storiza_Participant_Recording_05-30-25/annotated_sentence_segments/uid_M3RVTGHWrAMCChSiCDrpejluqjQ2_sid_J3DTSl0s0xBwSzdlZEZW_1742137192_195799386_sentence_segment.wav",Ann a.ah duh Ann dug in and got a fan,Ann dug in and got a fan.
"/Users/liu.ying/University of Florida/Leite,Walter - Storiza Corpus Spring 2025/Storiza_Participant_Recording_05-30-25/annotated_sentence_segments/uid_M3RVTGHWrAMCChSiCDrpejluqjQ2_sid_J3DTSl0s0xBwSzdlZEZW_1742137192_195799387_sentence_segment.wav",It's red she grinned,"""It is red,"" she grinned."
"/Users/liu.ying/University of Florida/Leite,Walter - Storiza Corpus Spring 2025/Storiza_Participant_Recording_05-30-25/annotated_sentence_segments/uid_M3RVTGHWrAMCChSiCDrpejluqjQ2_sid_J3DTSl0s0xBwSzdlZEZW_1742137192_195799388_sentence_segment.wav",They sat a circle and looked at the map,They sat in a circle and looked at the map.
"/Users/liu.ying/University of Florida/Leite,Walter - Storiza Corpus Spring 2025/Storiza_Participant_Recording_05-30-25/annotated_sentence_segments/uid_M3RVTGHWrAMCChSiCDrpejluqjQ2_sid_J3DTSl0s0xBwSzdlZEZW_1742137192_195799389_sentence_segment.wav",The map will help us said Tim,"""The map will help us,"" said Tim."
"/Users/liu.ying/University of Florida/Leite,Walter - Storiza Corpus Spring 2025/Storiza_Participant_Recording_05-30-25/annotated_sentence_segments/uid_M3RVTGHWrAMCChSiCDrpejluqjQ2_sid_J3DTSl0s0xBwSzdlZEZW_1742137192_195799390_sentence_segment.wav",Where will we go first Ann asked,"""Where will we go first?"" Ann asked."
"/Users/liu.ying/University of Florida/Leite,Walter - Storiza Corpus Spring 2025/Storiza_Participant_Recording_05-30-25/annotated_sentence_segments/uid_M3RVTGHWrAMCChSiCDrpejluqjQ2_sid_J3DTSl0s0xBwSzdlZEZW_1742137192_195799391_sentence_segment.wav",Matt pointed pointed to the spot,Matt pointed to a spot.
"/Users/liu.ying/University of Florida/Leite,Walter - Storiza Corpus Spring 2025/Storiza_Participant_Recording_05-30-25/annotated_sentence_segments/uid_M3RVTGHWrAMCChSiCDrpejluqjQ2_sid_J3DTSl0s0xBwSzdlZEZW_1742137192_195799392_sentence_segment.wav",Here's the big red oak he said,"""Here, next to the big red oak,"" he said."
"/Users/liu.ying/University of Florida/Leite,Walter - Storiza Corpus Spring 2025/Storiza_Participant_Recording_05-30-25/annotated_sentence_segments/uid_M3RVTGHWrAMCChSiCDrpejluqjQ2_sid_J3DTSl0s0xBwSzdlZEZW_1742137192_195799393_sentence_segment.wav",The the pa the æni set off an and set off,"Then, they packed the sack and set off."
"/Users/liu.ying/University of Florida/Leite,Walter - Storiza Corpus Spring 2025/Storiza_Participant_Recording_05-30-25/annotated_sentence_segments/uid_M3RVTGHWrAMCChSiCDrpejluqjQ2_sid_J3DTSl0s0xBwSzdlZEZW_1742137192_195799394_sentence_segment.wav",The sun was hot,The sun was hot.
"/Users/liu.ying/University of Florida/Leite,Walter - Storiza Corpus Spring 2025/Storiza_Participant_Recording_05-30-25/annotated_sentence_segments/uid_M3RVTGHWrAMCChSiCDrpejluqjQ2_sid_J3DTSl0s0xBwSzdlZEZW_1742137192_195799395_sentence_segment.wav",and cap kept Matt cool,The cap kept Matt cool.
"/Users/liu.ying/University of Florida/Leite,Walter - Storiza Corpus Spring 2025/Storiza_Participant_Recording_05-30-25/annotated_sentence_segments/uid_M3RVTGHWrAMCChSiCDrpejluqjQ2_sid_J3DTSl0s0xBwSzdlZEZW_1742137192_195799396_sentence_segment.wav",wæn kept Ann chilled,The fan kept Ann chilled.
"/Users/liu.ying/University of Florida/Leite,Walter - Storiza Corpus Spring 2025/Storiza_Participant_Recording_05-30-25/annotated_sentence_segments/uid_M3RVTGHWrAMCChSiCDrpejluqjQ2_sid_J3DTSl0s0xBwSzdlZEZW_1742137192_195799397_sentence_segment.wav",To help the map t|ai  Tim held the map tight,Tim held the map tight.
"/Users/liu.ying/University of Florida/Leite,Walter - Storiza Corpus Spring 2025/Storiza_Participant_Recording_05-30-25/annotated_sentence_segments/uid_M3RVTGHWrAMCChSiCDrpejluqjQ2_sid_J3DTSl0s0xBwSzdlZEZW_1742137192_195799398_sentence_segment.wav",They stopped a pond a pond,They stopped at a pond.
"/Users/liu.ying/University of Florida/Leite,Walter - Storiza Corpus Spring 2025/Storiza_Participant_Recording_05-30-25/annotated_sentence_segments/uid_M3RVTGHWrAMCChSiCDrpejluqjQ2_sid_J3DTSl0s0xBwSzdlZEZW_1742137192_195799399_sentence_segment.wav",a pond was cool,The pond was cool.
"/Users/liu.ying/University of Florida/Leite,Walter - Storiza Corpus Spring 2025/Storiza_Participant_Recording_05-30-25/annotated_sentence_segments/uid_M3RVTGHWrAMCChSiCDrpejluqjQ2_sid_J3DTSl0s0xBwSzdlZEZW_1742137192_195799400_sentence_segment.wav",They jiggle jiggled as they fall frogs hoped,They giggled as the frogs hopped.
"/Users/liu.ying/University of Florida/Leite,Walter - Storiza Corpus Spring 2025/Storiza_Participant_Recording_05-30-25/annotated_sentence_segments/uid_M3RVTGHWrAMCChSiCDrpejluqjQ2_sid_J3DTSl0s0xBwSzdlZEZW_1742137192_195799401_sentence_segment.wav",back the end of the Dale were glad,"By the end of the day, they were glad."
"/Users/liu.ying/University of Florida/Leite,Walter - Storiza Corpus Spring 2025/Storiza_Participant_Recording_05-30-25/annotated_sentence_segments/uid_M3RVTGHWrAMCChSiCDrpejluqjQ2_sid_J3DTSl0s0xBwSzdlZEZW_1742137192_195799402_sentence_segment.wav",What wʌ fun fun day s.sɛd Ann,"""What a fun day,"" said Ann."
"/Users/liu.ying/University of Florida/Leite,Walter - Storiza Corpus Spring 2025/Storiza_Participant_Recording_05-30-25/annotated_sentence_segments/uid_M3RVTGHWrAMCChSiCDrpejluqjQ2_sid_J3DTSl0s0xBwSzdlZEZW_1742137192_195799403_sentence_segment.wav",They walked back with s.smaɪlz ready to go tell tales of ðə.ðɛɚ grand adventure,"They walked back with smiles, ready to tell tales of their grand adventure."
"/Users/liu.ying/University of Florida/Leite,Walter - Storiza Corpus Spring 2025/Storiza_Participant_Recording_05-30-25/annotated_sentence_segments/uid_l10DBTU0vaSPzKuDElOBDPPpe2H3_sid_0P0AdunCY6C2VJLuhOSH_1742248690_195799404_sentence_segment.wav",Lilly who loved gymnastics,Lilly loved gymnastics.
"/Users/liu.ying/University of Florida/Leite,Walter - Storiza Corpus Spring 2025/Storiza_Participant_Recording_05-30-25/annotated_sentence_segments/uid_l10DBTU0vaSPzKuDElOBDPPpe2H3_sid_0P0AdunCY6C2VJLuhOSH_1742248690_195799405_sentence_segment.wav",She practiced flips and tricks every day,She practiced flips and tricks every day.
"/Users/liu.ying/University of Florida/Leite,Walter - Storiza Corpus Spring 2025/Storiza_Participant_Recording_05-30-25/annotated_sentence_segments/uid_l10DBTU0vaSPzKuDElOBDPPpe2H3_sid_0P0AdunCY6C2VJLuhOSH_1742248690_195799406_sentence_segment.wav",One sunny æftɚnun.n.n she went to the tʃɪm with her bɛs friend ,"One sunny afternoon, she went to the gym with her best friend, Rick."
"/Users/liu.ying/University of Florida/Leite,Walter - Storiza Corpus Spring 2025/Storiza_Participant_Recording_05-30-25/annotated_sentence_segments/uid_l10DBTU0vaSPzKuDElOBDPPpe2H3_sid_0P0AdunCY6C2VJLuhOSH_1742248690_195799407_sentence_segment.wav",They stretched on the thick mats ready for fun,"They stretched on the thick mats, ready for fun."
"/Users/liu.ying/University of Florida/Leite,Walter - Storiza Corpus Spring 2025/Storiza_Participant_Recording_05-30-25/annotated_sentence_segments/uid_l10DBTU0vaSPzKuDElOBDPPpe2H3_sid_0P0AdunCY6C2VJLuhOSH_1742248690_195799408_sentence_segment.wav",Lilly tried a backflip and landed with a big fun thud,Lilly tried a backflip and landed with a big thud.
"/Users/liu.ying/University of Florida/Leite,Walter - Storiza Corpus Spring 2025/Storiza_Participant_Recording_05-30-25/annotated_sentence_segments/uid_l10DBTU0vaSPzKuDElOBDPPpe2H3_sid_0P0AdunCY6C2VJLuhOSH_1742248690_195799409_sentence_segment.wav",Oops she giggled brush off the dust,"""Oops!"" she giggled, brushing off the dust."
"/Users/liu.ying/University of Florida/Leite,Walter - Storiza Corpus Spring 2025/Storiza_Participant_Recording_05-30-25/annotated_sentence_segments/uid_l10DBTU0vaSPzKuDElOBDPPpe2H3_sid_0P0AdunCY6C2VJLuhOSH_1742248690_195799410_sentence_segment.wav",Rick clapped cheered her on,"Rick clapped, cheering her on."
"/Users/liu.ying/University of Florida/Leite,Walter - Storiza Corpus Spring 2025/Storiza_Participant_Recording_05-30-25/annotated_sentence_segments/uid_l10DBTU0vaSPzKuDElOBDPPpe2H3_sid_0P0AdunCY6C2VJLuhOSH_1742248690_195799411_sentence_segment.wav",nɛks ɹ.ɹɪk swung on the rings spinning like a spinning like a top,"Next, Rick swung on the rings, spinning like a top."
"/Users/liu.ying/University of Florida/Leite,Walter - Storiza Corpus Spring 2025/Storiza_Participant_Recording_05-30-25/annotated_sentence_segments/uid_l10DBTU0vaSPzKuDElOBDPPpe2H3_sid_0P0AdunCY6C2VJLuhOSH_1742248690_195799412_sentence_segment.wav",He felt dizzy but happy,He felt dizzy but happy.
"/Users/liu.ying/University of Florida/Leite,Walter - Storiza Corpus Spring 2025/Storiza_Participant_Recording_05-30-25/annotated_sentence_segments/uid_l10DBTU0vaSPzKuDElOBDPPpe2H3_sid_0P0AdunCY6C2VJLuhOSH_1742248690_195799413_sentence_segment.wav",After practice they sat with their coach Miss Kim,"After practice, they sat with their coach, Miss Kim."
"/Users/liu.ying/University of Florida/Leite,Walter - Storiza Corpus Spring 2025/Storiza_Participant_Recording_05-30-25/annotated_sentence_segments/uid_l10DBTU0vaSPzKuDElOBDPPpe2H3_sid_0P0AdunCY6C2VJLuhOSH_1742248690_195799414_sentence_segment.wav",She smiled and said Great job kids,"She smiled and said, ""Great job, kids!"""
"/Users/liu.ying/University of Florida/Leite,Walter - Storiza Corpus Spring 2025/Storiza_Participant_Recording_05-30-25/annotated_sentence_segments/uid_l10DBTU0vaSPzKuDElOBDPPpe2H3_sid_0P0AdunCY6C2VJLuhOSH_1742248690_195799415_sentence_segment.wav",Lilly and ɹ.ɹɪk ɡɹ:ɪnd knowing they had done their bɛs,"Lilly and Rick grinned, knowing they had done their best."
"/Users/liu.ying/University of Florida/Leite,Walter - Storiza Corpus Spring 2025/Storiza_Participant_Recording_05-30-25/annotated_sentence_segments/uid_l10DBTU0vaSPzKuDElOBDPPpe2H3_sid_0P0AdunCY6C2VJLuhOSH_1742248690_195799416_sentence_segment.wav",Gymnastics was thrilling,Gymnastics was thrilling!
"/Users/liu.ying/University of Florida/Leite,Walter - Storiza Corpus Spring 2025/Storiza_Participant_Recording_05-30-25/annotated_sentence_segments/uid_tHP0GvI5hccNGBzYfgE2pkEHXiW2_sid_tauN5MkJSXHrjKIHsYkM_1743377469_195799417_sentence_segment.wav",pæ:m the poʊlə bear had ə.e:ɪ tæ:n b|l|a|ck bla:t bla:t blanky:,Pam the polar bear had a tan blanket.
"/Users/liu.ying/University of Florida/Leite,Walter - Storiza Corpus Spring 2025/Storiza_Participant_Recording_05-30-25/annotated_sentence_segments/uid_tHP0GvI5hccNGBzYfgE2pkEHXiW2_sid_tauN5MkJSXHrjKIHsYkM_1743377469_195799418_sentence_segment.wav",She sat by a kuwl pond and had a nap,She sat by a cool pond and had a nap.
"/Users/liu.ying/University of Florida/Leite,Walter - Storiza Corpus Spring 2025/Storiza_Participant_Recording_05-30-25/annotated_sentence_segments/uid_tHP0GvI5hccNGBzYfgE2pkEHXiW2_sid_tauN5MkJSXHrjKIHsYkM_1743377469_195799419_sentence_segment.wav",Pat the penguin penwuh came and c|l|a|p|d clapped his hands,Pat the penguin came and clapped his hands.
"/Users/liu.ying/University of Florida/Leite,Walter - Storiza Corpus Spring 2025/Storiza_Participant_Recording_05-30-25/annotated_sentence_segments/uid_tHP0GvI5hccNGBzYfgE2pkEHXiW2_sid_tauN5MkJSXHrjKIHsYkM_1743377469_195799420_sentence_segment.wav",Can I nap too he asked,"""Can I nap too?"" he asked."
"/Users/liu.ying/University of Florida/Leite,Walter - Storiza Corpus Spring 2025/Storiza_Participant_Recording_05-30-25/annotated_sentence_segments/uid_tHP0GvI5hccNGBzYfgE2pkEHXiW2_sid_tauN5MkJSXHrjKIHsYkM_1743377469_195799421_sentence_segment.wav",Pam said Yes,"Pam said, ""Yes!"""
"/Users/liu.ying/University of Florida/Leite,Walter - Storiza Corpus Spring 2025/Storiza_Participant_Recording_05-30-25/annotated_sentence_segments/uid_tHP0GvI5hccNGBzYfgE2pkEHXiW2_sid_tauN5MkJSXHrjKIHsYkM_1743377469_195799422_sentence_segment.wav",They sat and had fun at the pond ɡlæ:d for the s.s.ʌn and a nap,"They sat and had fun at the pond, glad for the sun and a nap."
"/Users/liu.ying/University of Florida/Leite,Walter - Storiza Corpus Spring 2025/Storiza_Participant_Recording_05-30-25/annotated_sentence_segments/uid_0FdMSMtn95PJ9tLFeW3F4sFLPMh1_sid_T5VCoUAXaeXMTbSB2cPN_1743043588_195799423_sentence_segment.wav",In the jungle there lived a gup of playful tigers,"In the jungle, there lived a group of playful tigers."
"/Users/liu.ying/University of Florida/Leite,Walter - Storiza Corpus Spring 2025/Storiza_Participant_Recording_05-30-25/annotated_sentence_segments/uid_0FdMSMtn95PJ9tLFeW3F4sFLPMh1_sid_T5VCoUAXaeXMTbSB2cPN_1743043588_195799424_sentence_segment.wav",Each tiger wore stripes their coats shining bright,"Each tiger wore stripes, their coats shining bright."
"/Users/liu.ying/University of Florida/Leite,Walter - Storiza Corpus Spring 2025/Storiza_Participant_Recording_05-30-25/annotated_sentence_segments/uid_0FdMSMtn95PJ9tLFeW3F4sFLPMh1_sid_T5VCoUAXaeXMTbSB2cPN_1743043588_195799425_sentence_segment.wav",They loved to run through the trees and splash in the streams,They loved to run through the trees and splash in the streams.
"/Users/liu.ying/University of Florida/Leite,Walter - Storiza Corpus Spring 2025/Storiza_Participant_Recording_05-30-25/annotated_sentence_segments/uid_0FdMSMtn95PJ9tLFeW3F4sFLPMh1_sid_T5VCoUAXaeXMTbSB2cPN_1743043588_195799426_sentence_segment.wav",One day they found some boxes filled with toys,"One day, they found some boxes filled with toys."
"/Users/liu.ying/University of Florida/Leite,Walter - Storiza Corpus Spring 2025/Storiza_Participant_Recording_05-30-25/annotated_sentence_segments/uid_0FdMSMtn95PJ9tLFeW3F4sFLPMh1_sid_T5VCoUAXaeXMTbSB2cPN_1743043588_195799427_sentence_segment.wav",The tigers looked turns jumping and pleɪɪŋg.ɪŋg with the toys,The tigers took turns jumping and playing with the toys.
"/Users/liu.ying/University of Florida/Leite,Walter - Storiza Corpus Spring 2025/Storiza_Participant_Recording_05-30-25/annotated_sentence_segments/uid_0FdMSMtn95PJ9tLFeW3F4sFLPMh1_sid_T5VCoUAXaeXMTbSB2cPN_1743043588_195799428_sentence_segment.wav",As the sun set they returned to their cozy den tails wagging with joy,"As the sun set, they returned to their cozy den, tails wagging with joy."
"/Users/liu.ying/University of Florida/Leite,Walter - Storiza Corpus Spring 2025/Storiza_Participant_Recording_05-30-25/annotated_sentence_segments/uid_0FdMSMtn95PJ9tLFeW3F4sFLPMh1_sid_T5VCoUAXaeXMTbSB2cPN_1743043588_195799429_sentence_segment.wav",The jungle echoed wɪθə their happy laughs as they rested dreaming of more fun tomorrow,"The jungle echoed with their happy laughs as they rested, dreaming of more fun tomorrow."
"/Users/liu.ying/University of Florida/Leite,Walter - Storiza Corpus Spring 2025/Storiza_Participant_Recording_05-30-25/annotated_sentence_segments/uid_0FdMSMtn95PJ9tLFeW3F4sFLPMh1_sid_T5VCoUAXaeXMTbSB2cPN_1743043588_195799430_sentence_segment.wav",The nɛks morning the dʒʌŋɡəls buzzed with excitement,"The next morning, the jungle buzzed with excitement."
"/Users/liu.ying/University of Florida/Leite,Walter - Storiza Corpus Spring 2025/Storiza_Participant_Recording_05-30-25/annotated_sentence_segments/uid_0FdMSMtn95PJ9tLFeW3F4sFLPMh1_sid_T5VCoUAXaeXMTbSB2cPN_1743043588_195799431_sentence_segment.wav",The tigers wer: The tigers were getting ready for another day of adventure with their friends,The tigers were ready for another day of adventures with their friends!
"/Users/liu.ying/University of Florida/Leite,Walter - Storiza Corpus Spring 2025/Storiza_Participant_Recording_05-30-25/annotated_sentence_segments/uid_aKXkeU8QguUwr1lDK1mxXri9hqN2_sid_gbbMMkjwQ3IIargLKNV0_1741732628_195799432_sentence_segment.wav",In a distant land an ælkɔɹn named Fern soared over the forest,"In a distant land, an alicorn named Fern soared over the forest."
"/Users/liu.ying/University of Florida/Leite,Walter - Storiza Corpus Spring 2025/Storiza_Participant_Recording_05-30-25/annotated_sentence_segments/uid_aKXkeU8QguUwr1lDK1mxXri9hqN2_sid_gbbMMkjwQ3IIargLKNV0_1741732628_195799433_sentence_segment.wav",Her wings shimmered under the sun casting a rainbow arf arc,"Her wings shimmered under the sun, casting a rainbow arc."
"/Users/liu.ying/University of Florida/Leite,Walter - Storiza Corpus Spring 2025/Storiza_Participant_Recording_05-30-25/annotated_sentence_segments/uid_aKXkeU8QguUwr1lDK1mxXri9hqN2_sid_gbbMMkjwQ3IIargLKNV0_1741732628_195799434_sentence_segment.wav",As she days r.raised she found a hidden arch in the trees leading t a secret garden,"As she glided, she found a hidden arch in the trees, leading to a secret garden."
"/Users/liu.ying/University of Florida/Leite,Walter - Storiza Corpus Spring 2025/Storiza_Participant_Recording_05-30-25/annotated_sentence_segments/uid_aKXkeU8QguUwr1lDK1mxXri9hqN2_sid_gbbMMkjwQ3IIargLKNV0_1741732628_195799435_sentence_segment.wav",In this se|nse spot Fern m|ɛ|t a herd of unicorns,"In this serene spot, Fern met a herd of unicorns."
"/Users/liu.ying/University of Florida/Leite,Walter - Storiza Corpus Spring 2025/Storiza_Participant_Recording_05-30-25/annotated_sentence_segments/uid_aKXkeU8QguUwr1lDK1mxXri9hqN2_sid_gbbMMkjwQ3IIargLKNV0_1741732628_195799436_sentence_segment.wav",Together they danced and twinkled and twirled celebrating their world,"Together, they danced and twirled, celebrating their world."
"/Users/liu.ying/University of Florida/Leite,Walter - Storiza Corpus Spring 2025/Storiza_Participant_Recording_05-30-25/annotated_sentence_segments/uid_aKXkeU8QguUwr1lDK1mxXri9hqN2_sid_gbbMMkjwQ3IIargLKNV0_1741732628_195799437_sentence_segment.wav",When dusk əɹaɪd Fern promised t return,"When dusk arrived, Fern promised to return."
"/Users/liu.ying/University of Florida/Leite,Walter - Storiza Corpus Spring 2025/Storiza_Participant_Recording_05-30-25/annotated_sentence_segments/uid_aKXkeU8QguUwr1lDK1mxXri9hqN2_sid_gbbMMkjwQ3IIargLKNV0_1741732628_195799438_sentence_segment.wav",Her heart full she flew home imɪŋ of the next ɪgvɛntʃɚ,"Her heart full, she flew home, dreaming of the next adventure."
"/Users/liu.ying/University of Florida/Leite,Walter - Storiza Corpus Spring 2025/Storiza_Participant_Recording_05-30-25/annotated_sentence_segments/uid_TzE1wYChYkTUAVNeVtZjXuO8cBi2_sid_VhyvjW8RtTDOfLNA6ZuZ_1743435016_195799439_sentence_segment.wav",In a joyful town lived a boy named Roy,In a joyful town lived a boy named Roy.
"/Users/liu.ying/University of Florida/Leite,Walter - Storiza Corpus Spring 2025/Storiza_Participant_Recording_05-30-25/annotated_sentence_segments/uid_TzE1wYChYkTUAVNeVtZjXuO8cBi2_sid_VhyvjW8RtTDOfLNA6ZuZ_1743435016_195799440_sentence_segment.wav",Roy loved to play with his toy train,Roy loved to play with his toy train.
"/Users/liu.ying/University of Florida/Leite,Walter - Storiza Corpus Spring 2025/Storiza_Participant_Recording_05-30-25/annotated_sentence_segments/uid_TzE1wYChYkTUAVNeVtZjXuO8cBi2_sid_VhyvjW8RtTDOfLNA6ZuZ_1743435016_195799441_sentence_segment.wav",One Sunday Roy joined his fɹɛn Doyle for an afternoon of fun,"One sunny day, Roy joined his friend Doyle for an afternoon of fun."
"/Users/liu.ying/University of Florida/Leite,Walter - Storiza Corpus Spring 2025/Storiza_Participant_Recording_05-30-25/annotated_sentence_segments/uid_TzE1wYChYkTUAVNeVtZjXuO8cBi2_sid_VhyvjW8RtTDOfLNA6ZuZ_1743435016_195799442_sentence_segment.wav",They decided to build a tiny fort from foil and blocks,They decided to build a tiny fort from foil and blocks.
"/Users/liu.ying/University of Florida/Leite,Walter - Storiza Corpus Spring 2025/Storiza_Participant_Recording_05-30-25/annotated_sentence_segments/uid_TzE1wYChYkTUAVNeVtZjXuO8cBi2_sid_VhyvjW8RtTDOfLNA6ZuZ_1743435016_195799443_sentence_segment.wav",they they toiled with juh with joy an(d) Roy found a shiny coin near the soil,"As they toiled with joy, Roy found a shiny coin near the soil."
"/Users/liu.ying/University of Florida/Leite,Walter - Storiza Corpus Spring 2025/Storiza_Participant_Recording_05-30-25/annotated_sentence_segments/uid_TzE1wYChYkTUAVNeVtZjXuO8cBi2_sid_VhyvjW8RtTDOfLNA6ZuZ_1743435016_195799444_sentence_segment.wav",Excited he showed tu she he showed it to d.dɔɪl and then and they imagined it was a pirate treasure,"Excited, he showed it to Doyle, and they imagined it was pirate treasure."
"/Users/liu.ying/University of Florida/Leite,Walter - Storiza Corpus Spring 2025/Storiza_Participant_Recording_05-30-25/annotated_sentence_segments/uid_TzE1wYChYkTUAVNeVtZjXuO8cBi2_sid_VhyvjW8RtTDOfLNA6ZuZ_1743435016_195799445_sentence_segment.wav",As the sun began to set bo the boys' day of joy ended,"As the sun began to set, the boys' day of joy ended."
"/Users/liu.ying/University of Florida/Leite,Walter - Storiza Corpus Spring 2025/Storiza_Participant_Recording_05-30-25/annotated_sentence_segments/uid_TzE1wYChYkTUAVNeVtZjXuO8cBi2_sid_VhyvjW8RtTDOfLNA6ZuZ_1743435016_195799446_sentence_segment.wav",Roy and Doyle pɑmɪst to return and explore more adventures kipɪn the spirits bright with joy,"Roy and Doyle promised to return and explore more adventures, keeping their spirits bright with joy."
"/Users/liu.ying/University of Florida/Leite,Walter - Storiza Corpus Spring 2025/Storiza_Participant_Recording_05-30-25/annotated_sentence_segments/uid_EfKQNmht2ebtDnNadrezErlhcDF3_sid_QXLPyE3O9OLjhb4NwTVz_1741215060_195799447_sentence_segment.wav",The morning sun ʃ:oʊn warmly on Clara's first day of school,The morning sun shone warmly on Clara's first day of school.
"/Users/liu.ying/University of Florida/Leite,Walter - Storiza Corpus Spring 2025/Storiza_Participant_Recording_05-30-25/annotated_sentence_segments/uid_EfKQNmht2ebtDnNadrezErlhcDF3_sid_QXLPyE3O9OLjhb4NwTVz_1741215060_195799448_sentence_segment.wav",Clara wore wore her bɹæn new uniform and held her mom's hand as they walked toward the school,Clara wore her brand new uniform and held her mom's hand as they walked toward the school door.
"/Users/liu.ying/University of Florida/Leite,Walter - Storiza Corpus Spring 2025/Storiza_Participant_Recording_05-30-25/annotated_sentence_segments/uid_EfKQNmht2ebtDnNadrezErlhcDF3_sid_QXLPyE3O9OLjhb4NwTVz_1741215060_195799449_sentence_segment.wav",h.ha Her heart thumped Her with both fear and excitement,Her heart thumped with both fear and excitement.
"/Users/liu.ying/University of Florida/Leite,Walter - Storiza Corpus Spring 2025/Storiza_Participant_Recording_05-30-25/annotated_sentence_segments/uid_EfKQNmht2ebtDnNadrezErlhcDF3_sid_QXLPyE3O9OLjhb4NwTVz_1741215060_195799450_sentence_segment.wav",In the classroom Clara found her seat filɪn more ease as her teacher smiled,"In the classroom, Clara found her seat, feeling more at ease as her teacher smiled."
"/Users/liu.ying/University of Florida/Leite,Walter - Storiza Corpus Spring 2025/Storiza_Participant_Recording_05-30-25/annotated_sentence_segments/uid_EfKQNmht2ebtDnNadrezErlhcDF3_sid_QXLPyE3O9OLjhb4NwTVz_1741215060_195799451_sentence_segment.wav",During recess she enjoyred new friends on the playground they laughed ran and explored together,"During recess, she joined new friends on the playground; they laughed, ran, and explored together."
"/Users/liu.ying/University of Florida/Leite,Walter - Storiza Corpus Spring 2025/Storiza_Participant_Recording_05-30-25/annotated_sentence_segments/uid_EfKQNmht2ebtDnNadrezErlhcDF3_sid_QXLPyE3O9OLjhb4NwTVz_1741215060_195799452_sentence_segment.wav",But the end of the day Clara was proud of the new friends she had made,"By the end of the day, Clara was proud of the new friends she had made."
"/Users/liu.ying/University of Florida/Leite,Walter - Storiza Corpus Spring 2025/Storiza_Participant_Recording_05-30-25/annotated_sentence_segments/uid_EfKQNmht2ebtDnNadrezErlhcDF3_sid_QXLPyE3O9OLjhb4NwTVz_1741215060_195799453_sentence_segment.wav",Her bɝiz faded as she looked forward to returning the next day exp to explore more,"Her worries faded, and she looked forward to returning the next day to explore more."
"/Users/liu.ying/University of Florida/Leite,Walter - Storiza Corpus Spring 2025/Storiza_Participant_Recording_05-30-25/annotated_sentence_segments/uid_CjlD9aGvoSfMhsnUwRIQlMr4IFp1_sid_6EBd92Man5qPw2exIy9j_1742008451_195799454_sentence_segment.wav",Need Ned had a red pet fish,Ned had a red pet fish.
"/Users/liu.ying/University of Florida/Leite,Walter - Storiza Corpus Spring 2025/Storiza_Participant_Recording_05-30-25/annotated_sentence_segments/uid_CjlD9aGvoSfMhsnUwRIQlMr4IFp1_sid_6EBd92Man5qPw2exIy9j_1742008451_195799455_sentence_segment.wav",Ned fed the fish everywhere every day,Ned fed the fish every day.
"/Users/liu.ying/University of Florida/Leite,Walter - Storiza Corpus Spring 2025/Storiza_Participant_Recording_05-30-25/annotated_sentence_segments/uid_CjlD9aGvoSfMhsnUwRIQlMr4IFp1_sid_6EBd92Man5qPw2exIy9j_1742008451_195799456_sentence_segment.wav",One day the fish met another fish,"One day, the fish met another fish."
"/Users/liu.ying/University of Florida/Leite,Walter - Storiza Corpus Spring 2025/Storiza_Participant_Recording_05-30-25/annotated_sentence_segments/uid_CjlD9aGvoSfMhsnUwRIQlMr4IFp1_sid_6EBd92Man5qPw2exIy9j_1742008451_195799457_sentence_segment.wav",They swam and played until the sun set,They swam and played until the sun set.
"/Users/liu.ying/University of Florida/Leite,Walter - Storiza Corpus Spring 2025/Storiza_Participant_Recording_05-30-25/annotated_sentence_segments/uid_CjlD9aGvoSfMhsnUwRIQlMr4IFp1_sid_6EBd92Man5qPw2exIy9j_1742008451_195799458_sentence_segment.wav",Ned's red fish pet slept s:ung snun:g snug l:et's it in its bed,Ned's red pet slept snug in its bed.
"/Users/liu.ying/University of Florida/Leite,Walter - Storiza Corpus Spring 2025/Storiza_Participant_Recording_05-30-25/annotated_sentence_segments/uid_l10DBTU0vaSPzKuDElOBDPPpe2H3_sid_UXmFvM0sP6oqoju4OD80_1742653424_195799459_sentence_segment.wav",Once upon a time in a small town there was a group of third grade girls named Lily Grace and Claire,"Once upon a time, in a small town, there was a group of third-grade girls named Lily, Grace, and Claire."
"/Users/liu.ying/University of Florida/Leite,Walter - Storiza Corpus Spring 2025/Storiza_Participant_Recording_05-30-25/annotated_sentence_segments/uid_l10DBTU0vaSPzKuDElOBDPPpe2H3_sid_UXmFvM0sP6oqoju4OD80_1742653424_195799460_sentence_segment.wav",They were best f: friends and did everything todeh together,They were the best of friends and did everything together.
"/Users/liu.ying/University of Florida/Leite,Walter - Storiza Corpus Spring 2025/Storiza_Participant_Recording_05-30-25/annotated_sentence_segments/uid_l10DBTU0vaSPzKuDElOBDPPpe2H3_sid_UXmFvM0sP6oqoju4OD80_1742653424_195799461_sentence_segment.wav",One sunny Saturday they decided to go to the movies to see a film about a bray pin princess and her magical journey,"One sunny Saturday, they decided to go to the movies to see a film about a brave princess and her magical journey."
"/Users/liu.ying/University of Florida/Leite,Walter - Storiza Corpus Spring 2025/Storiza_Participant_Recording_05-30-25/annotated_sentence_segments/uid_l10DBTU0vaSPzKuDElOBDPPpe2H3_sid_UXmFvM0sP6oqoju4OD80_1742653424_195799462_sentence_segment.wav",In the morning they met at Lily's house ɪks:aɪtɪd and giggling,"In the morning, they met at Lily's house, excited and giggling."
"/Users/liu.ying/University of Florida/Leite,Walter - Storiza Corpus Spring 2025/Storiza_Participant_Recording_05-30-25/annotated_sentence_segments/uid_l10DBTU0vaSPzKuDElOBDPPpe2H3_sid_UXmFvM0sP6oqoju4OD80_1742653424_195799463_sentence_segment.wav",Lily's mom drove them to the theaters,Lily's mom drove them to the theater.
"/Users/liu.ying/University of Florida/Leite,Walter - Storiza Corpus Spring 2025/Storiza_Participant_Recording_05-30-25/annotated_sentence_segments/uid_l10DBTU0vaSPzKuDElOBDPPpe2H3_sid_UXmFvM0sP6oqoju4OD80_1742653424_195799464_sentence_segment.wav",On the way they talked about their favorite parts of the læs movie they saw and what snacks they would buy this time,"On the way, they talked about their favorite parts of the last movie they saw, and what snacks they would buy this time."
"/Users/liu.ying/University of Florida/Leite,Walter - Storiza Corpus Spring 2025/Storiza_Participant_Recording_05-30-25/annotated_sentence_segments/uid_l10DBTU0vaSPzKuDElOBDPPpe2H3_sid_UXmFvM0sP6oqoju4OD80_1742653424_195799465_sentence_segment.wav",When they arrived at the theater When they arrived at the theater wa When they arrived the theater was bʌs:əlɪŋ with people,"When they arrived, the theater was bustling with people."
"/Users/liu.ying/University of Florida/Leite,Walter - Storiza Corpus Spring 2025/Storiza_Participant_Recording_05-30-25/annotated_sentence_segments/uid_l10DBTU0vaSPzKuDElOBDPPpe2H3_sid_UXmFvM0sP6oqoju4OD80_1742653424_195799466_sentence_segment.wav",The girls heh held hands so they wouldn't get separated,The girls held hands so they wouldn't get separated.
"/Users/liu.ying/University of Florida/Leite,Walter - Storiza Corpus Spring 2025/Storiza_Participant_Recording_05-30-25/annotated_sentence_segments/uid_l10DBTU0vaSPzKuDElOBDPPpe2H3_sid_UXmFvM0sP6oqoju4OD80_1742653424_195799467_sentence_segment.wav",Grace pointed to the big poster with the princess on it and they all s and they all squealed with delight,"Grace pointed to the big poster with the princess on it, and they all squealed with delight."
"/Users/liu.ying/University of Florida/Leite,Walter - Storiza Corpus Spring 2025/Storiza_Participant_Recording_05-30-25/annotated_sentence_segments/uid_l10DBTU0vaSPzKuDElOBDPPpe2H3_sid_UXmFvM0sP6oqoju4OD80_1742653424_195799468_sentence_segment.wav",Inside they went straight to the snack core counter,"Inside, they went straight to the snack counter."
"/Users/liu.ying/University of Florida/Leite,Walter - Storiza Corpus Spring 2025/Storiza_Participant_Recording_05-30-25/annotated_sentence_segments/uid_l10DBTU0vaSPzKuDElOBDPPpe2H3_sid_UXmFvM0sP6oqoju4OD80_1742653424_195799469_sentence_segment.wav",Claire chose a box of popcorn Lily picked a sweet chocolate bar and Grace grabbed a pack of gummy bears,"Claire chose a box of popcorn, Lily picked a sweet chocolate bar, and Grace grabbed a pack of gummy bears."
"/Users/liu.ying/University of Florida/Leite,Walter - Storiza Corpus Spring 2025/Storiza_Participant_Recording_05-30-25/annotated_sentence_segments/uid_l10DBTU0vaSPzKuDElOBDPPpe2H3_sid_UXmFvM0sP6oqoju4OD80_1742653424_195799470_sentence_segment.wav",They headed to the scree to screen three where their movie was showing,"They headed to screen three, where their movie was showing."
"/Users/liu.ying/University of Florida/Leite,Walter - Storiza Corpus Spring 2025/Storiza_Participant_Recording_05-30-25/annotated_sentence_segments/uid_l10DBTU0vaSPzKuDElOBDPPpe2H3_sid_UXmFvM0sP6oqoju4OD80_1742653424_195799471_sentence_segment.wav",The theater was dark and the seats were comfy,"The theater was dark, and the seats were comfy."
"/Users/liu.ying/University of Florida/Leite,Walter - Storiza Corpus Spring 2025/Storiza_Participant_Recording_05-30-25/annotated_sentence_segments/uid_l10DBTU0vaSPzKuDElOBDPPpe2H3_sid_UXmFvM0sP6oqoju4OD80_1742653424_195799472_sentence_segment.wav",As the movie began they watched the princess travel through foress and maʊnsnz meeting friendly aminals animals and overcoming challenges,"As the movie began, they watched the princess travel through forests and mountains, meeting friendly animals and overcoming challenges."
"/Users/liu.ying/University of Florida/Leite,Walter - Storiza Corpus Spring 2025/Storiza_Participant_Recording_05-30-25/annotated_sentence_segments/uid_l10DBTU0vaSPzKuDElOBDPPpe2H3_sid_UXmFvM0sP6oqoju4OD80_1742653424_195799473_sentence_segment.wav",The girls loved the colorful scenes and the funny characters,The girls loved the colorful scenes and the funny characters.
"/Users/liu.ying/University of Florida/Leite,Walter - Storiza Corpus Spring 2025/Storiza_Participant_Recording_05-30-25/annotated_sentence_segments/uid_l10DBTU0vaSPzKuDElOBDPPpe2H3_sid_UXmFvM0sP6oqoju4OD80_1742653424_195799474_sentence_segment.wav",When the movie had ended they clapped happily,"When the movie ended, they clapped happily."
"/Users/liu.ying/University of Florida/Leite,Walter - Storiza Corpus Spring 2025/Storiza_Participant_Recording_05-30-25/annotated_sentence_segments/uid_l10DBTU0vaSPzKuDElOBDPPpe2H3_sid_UXmFvM0sP6oqoju4OD80_1742653424_195799475_sentence_segment.wav",It was the best movie they had ever seen,It was the best movie they had ever seen!
"/Users/liu.ying/University of Florida/Leite,Walter - Storiza Corpus Spring 2025/Storiza_Participant_Recording_05-30-25/annotated_sentence_segments/uid_l10DBTU0vaSPzKuDElOBDPPpe2H3_sid_UXmFvM0sP6oqoju4OD80_1742653424_195799476_sentence_segment.wav",On the way home they chatted about their favorite parts,"On the way home, they chatted about their favorite parts."
"/Users/liu.ying/University of Florida/Leite,Walter - Storiza Corpus Spring 2025/Storiza_Participant_Recording_05-30-25/annotated_sentence_segments/uid_l10DBTU0vaSPzKuDElOBDPPpe2H3_sid_UXmFvM0sP6oqoju4OD80_1742653424_195799477_sentence_segment.wav",Lily l:ʌvd Lily love the princess's encourage courage Grace adored the magical animals and Grace couldn't stop talking about the beautiful music,"Lily loved the princess's courage, Grace adored the magical animals, and Claire couldn't stop talking about the beautiful music."
"/Users/liu.ying/University of Florida/Leite,Walter - Storiza Corpus Spring 2025/Storiza_Participant_Recording_05-30-25/annotated_sentence_segments/uid_l10DBTU0vaSPzKuDElOBDPPpe2H3_sid_UXmFvM0sP6oqoju4OD80_1742653424_195799478_sentence_segment.wav",Back at home they promised to have another movie day soon,"Back at home, they promised to have another movie day soon."
"/Users/liu.ying/University of Florida/Leite,Walter - Storiza Corpus Spring 2025/Storiza_Participant_Recording_05-30-25/annotated_sentence_segments/uid_l10DBTU0vaSPzKuDElOBDPPpe2H3_sid_UXmFvM0sP6oqoju4OD80_1742653424_195799479_sentence_segment.wav",They hugged and said goodbye knowing they'd always have each other for fun adventures,"They hugged and said goodbye, knowing they'd always have each other for fun adventures."
"/Users/liu.ying/University of Florida/Leite,Walter - Storiza Corpus Spring 2025/Storiza_Participant_Recording_05-30-25/annotated_sentence_segments/uid_l10DBTU0vaSPzKuDElOBDPPpe2H3_sid_UXmFvM0sP6oqoju4OD80_1742653424_195799480_sentence_segment.wav",And with that three And with that the three friends went to bed dreaming of their own magical journeys,"And with that, the three friends went to bed, dreaming of their own magical journeys."
"/Users/liu.ying/University of Florida/Leite,Walter - Storiza Corpus Spring 2025/Storiza_Participant_Recording_05-30-25/annotated_sentence_segments/uid_d4lLmJzVbJaLpyCuafResXOry3t2_sid_hbmmfiDEZKXiVCftbZpM_1741968872_195799481_sentence_segment.wav",In a l:ʌʃ green forest a deer named Fred fɹɛd lived,"In a lush green forest, a deer named Fred lived."
"/Users/liu.ying/University of Florida/Leite,Walter - Storiza Corpus Spring 2025/Storiza_Participant_Recording_05-30-25/annotated_sentence_segments/uid_d4lLmJzVbJaLpyCuafResXOry3t2_sid_hbmmfiDEZKXiVCftbZpM_1741968872_195799482_sentence_segment.wav",Fred trot around the woods nibbling on fresh leaves,"Fred trotted around the woods, nibbling on fresh leaves."
"/Users/liu.ying/University of Florida/Leite,Walter - Storiza Corpus Spring 2025/Storiza_Participant_Recording_05-30-25/annotated_sentence_segments/uid_d4lLmJzVbJaLpyCuafResXOry3t2_sid_hbmmfiDEZKXiVCftbZpM_1741968872_195799483_sentence_segment.wav",One day Fred spotted a pond glittering in the sunlight,"One day, Fred spotted a pond glittering in the sunlight."
"/Users/liu.ying/University of Florida/Leite,Walter - Storiza Corpus Spring 2025/Storiza_Participant_Recording_05-30-25/annotated_sentence_segments/uid_d4lLmJzVbJaLpyCuafResXOry3t2_sid_hbmmfiDEZKXiVCftbZpM_1741968872_195799484_sentence_segment.wav",He was thrilled to: He was thrilled s:oʊ he pranced to the w:ɑtərs edge,"He was thrilled, so he pranced to the water's edge."
"/Users/liu.ying/University of Florida/Leite,Walter - Storiza Corpus Spring 2025/Storiza_Participant_Recording_05-30-25/annotated_sentence_segments/uid_d4lLmJzVbJaLpyCuafResXOry3t2_sid_hbmmfiDEZKXiVCftbZpM_1741968872_195799485_sentence_segment.wav",At the pond Fred dips his head tih and drank,"At the pond, Fred dipped his head and drank."
"/Users/liu.ying/University of Florida/Leite,Walter - Storiza Corpus Spring 2025/Storiza_Participant_Recording_05-30-25/annotated_sentence_segments/uid_d4lLmJzVbJaLpyCuafResXOry3t2_sid_hbmmfiDEZKXiVCftbZpM_1741968872_195799486_sentence_segment.wav",Suddenly he noticed his reflection and got s:tɑɹtld,"Suddenly, he noticed his reflection and got startled."
"/Users/liu.ying/University of Florida/Leite,Walter - Storiza Corpus Spring 2025/Storiza_Participant_Recording_05-30-25/annotated_sentence_segments/uid_d4lLmJzVbJaLpyCuafResXOry3t2_sid_hbmmfiDEZKXiVCftbZpM_1741968872_195799487_sentence_segment.wav",Who is that he wondered bækɪnɪŋɡ away,"""Who is that?"" he wondered, backing away."
"/Users/liu.ying/University of Florida/Leite,Walter - Storiza Corpus Spring 2025/Storiza_Participant_Recording_05-30-25/annotated_sentence_segments/uid_d4lLmJzVbJaLpyCuafResXOry3t2_sid_hbmmfiDEZKXiVCftbZpM_1741968872_195799488_sentence_segment.wav",Then he realized it was just his own imagine and felt rel relaxed,Then he realized it was just his own image and felt relaxed.
"/Users/liu.ying/University of Florida/Leite,Walter - Storiza Corpus Spring 2025/Storiza_Participant_Recording_05-30-25/annotated_sentence_segments/uid_d4lLmJzVbJaLpyCuafResXOry3t2_sid_hbmmfiDEZKXiVCftbZpM_1741968872_195799489_sentence_segment.wav",Fred counte:|d counted visiting the pond each day,Fred continued visiting the pond each day.
"/Users/liu.ying/University of Florida/Leite,Walter - Storiza Corpus Spring 2025/Storiza_Participant_Recording_05-30-25/annotated_sentence_segments/uid_d4lLmJzVbJaLpyCuafResXOry3t2_sid_hbmmfiDEZKXiVCftbZpM_1741968872_195799490_sentence_segment.wav",He loved the clam water and ɡlu fond of his new forest friend his reflection,"He loved the calm water and grew fond of his new forest friend, his reflection."
"/Users/liu.ying/University of Florida/Leite,Walter - Storiza Corpus Spring 2025/Storiza_Participant_Recording_05-30-25/annotated_sentence_segments/uid_Gt0cspsUtRSvEXXHZKUWlVAfyVq2_sid_qHzKNFpdgsms0EFSXokQ_1742606923_195799491_sentence_segment.wav",Charley is the little go with freckles love toys,"Charley, the little girl with freckles, loves toys."
"/Users/liu.ying/University of Florida/Leite,Walter - Storiza Corpus Spring 2025/Storiza_Participant_Recording_05-30-25/annotated_sentence_segments/uid_Gt0cspsUtRSvEXXHZKUWlVAfyVq2_sid_qHzKNFpdgsms0EFSXokQ_1742606923_195799492_sentence_segment.wav",She sees toys in a in boxes she wishes for them all,She sees toys in boxes and wishes for them all.
"/Users/liu.ying/University of Florida/Leite,Walter - Storiza Corpus Spring 2025/Storiza_Participant_Recording_05-30-25/annotated_sentence_segments/uid_Gt0cspsUtRSvEXXHZKUWlVAfyVq2_sid_qHzKNFpdgsms0EFSXokQ_1742606923_195799493_sentence_segment.wav",She asked train dolls train She ask for trains dolls and junglit jungle of zoo animals,"She asks for trains, dolls, and a jungle of zoo animals."
"/Users/liu.ying/University of Florida/Leite,Walter - Storiza Corpus Spring 2025/Storiza_Participant_Recording_05-30-25/annotated_sentence_segments/uid_Gt0cspsUtRSvEXXHZKUWlVAfyVq2_sid_qHzKNFpdgsms0EFSXokQ_1742606923_195799494_sentence_segment.wav",hə mɑ s: smiled and said Charley you must choose,"Her mom smiles and says, ""Charley, you must choose!"""
"/Users/liu.ying/University of Florida/Leite,Walter - Storiza Corpus Spring 2025/Storiza_Participant_Recording_05-30-25/annotated_sentence_segments/uid_Gt0cspsUtRSvEXXHZKUWlVAfyVq2_sid_qHzKNFpdgsms0EFSXokQ_1742606923_195799495_sentence_segment.wav",Charley thinks and decides to pɪ the best one,Charley thinks and decides to pick the best ones.
"/Users/liu.ying/University of Florida/Leite,Walter - Storiza Corpus Spring 2025/Storiza_Participant_Recording_05-30-25/annotated_sentence_segments/uid_Gt0cspsUtRSvEXXHZKUWlVAfyVq2_sid_qHzKNFpdgsms0EFSXokQ_1742606923_195799496_sentence_segment.wav",She picks cars dolls and s and a set of dishes,"She picks cars, dolls, and a set of dishes."
"/Users/liu.ying/University of Florida/Leite,Walter - Storiza Corpus Spring 2025/Storiza_Participant_Recording_05-30-25/annotated_sentence_segments/uid_Gt0cspsUtRSvEXXHZKUWlVAfyVq2_sid_qHzKNFpdgsms0EFSXokQ_1742606923_195799497_sentence_segment.wav",Her mom adds These are your choices,"Her mom adds, ""These are your choices!"""
"/Users/liu.ying/University of Florida/Leite,Walter - Storiza Corpus Spring 2025/Storiza_Participant_Recording_05-30-25/annotated_sentence_segments/uid_Gt0cspsUtRSvEXXHZKUWlVAfyVq2_sid_qHzKNFpdgsms0EFSXokQ_1742606923_195799498_sentence_segment.wav",Charley beamed with delight her heart filled with joy,"Charley beams with delight, her heart filled with joy."
"/Users/liu.ying/University of Florida/Leite,Walter - Storiza Corpus Spring 2025/Storiza_Participant_Recording_05-30-25/annotated_sentence_segments/uid_Gt0cspsUtRSvEXXHZKUWlVAfyVq2_sid_qHzKNFpdgsms0EFSXokQ_1742606923_195799499_sentence_segment.wav",She hugged her mom and thanked her,She hugs her mom and thanks her.
"/Users/liu.ying/University of Florida/Leite,Walter - Storiza Corpus Spring 2025/Storiza_Participant_Recording_05-30-25/annotated_sentence_segments/uid_Gt0cspsUtRSvEXXHZKUWlVAfyVq2_sid_qHzKNFpdgsms0EFSXokQ_1742606923_195799500_sentence_segment.wav",tʃɑrliz Charley's room now had toys that she loved to share and play with every day,Charley's room now has toys that she loves to share and play with every day.
"/Users/liu.ying/University of Florida/Leite,Walter - Storiza Corpus Spring 2025/Storiza_Participant_Recording_05-30-25/annotated_sentence_segments/uid_d4lLmJzVbJaLpyCuafResXOry3t2_sid_bGZC5cTZ6ZnZ4YekSnZp_1741968579_195799501_sentence_segment.wav",The penguin wɑdəl ðə penguins waddled on the ice,The penguins waddle on the ice.
"/Users/liu.ying/University of Florida/Leite,Walter - Storiza Corpus Spring 2025/Storiza_Participant_Recording_05-30-25/annotated_sentence_segments/uid_d4lLmJzVbJaLpyCuafResXOry3t2_sid_bGZC5cTZ6ZnZ4YekSnZp_1741968579_195799502_sentence_segment.wav",They dance and prance in a happy place,They dance and prance in a happy place.
"/Users/liu.ying/University of Florida/Leite,Walter - Storiza Corpus Spring 2025/Storiza_Participant_Recording_05-30-25/annotated_sentence_segments/uid_d4lLmJzVbJaLpyCuafResXOry3t2_sid_bGZC5cTZ6ZnZ4YekSnZp_1741968579_195799503_sentence_segment.wav",One penguin finds a place of ruh|rishe,One penguin finds a piece of rice.
"/Users/liu.ying/University of Florida/Leite,Walter - Storiza Corpus Spring 2025/Storiza_Participant_Recording_05-30-25/annotated_sentence_segments/uid_d4lLmJzVbJaLpyCuafResXOry3t2_sid_bGZC5cTZ6ZnZ4YekSnZp_1741968579_195799504_sentence_segment.wav",He shares it with his friends with great ɡ|gɹeɪs,He shares it with his friend with great grace.
"/Users/liu.ying/University of Florida/Leite,Walter - Storiza Corpus Spring 2025/Storiza_Participant_Recording_05-30-25/annotated_sentence_segments/uid_d4lLmJzVbJaLpyCuafResXOry3t2_sid_bGZC5cTZ6ZnZ4YekSnZp_1741968579_195799505_sentence_segment.wav",As the sun sets the brace of the of a n:aɪs sleep,"As the sun sets, they brace for a nice sleep."
"/Users/liu.ying/University of Florida/Leite,Walter - Storiza Corpus Spring 2025/Storiza_Participant_Recording_05-30-25/annotated_sentence_segments/uid_d4lLmJzVbJaLpyCuafResXOry3t2_sid_bGZC5cTZ6ZnZ4YekSnZp_1741968579_195799506_sentence_segment.wav",The penguins closed their eyes and rest in place,The penguins close their eyes and rest in peace.
"/Users/liu.ying/University of Florida/Leite,Walter - Storiza Corpus Spring 2025/Storiza_Participant_Recording_05-30-25/annotated_sentence_segments/uid_ihIoefKsGwTDai7fGs9x3DyNvju2_sid_7NWbCDabsGlPeGozMkbD_1742504373_195799507_sentence_segment.wav",Finn was excited,Finn was excited.
"/Users/liu.ying/University of Florida/Leite,Walter - Storiza Corpus Spring 2025/Storiza_Participant_Recording_05-30-25/annotated_sentence_segments/uid_ihIoefKsGwTDai7fGs9x3DyNvju2_sid_7NWbCDabsGlPeGozMkbD_1742504373_195799508_sentence_segment.wav",He played soccer heh wə plain caha then with his friends,He was playing soccer with his friends.
"/Users/liu.ying/University of Florida/Leite,Walter - Storiza Corpus Spring 2025/Storiza_Participant_Recording_05-30-25/annotated_sentence_segments/uid_ihIoefKsGwTDai7fGs9x3DyNvju2_sid_7NWbCDabsGlPeGozMkbD_1742504373_195799509_sentence_segment.wav",then The sun wʌ:s shining æ:|nd everyone was smiling,"The sun was shining, and everyone was smiling."
"/Users/liu.ying/University of Florida/Leite,Walter - Storiza Corpus Spring 2025/Storiza_Participant_Recording_05-30-25/annotated_sentence_segments/uid_ihIoefKsGwTDai7fGs9x3DyNvju2_sid_7NWbCDabsGlPeGozMkbD_1742504373_195799510_sentence_segment.wav",The b The ba:lb waɪʃ wɪfli cross the  grass,The ball was bouncing swiftly across the green grass.
"/Users/liu.ying/University of Florida/Leite,Walter - Storiza Corpus Spring 2025/Storiza_Participant_Recording_05-30-25/annotated_sentence_segments/uid_ihIoefKsGwTDai7fGs9x3DyNvju2_sid_7NWbCDabsGlPeGozMkbD_1742504373_195799511_sentence_segment.wav",fɪnə was  cash up wəθ the ball,"Finn was sprinting, catching up with the ball."
"/Users/liu.ying/University of Florida/Leite,Walter - Storiza Corpus Spring 2025/Storiza_Participant_Recording_05-30-25/annotated_sentence_segments/uid_ihIoefKsGwTDai7fGs9x3DyNvju2_sid_7NWbCDabsGlPeGozMkbD_1742504373_195799512_sentence_segment.wav",who kɛkt it m and it s hi:ghh ləndən into the the net,"He kicked it mightily, and it sailed high, landing into the net."
"/Users/liu.ying/University of Florida/Leite,Walter - Storiza Corpus Spring 2025/Storiza_Participant_Recording_05-30-25/annotated_sentence_segments/uid_ihIoefKsGwTDai7fGs9x3DyNvju2_sid_7NWbCDabsGlPeGozMkbD_1742504373_195799513_sentence_segment.wav",ɡo:ʊl his friends cheer laughing your hands,"""Goal!"" his friends cheered, clapping their hands."
"/Users/liu.ying/University of Florida/Leite,Walter - Storiza Corpus Spring 2025/Storiza_Participant_Recording_05-30-25/annotated_sentence_segments/uid_ihIoefKsGwTDai7fGs9x3DyNvju2_sid_7NWbCDabsGlPeGozMkbD_1742504373_195799514_sentence_segment.wav",Finn was behave with joy feeling like a tʃæmpiaɪ,"Finn was beaming with joy, feeling like a champion."
"/Users/liu.ying/University of Florida/Leite,Walter - Storiza Corpus Spring 2025/Storiza_Participant_Recording_05-30-25/annotated_sentence_segments/uid_ihIoefKsGwTDai7fGs9x3DyNvju2_sid_7NWbCDabsGlPeGozMkbD_1742504373_195799515_sentence_segment.wav",After the game Finn and ɪʒ friends sat under a big green a big tree ta talking and laughing,"After the game, Finn and his friends sat under a big tree, talking and laughing."
"/Users/liu.ying/University of Florida/Leite,Walter - Storiza Corpus Spring 2025/Storiza_Participant_Recording_05-30-25/annotated_sentence_segments/uid_ihIoefKsGwTDai7fGs9x3DyNvju2_sid_7NWbCDabsGlPeGozMkbD_1742504373_195799516_sentence_segment.wav",həðeɪ were pl planning to have another sɑkə game nɛks week ɪmædʒɪnɪ new movies əh fine timing ,"They were planning to have another soccer game next weekend, already imagining new moves and fun times ahead."
"/Users/liu.ying/University of Florida/Leite,Walter - Storiza Corpus Spring 2025/Storiza_Participant_Recording_05-30-25/annotated_sentence_segments/uid_ZegJLYO9QiacSJTQWx7CWauRcQr1_sid_kC3lMOhfx8ZjMQ5HUsiC_1742611818_195799517_sentence_segment.wav",Max sɪ dog loved to dig,Max the dog loved to dig.
"/Users/liu.ying/University of Florida/Leite,Walter - Storiza Corpus Spring 2025/Storiza_Participant_Recording_05-30-25/annotated_sentence_segments/uid_ZegJLYO9QiacSJTQWx7CWauRcQr1_sid_kC3lMOhfx8ZjMQ5HUsiC_1742611818_195799518_sentence_segment.wav",Every day he would dig in the garden searching for something big,"Every day, he would dig in the garden, searching for something big."
"/Users/liu.ying/University of Florida/Leite,Walter - Storiza Corpus Spring 2025/Storiza_Participant_Recording_05-30-25/annotated_sentence_segments/uid_ZegJLYO9QiacSJTQWx7CWauRcQr1_sid_kC3lMOhfx8ZjMQ5HUsiC_1742611818_195799519_sentence_segment.wav",One sunny mornih morning Max found a big red ball bur ʌm buried in the dirt,"One sunny morning, Max found a big red ball buried in the dirt."
"/Users/liu.ying/University of Florida/Leite,Walter - Storiza Corpus Spring 2025/Storiza_Participant_Recording_05-30-25/annotated_sentence_segments/uid_ZegJLYO9QiacSJTQWx7CWauRcQr1_sid_kC3lMOhfx8ZjMQ5HUsiC_1742611818_195799520_sentence_segment.wav",Excite Excited he wagged his tail and barked loudly,"Excited, he wagged his tail and barked loudly."
"/Users/liu.ying/University of Florida/Leite,Walter - Storiza Corpus Spring 2025/Storiza_Participant_Recording_05-30-25/annotated_sentence_segments/uid_ZegJLYO9QiacSJTQWx7CWauRcQr1_sid_kC3lMOhfx8ZjMQ5HUsiC_1742611818_195799521_sentence_segment.wav",His friend Lily ran to see what Max had found,"His friend, Lily, ran to see what Max had found."
"/Users/liu.ying/University of Florida/Leite,Walter - Storiza Corpus Spring 2025/Storiza_Participant_Recording_05-30-25/annotated_sentence_segments/uid_ZegJLYO9QiacSJTQWx7CWauRcQr1_sid_kC3lMOhfx8ZjMQ5HUsiC_1742611818_195799522_sentence_segment.wav",Together they play wɪt the ball tossing it high and chasing it əɹaʊnt,"Together, they played with the ball, tossing it high and chasing it around."
"/Users/liu.ying/University of Florida/Leite,Walter - Storiza Corpus Spring 2025/Storiza_Participant_Recording_05-30-25/annotated_sentence_segments/uid_ZegJLYO9QiacSJTQWx7CWauRcQr1_sid_kC3lMOhfx8ZjMQ5HUsiC_1742611818_195799523_sentence_segment.wav",ʌm As the sun be began to ʌm s:eh ʌm set Max and Lily lay in the grass tired b ʌm but happy,"As the sun began to set, Max and Lily lay in the grass, tired but happy."
"/Users/liu.ying/University of Florida/Leite,Walter - Storiza Corpus Spring 2025/Storiza_Participant_Recording_05-30-25/annotated_sentence_segments/uid_ZegJLYO9QiacSJTQWx7CWauRcQr1_sid_kC3lMOhfx8ZjMQ5HUsiC_1742611818_195799524_sentence_segment.wav",Max realized that digging had led him to a fun day with his best friend,Max realized that digging had led him to a fun day with his best friend.
"/Users/liu.ying/University of Florida/Leite,Walter - Storiza Corpus Spring 2025/Storiza_Participant_Recording_05-30-25/annotated_sentence_segments/uid_ZegJLYO9QiacSJTQWx7CWauRcQr1_sid_kC3lMOhfx8ZjMQ5HUsiC_1742611818_195799525_sentence_segment.wav",It was the best day ever,It was the best day ever.
"/Users/liu.ying/University of Florida/Leite,Walter - Storiza Corpus Spring 2025/Storiza_Participant_Recording_05-30-25/annotated_sentence_segments/uid_OtcDpDEzSOUb5LMT2xljtrgVWe22_sid_HeUigmOHE5Y2QQbSc5dR_1741650006_195799526_sentence_segment.wav",go Max and s:æm v: a:|v h.ha.|a have a cat n:|am nam z:|ah Zap,Max and Sam have a cat named Zap.
"/Users/liu.ying/University of Florida/Leite,Walter - Storiza Corpus Spring 2025/Storiza_Participant_Recording_05-30-25/annotated_sentence_segments/uid_OtcDpDEzSOUb5LMT2xljtrgVWe22_sid_HeUigmOHE5Y2QQbSc5dR_1741650006_195799527_sentence_segment.wav",Zap in: ɪz: a f:a|s:t fast cat,Zap is a fast cat.
"/Users/liu.ying/University of Florida/Leite,Walter - Storiza Corpus Spring 2025/Storiza_Participant_Recording_05-30-25/annotated_sentence_segments/uid_OtcDpDEzSOUb5LMT2xljtrgVWe22_sid_HeUigmOHE5Y2QQbSc5dR_1741650006_195799528_sentence_segment.wav",She l|ick lick|s to n:|æp n:æp in the w|a.|a|r|m: w:ahrm that's a hard huh warm warm s:uh sun,She likes to nap in the warm sun.
"/Users/liu.ying/University of Florida/Leite,Walter - Storiza Corpus Spring 2025/Storiza_Participant_Recording_05-30-25/annotated_sentence_segments/uid_OtcDpDEzSOUb5LMT2xljtrgVWe22_sid_HeUigmOHE5Y2QQbSc5dR_1741650006_195799529_sentence_segment.wav",ah|n: (on) on on One One day zæ|p m:a|t m:|ɛt met a dih|duh  b:|ɪg big ɹ:|æ|t rat,"One day, Zap met a big rat."
"/Users/liu.ying/University of Florida/Leite,Walter - Storiza Corpus Spring 2025/Storiza_Participant_Recording_05-30-25/annotated_sentence_segments/uid_OtcDpDEzSOUb5LMT2xljtrgVWe22_sid_HeUigmOHE5Y2QQbSc5dR_1741650006_195799530_sentence_segment.wav",z:|æp Zap and the ɹ|æ|t rat ɹ:|æn ran on the m:|æ|t mat,Zap and the rat ran on the mat.
"/Users/liu.ying/University of Florida/Leite,Walter - Storiza Corpus Spring 2025/Storiza_Participant_Recording_05-30-25/annotated_sentence_segments/uid_OtcDpDEzSOUb5LMT2xljtrgVWe22_sid_HeUigmOHE5Y2QQbSc5dR_1741650006_195799531_sentence_segment.wav", They h|æd had f:|ʌn fun d|un|t dunt t|h th|en then mhm goa|t got got t|ih|r:d tiered tired tired,They had fun but then got tired.
"/Users/liu.ying/University of Florida/Leite,Walter - Storiza Corpus Spring 2025/Storiza_Participant_Recording_05-30-25/annotated_sentence_segments/uid_OtcDpDEzSOUb5LMT2xljtrgVWe22_sid_HeUigmOHE5Y2QQbSc5dR_1741650006_195799532_sentence_segment.wav",Zap s.z.s|at zat or zit s s:it sat w:|ilth wilth th with the ɹ:|æ|t rat ən they had a n:|i|k nih  say its name n|i|k n:|aik n:aik en n:|æ:p nap  h|uh:|nd und under the sun,"Zap sat with the rat, and they had a nice nap under the sun."
"/Users/liu.ying/University of Florida/Leite,Walter - Storiza Corpus Spring 2025/Storiza_Participant_Recording_05-30-25/annotated_sentence_segments/uid_jWPmLFrSHDZItPTjjPUB8KAsjlq2_sid_UebF5uJBSnxqjv2qv7BM_1742046137_195799533_sentence_segment.wav",In the land of Mystigal Kingdom Princess Lila love gymasticsh,"In the land of Mystical Kingdom, Princess Lila loved gymnastics."
"/Users/liu.ying/University of Florida/Leite,Walter - Storiza Corpus Spring 2025/Storiza_Participant_Recording_05-30-25/annotated_sentence_segments/uid_jWPmLFrSHDZItPTjjPUB8KAsjlq2_sid_UebF5uJBSnxqjv2qv7BM_1742046137_195799534_sentence_segment.wav",She watched kittens tumble and dream of unicorns prancing,She watched kittens tumble and dream of unicorns prancing.
"/Users/liu.ying/University of Florida/Leite,Walter - Storiza Corpus Spring 2025/Storiza_Participant_Recording_05-30-25/annotated_sentence_segments/uid_jWPmLFrSHDZItPTjjPUB8KAsjlq2_sid_UebF5uJBSnxqjv2qv7BM_1742046137_195799535_sentence_segment.wav",One day ʃi: saw a small ditch,"One day, she saw a small ditch."
"/Users/liu.ying/University of Florida/Leite,Walter - Storiza Corpus Spring 2025/Storiza_Participant_Recording_05-30-25/annotated_sentence_segments/uid_jWPmLFrSHDZItPTjjPUB8KAsjlq2_sid_UebF5uJBSnxqjv2qv7BM_1742046137_195799536_sentence_segment.wav",What a spot to teach my kittens to jump,"""What a spot to teach my kittens to jump!"" Lila said."
"/Users/liu.ying/University of Florida/Leite,Walter - Storiza Corpus Spring 2025/Storiza_Participant_Recording_05-30-25/annotated_sentence_segments/uid_jWPmLFrSHDZItPTjjPUB8KAsjlq2_sid_UebF5uJBSnxqjv2qv7BM_1742046137_195799537_sentence_segment.wav",She fetched her magical wand and waved it,She fetched her magical wand and waved it.
"/Users/liu.ying/University of Florida/Leite,Walter - Storiza Corpus Spring 2025/Storiza_Participant_Recording_05-30-25/annotated_sentence_segments/uid_jWPmLFrSHDZItPTjjPUB8KAsjlq2_sid_UebF5uJBSnxqjv2qv7BM_1742046137_195799538_sentence_segment.wav",As the kittens began to jump they stumbled on the ledge and a dʒɛntə unicorn appeared,"As the kittens began to jump, they stumbled on the ledge, and a gentle unicorn appeared."
"/Users/liu.ying/University of Florida/Leite,Walter - Storiza Corpus Spring 2025/Storiza_Participant_Recording_05-30-25/annotated_sentence_segments/uid_jWPmLFrSHDZItPTjjPUB8KAsjlq2_sid_UebF5uJBSnxqjv2qv7BM_1742046137_195799539_sentence_segment.wav",o:ʊ princess let me guide them the unicorn said,"""Oh, princess, let me guide them,"" the unicorn said."
"/Users/liu.ying/University of Florida/Leite,Walter - Storiza Corpus Spring 2025/Storiza_Participant_Recording_05-30-25/annotated_sentence_segments/uid_jWPmLFrSHDZItPTjjPUB8KAsjlq2_sid_UebF5uJBSnxqjv2qv7BM_1742046137_195799540_sentence_segment.wav",With a twinkle of magic the kittens leapt with grace and dʒaɪ,"With a twinkle of magic, the kittens leapt with grace and joy."
"/Users/liu.ying/University of Florida/Leite,Walter - Storiza Corpus Spring 2025/Storiza_Participant_Recording_05-30-25/annotated_sentence_segments/uid_jWPmLFrSHDZItPTjjPUB8KAsjlq2_sid_UebF5uJBSnxqjv2qv7BM_1742046137_195799541_sentence_segment.wav",By the end of the day the kittens learned to dance and dʒʌm|p,"By the end of the day, the kittens learned to dance and jump."
"/Users/liu.ying/University of Florida/Leite,Walter - Storiza Corpus Spring 2025/Storiza_Participant_Recording_05-30-25/annotated_sentence_segments/uid_jWPmLFrSHDZItPTjjPUB8KAsjlq2_sid_UebF5uJBSnxqjv2qv7BM_1742046137_195799542_sentence_segment.wav",The princess smiled a and watched them prance and twirl,The princess smiled as she watched them prance and twirl.
"/Users/liu.ying/University of Florida/Leite,Walter - Storiza Corpus Spring 2025/Storiza_Participant_Recording_05-30-25/annotated_sentence_segments/uid_jWPmLFrSHDZItPTjjPUB8KAsjlq2_sid_UebF5uJBSnxqjv2qv7BM_1742046137_195799543_sentence_segment.wav",Thank you dear unicorn Lila said with a heart full of glee,"""Thank you, dear unicorn,"" Lila said, heart full of glee."
"/Users/liu.ying/University of Florida/Leite,Walter - Storiza Corpus Spring 2025/Storiza_Participant_Recording_05-30-25/annotated_sentence_segments/uid_jWPmLFrSHDZItPTjjPUB8KAsjlq2_sid_UebF5uJBSnxqjv2qv7BM_1742046137_195799544_sentence_segment.wav",From that day the kingdom echoed with laughter of the kittens and and the grace of a dancing princess,"From that day, the kingdom echoed with the laughter of kittens and the grace of a dancing princess."
"/Users/liu.ying/University of Florida/Leite,Walter - Storiza Corpus Spring 2025/Storiza_Participant_Recording_05-30-25/annotated_sentence_segments/uid_FojhPyqH69TyqkGfzc6ZwW0tn2C2_sid_MZXCxGtW5st5dLkCO1q8_1741737208_195799545_sentence_segment.wav",In a lab a clever robot named Tess buzzes about,"In a lab, a clever robot named Tess buzzes about."
"/Users/liu.ying/University of Florida/Leite,Walter - Storiza Corpus Spring 2025/Storiza_Participant_Recording_05-30-25/annotated_sentence_segments/uid_FojhPyqH69TyqkGfzc6ZwW0tn2C2_sid_MZXCxGtW5st5dLkCO1q8_1741737208_195799546_sentence_segment.wav",Her Her task in is to s:or boxes into neat piles,Her task is to sort boxes into neat piles.
"/Users/liu.ying/University of Florida/Leite,Walter - Storiza Corpus Spring 2025/Storiza_Participant_Recording_05-30-25/annotated_sentence_segments/uid_FojhPyqH69TyqkGfzc6ZwW0tn2C2_sid_MZXCxGtW5st5dLkCO1q8_1741737208_195799547_sentence_segment.wav",Tess presses each button with precise taps,Tess presses each button with precise taps.
"/Users/liu.ying/University of Florida/Leite,Walter - Storiza Corpus Spring 2025/Storiza_Participant_Recording_05-30-25/annotated_sentence_segments/uid_FojhPyqH69TyqkGfzc6ZwW0tn2C2_sid_MZXCxGtW5st5dLkCO1q8_1741737208_195799548_sentence_segment.wav",sʌmtaɪmʃ she messes up and boxes tumble,"Sometimes she messes up, and boxes tumble."
"/Users/liu.ying/University of Florida/Leite,Walter - Storiza Corpus Spring 2025/Storiza_Participant_Recording_05-30-25/annotated_sentence_segments/uid_FojhPyqH69TyqkGfzc6ZwW0tn2C2_sid_MZXCxGtW5st5dLkCO1q8_1741737208_195799549_sentence_segment.wav",But Tess never stresses,But Tess never stresses.
"/Users/liu.ying/University of Florida/Leite,Walter - Storiza Corpus Spring 2025/Storiza_Participant_Recording_05-30-25/annotated_sentence_segments/uid_FojhPyqH69TyqkGfzc6ZwW0tn2C2_sid_MZXCxGtW5st5dLkCO1q8_1741737208_195799550_sentence_segment.wav",Instead she essen əsɪmz Idun (I don't) know  keep going thuhm: the mess fixes it and carries on,"Instead, she assesses the mess, fixes it, and carries on."
"/Users/liu.ying/University of Florida/Leite,Walter - Storiza Corpus Spring 2025/Storiza_Participant_Recording_05-30-25/annotated_sentence_segments/uid_FojhPyqH69TyqkGfzc6ZwW0tn2C2_sid_MZXCxGtW5st5dLkCO1q8_1741737208_195799551_sentence_segment.wav",Her kir|kehey glea gleamed as she pr.pross process her success,Her circuits gleam as she processes her success.
"/Users/liu.ying/University of Florida/Leite,Walter - Storiza Corpus Spring 2025/Storiza_Participant_Recording_05-30-25/annotated_sentence_segments/uid_FojhPyqH69TyqkGfzc6ZwW0tn2C2_sid_MZXCxGtW5st5dLkCO1q8_1741737208_195799552_sentence_segment.wav",When də work ends Tess rests on a shelf feeling blessed,"When the work ends, Tess rests on a shelf, feeling blessed."
"/Users/liu.ying/University of Florida/Leite,Walter - Storiza Corpus Spring 2025/Storiza_Participant_Recording_05-30-25/annotated_sentence_segments/uid_FojhPyqH69TyqkGfzc6ZwW0tn2C2_sid_MZXCxGtW5st5dLkCO1q8_1741737208_195799553_sentence_segment.wav",Her friend Jess another robot joins her for quiet chats as darkness envelopes də  lab,"Her friend Jess, another robot, joins her for quiet chats as darkness envelops the lab."
"/Users/liu.ying/University of Florida/Leite,Walter - Storiza Corpus Spring 2025/Storiza_Participant_Recording_05-30-25/annotated_sentence_segments/uid_FojhPyqH69TyqkGfzc6ZwW0tn2C2_sid_MZXCxGtW5st5dLkCO1q8_1741737208_195799554_sentence_segment.wav",Together they wɑtʃθ the s|tɑɹz twinkle through the window dreaming of more tasks and adventures,"Together, they watch the stars twinkle through the window, dreaming of more tasks and adventures."
"/Users/liu.ying/University of Florida/Leite,Walter - Storiza Corpus Spring 2025/Storiza_Participant_Recording_05-30-25/annotated_sentence_segments/uid_0FdMSMtn95PJ9tLFeW3F4sFLPMh1_sid_X19DlwS3B4SOtR90cYJB_1743128893_195799555_sentence_segment.wav",A silky chicken neɪmdə s:ɪlki lɪvəd on a small farm,A silky chicken named Silky lived on a small farm.
"/Users/liu.ying/University of Florida/Leite,Walter - Storiza Corpus Spring 2025/Storiza_Participant_Recording_05-30-25/annotated_sentence_segments/uid_0FdMSMtn95PJ9tLFeW3F4sFLPMh1_sid_X19DlwS3B4SOtR90cYJB_1743128893_195799556_sentence_segment.wav",Silky loved to peek around the farmyard looking for seeds,Silky loved to peck around the farmyard looking for seeds.
"/Users/liu.ying/University of Florida/Leite,Walter - Storiza Corpus Spring 2025/Storiza_Participant_Recording_05-30-25/annotated_sentence_segments/uid_0FdMSMtn95PJ9tLFeW3F4sFLPMh1_sid_X19DlwS3B4SOtR90cYJB_1743128893_195799557_sentence_segment.wav",Her feathers were soft and special because they they they ʃoʊnɪ in the sunlight like silky θwɛdz,Her feathers were soft and special because they shone in the sunlight like silky threads.
"/Users/liu.ying/University of Florida/Leite,Walter - Storiza Corpus Spring 2025/Storiza_Participant_Recording_05-30-25/annotated_sentence_segments/uid_0FdMSMtn95PJ9tLFeW3F4sFLPMh1_sid_X19DlwS3B4SOtR90cYJB_1743128893_195799558_sentence_segment.wav",One day as Silky wandered near the pond she saw a new friend,"One day, as Silky wandered near the pond, she saw a new friend!"
"/Users/liu.ying/University of Florida/Leite,Walter - Storiza Corpus Spring 2025/Storiza_Participant_Recording_05-30-25/annotated_sentence_segments/uid_0FdMSMtn95PJ9tLFeW3F4sFLPMh1_sid_X19DlwS3B4SOtR90cYJB_1743128893_195799559_sentence_segment.wav",It was a frog hopping across the green grass,"It was a frog, hopping across the green grass."
"/Users/liu.ying/University of Florida/Leite,Walter - Storiza Corpus Spring 2025/Storiza_Participant_Recording_05-30-25/annotated_sentence_segments/uid_0FdMSMtn95PJ9tLFeW3F4sFLPMh1_sid_X19DlwS3B4SOtR90cYJB_1743128893_195799560_sentence_segment.wav",Silky clucked with joy Hello Frog,"Silky clucked with joy, ""Hello, Frog!"
"/Users/liu.ying/University of Florida/Leite,Walter - Storiza Corpus Spring 2025/Storiza_Participant_Recording_05-30-25/annotated_sentence_segments/uid_0FdMSMtn95PJ9tLFeW3F4sFLPMh1_sid_X19DlwS3B4SOtR90cYJB_1743128893_195799561_sentence_segment.wav",What bɪŋz you here,"What brings you here?"""
"/Users/liu.ying/University of Florida/Leite,Walter - Storiza Corpus Spring 2025/Storiza_Participant_Recording_05-30-25/annotated_sentence_segments/uid_0FdMSMtn95PJ9tLFeW3F4sFLPMh1_sid_X19DlwS3B4SOtR90cYJB_1743128893_195799562_sentence_segment.wav",Frog replied I am here to find a sunny spot ot to wɛst and catch some flies,"Frog replied, ""I am here to find a sunny spot to rest and catch some flies."""
"/Users/liu.ying/University of Florida/Leite,Walter - Storiza Corpus Spring 2025/Storiza_Participant_Recording_05-30-25/annotated_sentence_segments/uid_0FdMSMtn95PJ9tLFeW3F4sFLPMh1_sid_X19DlwS3B4SOtR90cYJB_1743128893_195799563_sentence_segment.wav", Silky and Frog spent the day together,Silky and Frog spent the day together.
"/Users/liu.ying/University of Florida/Leite,Walter - Storiza Corpus Spring 2025/Storiza_Participant_Recording_05-30-25/annotated_sentence_segments/uid_0FdMSMtn95PJ9tLFeW3F4sFLPMh1_sid_X19DlwS3B4SOtR90cYJB_1743128893_195799564_sentence_segment.wav",They explored the wide fields and found some berries to eat,They explored the wide fields and found some berries to eat.
"/Users/liu.ying/University of Florida/Leite,Walter - Storiza Corpus Spring 2025/Storiza_Participant_Recording_05-30-25/annotated_sentence_segments/uid_0FdMSMtn95PJ9tLFeW3F4sFLPMh1_sid_X19DlwS3B4SOtR90cYJB_1743128893_195799565_sentence_segment.wav",Silky and Froguh Silky asked Frog Do you ever leap to the other side of the pɑn:d,"Silky asked Frog, ""Do you ever leap to the other side of the pond?"""
"/Users/liu.ying/University of Florida/Leite,Walter - Storiza Corpus Spring 2025/Storiza_Participant_Recording_05-30-25/annotated_sentence_segments/uid_0FdMSMtn95PJ9tLFeW3F4sFLPMh1_sid_X19DlwS3B4SOtR90cYJB_1743128893_195799566_sentence_segment.wav",Frog croaked Yes sometimes I do bʌtə today I will stay with you,"Frog croaked, ""Yes, sometimes I do, but today I will stay with you."""
"/Users/liu.ying/University of Florida/Leite,Walter - Storiza Corpus Spring 2025/Storiza_Participant_Recording_05-30-25/annotated_sentence_segments/uid_0FdMSMtn95PJ9tLFeW3F4sFLPMh1_sid_X19DlwS3B4SOtR90cYJB_1743128893_195799567_sentence_segment.wav", They watched the sun set panting the sky with pink and ɔɹndʒeɪ shades shadesuh feeling happy  tuə have found each other,"They watched the sun set, painting the sky with pink and orange shades, feeling happy to have found each other."
"/Users/liu.ying/University of Florida/Leite,Walter - Storiza Corpus Spring 2025/Storiza_Participant_Recording_05-30-25/annotated_sentence_segments/uid_0FdMSMtn95PJ9tLFeW3F4sFLPMh1_sid_X19DlwS3B4SOtR90cYJB_1743128893_195799568_sentence_segment.wav",All nightm As night fell s:ɪlki return to her coop,"As night fell, Silky returned to her coop."
"/Users/liu.ying/University of Florida/Leite,Walter - Storiza Corpus Spring 2025/Storiza_Participant_Recording_05-30-25/annotated_sentence_segments/uid_0FdMSMtn95PJ9tLFeW3F4sFLPMh1_sid_X19DlwS3B4SOtR90cYJB_1743128893_195799569_sentence_segment.wav",She whispered Good night Frog,"She whispered, ""Good night, Frog!"
"/Users/liu.ying/University of Florida/Leite,Walter - Storiza Corpus Spring 2025/Storiza_Participant_Recording_05-30-25/annotated_sentence_segments/uid_0FdMSMtn95PJ9tLFeW3F4sFLPMh1_sid_X19DlwS3B4SOtR90cYJB_1743128893_195799570_sentence_segment.wav",See you in the m:ʌnθs to come,"See you in the months to come."""
"/Users/liu.ying/University of Florida/Leite,Walter - Storiza Corpus Spring 2025/Storiza_Participant_Recording_05-30-25/annotated_sentence_segments/uid_0FdMSMtn95PJ9tLFeW3F4sFLPMh1_sid_X19DlwS3B4SOtR90cYJB_1743128893_195799571_sentence_segment.wav",ʌm sɪlkiə snuggled into her nest dreaming of summy sunny days and new adventures,"Silky snuggled into her nest, dreaming of sunny days and new adventures."
"/Users/liu.ying/University of Florida/Leite,Walter - Storiza Corpus Spring 2025/Storiza_Participant_Recording_05-30-25/annotated_sentence_segments/uid_mHWscHBXcoabM7fdw88AliGuPWw1_sid_GKcLrRl87SaIZLrUKl4f_1741214942_195799572_sentence_segment.wav",wʌnt əpɑnd a time a small mermaid na:me k|ɑlə swam in the blu: ocean sea,"Once upon a time, a small mermaid named Calla swam in the blue sea."
"/Users/liu.ying/University of Florida/Leite,Walter - Storiza Corpus Spring 2025/Storiza_Participant_Recording_05-30-25/annotated_sentence_segments/uid_mHWscHBXcoabM7fdw88AliGuPWw1_sid_GKcLrRl87SaIZLrUKl4f_1741214942_195799573_sentence_segment.wav",She loved to find shiny shesells that would woʊl under the waves,She loved to find shiny shells that would roll under the waves.
"/Users/liu.ying/University of Florida/Leite,Walter - Storiza Corpus Spring 2025/Storiza_Participant_Recording_05-30-25/annotated_sentence_segments/uid_mHWscHBXcoabM7fdw88AliGuPWw1_sid_GKcLrRl87SaIZLrUKl4f_1741214942_195799574_sentence_segment.wav",One day Calla saw a big hull of seasells in a big haul of sunken ships,"One day, Calla saw a big haul of shells stuck in a big hull of a sunken ship."
"/Users/liu.ying/University of Florida/Leite,Walter - Storiza Corpus Spring 2025/Storiza_Participant_Recording_05-30-25/annotated_sentence_segments/uid_mHWscHBXcoabM7fdw88AliGuPWw1_sid_GKcLrRl87SaIZLrUKl4f_1741214942_195799575_sentence_segment.wav",ʃ:i dɪfəd to pull them out with all her might,She decided to pull them out with all her might.
"/Users/liu.ying/University of Florida/Leite,Walter - Storiza Corpus Spring 2025/Storiza_Participant_Recording_05-30-25/annotated_sentence_segments/uid_mHWscHBXcoabM7fdw88AliGuPWw1_sid_GKcLrRl87SaIZLrUKl4f_1741214942_195799576_sentence_segment.wav",She The shea|sells fɛ:l kwaɪɪŋ a bwaɪt path of cwystals (crystals),"The shells fell, creating a bright path of treasures."
"/Users/liu.ying/University of Florida/Leite,Walter - Storiza Corpus Spring 2025/Storiza_Participant_Recording_05-30-25/annotated_sentence_segments/uid_mHWscHBXcoabM7fdw88AliGuPWw1_sid_GKcLrRl87SaIZLrUKl4f_1741214942_195799577_sentence_segment.wav",kɑl knew she had found sʌθɪŋ skpɛsəl,Calla knew she had found something special.
"/Users/liu.ying/University of Florida/Leite,Walter - Storiza Corpus Spring 2025/Storiza_Participant_Recording_05-30-25/annotated_sentence_segments/uid_mHWscHBXcoabM7fdw88AliGuPWw1_sid_GKcLrRl87SaIZLrUKl4f_1741214942_195799578_sentence_segment.wav",She went back home to tell all hə fwɪndz about the magical find,She went back home to tell all her friends about the magical find.
"/Users/liu.ying/University of Florida/Leite,Walter - Storiza Corpus Spring 2025/Storiza_Participant_Recording_05-30-25/annotated_sentence_segments/uid_mHWscHBXcoabM7fdw88AliGuPWw1_sid_GKcLrRl87SaIZLrUKl4f_1741214942_195799579_sentence_segment.wav",The small mermaid felt soʊu full of joy to share her discovery wɪf them all,The small mermaid felt so full of joy to share her discovery with them all.
"/Users/liu.ying/University of Florida/Leite,Walter - Storiza Corpus Spring 2025/Storiza_Participant_Recording_05-30-25/annotated_sentence_segments/uid_jWPmLFrSHDZItPTjjPUB8KAsjlq2_sid_pptKRvk4auvx0qv1G7VW_1742589195_195799580_sentence_segment.wav",Roy and Joy two young boys faʊn a norit a noisy toy at the toy shop,"Roy and Joy, two young boys, found a noisy toy at the toy shop."
"/Users/liu.ying/University of Florida/Leite,Walter - Storiza Corpus Spring 2025/Storiza_Participant_Recording_05-30-25/annotated_sentence_segments/uid_jWPmLFrSHDZItPTjjPUB8KAsjlq2_sid_pptKRvk4auvx0qv1G7VW_1742589195_195799581_sentence_segment.wav",Excitedly they bəʊf enjoyed the sound it made,"Excitedly, they both enjoyed the sound it made."
"/Users/liu.ying/University of Florida/Leite,Walter - Storiza Corpus Spring 2025/Storiza_Participant_Recording_05-30-25/annotated_sentence_segments/uid_jWPmLFrSHDZItPTjjPUB8KAsjlq2_sid_pptKRvk4auvx0qv1G7VW_1742589195_195799582_sentence_segment.wav",This is fun Roy said juh joyfully,"""This is fun!"" Roy said joyfully."
"/Users/liu.ying/University of Florida/Leite,Walter - Storiza Corpus Spring 2025/Storiza_Participant_Recording_05-30-25/annotated_sentence_segments/uid_jWPmLFrSHDZItPTjjPUB8KAsjlq2_sid_pptKRvk4auvx0qv1G7VW_1742589195_195799583_sentence_segment.wav",They played together sharing dɹɔɪ and laughter,"They played together, sharing joy and laughter."
"/Users/liu.ying/University of Florida/Leite,Walter - Storiza Corpus Spring 2025/Storiza_Participant_Recording_05-30-25/annotated_sentence_segments/uid_jWPmLFrSHDZItPTjjPUB8KAsjlq2_sid_pptKRvk4auvx0qv1G7VW_1742589195_195799584_sentence_segment.wav",As zɪ sun set a gentle voice calls them batch,"As the sun set, a gentle voice called them back home."
"/Users/liu.ying/University of Florida/Leite,Walter - Storiza Corpus Spring 2025/Storiza_Participant_Recording_05-30-25/annotated_sentence_segments/uid_jWPmLFrSHDZItPTjjPUB8KAsjlq2_sid_pptKRvk4auvx0qv1G7VW_1742589195_195799585_sentence_segment.wav",Reluctantly they left the tɔ:ɪ but carried joy with them ending the day with big smiles,"Reluctantly, they left the toy but carried the joy with them, ending the day with big smiles."
"/Users/liu.ying/University of Florida/Leite,Walter - Storiza Corpus Spring 2025/Storiza_Participant_Recording_05-30-25/annotated_sentence_segments/uid_UHGZEyBQklbC0GB3JZMa5l8yuGT2_sid_wtJZVzntRoLHOpryqFYJ_1742390551_195799586_sentence_segment.wav",A buddy and a kɪtən: meet in a sunny gree:ned,A bunny and a kitten met in a sunny garden.
"/Users/liu.ying/University of Florida/Leite,Walter - Storiza Corpus Spring 2025/Storiza_Participant_Recording_05-30-25/annotated_sentence_segments/uid_UHGZEyBQklbC0GB3JZMa5l8yuGT2_sid_wtJZVzntRoLHOpryqFYJ_1742390551_195799587_sentence_segment.wav",The bunny hopped up to the kittens kitten and said Let's run and play in the sunny,"The bunny hopped up to the kitten and said, ""Let's run and play in the sun."""
"/Users/liu.ying/University of Florida/Leite,Walter - Storiza Corpus Spring 2025/Storiza_Participant_Recording_05-30-25/annotated_sentence_segments/uid_UHGZEyBQklbC0GB3JZMa5l8yuGT2_sid_wtJZVzntRoLHOpryqFYJ_1742390551_195799588_sentence_segment.wav",The kitten purred ɪnd nibbled,The kitten purred and nodded.
"/Users/liu.ying/University of Florida/Leite,Walter - Storiza Corpus Spring 2025/Storiza_Participant_Recording_05-30-25/annotated_sentence_segments/uid_UHGZEyBQklbC0GB3JZMa5l8yuGT2_sid_wtJZVzntRoLHOpryqFYJ_1742390551_195799589_sentence_segment.wav",They chased each other jum|pin over logs and rolling on the grass,"They chased each other, jumping over logs and rolling on the grass."
"/Users/liu.ying/University of Florida/Leite,Walter - Storiza Corpus Spring 2025/Storiza_Participant_Recording_05-30-25/annotated_sentence_segments/uid_UHGZEyBQklbC0GB3JZMa5l8yuGT2_sid_wtJZVzntRoLHOpryqFYJ_1742390551_195799590_sentence_segment.wav",æ.æz the sun set they h:ʌɡ|d and pɹ:ɑ:mɪst to play again,"As the sun set, they hugged and promised to play again."
"/Users/liu.ying/University of Florida/Leite,Walter - Storiza Corpus Spring 2025/Storiza_Participant_Recording_05-30-25/annotated_sentence_segments/uid_UHGZEyBQklbC0GB3JZMa5l8yuGT2_sid_wtJZVzntRoLHOpryqFYJ_1742390551_195799591_sentence_segment.wav",fɹɛndzə f:ə.fəɹɛvɚ the bunny and kitten smiled under the moon,"Friends forever, the bunny and kitten smiled under the moon."
"/Users/liu.ying/University of Florida/Leite,Walter - Storiza Corpus Spring 2025/Storiza_Participant_Recording_05-30-25/annotated_sentence_segments/uid_aKXkeU8QguUwr1lDK1mxXri9hqN2_sid_LZv2yjBowpWsHz6Oc23r_1743550860_195799592_sentence_segment.wav",twirled around the fɑrm with her furry pet Bert,"Aria twirled around the farmyard with her furry pet, Bert."
"/Users/liu.ying/University of Florida/Leite,Walter - Storiza Corpus Spring 2025/Storiza_Participant_Recording_05-30-25/annotated_sentence_segments/uid_aKXkeU8QguUwr1lDK1mxXri9hqN2_sid_LZv2yjBowpWsHz6Oc23r_1743550860_195799593_sentence_segment.wav",She adored the farm's charm spɛʃəl the red barn where ferns grew,"She adored the farm's charm, especially the red barn where ferns grew."
"/Users/liu.ying/University of Florida/Leite,Walter - Storiza Corpus Spring 2025/Storiza_Participant_Recording_05-30-25/annotated_sentence_segments/uid_aKXkeU8QguUwr1lDK1mxXri9hqN2_sid_LZv2yjBowpWsHz6Oc23r_1743550860_195799594_sentence_segment.wav",iktʃ morning they stɑɹtɪ f with chores and then kɑɹ time for games,"Each morning, they started with chores and then carved time for games."
"/Users/liu.ying/University of Florida/Leite,Walter - Storiza Corpus Spring 2025/Storiza_Participant_Recording_05-30-25/annotated_sentence_segments/uid_aKXkeU8QguUwr1lDK1mxXri9hqN2_sid_LZv2yjBowpWsHz6Oc23r_1743550860_195799595_sentence_segment.wav",Aria would hurdle over the short grass læ and hug Bert,"Aria would hurdle over the short grass, laugh, and hug Bert."
"/Users/liu.ying/University of Florida/Leite,Walter - Storiza Corpus Spring 2025/Storiza_Participant_Recording_05-30-25/annotated_sentence_segments/uid_aKXkeU8QguUwr1lDK1mxXri9hqN2_sid_LZv2yjBowpWsHz6Oc23r_1743550860_195799596_sentence_segment.wav",ee By evening the sky turned dark Aria whispered a hɑɹt heartfelt goodbye to the farm's wonders,"By evening, the sky turned dark, and Aria whispered a heartfelt goodbye to the farm's wonders."
"/Users/liu.ying/University of Florida/Leite,Walter - Storiza Corpus Spring 2025/Storiza_Participant_Recording_05-30-25/annotated_sentence_segments/uid_aKXkeU8QguUwr1lDK1mxXri9hqN2_sid_LZv2yjBowpWsHz6Oc23r_1743550860_195799597_sentence_segment.wav",She knew she'd return soon another grand adventure her heart full of dreams,"She knew she'd return soon for another grand adventure, her heart full of dreams."
"/Users/liu.ying/University of Florida/Leite,Walter - Storiza Corpus Spring 2025/Storiza_Participant_Recording_05-30-25/annotated_sentence_segments/uid_XmxSYUZAj4dRqSczt2clQkDf31M2_sid_tM98qutW5zVbaMrfE1fe_1742782716_195799598_sentence_segment.wav",Once epon a time a rabbit named pet Pete found a shiny red bike,"Once upon a time, a rabbit named Pete found a shiny red bike."
"/Users/liu.ying/University of Florida/Leite,Walter - Storiza Corpus Spring 2025/Storiza_Participant_Recording_05-30-25/annotated_sentence_segments/uid_XmxSYUZAj4dRqSczt2clQkDf31M2_sid_tM98qutW5zVbaMrfE1fe_1742782716_195799599_sentence_segment.wav",It s:|t|old stoʊld by a w.wild oak tɹi stood by a wild oo.oh oak tree in the park,It stood by a wide oak tree in the park.
"/Users/liu.ying/University of Florida/Leite,Walter - Storiza Corpus Spring 2025/Storiza_Participant_Recording_05-30-25/annotated_sentence_segments/uid_XmxSYUZAj4dRqSczt2clQkDf31M2_sid_tM98qutW5zVbaMrfE1fe_1742782716_195799600_sentence_segment.wav",ser|kumsly peh Pete hoped closer this no ha his nose twitched with delight,"Curious, Pete hopped closer, his nose twitching with delight."
"/Users/liu.ying/University of Florida/Leite,Walter - Storiza Corpus Spring 2025/Storiza_Participant_Recording_05-30-25/annotated_sentence_segments/uid_XmxSYUZAj4dRqSczt2clQkDf31M2_sid_tM98qutW5zVbaMrfE1fe_1742782716_195799601_sentence_segment.wav",I'll take a ride he thought,"""I'll take a ride!"" he thought."
"/Users/liu.ying/University of Florida/Leite,Walter - Storiza Corpus Spring 2025/Storiza_Participant_Recording_05-30-25/annotated_sentence_segments/uid_XmxSYUZAj4dRqSczt2clQkDf31M2_sid_tM98qutW5zVbaMrfE1fe_1742782716_195799602_sentence_segment.wav",With hih With a brave heart pik kwaɪmd on the on a begi and beganning to pedal,"With a brave heart, Pete climbed on and began to pedal."
"/Users/liu.ying/University of Florida/Leite,Walter - Storiza Corpus Spring 2025/Storiza_Participant_Recording_05-30-25/annotated_sentence_segments/uid_XmxSYUZAj4dRqSczt2clQkDf31M2_sid_tM98qutW5zVbaMrfE1fe_1742782716_195799603_sentence_segment.wav",As he ɹoʊ pæs the pa: p|ɑnd he he the breeze fɛltʃ great,"As he rode past the pond, the breeze felt great."
"/Users/liu.ying/University of Florida/Leite,Walter - Storiza Corpus Spring 2025/Storiza_Participant_Recording_05-30-25/annotated_sentence_segments/uid_XmxSYUZAj4dRqSczt2clQkDf31M2_sid_tM98qutW5zVbaMrfE1fe_1742782716_195799604_sentence_segment.wav",ah He thought He rode thought through f: ficient field and over the a little wild branch,He rode through fields and over a little white bridge.
"/Users/liu.ying/University of Florida/Leite,Walter - Storiza Corpus Spring 2025/Storiza_Participant_Recording_05-30-25/annotated_sentence_segments/uid_XmxSYUZAj4dRqSczt2clQkDf31M2_sid_tM98qutW5zVbaMrfE1fe_1742782716_195799605_sentence_segment.wav",pet lah Pete laughed hih.hih as he ear əɪɹ fiddled fatal in the wild,Pete laughed as his ears fluttered in the wind.
"/Users/liu.ying/University of Florida/Leite,Walter - Storiza Corpus Spring 2025/Storiza_Participant_Recording_05-30-25/annotated_sentence_segments/uid_XmxSYUZAj4dRqSczt2clQkDf31M2_sid_tM98qutW5zVbaMrfE1fe_1742782716_195799606_sentence_segment.wav",Finally Pete rode ba|t home feeling happy and proud,"Finally, Pete rode back home, feeling happy and proud."
"/Users/liu.ying/University of Florida/Leite,Walter - Storiza Corpus Spring 2025/Storiza_Participant_Recording_05-30-25/annotated_sentence_segments/uid_XmxSYUZAj4dRqSczt2clQkDf31M2_sid_tM98qutW5zVbaMrfE1fe_1742782716_195799607_sentence_segment.wav",Riding a eɪ bike was fun and æ he couldn't wait to ride again,"Riding a bike was fun, and he couldn't wait to ride again!"
"/Users/liu.ying/University of Florida/Leite,Walter - Storiza Corpus Spring 2025/Storiza_Participant_Recording_05-30-25/annotated_sentence_segments/uid_flpss45kNMRJ1OyjEiJaPFx5rCo2_sid_R5ayIWS3BhX54S6qzZuq_1742679705_195799608_sentence_segment.wav",In a faraway galaxy there was a magical place called Star Waterfall,"In a faraway galaxy, there was a magical place called Star Waterfall."
"/Users/liu.ying/University of Florida/Leite,Walter - Storiza Corpus Spring 2025/Storiza_Participant_Recording_05-30-25/annotated_sentence_segments/uid_flpss45kNMRJ1OyjEiJaPFx5rCo2_sid_R5ayIWS3BhX54S6qzZuq_1742679705_195799609_sentence_segment.wav",Every night stars would zoom and swoop down like a glowing waterfall,"Every night, stars would zoom and swoop down like a glowing waterfall."
"/Users/liu.ying/University of Florida/Leite,Walter - Storiza Corpus Spring 2025/Storiza_Participant_Recording_05-30-25/annotated_sentence_segments/uid_flpss45kNMRJ1OyjEiJaPFx5rCo2_sid_R5ayIWS3BhX54S6qzZuq_1742679705_195799610_sentence_segment.wav",Luna a young explore flew her blue spaceship to see it,"Luna, a young explorer, flew her blue spaceship to see it."
"/Users/liu.ying/University of Florida/Leite,Walter - Storiza Corpus Spring 2025/Storiza_Participant_Recording_05-30-25/annotated_sentence_segments/uid_flpss45kNMRJ1OyjEiJaPFx5rCo2_sid_R5ayIWS3BhX54S6qzZuq_1742679705_195799611_sentence_segment.wav",As she drew near she saw the stars creating a beautiful s ʌm s|pɑɹklɪŋ mist,"As she drew near, she saw the stars creating a beautiful, sparkling mist."
"/Users/liu.ying/University of Florida/Leite,Walter - Storiza Corpus Spring 2025/Storiza_Participant_Recording_05-30-25/annotated_sentence_segments/uid_flpss45kNMRJ1OyjEiJaPFx5rCo2_sid_R5ayIWS3BhX54S6qzZuq_1742679705_195799612_sentence_segment.wav",Luna knew this view was rare and felt lucky to be there,Luna knew this view was rare and felt lucky to be there.
"/Users/liu.ying/University of Florida/Leite,Walter - Storiza Corpus Spring 2025/Storiza_Participant_Recording_05-30-25/annotated_sentence_segments/uid_flpss45kNMRJ1OyjEiJaPFx5rCo2_sid_R5ayIWS3BhX54S6qzZuq_1742679705_195799613_sentence_segment.wav",She whispered to her crew Isn't this a wonderful view,"She whispered to her crew, ""Isn't this a wonderful view?"""
"/Users/liu.ying/University of Florida/Leite,Walter - Storiza Corpus Spring 2025/Storiza_Participant_Recording_05-30-25/annotated_sentence_segments/uid_flpss45kNMRJ1OyjEiJaPFx5rCo2_sid_R5ayIWS3BhX54S6qzZuq_1742679705_195799614_sentence_segment.wav",ðe all agreed feeling sense of wonder,"They all agreed, feeling a sense of wonder."
"/Users/liu.ying/University of Florida/Leite,Walter - Storiza Corpus Spring 2025/Storiza_Participant_Recording_05-30-25/annotated_sentence_segments/uid_flpss45kNMRJ1OyjEiJaPFx5rCo2_sid_R5ayIWS3BhX54S6qzZuq_1742679705_195799615_sentence_segment.wav",As they flew back home Luna n əm knew she'd never forget the əm starry wɑtərfɔli oʊ waterfall's glow and adventure they shared,"As they flew back home, Luna knew she'd never forget the starry waterfall's glow and the adventure they shared."
"/Users/liu.ying/University of Florida/Leite,Walter - Storiza Corpus Spring 2025/Storiza_Participant_Recording_05-30-25/annotated_sentence_segments/uid_XmxSYUZAj4dRqSczt2clQkDf31M2_sid_KX6o32AjbfasGPQJmgaX_1741231701_195799616_sentence_segment.wav",Once eɪpɔn a time a in a vɛəns cave lived a mighty wolf king named Eri|c,"Once upon a time, in a vast cave, lived a mighty wolf king named Ace."
"/Users/liu.ying/University of Florida/Leite,Walter - Storiza Corpus Spring 2025/Storiza_Participant_Recording_05-30-25/annotated_sentence_segments/uid_XmxSYUZAj4dRqSczt2clQkDf31M2_sid_KX6o32AjbfasGPQJmgaX_1741231701_195799617_sentence_segment.wav",Eric was brave and w:is,Ace was brave and wise.
"/Users/liu.ying/University of Florida/Leite,Walter - Storiza Corpus Spring 2025/Storiza_Participant_Recording_05-30-25/annotated_sentence_segments/uid_XmxSYUZAj4dRqSczt2clQkDf31M2_sid_KX6o32AjbfasGPQJmgaX_1741231701_195799618_sentence_segment.wav",His His slavery meh m.meɪn s:tone bright and like a flame and the s:a slain,His silver mane shone bright like a flame in the silent night.
"/Users/liu.ying/University of Florida/Leite,Walter - Storiza Corpus Spring 2025/Storiza_Participant_Recording_05-30-25/annotated_sentence_segments/uid_mHWscHBXcoabM7fdw88AliGuPWw1_sid_IEFc5rVkZZUjWvLVMKyJ_1743463169_195799619_sentence_segment.wav",Pat has a black cat,Pam has a black cat.
"/Users/liu.ying/University of Florida/Leite,Walter - Storiza Corpus Spring 2025/Storiza_Participant_Recording_05-30-25/annotated_sentence_segments/uid_mHWscHBXcoabM7fdw88AliGuPWw1_sid_IEFc5rVkZZUjWvLVMKyJ_1743463169_195799620_sentence_segment.wav",The cat sat on his mat,The cat sat on the mat.
"/Users/liu.ying/University of Florida/Leite,Walter - Storiza Corpus Spring 2025/Storiza_Participant_Recording_05-30-25/annotated_sentence_segments/uid_mHWscHBXcoabM7fdw88AliGuPWw1_sid_IEFc5rVkZZUjWvLVMKyJ_1743463169_195799621_sentence_segment.wav",Pam said No,"Pam said, ""No!"""
"/Users/liu.ying/University of Florida/Leite,Walter - Storiza Corpus Spring 2025/Storiza_Participant_Recording_05-30-25/annotated_sentence_segments/uid_mHWscHBXcoabM7fdw88AliGuPWw1_sid_IEFc5rVkZZUjWvLVMKyJ_1743463169_195799622_sentence_segment.wav",The cat wæn,The cat ran.
"/Users/liu.ying/University of Florida/Leite,Walter - Storiza Corpus Spring 2025/Storiza_Participant_Recording_05-30-25/annotated_sentence_segments/uid_mHWscHBXcoabM7fdw88AliGuPWw1_sid_IEFc5rVkZZUjWvLVMKyJ_1743463169_195799623_sentence_segment.wav",The cat can't nap on the mat,The cat can't nap on the mat.
"/Users/liu.ying/University of Florida/Leite,Walter - Storiza Corpus Spring 2025/Storiza_Participant_Recording_05-30-25/annotated_sentence_segments/uid_mHWscHBXcoabM7fdw88AliGuPWw1_sid_IEFc5rVkZZUjWvLVMKyJ_1743463169_195799624_sentence_segment.wav",Pam put a wɛd hat on the cat,Pam put a red hat on the cat.
"/Users/liu.ying/University of Florida/Leite,Walter - Storiza Corpus Spring 2025/Storiza_Participant_Recording_05-30-25/annotated_sentence_segments/uid_mHWscHBXcoabM7fdw88AliGuPWw1_sid_IEFc5rVkZZUjWvLVMKyJ_1743463169_195799625_sentence_segment.wav",Go cat pəm said,"""Go, cat!"" Pam said."
"/Users/liu.ying/University of Florida/Leite,Walter - Storiza Corpus Spring 2025/Storiza_Participant_Recording_05-30-25/annotated_sentence_segments/uid_mHWscHBXcoabM7fdw88AliGuPWw1_sid_IEFc5rVkZZUjWvLVMKyJ_1743463169_195799626_sentence_segment.wav",The cat ran fast,The cat ran fast.
"/Users/liu.ying/University of Florida/Leite,Walter - Storiza Corpus Spring 2025/Storiza_Participant_Recording_05-30-25/annotated_sentence_segments/uid_mHWscHBXcoabM7fdw88AliGuPWw1_sid_IEFc5rVkZZUjWvLVMKyJ_1743463169_195799627_sentence_segment.wav",Now the cat is glad,Now the cat is glad.
"/Users/liu.ying/University of Florida/Leite,Walter - Storiza Corpus Spring 2025/Storiza_Participant_Recording_05-30-25/annotated_sentence_segments/uid_mHWscHBXcoabM7fdw88AliGuPWw1_sid_IEFc5rVkZZUjWvLVMKyJ_1743463169_195799628_sentence_segment.wav",Pam is glad du,"Pam is glad, too."
"/Users/liu.ying/University of Florida/Leite,Walter - Storiza Corpus Spring 2025/Storiza_Participant_Recording_05-30-25/annotated_sentence_segments/uid_IxbpyVeneRWBOVT8zPZO9dPynyX2_sid_HV05en4ImNW96o2lRmST_1741910757_195799629_sentence_segment.wav",Max loved video games especially the new one he got last week,"Max loved playing video games, especially the new one he got last week."
"/Users/liu.ying/University of Florida/Leite,Walter - Storiza Corpus Spring 2025/Storiza_Participant_Recording_05-30-25/annotated_sentence_segments/uid_IxbpyVeneRWBOVT8zPZO9dPynyX2_sid_HV05en4ImNW96o2lRmST_1741910757_195799630_sentence_segment.wav",He sat on his comfy blue chair ready to explore a digital world filled with challenges and fun,"He sat on his comfy blue chair, ready to explore a digital world filled with challenges and fun."
"/Users/liu.ying/University of Florida/Leite,Walter - Storiza Corpus Spring 2025/Storiza_Participant_Recording_05-30-25/annotated_sentence_segments/uid_IxbpyVeneRWBOVT8zPZO9dPynyX2_sid_HV05en4ImNW96o2lRmST_1741910757_195799631_sentence_segment.wav",Max's favorite game was called Fruit Quest where players had to gather fruits and avoid sticky goo traps,"Max's favorite game was called ""Fruit Quest,"" where players had to gather fruits and avoid sticky goo traps."
"/Users/liu.ying/University of Florida/Leite,Walter - Storiza Corpus Spring 2025/Storiza_Participant_Recording_05-30-25/annotated_sentence_segments/uid_IxbpyVeneRWBOVT8zPZO9dPynyX2_sid_HV05en4ImNW96o2lRmST_1741910757_195799632_sentence_segment.wav",Every time Max collected a jer juicy fruit and gay the game would play a cheerful tune,"Every time Max collected a juicy fruit, the game would play a cheerful tune."
"/Users/liu.ying/University of Florida/Leite,Walter - Storiza Corpus Spring 2025/Storiza_Participant_Recording_05-30-25/annotated_sentence_segments/uid_IxbpyVeneRWBOVT8zPZO9dPynyX2_sid_HV05en4ImNW96o2lRmST_1741910757_195799633_sentence_segment.wav",In the game Max's character kih could fly through the air using a magical flute,"In the game, Max's character could fly through the air using a magical flute."
"/Users/liu.ying/University of Florida/Leite,Walter - Storiza Corpus Spring 2025/Storiza_Participant_Recording_05-30-25/annotated_sentence_segments/uid_IxbpyVeneRWBOVT8zPZO9dPynyX2_sid_HV05en4ImNW96o2lRmST_1741910757_195799634_sentence_segment.wav",The music jæ guided him past the goo monsters of the chewing anything they touched,The music guided him past the goo monsters that chewed on anything they touched.
"/Users/liu.ying/University of Florida/Leite,Walter - Storiza Corpus Spring 2025/Storiza_Participant_Recording_05-30-25/annotated_sentence_segments/uid_IxbpyVeneRWBOVT8zPZO9dPynyX2_sid_HV05en4ImNW96o2lRmST_1741910757_195799635_sentence_segment.wav",Max had mastered art of dodging them and shi|um moves with əh moves and a keen eye,Max had mastered the art of dodging them using swift moves and a keen eye.
"/Users/liu.ying/University of Florida/Leite,Walter - Storiza Corpus Spring 2025/Storiza_Participant_Recording_05-30-25/annotated_sentence_segments/uid_IxbpyVeneRWBOVT8zPZO9dPynyX2_sid_HV05en4ImNW96o2lRmST_1741910757_195799636_sentence_segment.wav",One day as Max with rare oʊ played he discovered a hidden path,"One day, as Max played, he discovered a hidden path."
"/Users/liu.ying/University of Florida/Leite,Walter - Storiza Corpus Spring 2025/Storiza_Participant_Recording_05-30-25/annotated_sentence_segments/uid_IxbpyVeneRWBOVT8zPZO9dPynyX2_sid_HV05en4ImNW96o2lRmST_1741910757_195799637_sentence_segment.wav",It led to a glowing tree filled with rare blue berries that would boost ih his points,It led to a glowing tree filled with rare blue berries that would boost his points.
"/Users/liu.ying/University of Florida/Leite,Walter - Storiza Corpus Spring 2025/Storiza_Participant_Recording_05-30-25/annotated_sentence_segments/uid_IxbpyVeneRWBOVT8zPZO9dPynyX2_sid_HV05en4ImNW96o2lRmST_1741910757_195799638_sentence_segment.wav",He was thrilled,He was thrilled!
"/Users/liu.ying/University of Florida/Leite,Walter - Storiza Corpus Spring 2025/Storiza_Participant_Recording_05-30-25/annotated_sentence_segments/uid_IxbpyVeneRWBOVT8zPZO9dPynyX2_sid_HV05en4ImNW96o2lRmST_1741910757_195799639_sentence_segment.wav",Max shared his exciting discovery with his friends and they all started playing together helping each other find its win the paths and treasures,"Max shared his exciting discovery with his friends, and they all started playing together, helping each other find new paths and treasures."
"/Users/liu.ying/University of Florida/Leite,Walter - Storiza Corpus Spring 2025/Storiza_Participant_Recording_05-30-25/annotated_sentence_segments/uid_IxbpyVeneRWBOVT8zPZO9dPynyX2_sid_HV05en4ImNW96o2lRmST_1741910757_195799640_sentence_segment.wav",Max's skill grew every in days went by and so did his fun,"Max's skills grew as the days went by, and so did his fun."
"/Users/liu.ying/University of Florida/Leite,Walter - Storiza Corpus Spring 2025/Storiza_Participant_Recording_05-30-25/annotated_sentence_segments/uid_IxbpyVeneRWBOVT8zPZO9dPynyX2_sid_HV05en4ImNW96o2lRmST_1741910757_195799641_sentence_segment.wav",Video games were not just vee games they were adventures waiting to unfold with every lee level əm bringing something new,"Video games were not just games; they were adventures waiting to unfold, with every level bringing something new."
"/Users/liu.ying/University of Florida/Leite,Walter - Storiza Corpus Spring 2025/Storiza_Participant_Recording_05-30-25/annotated_sentence_segments/uid_IxbpyVeneRWBOVT8zPZO9dPynyX2_sid_HV05en4ImNW96o2lRmST_1741910757_195799642_sentence_segment.wav",Max knew he had found a hobby that would keep him entertains to think creative,Max knew he had found a hobby that would keep him entertained and thinking creatively.
"/Users/liu.ying/University of Florida/Leite,Walter - Storiza Corpus Spring 2025/Storiza_Participant_Recording_05-30-25/annotated_sentence_segments/uid_u2hytH2KWIS6ewdShfEZisygqIo2_sid_OYMPtsAm5CltlmZDwKKI_1741483914_195799643_sentence_segment.wav",Mark and Lauren were making parts for a pie,Mark and Lorna were making parts for a pie.
"/Users/liu.ying/University of Florida/Leite,Walter - Storiza Corpus Spring 2025/Storiza_Participant_Recording_05-30-25/annotated_sentence_segments/uid_u2hytH2KWIS6ewdShfEZisygqIo2_sid_OYMPtsAm5CltlmZDwKKI_1741483914_195799644_sentence_segment.wav",First they cut an apple into fourths,"First, they cut an apple into fourths."
"/Users/liu.ying/University of Florida/Leite,Walter - Storiza Corpus Spring 2025/Storiza_Participant_Recording_05-30-25/annotated_sentence_segments/uid_u2hytH2KWIS6ewdShfEZisygqIo2_sid_OYMPtsAm5CltlmZDwKKI_1741483914_195799645_sentence_segment.wav",p:ark gave a tʃ:ɑ|p then Lauren chopped,"Mark gave a chop, then Lorna chopped."
"/Users/liu.ying/University of Florida/Leite,Walter - Storiza Corpus Spring 2025/Storiza_Participant_Recording_05-30-25/annotated_sentence_segments/uid_u2hytH2KWIS6ewdShfEZisygqIo2_sid_OYMPtsAm5CltlmZDwKKI_1741483914_195799646_sentence_segment.wav",Next eɪ pɔɹtɛd some juice over the ,"Next, they poured some juice over the pieces."
"/Users/liu.ying/University of Florida/Leite,Walter - Storiza Corpus Spring 2025/Storiza_Participant_Recording_05-30-25/annotated_sentence_segments/uid_u2hytH2KWIS6ewdShfEZisygqIo2_sid_OYMPtsAm5CltlmZDwKKI_1741483914_195799647_sentence_segment.wav",Now for thirds said Mark as he slice the pie into thirds,"""Now for thirds,"" said Mark as he sliced the pie into thirds."
"/Users/liu.ying/University of Florida/Leite,Walter - Storiza Corpus Spring 2025/Storiza_Participant_Recording_05-30-25/annotated_sentence_segments/uid_u2hytH2KWIS6ewdShfEZisygqIo2_sid_OYMPtsAm5CltlmZDwKKI_1741483914_195799648_sentence_segment.wav",After working together the tæs was done wɪs smiles,"After working together, the task was done with smiles."
"/Users/liu.ying/University of Florida/Leite,Walter - Storiza Corpus Spring 2025/Storiza_Participant_Recording_05-30-25/annotated_sentence_segments/uid_u2hytH2KWIS6ewdShfEZisygqIo2_sid_OYMPtsAm5CltlmZDwKKI_1741483914_195799649_sentence_segment.wav",They had created a perfect shape pie,"They had crafted a perfect, shared pie."
"/Users/liu.ying/University of Florida/Leite,Walter - Storiza Corpus Spring 2025/Storiza_Participant_Recording_05-30-25/annotated_sentence_segments/uid_u2hytH2KWIS6ewdShfEZisygqIo2_sid_OYMPtsAm5CltlmZDwKKI_1741483914_195799650_sentence_segment.wav",Now they could enjoy the f:ruit of their læmbɔr,"Now, they could enjoy the fruits of their labor."
"/Users/liu.ying/University of Florida/Leite,Walter - Storiza Corpus Spring 2025/Storiza_Participant_Recording_05-30-25/annotated_sentence_segments/uid_qgT735VZ7OPJmWzvIgZGZAchHgD2_sid_16P17noOcmpEnO20pHgy_1742416351_195799651_sentence_segment.wav",Jill loved loved basketball,Jill loved basketball.
"/Users/liu.ying/University of Florida/Leite,Walter - Storiza Corpus Spring 2025/Storiza_Participant_Recording_05-30-25/annotated_sentence_segments/uid_qgT735VZ7OPJmWzvIgZGZAchHgD2_sid_16P17noOcmpEnO20pHgy_1742416351_195799652_sentence_segment.wav",She played each day hoping to improve her skills,"She played each day, hoping to improve her skills."
"/Users/liu.ying/University of Florida/Leite,Walter - Storiza Corpus Spring 2025/Storiza_Participant_Recording_05-30-25/annotated_sentence_segments/uid_qgT735VZ7OPJmWzvIgZGZAchHgD2_sid_16P17noOcmpEnO20pHgy_1742416351_195799653_sentence_segment.wav",Her best friend Mia would cheer and shoo shout You can do it Jill,"Her best friend, Mia, would cheer and shout, ""You can do it, Jill!"""
"/Users/liu.ying/University of Florida/Leite,Walter - Storiza Corpus Spring 2025/Storiza_Participant_Recording_05-30-25/annotated_sentence_segments/uid_qgT735VZ7OPJmWzvIgZGZAchHgD2_sid_16P17noOcmpEnO20pHgy_1742416351_195799654_sentence_segment.wav",Every game Jill got better,"Every game, Jill got better."
"/Users/liu.ying/University of Florida/Leite,Walter - Storiza Corpus Spring 2025/Storiza_Participant_Recording_05-30-25/annotated_sentence_segments/uid_qgT735VZ7OPJmWzvIgZGZAchHgD2_sid_16P17noOcmpEnO20pHgy_1742416351_195799655_sentence_segment.wav",One summer day Jill joined a big match,"One sunny day, Jill joined a big match."
"/Users/liu.ying/University of Florida/Leite,Walter - Storiza Corpus Spring 2025/Storiza_Participant_Recording_05-30-25/annotated_sentence_segments/uid_qgT735VZ7OPJmWzvIgZGZAchHgD2_sid_16P17noOcmpEnO20pHgy_1742416351_195799656_sentence_segment.wav",She was nervous but determined ditɝmɪnd,She was nervous but determined.
"/Users/liu.ying/University of Florida/Leite,Walter - Storiza Corpus Spring 2025/Storiza_Participant_Recording_05-30-25/annotated_sentence_segments/uid_qgT735VZ7OPJmWzvIgZGZAchHgD2_sid_16P17noOcmpEnO20pHgy_1742416351_195799657_sentence_segment.wav",as At first the ball did not go where she aimed,"At first, the ball did not go where she aimed."
"/Users/liu.ying/University of Florida/Leite,Walter - Storiza Corpus Spring 2025/Storiza_Participant_Recording_05-30-25/annotated_sentence_segments/uid_qgT735VZ7OPJmWzvIgZGZAchHgD2_sid_16P17noOcmpEnO20pHgy_1742416351_195799658_sentence_segment.wav",But soon Jill found her rhythm,"But soon, Jill found her rhythm."
"/Users/liu.ying/University of Florida/Leite,Walter - Storiza Corpus Spring 2025/Storiza_Participant_Recording_05-30-25/annotated_sentence_segments/uid_qgT735VZ7OPJmWzvIgZGZAchHgD2_sid_16P17noOcmpEnO20pHgy_1742416351_195799659_sentence_segment.wav",She dribbled with easy move moved past the other team and made a great shoot,"She dribbled with ease, moved past the other team, and made a great shot."
"/Users/liu.ying/University of Florida/Leite,Walter - Storiza Corpus Spring 2025/Storiza_Participant_Recording_05-30-25/annotated_sentence_segments/uid_qgT735VZ7OPJmWzvIgZGZAchHgD2_sid_16P17noOcmpEnO20pHgy_1742416351_195799660_sentence_segment.wav",The crowd cheered loudly,The crowd cheered loudly.
"/Users/liu.ying/University of Florida/Leite,Walter - Storiza Corpus Spring 2025/Storiza_Participant_Recording_05-30-25/annotated_sentence_segments/uid_qgT735VZ7OPJmWzvIgZGZAchHgD2_sid_16P17noOcmpEnO20pHgy_1742416351_195799661_sentence_segment.wav",In the end Jill's team won by just one point,"In the end, Jill's team won by just one point."
"/Users/liu.ying/University of Florida/Leite,Walter - Storiza Corpus Spring 2025/Storiza_Participant_Recording_05-30-25/annotated_sentence_segments/uid_qgT735VZ7OPJmWzvIgZGZAchHgD2_sid_16P17noOcmpEnO20pHgy_1742416351_195799662_sentence_segment.wav",Jill ch Jill's heart was full of joy,Jill's heart was full of joy.
"/Users/liu.ying/University of Florida/Leite,Walter - Storiza Corpus Spring 2025/Storiza_Participant_Recording_05-30-25/annotated_sentence_segments/uid_qgT735VZ7OPJmWzvIgZGZAchHgD2_sid_16P17noOcmpEnO20pHgy_1742416351_195799663_sentence_segment.wav",The coach said Jill you played with heart and skill,"The coach said, ""Jill, you played with heart and skill."
"/Users/liu.ying/University of Florida/Leite,Walter - Storiza Corpus Spring 2025/Storiza_Participant_Recording_05-30-25/annotated_sentence_segments/uid_qgT735VZ7OPJmWzvIgZGZAchHgD2_sid_16P17noOcmpEnO20pHgy_1742416351_195799664_sentence_segment.wav",Well done,"Well done!"""
"/Users/liu.ying/University of Florida/Leite,Walter - Storiza Corpus Spring 2025/Storiza_Participant_Recording_05-30-25/annotated_sentence_segments/uid_qgT735VZ7OPJmWzvIgZGZAchHgD2_sid_16P17noOcmpEnO20pHgy_1742416351_195799665_sentence_segment.wav",Mia gave Jill a hug saying I knew you could do it,"Mia gave Jill a hug, saying, ""I knew you could do it!"""
"/Users/liu.ying/University of Florida/Leite,Walter - Storiza Corpus Spring 2025/Storiza_Participant_Recording_05-30-25/annotated_sentence_segments/uid_qgT735VZ7OPJmWzvIgZGZAchHgD2_sid_16P17noOcmpEnO20pHgy_1742416351_195799666_sentence_segment.wav",Jill learned that practice and bul  buh bul is that pelief belief mind all the dɪfəɹənsis,Jill learned that practice and belief made all the difference.
"/Users/liu.ying/University of Florida/Leite,Walter - Storiza Corpus Spring 2025/Storiza_Participant_Recording_05-30-25/annotated_sentence_segments/uid_qgT735VZ7OPJmWzvIgZGZAchHgD2_sid_16P17noOcmpEnO20pHgy_1742416351_195799667_sentence_segment.wav",Shee wud proud She was proud of herself and looking farluhnwhy faarend to play again,She was proud of herself and looked forward to playing again.
"/Users/liu.ying/University of Florida/Leite,Walter - Storiza Corpus Spring 2025/Storiza_Participant_Recording_05-30-25/annotated_sentence_segments/uid_sHl4il5Li8NKe5aMecUSJyXBFco2_sid_mg0Ugb9lQpWp0xhWl9aX_1742740162_195799668_sentence_segment.wav",-on upon a time time a cute bunny neɪ:md leɪlə lived lived in in a lipi green forest,"Once upon a time, a cute bunny named Lila lived in a leafy, green forest."
"/Users/liu.ying/University of Florida/Leite,Walter - Storiza Corpus Spring 2025/Storiza_Participant_Recording_05-30-25/annotated_sentence_segments/uid_sHl4il5Li8NKe5aMecUSJyXBFco2_sid_mg0Ugb9lQpWp0xhWl9aX_1742740162_195799669_sentence_segment.wav",Lilla loved lovedto lɑɪlə: loved to to hop ʌʔ lively through the woods  day,Lila loved to hop lively through the woods every day.
"/Users/liu.ying/University of Florida/Leite,Walter - Storiza Corpus Spring 2025/Storiza_Participant_Recording_05-30-25/annotated_sentence_segments/uid_sHl4il5Li8NKe5aMecUSJyXBFco2_sid_mg0Ugb9lQpWp0xhWl9aX_1742740162_195799670_sentence_segment.wav",She bounced laɪtli: over over the zɔf mɑ.mɑsi ground,"She bounced lightly over the soft, mossy ground."
"/Users/liu.ying/University of Florida/Leite,Walter - Storiza Corpus Spring 2025/Storiza_Participant_Recording_05-30-25/annotated_sentence_segments/uid_sHl4il5Li8NKe5aMecUSJyXBFco2_sid_mg0Ugb9lQpWp0xhWl9aX_1742740162_195799671_sentence_segment.wav",her days days were filled filled with endless play chasing chasing the sunlight sunlight and curling curling up warmly at night,"Her days were filled with endless play, chasing the sunlight and curling up warmly at night."
"/Users/liu.ying/University of Florida/Leite,Walter - Storiza Corpus Spring 2025/Storiza_Participant_Recording_05-30-25/annotated_sentence_segments/uid_sHl4il5Li8NKe5aMecUSJyXBFco2_sid_mg0Ugb9lQpWp0xhWl9aX_1742740162_195799672_sentence_segment.wav",One sunny sunny morning Lila explored ə.ə new path that led uhher to to a lovely hidden meadow,"One sunny morning, Lila explored a new path that led her to a lovely, hidden meadow."
"/Users/liu.ying/University of Florida/Leite,Walter - Storiza Corpus Spring 2025/Storiza_Participant_Recording_05-30-25/annotated_sentence_segments/uid_sHl4il5Li8NKe5aMecUSJyXBFco2_sid_mg0Ugb9lQpWp0xhWl9aX_1742740162_195799673_sentence_segment.wav",The The meadow was gently dotted dotted with kʌləfəl flowers,The meadow was gently dotted with colorful flowers.
"/Users/liu.ying/University of Florida/Leite,Walter - Storiza Corpus Spring 2025/Storiza_Participant_Recording_05-30-25/annotated_sentence_segments/uid_sHl4il5Li8NKe5aMecUSJyXBFco2_sid_mg0Ugb9lQpWp0xhWl9aX_1742740162_195799674_sentence_segment.wav",Lih...Lila's taɪnli nose twitched happily happily as as she jump briskly from flower to flower,Lila's tiny nose twitched happily as she jumped briskly from flower to flower.
"/Users/liu.ying/University of Florida/Leite,Walter - Storiza Corpus Spring 2025/Storiza_Participant_Recording_05-30-25/annotated_sentence_segments/uid_sHl4il5Li8NKe5aMecUSJyXBFco2_sid_mg0Ugb9lQpWp0xhWl9aX_1742740162_195799675_sentence_segment.wav",She felt felt truly delighted by herruh discovery,She felt truly delighted by her discovery.
"/Users/liu.ying/University of Florida/Leite,Walter - Storiza Corpus Spring 2025/Storiza_Participant_Recording_05-30-25/annotated_sentence_segments/uid_sHl4il5Li8NKe5aMecUSJyXBFco2_sid_mg0Ugb9lQpWp0xhWl9aX_1742740162_195799676_sentence_segment.wav",æzə 'dʌkul approach it was time to  back,"As dusk approached, it was time to head back."
"/Users/liu.ying/University of Florida/Leite,Walter - Storiza Corpus Spring 2025/Storiza_Participant_Recording_05-30-25/annotated_sentence_segments/uid_sHl4il5Li8NKe5aMecUSJyXBFco2_sid_mg0Ugb9lQpWp0xhWl9aX_1742740162_195799677_sentence_segment.wav",The The path was quiet|ly thpath home home was quietly peaceful,The path home was quietly peaceful.
"/Users/liu.ying/University of Florida/Leite,Walter - Storiza Corpus Spring 2025/Storiza_Participant_Recording_05-30-25/annotated_sentence_segments/uid_sHl4il5Li8NKe5aMecUSJyXBFco2_sid_mg0Ugb9lQpWp0xhWl9aX_1742740162_195799678_sentence_segment.wav",liðə Lily hopped down slowly sɛvɚiŋ each moment ʌndɚə the glow of the moon,"Lila hopped slowly, savoring each moment under the glow of the moon."
"/Users/liu.ying/University of Florida/Leite,Walter - Storiza Corpus Spring 2025/Storiza_Participant_Recording_05-30-25/annotated_sentence_segments/uid_sHl4il5Li8NKe5aMecUSJyXBFco2_sid_mg0Ugb9lQpWp0xhWl9aX_1742740162_195799679_sentence_segment.wav",Tired yet ful:...filled she nɛzld kʌmftɚbl:i to her furry bed dreams swaying to her sleep softly,"Tired, yet fulfilled, she nestled comfortably in her furry bed, dreams swaying her to sleep softly."
"/Users/liu.ying/University of Florida/Leite,Walter - Storiza Corpus Spring 2025/Storiza_Participant_Recording_05-30-25/annotated_sentence_segments/uid_sHl4il5Li8NKe5aMecUSJyXBFco2_sid_mg0Ugb9lQpWp0xhWl9aX_1742740162_195799680_sentence_segment.wav",And so which with each twilight lilə returned returned to her lovely meadow a place where də|laɪtfəl dreams would would lightly flʌɚ through her sleep mind,"And so, with each twilight, Lila returned to her lovely meadow, a place where delightful dreams would lightly flutter through her sleepy mind."
"/Users/liu.ying/University of Florida/Leite,Walter - Storiza Corpus Spring 2025/Storiza_Participant_Recording_05-30-25/annotated_sentence_segments/uid_WXRuAJyMuAViHCpYPRVffOrexB03_sid_bq1I40IRipJTvbMVsQoS_1742945295_195799681_sentence_segment.wav",Flax A cat named  felt cold in a brisk w:ɪnd,A cat named Flax felt cold in a brisk wind.
"/Users/liu.ying/University of Florida/Leite,Walter - Storiza Corpus Spring 2025/Storiza_Participant_Recording_05-30-25/annotated_sentence_segments/uid_WXRuAJyMuAViHCpYPRVffOrexB03_sid_bq1I40IRipJTvbMVsQoS_1742945295_195799682_sentence_segment.wav",Flax re|d red ran fæs:t pæ:st Gregst stand,Flax ran fast past Grant's stand.
"/Users/liu.ying/University of Florida/Leite,Walter - Storiza Corpus Spring 2025/Storiza_Participant_Recording_05-30-25/annotated_sentence_segments/uid_WXRuAJyMuAViHCpYPRVffOrexB03_sid_bq1I40IRipJTvbMVsQoS_1742945295_195799683_sentence_segment.wav",Spot the dog b.bəh.bɑɹkt did done done dit buh briss mʔm but b|ʌ|t but did nɒ|t briss h|ah|luhst l.lap halst halst halst,"Spot, the dog, barked but did not halt."
"/Users/liu.ying/University of Florida/Leite,Walter - Storiza Corpus Spring 2025/Storiza_Participant_Recording_05-30-25/annotated_sentence_segments/uid_WXRuAJyMuAViHCpYPRVffOrexB03_sid_bq1I40IRipJTvbMVsQoS_1742945295_195799684_sentence_segment.wav",vlæk found a snʌ|g red cap in a bɐ|ks,Flax found a snug red cap in a box.
"/Users/liu.ying/University of Florida/Leite,Walter - Storiza Corpus Spring 2025/Storiza_Participant_Recording_05-30-25/annotated_sentence_segments/uid_WXRuAJyMuAViHCpYPRVffOrexB03_sid_bq1I40IRipJTvbMVsQoS_1742945295_195799685_sentence_segment.wav",The cap was so snug Flax the danced on in thick mats,"The cap was so snug, Flax danced on thick mats."
"/Users/liu.ying/University of Florida/Leite,Walter - Storiza Corpus Spring 2025/Storiza_Participant_Recording_05-30-25/annotated_sentence_segments/uid_WXRuAJyMuAViHCpYPRVffOrexB03_sid_bq1I40IRipJTvbMVsQoS_1742945295_195799686_sentence_segment.wav",n: nev n oo n|ah|w nou n|nah aʊ naʊ well w w|ah|m: no wɔɹm wɔɹm Now warm Flax napped  sat sleeped under the sun,"Now warm, Flax slept under the sun."
"/Users/liu.ying/University of Florida/Leite,Walter - Storiza Corpus Spring 2025/Storiza_Participant_Recording_05-30-25/annotated_sentence_segments/uid_ejZWulX03uRlAA3C5VqYK6jKNYs1_sid_LUuTijhm7jsKH4nsoD5d_1741133671_195799687_sentence_segment.wav",Timmy loved Dum Dums,Timmy loved Dum Dums.
"/Users/liu.ying/University of Florida/Leite,Walter - Storiza Corpus Spring 2025/Storiza_Participant_Recording_05-30-25/annotated_sentence_segments/uid_ejZWulX03uRlAA3C5VqYK6jKNYs1_sid_LUuTijhm7jsKH4nsoD5d_1741133671_195799688_sentence_segment.wav",He thought they were the best candy ever,He thought they were the best candy ever.
"/Users/liu.ying/University of Florida/Leite,Walter - Storiza Corpus Spring 2025/Storiza_Participant_Recording_05-30-25/annotated_sentence_segments/uid_ejZWulX03uRlAA3C5VqYK6jKNYs1_sid_LUuTijhm7jsKH4nsoD5d_1741133671_195799689_sentence_segment.wav",One sunny day Timmy found a huge jar of Dum Dums in the in the corner of his room,"One sunny day, Timmy found a huge jar of Dum Dums in the corner of his room."
"/Users/liu.ying/University of Florida/Leite,Walter - Storiza Corpus Spring 2025/Storiza_Participant_Recording_05-30-25/annotated_sentence_segments/uid_ejZWulX03uRlAA3C5VqYK6jKNYs1_sid_LUuTijhm7jsKH4nsoD5d_1741133671_195799690_sentence_segment.wav",He was happier than ever,He was happier than ever.
"/Users/liu.ying/University of Florida/Leite,Walter - Storiza Corpus Spring 2025/Storiza_Participant_Recording_05-30-25/annotated_sentence_segments/uid_ejZWulX03uRlAA3C5VqYK6jKNYs1_sid_LUuTijhm7jsKH4nsoD5d_1741133671_195799691_sentence_segment.wav",Timmy wanted to share the Dum Dums with his friends,Timmy wanted to share the Dum Dums with his friends.
"/Users/liu.ying/University of Florida/Leite,Walter - Storiza Corpus Spring 2025/Storiza_Participant_Recording_05-30-25/annotated_sentence_segments/uid_ejZWulX03uRlAA3C5VqYK6jKNYs1_sid_LUuTijhm7jsKH4nsoD5d_1741133671_195799692_sentence_segment.wav",He called them over and they gathered around the colorful jar,He called them over and they gathered around the colorful jar.
"/Users/liu.ying/University of Florida/Leite,Walter - Storiza Corpus Spring 2025/Storiza_Participant_Recording_05-30-25/annotated_sentence_segments/uid_ejZWulX03uRlAA3C5VqYK6jKNYs1_sid_LUuTijhm7jsKH4nsoD5d_1741133671_195799693_sentence_segment.wav",Each friend took a Dum Dum and smiled,Each friend took a Dum Dum and smiled.
"/Users/liu.ying/University of Florida/Leite,Walter - Storiza Corpus Spring 2025/Storiza_Participant_Recording_05-30-25/annotated_sentence_segments/uid_ejZWulX03uRlAA3C5VqYK6jKNYs1_sid_LUuTijhm7jsKH4nsoD5d_1741133671_195799694_sentence_segment.wav",These are the tastiest treats Sarah seh said Sarah,"""These are the tastiest treats!"", said Sarah."
"/Users/liu.ying/University of Florida/Leite,Walter - Storiza Corpus Spring 2025/Storiza_Participant_Recording_05-30-25/annotated_sentence_segments/uid_ejZWulX03uRlAA3C5VqYK6jKNYs1_sid_LUuTijhm7jsKH4nsoD5d_1741133671_195799695_sentence_segment.wav",The friends played games to see who could finish their Dum Dum faster,The friends played games to see who could finish their Dum Dum faster.
"/Users/liu.ying/University of Florida/Leite,Walter - Storiza Corpus Spring 2025/Storiza_Participant_Recording_05-30-25/annotated_sentence_segments/uid_ejZWulX03uRlAA3C5VqYK6jKNYs1_sid_LUuTijhm7jsKH4nsoD5d_1741133671_195799696_sentence_segment.wav",It was the funniest day ever,It was the funniest day ever.
"/Users/liu.ying/University of Florida/Leite,Walter - Storiza Corpus Spring 2025/Storiza_Participant_Recording_05-30-25/annotated_sentence_segments/uid_ejZWulX03uRlAA3C5VqYK6jKNYs1_sid_LUuTijhm7jsKH4nsoD5d_1741133671_195799697_sentence_segment.wav",They laughed and played until the sun began to set,They laughed and played until the sun began to set.
"/Users/liu.ying/University of Florida/Leite,Walter - Storiza Corpus Spring 2025/Storiza_Participant_Recording_05-30-25/annotated_sentence_segments/uid_ejZWulX03uRlAA3C5VqYK6jKNYs1_sid_LUuTijhm7jsKH4nsoD5d_1741133671_195799698_sentence_segment.wav",Soon it was time for the friends to go home,"Soon, it was time for the friends to go home."
"/Users/liu.ying/University of Florida/Leite,Walter - Storiza Corpus Spring 2025/Storiza_Participant_Recording_05-30-25/annotated_sentence_segments/uid_ejZWulX03uRlAA3C5VqYK6jKNYs1_sid_LUuTijhm7jsKH4nsoD5d_1741133671_195799699_sentence_segment.wav",Timmy waved goodbye and promised Next time I'll have even more Dum Dums,"Timmy waved goodbye and promised, ""Next time, I'll have even more Dum Dums!"""
"/Users/liu.ying/University of Florida/Leite,Walter - Storiza Corpus Spring 2025/Storiza_Participant_Recording_05-30-25/annotated_sentence_segments/uid_ejZWulX03uRlAA3C5VqYK6jKNYs1_sid_LUuTijhm7jsKH4nsoD5d_1741133671_195799700_sentence_segment.wav",Timmy was tired but proud,Timmy was tired but proud.
"/Users/liu.ying/University of Florida/Leite,Walter - Storiza Corpus Spring 2025/Storiza_Participant_Recording_05-30-25/annotated_sentence_segments/uid_ejZWulX03uRlAA3C5VqYK6jKNYs1_sid_LUuTijhm7jsKH4nsoD5d_1741133671_195799701_sentence_segment.wav",He felt like the best friend ever because he shared his favorite treats,He felt like the best friend ever because he shared his favorite treats.
"/Users/liu.ying/University of Florida/Leite,Walter - Storiza Corpus Spring 2025/Storiza_Participant_Recording_05-30-25/annotated_sentence_segments/uid_ejZWulX03uRlAA3C5VqYK6jKNYs1_sid_LUuTijhm7jsKH4nsoD5d_1741133671_195799702_sentence_segment.wav",As he drifted off to sleep he dreamed of sweet colorful Dum Dums and fun days with hiθ flɛndz,"As he drifted off to sleep, he dreamed of sweet, colorful Dum Dums and fun days with his friends."
"/Users/liu.ying/University of Florida/Leite,Walter - Storiza Corpus Spring 2025/Storiza_Participant_Recording_05-30-25/annotated_sentence_segments/uid_ejZWulX03uRlAA3C5VqYK6jKNYs1_sid_LUuTijhm7jsKH4nsoD5d_1741133671_195799703_sentence_segment.wav",The end,The end.
"/Users/liu.ying/University of Florida/Leite,Walter - Storiza Corpus Spring 2025/Storiza_Participant_Recording_05-30-25/annotated_sentence_segments/uid_sHl4il5Li8NKe5aMecUSJyXBFco2_sid_yHl0ErSvLJToSxLcmZqU_1741190708_195799704_sentence_segment.wav",In a small kah town there are many cats,"In a small town, there were many cats."
"/Users/liu.ying/University of Florida/Leite,Walter - Storiza Corpus Spring 2025/Storiza_Participant_Recording_05-30-25/annotated_sentence_segments/uid_sHl4il5Li8NKe5aMecUSJyXBFco2_sid_yHl0ErSvLJToSxLcmZqU_1741190708_195799705_sentence_segment.wav",Each day the cat would play in bright sunlight gardens,"Each day, the cats would play in bright, sunlit gardens."
"/Users/liu.ying/University of Florida/Leite,Walter - Storiza Corpus Spring 2025/Storiza_Participant_Recording_05-30-25/annotated_sentence_segments/uid_sHl4il5Li8NKe5aMecUSJyXBFco2_sid_yHl0ErSvLJToSxLcmZqU_1741190708_195799706_sentence_segment.wav",wɪskər:z a fluffy kah black cat loved to chase butterflies,"Whiskers, a fluffy black cat, loved to chase butterflies."
"/Users/liu.ying/University of Florida/Leite,Walter - Storiza Corpus Spring 2025/Storiza_Participant_Recording_05-30-25/annotated_sentence_segments/uid_sHl4il5Li8NKe5aMecUSJyXBFco2_sid_yHl0ErSvLJToSxLcmZqU_1741190708_195799707_sentence_segment.wav",Her friend Spot would dart and dash between tall grasses his white tail flicking with joy,"Her friend, Spot, would dart and dash between tall grasses, his white tail flicking with joy."
"/Users/liu.ying/University of Florida/Leite,Walter - Storiza Corpus Spring 2025/Storiza_Participant_Recording_05-30-25/annotated_sentence_segments/uid_sHl4il5Li8NKe5aMecUSJyXBFco2_sid_yHl0ErSvLJToSxLcmZqU_1741190708_195799708_sentence_segment.wav",One suneh sunny morning wɪs|kərz and Spot noticed a newcomer a shy cat named Paws,"One sunny morning, Whiskers and Spot noticed a newcomer, a shy cat named Paws."
"/Users/liu.ying/University of Florida/Leite,Walter - Storiza Corpus Spring 2025/Storiza_Participant_Recording_05-30-25/annotated_sentence_segments/uid_sHl4il5Li8NKe5aMecUSJyXBFco2_sid_yHl0ErSvLJToSxLcmZqU_1741190708_195799709_sentence_segment.wav",Paws was alone by the fences watching other cats,"Paws was alone by the fences, watching the other cats."
"/Users/liu.ying/University of Florida/Leite,Walter - Storiza Corpus Spring 2025/Storiza_Participant_Recording_05-30-25/annotated_sentence_segments/uid_sHl4il5Li8NKe5aMecUSJyXBFco2_sid_yHl0ErSvLJToSxLcmZqU_1741190708_195799710_sentence_segment.wav",Let's play Paw lɛts ask Paws to play said Whiskers,"""Let's ask Paws to play!"" said Whiskers."
"/Users/liu.ying/University of Florida/Leite,Walter - Storiza Corpus Spring 2025/Storiza_Participant_Recording_05-30-25/annotated_sentence_segments/uid_sHl4il5Li8NKe5aMecUSJyXBFco2_sid_yHl0ErSvLJToSxLcmZqU_1741190708_195799711_sentence_segment.wav",Spot agreed with a quick nod his nose twitching with excitement,"Spot agreed with a quick nod, his nose twitching with excitement."
"/Users/liu.ying/University of Florida/Leite,Walter - Storiza Corpus Spring 2025/Storiza_Participant_Recording_05-30-25/annotated_sentence_segments/uid_sHl4il5Li8NKe5aMecUSJyXBFco2_sid_yHl0ErSvLJToSxLcmZqU_1741190708_195799712_sentence_segment.wav",They approach Paws with friendly pɜɹ:z,They approached Paws with friendly purrs.
"/Users/liu.ying/University of Florida/Leite,Walter - Storiza Corpus Spring 2025/Storiza_Participant_Recording_05-30-25/annotated_sentence_segments/uid_sHl4il5Li8NKe5aMecUSJyXBFco2_sid_yHl0ErSvLJToSxLcmZqU_1741190708_195799713_sentence_segment.wav",Would you like to play with əs: Spot asked his eyes sparkling,"""Would you like to play with us?"" Spot asked, his eyes sparkling."
"/Users/liu.ying/University of Florida/Leite,Walter - Storiza Corpus Spring 2025/Storiza_Participant_Recording_05-30-25/annotated_sentence_segments/uid_sHl4il5Li8NKe5aMecUSJyXBFco2_sid_yHl0ErSvLJToSxLcmZqU_1741190708_195799714_sentence_segment.wav",Paws a little nervously nervous nodded slowly,"Paws, a little nervous, nodded slowly."
"/Users/liu.ying/University of Florida/Leite,Walter - Storiza Corpus Spring 2025/Storiza_Participant_Recording_05-30-25/annotated_sentence_segments/uid_sHl4il5Li8NKe5aMecUSJyXBFco2_sid_yHl0ErSvLJToSxLcmZqU_1741190708_195799715_sentence_segment.wav",Together they chased bouncing leaves over lee and leaped over a tiny boxes scattering in the garden,"Together, they chased bouncing leaves and leaped over tiny boxes scattered in the garden."
"/Users/liu.ying/University of Florida/Leite,Walter - Storiza Corpus Spring 2025/Storiza_Participant_Recording_05-30-25/annotated_sentence_segments/uid_sHl4il5Li8NKe5aMecUSJyXBFco2_sid_yHl0ErSvLJToSxLcmZqU_1741190708_195799716_sentence_segment.wav",As the sun began to set three cats kwah sat quietly their eyes following the skaɪ chasing colors,"As the sun began to set, the three cats sat quietly, their eyes following the sky's changing colors."
"/Users/liu.ying/University of Florida/Leite,Walter - Storiza Corpus Spring 2025/Storiza_Participant_Recording_05-30-25/annotated_sentence_segments/uid_sHl4il5Li8NKe5aMecUSJyXBFco2_sid_yHl0ErSvLJToSxLcmZqU_1741190708_195799717_sentence_segment.wav",Today was fun Paws whisper whispered softly,"""Today was fun,"" Paws whispered softly."
"/Users/liu.ying/University of Florida/Leite,Walter - Storiza Corpus Spring 2025/Storiza_Participant_Recording_05-30-25/annotated_sentence_segments/uid_sHl4il5Li8NKe5aMecUSJyXBFco2_sid_yHl0ErSvLJToSxLcmZqU_1741190708_195799718_sentence_segment.wav",Whiskers and Spot both me meowed in agreement,Whiskers and Spot both meowed in agreement.
"/Users/liu.ying/University of Florida/Leite,Walter - Storiza Corpus Spring 2025/Storiza_Participant_Recording_05-30-25/annotated_sentence_segments/uid_sHl4il5Li8NKe5aMecUSJyXBFco2_sid_yHl0ErSvLJToSxLcmZqU_1741190708_195799719_sentence_segment.wav",They promised to play together the nɛks day,They promised to play together the next day.
"/Users/liu.ying/University of Florida/Leite,Walter - Storiza Corpus Spring 2025/Storiza_Participant_Recording_05-30-25/annotated_sentence_segments/uid_sHl4il5Li8NKe5aMecUSJyXBFco2_sid_yHl0ErSvLJToSxLcmZqU_1741190708_195799720_sentence_segment.wav",From then on Whiskers Spot and Paws were the best of friends always running playing and sharing happy moments as each day passed,"From then on, Whiskers, Spot, and Paws were the best of friends, always running, playing, and sharing happy moments as each day passed."
"/Users/liu.ying/University of Florida/Leite,Walter - Storiza Corpus Spring 2025/Storiza_Participant_Recording_05-30-25/annotated_sentence_segments/uid_sHl4il5Li8NKe5aMecUSJyXBFco2_sid_yHl0ErSvLJToSxLcmZqU_1741190708_195799721_sentence_segment.wav",Their laughter and joy eechoed echoed through the gardens a reminder of their special friendship,"Their laughter and joy echoed through the gardens, a reminder of their special friendship."
"/Users/liu.ying/University of Florida/Leite,Walter - Storiza Corpus Spring 2025/Storiza_Participant_Recording_05-30-25/annotated_sentence_segments/uid_Sn3Nw7A3OmOkiMXEFjEyRusLuuo2_sid_DJH2z7TGCjAyWs5LLu47_1741223656_195799722_sentence_segment.wav",Once pɑn and heeih h.ho Hughie had cats,"Once, Po and Hughie had cats."
"/Users/liu.ying/University of Florida/Leite,Walter - Storiza Corpus Spring 2025/Storiza_Participant_Recording_05-30-25/annotated_sentence_segments/uid_Sn3Nw7A3OmOkiMXEFjEyRusLuuo2_sid_DJH2z7TGCjAyWs5LLu47_1741223656_195799723_sentence_segment.wav",Po got the cats on a scooter,Po got the cats on a scooter.
"/Users/liu.ying/University of Florida/Leite,Walter - Storiza Corpus Spring 2025/Storiza_Participant_Recording_05-30-25/annotated_sentence_segments/uid_Sn3Nw7A3OmOkiMXEFjEyRusLuuo2_sid_DJH2z7TGCjAyWs5LLu47_1741223656_195799724_sentence_segment.wav",Hugh Hughie dressed does ga|mes gymnastics,Hughie does gymnastics.
"/Users/liu.ying/University of Florida/Leite,Walter - Storiza Corpus Spring 2025/Storiza_Participant_Recording_05-30-25/annotated_sentence_segments/uid_Sn3Nw7A3OmOkiMXEFjEyRusLuuo2_sid_DJH2z7TGCjAyWs5LLu47_1741223656_195799725_sentence_segment.wav",They had fun with s ver gams gam games,They had fun with video games.
"/Users/liu.ying/University of Florida/Leite,Walter - Storiza Corpus Spring 2025/Storiza_Participant_Recording_05-30-25/annotated_sentence_segments/uid_Sn3Nw7A3OmOkiMXEFjEyRusLuuo2_sid_DJH2z7TGCjAyWs5LLu47_1741223656_195799726_sentence_segment.wav",One cat scat s|cat on the rug and the other in the s:un,"One cat sat on the rug, and the other in the sun."
"/Users/liu.ying/University of Florida/Leite,Walter - Storiza Corpus Spring 2025/Storiza_Participant_Recording_05-30-25/annotated_sentence_segments/uid_Sn3Nw7A3OmOkiMXEFjEyRusLuuo2_sid_DJH2z7TGCjAyWs5LLu47_1741223656_195799727_sentence_segment.wav",ðe:ɪ hug dug in the tub æ:n:d swam ung dug bʌɡ|z,They dug in the tub and saw bugs.
"/Users/liu.ying/University of Florida/Leite,Walter - Storiza Corpus Spring 2025/Storiza_Participant_Recording_05-30-25/annotated_sentence_segments/uid_Sn3Nw7A3OmOkiMXEFjEyRusLuuo2_sid_DJH2z7TGCjAyWs5LLu47_1741223656_195799728_sentence_segment.wav",No bugs Po and said,"""No bugs,"" Po said."
"/Users/liu.ying/University of Florida/Leite,Walter - Storiza Corpus Spring 2025/Storiza_Participant_Recording_05-30-25/annotated_sentence_segments/uid_Sn3Nw7A3OmOkiMXEFjEyRusLuuo2_sid_DJH2z7TGCjAyWs5LLu47_1741223656_195799729_sentence_segment.wav",Cats must not hug buh: bu:s,Cats must not hug bugs!
"/Users/liu.ying/University of Florida/Leite,Walter - Storiza Corpus Spring 2025/Storiza_Participant_Recording_05-30-25/annotated_sentence_segments/uid_Sn3Nw7A3OmOkiMXEFjEyRusLuuo2_sid_DJH2z7TGCjAyWs5LLu47_1741223656_195799730_sentence_segment.wav",Let's swim Hugh: Hughie said,"""Let's swim,"" Hughie said."
"/Users/liu.ying/University of Florida/Leite,Walter - Storiza Corpus Spring 2025/Storiza_Participant_Recording_05-30-25/annotated_sentence_segments/uid_Sn3Nw7A3OmOkiMXEFjEyRusLuuo2_sid_DJH2z7TGCjAyWs5LLu47_1741223656_195799731_sentence_segment.wav",ðə: kæt͡s: and boat gymnastics mhm right must o  shum|ped jumped up and swimmed swam,The cats and boys jumped up and swam.
"/Users/liu.ying/University of Florida/Leite,Walter - Storiza Corpus Spring 2025/Storiza_Participant_Recording_05-30-25/annotated_sentence_segments/uid_Sn3Nw7A3OmOkiMXEFjEyRusLuuo2_sid_DJH2z7TGCjAyWs5LLu47_1741223656_195799732_sentence_segment.wav",The end,The end.
"/Users/liu.ying/University of Florida/Leite,Walter - Storiza Corpus Spring 2025/Storiza_Participant_Recording_05-30-25/annotated_sentence_segments/uid_TuMLdL1f2yNIrFrzMedBpwdsxCA3_sid_OZ4mLzv8qejsxep8u4E3_1744032613_195799733_sentence_segment.wav",On a sunny day dʒoʊs and tɹɪs went to the beach,"On a sunny day, Josh and Trish went to the beach."
"/Users/liu.ying/University of Florida/Leite,Walter - Storiza Corpus Spring 2025/Storiza_Participant_Recording_05-30-25/annotated_sentence_segments/uid_TuMLdL1f2yNIrFrzMedBpwdsxCA3_sid_OZ4mLzv8qejsxep8u4E3_1744032613_195799734_sentence_segment.wav",Let's s.sɝtʃ for shells Trish s|and with said with a with wish,"""Let's search for shells!"" Trish said with a wish."
"/Users/liu.ying/University of Florida/Leite,Walter - Storiza Corpus Spring 2025/Storiza_Participant_Recording_05-30-25/annotated_sentence_segments/uid_TuMLdL1f2yNIrFrzMedBpwdsxCA3_sid_OZ4mLzv8qejsxep8u4E3_1744032613_195799735_sentence_segment.wav",dʒɑs   a bag hold her hand up looking careful,"Josh grabbed a bag, while Trish held her hand up high, looking carefully."
"/Users/liu.ying/University of Florida/Leite,Walter - Storiza Corpus Spring 2025/Storiza_Participant_Recording_05-30-25/annotated_sentence_segments/uid_TuMLdL1f2yNIrFrzMedBpwdsxCA3_sid_OZ4mLzv8qejsxep8u4E3_1744032613_195799736_sentence_segment.wav",ʃi:  a and in.it to Just,She spotted a shiny shell and showed it to Josh.
"/Users/liu.ying/University of Florida/Leite,Walter - Storiza Corpus Spring 2025/Storiza_Participant_Recording_05-30-25/annotated_sentence_segments/uid_TuMLdL1f2yNIrFrzMedBpwdsxCA3_sid_OZ4mLzv8qejsxep8u4E3_1744032613_195799737_sentence_segment.wav",Look at this one ʃi: said with a smell,"""Look at this one,"" she said with a smile."
"/Users/liu.ying/University of Florida/Leite,Walter - Storiza Corpus Spring 2025/Storiza_Participant_Recording_05-30-25/annotated_sentence_segments/uid_TuMLdL1f2yNIrFrzMedBpwdsxCA3_sid_OZ4mLzv8qejsxep8u4E3_1744032613_195799738_sentence_segment.wav",The blade,The waves splashed as they played.
"/Users/liu.ying/University of Florida/Leite,Walter - Storiza Corpus Spring 2025/Storiza_Participant_Recording_05-30-25/annotated_sentence_segments/uid_mHWscHBXcoabM7fdw88AliGuPWw1_sid_EQsr4DpbhhU9H6jNAk8v_1743380887_195799739_sentence_segment.wav",In a lush glin gr.glen ðe thewas two mædʒɪ|kəl junɪgɔɹnz,"In a lush, green glen, there were two magical unicorns."
"/Users/liu.ying/University of Florida/Leite,Walter - Storiza Corpus Spring 2025/Storiza_Participant_Recording_05-30-25/annotated_sentence_segments/uid_mHWscHBXcoabM7fdw88AliGuPWw1_sid_EQsr4DpbhhU9H6jNAk8v_1743380887_195799740_sentence_segment.wav",They had a juɪkɔɹn baby with pink fluff on its t.|taɪni head,They had a unicorn baby with pink fluff on its tiny head.
"/Users/liu.ying/University of Florida/Leite,Walter - Storiza Corpus Spring 2025/Storiza_Participant_Recording_05-30-25/annotated_sentence_segments/uid_mHWscHBXcoabM7fdw88AliGuPWw1_sid_EQsr4DpbhhU9H6jNAk8v_1743380887_195799741_sentence_segment.wav",This baby had bwaɪt shining eyes and nose wuh|what twitched in excitement,"This baby had bright, shining eyes and a nose that twitched with excitement."
"/Users/liu.ying/University of Florida/Leite,Walter - Storiza Corpus Spring 2025/Storiza_Participant_Recording_05-30-25/annotated_sentence_segments/uid_mHWscHBXcoabM7fdw88AliGuPWw1_sid_EQsr4DpbhhU9H6jNAk8v_1743380887_195799742_sentence_segment.wav",The unicorn baby giggles æz: its princess princess əwaʊnd,The unicorn baby giggles as it prances around with the leaves.
"/Users/liu.ying/University of Florida/Leite,Walter - Storiza Corpus Spring 2025/Storiza_Participant_Recording_05-30-25/annotated_sentence_segments/uid_mHWscHBXcoabM7fdw88AliGuPWw1_sid_EQsr4DpbhhU9H6jNAk8v_1743380887_195799743_sentence_segment.wav",One deɪ: while jumping over tree true|aw|ts roots the unicorn  the unicorn baby discovered a pond filled with fwɑɡz,"One day, while jumping over tree roots, the unicorn baby discovered a pond filled with frogs."
"/Users/liu.ying/University of Florida/Leite,Walter - Storiza Corpus Spring 2025/Storiza_Participant_Recording_05-30-25/annotated_sentence_segments/uid_mHWscHBXcoabM7fdw88AliGuPWw1_sid_EQsr4DpbhhU9H6jNAk8v_1743380887_195799744_sentence_segment.wav",The fwɑɡs s.sæŋ and played games with the baby uicorn making the baby unicorn smile,"The frogs sang and played games, making the baby unicorn smile."
"/Users/liu.ying/University of Florida/Leite,Walter - Storiza Corpus Spring 2025/Storiza_Participant_Recording_05-30-25/annotated_sentence_segments/uid_mHWscHBXcoabM7fdw88AliGuPWw1_sid_EQsr4DpbhhU9H6jNAk8v_1743380887_195799745_sentence_segment.wav",As the sun set the unicorn baby dashed back to the nest eager t|u share its tale|s with the family,"As the sun set, the unicorn baby dashed back to the nest, eager to share its tales with the family."
"/Users/liu.ying/University of Florida/Leite,Walter - Storiza Corpus Spring 2025/Storiza_Participant_Recording_05-30-25/annotated_sentence_segments/uid_mHWscHBXcoabM7fdw88AliGuPWw1_sid_EQsr4DpbhhU9H6jNAk8v_1743380887_195799746_sentence_segment.wav",The juɪkɔɹns s|nʌɡəld close happy with and kɑnɛnt,"The unicorns snuggled close, happy and content."
"/Users/liu.ying/University of Florida/Leite,Walter - Storiza Corpus Spring 2025/Storiza_Participant_Recording_05-30-25/annotated_sentence_segments/uid_jWPmLFrSHDZItPTjjPUB8KAsjlq2_sid_3nrUiNGJJEx1MK9ktanM_1742241727_195799747_sentence_segment.wav",In a busy town a young boy named Roy loved his toy football,"In a busy town, a young boy named Roy loved his toy football."
"/Users/liu.ying/University of Florida/Leite,Walter - Storiza Corpus Spring 2025/Storiza_Participant_Recording_05-30-25/annotated_sentence_segments/uid_jWPmLFrSHDZItPTjjPUB8KAsjlq2_sid_3nrUiNGJJEx1MK9ktanM_1742241727_195799748_sentence_segment.wav",He tossed it around with joy dreaming of being a famous player,"He tossed it around with joy, dreaming of being a famous player."
"/Users/liu.ying/University of Florida/Leite,Walter - Storiza Corpus Spring 2025/Storiza_Participant_Recording_05-30-25/annotated_sentence_segments/uid_jWPmLFrSHDZItPTjjPUB8KAsjlq2_sid_3nrUiNGJJEx1MK9ktanM_1742241727_195799749_sentence_segment.wav",One day his teacher Mrs. Dol Doley tho|th It's taught taught the class about the science of football,"One day, his teacher, Mrs. Doyle, taught the class about the science of football."
"/Users/liu.ying/University of Florida/Leite,Walter - Storiza Corpus Spring 2025/Storiza_Participant_Recording_05-30-25/annotated_sentence_segments/uid_jWPmLFrSHDZItPTjjPUB8KAsjlq2_sid_3nrUiNGJJEx1MK9ktanM_1742241727_195799750_sentence_segment.wav",She explained how air inside the ball keeps it boo.|buh|yoiant bjɔɪənt and bouncy,She explained how air inside the ball keeps it buoyant and bouncy.
"/Users/liu.ying/University of Florida/Leite,Walter - Storiza Corpus Spring 2025/Storiza_Participant_Recording_05-30-25/annotated_sentence_segments/uid_jWPmLFrSHDZItPTjjPUB8KAsjlq2_sid_3nrUiNGJJEx1MK9ktanM_1742241727_195799751_sentence_segment.wav",Understanding this she said helps a player like Roy have more fun,"""Understanding this,"" she said, ""helps players like Roy have more fun."""
"/Users/liu.ying/University of Florida/Leite,Walter - Storiza Corpus Spring 2025/Storiza_Participant_Recording_05-30-25/annotated_sentence_segments/uid_jWPmLFrSHDZItPTjjPUB8KAsjlq2_sid_3nrUiNGJJEx1MK9ktanM_1742241727_195799752_sentence_segment.wav",Inspired Roy wanted to explore more,"Inspired, Roy wanted to explore more."
"/Users/liu.ying/University of Florida/Leite,Walter - Storiza Corpus Spring 2025/Storiza_Participant_Recording_05-30-25/annotated_sentence_segments/uid_jWPmLFrSHDZItPTjjPUB8KAsjlq2_sid_3nrUiNGJJEx1MK9ktanM_1742241727_195799753_sentence_segment.wav",He went to the library and borrowed books about football science,He went to the library and borrowed books about football science.
"/Users/liu.ying/University of Florida/Leite,Walter - Storiza Corpus Spring 2025/Storiza_Participant_Recording_05-30-25/annotated_sentence_segments/uid_jWPmLFrSHDZItPTjjPUB8KAsjlq2_sid_3nrUiNGJJEx1MK9ktanM_1742241727_195799754_sentence_segment.wav",Soon Roy not only played with his football but also understood how it bounced,"Soon, Roy not only played with his football but also understood how it bounced."
"/Users/liu.ying/University of Florida/Leite,Walter - Storiza Corpus Spring 2025/Storiza_Participant_Recording_05-30-25/annotated_sentence_segments/uid_jWPmLFrSHDZItPTjjPUB8KAsjlq2_sid_3nrUiNGJJEx1MK9ktanM_1742241727_195799755_sentence_segment.wav",The joy of learning made him enjoy the game even more,The joy of learning made him enjoy the game even more.
"/Users/liu.ying/University of Florida/Leite,Walter - Storiza Corpus Spring 2025/Storiza_Participant_Recording_05-30-25/annotated_sentence_segments/uid_jWPmLFrSHDZItPTjjPUB8KAsjlq2_sid_3nrUiNGJJEx1MK9ktanM_1742241727_195799756_sentence_segment.wav",In the end Roy shared his knowledge with his friends,"In the end, Roy shared his knowledge with his friends."
"/Users/liu.ying/University of Florida/Leite,Walter - Storiza Corpus Spring 2025/Storiza_Participant_Recording_05-30-25/annotated_sentence_segments/uid_jWPmLFrSHDZItPTjjPUB8KAsjlq2_sid_3nrUiNGJJEx1MK9ktanM_1742241727_195799757_sentence_segment.wav",Together they played with joy and gained a new love for science,"Together, they played with joy and gained a new love for science."
"/Users/liu.ying/University of Florida/Leite,Walter - Storiza Corpus Spring 2025/Storiza_Participant_Recording_05-30-25/annotated_sentence_segments/uid_eQ9VyOzVOCQWR7uTGBGzvfh3rUJ2_sid_BXMACxHtru85FV7B7SdW_1743022105_195799758_sentence_segment.wav",Priscilla was so s:l Prisida was so sleepy,Priscilla was so sleepy.
"/Users/liu.ying/University of Florida/Leite,Walter - Storiza Corpus Spring 2025/Storiza_Participant_Recording_05-30-25/annotated_sentence_segments/uid_eQ9VyOzVOCQWR7uTGBGzvfh3rUJ2_sid_BXMACxHtru85FV7B7SdW_1743022105_195799759_sentence_segment.wav",She had been woken,She had been awake since dawn.
"/Users/liu.ying/University of Florida/Leite,Walter - Storiza Corpus Spring 2025/Storiza_Participant_Recording_05-30-25/annotated_sentence_segments/uid_eQ9VyOzVOCQWR7uTGBGzvfh3rUJ2_sid_BXMACxHtru85FV7B7SdW_1743022105_195799760_sentence_segment.wav",Her mɑ|m made her a k|eɪ|k but Priscilla didn't ever take a bite,"Her mom made her a cake, but Priscilla didn't even take a bite."
"/Users/liu.ying/University of Florida/Leite,Walter - Storiza Corpus Spring 2025/Storiza_Participant_Recording_05-30-25/annotated_sentence_segments/uid_eQ9VyOzVOCQWR7uTGBGzvfh3rUJ2_sid_BXMACxHtru85FV7B7SdW_1743022105_195799761_sentence_segment.wav",Her dad gave her a wɔmt cake wk to warm but Priscilla could only yawn,"Her dad gave her a warm cape to wear, but Priscilla could only yawn."
"/Users/liu.ying/University of Florida/Leite,Walter - Storiza Corpus Spring 2025/Storiza_Participant_Recording_05-30-25/annotated_sentence_segments/uid_eQ9VyOzVOCQWR7uTGBGzvfh3rUJ2_sid_BXMACxHtru85FV7B7SdW_1743022105_195799762_sentence_segment.wav",She s tired She said sat but woke up but woke but her eyes would not k.|kuh.kum,"She tried to stay awake, but her eyes would not cooperate."
"/Users/liu.ying/University of Florida/Leite,Walter - Storiza Corpus Spring 2025/Storiza_Participant_Recording_05-30-25/annotated_sentence_segments/uid_eQ9VyOzVOCQWR7uTGBGzvfh3rUJ2_sid_BXMACxHtru85FV7B7SdW_1743022105_195799763_sentence_segment.wav",Priscilla climbed hout in her bɛt shifting under eɪɹ blanket and fɪlt a deep  sʌmbɚ,"Priscilla climbed into her bed, snuggled under a blanket, and fell into a deep slumber."
"/Users/liu.ying/University of Florida/Leite,Walter - Storiza Corpus Spring 2025/Storiza_Participant_Recording_05-30-25/annotated_sentence_segments/uid_eQ9VyOzVOCQWR7uTGBGzvfh3rUJ2_sid_BXMACxHtru85FV7B7SdW_1743022105_195799764_sentence_segment.wav",She dreamed of a game where she ɹɛsɛt through a maze,She dreamed of a game where she raced through a maze.
"/Users/liu.ying/University of Florida/Leite,Walter - Storiza Corpus Spring 2025/Storiza_Participant_Recording_05-30-25/annotated_sentence_segments/uid_eQ9VyOzVOCQWR7uTGBGzvfh3rUJ2_sid_BXMACxHtru85FV7B7SdW_1743022105_195799765_sentence_segment.wav",Sh əm When she woke she felt great and was ready for a day,"When she woke, she felt great and was ready for the day!"
"/Users/liu.ying/University of Florida/Leite,Walter - Storiza Corpus Spring 2025/Storiza_Participant_Recording_05-30-25/annotated_sentence_segments/uid_UHGZEyBQklbC0GB3JZMa5l8yuGT2_sid_c8LxiGOi9pplk2X8IdrJ_1743269442_195799766_sentence_segment.wav",In a lush green field wild bunnies hopped with gl.gleer,"In a lush green field, wild bunnies hopped with glee."
"/Users/liu.ying/University of Florida/Leite,Walter - Storiza Corpus Spring 2025/Storiza_Participant_Recording_05-30-25/annotated_sentence_segments/uid_UHGZEyBQklbC0GB3JZMa5l8yuGT2_sid_c8LxiGOi9pplk2X8IdrJ_1743269442_195799767_sentence_segment.wav",Am:on them was a beautiful bunny named Golden Gold,Among them was a bold bunny named Gold.
"/Users/liu.ying/University of Florida/Leite,Walter - Storiza Corpus Spring 2025/Storiza_Participant_Recording_05-30-25/annotated_sentence_segments/uid_UHGZEyBQklbC0GB3JZMa5l8yuGT2_sid_c8LxiGOi9pplk2X8IdrJ_1743269442_195799768_sentence_segment.wav",One day they found a magical unicorn with a cold nose,"One day, they found a magical unicorn with a cold nose."
"/Users/liu.ying/University of Florida/Leite,Walter - Storiza Corpus Spring 2025/Storiza_Participant_Recording_05-30-25/annotated_sentence_segments/uid_UHGZEyBQklbC0GB3JZMa5l8yuGT2_sid_c8LxiGOi9pplk2X8IdrJ_1743269442_195799769_sentence_segment.wav",It was kind and off:eder a red ride,It was kind and offered a ride.
"/Users/liu.ying/University of Florida/Leite,Walter - Storiza Corpus Spring 2025/Storiza_Participant_Recording_05-30-25/annotated_sentence_segments/uid_UHGZEyBQklbC0GB3JZMa5l8yuGT2_sid_c8LxiGOi9pplk2X8IdrJ_1743269442_195799770_sentence_segment.wav",together they ɹɛst under the forest finding hopping flat ,"Together, they raced around the forest, finding hidden paths."
"/Users/liu.ying/University of Florida/Leite,Walter - Storiza Corpus Spring 2025/Storiza_Participant_Recording_05-30-25/annotated_sentence_segments/uid_UHGZEyBQklbC0GB3JZMa5l8yuGT2_sid_c8LxiGOi9pplk2X8IdrJ_1743269442_195799771_sentence_segment.wav",faɪn:li at dusk the unicorn waved a dɛntl goodbye gentle goodbye,"Finally, at dusk, the unicorn waved a gentle goodbye."
"/Users/liu.ying/University of Florida/Leite,Walter - Storiza Corpus Spring 2025/Storiza_Participant_Recording_05-30-25/annotated_sentence_segments/uid_UHGZEyBQklbC0GB3JZMa5l8yuGT2_sid_c8LxiGOi9pplk2X8IdrJ_1743269442_195799772_sentence_segment.wav",The bunnies reached ren:t to their cl.cleh cozy burrow binds fl.flied with the most ama magical evening and a friendly unicorn favor in their hearts,"The bunnies returned to their cozy burrows, minds filled with the most amazing adventure and a friendly unicorn forever in their hearts."
"/Users/liu.ying/University of Florida/Leite,Walter - Storiza Corpus Spring 2025/Storiza_Participant_Recording_05-30-25/annotated_sentence_segments/uid_21Dw9jLeIqWjrAuRHI1RG1qPz853_sid_rdNZEManoTX8f0NWlSl6_1743199806_195799773_sentence_segment.wav",dʒeɪ|k loves Jake loved trains,Jake loved trains.
"/Users/liu.ying/University of Florida/Leite,Walter - Storiza Corpus Spring 2025/Storiza_Participant_Recording_05-30-25/annotated_sentence_segments/uid_21Dw9jLeIqWjrAuRHI1RG1qPz853_sid_rdNZEManoTX8f0NWlSl6_1743199806_195799774_sentence_segment.wav",One sunny day he decided to vɪdzɪt the s train station,"One sunny day, he decided to visit the train station."
"/Users/liu.ying/University of Florida/Leite,Walter - Storiza Corpus Spring 2025/Storiza_Participant_Recording_05-30-25/annotated_sentence_segments/uid_21Dw9jLeIqWjrAuRHI1RG1qPz853_sid_rdNZEManoTX8f0NWlSl6_1743199806_195799775_sentence_segment.wav",As he watched the trains come and go he felt joyful and eager to explore,"As he watched the trains come and go, he felt joyful and eager to explore."
"/Users/liu.ying/University of Florida/Leite,Walter - Storiza Corpus Spring 2025/Storiza_Participant_Recording_05-30-25/annotated_sentence_segments/uid_21Dw9jLeIqWjrAuRHI1RG1qPz853_sid_rdNZEManoTX8f0NWlSl6_1743199806_195799776_sentence_segment.wav",Each train seemed full of endless destinations,Each train seemed full of endless destinations.
"/Users/liu.ying/University of Florida/Leite,Walter - Storiza Corpus Spring 2025/Storiza_Participant_Recording_05-30-25/annotated_sentence_segments/uid_21Dw9jLeIqWjrAuRHI1RG1qPz853_sid_rdNZEManoTX8f0NWlSl6_1743199806_195799777_sentence_segment.wav",Jake was f|ɪɹləs as he ɪmædʒ|ɪnd riding to a place far away,Jake was fearless as he imagined riding to a place far away.
"/Users/liu.ying/University of Florida/Leite,Walter - Storiza Corpus Spring 2025/Storiza_Participant_Recording_05-30-25/annotated_sentence_segments/uid_21Dw9jLeIqWjrAuRHI1RG1qPz853_sid_rdNZEManoTX8f0NWlSl6_1743199806_195799778_sentence_segment.wav",But sun: the bright s|kaɪ turned gray and a dʒ|ɛntl rain began to fall,"But soon, the bright sky turned gray, and a gentle rain began to fall."
"/Users/liu.ying/University of Florida/Leite,Walter - Storiza Corpus Spring 2025/Storiza_Participant_Recording_05-30-25/annotated_sentence_segments/uid_21Dw9jLeIqWjrAuRHI1RG1qPz853_sid_rdNZEManoTX8f0NWlSl6_1743199806_195799779_sentence_segment.wav",The platform bɪkeɪŋ qu.|qui|te Quiet or quite quiet leaving Jake list|l l:istlis and a bit sad,"The platform became quiet, leaving Jake listless and a bit sad."
"/Users/liu.ying/University of Florida/Leite,Walter - Storiza Corpus Spring 2025/Storiza_Participant_Recording_05-30-25/annotated_sentence_segments/uid_21Dw9jLeIqWjrAuRHI1RG1qPz853_sid_rdNZEManoTX8f0NWlSl6_1743199806_195799780_sentence_segment.wav",dʒʌs then old conductor approach approached him,"Just then, an old conductor approached him."
"/Users/liu.ying/University of Florida/Leite,Walter - Storiza Corpus Spring 2025/Storiza_Participant_Recording_05-30-25/annotated_sentence_segments/uid_21Dw9jLeIqWjrAuRHI1RG1qPz853_sid_rdNZEManoTX8f0NWlSl6_1743199806_195799781_sentence_segment.wav", Don't feel hoʊp:|ləs hoʊp|ləs  l:æd conduclor said kəndʌk the conductor said kaɪnd|li,"""Don't feel hopeless, young lad,"" the conductor said kindly."
"/Users/liu.ying/University of Florida/Leite,Walter - Storiza Corpus Spring 2025/Storiza_Participant_Recording_05-30-25/annotated_sentence_segments/uid_21Dw9jLeIqWjrAuRHI1RG1qPz853_sid_rdNZEManoTX8f0NWlSl6_1743199806_195799782_sentence_segment.wav",every rainy days every rainy deɪ:z days can be wonderful w|ɪθ ination,"""Even rainy days can be wonderful with imagination."""
"/Users/liu.ying/University of Florida/Leite,Walter - Storiza Corpus Spring 2025/Storiza_Participant_Recording_05-30-25/annotated_sentence_segments/uid_21Dw9jLeIqWjrAuRHI1RG1qPz853_sid_rdNZEManoTX8f0NWlSl6_1743199806_195799783_sentence_segment.wav",ɪnspaɪɹdə kəndək|tɚɹz words Jake imagined a train ə tɹeɪn: to a magical lan,"Inspired by the conductor's words, Jake imagined a train to a magical land."
"/Users/liu.ying/University of Florida/Leite,Walter - Storiza Corpus Spring 2025/Storiza_Participant_Recording_05-30-25/annotated_sentence_segments/uid_21Dw9jLeIqWjrAuRHI1RG1qPz853_sid_rdNZEManoTX8f0NWlSl6_1743199806_195799784_sentence_segment.wav",Suddenly the rain felt playful and bright,"Suddenly, the rain felt playful and bright."
"/Users/liu.ying/University of Florida/Leite,Walter - Storiza Corpus Spring 2025/Storiza_Participant_Recording_05-30-25/annotated_sentence_segments/uid_21Dw9jLeIqWjrAuRHI1RG1qPz853_sid_rdNZEManoTX8f0NWlSl6_1743199806_195799785_sentence_segment.wav",Jake knew that əvɛn|tʃɚ that əvɛn|tʃɚ could always be found rain or shine,"Jake knew that adventure could always be found, rain or shine."
"/Users/liu.ying/University of Florida/Leite,Walter - Storiza Corpus Spring 2025/Storiza_Participant_Recording_05-30-25/annotated_sentence_segments/uid_eQ9VyOzVOCQWR7uTGBGzvfh3rUJ2_sid_6mHu3G8rDk5ZmJUujE66_1743174942_195799786_sentence_segment.wav",meɪfl̩ is a pup,Maple is a little pup.
"/Users/liu.ying/University of Florida/Leite,Walter - Storiza Corpus Spring 2025/Storiza_Participant_Recording_05-30-25/annotated_sentence_segments/uid_eQ9VyOzVOCQWR7uTGBGzvfh3rUJ2_sid_6mHu3G8rDk5ZmJUujE66_1743174942_195799787_sentence_segment.wav",She loves Priscilla a lot,She loves Priscilla a lot.
"/Users/liu.ying/University of Florida/Leite,Walter - Storiza Corpus Spring 2025/Storiza_Participant_Recording_05-30-25/annotated_sentence_segments/uid_eQ9VyOzVOCQWR7uTGBGzvfh3rUJ2_sid_6mHu3G8rDk5ZmJUujE66_1743174942_195799788_sentence_segment.wav",In her yard they play with a big red ball,"In the yard, they play with a big red ball."
"/Users/liu.ying/University of Florida/Leite,Walter - Storiza Corpus Spring 2025/Storiza_Participant_Recording_05-30-25/annotated_sentence_segments/uid_eQ9VyOzVOCQWR7uTGBGzvfh3rUJ2_sid_6mHu3G8rDk5ZmJUujE66_1743174942_195799789_sentence_segment.wav",Maple can run fast he could get the ball,Maple can run fast to get the ball.
"/Users/liu.ying/University of Florida/Leite,Walter - Storiza Corpus Spring 2025/Storiza_Participant_Recording_05-30-25/annotated_sentence_segments/uid_eQ9VyOzVOCQWR7uTGBGzvfh3rUJ2_sid_6mHu3G8rDk5ZmJUujE66_1743174942_195799790_sentence_segment.wav",She  ɡlæ:d when she wins,She is glad when she wins!
"/Users/liu.ying/University of Florida/Leite,Walter - Storiza Corpus Spring 2025/Storiza_Participant_Recording_05-30-25/annotated_sentence_segments/uid_eQ9VyOzVOCQWR7uTGBGzvfh3rUJ2_sid_6mHu3G8rDk5ZmJUujE66_1743174942_195799791_sentence_segment.wav",Priscilla la.a|lau lats a  and herace  hʌts her,Priscilla laughs and hugs her.
"/Users/liu.ying/University of Florida/Leite,Walter - Storiza Corpus Spring 2025/Storiza_Participant_Recording_05-30-25/annotated_sentence_segments/uid_eQ9VyOzVOCQWR7uTGBGzvfh3rUJ2_sid_6mHu3G8rDk5ZmJUujE66_1743174942_195799792_sentence_segment.wav",ʌm At the moon then sit and rest,"At noon, they sit and rest."
"/Users/liu.ying/University of Florida/Leite,Walter - Storiza Corpus Spring 2025/Storiza_Participant_Recording_05-30-25/annotated_sentence_segments/uid_eQ9VyOzVOCQWR7uTGBGzvfh3rUJ2_sid_6mHu3G8rDk5ZmJUujE66_1743174942_195799793_sentence_segment.wav",Maple znap in the sun,Maple naps in the sun.
"/Users/liu.ying/University of Florida/Leite,Walter - Storiza Corpus Spring 2025/Storiza_Participant_Recording_05-30-25/annotated_sentence_segments/uid_eQ9VyOzVOCQWR7uTGBGzvfh3rUJ2_sid_6mHu3G8rDk5ZmJUujE66_1743174942_195799794_sentence_segment.wav",Priscilla reads her book,Priscilla reads her book.
"/Users/liu.ying/University of Florida/Leite,Walter - Storiza Corpus Spring 2025/Storiza_Participant_Recording_05-30-25/annotated_sentence_segments/uid_eQ9VyOzVOCQWR7uTGBGzvfh3rUJ2_sid_6mHu3G8rDk5ZmJUujE66_1743174942_195799795_sentence_segment.wav",As the s:ʌn sets Maple and Priscilla head back home,"As the sun sets, Maple and Priscilla head back home."
"/Users/liu.ying/University of Florida/Leite,Walter - Storiza Corpus Spring 2025/Storiza_Participant_Recording_05-30-25/annotated_sentence_segments/uid_eQ9VyOzVOCQWR7uTGBGzvfh3rUJ2_sid_6mHu3G8rDk5ZmJUujE66_1743174942_195799796_sentence_segment.wav",Maple feels happy to be with her best friend,Maple feels happy with her best friend.
"/Users/liu.ying/University of Florida/Leite,Walter - Storiza Corpus Spring 2025/Storiza_Participant_Recording_05-30-25/annotated_sentence_segments/uid_eyem3EvRZrZsMzdS2HOEHLIsGTs1_sid_Gi6CTd0h6i7rPtveJk1O_1742516188_195799797_sentence_segment.wav",Max and his friends love sports,Max and his friends love sports.
"/Users/liu.ying/University of Florida/Leite,Walter - Storiza Corpus Spring 2025/Storiza_Participant_Recording_05-30-25/annotated_sentence_segments/uid_eyem3EvRZrZsMzdS2HOEHLIsGTs1_sid_Gi6CTd0h6i7rPtveJk1O_1742516188_195799798_sentence_segment.wav",They play on a big lush field,"They play on a big, lush field."
"/Users/liu.ying/University of Florida/Leite,Walter - Storiza Corpus Spring 2025/Storiza_Participant_Recording_05-30-25/annotated_sentence_segments/uid_eyem3EvRZrZsMzdS2HOEHLIsGTs1_sid_Gi6CTd0h6i7rPtveJk1O_1742516188_195799799_sentence_segment.wav",Max kicks a the ball with a strong thud,Max kicks the ball with a strong thud.
"/Users/liu.ying/University of Florida/Leite,Walter - Storiza Corpus Spring 2025/Storiza_Participant_Recording_05-30-25/annotated_sentence_segments/uid_eyem3EvRZrZsMzdS2HOEHLIsGTs1_sid_Gi6CTd0h6i7rPtveJk1O_1742516188_195799800_sentence_segment.wav",it wɪs| it  past the ðə tree and Zack catches it with a loud snap,"It whizzes past the trees, and Zack catches it with a loud slap."
"/Users/liu.ying/University of Florida/Leite,Walter - Storiza Corpus Spring 2025/Storiza_Participant_Recording_05-30-25/annotated_sentence_segments/uid_eyem3EvRZrZsMzdS2HOEHLIsGTs1_sid_Gi6CTd0h6i7rPtveJk1O_1742516188_195799801_sentence_segment.wav",The kids laugh and lid jump high read to smack the ball,"The kids laugh, and Leah jumps high, ready to smack the ball."
"/Users/liu.ying/University of Florida/Leite,Walter - Storiza Corpus Spring 2025/Storiza_Participant_Recording_05-30-25/annotated_sentence_segments/uid_eyem3EvRZrZsMzdS2HOEHLIsGTs1_sid_Gi6CTd0h6i7rPtveJk1O_1742516188_195799802_sentence_segment.wav",takes I mean They take turns and each give their best,"They take turns, each giving their best."
"/Users/liu.ying/University of Florida/Leite,Walter - Storiza Corpus Spring 2025/Storiza_Participant_Recording_05-30-25/annotated_sentence_segments/uid_eyem3EvRZrZsMzdS2HOEHLIsGTs1_sid_Gi6CTd0h6i7rPtveJk1O_1742516188_195799803_sentence_segment.wav",The sun sinks painting the sky with hurling of pink,"The sun sinks, painting the sky with hues of pink."
"/Users/liu.ying/University of Florida/Leite,Walter - Storiza Corpus Spring 2025/Storiza_Participant_Recording_05-30-25/annotated_sentence_segments/uid_eyem3EvRZrZsMzdS2HOEHLIsGTs1_sid_Gi6CTd0h6i7rPtveJk1O_1742516188_195799804_sentence_segment.wav",It's time to head home tired yet happy,"It's time to head home, tired yet happy."
"/Users/liu.ying/University of Florida/Leite,Walter - Storiza Corpus Spring 2025/Storiza_Participant_Recording_05-30-25/annotated_sentence_segments/uid_eyem3EvRZrZsMzdS2HOEHLIsGTs1_sid_Gi6CTd0h6i7rPtveJk1O_1742516188_195799805_sentence_segment.wav",Max waved goodbye and trotted back planting planning the next exciting game with glee,"Max waves goodbye and trots back, planning the next exciting game with glee."
"/Users/liu.ying/University of Florida/Leite,Walter - Storiza Corpus Spring 2025/Storiza_Participant_Recording_05-30-25/annotated_sentence_segments/uid_eyem3EvRZrZsMzdS2HOEHLIsGTs1_sid_Gi6CTd0h6i7rPtveJk1O_1742516188_195799806_sentence_segment.wav",Sports bring fun and friends together,Sports bring fun and friends together.
"/Users/liu.ying/University of Florida/Leite,Walter - Storiza Corpus Spring 2025/Storiza_Participant_Recording_05-30-25/annotated_sentence_segments/uid_UHGZEyBQklbC0GB3JZMa5l8yuGT2_sid_xpDFrYKvqQMpjww5p2qH_1741461927_195799807_sentence_segment.wav",Bold Billy bought a fast race car to s test his s|kɪlz,Bold Billy built a fast race car to test his skills.
"/Users/liu.ying/University of Florida/Leite,Walter - Storiza Corpus Spring 2025/Storiza_Participant_Recording_05-30-25/annotated_sentence_segments/uid_UHGZEyBQklbC0GB3JZMa5l8yuGT2_sid_xpDFrYKvqQMpjww5p2qH_1741461927_195799808_sentence_segment.wav",The why wɪd winds holds as he s|pinned down the old truck,The wild winds howled as he sped down the old track.
"/Users/liu.ying/University of Florida/Leite,Walter - Storiza Corpus Spring 2025/Storiza_Participant_Recording_05-30-25/annotated_sentence_segments/uid_UHGZEyBQklbC0GB3JZMa5l8yuGT2_sid_xpDFrYKvqQMpjww5p2qH_1741461927_195799809_sentence_segment.wav",With a kind m:aɪnd he found the wɪ:l to hold on teɪt,"With a kind mind, he found the will to hold on tight."
"/Users/liu.ying/University of Florida/Leite,Walter - Storiza Corpus Spring 2025/Storiza_Participant_Recording_05-30-25/annotated_sentence_segments/uid_UHGZEyBQklbC0GB3JZMa5l8yuGT2_sid_xpDFrYKvqQMpjww5p2qH_1741461927_195799810_sentence_segment.wav",Billy crossed the cold finish line as the vic|tips host of the most thrilling race,"Billy crossed the cold finish line as the victor, host of the most thrilling race."
"/Users/liu.ying/University of Florida/Leite,Walter - Storiza Corpus Spring 2025/Storiza_Participant_Recording_05-30-25/annotated_sentence_segments/uid_UHGZEyBQklbC0GB3JZMa5l8yuGT2_sid_xpDFrYKvqQMpjww5p2qH_1741461927_195799811_sentence_segment.wav",In the end he told his friends all about the exc excellent ride and the gold medal he won,"In the end, he told his friends all about the exciting ride and the gold medal he won."
"/Users/liu.ying/University of Florida/Leite,Walter - Storiza Corpus Spring 2025/Storiza_Participant_Recording_05-30-25/annotated_sentence_segments/uid_Sn3Nw7A3OmOkiMXEFjEyRusLuuo2_sid_46QiUAG6knWxFU9G9zSe_1741823579_195799812_sentence_segment.wav",Ben the cat and Ted the dog sat on a mat,Ben the cat and Ted the dog sat on a mat.
"/Users/liu.ying/University of Florida/Leite,Walter - Storiza Corpus Spring 2025/Storiza_Participant_Recording_05-30-25/annotated_sentence_segments/uid_Sn3Nw7A3OmOkiMXEFjEyRusLuuo2_sid_46QiUAG6knWxFU9G9zSe_1741823579_195799813_sentence_segment.wav",Ben had a ham sandwich,Ben had a ham sandwich.
"/Users/liu.ying/University of Florida/Leite,Walter - Storiza Corpus Spring 2025/Storiza_Participant_Recording_05-30-25/annotated_sentence_segments/uid_Sn3Nw7A3OmOkiMXEFjEyRusLuuo2_sid_46QiUAG6knWxFU9G9zSe_1741823579_195799814_sentence_segment.wav",l:ɛt me help said Ted,"""Let me help!"" said Ted."
"/Users/liu.ying/University of Florida/Leite,Walter - Storiza Corpus Spring 2025/Storiza_Participant_Recording_05-30-25/annotated_sentence_segments/uid_Sn3Nw7A3OmOkiMXEFjEyRusLuuo2_sid_46QiUAG6knWxFU9G9zSe_1741823579_195799815_sentence_segment.wav",Ben let Ted have a bit and said You are the best pal,"Ben let Ted have a bit and said, ""You are the best pal!"""
"/Users/liu.ying/University of Florida/Leite,Walter - Storiza Corpus Spring 2025/Storiza_Participant_Recording_05-30-25/annotated_sentence_segments/uid_Sn3Nw7A3OmOkiMXEFjEyRusLuuo2_sid_46QiUAG6knWxFU9G9zSe_1741823579_195799816_sentence_segment.wav",They both wagged and wagged ful and glad,"They both wagged and wagged, full and glad."
"/Users/liu.ying/University of Florida/Leite,Walter - Storiza Corpus Spring 2025/Storiza_Participant_Recording_05-30-25/annotated_sentence_segments/uid_EfKQNmht2ebtDnNadrezErlhcDF3_sid_i0N0h2MnD3ZE7yMVZqn3_1742248902_195799817_sentence_segment.wav",A girl named Jen sat at her desk,A girl named Jen sat at her desk.
"/Users/liu.ying/University of Florida/Leite,Walter - Storiza Corpus Spring 2025/Storiza_Participant_Recording_05-30-25/annotated_sentence_segments/uid_EfKQNmht2ebtDnNadrezErlhcDF3_sid_i0N0h2MnD3ZE7yMVZqn3_1742248902_195799818_sentence_segment.wav",Jen had a big grin,Jen had a big grin.
"/Users/liu.ying/University of Florida/Leite,Walter - Storiza Corpus Spring 2025/Storiza_Participant_Recording_05-30-25/annotated_sentence_segments/uid_EfKQNmht2ebtDnNadrezErlhcDF3_sid_i0N0h2MnD3ZE7yMVZqn3_1742248902_195799819_sentence_segment.wav",Her new teacher ms Lane walked in,"Her new teacher, Ms. Lane, walked in."
"/Users/liu.ying/University of Florida/Leite,Walter - Storiza Corpus Spring 2025/Storiza_Participant_Recording_05-30-25/annotated_sentence_segments/uid_EfKQNmht2ebtDnNadrezErlhcDF3_sid_i0N0h2MnD3ZE7yMVZqn3_1742248902_195799820_sentence_segment.wav",Ms. Lane wore a pink dress and had a soft voice,Ms. Lane wore a pink dress and had a soft voice.
"/Users/liu.ying/University of Florida/Leite,Walter - Storiza Corpus Spring 2025/Storiza_Participant_Recording_05-30-25/annotated_sentence_segments/uid_EfKQNmht2ebtDnNadrezErlhcDF3_sid_i0N0h2MnD3ZE7yMVZqn3_1742248902_195799821_sentence_segment.wav",Glad to meet you Jen she said with a nod,"""Glad to meet you, Jen,"" she said with a nod."
"/Users/liu.ying/University of Florida/Leite,Walter - Storiza Corpus Spring 2025/Storiza_Participant_Recording_05-30-25/annotated_sentence_segments/uid_EfKQNmht2ebtDnNadrezErlhcDF3_sid_i0N0h2MnD3ZE7yMVZqn3_1742248902_195799822_sentence_segment.wav",Jen felt a big wave of joy,Jen felt a big wave of joy.
"/Users/liu.ying/University of Florida/Leite,Walter - Storiza Corpus Spring 2025/Storiza_Participant_Recording_05-30-25/annotated_sentence_segments/uid_EfKQNmht2ebtDnNadrezErlhcDF3_sid_i0N0h2MnD3ZE7yMVZqn3_1742248902_195799823_sentence_segment.wav",They sat and chatted about pets and spɔ:ɹts,They sat and chatted about pets and sports.
"/Users/liu.ying/University of Florida/Leite,Walter - Storiza Corpus Spring 2025/Storiza_Participant_Recording_05-30-25/annotated_sentence_segments/uid_EfKQNmht2ebtDnNadrezErlhcDF3_sid_i0N0h2MnD3ZE7yMVZqn3_1742248902_195799824_sentence_segment.wav",Jen ha| had a cat and Ms. Jane had a fish,"Jen had a cat, and Ms. Lane had a fish."
"/Users/liu.ying/University of Florida/Leite,Walter - Storiza Corpus Spring 2025/Storiza_Participant_Recording_05-30-25/annotated_sentence_segments/uid_EfKQNmht2ebtDnNadrezErlhcDF3_sid_i0N0h2MnD3ZE7yMVZqn3_1742248902_195799825_sentence_segment.wav",At the end of class Jen said I can't wait to come back,"At the end of class, Jen said, ""I can't wait to come back!"""
"/Users/liu.ying/University of Florida/Leite,Walter - Storiza Corpus Spring 2025/Storiza_Participant_Recording_05-30-25/annotated_sentence_segments/uid_EfKQNmht2ebtDnNadrezErlhcDF3_sid_i0N0h2MnD3ZE7yMVZqn3_1742248902_195799826_sentence_segment.wav",Ms. Lane smiled and waved goodbye feeling just as glad,"Ms. Lane smiled and waved goodbye, feeling just as glad."
"/Users/liu.ying/University of Florida/Leite,Walter - Storiza Corpus Spring 2025/Storiza_Participant_Recording_05-30-25/annotated_sentence_segments/uid_ihIoefKsGwTDai7fGs9x3DyNvju2_sid_ApMaerbz8NiSC9rZvfoy_1742944769_195799827_sentence_segment.wav",In a small bright garden a clear cat neɪ:md Charlie futtered? buttered? a hard task,"In a small, bright garden, a clever cat named Charlie faced a hard task."
"/Users/liu.ying/University of Florida/Leite,Walter - Storiza Corpus Spring 2025/Storiza_Participant_Recording_05-30-25/annotated_sentence_segments/uid_ihIoefKsGwTDai7fGs9x3DyNvju2_sid_ApMaerbz8NiSC9rZvfoy_1742944769_195799828_sentence_segment.wav",he wanted to climb the tall rock wæl to see everything bi:. bi:.jɑ:nd,"He wanted to climb the tall, rocky wall to see everything beyond."
"/Users/liu.ying/University of Florida/Leite,Walter - Storiza Corpus Spring 2025/Storiza_Participant_Recording_05-30-25/annotated_sentence_segments/uid_ihIoefKsGwTDai7fGs9x3DyNvju2_sid_ApMaerbz8NiSC9rZvfoy_1742944769_195799829_sentence_segment.wav",First he tried jumping but ðɪ: wɔ:l was too ,"First, he tried jumping, but the wall was too high."
"/Users/liu.ying/University of Florida/Leite,Walter - Storiza Corpus Spring 2025/Storiza_Participant_Recording_05-30-25/annotated_sentence_segments/uid_ihIoefKsGwTDai7fGs9x3DyNvju2_sid_ApMaerbz8NiSC9rZvfoy_1742944769_195799830_sentence_segment.wav",Next he pushed a heavy rock to use to step but it was too low,"Next, he pushed a heavy rock to use as a step, but it was still too low."
"/Users/liu.ying/University of Florida/Leite,Walter - Storiza Corpus Spring 2025/Storiza_Participant_Recording_05-30-25/annotated_sentence_segments/uid_ihIoefKsGwTDai7fGs9x3DyNvju2_sid_ApMaerbz8NiSC9rZvfoy_1742944769_195799831_sentence_segment.wav",Finally Charlie found a sturdy læn be|hin behind the sh:|sh|shed mhm,"Finally, Charlie found a sturdy ladder behind the shed."
"/Users/liu.ying/University of Florida/Leite,Walter - Storiza Corpus Spring 2025/Storiza_Participant_Recording_05-30-25/annotated_sentence_segments/uid_ihIoefKsGwTDai7fGs9x3DyNvju2_sid_ApMaerbz8NiSC9rZvfoy_1742944769_195799832_sentence_segment.wav", kɛɹfəɹi he climbed up step by step,"Carefully, he climbed up, step by step."
"/Users/liu.ying/University of Florida/Leite,Walter - Storiza Corpus Spring 2025/Storiza_Participant_Recording_05-30-25/annotated_sentence_segments/uid_ihIoefKsGwTDai7fGs9x3DyNvju2_sid_ApMaerbz8NiSC9rZvfoy_1742944769_195799833_sentence_segment.wav",Then he reached the top Charlie would əm saw a girly colair world ,"When he reached the top, Charlie saw a vast, colorful world."
"/Users/liu.ying/University of Florida/Leite,Walter - Storiza Corpus Spring 2025/Storiza_Participant_Recording_05-30-25/annotated_sentence_segments/uid_ihIoefKsGwTDai7fGs9x3DyNvju2_sid_ApMaerbz8NiSC9rZvfoy_1742944769_195799834_sentence_segment.wav",Expec he proudly he said that with a little hard work everything wuth promised,"Excited and proud, he realized that with a little hard work, everything was possible."
"/Users/liu.ying/University of Florida/Leite,Walter - Storiza Corpus Spring 2025/Storiza_Participant_Recording_05-30-25/annotated_sentence_segments/uid_ihIoefKsGwTDai7fGs9x3DyNvju2_sid_ApMaerbz8NiSC9rZvfoy_1742944769_195799835_sentence_segment.wav",Charlie purr a hækəs,Charlie purred with happiness.
"/Users/liu.ying/University of Florida/Leite,Walter - Storiza Corpus Spring 2025/Storiza_Participant_Recording_05-30-25/annotated_sentence_segments/uid_jWPmLFrSHDZItPTjjPUB8KAsjlq2_sid_KwJDkE9pDbyU8dxYMmnt_1742046826_195799836_sentence_segment.wav",In a bright starry world Lily and Jake dreamed of visiting space,"In a bright, starry world, Lily and Jake dreamed of visiting space."
"/Users/liu.ying/University of Florida/Leite,Walter - Storiza Corpus Spring 2025/Storiza_Participant_Recording_05-30-25/annotated_sentence_segments/uid_jWPmLFrSHDZItPTjjPUB8KAsjlq2_sid_KwJDkE9pDbyU8dxYMmnt_1742046826_195799837_sentence_segment.wav",They liked to play and make rockets with boxes,They liked to play and make rockets with boxes.
"/Users/liu.ying/University of Florida/Leite,Walter - Storiza Corpus Spring 2025/Storiza_Participant_Recording_05-30-25/annotated_sentence_segments/uid_jWPmLFrSHDZItPTjjPUB8KAsjlq2_sid_KwJDkE9pDbyU8dxYMmnt_1742046826_195799838_sentence_segment.wav",We can go high Jake said Jake with a smile,"""We can go high!"" said Jake with a smile."
"/Users/liu.ying/University of Florida/Leite,Walter - Storiza Corpus Spring 2025/Storiza_Participant_Recording_05-30-25/annotated_sentence_segments/uid_jWPmLFrSHDZItPTjjPUB8KAsjlq2_sid_KwJDkE9pDbyU8dxYMmnt_1742046826_195799839_sentence_segment.wav",Their mother gave them a book about space,Their mother gave them a book about space.
"/Users/liu.ying/University of Florida/Leite,Walter - Storiza Corpus Spring 2025/Storiza_Participant_Recording_05-30-25/annotated_sentence_segments/uid_jWPmLFrSHDZItPTjjPUB8KAsjlq2_sid_KwJDkE9pDbyU8dxYMmnt_1742046826_195799840_sentence_segment.wav",Lily read about stars moons and planets,"Lily read about stars, moons, and planets."
"/Users/liu.ying/University of Florida/Leite,Walter - Storiza Corpus Spring 2025/Storiza_Participant_Recording_05-30-25/annotated_sentence_segments/uid_jWPmLFrSHDZItPTjjPUB8KAsjlq2_sid_KwJDkE9pDbyU8dxYMmnt_1742046826_195799841_sentence_segment.wav",Look she said,"""Look!"" she said."
"/Users/liu.ying/University of Florida/Leite,Walter - Storiza Corpus Spring 2025/Storiza_Participant_Recording_05-30-25/annotated_sentence_segments/uid_jWPmLFrSHDZItPTjjPUB8KAsjlq2_sid_KwJDkE9pDbyU8dxYMmnt_1742046826_195799842_sentence_segment.wav",We can explore them all,"""We can explore them all!"""
"/Users/liu.ying/University of Florida/Leite,Walter - Storiza Corpus Spring 2025/Storiza_Participant_Recording_05-30-25/annotated_sentence_segments/uid_jWPmLFrSHDZItPTjjPUB8KAsjlq2_sid_KwJDkE9pDbyU8dxYMmnt_1742046826_195799843_sentence_segment.wav",The next day they built a s:peɪʃɪp from chairs and blankets 1 2 3 go shouted Jake,"The next day, they built a spaceship from chairs and blankets. ""3, 2, 1, go!"" shouted Jake."
"/Users/liu.ying/University of Florida/Leite,Walter - Storiza Corpus Spring 2025/Storiza_Participant_Recording_05-30-25/annotated_sentence_segments/uid_jWPmLFrSHDZItPTjjPUB8KAsjlq2_sid_KwJDkE9pDbyU8dxYMmnt_1742046826_195799844_sentence_segment.wav",They ɪm:ædʒɪnd flying past bright stars and big planets,They imagined flying past bright stars and big planets.
"/Users/liu.ying/University of Florida/Leite,Walter - Storiza Corpus Spring 2025/Storiza_Participant_Recording_05-30-25/annotated_sentence_segments/uid_jWPmLFrSHDZItPTjjPUB8KAsjlq2_sid_KwJDkE9pDbyU8dxYMmnt_1742046826_195799846_sentence_segment.wav",It is fun to fly and see space,"""It's fun to fly and see space!"""
"/Users/liu.ying/University of Florida/Leite,Walter - Storiza Corpus Spring 2025/Storiza_Participant_Recording_05-30-25/annotated_sentence_segments/uid_jWPmLFrSHDZItPTjjPUB8KAsjlq2_sid_KwJDkE9pDbyU8dxYMmnt_1742046826_195799847_sentence_segment.wav",As the sun set they returned to the they returned to Earth,"As the sun set, they returned to Earth."
"/Users/liu.ying/University of Florida/Leite,Walter - Storiza Corpus Spring 2025/Storiza_Participant_Recording_05-30-25/annotated_sentence_segments/uid_jWPmLFrSHDZItPTjjPUB8KAsjlq2_sid_KwJDkE9pDbyU8dxYMmnt_1742046826_195799848_sentence_segment.wav",Playing in space is great,"""Playing in space is great!"" said Jake."
"/Users/liu.ying/University of Florida/Leite,Walter - Storiza Corpus Spring 2025/Storiza_Participant_Recording_05-30-25/annotated_sentence_segments/uid_jWPmLFrSHDZItPTjjPUB8KAsjlq2_sid_KwJDkE9pDbyU8dxYMmnt_1742046826_195799849_sentence_segment.wav",They hug their mother,They hugged their mother.
"/Users/liu.ying/University of Florida/Leite,Walter - Storiza Corpus Spring 2025/Storiza_Participant_Recording_05-30-25/annotated_sentence_segments/uid_jWPmLFrSHDZItPTjjPUB8KAsjlq2_sid_KwJDkE9pDbyU8dxYMmnt_1742046826_195799850_sentence_segment.wav",Can we learn more asked Lily,"""Can we learn more?"" asked Lily."
"/Users/liu.ying/University of Florida/Leite,Walter - Storiza Corpus Spring 2025/Storiza_Participant_Recording_05-30-25/annotated_sentence_segments/uid_jWPmLFrSHDZItPTjjPUB8KAsjlq2_sid_KwJDkE9pDbyU8dxYMmnt_1742046826_195799851_sentence_segment.wav",Their mom nodded Yes there is a lot to see and read,"Their mom nodded, ""Yes, there's a lot to see and read."""
"/Users/liu.ying/University of Florida/Leite,Walter - Storiza Corpus Spring 2025/Storiza_Participant_Recording_05-30-25/annotated_sentence_segments/uid_jWPmLFrSHDZItPTjjPUB8KAsjlq2_sid_KwJDkE9pDbyU8dxYMmnt_1742046826_195799852_sentence_segment.wav",Lily and Jake knew that their space dreams would never end,Lily and Jake knew their space dreams would never end.
"/Users/liu.ying/University of Florida/Leite,Walter - Storiza Corpus Spring 2025/Storiza_Participant_Recording_05-30-25/annotated_sentence_segments/uid_XmxSYUZAj4dRqSczt2clQkDf31M2_sid_dCjg0Uy1jZOC8xzaKr1k_1742869038_195799853_sentence_segment.wav",In a proud In the green ɡleɪ:|d fairy dancing,"In the green glade, fairies danced."
"/Users/liu.ying/University of Florida/Leite,Walter - Storiza Corpus Spring 2025/Storiza_Participant_Recording_05-30-25/annotated_sentence_segments/uid_XmxSYUZAj4dRqSczt2clQkDf31M2_sid_dCjg0Uy1jZOC8xzaKr1k_1742869038_195799854_sentence_segment.wav",Their tiny feet tapped softly model,Their tiny feet tapped soft melodies in the twilight.
"/Users/liu.ying/University of Florida/Leite,Walter - Storiza Corpus Spring 2025/Storiza_Participant_Recording_05-30-25/annotated_sentence_segments/uid_bKduvdIsrbbqPZ7Z3lCfQlF8WBn1_sid_wwG35krhLTSpRDz3nlEz_1741905388_195799855_sentence_segment.wav",start Sara and Mark were making cupcakes,Sara and Mark were making cupcakes.
"/Users/liu.ying/University of Florida/Leite,Walter - Storiza Corpus Spring 2025/Storiza_Participant_Recording_05-30-25/annotated_sentence_segments/uid_bKduvdIsrbbqPZ7Z3lCfQlF8WBn1_sid_wwG35krhLTSpRDz3nlEz_1741905388_195799856_sentence_segment.wav",They mixed flaʊɚz sugar and cocacola,"They mixed flour, sugar, and cocoa."
"/Users/liu.ying/University of Florida/Leite,Walter - Storiza Corpus Spring 2025/Storiza_Participant_Recording_05-30-25/annotated_sentence_segments/uid_bKduvdIsrbbqPZ7Z3lCfQlF8WBn1_sid_wwG35krhLTSpRDz3nlEz_1741905388_195799857_sentence_segment.wav",Mark added the chocolate chips,Mark added the chocolate chips.
"/Users/liu.ying/University of Florida/Leite,Walter - Storiza Corpus Spring 2025/Storiza_Participant_Recording_05-30-25/annotated_sentence_segments/uid_bKduvdIsrbbqPZ7Z3lCfQlF8WBn1_sid_wwG35krhLTSpRDz3nlEz_1741905388_195799858_sentence_segment.wav",The əm ar  əɹoʊmə filled the ɛɹ:,The aroma filled the air.
"/Users/liu.ying/University of Florida/Leite,Walter - Storiza Corpus Spring 2025/Storiza_Participant_Recording_05-30-25/annotated_sentence_segments/uid_bKduvdIsrbbqPZ7Z3lCfQlF8WBn1_sid_wwG35krhLTSpRDz3nlEz_1741905388_195799859_sentence_segment.wav",The kitchen was warm and cr.crazy,The kitchen was warm and cozy.
"/Users/liu.ying/University of Florida/Leite,Walter - Storiza Corpus Spring 2025/Storiza_Participant_Recording_05-30-25/annotated_sentence_segments/uid_bKduvdIsrbbqPZ7Z3lCfQlF8WBn1_sid_wwG35krhLTSpRDz3nlEz_1741905388_195799860_sentence_segment.wav",Sara s:at the timer and watch the  diner r.roosh rest,Sara set the timer and watched the dough rise.
"/Users/liu.ying/University of Florida/Leite,Walter - Storiza Corpus Spring 2025/Storiza_Participant_Recording_05-30-25/annotated_sentence_segments/uid_bKduvdIsrbbqPZ7Z3lCfQlF8WBn1_sid_wwG35krhLTSpRDz3nlEz_1741905388_195799861_sentence_segment.wav",As the buzzy ring they opened the oven door,"As the buzzer rang, they opened the oven door."
"/Users/liu.ying/University of Florida/Leite,Walter - Storiza Corpus Spring 2025/Storiza_Participant_Recording_05-30-25/annotated_sentence_segments/uid_bKduvdIsrbbqPZ7Z3lCfQlF8WBn1_sid_wwG35krhLTSpRDz3nlEz_1741905388_195799862_sentence_segment.wav",Wow they looked pɝfɪk said Mark,"""Wow, they look perfect!"" said Mark."
"/Users/liu.ying/University of Florida/Leite,Walter - Storiza Corpus Spring 2025/Storiza_Participant_Recording_05-30-25/annotated_sentence_segments/uid_bKduvdIsrbbqPZ7Z3lCfQlF8WBn1_sid_wwG35krhLTSpRDz3nlEz_1741905388_195799863_sentence_segment.wav",The toppings each cupcakes wɪf a s:wip of frosting,They topped each cupcake with a swipe of frosting.
"/Users/liu.ying/University of Florida/Leite,Walter - Storiza Corpus Spring 2025/Storiza_Participant_Recording_05-30-25/annotated_sentence_segments/uid_bKduvdIsrbbqPZ7Z3lCfQlF8WBn1_sid_wwG35krhLTSpRDz3nlEz_1741905388_195799864_sentence_segment.wav",Mark took a bite and said More please,"Mark took a bite and said, ""More, please!"""
"/Users/liu.ying/University of Florida/Leite,Walter - Storiza Corpus Spring 2025/Storiza_Participant_Recording_05-30-25/annotated_sentence_segments/uid_bKduvdIsrbbqPZ7Z3lCfQlF8WBn1_sid_wwG35krhLTSpRDz3nlEz_1741905388_195799865_sentence_segment.wav",Sara smiled her hɝt full for of joy,"Sara smiled, her heart full of joy."
"/Users/liu.ying/University of Florida/Leite,Walter - Storiza Corpus Spring 2025/Storiza_Participant_Recording_05-30-25/annotated_sentence_segments/uid_bKduvdIsrbbqPZ7Z3lCfQlF8WBn1_sid_wwG35krhLTSpRDz3nlEz_1741905388_195799866_sentence_segment.wav",The cupcakes were as tasty treats sarah sharing before the day was over,"The cupcakes were a tasty treat, shared before the day was over."
"/Users/liu.ying/University of Florida/Leite,Walter - Storiza Corpus Spring 2025/Storiza_Participant_Recording_05-30-25/annotated_sentence_segments/uid_ihIoefKsGwTDai7fGs9x3DyNvju2_sid_RO86s0yih5pRsOUYLcUy_1742503411_195799867_sentence_segment.wav",Megan loves playing soccer with her friends,Megan loved playing soccer with her friends.
"/Users/liu.ying/University of Florida/Leite,Walter - Storiza Corpus Spring 2025/Storiza_Participant_Recording_05-30-25/annotated_sentence_segments/uid_ihIoefKsGwTDai7fGs9x3DyNvju2_sid_RO86s0yih5pRsOUYLcUy_1742503411_195799868_sentence_segment.wav",Each afternoon they would puh|push and shove the ball kɹɔs the field,"Each afternoon, they would push and shove the ball across the field."
"/Users/liu.ying/University of Florida/Leite,Walter - Storiza Corpus Spring 2025/Storiza_Participant_Recording_05-30-25/annotated_sentence_segments/uid_ihIoefKsGwTDai7fGs9x3DyNvju2_sid_RO86s0yih5pRsOUYLcUy_1742503411_195799869_sentence_segment.wav",Today Megan took a shot but the bɔl: went right over the net,"Today, Megan took a shot but the ball went right over the net."
"/Users/liu.ying/University of Florida/Leite,Walter - Storiza Corpus Spring 2025/Storiza_Participant_Recording_05-30-25/annotated_sentence_segments/uid_ihIoefKsGwTDai7fGs9x3DyNvju2_sid_RO86s0yih5pRsOUYLcUy_1742503411_195799870_sentence_segment.wav",Then put her hlæn at her cheeks and thought about the next her next move,She put her hand on her chin and thought about her next move.
"/Users/liu.ying/University of Florida/Leite,Walter - Storiza Corpus Spring 2025/Storiza_Participant_Recording_05-30-25/annotated_sentence_segments/uid_ihIoefKsGwTDai7fGs9x3DyNvju2_sid_RO86s0yih5pRsOUYLcUy_1742503411_195799871_sentence_segment.wav",Then weeth with a swift swɪft kick she pushed the ball straight past the goalie,"Then, with a swift kick, she pushed the ball straight past the goalie."
"/Users/liu.ying/University of Florida/Leite,Walter - Storiza Corpus Spring 2025/Storiza_Participant_Recording_05-30-25/annotated_sentence_segments/uid_ihIoefKsGwTDai7fGs9x3DyNvju2_sid_RO86s0yih5pRsOUYLcUy_1742503411_195799872_sentence_segment.wav",Goal shouts her friends,"""Goal!"" shouted her friends."
"/Users/liu.ying/University of Florida/Leite,Walter - Storiza Corpus Spring 2025/Storiza_Participant_Recording_05-30-25/annotated_sentence_segments/uid_ihIoefKsGwTDai7fGs9x3DyNvju2_sid_RO86s0yih5pRsOUYLcUy_1742503411_195799873_sentence_segment.wav",and As the sun sets they cheered feeling proud of a game well-played,"As the sun set, they cheered, feeling proud of a game well-played."
"/Users/liu.ying/University of Florida/Leite,Walter - Storiza Corpus Spring 2025/Storiza_Participant_Recording_05-30-25/annotated_sentence_segments/uid_ihIoefKsGwTDai7fGs9x3DyNvju2_sid_RO86s0yih5pRsOUYLcUy_1742503411_195799874_sentence_segment.wav",Just as they packed up a cool breeze makes them pu pull their coats tight ending the day with smaɪɹz and plans for ən|nʌðɚ math ʌm another match,"Just as they packed up, a cool breeze made them pull their coats tight, ending the day with smiles and plans for another match tomorrow."
"/Users/liu.ying/University of Florida/Leite,Walter - Storiza Corpus Spring 2025/Storiza_Participant_Recording_05-30-25/annotated_sentence_segments/uid_mHWscHBXcoabM7fdw88AliGuPWw1_sid_myvjKGMQftYgFVPoNsC8_1741648000_195799875_sentence_segment.wav",In the læ:nd of mist and magics there was a unicorn named Chip,"In the land of mist and magic, there was a unicorn named Chip."
"/Users/liu.ying/University of Florida/Leite,Walter - Storiza Corpus Spring 2025/Storiza_Participant_Recording_05-30-25/annotated_sentence_segments/uid_mHWscHBXcoabM7fdw88AliGuPWw1_sid_myvjKGMQftYgFVPoNsC8_1741648000_195799876_sentence_segment.wav",Chip was not any unicorn he was a dɪkɛktɪv wɪf a sʃaɪni badge,Chip was not just any unicorn; he was a detective with a shiny badge.
"/Users/liu.ying/University of Florida/Leite,Walter - Storiza Corpus Spring 2025/Storiza_Participant_Recording_05-30-25/annotated_sentence_segments/uid_mHWscHBXcoabM7fdw88AliGuPWw1_sid_myvjKGMQftYgFVPoNsC8_1741648000_195799877_sentence_segment.wav",One day while sipping on a suwit drink near a the l:unch pines he hɔɪd a call:,"One day, while sipping on a sweet drink near the lush pines, he heard a call."
"/Users/liu.ying/University of Florida/Leite,Walter - Storiza Corpus Spring 2025/Storiza_Participant_Recording_05-30-25/annotated_sentence_segments/uid_mHWscHBXcoabM7fdw88AliGuPWw1_sid_myvjKGMQftYgFVPoNsC8_1741648000_195799878_sentence_segment.wav",The town's dʒɪ.dʒæm has,The town's jam had vanished!
"/Users/liu.ying/University of Florida/Leite,Walter - Storiza Corpus Spring 2025/Storiza_Participant_Recording_05-30-25/annotated_sentence_segments/uid_mHWscHBXcoabM7fdw88AliGuPWw1_sid_myvjKGMQftYgFVPoNsC8_1741648000_195799879_sentence_segment.wav",Chip towed went ð.ðə pæ:θ it this nose thinged wɪf this,"Chip trotted down the path, his nose twitching with excitement."
"/Users/liu.ying/University of Florida/Leite,Walter - Storiza Corpus Spring 2025/Storiza_Participant_Recording_05-30-25/annotated_sentence_segments/uid_mHWscHBXcoabM7fdw88AliGuPWw1_sid_myvjKGMQftYgFVPoNsC8_1741648000_195799880_sentence_segment.wav",Do not fear I'll solve this,"""Do not fear, I will solve this!"" he declared."
"/Users/liu.ying/University of Florida/Leite,Walter - Storiza Corpus Spring 2025/Storiza_Participant_Recording_05-30-25/annotated_sentence_segments/uid_lEq1lXM2xafR8w5blWO2OCG8VE93_sid_QZCzHYRZaTUgtwtpi6Sv_1743954193_195799881_sentence_segment.wav",Luke looked up at the block roof,Luke looked up at the block roof.
"/Users/liu.ying/University of Florida/Leite,Walter - Storiza Corpus Spring 2025/Storiza_Participant_Recording_05-30-25/annotated_sentence_segments/uid_lEq1lXM2xafR8w5blWO2OCG8VE93_sid_QZCzHYRZaTUgtwtpi6Sv_1743954193_195799882_sentence_segment.wav",Look The trees move ih move in the wind he sa said with a hʌʃ.ʃ,"""Look! The trees move in the wind!"" he said with a hush."
"/Users/liu.ying/University of Florida/Leite,Walter - Storiza Corpus Spring 2025/Storiza_Participant_Recording_05-30-25/annotated_sentence_segments/uid_lEq1lXM2xafR8w5blWO2OCG8VE93_sid_QZCzHYRZaTUgtwtpi6Sv_1743954193_195799883_sentence_segment.wav",In the Minecraft Movie DLC the wɜɹd was veɪst and kʊl,"In the Minecraft Movie DLC, the world was vast and cool."
"/Users/liu.ying/University of Florida/Leite,Walter - Storiza Corpus Spring 2025/Storiza_Participant_Recording_05-30-25/annotated_sentence_segments/uid_lEq1lXM2xafR8w5blWO2OCG8VE93_sid_QZCzHYRZaTUgtwtpi6Sv_1743954193_195799884_sentence_segment.wav",Should we push on and faɪn the hidden bɑk Luke ækskt his friends Mook,"""Should we push on and find the hidden book?"" Luke asked his friend, Mook."
"/Users/liu.ying/University of Florida/Leite,Walter - Storiza Corpus Spring 2025/Storiza_Participant_Recording_05-30-25/annotated_sentence_segments/uid_lEq1lXM2xafR8w5blWO2OCG8VE93_sid_QZCzHYRZaTUgtwtpi6Sv_1743954193_195799885_sentence_segment.wav",Mook ʃ:ʊk his head,Mook shook his head.
"/Users/liu.ying/University of Florida/Leite,Walter - Storiza Corpus Spring 2025/Storiza_Participant_Recording_05-30-25/annotated_sentence_segments/uid_lEq1lXM2xafR8w5blWO2OCG8VE93_sid_QZCzHYRZaTUgtwtpi6Sv_1743954193_195799886_sentence_segment.wav",Not yet Mook replend ɹɪpɹæk,"""Not yet,"" Mook replied."
"/Users/liu.ying/University of Florida/Leite,Walter - Storiza Corpus Spring 2025/Storiza_Participant_Recording_05-30-25/annotated_sentence_segments/uid_lEq1lXM2xafR8w5blWO2OCG8VE93_sid_QZCzHYRZaTUgtwtpi6Sv_1743954193_195799887_sentence_segment.wav",Let's build a noʊk to resist,"""Let's build a nook to rest."""
"/Users/liu.ying/University of Florida/Leite,Walter - Storiza Corpus Spring 2025/Storiza_Participant_Recording_05-30-25/annotated_sentence_segments/uid_lEq1lXM2xafR8w5blWO2OCG8VE93_sid_QZCzHYRZaTUgtwtpi6Sv_1743954193_195799888_sentence_segment.wav",They used wood and wool making a snʌk place,"They used wood and wool, making a snug place."
"/Users/liu.ying/University of Florida/Leite,Walter - Storiza Corpus Spring 2025/Storiza_Participant_Recording_05-30-25/annotated_sentence_segments/uid_lEq1lXM2xafR8w5blWO2OCG8VE93_sid_QZCzHYRZaTUgtwtpi6Sv_1743954193_195799889_sentence_segment.wav",Soon would they soon again,"Soon, they would venture again."
"/Users/liu.ying/University of Florida/Leite,Walter - Storiza Corpus Spring 2025/Storiza_Participant_Recording_05-30-25/annotated_sentence_segments/uid_lEq1lXM2xafR8w5blWO2OCG8VE93_sid_QZCzHYRZaTUgtwtpi6Sv_1743954193_195799890_sentence_segment.wav",But now under the dig|itals sky they'd play and  kʊ:k,"But now, under the digital sky, they'd play and cook."
"/Users/liu.ying/University of Florida/Leite,Walter - Storiza Corpus Spring 2025/Storiza_Participant_Recording_05-30-25/annotated_sentence_segments/uid_lEq1lXM2xafR8w5blWO2OCG8VE93_sid_QZCzHYRZaTUgtwtpi6Sv_1743954193_195799891_sentence_segment.wav",Their tiny nook was perfect,Their tiny nook was perfect.
"/Users/liu.ying/University of Florida/Leite,Walter - Storiza Corpus Spring 2025/Storiza_Participant_Recording_05-30-25/annotated_sentence_segments/uid_lEq1lXM2xafR8w5blWO2OCG8VE93_sid_QZCzHYRZaTUgtwtpi6Sv_1743954193_195799892_sentence_segment.wav",The friends lied bonding over their quest in pəs book,"The friends laughed, bonding over their quest in this pixelated book."
"/Users/liu.ying/University of Florida/Leite,Walter - Storiza Corpus Spring 2025/Storiza_Participant_Recording_05-30-25/annotated_sentence_segments/uid_CjlD9aGvoSfMhsnUwRIQlMr4IFp1_sid_RtxDiSxFul0yppqfezgP_1741403164_195799893_sentence_segment.wav",Nana and Sam had a plan,Nina and Sam had a plan.
"/Users/liu.ying/University of Florida/Leite,Walter - Storiza Corpus Spring 2025/Storiza_Participant_Recording_05-30-25/annotated_sentence_segments/uid_CjlD9aGvoSfMhsnUwRIQlMr4IFp1_sid_RtxDiSxFul0yppqfezgP_1741403164_195799894_sentence_segment.wav",They sat on a mat to play a game,They sat on a mat to play a game.
"/Users/liu.ying/University of Florida/Leite,Walter - Storiza Corpus Spring 2025/Storiza_Participant_Recording_05-30-25/annotated_sentence_segments/uid_CjlD9aGvoSfMhsnUwRIQlMr4IFp1_sid_RtxDiSxFul0yppqfezgP_1741403164_195799895_sentence_segment.wav",The game was a hit,The game was a hit!
"/Users/liu.ying/University of Florida/Leite,Walter - Storiza Corpus Spring 2025/Storiza_Participant_Recording_05-30-25/annotated_sentence_segments/uid_CjlD9aGvoSfMhsnUwRIQlMr4IFp1_sid_RtxDiSxFul0yppqfezgP_1741403164_195799896_sentence_segment.wav",Sam got a big win and Nana did a jig,"Sam got a big win, and Nina did a jig."
"/Users/liu.ying/University of Florida/Leite,Walter - Storiza Corpus Spring 2025/Storiza_Participant_Recording_05-30-25/annotated_sentence_segments/uid_CjlD9aGvoSfMhsnUwRIQlMr4IFp1_sid_RtxDiSxFul0yppqfezgP_1741403164_195799897_sentence_segment.wav",It was so fʌn:,It was so fun!
"/Users/liu.ying/University of Florida/Leite,Walter - Storiza Corpus Spring 2025/Storiza_Participant_Recording_05-30-25/annotated_sentence_segments/uid_CjlD9aGvoSfMhsnUwRIQlMr4IFp1_sid_RtxDiSxFul0yppqfezgP_1741403164_195799898_sentence_segment.wav",They clapped and had a snack,They clapped and had a snack.
"/Users/liu.ying/University of Florida/Leite,Walter - Storiza Corpus Spring 2025/Storiza_Participant_Recording_05-30-25/annotated_sentence_segments/uid_CjlD9aGvoSfMhsnUwRIQlMr4IFp1_sid_RtxDiSxFul0yppqfezgP_1741403164_195799899_sentence_segment.wav",At ð.ðə ɛn:d they said That was a blæs Let's play again,"At the end, they said, ""That was a blast. Let's play again!"""
"/Users/liu.ying/University of Florida/Leite,Walter - Storiza Corpus Spring 2025/Storiza_Participant_Recording_05-30-25/annotated_sentence_segments/uid_MxRr8Ht6WZT2EokHSRsT2U2Pq3h1_sid_2QdszNsHLvc54XK7PI9w_1742333475_195799900_sentence_segment.wav",Once upon a time wɑɹioʊ found a green tree in və park,"Once upon a time, Mario found a green tree in the park."
"/Users/liu.ying/University of Florida/Leite,Walter - Storiza Corpus Spring 2025/Storiza_Participant_Recording_05-30-25/annotated_sentence_segments/uid_MxRr8Ht6WZT2EokHSRsT2U2Pq3h1_sid_2QdszNsHLvc54XK7PI9w_1742333475_195799901_sentence_segment.wav",He p He poke peek peeked and saw the there three free bees buzzing wɪf glee,He peeked in and saw three bees buzzing with glee.
"/Users/liu.ying/University of Florida/Leite,Walter - Storiza Corpus Spring 2025/Storiza_Participant_Recording_05-30-25/annotated_sentence_segments/uid_MxRr8Ht6WZT2EokHSRsT2U2Pq3h1_sid_2QdszNsHLvc54XK7PI9w_1742333475_195799902_sentence_segment.wav",Mario loves və bees and wanted wanted to help,Mario loved the bees and wanted to help.
"/Users/liu.ying/University of Florida/Leite,Walter - Storiza Corpus Spring 2025/Storiza_Participant_Recording_05-30-25/annotated_sentence_segments/uid_MxRr8Ht6WZT2EokHSRsT2U2Pq3h1_sid_2QdszNsHLvc54XK7PI9w_1742333475_195799903_sentence_segment.wav",He decide to plant more trees to keep fɛm happy,He decided to plant more trees to keep them happy.
"/Users/liu.ying/University of Florida/Leite,Walter - Storiza Corpus Spring 2025/Storiza_Participant_Recording_05-30-25/annotated_sentence_segments/uid_MxRr8Ht6WZT2EokHSRsT2U2Pq3h1_sid_2QdszNsHLvc54XK7PI9w_1742333475_195799904_sentence_segment.wav",By the end of the day Mario had planted seven seeds and ð.ðə bees danced around him in go-ahead d itskapt the second part di|laɪt delight,"By the end of the day, Mario had planted seven seeds, and the bees danced around him in delight."
"/Users/liu.ying/University of Florida/Leite,Walter - Storiza Corpus Spring 2025/Storiza_Participant_Recording_05-30-25/annotated_sentence_segments/uid_MxRr8Ht6WZT2EokHSRsT2U2Pq3h1_sid_2QdszNsHLvc54XK7PI9w_1742333475_195799905_sentence_segment.wav",Mario felt vɛwi pleased at the sun set on a job well done,Mario felt very pleased as the sun set on a job well done.
"/Users/liu.ying/University of Florida/Leite,Walter - Storiza Corpus Spring 2025/Storiza_Participant_Recording_05-30-25/annotated_sentence_segments/uid_mHWscHBXcoabM7fdw88AliGuPWw1_sid_3dyK1DI6xciT4qlkUGa3_1741993316_195799906_sentence_segment.wav",Once apon of fuh a wʌnts eɪ band of five brave pipes set sail on the sea,"Once, a band of five brave pirates set sail on the sea."
"/Users/liu.ying/University of Florida/Leite,Walter - Storiza Corpus Spring 2025/Storiza_Participant_Recording_05-30-25/annotated_sentence_segments/uid_mHWscHBXcoabM7fdw88AliGuPWw1_sid_3dyK1DI6xciT4qlkUGa3_1741993316_195799907_sentence_segment.wav",They faʊ:nd a big tʃɛs on a small island,They found a big chest on a small island.
"/Users/liu.ying/University of Florida/Leite,Walter - Storiza Corpus Spring 2025/Storiza_Participant_Recording_05-30-25/annotated_sentence_segments/uid_mHWscHBXcoabM7fdw88AliGuPWw1_sid_3dyK1DI6xciT4qlkUGa3_1741993316_195799908_sentence_segment.wav",Inside the chest they  sɔg gold the ch: and shiny jewels,"Inside the chest, they saw gold and shiny jewels."
"/Users/liu.ying/University of Florida/Leite,Walter - Storiza Corpus Spring 2025/Storiza_Participant_Recording_05-30-25/annotated_sentence_segments/uid_mHWscHBXcoabM7fdw88AliGuPWw1_sid_3dyK1DI6xciT4qlkUGa3_1741993316_195799909_sentence_segment.wav",What a great find said kæb Jack said Captain Jack,"""What a grand find!"" said Captain Jack."
"/Users/liu.ying/University of Florida/Leite,Walter - Storiza Corpus Spring 2025/Storiza_Participant_Recording_05-30-25/annotated_sentence_segments/uid_mHWscHBXcoabM7fdw88AliGuPWw1_sid_3dyK1DI6xciT4qlkUGa3_1741993316_195799910_sentence_segment.wav",The pirates danced and sang wɪf ɡli:,The pirates danced and sang with glee.
"/Users/liu.ying/University of Florida/Leite,Walter - Storiza Corpus Spring 2025/Storiza_Participant_Recording_05-30-25/annotated_sentence_segments/uid_mHWscHBXcoabM7fdw88AliGuPWw1_sid_3dyK1DI6xciT4qlkUGa3_1741993316_195799911_sentence_segment.wav",But soon they heard a loud kɹæs from their ship,"But soon, they heard a loud crash from their ship."
"/Users/liu.ying/University of Florida/Leite,Walter - Storiza Corpus Spring 2025/Storiza_Participant_Recording_05-30-25/annotated_sentence_segments/uid_mHWscHBXcoabM7fdw88AliGuPWw1_sid_3dyK1DI6xciT4qlkUGa3_1741993316_195799912_sentence_segment.wav",It's the storm shouted Tom,"""It's the storm!"" shouted Tom."
"/Users/liu.ying/University of Florida/Leite,Walter - Storiza Corpus Spring 2025/Storiza_Participant_Recording_05-30-25/annotated_sentence_segments/uid_mHWscHBXcoabM7fdw88AliGuPWw1_sid_3dyK1DI6xciT4qlkUGa3_1741993316_195799913_sentence_segment.wav",We must leave now,"""We must leave now!"""
"/Users/liu.ying/University of Florida/Leite,Walter - Storiza Corpus Spring 2025/Storiza_Participant_Recording_05-30-25/annotated_sentence_segments/uid_mHWscHBXcoabM7fdw88AliGuPWw1_sid_3dyK1DI6xciT4qlkUGa3_1741993316_195799914_sentence_segment.wav",With hæst they picked the treasure chesh picked it the treasure chest and dashed back to the ship,"With haste, they packed the treasures and dashed back to the ship."
"/Users/liu.ying/University of Florida/Leite,Walter - Storiza Corpus Spring 2025/Storiza_Participant_Recording_05-30-25/annotated_sentence_segments/uid_mHWscHBXcoabM7fdw88AliGuPWw1_sid_3dyK1DI6xciT4qlkUGa3_1741993316_195799915_sentence_segment.wav",s:eɪfli on board they sailed away leaving the storm behind,"Safely on board, they sailed away, leaving the storm behind."
"/Users/liu.ying/University of Florida/Leite,Walter - Storiza Corpus Spring 2025/Storiza_Participant_Recording_05-30-25/annotated_sentence_segments/uid_mHWscHBXcoabM7fdw88AliGuPWw1_sid_3dyK1DI6xciT4qlkUGa3_1741993316_195799916_sentence_segment.wav",We did it cheered Mary,"""We did it!"" cheered Mary."
"/Users/liu.ying/University of Florida/Leite,Walter - Storiza Corpus Spring 2025/Storiza_Participant_Recording_05-30-25/annotated_sentence_segments/uid_mHWscHBXcoabM7fdw88AliGuPWw1_sid_3dyK1DI6xciT4qlkUGa3_1741993316_195799917_sentence_segment.wav",And so the pirates sɛld to their next big əvɛntʃɚ,"And so, the pirates sailed to their next big adventure."
"/Users/liu.ying/University of Florida/Leite,Walter - Storiza Corpus Spring 2025/Storiza_Participant_Recording_05-30-25/annotated_sentence_segments/uid_eQ9VyOzVOCQWR7uTGBGzvfh3rUJ2_sid_a8eZ9XHvZdKivz3bFdHW_1743175416_195799918_sentence_segment.wav",once There was a young girl her name was Mia who was told she was a princess,"There once was a young girl named Mia, who was told she was a princess."
"/Users/liu.ying/University of Florida/Leite,Walter - Storiza Corpus Spring 2025/Storiza_Participant_Recording_05-30-25/annotated_sentence_segments/uid_eQ9VyOzVOCQWR7uTGBGzvfh3rUJ2_sid_a8eZ9XHvZdKivz3bFdHW_1743175416_195799919_sentence_segment.wav",She was a big pink f|r|roke and her shiny crown,"She wore a big, pink frock and a shiny crown."
"/Users/liu.ying/University of Florida/Leite,Walter - Storiza Corpus Spring 2025/Storiza_Participant_Recording_05-30-25/annotated_sentence_segments/uid_eQ9VyOzVOCQWR7uTGBGzvfh3rUJ2_sid_a8eZ9XHvZdKivz3bFdHW_1743175416_195799920_sentence_segment.wav",But Mia did not like a ɹɔɪəl: cliggy clock clink clicking what was her pl:eɪtaɪm,But Mia did not like the royal clock ticking away her playtime.
"/Users/liu.ying/University of Florida/Leite,Walter - Storiza Corpus Spring 2025/Storiza_Participant_Recording_05-30-25/annotated_sentence_segments/uid_eQ9VyOzVOCQWR7uTGBGzvfh3rUJ2_sid_a8eZ9XHvZdKivz3bFdHW_1743175416_195799921_sentence_segment.wav",She  pink to be pink dress in her back  and run with a duck,She longed to pick daisies in the back garden and run with the duck.
"/Users/liu.ying/University of Florida/Leite,Walter - Storiza Corpus Spring 2025/Storiza_Participant_Recording_05-30-25/annotated_sentence_segments/uid_eQ9VyOzVOCQWR7uTGBGzvfh3rUJ2_sid_a8eZ9XHvZdKivz3bFdHW_1743175416_195799923_sentence_segment.wav",ʃ:i had fun jump and kɪk|ɪŋ rock,She had fun jumping and kicking rocks.
"/Users/liu.ying/University of Florida/Leite,Walter - Storiza Corpus Spring 2025/Storiza_Participant_Recording_05-30-25/annotated_sentence_segments/uid_eQ9VyOzVOCQWR7uTGBGzvfh3rUJ2_sid_a8eZ9XHvZdKivz3bFdHW_1743175416_195799925_sentence_segment.wav",Though T Through her little said princess miə|s heart chose to be different  track  with  with her  miə happy Mia,"Though her title said ""princess,"" Mia's heart chose a different track, one with no bounds, where she was simply happy Mia."
"/Users/liu.ying/University of Florida/Leite,Walter - Storiza Corpus Spring 2025/Storiza_Participant_Recording_05-30-25/annotated_sentence_segments/uid_ihIoefKsGwTDai7fGs9x3DyNvju2_sid_rRyldMhDpQ6c2k4qHgO3_1742504648_195799926_sentence_segment.wav",In the harm of the school Mark and Sara (gasp) started art class,"In the heart of the school, Mark and Sara started art class."
"/Users/liu.ying/University of Florida/Leite,Walter - Storiza Corpus Spring 2025/Storiza_Participant_Recording_05-30-25/annotated_sentence_segments/uid_XmxSYUZAj4dRqSczt2clQkDf31M2_sid_NxoVXDkmYhch9d9VLsD1_1741231226_195799927_sentence_segment.wav", upon a time a:n in a fairy way kingdom a picture princess lived in a castle,"Once upon a time, in a faraway kingdom, a princess lived in a castle."
"/Users/liu.ying/University of Florida/Leite,Walter - Storiza Corpus Spring 2025/Storiza_Participant_Recording_05-30-25/annotated_sentence_segments/uid_XmxSYUZAj4dRqSczt2clQkDf31M2_sid_NxoVXDkmYhch9d9VLsD1_1741231226_195799928_sentence_segment.wav",Her best friend was a magical unicorn,Her best friend was a magical unicorn.
"/Users/liu.ying/University of Florida/Leite,Walter - Storiza Corpus Spring 2025/Storiza_Participant_Recording_05-30-25/annotated_sentence_segments/uid_XmxSYUZAj4dRqSczt2clQkDf31M2_sid_NxoVXDkmYhch9d9VLsD1_1741231226_195799929_sentence_segment.wav",They lʌ:vd to play in the sunshine ex|pecially flowerbeds æ:nd̚ have fun in,"They loved to play in the sunshine, exploring flowerbeds and having fun."
"/Users/liu.ying/University of Florida/Leite,Walter - Storiza Corpus Spring 2025/Storiza_Participant_Recording_05-30-25/annotated_sentence_segments/uid_XmxSYUZAj4dRqSczt2clQkDf31M2_sid_NxoVXDkmYhch9d9VLsD1_1741231226_195799930_sentence_segment.wav",One day they found a hidden path leading to a beautiful waterfall,"One day, they found a hidden path leading to a beautiful waterfall."
"/Users/liu.ying/University of Florida/Leite,Walter - Storiza Corpus Spring 2025/Storiza_Participant_Recording_05-30-25/annotated_sentence_segments/uid_XmxSYUZAj4dRqSczt2clQkDf31M2_sid_NxoVXDkmYhch9d9VLsD1_1741231226_195799931_sentence_segment.wav",They The water sparkled like jewels ðə and ðə princess made a wish,"The water sparkled like jewels, and the princess made a wish."
"/Users/liu.ying/University of Florida/Leite,Walter - Storiza Corpus Spring 2025/Storiza_Participant_Recording_05-30-25/annotated_sentence_segments/uid_XmxSYUZAj4dRqSczt2clQkDf31M2_sid_NxoVXDkmYhch9d9VLsD1_1741231226_195799932_sentence_segment.wav",ðə: unicorn nod her nod nɑdɪdɛ he.happily and they dance ʌntɪl set sunset,"The unicorn nodded happily, and they danced till sunset."
"/Users/liu.ying/University of Florida/Leite,Walter - Storiza Corpus Spring 2025/Storiza_Participant_Recording_05-30-25/annotated_sentence_segments/uid_XmxSYUZAj4dRqSczt2clQkDf31M2_sid_NxoVXDkmYhch9d9VLsD1_1741231226_195799933_sentence_segment.wav",As night fell they understood remembered to: the kæsəld promise to visit their secret spot again,"As night fell, they returned to the castle, promising to visit their secret spot again."
"/Users/liu.ying/University of Florida/Leite,Walter - Storiza Corpus Spring 2025/Storiza_Participant_Recording_05-30-25/annotated_sentence_segments/uid_XmxSYUZAj4dRqSczt2clQkDf31M2_sid_NxoVXDkmYhch9d9VLsD1_1741231226_195799934_sentence_segment.wav",The and The princess w and her unicorn knew their friendship was as bright as a star fɔɹ lightning fɔɹ lightning forever lightni laɪt their above əbɹuv,"The princess and her unicorn knew their friendship was as bright as the stars, forever lighting their adventures."
"/Users/liu.ying/University of Florida/Leite,Walter - Storiza Corpus Spring 2025/Storiza_Participant_Recording_05-30-25/annotated_sentence_segments/uid_d4lLmJzVbJaLpyCuafResXOry3t2_sid_rcTNhF88C79EqtExGJfr_1742502803_195799935_sentence_segment.wav",In a small corner of Emma Emma's room her stə|f:is sat in a cluster,"In a small corner of Emma's room, her stuffies sat in a cluster."
"/Users/liu.ying/University of Florida/Leite,Walter - Storiza Corpus Spring 2025/Storiza_Participant_Recording_05-30-25/annotated_sentence_segments/uid_d4lLmJzVbJaLpyCuafResXOry3t2_sid_rcTNhF88C79EqtExGJfr_1742502803_195799936_sentence_segment.wav",They were her favorite pals ever,They were her favorite pals ever.
"/Users/liu.ying/University of Florida/Leite,Walter - Storiza Corpus Spring 2025/Storiza_Participant_Recording_05-30-25/annotated_sentence_segments/uid_d4lLmJzVbJaLpyCuafResXOry3t2_sid_rcTNhF88C79EqtExGJfr_1742502803_195799937_sentence_segment.wav",Every m evening Emma would gather them together s ʃɑɹɪŋ stɔɹiz sharing stɔɹiz about her day,"Every evening, Emma would gather them together, sharing stories about her day."
"/Users/liu.ying/University of Florida/Leite,Walter - Storiza Corpus Spring 2025/Storiza_Participant_Recording_05-30-25/annotated_sentence_segments/uid_d4lLmJzVbJaLpyCuafResXOry3t2_sid_rcTNhF88C79EqtExGJfr_1742502803_195799938_sentence_segment.wav",there [wɝ]   Fred    lɪsn:d in [ɪnt(ə)ɹəst]  Bret  [bɛæɹ]     ,"There was Fred, the tiger, who listened with interest, and Bert, the bear, who always seemed to cheer."
"/Users/liu.ying/University of Florida/Leite,Walter - Storiza Corpus Spring 2025/Storiza_Participant_Recording_05-30-25/annotated_sentence_segments/uid_d4lLmJzVbJaLpyCuafResXOry3t2_sid_rcTNhF88C79EqtExGJfr_1742502803_195799939_sentence_segment.wav",One day Emma noticed her stuffies  fort was f.fɔlɪŋ apart,"One day, Emma noticed her stuffy fort was falling apart."
"/Users/liu.ying/University of Florida/Leite,Walter - Storiza Corpus Spring 2025/Storiza_Participant_Recording_05-30-25/annotated_sentence_segments/uid_d4lLmJzVbJaLpyCuafResXOry3t2_sid_rcTNhF88C79EqtExGJfr_1742502803_195799940_sentence_segment.wav",Under she organized them making it even better,"Undeterred, she rearranged them, making it even better."
"/Users/liu.ying/University of Florida/Leite,Walter - Storiza Corpus Spring 2025/Storiza_Participant_Recording_05-30-25/annotated_sentence_segments/uid_d4lLmJzVbJaLpyCuafResXOry3t2_sid_rcTNhF88C79EqtExGJfr_1742502803_195799941_sentence_segment.wav",The stuffies loved their new home and Fred ɹoʊd in apraaaaval,"The stuffies loved their new home, and Fred roared in approval."
"/Users/liu.ying/University of Florida/Leite,Walter - Storiza Corpus Spring 2025/Storiza_Participant_Recording_05-30-25/annotated_sentence_segments/uid_d4lLmJzVbJaLpyCuafResXOry3t2_sid_rcTNhF88C79EqtExGJfr_1742502803_195799942_sentence_segment.wav",Emma smiled feeling proud,"Emma smiled, feeling proud."
"/Users/liu.ying/University of Florida/Leite,Walter - Storiza Corpus Spring 2025/Storiza_Participant_Recording_05-30-25/annotated_sentence_segments/uid_d4lLmJzVbJaLpyCuafResXOry3t2_sid_rcTNhF88C79EqtExGJfr_1742502803_195799943_sentence_segment.wav",Her stuffies sat under th the bright lamp ready for another day of əvɛntʃɚz with Emma near,"Her stuffies sat under the bright lamp, ready for another day of adventures with Emma near."
"/Users/liu.ying/University of Florida/Leite,Walter - Storiza Corpus Spring 2025/Storiza_Participant_Recording_05-30-25/annotated_sentence_segments/uid_0FdMSMtn95PJ9tLFeW3F4sFLPMh1_sid_PzCPrPJB9BiIogeRJC8Z_1743129370_195799944_sentence_segment.wav",Once upon a ti:me a golden retriever named Sunny was playing in the meadow,"Once upon a time, a golden retriever named Sunny was playing in the meadow."
"/Users/liu.ying/University of Florida/Leite,Walter - Storiza Corpus Spring 2025/Storiza_Participant_Recording_05-30-25/annotated_sentence_segments/uid_0FdMSMtn95PJ9tLFeW3F4sFLPMh1_sid_PzCPrPJB9BiIogeRJC8Z_1743129370_195799945_sentence_segment.wav",The ground was rough and bumpy and Sunny was a strong dɑ:ɡ,"The ground was rough and bumpy, but Sunny was a strong dog."
"/Users/liu.ying/University of Florida/Leite,Walter - Storiza Corpus Spring 2025/Storiza_Participant_Recording_05-30-25/annotated_sentence_segments/uid_0FdMSMtn95PJ9tLFeW3F4sFLPMh1_sid_PzCPrPJB9BiIogeRJC8Z_1743129370_195799946_sentence_segment.wav",hi: loved to run leap æn bound wherever hi: could,"He loved to run, leap, and bound wherever he could."
"/Users/liu.ying/University of Florida/Leite,Walter - Storiza Corpus Spring 2025/Storiza_Participant_Recording_05-30-25/annotated_sentence_segments/uid_0FdMSMtn95PJ9tLFeW3F4sFLPMh1_sid_PzCPrPJB9BiIogeRJC8Z_1743129370_195799947_sentence_segment.wav",One day Sunny thought aɪ: I out to ɛ|ksploɹ: over the hill,"One day, Sunny thought, ""I ought to explore over the hill."""
"/Users/liu.ying/University of Florida/Leite,Walter - Storiza Corpus Spring 2025/Storiza_Participant_Recording_05-30-25/annotated_sentence_segments/uid_0FdMSMtn95PJ9tLFeW3F4sFLPMh1_sid_PzCPrPJB9BiIogeRJC8Z_1743129370_195799948_sentence_segment.wav",The meadow: was his favorite place but he knew there was new sights to see,"The meadow was his favorite place, but he knew there were new sights to see."
"/Users/liu.ying/University of Florida/Leite,Walter - Storiza Corpus Spring 2025/Storiza_Participant_Recording_05-30-25/annotated_sentence_segments/uid_0FdMSMtn95PJ9tLFeW3F4sFLPMh1_sid_PzCPrPJB9BiIogeRJC8Z_1743129370_195799949_sentence_segment.wav",Sunny trou troʊd over his tail wagging with blɪs:,"Sunny trotted over, his tail wagging with bliss."
"/Users/liu.ying/University of Florida/Leite,Walter - Storiza Corpus Spring 2025/Storiza_Participant_Recording_05-30-25/annotated_sentence_segments/uid_0FdMSMtn95PJ9tLFeW3F4sFLPMh1_sid_PzCPrPJB9BiIogeRJC8Z_1743129370_195799950_sentence_segment.wav",wɛ:n he reached the top hiə s:ɔ: a beautiful oak tree standing tall,"When he reached the top, he saw a beautiful oak tree standing tall."
"/Users/liu.ying/University of Florida/Leite,Walter - Storiza Corpus Spring 2025/Storiza_Participant_Recording_05-30-25/annotated_sentence_segments/uid_0FdMSMtn95PJ9tLFeW3F4sFLPMh1_sid_PzCPrPJB9BiIogeRJC8Z_1743129370_195799951_sentence_segment.wav",Below a lazy a cozy little pɑ:nd,Below it lay a cozy little pond.
"/Users/liu.ying/University of Florida/Leite,Walter - Storiza Corpus Spring 2025/Storiza_Participant_Recording_05-30-25/annotated_sentence_segments/uid_0FdMSMtn95PJ9tLFeW3F4sFLPMh1_sid_PzCPrPJB9BiIogeRJC8Z_1743129370_195799952_sentence_segment.wav",Sunny bound down ɛk|saɪtɪd to take a closer look,"Sunny bounded down, excited to take a closer look."
"/Users/liu.ying/University of Florida/Leite,Walter - Storiza Corpus Spring 2025/Storiza_Participant_Recording_05-30-25/annotated_sentence_segments/uid_0FdMSMtn95PJ9tLFeW3F4sFLPMh1_sid_PzCPrPJB9BiIogeRJC8Z_1743129370_195799953_sentence_segment.wav",The water was smooth and clear,The water was smooth and clear.
"/Users/liu.ying/University of Florida/Leite,Walter - Storiza Corpus Spring 2025/Storiza_Participant_Recording_05-30-25/annotated_sentence_segments/uid_0FdMSMtn95PJ9tLFeW3F4sFLPMh1_sid_PzCPrPJB9BiIogeRJC8Z_1743129370_195799954_sentence_segment.wav",He learned it to to see his reflection He leaned in to see his refrection and thought Woah this pɑndə is just ɹaɪ for a splash,"He leaned in to see his reflection and thought, ""Wow, this pond is just right for a splash."""
"/Users/liu.ying/University of Florida/Leite,Walter - Storiza Corpus Spring 2025/Storiza_Participant_Recording_05-30-25/annotated_sentence_segments/uid_0FdMSMtn95PJ9tLFeW3F4sFLPMh1_sid_PzCPrPJB9BiIogeRJC8Z_1743129370_195799955_sentence_segment.wav",Next the pond were a loaf of bread lying on the grass probably left over ʌm a picnicker,"Next to the pond, there was a loaf of bread lying on the grass, probably left by a picnicker."
"/Users/liu.ying/University of Florida/Leite,Walter - Storiza Corpus Spring 2025/Storiza_Participant_Recording_05-30-25/annotated_sentence_segments/uid_0FdMSMtn95PJ9tLFeW3F4sFLPMh1_sid_PzCPrPJB9BiIogeRJC8Z_1743129370_195799956_sentence_segment.wav",ʌ Sunny's nʌz twitched,Sunny's nose twitched.
"/Users/liu.ying/University of Florida/Leite,Walter - Storiza Corpus Spring 2025/Storiza_Participant_Recording_05-30-25/annotated_sentence_segments/uid_0FdMSMtn95PJ9tLFeW3F4sFLPMh1_sid_PzCPrPJB9BiIogeRJC8Z_1743129370_195799957_sentence_segment.wav",He thought it might be fun to give it a little nudge,He thought it might be fun to give it a little nudge.
"/Users/liu.ying/University of Florida/Leite,Walter - Storiza Corpus Spring 2025/Storiza_Participant_Recording_05-30-25/annotated_sentence_segments/uid_0FdMSMtn95PJ9tLFeW3F4sFLPMh1_sid_PzCPrPJB9BiIogeRJC8Z_1743129370_195799958_sentence_segment.wav",So he did,So he did!
"/Users/liu.ying/University of Florida/Leite,Walter - Storiza Corpus Spring 2025/Storiza_Participant_Recording_05-30-25/annotated_sentence_segments/uid_0FdMSMtn95PJ9tLFeW3F4sFLPMh1_sid_PzCPrPJB9BiIogeRJC8Z_1743129370_195799959_sentence_segment.wav",The loʊfu rolled rup and sih near the water's edge,The loaf rolled and stopped near the water's edge.
"/Users/liu.ying/University of Florida/Leite,Walter - Storiza Corpus Spring 2025/Storiza_Participant_Recording_05-30-25/annotated_sentence_segments/uid_0FdMSMtn95PJ9tLFeW3F4sFLPMh1_sid_PzCPrPJB9BiIogeRJC8Z_1743129370_195799960_sentence_segment.wav",As the sun began to set Sunny wagged his tail ail: again feeling happy he st|iffed stiffed,"As the sun began to set, Sunny wagged his tail again, feeling happy and satisfied."
"/Users/liu.ying/University of Florida/Leite,Walter - Storiza Corpus Spring 2025/Storiza_Participant_Recording_05-30-25/annotated_sentence_segments/uid_0FdMSMtn95PJ9tLFeW3F4sFLPMh1_sid_PzCPrPJB9BiIogeRJC8Z_1743129370_195799961_sentence_segment.wav",He knew he wʊ:d return tomorrow to play a more ,He knew he would return tomorrow to play some more.
"/Users/liu.ying/University of Florida/Leite,Walter - Storiza Corpus Spring 2025/Storiza_Participant_Recording_05-30-25/annotated_sentence_segments/uid_0FdMSMtn95PJ9tLFeW3F4sFLPMh1_sid_PzCPrPJB9BiIogeRJC8Z_1743129370_195799962_sentence_segment.wav",The day had just been the adventure he had hoped,The day had been just the adventure he had hoped for.
"/Users/liu.ying/University of Florida/Leite,Walter - Storiza Corpus Spring 2025/Storiza_Participant_Recording_05-30-25/annotated_sentence_segments/uid_qgT735VZ7OPJmWzvIgZGZAchHgD2_sid_F5kGIH0AyeRaOjCSVl6i_1742415864_195799963_sentence_segment.wav",Clara loved playing softball,Clara loved playing softball.
"/Users/liu.ying/University of Florida/Leite,Walter - Storiza Corpus Spring 2025/Storiza_Participant_Recording_05-30-25/annotated_sentence_segments/uid_qgT735VZ7OPJmWzvIgZGZAchHgD2_sid_F5kGIH0AyeRaOjCSVl6i_1742415864_195799964_sentence_segment.wav",every saturday [ʃi:] [wo:ɹ] her lucky red cap and went to the park,"Every Saturday, she wore her lucky red cap and went to the park."
"/Users/liu.ying/University of Florida/Leite,Walter - Storiza Corpus Spring 2025/Storiza_Participant_Recording_05-30-25/annotated_sentence_segments/uid_qgT735VZ7OPJmWzvIgZGZAchHgD2_sid_F5kGIH0AyeRaOjCSVl6i_1742415864_195799965_sentence_segment.wav",her father was always there to cheer her on,Her father was always there to cheer her on.
"/Users/liu.ying/University of Florida/Leite,Walter - Storiza Corpus Spring 2025/Storiza_Participant_Recording_05-30-25/annotated_sentence_segments/uid_qgT735VZ7OPJmWzvIgZGZAchHgD2_sid_F5kGIH0AyeRaOjCSVl6i_1742415864_195799966_sentence_segment.wav",they would arrive early to warm up,They would arrive early to warm up.
"/Users/liu.ying/University of Florida/Leite,Walter - Storiza Corpus Spring 2025/Storiza_Participant_Recording_05-30-25/annotated_sentence_segments/uid_qgT735VZ7OPJmWzvIgZGZAchHgD2_sid_F5kGIH0AyeRaOjCSVl6i_1742415864_195799967_sentence_segment.wav",klæɹ practice hitting the ball far æ:nd θɹ:oʊɪŋ with her arm,Clara practiced hitting the ball far and throwing with her arm.
"/Users/liu.ying/University of Florida/Leite,Walter - Storiza Corpus Spring 2025/Storiza_Participant_Recording_05-30-25/annotated_sentence_segments/uid_qgT735VZ7OPJmWzvIgZGZAchHgD2_sid_F5kGIH0AyeRaOjCSVl6i_1742415864_195799968_sentence_segment.wav",and her friend Fern was the ffirs to join her on the field,"Her friend, Fern, was the first to join her on the field."
"/Users/liu.ying/University of Florida/Leite,Walter - Storiza Corpus Spring 2025/Storiza_Participant_Recording_05-30-25/annotated_sentence_segments/uid_qgT735VZ7OPJmWzvIgZGZAchHgD2_sid_F5kGIH0AyeRaOjCSVl6i_1742415864_195799969_sentence_segment.wav",The game began and klæɹ was the fɝs to bat,"The game began, and Clara was the first to bat."
"/Users/liu.ying/University of Florida/Leite,Walter - Storiza Corpus Spring 2025/Storiza_Participant_Recording_05-30-25/annotated_sentence_segments/uid_qgT735VZ7OPJmWzvIgZGZAchHgD2_sid_F5kGIH0AyeRaOjCSVl6i_1742415864_195799970_sentence_segment.wav",She swʌŋ: hard and hit the ball over the fence,She swung hard and hit the ball over the fence.
"/Users/liu.ying/University of Florida/Leite,Walter - Storiza Corpus Spring 2025/Storiza_Participant_Recording_05-30-25/annotated_sentence_segments/uid_qgT735VZ7OPJmWzvIgZGZAchHgD2_sid_F5kGIH0AyeRaOjCSVl6i_1742415864_195799971_sentence_segment.wav",The klæɹ run shouts her fɑ:ðɚ,"""Run, Clara, run!"" shouted her father."
"/Users/liu.ying/University of Florida/Leite,Walter - Storiza Corpus Spring 2025/Storiza_Participant_Recording_05-30-25/annotated_sentence_segments/uid_qgT735VZ7OPJmWzvIgZGZAchHgD2_sid_F5kGIH0AyeRaOjCSVl6i_1742415864_195799972_sentence_segment.wav",klæɹ ran aroun the bases her hhit bases her heart racing with excitement,"Clara ran around the bases, her heart racing with excitement."
"/Users/liu.ying/University of Florida/Leite,Walter - Storiza Corpus Spring 2025/Storiza_Participant_Recording_05-30-25/annotated_sentence_segments/uid_qgT735VZ7OPJmWzvIgZGZAchHgD2_sid_F5kGIH0AyeRaOjCSVl6i_1742415864_195799973_sentence_segment.wav",The game ended with klæɹz team winning,The game ended with Clara's team winning.
"/Users/liu.ying/University of Florida/Leite,Walter - Storiza Corpus Spring 2025/Storiza_Participant_Recording_05-30-25/annotated_sentence_segments/uid_qgT735VZ7OPJmWzvIgZGZAchHgD2_sid_F5kGIH0AyeRaOjCSVl6i_1742415864_195799974_sentence_segment.wav",Exhausted but happy klæɹ and her father sɛləbɹeɪd with ice cream,"Exhausted but happy, Clara and her father celebrated with ice cream."
"/Users/liu.ying/University of Florida/Leite,Walter - Storiza Corpus Spring 2025/Storiza_Participant_Recording_05-30-25/annotated_sentence_segments/uid_qgT735VZ7OPJmWzvIgZGZAchHgD2_sid_F5kGIH0AyeRaOjCSVl6i_1742415864_195799975_sentence_segment.wav",And they walked home klæɹ felt proud,"As they walked home, Clara felt proud."
"/Users/liu.ying/University of Florida/Leite,Walter - Storiza Corpus Spring 2025/Storiza_Participant_Recording_05-30-25/annotated_sentence_segments/uid_qgT735VZ7OPJmWzvIgZGZAchHgD2_sid_F5kGIH0AyeRaOjCSVl6i_1742415864_195799976_sentence_segment.wav",Playing sɐfbɐl was her favorite part of the week,Playing softball was her favorite part of the week.
"/Users/liu.ying/University of Florida/Leite,Walter - Storiza Corpus Spring 2025/Storiza_Participant_Recording_05-30-25/annotated_sentence_segments/uid_Sn3Nw7A3OmOkiMXEFjEyRusLuuo2_sid_caRe3xv2JyxYcZYLHwBs_1741736883_195799977_sentence_segment.wav",kælɐin put on her swim cap and went to the pu:l,Caroline put on her swim cap and went to the pool.
"/Users/liu.ying/University of Florida/Leite,Walter - Storiza Corpus Spring 2025/Storiza_Participant_Recording_05-30-25/annotated_sentence_segments/uid_Sn3Nw7A3OmOkiMXEFjEyRusLuuo2_sid_caRe3xv2JyxYcZYLHwBs_1741736883_195799978_sentence_segment.wav",here Her two cats m:æks and bɛl:ə  wahtch|ed watch|did for də deck,"Her two cats, Max and Bella, watched from the deck."
"/Users/liu.ying/University of Florida/Leite,Walter - Storiza Corpus Spring 2025/Storiza_Participant_Recording_05-30-25/annotated_sentence_segments/uid_Sn3Nw7A3OmOkiMXEFjEyRusLuuo2_sid_caRe3xv2JyxYcZYLHwBs_1741736883_195799979_sentence_segment.wav",kɛɹəˌwaɪn did a big splash with a ʑʌmp,Caroline did a big splash with a jump.
"/Users/liu.ying/University of Florida/Leite,Walter - Storiza Corpus Spring 2025/Storiza_Participant_Recording_05-30-25/annotated_sentence_segments/uid_Sn3Nw7A3OmOkiMXEFjEyRusLuuo2_sid_caRe3xv2JyxYcZYLHwBs_1741736883_195799980_sentence_segment.wav",The cats wished ð:eɪ cold called twimming swim too,The cats wished they could swim too.
"/Users/liu.ying/University of Florida/Leite,Walter - Storiza Corpus Spring 2025/Storiza_Participant_Recording_05-30-25/annotated_sentence_segments/uid_Sn3Nw7A3OmOkiMXEFjEyRusLuuo2_sid_caRe3xv2JyxYcZYLHwBs_1741736883_195799981_sentence_segment.wav",kɛɹəˌwaɪn /ə:læf̚t/ kæθ    ðæt  ku:l,"Caroline laughed, ""Cats in the pool? That'd be cool!"""
"/Users/liu.ying/University of Florida/Leite,Walter - Storiza Corpus Spring 2025/Storiza_Participant_Recording_05-30-25/annotated_sentence_segments/uid_Sn3Nw7A3OmOkiMXEFjEyRusLuuo2_sid_caRe3xv2JyxYcZYLHwBs_1741736883_195799982_sentence_segment.wav",Max and Bell Bella mhm napped in the sun drem dreaming of big fish,"Max and Bella napped in the sun, dreaming of big fish."
"/Users/liu.ying/University of Florida/Leite,Walter - Storiza Corpus Spring 2025/Storiza_Participant_Recording_05-30-25/annotated_sentence_segments/uid_Sn3Nw7A3OmOkiMXEFjEyRusLuuo2_sid_caRe3xv2JyxYcZYLHwBs_1741736883_195799983_sentence_segment.wav",Caroline s|wæm fast f:|ishing her swim as the s:ʌn set s|.stɪl ɡəlɪlɪŋ at her cats ɛntz,"Caroline swam fast, finishing her swim as the sun set, still giggling at her cats' antics."
"/Users/liu.ying/University of Florida/Leite,Walter - Storiza Corpus Spring 2025/Storiza_Participant_Recording_05-30-25/annotated_sentence_segments/uid_zIPazMYB9WUmRZJJLlrBka2GK663_sid_otLJZhWyMisfQ2v6fxWB_1741638816_195799984_sentence_segment.wav",It's going now Lilly lived happily in a small village by the sea sea,Lilly lived happily in a small village by the sea.
"/Users/liu.ying/University of Florida/Leite,Walter - Storiza Corpus Spring 2025/Storiza_Participant_Recording_05-30-25/annotated_sentence_segments/uid_zIPazMYB9WUmRZJJLlrBka2GK663_sid_otLJZhWyMisfQ2v6fxWB_1741638816_195799985_sentence_segment.wav",She smiled brightly every morning while watching the sun rise slowly,She smiled brightly every morning while watching the sun rise slowly.
"/Users/liu.ying/University of Florida/Leite,Walter - Storiza Corpus Spring 2025/Storiza_Participant_Recording_05-30-25/annotated_sentence_segments/uid_zIPazMYB9WUmRZJJLlrBka2GK663_sid_otLJZhWyMisfQ2v6fxWB_1741638816_195799986_sentence_segment.wav",Her sister Molly often joined her and they would chat cheerfully about their day ahead,"Her sister Molly often joined her, and they would chat cheerfully about their day ahead."
"/Users/liu.ying/University of Florida/Leite,Walter - Storiza Corpus Spring 2025/Storiza_Participant_Recording_05-30-25/annotated_sentence_segments/uid_zIPazMYB9WUmRZJJLlrBka2GK663_sid_otLJZhWyMisfQ2v6fxWB_1741638816_195799987_sentence_segment.wav",One day they decided to explore a nearby hill,"One day, they decided to explore a nearby hill."
"/Users/liu.ying/University of Florida/Leite,Walter - Storiza Corpus Spring 2025/Storiza_Participant_Recording_05-30-25/annotated_sentence_segments/uid_zIPazMYB9WUmRZJJLlrBka2GK663_sid_otLJZhWyMisfQ2v6fxWB_1741638816_195799988_sentence_segment.wav",Molly packed a lovely picnic and they set off chant chanting busily,"Molly packed a lovely picnic, and they set off, chatting busily."
"/Users/liu.ying/University of Florida/Leite,Walter - Storiza Corpus Spring 2025/Storiza_Participant_Recording_05-30-25/annotated_sentence_segments/uid_zIPazMYB9WUmRZJJLlrBka2GK663_sid_otLJZhWyMisfQ2v6fxWB_1741638816_195799989_sentence_segment.wav",The path was rocky but they walk carefully helping ea each each other over the rough spots,"The path was rocky, but they walked carefully, helping each other over the rough spots."
"/Users/liu.ying/University of Florida/Leite,Walter - Storiza Corpus Spring 2025/Storiza_Participant_Recording_05-30-25/annotated_sentence_segments/uid_zIPazMYB9WUmRZJJLlrBka2GK663_sid_otLJZhWyMisfQ2v6fxWB_1741638816_195799990_sentence_segment.wav",The top of the hill often a stunning view,The top of the hill offered a stunning view.
"/Users/liu.ying/University of Florida/Leite,Walter - Storiza Corpus Spring 2025/Storiza_Participant_Recording_05-30-25/annotated_sentence_segments/uid_zIPazMYB9WUmRZJJLlrBka2GK663_sid_otLJZhWyMisfQ2v6fxWB_1741638816_195799991_sentence_segment.wav",They could see the waves crashing softly on the shore,They could see the waves crashing softly on the shore.
"/Users/liu.ying/University of Florida/Leite,Walter - Storiza Corpus Spring 2025/Storiza_Participant_Recording_05-30-25/annotated_sentence_segments/uid_zIPazMYB9WUmRZJJLlrBka2GK663_sid_otLJZhWyMisfQ2v6fxWB_1741638816_195799992_sentence_segment.wav",They spread their picnic blanket and ate hungrily,They spread their picnic blanket and ate hungrily.
"/Users/liu.ying/University of Florida/Leite,Walter - Storiza Corpus Spring 2025/Storiza_Participant_Recording_05-30-25/annotated_sentence_segments/uid_zIPazMYB9WUmRZJJLlrBka2GK663_sid_otLJZhWyMisfQ2v6fxWB_1741638816_195799993_sentence_segment.wav",The wind blew gently making them feel extremely cozy under the bright sky,"The wind blew gently, making them feel extremely cozy under the bright sky."
"/Users/liu.ying/University of Florida/Leite,Walter - Storiza Corpus Spring 2025/Storiza_Participant_Recording_05-30-25/annotated_sentence_segments/uid_zIPazMYB9WUmRZJJLlrBka2GK663_sid_otLJZhWyMisfQ2v6fxWB_1741638816_195799994_sentence_segment.wav", lay  watch up   drifting lazy ,"After their meal, they lay quietly, watching the clouds drift lazily along."
"/Users/liu.ying/University of Florida/Leite,Walter - Storiza Corpus Spring 2025/Storiza_Participant_Recording_05-30-25/annotated_sentence_segments/uid_zIPazMYB9WUmRZJJLlrBka2GK663_sid_otLJZhWyMisfQ2v6fxWB_1741638816_195799995_sentence_segment.wav",Final as the sun began to set they pack up and desecond slowly,"Finally, as the sun began to set, they packed up and descended slowly."
"/Users/liu.ying/University of Florida/Leite,Walter - Storiza Corpus Spring 2025/Storiza_Participant_Recording_05-30-25/annotated_sentence_segments/uid_zIPazMYB9WUmRZJJLlrBka2GK663_sid_otLJZhWyMisfQ2v6fxWB_1741638816_195799996_sentence_segment.wav",The day had been wonderful spent filed with laughter and bonding,"The day had been wonderfully spent, filled with laughter and bonding."
"/Users/liu.ying/University of Florida/Leite,Walter - Storiza Corpus Spring 2025/Storiza_Participant_Recording_05-30-25/annotated_sentence_segments/uid_zIPazMYB9WUmRZJJLlrBka2GK663_sid_otLJZhWyMisfQ2v6fxWB_1741638816_195799997_sentence_segment.wav",They returned home feeling thankful and hugging each other o.o.other tightly before saying goodnight,"They returned home, feeling thankful and hugging each other tightly before saying goodnight."
"/Users/liu.ying/University of Florida/Leite,Walter - Storiza Corpus Spring 2025/Storiza_Participant_Recording_05-30-25/annotated_sentence_segments/uid_mHWscHBXcoabM7fdw88AliGuPWw1_sid_7uCDiTq1wssSMWEFdyG8_1742239940_195799998_sentence_segment.wav",on saint patrick's day a lucky lɪpɹəˌkɑn named Finn found a pɑt old paʔ,"On St. Patrick's Day, a lucky leprechaun named Finn found an old pot."
"/Users/liu.ying/University of Florida/Leite,Walter - Storiza Corpus Spring 2025/Storiza_Participant_Recording_05-30-25/annotated_sentence_segments/uid_mHWscHBXcoabM7fdw88AliGuPWw1_sid_7uCDiTq1wssSMWEFdyG8_1742239940_195799999_sentence_segment.wav",He shook it and həd a həd a clang,He shook it and heard a clang!
"/Users/liu.ying/University of Florida/Leite,Walter - Storiza Corpus Spring 2025/Storiza_Participant_Recording_05-30-25/annotated_sentence_segments/uid_mHWscHBXcoabM7fdw88AliGuPWw1_sid_7uCDiTq1wssSMWEFdyG8_1742239940_195800000_sentence_segment.wav",ɪnstaɪd wə golden coins wif (with) a map,Inside were gold coins and a map.
"/Users/liu.ying/University of Florida/Leite,Walter - Storiza Corpus Spring 2025/Storiza_Participant_Recording_05-30-25/annotated_sentence_segments/uid_mHWscHBXcoabM7fdw88AliGuPWw1_sid_7uCDiTq1wssSMWEFdyG8_1742239940_195800001_sentence_segment.wav",Finn took a shorka cut short nap and dream of f.faɪndɪŋ mɔ twɛʒɚz,Finn took a short nap and dreamed of finding more treasures.
"/Users/liu.ying/University of Florida/Leite,Walter - Storiza Corpus Spring 2025/Storiza_Participant_Recording_05-30-25/annotated_sentence_segments/uid_mHWscHBXcoabM7fdw88AliGuPWw1_sid_7uCDiTq1wssSMWEFdyG8_1742239940_195800002_sentence_segment.wav",So he set off on a the l on a long pæf through a lʌtʃ ɡwid foresh:|st,"So, he set off on a long path through a lush, green forest."
"/Users/liu.ying/University of Florida/Leite,Walter - Storiza Corpus Spring 2025/Storiza_Participant_Recording_05-30-25/annotated_sentence_segments/uid_mHWscHBXcoabM7fdw88AliGuPWw1_sid_7uCDiTq1wssSMWEFdyG8_1742239940_195800003_sentence_segment.wav",Finn found a hidden keɪ wɪf a big chest ɪnstaɪd,Finn found a hidden cave with a big chest inside.
"/Users/liu.ying/University of Florida/Leite,Walter - Storiza Corpus Spring 2025/Storiza_Participant_Recording_05-30-25/annotated_sentence_segments/uid_mHWscHBXcoabM7fdw88AliGuPWw1_sid_7uCDiTq1wssSMWEFdyG8_1742239940_195800004_sentence_segment.wav",excitedly he opened the chest,"Excited, he opened the chest."
"/Users/liu.ying/University of Florida/Leite,Walter - Storiza Corpus Spring 2025/Storiza_Participant_Recording_05-30-25/annotated_sentence_segments/uid_mHWscHBXcoabM7fdw88AliGuPWw1_sid_7uCDiTq1wssSMWEFdyG8_1742239940_195800005_sentence_segment.wav",But instead of glod ðɛ wə kʌlfəl sh:mo|ks shmocks,"But instead of gold, there were colorful shamrocks!"
"/Users/liu.ying/University of Florida/Leite,Walter - Storiza Corpus Spring 2025/Storiza_Participant_Recording_05-30-25/annotated_sentence_segments/uid_mHWscHBXcoabM7fdw88AliGuPWw1_sid_7uCDiTq1wssSMWEFdyG8_1742239940_195800006_sentence_segment.wav",Finn felt glad,Finn felt glad.
"/Users/liu.ying/University of Florida/Leite,Walter - Storiza Corpus Spring 2025/Storiza_Participant_Recording_05-30-25/annotated_sentence_segments/uid_mHWscHBXcoabM7fdw88AliGuPWw1_sid_7uCDiTq1wssSMWEFdyG8_1742239940_195800007_sentence_segment.wav",The shmocks smuh smocks were magic,The shamrocks were magic!
"/Users/liu.ying/University of Florida/Leite,Walter - Storiza Corpus Spring 2025/Storiza_Participant_Recording_05-30-25/annotated_sentence_segments/uid_mHWscHBXcoabM7fdw88AliGuPWw1_sid_7uCDiTq1wssSMWEFdyG8_1742239940_195800008_sentence_segment.wav",He could share them wɪf his fwɛndz,He could share them with friends.
"/Users/liu.ying/University of Florida/Leite,Walter - Storiza Corpus Spring 2025/Storiza_Participant_Recording_05-30-25/annotated_sentence_segments/uid_mHWscHBXcoabM7fdw88AliGuPWw1_sid_7uCDiTq1wssSMWEFdyG8_1742239940_195800009_sentence_segment.wav",fɪd smiled knowing hid had fun the real found real the real treasure fwɛndʃɪ,"Finn smiled, knowing he had found the real treasure: friendship."
"/Users/liu.ying/University of Florida/Leite,Walter - Storiza Corpus Spring 2025/Storiza_Participant_Recording_05-30-25/annotated_sentence_segments/uid_jWPmLFrSHDZItPTjjPUB8KAsjlq2_sid_C8n8hZufDi0aASFdmmA4_1742589296_195800010_sentence_segment.wav",In a kweɪntɪn town a young boy named Roy found a shiny coin,"In a quaint town, a young boy named Roy found a shiny coin."
"/Users/liu.ying/University of Florida/Leite,Walter - Storiza Corpus Spring 2025/Storiza_Participant_Recording_05-30-25/annotated_sentence_segments/uid_jWPmLFrSHDZItPTjjPUB8KAsjlq2_sid_C8n8hZufDi0aASFdmmA4_1742589296_195800011_sentence_segment.wav",Joy filled his heart,Joy filled his heart.
"/Users/liu.ying/University of Florida/Leite,Walter - Storiza Corpus Spring 2025/Storiza_Participant_Recording_05-30-25/annotated_sentence_segments/uid_jWPmLFrSHDZItPTjjPUB8KAsjlq2_sid_C8n8hZufDi0aASFdmmA4_1742589296_195800012_sentence_segment.wav",Nearby a loyal dog named Troy with a joyful bɑɹg joined Roy,"Nearby, a loyal dog named Troy, with a joyful bark, joined Roy."
"/Users/liu.ying/University of Florida/Leite,Walter - Storiza Corpus Spring 2025/Storiza_Participant_Recording_05-30-25/annotated_sentence_segments/uid_jWPmLFrSHDZItPTjjPUB8KAsjlq2_sid_C8n8hZufDi0aASFdmmA4_1742589296_195800013_sentence_segment.wav",Together they enjoyed the bright tɔɪ: show in the park,Together they enjoyed the bright toy show in the park.
"/Users/liu.ying/University of Florida/Leite,Walter - Storiza Corpus Spring 2025/Storiza_Participant_Recording_05-30-25/annotated_sentence_segments/uid_jWPmLFrSHDZItPTjjPUB8KAsjlq2_sid_C8n8hZufDi0aASFdmmA4_1742589296_195800014_sentence_segment.wav",Thafternoon was filled wɪt joy as they played and laughed,The afternoon was filled with joy as they played and laughed.
"/Users/liu.ying/University of Florida/Leite,Walter - Storiza Corpus Spring 2025/Storiza_Participant_Recording_05-30-25/annotated_sentence_segments/uid_jWPmLFrSHDZItPTjjPUB8KAsjlq2_sid_C8n8hZufDi0aASFdmmA4_1742589296_195800015_sentence_segment.wav",asth sun set Roy and tɹ:ɔɪ ɛ.ɛndɪd their day with a delightful story promising more joyful days ahead,"As the sun set, Roy and Troy ended their day with a delightful story, promising more joyful days ahead."
"/Users/liu.ying/University of Florida/Leite,Walter - Storiza Corpus Spring 2025/Storiza_Participant_Recording_05-30-25/annotated_sentence_segments/uid_FUCVnaPJeyV5kzao6jmObtdzLUE2_sid_8PcAkP7csTNUfDqNZ075_1742905877_195800016_sentence_segment.wav",Once upon time in the the sunny hills a little pup name ɹ.ɹʌs|ti ran with fʌ.fʌn,"Once upon a time, in the sunny hills, a little pup named Rusty ran with fun."
"/Users/liu.ying/University of Florida/Leite,Walter - Storiza Corpus Spring 2025/Storiza_Participant_Recording_05-30-25/annotated_sentence_segments/uid_FUCVnaPJeyV5kzao6jmObtdzLUE2_sid_8PcAkP7csTNUfDqNZ075_1742905877_195800017_sentence_segment.wav",Rusty loved to uncover hiding spots under the big shade trees,"Rusty loved to uncover hidden spots under the big, shady trees."
"/Users/liu.ying/University of Florida/Leite,Walter - Storiza Corpus Spring 2025/Storiza_Participant_Recording_05-30-25/annotated_sentence_segments/uid_FUCVnaPJeyV5kzao6jmObtdzLUE2_sid_8PcAkP7csTNUfDqNZ075_1742905877_195800018_sentence_segment.wav",One day Rusty loved to uncover hiding no hidden spots under the big shady trees,"Rusty loved to uncover hidden spots under the big, shady trees."
"/Users/liu.ying/University of Florida/Leite,Walter - Storiza Corpus Spring 2025/Storiza_Participant_Recording_05-30-25/annotated_sentence_segments/uid_FUCVnaPJeyV5kzao6jmObtdzLUE2_sid_8PcAkP7csTNUfDqNZ075_1742905877_195800019_sentence_segment.wav",One day he found an un|wihsul rock,"One day, he found an unusual rock."
"/Users/liu.ying/University of Florida/Leite,Walter - Storiza Corpus Spring 2025/Storiza_Participant_Recording_05-30-25/annotated_sentence_segments/uid_FUCVnaPJeyV5kzao6jmObtdzLUE2_sid_8PcAkP7csTNUfDqNZ075_1742905877_195800020_sentence_segment.wav",It looks like it was shiny stone youk oolduhbyuulkuli youkai One day he found an unusual rock It looked like a ukelele shiny stone o uh: so that's the that's the  that's the prefix un un o so un what's the other word so cover up un un like yup unlike any he had seen,"It looked like a shiny stone, unlike any he had seen."
"/Users/liu.ying/University of Florida/Leite,Walter - Storiza Corpus Spring 2025/Storiza_Participant_Recording_05-30-25/annotated_sentence_segments/uid_FUCVnaPJeyV5kzao6jmObtdzLUE2_sid_8PcAkP7csTNUfDqNZ075_1742905877_195800021_sentence_segment.wav",Rusty was stunned he felt ʌn|ʃʊr about picking it up,Rusty was stunned and felt unsure about picking it up.
"/Users/liu.ying/University of Florida/Leite,Walter - Storiza Corpus Spring 2025/Storiza_Participant_Recording_05-30-25/annotated_sentence_segments/uid_FUCVnaPJeyV5kzao6jmObtdzLUE2_sid_8PcAkP7csTNUfDqNZ075_1742905877_195800022_sentence_segment.wav",a few leaves əɹaʊn the rock uncovered a tiny hiding,"Coco untangled a few leaves around the rock and uncovered a tiny, hidden tunnel."
"/Users/liu.ying/University of Florida/Leite,Walter - Storiza Corpus Spring 2025/Storiza_Participant_Recording_05-30-25/annotated_sentence_segments/uid_FUCVnaPJeyV5kzao6jmObtdzLUE2_sid_8PcAkP7csTNUfDqNZ075_1742905877_195800023_sentence_segment.wav",Together Rusty and Coco went t through tunnel diving in land of the wonder,"Together, Rusty and Coco went into the tunnel, discovering a land of wonder right under the hills."
"/Users/liu.ying/University of Florida/Leite,Walter - Storiza Corpus Spring 2025/Storiza_Participant_Recording_05-30-25/annotated_sentence_segments/uid_FUCVnaPJeyV5kzao6jmObtdzLUE2_sid_8PcAkP7csTNUfDqNZ075_1742905877_195800024_sentence_segment.wav",They had fun əm bɪŋ,Their fun adventure had begun.
"/Users/liu.ying/University of Florida/Leite,Walter - Storiza Corpus Spring 2025/Storiza_Participant_Recording_05-30-25/annotated_sentence_segments/uid_xxUUDYlSFESUIRvPTLDLReqO44G3_sid_F6kP38GjRiJXRwDKJ6rm_1741822595_195800025_sentence_segment.wav",Max the frog hops into the bah bog,Max the frog hops into the bog.
"/Users/liu.ying/University of Florida/Leite,Walter - Storiza Corpus Spring 2025/Storiza_Participant_Recording_05-30-25/annotated_sentence_segments/uid_xxUUDYlSFESUIRvPTLDLReqO44G3_sid_F6kP38GjRiJXRwDKJ6rm_1741822595_195800026_sentence_segment.wav",It's a foggy morning and his plans to jog,"It's a foggy morning, and he plans to jog."
"/Users/liu.ying/University of Florida/Leite,Walter - Storiza Corpus Spring 2025/Storiza_Participant_Recording_05-30-25/annotated_sentence_segments/uid_xxUUDYlSFESUIRvPTLDLReqO44G3_sid_F6kP38GjRiJXRwDKJ6rm_1741822595_195800027_sentence_segment.wav",The bɑɡs is full of logs and mud,The bog is full of logs and mud.
"/Users/liu.ying/University of Florida/Leite,Walter - Storiza Corpus Spring 2025/Storiza_Participant_Recording_05-30-25/annotated_sentence_segments/uid_xxUUDYlSFESUIRvPTLDLReqO44G3_sid_F6kP38GjRiJXRwDKJ6rm_1741822595_195800028_sentence_segment.wav",Max jumps over a log and lands with a thud,Max jumps over a log and lands with a thud.
"/Users/liu.ying/University of Florida/Leite,Walter - Storiza Corpus Spring 2025/Storiza_Participant_Recording_05-30-25/annotated_sentence_segments/uid_xxUUDYlSFESUIRvPTLDLReqO44G3_sid_F6kP38GjRiJXRwDKJ6rm_1741822595_195800029_sentence_segment.wav",He s:pɑts his pal nɛ  dog,"He spots his pal, Ned, the dog."
"/Users/liu.ying/University of Florida/Leite,Walter - Storiza Corpus Spring 2025/Storiza_Participant_Recording_05-30-25/annotated_sentence_segments/uid_xxUUDYlSFESUIRvPTLDLReqO44G3_sid_F6kP38GjRiJXRwDKJ6rm_1741822595_195800030_sentence_segment.wav",Ned is on a kwɛs to find a red flag,Ned is on a quest to find a red flag.
"/Users/liu.ying/University of Florida/Leite,Walter - Storiza Corpus Spring 2025/Storiza_Participant_Recording_05-30-25/annotated_sentence_segments/uid_xxUUDYlSFESUIRvPTLDLReqO44G3_sid_F6kP38GjRiJXRwDKJ6rm_1741822595_195800031_sentence_segment.wav",Can I join mas Max a|x æsk quick,"""Can I join?"" Max asks quick."
"/Users/liu.ying/University of Florida/Leite,Walter - Storiza Corpus Spring 2025/Storiza_Participant_Recording_05-30-25/annotated_sentence_segments/uid_xxUUDYlSFESUIRvPTLDLReqO44G3_sid_F6kP38GjRiJXRwDKJ6rm_1741822595_195800032_sentence_segment.wav",Ned nods and they dash slick and brisk,"Ned nods, and they dash, slick and brisk."
"/Users/liu.ying/University of Florida/Leite,Walter - Storiza Corpus Spring 2025/Storiza_Participant_Recording_05-30-25/annotated_sentence_segments/uid_xxUUDYlSFESUIRvPTLDLReqO44G3_sid_F6kP38GjRiJXRwDKJ6rm_1741822595_195800033_sentence_segment.wav",they hop past a big rock and see a tin can,They hop past a big rock and see a tin can.
"/Users/liu.ying/University of Florida/Leite,Walter - Storiza Corpus Spring 2025/Storiza_Participant_Recording_05-30-25/annotated_sentence_segments/uid_xxUUDYlSFESUIRvPTLDLReqO44G3_sid_F6kP38GjRiJXRwDKJ6rm_1741822595_195800034_sentence_segment.wav",Max taps the can and out jumps a small crab with a tan,"Max taps the can, and out jumps a small crab with a tan."
"/Users/liu.ying/University of Florida/Leite,Walter - Storiza Corpus Spring 2025/Storiza_Participant_Recording_05-30-25/annotated_sentence_segments/uid_xxUUDYlSFESUIRvPTLDLReqO44G3_sid_F6kP38GjRiJXRwDKJ6rm_1741822595_195800035_sentence_segment.wav",     ,"The crab snaps, but Max grins."
"/Users/liu.ying/University of Florida/Leite,Walter - Storiza Corpus Spring 2025/Storiza_Participant_Recording_05-30-25/annotated_sentence_segments/uid_xxUUDYlSFESUIRvPTLDLReqO44G3_sid_F6kP38GjRiJXRwDKJ6rm_1741822595_195800036_sentence_segment.wav",no harm says Ned with a wag of his chin,"""No harm,"" says Ned, with a wag of his chin."
"/Users/liu.ying/University of Florida/Leite,Walter - Storiza Corpus Spring 2025/Storiza_Participant_Recording_05-30-25/annotated_sentence_segments/uid_xxUUDYlSFESUIRvPTLDLReqO44G3_sid_F6kP38GjRiJXRwDKJ6rm_1741822595_195800037_sentence_segment.wav",       ,"On the sand, they spot the red flag."
"/Users/liu.ying/University of Florida/Leite,Walter - Storiza Corpus Spring 2025/Storiza_Participant_Recording_05-30-25/annotated_sentence_segments/uid_xxUUDYlSFESUIRvPTLDLReqO44G3_sid_F6kP38GjRiJXRwDKJ6rm_1741822595_195800038_sentence_segment.wav",hooray barks Ned his tail a gag,"""Hooray!"" barks Ned, his tail a-gag."
"/Users/liu.ying/University of Florida/Leite,Walter - Storiza Corpus Spring 2025/Storiza_Participant_Recording_05-30-25/annotated_sentence_segments/uid_xxUUDYlSFESUIRvPTLDLReqO44G3_sid_F6kP38GjRiJXRwDKJ6rm_1741822595_195800039_sentence_segment.wav",together ðə: they tʌŋɡ then with it wave it high,"Together they tug, then wave it high."
"/Users/liu.ying/University of Florida/Leite,Walter - Storiza Corpus Spring 2025/Storiza_Participant_Recording_05-30-25/annotated_sentence_segments/uid_xxUUDYlSFESUIRvPTLDLReqO44G3_sid_F6kP38GjRiJXRwDKJ6rm_1741822595_195800040_sentence_segment.wav",wih Max and Ned cheer under the sky,Max and Ned cheer under the sky.
"/Users/liu.ying/University of Florida/Leite,Walter - Storiza Corpus Spring 2025/Storiza_Participant_Recording_05-30-25/annotated_sentence_segments/uid_xxUUDYlSFESUIRvPTLDLReqO44G3_sid_F6kP38GjRiJXRwDKJ6rm_1741822595_195800041_sentence_segment.wav",The sun sets as Matt æz æz they head back,The sun sets as they head back.
"/Users/liu.ying/University of Florida/Leite,Walter - Storiza Corpus Spring 2025/Storiza_Participant_Recording_05-30-25/annotated_sentence_segments/uid_xxUUDYlSFESUIRvPTLDLReqO44G3_sid_F6kP38GjRiJXRwDKJ6rm_1741822595_195800042_sentence_segment.wav",Max feels glad his day was a fun packed track,Max feels glad; his day was a fun-packed track.
"/Users/liu.ying/University of Florida/Leite,Walter - Storiza Corpus Spring 2025/Storiza_Participant_Recording_05-30-25/annotated_sentence_segments/uid_xxUUDYlSFESUIRvPTLDLReqO44G3_sid_F6kP38GjRiJXRwDKJ6rm_1741822595_195800043_sentence_segment.wav",wɪf yawns and hots /h:is/ bids Ned goodbye,"With yawns and hops, he bids Ned goodbye."
"/Users/liu.ying/University of Florida/Leite,Walter - Storiza Corpus Spring 2025/Storiza_Participant_Recording_05-30-25/annotated_sentence_segments/uid_xxUUDYlSFESUIRvPTLDLReqO44G3_sid_F6kP38GjRiJXRwDKJ6rm_1741822595_195800044_sentence_segment.wav",Max returns the star lit bog it luba: lu:awbobby,"Max returns, the star-lit bog his lullaby."
"/Users/liu.ying/University of Florida/Leite,Walter - Storiza Corpus Spring 2025/Storiza_Participant_Recording_05-30-25/annotated_sentence_segments/uid_UHGZEyBQklbC0GB3JZMa5l8yuGT2_sid_4y1VwSYnYR9RhUNvbxe9_1741461587_195800045_sentence_segment.wav",Once a shy unicorn name Sky met a kind mermaid  named lɪvi,"Once, a shy unicorn named Sky met a kind mermaid named Ivy."
"/Users/liu.ying/University of Florida/Leite,Walter - Storiza Corpus Spring 2025/Storiza_Participant_Recording_05-30-25/annotated_sentence_segments/uid_UHGZEyBQklbC0GB3JZMa5l8yuGT2_sid_4y1VwSYnYR9RhUNvbxe9_1741461587_195800046_sentence_segment.wav",They liked to play on a sunny day by the sh:ining day,They liked to play on a sunny day by the shiny bay.
"/Users/liu.ying/University of Florida/Leite,Walter - Storiza Corpus Spring 2025/Storiza_Participant_Recording_05-30-25/annotated_sentence_segments/uid_UHGZEyBQklbC0GB3JZMa5l8yuGT2_sid_4y1VwSYnYR9RhUNvbxe9_1741461587_195800047_sentence_segment.wav",lɪvi showed Sky the way to play in the wiver wi.wiver,Ivy showed Sky the way to play in the waves.
"/Users/liu.ying/University of Florida/Leite,Walter - Storiza Corpus Spring 2025/Storiza_Participant_Recording_05-30-25/annotated_sentence_segments/uid_UHGZEyBQklbC0GB3JZMa5l8yuGT2_sid_4y1VwSYnYR9RhUNvbxe9_1741461587_195800048_sentence_segment.wav",word word,"They tried to fly and dive, giggling loudly."
"/Users/liu.ying/University of Florida/Leite,Walter - Storiza Corpus Spring 2025/Storiza_Participant_Recording_05-30-25/annotated_sentence_segments/uid_UHGZEyBQklbC0GB3JZMa5l8yuGT2_sid_4y1VwSYnYR9RhUNvbxe9_1741461587_195800049_sentence_segment.wav",æzə the sun set ska:ɪ ændə Livy layed by the day filin happy ænd lɪvi,"As the sun set, Sky and Ivy lay by the bay, feeling happy and lively."
"/Users/liu.ying/University of Florida/Leite,Walter - Storiza Corpus Spring 2025/Storiza_Participant_Recording_05-30-25/annotated_sentence_segments/uid_UHGZEyBQklbC0GB3JZMa5l8yuGT2_sid_4y1VwSYnYR9RhUNvbxe9_1741461587_195800050_sentence_segment.wav",They know they'd be best fɹɛnz always reading to dɐɪ,"They knew they'd be best friends, always ready to play."
"/Users/liu.ying/University of Florida/Leite,Walter - Storiza Corpus Spring 2025/Storiza_Participant_Recording_05-30-25/annotated_sentence_segments/uid_21Dw9jLeIqWjrAuRHI1RG1qPz853_sid_T4yKb6u9Dma6mwunA6lP_1741209055_195800051_sentence_segment.wav",Once ə|pɑn a time in a far tɐʊn: dehwud a shiny train named Star,"Once upon a time, in a far town, there was a shiny train named Star."
"/Users/liu.ying/University of Florida/Leite,Walter - Storiza Corpus Spring 2025/Storiza_Participant_Recording_05-30-25/annotated_sentence_segments/uid_21Dw9jLeIqWjrAuRHI1RG1qPz853_sid_T4yKb6u9Dma6mwunA6lP_1741209055_195800052_sentence_segment.wav",s:|tɐɹ was bɐɪ: far the fastest train in the yard,Star was by far the fastest train in the yard.
"/Users/liu.ying/University of Florida/Leite,Walter - Storiza Corpus Spring 2025/Storiza_Participant_Recording_05-30-25/annotated_sentence_segments/uid_21Dw9jLeIqWjrAuRHI1RG1qPz853_sid_T4yKb6u9Dma6mwunA6lP_1741209055_195800053_sentence_segment.wav",Each mɹnɪŋ Star would s|tɐɹt up with a loud honk ready to travel fɹu valll|leys æ.æ væl.væliz and farms,"Each morning, Star would start with a loud honk, ready to travel through valleys and farms."
"/Users/liu.ying/University of Florida/Leite,Walter - Storiza Corpus Spring 2025/Storiza_Participant_Recording_05-30-25/annotated_sentence_segments/uid_21Dw9jLeIqWjrAuRHI1RG1qPz853_sid_T4yKb6u9Dma6mwunA6lP_1741209055_195800054_sentence_segment.wav",də passenger love Star for its charm and how it kæɹidə them s:eɪf:li,The passengers loved Star for its charm and how it carried them safely.
"/Users/liu.ying/University of Florida/Leite,Walter - Storiza Corpus Spring 2025/Storiza_Participant_Recording_05-30-25/annotated_sentence_segments/uid_21Dw9jLeIqWjrAuRHI1RG1qPz853_sid_T4yKb6u9Dma6mwunA6lP_1741209055_195800055_sentence_segment.wav",One day a part of the track was brr bl:ɐkt by a car,"One day, a part of the track was blocked by a cart."
"/Users/liu.ying/University of Florida/Leite,Walter - Storiza Corpus Spring 2025/Storiza_Participant_Recording_05-30-25/annotated_sentence_segments/uid_21Dw9jLeIqWjrAuRHI1RG1qPz853_sid_T4yKb6u9Dma6mwunA6lP_1741209055_195800056_sentence_segment.wav",With a s:wɪf:t m:uv s:tɐɹz crew worked hard to clear the path,"With a swift move, Star's crew worked hard to clear the path."
"/Users/liu.ying/University of Florida/Leite,Walter - Storiza Corpus Spring 2025/Storiza_Participant_Recording_05-30-25/annotated_sentence_segments/uid_21Dw9jLeIqWjrAuRHI1RG1qPz853_sid_T4yKb6u9Dma6mwunA6lP_1741209055_195800057_sentence_segment.wav",s:un s|tɐɹ was back on track ɪn the tʃəɹni con|t(ih)n|jud,"Soon, Star was back on track, and the journey continued."
"/Users/liu.ying/University of Florida/Leite,Walter - Storiza Corpus Spring 2025/Storiza_Participant_Recording_05-30-25/annotated_sentence_segments/uid_21Dw9jLeIqWjrAuRHI1RG1qPz853_sid_T4yKb6u9Dma6mwunA6lP_1741209055_195800058_sentence_segment.wav",ɛvdiwʌn ʃiɹd as they arrived at their final destiny not far,"Everyone cheered as they arrived at their final destination, not far."
"/Users/liu.ying/University of Florida/Leite,Walter - Storiza Corpus Spring 2025/Storiza_Participant_Recording_05-30-25/annotated_sentence_segments/uid_Om0JhZ6RmTNQ5wDLPHKIC3LtY4g2_sid_aCJo0aI2m5MC75L1PWsr_1741393040_195800059_sentence_segment.wav",Kitty laid in her cozy bed gazing out the window at the stars,"Kitty lay in her cozy bed, gazing out the window at the stars."
"/Users/liu.ying/University of Florida/Leite,Walter - Storiza Corpus Spring 2025/Storiza_Participant_Recording_05-30-25/annotated_sentence_segments/uid_Om0JhZ6RmTNQ5wDLPHKIC3LtY4g2_sid_aCJo0aI2m5MC75L1PWsr_1741393040_195800060_sentence_segment.wav",Her dreams took way her far away a lænt where cats lived in castles made of gold,"Her dreams took her far away, to a land where cats lived in castles made of gold."
"/Users/liu.ying/University of Florida/Leite,Walter - Storiza Corpus Spring 2025/Storiza_Participant_Recording_05-30-25/annotated_sentence_segments/uid_Om0JhZ6RmTNQ5wDLPHKIC3LtY4g2_sid_aCJo0aI2m5MC75L1PWsr_1741393040_195800061_sentence_segment.wav",In this magic place Kitty dis soar over fields of corn and esp|s esplores secret shores,"In this magical place, Kitty could soar over fields of corn and explore secret shores."
"/Users/liu.ying/University of Florida/Leite,Walter - Storiza Corpus Spring 2025/Storiza_Participant_Recording_05-30-25/annotated_sentence_segments/uid_Om0JhZ6RmTNQ5wDLPHKIC3LtY4g2_sid_aCJo0aI2m5MC75L1PWsr_1741393040_195800062_sentence_segment.wav",Day and night were just part of her grand vɛntʃɚ,Day and night were just a part of her grand adventure.
"/Users/liu.ying/University of Florida/Leite,Walter - Storiza Corpus Spring 2025/Storiza_Participant_Recording_05-30-25/annotated_sentence_segments/uid_Om0JhZ6RmTNQ5wDLPHKIC3LtY4g2_sid_aCJo0aI2m5MC75L1PWsr_1741393040_195800063_sentence_segment.wav",She mɛnt a wise old cat who shares tale of a.acient lore by a warm campfire,She met a wise old cat who shared tales of ancient lore by a warm campfire.
"/Users/liu.ying/University of Florida/Leite,Walter - Storiza Corpus Spring 2025/Storiza_Participant_Recording_05-30-25/annotated_sentence_segments/uid_Om0JhZ6RmTNQ5wDLPHKIC3LtY4g2_sid_aCJo0aI2m5MC75L1PWsr_1741393040_195800064_sentence_segment.wav",As the sun beeg sum begins to rise Kitty's dreams faded she awoke with a purr ready for day heart full of joy from her nighttime journey,"As the sun began to rise, Kitty's dreams faded, and she awoke with a purr, ready for her day, heart full of joy from her nighttime journey."
"/Users/liu.ying/University of Florida/Leite,Walter - Storiza Corpus Spring 2025/Storiza_Participant_Recording_05-30-25/annotated_sentence_segments/uid_UHGZEyBQklbC0GB3JZMa5l8yuGT2_sid_E16yjHjCudD8gko6qKSP_1741461241_195800065_sentence_segment.wav",Once upon a time there were a girl named Taylor Swift,"Once upon a time, there was a girl named Taylor Swift."
"/Users/liu.ying/University of Florida/Leite,Walter - Storiza Corpus Spring 2025/Storiza_Participant_Recording_05-30-25/annotated_sentence_segments/uid_UHGZEyBQklbC0GB3JZMa5l8yuGT2_sid_E16yjHjCudD8gko6qKSP_1741461241_195800066_sentence_segment.wav",She could f.flaɪ high in the sky,She could fly high in the sky.
"/Users/liu.ying/University of Florida/Leite,Walter - Storiza Corpus Spring 2025/Storiza_Participant_Recording_05-30-25/annotated_sentence_segments/uid_UHGZEyBQklbC0GB3JZMa5l8yuGT2_sid_E16yjHjCudD8gko6qKSP_1741461241_195800067_sentence_segment.wav",From the sky she would s spy the bur bright stars and smell smile,"From the sky, she would spy the bright stars and smile."
"/Users/liu.ying/University of Florida/Leite,Walter - Storiza Corpus Spring 2025/Storiza_Participant_Recording_05-30-25/annotated_sentence_segments/uid_UHGZEyBQklbC0GB3JZMa5l8yuGT2_sid_E16yjHjCudD8gko6qKSP_1741461241_195800068_sentence_segment.wav",on a day a ʃ:aɪ bʌt.bʌtəɹflaɪ named mih mih meh m:aɪls flew by her side,"One day, a shy butterfly named Myles flew by her side."
"/Users/liu.ying/University of Florida/Leite,Walter - Storiza Corpus Spring 2025/Storiza_Participant_Recording_05-30-25/annotated_sentence_segments/uid_UHGZEyBQklbC0GB3JZMa5l8yuGT2_sid_E16yjHjCudD8gko6qKSP_1741461241_195800069_sentence_segment.wav",tay tay|glersuh they danced with the night sky,"Together, they danced with the night sky."
"/Users/liu.ying/University of Florida/Leite,Walter - Storiza Corpus Spring 2025/Storiza_Participant_Recording_05-30-25/annotated_sentence_segments/uid_UHGZEyBQklbC0GB3JZMa5l8yuGT2_sid_E16yjHjCudD8gko6qKSP_1741461241_195800070_sentence_segment.wav",Why so high ækstɪ m:aɪls,"""Why so high?"" asked Myles."
"/Users/liu.ying/University of Florida/Leite,Walter - Storiza Corpus Spring 2025/Storiza_Participant_Recording_05-30-25/annotated_sentence_segments/uid_UHGZEyBQklbC0GB3JZMa5l8yuGT2_sid_E16yjHjCudD8gko6qKSP_1741461241_195800071_sentence_segment.wav",To try new things ɹɪplaɪ|d Taylor,"""To try new things,"" replied Taylor."
"/Users/liu.ying/University of Florida/Leite,Walter - Storiza Corpus Spring 2025/Storiza_Participant_Recording_05-30-25/annotated_sentence_segments/uid_UHGZEyBQklbC0GB3JZMa5l8yuGT2_sid_E16yjHjCudD8gko6qKSP_1741461241_195800072_sentence_segment.wav",n They loved the night full of bright delights,"They loved the night, full of bright delights."
"/Users/liu.ying/University of Florida/Leite,Walter - Storiza Corpus Spring 2025/Storiza_Participant_Recording_05-30-25/annotated_sentence_segments/uid_uJ59YClhDZUuJsN0vsDR1GRv6pu1_sid_oQsxoiXVweAiKFRpos7H_1741229499_195800073_sentence_segment.wav",Gus and Max are to dogs who love to bark,Gus and Max are two dogs who love to bark.
"/Users/liu.ying/University of Florida/Leite,Walter - Storiza Corpus Spring 2025/Storiza_Participant_Recording_05-30-25/annotated_sentence_segments/uid_uJ59YClhDZUuJsN0vsDR1GRv6pu1_sid_oQsxoiXVweAiKFRpos7H_1741229499_195800074_sentence_segment.wav",They live on a big farm,They live on a big farm.
"/Users/liu.ying/University of Florida/Leite,Walter - Storiza Corpus Spring 2025/Storiza_Participant_Recording_05-30-25/annotated_sentence_segments/uid_uJ59YClhDZUuJsN0vsDR1GRv6pu1_sid_oQsxoiXVweAiKFRpos7H_1741229499_195800075_sentence_segment.wav",Every day they chase a red car around the yard,"Every day, they chase a red car around the yard."
"/Users/liu.ying/University of Florida/Leite,Walter - Storiza Corpus Spring 2025/Storiza_Participant_Recording_05-30-25/annotated_sentence_segments/uid_uJ59YClhDZUuJsN0vsDR1GRv6pu1_sid_oQsxoiXVweAiKFRpos7H_1741229499_195800076_sentence_segment.wav",Gus runs fæs but Max runs faster,"Gus runs fast, but Max runs faster."
"/Users/liu.ying/University of Florida/Leite,Walter - Storiza Corpus Spring 2025/Storiza_Participant_Recording_05-30-25/annotated_sentence_segments/uid_uJ59YClhDZUuJsN0vsDR1GRv6pu1_sid_oQsxoiXVweAiKFRpos7H_1741229499_195800077_sentence_segment.wav",One they they spot a kæ far away,"One day, they spot a cat far away."
"/Users/liu.ying/University of Florida/Leite,Walter - Storiza Corpus Spring 2025/Storiza_Participant_Recording_05-30-25/annotated_sentence_segments/uid_uJ59YClhDZUuJsN0vsDR1GRv6pu1_sid_oQsxoiXVweAiKFRpos7H_1741229499_195800078_sentence_segment.wav",They dart towards it and the cat dɑɹz up a tree,"They dart towards it, and the cat darts up a tree."
"/Users/liu.ying/University of Florida/Leite,Walter - Storiza Corpus Spring 2025/Storiza_Participant_Recording_05-30-25/annotated_sentence_segments/uid_uJ59YClhDZUuJsN0vsDR1GRv6pu1_sid_oQsxoiXVweAiKFRpos7H_1741229499_195800079_sentence_segment.wav",Gus Max wait for the cat to come back down,Gus and Max wait for the cat to come back down.
"/Users/liu.ying/University of Florida/Leite,Walter - Storiza Corpus Spring 2025/Storiza_Participant_Recording_05-30-25/annotated_sentence_segments/uid_uJ59YClhDZUuJsN0vsDR1GRv6pu1_sid_oQsxoiXVweAiKFRpos7H_1741229499_195800080_sentence_segment.wav",s It soon gets dark they head back to the barn to rest,"It soon gets dark, and they head back to the barn to rest."
"/Users/liu.ying/University of Florida/Leite,Walter - Storiza Corpus Spring 2025/Storiza_Participant_Recording_05-30-25/annotated_sentence_segments/uid_uJ59YClhDZUuJsN0vsDR1GRv6pu1_sid_oQsxoiXVweAiKFRpos7H_1741229499_195800081_sentence_segment.wav",After a hard day they snooze and dream under the stars,"After a hard day, they snooze and dream under the stars."
"/Users/liu.ying/University of Florida/Leite,Walter - Storiza Corpus Spring 2025/Storiza_Participant_Recording_05-30-25/annotated_sentence_segments/uid_uJ59YClhDZUuJsN0vsDR1GRv6pu1_sid_oQsxoiXVweAiKFRpos7H_1741229499_195800082_sentence_segment.wav",They are happy being the bɛs friends on nuh farm,"They are happy, being the best of friends on their farm."
"/Users/liu.ying/University of Florida/Leite,Walter - Storiza Corpus Spring 2025/Storiza_Participant_Recording_05-30-25/annotated_sentence_segments/uid_mHWscHBXcoabM7fdw88AliGuPWw1_sid_dtEYmqVQn7bCiiLgipi7_1742934079_195800083_sentence_segment.wav",Mermaid Catsy had a fun day by the wɑtɚfɔls,Mermaid Catsy had a fun day by the waterfall.
"/Users/liu.ying/University of Florida/Leite,Walter - Storiza Corpus Spring 2025/Storiza_Participant_Recording_05-30-25/annotated_sentence_segments/uid_mHWscHBXcoabM7fdw88AliGuPWw1_sid_dtEYmqVQn7bCiiLgipi7_1742934079_195800084_sentence_segment.wav",She saw tall trees and felt the pull of the water,She saw tall trees and felt the pull of the water's lull.
"/Users/liu.ying/University of Florida/Leite,Walter - Storiza Corpus Spring 2025/Storiza_Participant_Recording_05-30-25/annotated_sentence_segments/uid_mHWscHBXcoabM7fdw88AliGuPWw1_sid_dtEYmqVQn7bCiiLgipi7_1742934079_195800085_sentence_segment.wav",All s|all  the fwɪst big and small heɪm to see,"All the fish, big and small, came to see her."
"/Users/liu.ying/University of Florida/Leite,Walter - Storiza Corpus Spring 2025/Storiza_Participant_Recording_05-30-25/annotated_sentence_segments/uid_mHWscHBXcoabM7fdw88AliGuPWw1_sid_dtEYmqVQn7bCiiLgipi7_1742934079_195800086_sentence_segment.wav",kitties play wɪf a ball under  wa|fall wʌtʃt it woʊl n the water,Catsy played with a ball under the waterfall and watched it roll in the water.
"/Users/liu.ying/University of Florida/Leite,Walter - Storiza Corpus Spring 2025/Storiza_Participant_Recording_05-30-25/annotated_sentence_segments/uid_mHWscHBXcoabM7fdw88AliGuPWw1_sid_dtEYmqVQn7bCiiLgipi7_1742934079_195800087_sentence_segment.wav",In the   c|all  ,"In the afternoon, she heard a call from her friend, Ollie the crab."
"/Users/liu.ying/University of Florida/Leite,Walter - Storiza Corpus Spring 2025/Storiza_Participant_Recording_05-30-25/annotated_sentence_segments/uid_mHWscHBXcoabM7fdw88AliGuPWw1_sid_dtEYmqVQn7bCiiLgipi7_1742934079_195800088_sentence_segment.wav",they pull a shelf full of per,"Together, they pulled a shell full of pearls."
"/Users/liu.ying/University of Florida/Leite,Walter - Storiza Corpus Spring 2025/Storiza_Participant_Recording_05-30-25/annotated_sentence_segments/uid_mHWscHBXcoabM7fdw88AliGuPWw1_sid_dtEYmqVQn7bCiiLgipi7_1742934079_195800089_sentence_segment.wav",One  as the   to fall fall,"By evening, Catsy waved farewell as the sun began to fall."
"/Users/liu.ying/University of Florida/Leite,Walter - Storiza Corpus Spring 2025/Storiza_Participant_Recording_05-30-25/annotated_sentence_segments/uid_mHWscHBXcoabM7fdw88AliGuPWw1_sid_dtEYmqVQn7bCiiLgipi7_1742934079_195800090_sentence_segment.wav",It was eɪθ day of the ɹɪs n happy kɔz by the waterfall Yay,It was a day full of thrills and happy calls by the waterfall.
"/Users/liu.ying/University of Florida/Leite,Walter - Storiza Corpus Spring 2025/Storiza_Participant_Recording_05-30-25/annotated_sentence_segments/uid_u2hytH2KWIS6ewdShfEZisygqIo2_sid_QzCLW5naFB7kEEygwpM4_1741483667_195800091_sentence_segment.wav",She could hear birds s:ɪŋɪŋ aʊt|saɪd singing outside her window,She could hear birds singing outside her window.
"/Users/liu.ying/University of Florida/Leite,Walter - Storiza Corpus Spring 2025/Storiza_Participant_Recording_05-30-25/annotated_sentence_segments/uid_u2hytH2KWIS6ewdShfEZisygqIo2_sid_QzCLW5naFB7kEEygwpM4_1741483667_195800092_sentence_segment.wav",She də sound of chirping meɪ her smile,The sound of chirping made her smile.
"/Users/liu.ying/University of Florida/Leite,Walter - Storiza Corpus Spring 2025/Storiza_Participant_Recording_05-30-25/annotated_sentence_segments/uid_u2hytH2KWIS6ewdShfEZisygqIo2_sid_QzCLW5naFB7kEEygwpM4_1741483667_195800093_sentence_segment.wav",Today will be a good day Minnie said hopping out of bend with a spring in her step,"""Today will be a good day,"" Minnie said, hopping out of bed with a spring in her step."
"/Users/liu.ying/University of Florida/Leite,Walter - Storiza Corpus Spring 2025/Storiza_Participant_Recording_05-30-25/annotated_sentence_segments/uid_u2hytH2KWIS6ewdShfEZisygqIo2_sid_QzCLW5naFB7kEEygwpM4_1741483667_195800094_sentence_segment.wav",Minnie dɪs:aɪdɪd to start her day by going on a little əvɛntʃɚ in her backyard,Minnie decided to start her day by going on a little adventure in her backyard.
"/Users/liu.ying/University of Florida/Leite,Walter - Storiza Corpus Spring 2025/Storiza_Participant_Recording_05-30-25/annotated_sentence_segments/uid_u2hytH2KWIS6ewdShfEZisygqIo2_sid_QzCLW5naFB7kEEygwpM4_1741483667_195800095_sentence_segment.wav",she As she stepped outside the cool breeze felt r|eh r|ef|r|eshing refreshing on her skin,"As she stepped outside, the cool breeze felt refreshing on her skin."
"/Users/liu.ying/University of Florida/Leite,Walter - Storiza Corpus Spring 2025/Storiza_Participant_Recording_05-30-25/annotated_sentence_segments/uid_u2hytH2KWIS6ewdShfEZisygqIo2_sid_QzCLW5naFB7kEEygwpM4_1741483667_195800096_sentence_segment.wav",She saw the grass listening with dew and she began skipping along the path laɪnt with blooming flowers,"She saw the grass glistening with dew, and she began skipping along the path lined with blooming flowers."
"/Users/liu.ying/University of Florida/Leite,Walter - Storiza Corpus Spring 2025/Storiza_Participant_Recording_05-30-25/annotated_sentence_segments/uid_u2hytH2KWIS6ewdShfEZisygqIo2_sid_QzCLW5naFB7kEEygwpM4_1741483667_195800097_sentence_segment.wav",Butterflies f:lew around uhding|in t:u the live skin.n skenes,"Butterflies fluttered around, adding to the lively scene."
"/Users/liu.ying/University of Florida/Leite,Walter - Storiza Corpus Spring 2025/Storiza_Participant_Recording_05-30-25/annotated_sentence_segments/uid_u2hytH2KWIS6ewdShfEZisygqIo2_sid_QzCLW5naFB7kEEygwpM4_1741483667_195800098_sentence_segment.wav",While wuhile  wandering wandering əɹaʊnt Minnie Minnie spotted a smiling a  pond at the edge of her backyard,"While wandering around, Minnie spotted a small pond at the edge of her backyard."
"/Users/liu.ying/University of Florida/Leite,Walter - Storiza Corpus Spring 2025/Storiza_Participant_Recording_05-30-25/annotated_sentence_segments/uid_u2hytH2KWIS6ewdShfEZisygqIo2_sid_QzCLW5naFB7kEEygwpM4_1741483667_195800099_sentence_segment.wav",She crowded down gazing into the water watching as fish were dɑɹtɪn playful l|ivɪŋ tiny ɹɪ|pəlz in their wake,"She crouched down and gazed into the water, watching as fish were darting playfully, leaving tiny ripples in their wake."
"/Users/liu.ying/University of Florida/Leite,Walter - Storiza Corpus Spring 2025/Storiza_Participant_Recording_05-30-25/annotated_sentence_segments/uid_u2hytH2KWIS6ewdShfEZisygqIo2_sid_QzCLW5naFB7kEEygwpM4_1741483667_195800100_sentence_segment.wav",The s:ign made her giggle filling her heart wɪf dʒ.dʒɔɪ,"The sight made her giggle, filling her heart with joy."
"/Users/liu.ying/University of Florida/Leite,Walter - Storiza Corpus Spring 2025/Storiza_Participant_Recording_05-30-25/annotated_sentence_segments/uid_u2hytH2KWIS6ewdShfEZisygqIo2_sid_QzCLW5naFB7kEEygwpM4_1741483667_195800101_sentence_segment.wav",After a while Minnie tummy start to ɹʌmbəlɪ,"After a while, Minnie's tummy started rumbling."
"/Users/liu.ying/University of Florida/Leite,Walter - Storiza Corpus Spring 2025/Storiza_Participant_Recording_05-30-25/annotated_sentence_segments/uid_u2hytH2KWIS6ewdShfEZisygqIo2_sid_QzCLW5naFB7kEEygwpM4_1741483667_195800102_sentence_segment.wav",She realized it was time for bɹɛkfəs,She realized it was time for breakfast.
"/Users/liu.ying/University of Florida/Leite,Walter - Storiza Corpus Spring 2025/Storiza_Participant_Recording_05-30-25/annotated_sentence_segments/uid_u2hytH2KWIS6ewdShfEZisygqIo2_sid_QzCLW5naFB7kEEygwpM4_1741483667_195800103_sentence_segment.wav",She hurried back inside the warm smi the warm smile of p|æn.|pæn|keɪks welcome in her in her her in kəmɪŋ her in,"She hurried back inside, the warm smell of pancakes welcoming her in."
"/Users/liu.ying/University of Florida/Leite,Walter - Storiza Corpus Spring 2025/Storiza_Participant_Recording_05-30-25/annotated_sentence_segments/uid_u2hytH2KWIS6ewdShfEZisygqIo2_sid_QzCLW5naFB7kEEygwpM4_1741483667_195800104_sentence_segment.wav",Just in time for breakfast her mom ch|imble play placing the steamy plate in in fɹʌn her,"""Just in time for breakfast!"" her mom chimed, placing a steaming plate in front of her."
"/Users/liu.ying/University of Florida/Leite,Walter - Storiza Corpus Spring 2025/Storiza_Participant_Recording_05-30-25/annotated_sentence_segments/uid_u2hytH2KWIS6ewdShfEZisygqIo2_sid_QzCLW5naFB7kEEygwpM4_1741483667_195800105_sentence_segment.wav",mɪdi enjoyed her meal thinking about her lovely morning,"Minnie enjoyed her meal, thinking about her lovely morning."
"/Users/liu.ying/University of Florida/Leite,Walter - Storiza Corpus Spring 2025/Storiza_Participant_Recording_05-30-25/annotated_sentence_segments/uid_u2hytH2KWIS6ewdShfEZisygqIo2_sid_QzCLW5naFB7kEEygwpM4_1741483667_195800106_sentence_segment.wav",With her s:|um full sum|tch so much full and her heart happy Minnie knew this spring morning was truly special,"With her stomach full and her heart happy, Minnie knew this spring morning was truly special."
"/Users/liu.ying/University of Florida/Leite,Walter - Storiza Corpus Spring 2025/Storiza_Participant_Recording_05-30-25/annotated_sentence_segments/uid_u2hytH2KWIS6ewdShfEZisygqIo2_sid_QzCLW5naFB7kEEygwpM4_1741483667_195800107_sentence_segment.wav",æʃ she finished her meal she f:ɛlt grateful for or the s:|ime simple joys s|əɹaʊndɪŋ her every day,"As she finished her meal, she felt grateful for the simple joys surrounding her every day."
"/Users/liu.ying/University of Florida/Leite,Walter - Storiza Corpus Spring 2025/Storiza_Participant_Recording_05-30-25/annotated_sentence_segments/uid_d4lLmJzVbJaLpyCuafResXOry3t2_sid_CIX8Q1BHKmu5ChPnP1ak_1742240966_195800108_sentence_segment.wav",Whit felt a thrill as he climbed onto the big horse Phil,"Whit felt a thrill as he climbed onto the big horse, Phil."
"/Users/liu.ying/University of Florida/Leite,Walter - Storiza Corpus Spring 2025/Storiza_Participant_Recording_05-30-25/annotated_sentence_segments/uid_d4lLmJzVbJaLpyCuafResXOry3t2_sid_CIX8Q1BHKmu5ChPnP1ak_1742240966_195800109_sentence_segment.wav",Whispering softly Whit assured Phil Let's gallop swiftly,"Whispering softly, Whit assured Phil, ""Let's gallop swiftly!"""
"/Users/liu.ying/University of Florida/Leite,Walter - Storiza Corpus Spring 2025/Storiza_Participant_Recording_05-30-25/annotated_sentence_segments/uid_d4lLmJzVbJaLpyCuafResXOry3t2_sid_CIX8Q1BHKmu5ChPnP1ak_1742240966_195800110_sentence_segment.wav",With a whiff the wind whooshed past as they trotted θu the f.|fields,"With a whiff, the wind whooshed past as they trotted through the fields."
"/Users/liu.ying/University of Florida/Leite,Walter - Storiza Corpus Spring 2025/Storiza_Participant_Recording_05-30-25/annotated_sentence_segments/uid_d4lLmJzVbJaLpyCuafResXOry3t2_sid_CIX8Q1BHKmu5ChPnP1ak_1742240966_195800111_sentence_segment.wav",Wait giggled feeling the whoosh between his feet,"Whit giggled, feeling the whoosh beneath his feet."
"/Users/liu.ying/University of Florida/Leite,Walter - Storiza Corpus Spring 2025/Storiza_Participant_Recording_05-30-25/annotated_sentence_segments/uid_d4lLmJzVbJaLpyCuafResXOry3t2_sid_CIX8Q1BHKmu5ChPnP1ak_1742240966_195800112_sentence_segment.wav",When the ride was over White Whit thanked Phil with a pat,"When the ride was over, Whit thanked Phil with a pat."
"/Users/liu.ying/University of Florida/Leite,Walter - Storiza Corpus Spring 2025/Storiza_Participant_Recording_05-30-25/annotated_sentence_segments/uid_d4lLmJzVbJaLpyCuafResXOry3t2_sid_CIX8Q1BHKmu5ChPnP1ak_1742240966_195800113_sentence_segment.wav",Phil nudged happily knowing they would have another fun day again soon,"Phil neighed happily, knowing they would have another fun day again soon."
"/Users/liu.ying/University of Florida/Leite,Walter - Storiza Corpus Spring 2025/Storiza_Participant_Recording_05-30-25/annotated_sentence_segments/uid_lEq1lXM2xafR8w5blWO2OCG8VE93_sid_eFyNYPRW0sdxq0sPEQf7_1743541016_195800114_sentence_segment.wav",In the land of blocks Steve found a magic map,"In the land of blocks, Steve found a magical map."
"/Users/liu.ying/University of Florida/Leite,Walter - Storiza Corpus Spring 2025/Storiza_Participant_Recording_05-30-25/annotated_sentence_segments/uid_lEq1lXM2xafR8w5blWO2OCG8VE93_sid_eFyNYPRW0sdxq0sPEQf7_1743541016_195800115_sentence_segment.wav",Ihshowt a way to duh hɐɪ.hɪdən keɪ:v,It showed the way to a hidden cave where treasures glow.
"/Users/liu.ying/University of Florida/Leite,Walter - Storiza Corpus Spring 2025/Storiza_Participant_Recording_05-30-25/annotated_sentence_segments/uid_lEq1lXM2xafR8w5blWO2OCG8VE93_sid_eFyNYPRW0sdxq0sPEQf7_1743541016_195800116_sentence_segment.wav",h:i told his ffwend Alex and they began ðɛw quest,He told his friend Alex and they began their quest.
"/Users/liu.ying/University of Florida/Leite,Walter - Storiza Corpus Spring 2025/Storiza_Participant_Recording_05-30-25/annotated_sentence_segments/uid_lEq1lXM2xafR8w5blWO2OCG8VE93_sid_eFyNYPRW0sdxq0sPEQf7_1743541016_195800117_sentence_segment.wav",æd dei woʊmd θuw də fowest kwoʊwɪst and pwust howzd wɪvʊz dei saw a rainbow above,"As they roamed through forests and crossed rivers, they saw a rainbow above."
"/Users/liu.ying/University of Florida/Leite,Walter - Storiza Corpus Spring 2025/Storiza_Participant_Recording_05-30-25/annotated_sentence_segments/uid_lEq1lXM2xafR8w5blWO2OCG8VE93_sid_eFyNYPRW0sdxq0sPEQf7_1743541016_195800118_sentence_segment.wav",It touched də top of the mountain gauding de path,"It touched the top of the mountain, guiding their path."
"/Users/liu.ying/University of Florida/Leite,Walter - Storiza Corpus Spring 2025/Storiza_Participant_Recording_05-30-25/annotated_sentence_segments/uid_lEq1lXM2xafR8w5blWO2OCG8VE93_sid_eFyNYPRW0sdxq0sPEQf7_1743541016_195800119_sentence_segment.wav",At ðəɹ cave fɐʊn goʊwd games and a b.əboʊt a  waiting to take dɛm home,"At the cave, they found gold, gems, and a boat waiting to take them home."
"/Users/liu.ying/University of Florida/Leite,Walter - Storiza Corpus Spring 2025/Storiza_Participant_Recording_05-30-25/annotated_sentence_segments/uid_lEq1lXM2xafR8w5blWO2OCG8VE93_sid_eFyNYPRW0sdxq0sPEQf7_1743541016_195800120_sentence_segment.wav",The boat floated down ðə stream back to ðɛw cozy base,"The boat floated down a stream, back to their cozy base."
"/Users/liu.ying/University of Florida/Leite,Walter - Storiza Corpus Spring 2025/Storiza_Participant_Recording_05-30-25/annotated_sentence_segments/uid_lEq1lXM2xafR8w5blWO2OCG8VE93_sid_eFyNYPRW0sdxq0sPEQf7_1743541016_195800121_sentence_segment.wav",Steve and Alex knew they'd hæ mauh əvɛntʃʊwz to follow wɛw dreams uhfowwd and stwum:s gwoʊw,"Steve and Alex knew they'd have more adventures to follow, where dreams unfold and stories grow."
"/Users/liu.ying/University of Florida/Leite,Walter - Storiza Corpus Spring 2025/Storiza_Participant_Recording_05-30-25/annotated_sentence_segments/uid_aKXkeU8QguUwr1lDK1mxXri9hqN2_sid_bgeNoX6mZ9KqJnbUs4Jc_1741731756_195800122_sentence_segment.wav",Fern found a bird with a hurt wing in ɚ yard,Fern found a bird with a hurt wing in her yard.
"/Users/liu.ying/University of Florida/Leite,Walter - Storiza Corpus Spring 2025/Storiza_Participant_Recording_05-30-25/annotated_sentence_segments/uid_aKXkeU8QguUwr1lDK1mxXri9hqN2_sid_bgeNoX6mZ9KqJnbUs4Jc_1741731756_195800123_sentence_segment.wav",She felt sorry and took care of it,She felt sorry and took care of it.
"/Users/liu.ying/University of Florida/Leite,Walter - Storiza Corpus Spring 2025/Storiza_Participant_Recording_05-30-25/annotated_sentence_segments/uid_aKXkeU8QguUwr1lDK1mxXri9hqN2_sid_bgeNoX6mZ9KqJnbUs4Jc_1741731756_195800124_sentence_segment.wav",Using warm water fɝm cleaned the wing Use Using warm water  and fed the bird corn,"Using warm water, Fern cleaned the wing and fed the bird corn."
"/Users/liu.ying/University of Florida/Leite,Walter - Storiza Corpus Spring 2025/Storiza_Participant_Recording_05-30-25/annotated_sentence_segments/uid_aKXkeU8QguUwr1lDK1mxXri9hqN2_sid_bgeNoX6mZ9KqJnbUs4Jc_1741731756_195800125_sentence_segment.wav",The bird stayed ɪ small corner of house,The bird stayed in a small corner of the house.
"/Users/liu.ying/University of Florida/Leite,Walter - Storiza Corpus Spring 2025/Storiza_Participant_Recording_05-30-25/annotated_sentence_segments/uid_aKXkeU8QguUwr1lDK1mxXri9hqN2_sid_bgeNoX6mZ9KqJnbUs4Jc_1741731756_195800126_sentence_segment.wav",After some days the bird's wing got better,"After some days, the bird's wing got better."
"/Users/liu.ying/University of Florida/Leite,Walter - Storiza Corpus Spring 2025/Storiza_Participant_Recording_05-30-25/annotated_sentence_segments/uid_aKXkeU8QguUwr1lDK1mxXri9hqN2_sid_bgeNoX6mZ9KqJnbUs4Jc_1741731756_195800127_sentence_segment.wav",It flapped its wings ready to explore more of the world,"It flapped its wings, ready to explore more of the world."
"/Users/liu.ying/University of Florida/Leite,Walter - Storiza Corpus Spring 2025/Storiza_Participant_Recording_05-30-25/annotated_sentence_segments/uid_aKXkeU8QguUwr1lDK1mxXri9hqN2_sid_bgeNoX6mZ9KqJnbUs4Jc_1741731756_195800128_sentence_segment.wav",Fern gay waved goodbye as the bird soared high oer clear sky,Fern waved goodbye as the bird soared high in the clear sky.
"/Users/liu.ying/University of Florida/Leite,Walter - Storiza Corpus Spring 2025/Storiza_Participant_Recording_05-30-25/annotated_sentence_segments/uid_4w6SC0KmlKV4YmJTalgWiZalQHi2_sid_mfLjPE2t1eMTsYYpBaEa_1742508861_195800129_sentence_segment.wav",Once upon a time in a beautiful green forest lived a friendly rabbit named Roger,"Once upon a time, in a beautiful green forest, lived a friendly rabbit named Roger."
"/Users/liu.ying/University of Florida/Leite,Walter - Storiza Corpus Spring 2025/Storiza_Participant_Recording_05-30-25/annotated_sentence_segments/uid_4w6SC0KmlKV4YmJTalgWiZalQHi2_sid_mfLjPE2t1eMTsYYpBaEa_1742508861_195800130_sentence_segment.wav",He was always happy and loved to play with his friends,He was always happy and loved to play with his friends.
"/Users/liu.ying/University of Florida/Leite,Walter - Storiza Corpus Spring 2025/Storiza_Participant_Recording_05-30-25/annotated_sentence_segments/uid_4w6SC0KmlKV4YmJTalgWiZalQHi2_sid_mfLjPE2t1eMTsYYpBaEa_1742508861_195800131_sentence_segment.wav",One sunny day while hopping around he found a shiny red apple on the ground,"One sunny day, while hopping around, he found a shiny red apple on the ground."
"/Users/liu.ying/University of Florida/Leite,Walter - Storiza Corpus Spring 2025/Storiza_Participant_Recording_05-30-25/annotated_sentence_segments/uid_4w6SC0KmlKV4YmJTalgWiZalQHi2_sid_mfLjPE2t1eMTsYYpBaEa_1742508861_195800132_sentence_segment.wav",Roger had never seen an apple before and was curious to take a bite,Roger had never seen an apple before and was curious to take a bite.
"/Users/liu.ying/University of Florida/Leite,Walter - Storiza Corpus Spring 2025/Storiza_Participant_Recording_05-30-25/annotated_sentence_segments/uid_4w6SC0KmlKV4YmJTalgWiZalQHi2_sid_mfLjPE2t1eMTsYYpBaEa_1742508861_195800133_sentence_segment.wav",He nibble on the apple and it tasted delicious,He nibbled on the apple and it tasted delicious!
"/Users/liu.ying/University of Florida/Leite,Walter - Storiza Corpus Spring 2025/Storiza_Participant_Recording_05-30-25/annotated_sentence_segments/uid_4w6SC0KmlKV4YmJTalgWiZalQHi2_sid_mfLjPE2t1eMTsYYpBaEa_1742508861_195800134_sentence_segment.wav",He wanted to keep it so he put it in his basket and hopped back home,"He wanted to keep it, so he put it in his basket and hopped back home."
"/Users/liu.ying/University of Florida/Leite,Walter - Storiza Corpus Spring 2025/Storiza_Participant_Recording_05-30-25/annotated_sentence_segments/uid_4w6SC0KmlKV4YmJTalgWiZalQHi2_sid_mfLjPE2t1eMTsYYpBaEa_1742508861_195800135_sentence_segment.wav",On one day On the way he stumbled on a big green callerpitar named Cal Callie,"On the way, he stumbled upon a big green caterpillar named Callie."
"/Users/liu.ying/University of Florida/Leite,Walter - Storiza Corpus Spring 2025/Storiza_Participant_Recording_05-30-25/annotated_sentence_segments/uid_4w6SC0KmlKV4YmJTalgWiZalQHi2_sid_mfLjPE2t1eMTsYYpBaEa_1742508861_195800136_sentence_segment.wav",She had no legs and couldn't move,She had no legs and couldn't move.
"/Users/liu.ying/University of Florida/Leite,Walter - Storiza Corpus Spring 2025/Storiza_Participant_Recording_05-30-25/annotated_sentence_segments/uid_4w6SC0KmlKV4YmJTalgWiZalQHi2_sid_mfLjPE2t1eMTsYYpBaEa_1742508861_195800137_sentence_segment.wav",Roger quickly realized that Callie needed help,Roger quickly realized that Callie needed help.
"/Users/liu.ying/University of Florida/Leite,Walter - Storiza Corpus Spring 2025/Storiza_Participant_Recording_05-30-25/annotated_sentence_segments/uid_4w6SC0KmlKV4YmJTalgWiZalQHi2_sid_mfLjPE2t1eMTsYYpBaEa_1742508861_195800138_sentence_segment.wav",He remembered that he had an apple in his basket and gave it to Callie to eat,He remembered that he had an apple in his basket and gave it to Callie to eat.
"/Users/liu.ying/University of Florida/Leite,Walter - Storiza Corpus Spring 2025/Storiza_Participant_Recording_05-30-25/annotated_sentence_segments/uid_4w6SC0KmlKV4YmJTalgWiZalQHi2_sid_mfLjPE2t1eMTsYYpBaEa_1742508861_195800139_sentence_segment.wav",After eating the apple Callie grew bigger and tɝɛnt to turned into a colorful butterfly,"After eating the apple, Callie grew bigger and turned into a colorful butterfly!"
"/Users/liu.ying/University of Florida/Leite,Walter - Storiza Corpus Spring 2025/Storiza_Participant_Recording_05-30-25/annotated_sentence_segments/uid_4w6SC0KmlKV4YmJTalgWiZalQHi2_sid_mfLjPE2t1eMTsYYpBaEa_1742508861_195800140_sentence_segment.wav",Roger was amazed and happy to see he made a new tu sh|have meɪd eɪ new friend,Roger was amazed and happy to have made a new friend.
"/Users/liu.ying/University of Florida/Leite,Walter - Storiza Corpus Spring 2025/Storiza_Participant_Recording_05-30-25/annotated_sentence_segments/uid_4w6SC0KmlKV4YmJTalgWiZalQHi2_sid_mfLjPE2t1eMTsYYpBaEa_1742508861_195800141_sentence_segment.wav",They both hopped and flew together exploring the forest while looking for more interesting things and words that con|tay contai contain contained the letter c,"They both hopped and flew together, exploring the forest while looking for more interesting things and words that contain the letter 'c'."
"/Users/liu.ying/University of Florida/Leite,Walter - Storiza Corpus Spring 2025/Storiza_Participant_Recording_05-30-25/annotated_sentence_segments/uid_4w6SC0KmlKV4YmJTalgWiZalQHi2_sid_mfLjPE2t1eMTsYYpBaEa_1742508861_195800142_sentence_segment.wav",From then on Roger and Callie were best friends and every time they saw an apple they were reminded of their special bond,"From then on, Roger and Callie were the best of friends and every time they saw an apple, they were reminded of their special bond."
"/Users/liu.ying/University of Florida/Leite,Walter - Storiza Corpus Spring 2025/Storiza_Participant_Recording_05-30-25/annotated_sentence_segments/uid_8AhIEcEU81Sn83Fyb0gnFvpiNij2_sid_uFpqxEWSmUluX0tQptOS_1742515199_195800143_sentence_segment.wav",Once upon a time there was a yawng young s:|tɑɹ shining in the v|.va|s veɪst space,"Once upon a time, there was a young star shining in the vast space."
"/Users/liu.ying/University of Florida/Leite,Walter - Storiza Corpus Spring 2025/Storiza_Participant_Recording_05-30-25/annotated_sentence_segments/uid_8AhIEcEU81Sn83Fyb0gnFvpiNij2_sid_uFpqxEWSmUluX0tQptOS_1742515199_195800144_sentence_segment.wav",ɪ|t liked a d|dan|juh|juh duh:|dan|k.king and singing will while twɪn|kliŋ bɹaɪt|li,It liked dancing and singing while twinkling brightly.
"/Users/liu.ying/University of Florida/Leite,Walter - Storiza Corpus Spring 2025/Storiza_Participant_Recording_05-30-25/annotated_sentence_segments/uid_8AhIEcEU81Sn83Fyb0gnFvpiNij2_sid_uFpqxEWSmUluX0tQptOS_1742515199_195800145_sentence_segment.wav",One day while s:|s:|spɪ|niŋ around it naw|ticed noʊdɪst a new f: hm friend up|p|proch approaching a small comet with a s:|pɑɹ|kl|ɪŋ /tuh|t.t/ wis wɪθ eɪ spɑɹklɪŋ tell tail,"One day, while spinning around, it noticed a new friend approaching—a small comet with a sparkling tail."
"/Users/liu.ying/University of Florida/Leite,Walter - Storiza Corpus Spring 2025/Storiza_Participant_Recording_05-30-25/annotated_sentence_segments/uid_8AhIEcEU81Sn83Fyb0gnFvpiNij2_sid_uFpqxEWSmUluX0tQptOS_1742515199_195800146_sentence_segment.wav",tu|ɡɛðɚ they be|gin began greeting amazing pæ|tɚns w.whirl|ing and swirling across the galaxy,"Together, they began creating amazing patterns, swirling and swinging across the galaxy."
"/Users/liu.ying/University of Florida/Leite,Walter - Storiza Corpus Spring 2025/Storiza_Participant_Recording_05-30-25/annotated_sentence_segments/uid_8AhIEcEU81Sn83Fyb0gnFvpiNij2_sid_uFpqxEWSmUluX0tQptOS_1742515199_195800147_sentence_segment.wav",As they played other stars started joining the fun making a lɪŋ th:in da|sing thigh payraid per par|d in space,"As they played, other stars started joining the fun, making a dazzling, singing parade in space."
"/Users/liu.ying/University of Florida/Leite,Walter - Storiza Corpus Spring 2025/Storiza_Participant_Recording_05-30-25/annotated_sentence_segments/uid_8AhIEcEU81Sn83Fyb0gnFvpiNij2_sid_uFpqxEWSmUluX0tQptOS_1742515199_195800148_sentence_segment.wav",ev|eev|ven|tuh|tawly the time came f:oɹ  little s:|tɑɹ to rest but it never s|tɑpt dreaming of more twi.|twinkl.|ling av|ven|ture w.wɪθ its friends,"Eventually, the time came for the little star to rest, but it never stopped dreaming of more twinkling adventures with its friends."
"/Users/liu.ying/University of Florida/Leite,Walter - Storiza Corpus Spring 2025/Storiza_Participant_Recording_05-30-25/annotated_sentence_segments/uid_u2hytH2KWIS6ewdShfEZisygqIo2_sid_7IUfKNbPtSLLxwJEdkZc_1743194542_195800149_sentence_segment.wav",Roy and Jill had a big day ahead,Roy and Joy had a big day ahead.
"/Users/liu.ying/University of Florida/Leite,Walter - Storiza Corpus Spring 2025/Storiza_Participant_Recording_05-30-25/annotated_sentence_segments/uid_u2hytH2KWIS6ewdShfEZisygqIo2_sid_7IUfKNbPtSLLxwJEdkZc_1743194542_195800150_sentence_segment.wav",They were going to learn tap dance at the local hall,They were going to learn tap dance at the local hall.
"/Users/liu.ying/University of Florida/Leite,Walter - Storiza Corpus Spring 2025/Storiza_Participant_Recording_05-30-25/annotated_sentence_segments/uid_u2hytH2KWIS6ewdShfEZisygqIo2_sid_7IUfKNbPtSLLxwJEdkZc_1743194542_195800151_sentence_segment.wav",exc:|ti:ted nei joi:ned də kllack ʊθ ʌ:ðəɹ boys and girls,"Excitedly, they joined the class with other boys and girls."
"/Users/liu.ying/University of Florida/Leite,Walter - Storiza Corpus Spring 2025/Storiza_Participant_Recording_05-30-25/annotated_sentence_segments/uid_u2hytH2KWIS6ewdShfEZisygqIo2_sid_7IUfKNbPtSLLxwJEdkZc_1743194542_195800152_sentence_segment.wav",Det ðə teacher Miss dʌn taught them to tap their feet wɪf joy,"Their teacher, Miss Doyle, taught them to tap their feet with joy."
"/Users/liu.ying/University of Florida/Leite,Walter - Storiza Corpus Spring 2025/Storiza_Participant_Recording_05-30-25/annotated_sentence_segments/uid_u2hytH2KWIS6ewdShfEZisygqIo2_sid_7IUfKNbPtSLLxwJEdkZc_1743194542_195800153_sentence_segment.wav",your toʊʃ and enjoy she sɐiŋ as much fild nə room,"""Point your toes and enjoy!"" she sang as music filled the room."
"/Users/liu.ying/University of Florida/Leite,Walter - Storiza Corpus Spring 2025/Storiza_Participant_Recording_05-30-25/annotated_sentence_segments/uid_u2hytH2KWIS6ewdShfEZisygqIo2_sid_7IUfKNbPtSLLxwJEdkZc_1743194542_195800154_sentence_segment.wav",Everyone tæ:pt in un|nison c.cre|a|ting ei: lovely,"Everyone tapped in unison, creating a lively noise."
"/Users/liu.ying/University of Florida/Leite,Walter - Storiza Corpus Spring 2025/Storiza_Participant_Recording_05-30-25/annotated_sentence_segments/uid_u2hytH2KWIS6ewdShfEZisygqIo2_sid_7IUfKNbPtSLLxwJEdkZc_1743194542_195800155_sentence_segment.wav",dʒɔ:i tw:irl|led around and Joy jumped with joy,"Joy twirled around, and Roy jumped with joy."
"/Users/liu.ying/University of Florida/Leite,Walter - Storiza Corpus Spring 2025/Storiza_Participant_Recording_05-30-25/annotated_sentence_segments/uid_u2hytH2KWIS6ewdShfEZisygqIo2_sid_7IUfKNbPtSLLxwJEdkZc_1743194542_195800156_sentence_segment.wav",At the ʌnd of class ɔi and Joy were f:ʊl of happiness,"At the end of the class, Roy and Joy were full of happiness."
"/Users/liu.ying/University of Florida/Leite,Walter - Storiza Corpus Spring 2025/Storiza_Participant_Recording_05-30-25/annotated_sentence_segments/uid_u2hytH2KWIS6ewdShfEZisygqIo2_sid_7IUfKNbPtSLLxwJEdkZc_1743194542_195800157_sentence_segment.wav",dei couldn't wait to show dɛɹ pahr parents the new steps they had discovered,They couldn't wait to show their parents the new steps they had discovered.
"/Users/liu.ying/University of Florida/Leite,Walter - Storiza Corpus Spring 2025/Storiza_Participant_Recording_05-30-25/annotated_sentence_segments/uid_Gt0cspsUtRSvEXXHZKUWlVAfyVq2_sid_Fg08PYTUetsEHAd5a7Su_1743619578_195800158_sentence_segment.wav",Clara is a smart girl who loves to draw and ʃtɑɹz and kɑɹʃ,Clara is a smart girl who loves to draw stars and cars.
"/Users/liu.ying/University of Florida/Leite,Walter - Storiza Corpus Spring 2025/Storiza_Participant_Recording_05-30-25/annotated_sentence_segments/uid_Gt0cspsUtRSvEXXHZKUWlVAfyVq2_sid_Fg08PYTUetsEHAd5a7Su_1743619578_195800159_sentence_segment.wav",She star|ts her day by dɹɔlɪŋ a large star on her paper,She starts her day by drawing a large star on her paper.
"/Users/liu.ying/University of Florida/Leite,Walter - Storiza Corpus Spring 2025/Storiza_Participant_Recording_05-30-25/annotated_sentence_segments/uid_Gt0cspsUtRSvEXXHZKUWlVAfyVq2_sid_Fg08PYTUetsEHAd5a7Su_1743619578_195800160_sentence_segment.wav",After she works on her homework with care,"After, she works on her homework with care."
"/Users/liu.ying/University of Florida/Leite,Walter - Storiza Corpus Spring 2025/Storiza_Participant_Recording_05-30-25/annotated_sentence_segments/uid_Gt0cspsUtRSvEXXHZKUWlVAfyVq2_sid_Fg08PYTUetsEHAd5a7Su_1743619578_195800161_sentence_segment.wav",Her art work are both neat,Her art and work are both neat.
"/Users/liu.ying/University of Florida/Leite,Walter - Storiza Corpus Spring 2025/Storiza_Participant_Recording_05-30-25/annotated_sentence_segments/uid_Gt0cspsUtRSvEXXHZKUWlVAfyVq2_sid_Fg08PYTUetsEHAd5a7Su_1743619578_195800162_sentence_segment.wav",Her art and work  both neat,Her art and work are both neat.
"/Users/liu.ying/University of Florida/Leite,Walter - Storiza Corpus Spring 2025/Storiza_Participant_Recording_05-30-25/annotated_sentence_segments/uid_Gt0cspsUtRSvEXXHZKUWlVAfyVq2_sid_Fg08PYTUetsEHAd5a7Su_1743619578_195800163_sentence_segment.wav",Clara is t  laɪkʃ to share her art with her mom,Clara likes to share her art with her mom.
"/Users/liu.ying/University of Florida/Leite,Walter - Storiza Corpus Spring 2025/Storiza_Participant_Recording_05-30-25/annotated_sentence_segments/uid_Gt0cspsUtRSvEXXHZKUWlVAfyVq2_sid_Fg08PYTUetsEHAd5a7Su_1743619578_195800164_sentence_segment.wav",They sit together under a warm lamp and talk,They sit together under a warm lamp and talk.
"/Users/liu.ying/University of Florida/Leite,Walter - Storiza Corpus Spring 2025/Storiza_Participant_Recording_05-30-25/annotated_sentence_segments/uid_EfKQNmht2ebtDnNadrezErlhcDF3_sid_94139u3RLB6eDunha2LP_1741737807_195800170_sentence_segment.wav",One day he saw a big banana,"One day, he saw a big banana."
"/Users/liu.ying/University of Florida/Leite,Walter - Storiza Corpus Spring 2025/Storiza_Participant_Recording_05-30-25/annotated_sentence_segments/uid_EfKQNmht2ebtDnNadrezErlhcDF3_sid_94139u3RLB6eDunha2LP_1741737807_195800173_sentence_segment.wav",He slept on his branch dreaming about the food,"He slept on his branch, dreaming about the food."
"/Users/liu.ying/University of Florida/Leite,Walter - Storiza Corpus Spring 2025/Storiza_Participant_Recording_05-30-25/annotated_sentence_segments/uid_EfKQNmht2ebtDnNadrezErlhcDF3_sid_94139u3RLB6eDunha2LP_1741737807_195800174_sentence_segment.wav",Then When Sloth woke up h:i felt glad and had a bite,"When Sloth woke up, he felt glad and had a bite."
"/Users/liu.ying/University of Florida/Leite,Walter - Storiza Corpus Spring 2025/Storiza_Participant_Recording_05-30-25/annotated_sentence_segments/uid_EfKQNmht2ebtDnNadrezErlhcDF3_sid_94139u3RLB6eDunha2LP_1741737807_195800175_sentence_segment.wav",The day ended with s the sky turning red,The day ended with the sky turning red.
"/Users/liu.ying/University of Florida/Leite,Walter - Storiza Corpus Spring 2025/Storiza_Participant_Recording_05-30-25/annotated_sentence_segments/uid_EfKQNmht2ebtDnNadrezErlhcDF3_sid_94139u3RLB6eDunha2LP_1741737807_195800176_sentence_segment.wav",Sloth was full fʊl and swung back to his soft bed,Sloth was full and swung back to his soft bed.
"/Users/liu.ying/University of Florida/Leite,Walter - Storiza Corpus Spring 2025/Storiza_Participant_Recording_05-30-25/annotated_sentence_segments/uid_EfKQNmht2ebtDnNadrezErlhcDF3_sid_94139u3RLB6eDunha2LP_1741737807_195800177_sentence_segment.wav",Sloth made a plan təmɑoʊ more trees to see,"Sloth made a plan: ""Tomorrow, more trees to see!"""
"/Users/liu.ying/University of Florida/Leite,Walter - Storiza Corpus Spring 2025/Storiza_Participant_Recording_05-30-25/annotated_sentence_segments/uid_IxbpyVeneRWBOVT8zPZO9dPynyX2_sid_TI7ZfqtWKKN5LypKQDPq_1742330731_195800178_sentence_segment.wav",Jake liked to play for football every day,Jake liked to play football every day.
"/Users/liu.ying/University of Florida/Leite,Walter - Storiza Corpus Spring 2025/Storiza_Participant_Recording_05-30-25/annotated_sentence_segments/uid_IxbpyVeneRWBOVT8zPZO9dPynyX2_sid_TI7ZfqtWKKN5LypKQDPq_1742330731_195800179_sentence_segment.wav",He ran fast down the field his shoes kicking up dirt,"He ran fast down the field, his shoes kicking up dirt."
"/Users/liu.ying/University of Florida/Leite,Walter - Storiza Corpus Spring 2025/Storiza_Participant_Recording_05-30-25/annotated_sentence_segments/uid_IxbpyVeneRWBOVT8zPZO9dPynyX2_sid_TI7ZfqtWKKN5LypKQDPq_1742330731_195800180_sentence_segment.wav",The team cheered Go dʒeɪ go as he caught the ball,"The team cheered, ""Go, Jake, go!"" as he caught the ball."
"/Users/liu.ying/University of Florida/Leite,Walter - Storiza Corpus Spring 2025/Storiza_Participant_Recording_05-30-25/annotated_sentence_segments/uid_IxbpyVeneRWBOVT8zPZO9dPynyX2_sid_TI7ZfqtWKKN5LypKQDPq_1742330731_195800181_sentence_segment.wav",His friends Pete passed him the ball,"His friend, Pete, passed him the ball."
"/Users/liu.ying/University of Florida/Leite,Walter - Storiza Corpus Spring 2025/Storiza_Participant_Recording_05-30-25/annotated_sentence_segments/uid_IxbpyVeneRWBOVT8zPZO9dPynyX2_sid_TI7ZfqtWKKN5LypKQDPq_1742330731_195800182_sentence_segment.wav",Jake aimed and kicked,Jake aimed and kicked.
"/Users/liu.ying/University of Florida/Leite,Walter - Storiza Corpus Spring 2025/Storiza_Participant_Recording_05-30-25/annotated_sentence_segments/uid_IxbpyVeneRWBOVT8zPZO9dPynyX2_sid_TI7ZfqtWKKN5LypKQDPq_1742330731_195800183_sentence_segment.wav",The ball whose o ðə bɑl flew high landing in the goal,"The ball flew high, landing in the goal."
"/Users/liu.ying/University of Florida/Leite,Walter - Storiza Corpus Spring 2025/Storiza_Participant_Recording_05-30-25/annotated_sentence_segments/uid_IxbpyVeneRWBOVT8zPZO9dPynyX2_sid_TI7ZfqtWKKN5LypKQDPq_1742330731_195800184_sentence_segment.wav",Goal shouting the ti:m,"""Goal!"" shouted the team."
"/Users/liu.ying/University of Florida/Leite,Walter - Storiza Corpus Spring 2025/Storiza_Participant_Recording_05-30-25/annotated_sentence_segments/uid_IxbpyVeneRWBOVT8zPZO9dPynyX2_sid_TI7ZfqtWKKN5LypKQDPq_1742330731_195800185_sentence_segment.wav",Jake smiled width wide,Jake smiled wide.
"/Users/liu.ying/University of Florida/Leite,Walter - Storiza Corpus Spring 2025/Storiza_Participant_Recording_05-30-25/annotated_sentence_segments/uid_IxbpyVeneRWBOVT8zPZO9dPynyX2_sid_TI7ZfqtWKKN5LypKQDPq_1742330731_195800186_sentence_segment.wav",Coach said I'm proud of you Jake,"Coach said, ""I'm proud of you, Jake!"""
"/Users/liu.ying/University of Florida/Leite,Walter - Storiza Corpus Spring 2025/Storiza_Participant_Recording_05-30-25/annotated_sentence_segments/uid_IxbpyVeneRWBOVT8zPZO9dPynyX2_sid_TI7ZfqtWKKN5LypKQDPq_1742330731_195800187_sentence_segment.wav",Its a ɪt was a great day,It was a great day.
"/Users/liu.ying/University of Florida/Leite,Walter - Storiza Corpus Spring 2025/Storiza_Participant_Recording_05-30-25/annotated_sentence_segments/uid_IxbpyVeneRWBOVT8zPZO9dPynyX2_sid_TI7ZfqtWKKN5LypKQDPq_1742330731_195800188_sentence_segment.wav",Jake loved football and playing with his friends,Jake loved football and playing with his friends.
"/Users/liu.ying/University of Florida/Leite,Walter - Storiza Corpus Spring 2025/Storiza_Participant_Recording_05-30-25/annotated_sentence_segments/uid_IxbpyVeneRWBOVT8zPZO9dPynyX2_sid_TI7ZfqtWKKN5LypKQDPq_1742330731_195800190_sentence_segment.wav",it was a day Jake would always remember,It was a day Jake would always remember.
"/Users/liu.ying/University of Florida/Leite,Walter - Storiza Corpus Spring 2025/Storiza_Participant_Recording_05-30-25/annotated_sentence_segments/uid_eQ9VyOzVOCQWR7uTGBGzvfh3rUJ2_sid_d0sd8ez8hxweRUEB02Dj_1742253312_195800191_sentence_segment.wav",   [pʰɹei] [pɹæ̃ntəd] to the edge of the woods,Pax the fox pranced to the edge of the woods.
"/Users/liu.ying/University of Florida/Leite,Walter - Storiza Corpus Spring 2025/Storiza_Participant_Recording_05-30-25/annotated_sentence_segments/uid_WU2CHNrkg8hTa41RUFdbv0AtTC42_sid_2Co3lEc8sspfmMu4fH2l_1741135526_195800195_sentence_segment.wav",In the past America bɪ|ɡæn its  teɪl: with brave ex|plower|s poɹlɚ hm sporeluh spoilers sailing the sea,"In the past, America began its tale with brave explorers sailing the sea."
"/Users/liu.ying/University of Florida/Leite,Walter - Storiza Corpus Spring 2025/Storiza_Participant_Recording_05-30-25/annotated_sentence_segments/uid_WU2CHNrkg8hTa41RUFdbv0AtTC42_sid_2Co3lEc8sspfmMu4fH2l_1741135526_195800197_sentence_segment.wav",They gave names to bays and plains,They gave names to bays and plains.
"/Users/liu.ying/University of Florida/Leite,Walter - Storiza Corpus Spring 2025/Storiza_Participant_Recording_05-30-25/annotated_sentence_segments/uid_WU2CHNrkg8hTa41RUFdbv0AtTC42_sid_2Co3lEc8sspfmMu4fH2l_1741135526_195800198_sentence_segment.wav",As day turn settler settlers stayed and towns began to grow and play,"As days turned, settlers stayed, and towns began to grow and play."
"/Users/liu.ying/University of Florida/Leite,Walter - Storiza Corpus Spring 2025/Storiza_Participant_Recording_05-30-25/annotated_sentence_segments/uid_WU2CHNrkg8hTa41RUFdbv0AtTC42_sid_2Co3lEc8sspfmMu4fH2l_1741135526_195800199_sentence_segment.wav",This how  was  a nation bɪɡɛn to sway its fly in the breeze paving the way to what America is today,"This was how a nation began to sway its flag in the breeze, paving the way to what America is today."
"/Users/liu.ying/University of Florida/Leite,Walter - Storiza Corpus Spring 2025/Storiza_Participant_Recording_05-30-25/annotated_sentence_segments/uid_EfKQNmht2ebtDnNadrezErlhcDF3_sid_jz3KP00mqLL8lsiR3aHj_1743543984_195800201_sentence_segment.wav",They sat in a large room with a big blackboard,They sat in a large room with a big blackboard.
"/Users/liu.ying/University of Florida/Leite,Walter - Storiza Corpus Spring 2025/Storiza_Participant_Recording_05-30-25/annotated_sentence_segments/uid_EfKQNmht2ebtDnNadrezErlhcDF3_sid_jz3KP00mqLL8lsiR3aHj_1743543984_195800202_sentence_segment.wav",The teacher taught them to write words and read stɔɹi|z,The teacher taught them to write words and read stories.
"/Users/liu.ying/University of Florida/Leite,Walter - Storiza Corpus Spring 2025/Storiza_Participant_Recording_05-30-25/annotated_sentence_segments/uid_EfKQNmht2ebtDnNadrezErlhcDF3_sid_jz3KP00mqLL8lsiR3aHj_1743543984_195800203_sentence_segment.wav",After lessons the cha  children played in a wide yards with s.swɪŋz and slides,"After lessons, the children played in a wide yard with swings and slides."
"/Users/liu.ying/University of Florida/Leite,Walter - Storiza Corpus Spring 2025/Storiza_Participant_Recording_05-30-25/annotated_sentence_segments/uid_EfKQNmht2ebtDnNadrezErlhcDF3_sid_jz3KP00mqLL8lsiR3aHj_1743543984_195800204_sentence_segment.wav",They liked to race from one tree to another,They liked to race from one tree to another.
"/Users/liu.ying/University of Florida/Leite,Walter - Storiza Corpus Spring 2025/Storiza_Participant_Recording_05-30-25/annotated_sentence_segments/uid_8AhIEcEU81Sn83Fyb0gnFvpiNij2_sid_dWWHqaNCItDHVTJsppiM_1742342703_195800209_sentence_segment.wav",She loved her garden filled with roses and  dæn|st amuh əh among the flowers,She loved her garden filled with roses and danced among the flowers.
"/Users/liu.ying/University of Florida/Leite,Walter - Storiza Corpus Spring 2025/Storiza_Participant_Recording_05-30-25/annotated_sentence_segments/uid_8AhIEcEU81Sn83Fyb0gnFvpiNij2_sid_dWWHqaNCItDHVTJsppiM_1742342703_195800210_sentence_segment.wav",One day Ella dɹɛðt in əh her fan fin|net ɡaʊ:n and pəlænd a grand feast,"One day, Ella dressed in her finest gown and planned a grand feast."
"/Users/liu.ying/University of Florida/Leite,Walter - Storiza Corpus Spring 2025/Storiza_Participant_Recording_05-30-25/annotated_sentence_segments/uid_8AhIEcEU81Sn83Fyb0gnFvpiNij2_sid_dWWHqaNCItDHVTJsppiM_1742342703_195800212_sentence_segment.wav",æθ fəv sun set music pl.played and everyone tʃɪɹzd,"As the sun set, music played and everyone cheered."
"/Users/liu.ying/University of Florida/Leite,Walter - Storiza Corpus Spring 2025/Storiza_Participant_Recording_05-30-25/annotated_sentence_segments/uid_8AhIEcEU81Sn83Fyb0gnFvpiNij2_sid_dWWHqaNCItDHVTJsppiM_1742342703_195800213_sentence_segment.wav",The joyful evening ended with a magical dɪs|pleɪ of stars,The joyful evening ended with a magical display of stars.
"/Users/liu.ying/University of Florida/Leite,Walter - Storiza Corpus Spring 2025/Storiza_Participant_Recording_05-30-25/annotated_sentence_segments/uid_8AhIEcEU81Sn83Fyb0gnFvpiNij2_sid_dWWHqaNCItDHVTJsppiM_1742342703_195800214_sentence_segment.wav",tried and h happy ɛlɛ herded to bed dreaming of more æd|vɛn|tʃɚz,"Tired and happy, Ella headed to bed, dreaming of more adventures."
"/Users/liu.ying/University of Florida/Leite,Walter - Storiza Corpus Spring 2025/Storiza_Participant_Recording_05-30-25/annotated_sentence_segments/uid_R1EwS77TeuNWizrTF57TXCX3ufd2_sid_B089U2ffcOfQjtBInn6U_1742992355_195800215_sentence_segment.wav",braid braid the frog louder l: lep leaps leaps to the pond,Brad the frog leaps to the pond.
"/Users/liu.ying/University of Florida/Leite,Walter - Storiza Corpus Spring 2025/Storiza_Participant_Recording_05-30-25/annotated_sentence_segments/uid_R1EwS77TeuNWizrTF57TXCX3ufd2_sid_B089U2ffcOfQjtBInn6U_1742992355_195800216_sentence_segment.wav",He sta stops a f:la t flæt rock and hops on  it,He spots a flat rock and hops on it.
"/Users/liu.ying/University of Florida/Leite,Walter - Storiza Corpus Spring 2025/Storiza_Participant_Recording_05-30-25/annotated_sentence_segments/uid_R1EwS77TeuNWizrTF57TXCX3ufd2_sid_B089U2ffcOfQjtBInn6U_1742992355_195800219_sentence_segment.wav",hm Buh bɹæd Brad is glad and lick louder oh /l:ih|l|likes/ it up quick,Brad is glad and licks it up quick.
"/Users/liu.ying/University of Florida/Leite,Walter - Storiza Corpus Spring 2025/Storiza_Participant_Recording_05-30-25/annotated_sentence_segments/uid_R1EwS77TeuNWizrTF57TXCX3ufd2_sid_B089U2ffcOfQjtBInn6U_1742992355_195800220_sentence_segment.wav",Then he stops a spots spɑts a small duck oh who kwæk s kwæks and flaps,"Then, he spots a small duck who quacks and flaps."
"/Users/liu.ying/University of Florida/Leite,Walter - Storiza Corpus Spring 2025/Storiza_Participant_Recording_05-30-25/annotated_sentence_segments/uid_R1EwS77TeuNWizrTF57TXCX3ufd2_sid_B089U2ffcOfQjtBInn6U_1742992355_195800222_sentence_segment.wav",Af At la|s put it together la|s læst last the s:ʌn set cheche: first sound  cha: kæstɪŋ casting red on the pond,"At last, the sun sets, casting red on the pond."
"/Users/liu.ying/University of Florida/Leite,Walter - Storiza Corpus Spring 2025/Storiza_Participant_Recording_05-30-25/annotated_sentence_segments/uid_R1EwS77TeuNWizrTF57TXCX3ufd2_sid_B089U2ffcOfQjtBInn6U_1742992355_195800223_sentence_segment.wav",bɹæ:d mhm say said louder s:ay Goodnight and jumps off left r:i|p|les ripped|s good job good try rips ples ripples be: in: bihaɪnd,"Brad says, ""Goodnight!"" and jumps off, leaving ripples behind."
"/Users/liu.ying/University of Florida/Leite,Walter - Storiza Corpus Spring 2025/Storiza_Participant_Recording_05-30-25/annotated_sentence_segments/uid_aKXkeU8QguUwr1lDK1mxXri9hqN2_sid_sn7xe4SO3wbbvwXSbzcB_1741732311_195800226_sentence_segment.wav",One day fɝ:n eh fɝn met a big star mɛt eɪ starfish who felt very small,"One day, Fern met a starfish who felt very small."
"/Users/liu.ying/University of Florida/Leite,Walter - Storiza Corpus Spring 2025/Storiza_Participant_Recording_05-30-25/annotated_sentence_segments/uid_uJ59YClhDZUuJsN0vsDR1GRv6pu1_sid_k9imYdOEGdX5jWuxNPba_1741229297_195800231_sentence_segment.wav",One day they while ru adding hay ɑ:n the roof they saw a gray wolf,"One day, while adding hay on the roof, they saw a gray wolf."
"/Users/liu.ying/University of Florida/Leite,Walter - Storiza Corpus Spring 2025/Storiza_Participant_Recording_05-30-25/annotated_sentence_segments/uid_uJ59YClhDZUuJsN0vsDR1GRv6pu1_sid_k9imYdOEGdX5jWuxNPba_1741229297_195800232_sentence_segment.wav",Stay away said Clay,"""Stay away!"" said Clay."
"/Users/liu.ying/University of Florida/Leite,Walter - Storiza Corpus Spring 2025/Storiza_Participant_Recording_05-30-25/annotated_sentence_segments/uid_uJ59YClhDZUuJsN0vsDR1GRv6pu1_sid_k9imYdOEGdX5jWuxNPba_1741229297_195800233_sentence_segment.wav",Jake had an idea Let's make a safe bay,"Jake had an idea, ""Let's make a safe bay!"""
"/Users/liu.ying/University of Florida/Leite,Walter - Storiza Corpus Spring 2025/Storiza_Participant_Recording_05-30-25/annotated_sentence_segments/uid_uJ59YClhDZUuJsN0vsDR1GRv6pu1_sid_k9imYdOEGdX5jWuxNPba_1741229297_195800234_sentence_segment.wav",They dug and laid a rock trail around the castle to keep the wolves at bay,They dug and laid a rock trail around the castle to keep the wolves at bay.
"/Users/liu.ying/University of Florida/Leite,Walter - Storiza Corpus Spring 2025/Storiza_Participant_Recording_05-30-25/annotated_sentence_segments/uid_uJ59YClhDZUuJsN0vsDR1GRv6pu1_sid_k9imYdOEGdX5jWuxNPba_1741229297_195800235_sentence_segment.wav",By mid By midday their their bay was complete and ð.ðeɪ felt safe,"By midday, their bay was complete, and they felt safe."
"/Users/liu.ying/University of Florida/Leite,Walter - Storiza Corpus Spring 2025/Storiza_Participant_Recording_05-30-25/annotated_sentence_segments/uid_uJ59YClhDZUuJsN0vsDR1GRv6pu1_sid_k9imYdOEGdX5jWuxNPba_1741229297_195800236_sentence_segment.wav",They sat on the hay under the sun's ray and watched the wolves walk away,"They sat on the hay, under the sun's ray, and watched the wolves walk away."
"/Users/liu.ying/University of Florida/Leite,Walter - Storiza Corpus Spring 2025/Storiza_Participant_Recording_05-30-25/annotated_sentence_segments/uid_uJ59YClhDZUuJsN0vsDR1GRv6pu1_sid_k9imYdOEGdX5jWuxNPba_1741229297_195800237_sentence_segment.wav",Hooray they yelled,"""Hooray!"" they yelled."
"/Users/liu.ying/University of Florida/Leite,Walter - Storiza Corpus Spring 2025/Storiza_Participant_Recording_05-30-25/annotated_sentence_segments/uid_uJ59YClhDZUuJsN0vsDR1GRv6pu1_sid_k9imYdOEGdX5jWuxNPba_1741229297_195800238_sentence_segment.wav",It was splendid day on their  maɪnkɹæf world,It was a splendid day in their Minecraft world.
"/Users/liu.ying/University of Florida/Leite,Walter - Storiza Corpus Spring 2025/Storiza_Participant_Recording_05-30-25/annotated_sentence_segments/uid_u2hytH2KWIS6ewdShfEZisygqIo2_sid_6ae2RFg9b4TnHyeQrwPg_1741208178_195800239_sentence_segment.wav",Once there  a queen with a shiny crown,Once there was a queen with a shiny crown.
"/Users/liu.ying/University of Florida/Leite,Walter - Storiza Corpus Spring 2025/Storiza_Participant_Recording_05-30-25/annotated_sentence_segments/uid_u2hytH2KWIS6ewdShfEZisygqIo2_sid_6ae2RFg9b4TnHyeQrwPg_1741208178_195800240_sentence_segment.wav",She loved to zone out by the pond in her royal room robe roo robe r|o|b|e Yeah Where's it at robe It said room,She loved to zone out by the pond in her royal robe.
"/Users/liu.ying/University of Florida/Leite,Walter - Storiza Corpus Spring 2025/Storiza_Participant_Recording_05-30-25/annotated_sentence_segments/uid_u2hytH2KWIS6ewdShfEZisygqIo2_sid_6ae2RFg9b4TnHyeQrwPg_1741208178_195800242_sentence_segment.wav", A throne made a gold  in ɪn ðəl dome it read,"""A throne made of gold sparkles in the dome,"" it read."
"/Users/liu.ying/University of Florida/Leite,Walter - Storiza Corpus Spring 2025/Storiza_Participant_Recording_05-30-25/annotated_sentence_segments/uid_u2hytH2KWIS6ewdShfEZisygqIo2_sid_6ae2RFg9b4TnHyeQrwPg_1741208178_195800243_sentence_segment.wav",Curve the queen followed a path alone,"Curious, the queen followed a path alone."
"/Users/liu.ying/University of Florida/Leite,Walter - Storiza Corpus Spring 2025/Storiza_Participant_Recording_05-30-25/annotated_sentence_segments/uid_Gt0cspsUtRSvEXXHZKUWlVAfyVq2_sid_T60aXpcSfYeutkEUGFiG_1742062680_195800246_sentence_segment.wav",Lɪliə skipped ɪn the into ðə dragon store hɝ: heart was poun hɝ hɑɹt pounding with excitement,"Lila skipped into the dragon store, her heart pounding with excitement."
"/Users/liu.ying/University of Florida/Leite,Walter - Storiza Corpus Spring 2025/Storiza_Participant_Recording_05-30-25/annotated_sentence_segments/uid_Gt0cspsUtRSvEXXHZKUWlVAfyVq2_sid_T60aXpcSfYeutkEUGFiG_1742062680_195800248_sentence_segment.wav",She wandered əɹaʊ. She wandered around eyeing each dragon,"She wandered around, eyeing each dragon."
"/Users/liu.ying/University of Florida/Leite,Walter - Storiza Corpus Spring 2025/Storiza_Participant_Recording_05-30-25/annotated_sentence_segments/uid_Gt0cspsUtRSvEXXHZKUWlVAfyVq2_sid_T60aXpcSfYeutkEUGFiG_1742062680_195800249_sentence_segment.wav",A small green dragon jumped out and landed softly in front of her wagging its tail,"A small, green dragon jumped out and landed softly in front of her, wagging its tail."
"/Users/liu.ying/University of Florida/Leite,Walter - Storiza Corpus Spring 2025/Storiza_Participant_Recording_05-30-25/annotated_sentence_segments/uid_Gt0cspsUtRSvEXXHZKUWlVAfyVq2_sid_T60aXpcSfYeutkEUGFiG_1742062680_195800250_sentence_segment.wav",Lily giggled feeling joy bubbling inside,"Lila giggled, feeling joy bubbling inside."
"/Users/liu.ying/University of Florida/Leite,Walter - Storiza Corpus Spring 2025/Storiza_Participant_Recording_05-30-25/annotated_sentence_segments/uid_Gt0cspsUtRSvEXXHZKUWlVAfyVq2_sid_T60aXpcSfYeutkEUGFiG_1742062680_195800251_sentence_segment.wav",you're you're the one she decided,"""You are the one,"" she decided."
"/Users/liu.ying/University of Florida/Leite,Walter - Storiza Corpus Spring 2025/Storiza_Participant_Recording_05-30-25/annotated_sentence_segments/uid_Gt0cspsUtRSvEXXHZKUWlVAfyVq2_sid_T60aXpcSfYeutkEUGFiG_1742062680_195800252_sentence_segment.wav",Lilia named the dragon Flick and imagined flying adventures with her new friend,Lila named the dragon Flick and imagined flying adventures with her new friend.
"/Users/liu.ying/University of Florida/Leite,Walter - Storiza Corpus Spring 2025/Storiza_Participant_Recording_05-30-25/annotated_sentence_segments/uid_Gt0cspsUtRSvEXXHZKUWlVAfyVq2_sid_T60aXpcSfYeutkEUGFiG_1742062680_195800253_sentence_segment.wav",Her Mom smiled knowing Leah had made a quick and happy choice,"Her mom smiled, knowing Lila had made a quick and happy choice."
"/Users/liu.ying/University of Florida/Leite,Walter - Storiza Corpus Spring 2025/Storiza_Participant_Recording_05-30-25/annotated_sentence_segments/uid_HGLxgWVfJZWhAsqMf761d40h3eQ2_sid_dfOpuFPgL5wgpnuFyHxW_1741228586_195800258_sentence_segment.wav",She loves tu: dʒʌ:. dʒʌ judge  the   s:kw:ə:ɹɛl: æ:z clistal as they d|  dace dace a:n the waɪd͜ʒ,She loves to judge the squirrels as they dance on the ridge.
"/Users/liu.ying/University of Florida/Leite,Walter - Storiza Corpus Spring 2025/Storiza_Participant_Recording_05-30-25/annotated_sentence_segments/uid_HGLxgWVfJZWhAsqMf761d40h3eQ2_sid_dfOpuFPgL5wgpnuFyHxW_1741228586_195800259_sentence_segment.wav",One day she found a beɪ:. beɪdʒ by the bwɪdʒ,"One day, she found a badge by the bridge."
"/Users/liu.ying/University of Florida/Leite,Walter - Storiza Corpus Spring 2025/Storiza_Participant_Recording_05-30-25/annotated_sentence_segments/uid_HGLxgWVfJZWhAsqMf761d40h3eQ2_sid_dfOpuFPgL5wgpnuFyHxW_1741228586_195800260_sentence_segment.wav",Jaddy  Jadey Jiddy pledged to keep it safe as it b.i.l.ɑ:ŋd beyond to the king man who v:. a king man who vɪzɪt|s visitst the lodge fow pichnknist,"Jade pledged to keep it safe, as it belonged to a kind man who visits the lodge for picnics."
