Path,Transcript,goldStandard
"/Users/liu.ying/University of Florida/Leite,Walter - Storiza Corpus Spring 2025/Storiza_Participant_Recording_05-30-25/uid_IGe7nmfoeKQG1oyWJEMIv6KIP5Q2_sid_OJ3hCvb3pokTxqbvhJuh_1742508917.wav",fɪl the racer had a sturdy red car that pɔɹd with power eerly each morning Early itʃ mɔɹnɪŋ fɪl will hurry to the track His hɪz favorite  turn on the racecourse was called the Curvy Curve The big race day had come and fɪl was ready to join As he started his car it made a soft whirr The engines əv many cars tɹɛ|tɹɛmbld with excitement Fill no Finn felt a flutter of thorough thrill inside him With the starting flag up fɪl started forward The sound of the rushing air made a humming mʌləbaɪ As Finn ə|p|əpɹoʊtʃt the Curvy Curve he remembered to steer with car care His car turned smoothly like a bird in flight making him smile with joy Suddenly a sharp bump shook Finn's car He felt əngɝteɪtɛd and his heart thudded fast but he stayed f|fɜɹm He gripped the wheel drove through ay swift pass and swift|ly passed other cars The crowd cheered as Finn crossed the finish line his hɪz spritz haɪ hɪz spirits high and triumphant Finn had won the race With a  With a grateful smile he waved to the people The racing journey had thought him courage bringing him joy and a feeling of pride,"Finn the racer had a sturdy red car that purred with power. The big race day had come, and Finn was ready to join. As he started his car, it made a soft whirr. The engines of many cars trembled with excitement. Finn felt a flutter of thrill inside him. With the starting flag up, Finn surged forward. The sound of the rushing air made a humming melody. As Finn approached the Curvy Curve, he remembered to steer with care. His car turned smoothly like a bird in flight, making him smile with joy. Suddenly, a sharp bump shook Finn's car. He felt uncertainty and his heart thudded fast, but he stayed firm. He gripped the wheel, drove forward and swiftly passed other cars. The crowd cheered as Finn crossed the finish line, his spirits high and triumphant. Finn had won the race! With a grateful smile, he waved to the people. The racing journey had taught him courage, bringing him joy and a feeling of pride. Early each morning, Finn would hurry to the track. Finn the racer had a sturdy red car that purred with power. Early each morning, Finn would hurry to the track. His favorite turn on the racecourse was called the Curvy Curve. The big race day had come, and Finn was ready to join. As he started his car, it made a soft whirr. The engines of many cars trembled with excitement. Finn felt a flutter of thrill inside him. With the starting flag up, Finn surged forward. The sound of the rushing air made a humming melody. As Finn approached the Curvy Curve, he remembered to steer with care. His car turned smoothly like a bird in flight, making him smile with joy. Suddenly, a sharp bump shook Finn's car. He felt uncertainty and his heart thudded fast, but he stayed firm. He gripped the wheel, drove forward and swiftly passed other cars. The crowd cheered as Finn crossed the finish line, his spirits high and triumphant. Finn had won the race! With a grateful smile, he waved to the people. The racing journey had taught him courage, bringing him joy and a feeling of pride."
"/Users/liu.ying/University of Florida/Leite,Walter - Storiza Corpus Spring 2025/Storiza_Participant_Recording_05-30-25/uid_TzE1wYChYkTUAVNeVtZjXuO8cBi2_sid_xVtZiYDJKDrpbrcttqPg_1743434705.wav",Pat Pat had a pen pet and the in the pan sat Pat and the pan fit p|at Pat tapped tapped the pe:n The pan slib|d slid pæ:t g: grinned ɡwɪnd,Pat had a pan. Pat and the pan sat. Pat and the pan fit. Pat tapped the pan. The pan slid. Pat grinned. Pat had a pan. Pat and the pan sat. Pat and the pan fit. Pat tapped the pan. The pan slid. Pat grinned.
"/Users/liu.ying/University of Florida/Leite,Walter - Storiza Corpus Spring 2025/Storiza_Participant_Recording_05-30-25/uid_ukKF4sCANzgmD16fyjMyO7VwR2A2_sid_BhiSjyPVnnE8LlbHAvww_1742164812.wav",Zade loved playing baskball Each day he would wear his gear and head to the court near his home The air was f.fɹɛʃ and Zade felt eager on sunny day he was əm determinated to perfect his jump shot He took a deep breath focused and leaped into the air The ball scored soared and went through the hoop without touching the rim The cheer f:.from his friends was loud and filled Zade with pride But during practice he took a hard fall and tore his sneaker His friends were friends were there to help and show the care Zade sat on the bench a with a small te.tear in his eye thinking his day was over However his friend Clare cheer from his what came to him with a silly smile I have a spare pair immai in my bag ʃ.ʃi said Zade was thrilled He leɪkt up an new sneakers and returned to the game wɪf flair By the end of the day Zade's team won As they left the court Zade felt a sense of joy He learned that friendship and care make any tough time easier to bear,"Zade loved playing basketball. Each day, he would wear his gear and head to the court near his home. The air was fresh, and Zade felt eager. One sunny day, he was determined to perfect his jump shot. He took a deep breath, focused, and leapt into the air. The ball soared and went through the hoop without touching the rim. The cheer from his friends was loud and filled Zade with pride. But during practice, he took a hard fall and tore his sneaker. His friends were there to help and show they care. Zade sat on the bench with a small tear in his eye, thinking his day was over. However, his friend Clare came to him with a sly smile. ""I have a spare pair in my bag!"" she said. Zade was thrilled. He laced up the new sneakers and returned to the game with flair. By the end of the day, Zade's team won. As they left the court, Zade felt a sense of joy. He learned that friendship and care make any tough time easier to bear."
"/Users/liu.ying/University of Florida/Leite,Walter - Storiza Corpus Spring 2025/Storiza_Participant_Recording_05-30-25/uid_gUfM3yODstSdwltidtEzSlIo0q93_sid_YJYpGQOGORLj0onYXX3W_1742770181.wav",Once ɔ.əpɔn a time a mouth named L:|Lace leɪs: p|aw.aw|nd pon a n.naɪs s|p|o|t spot to a n|ice sp|ot spot to d|an|ce dance ʃ:i pr...an...ced pranced and  twirled with g...r...ass grass Once up|a: Once up     n|ay:|me|t.mt neɪmt l|a:|ss ford a n|ih:.|n|ice nice  spot to dance,"Once upon a time, a mouse named Lace found a nice spot to dance. She pranced and twirled with grace. Once upon a time, a mouse named Lace found a nice spot to dance."
"/Users/liu.ying/University of Florida/Leite,Walter - Storiza Corpus Spring 2025/Storiza_Participant_Recording_05-30-25/uid_tHP0GvI5hccNGBzYfgE2pkEHXiW2_sid_p6cLdVe7UtbfmSNky9ER_1743455830.wav",Sam and Pam plan ænd̚ əvɛntʃɚ They skid sit si:t sit in a blue van The blue ðə van goes on sand and mud Sam and Pam guh|uh|r|in grin and clap This is fun says Pam An an  ant sits on Sam's hat Sam æm Pam stop and look says An ant said Sam Sam and Pam ah ʊ l|a|a|g laugh laugh laugh then continue k.ɑ|k|oʊ|n|t|ɛ.ɛ|n| ʊ con.con|tin|ue.ue contin|cons continue continue the fun ride on the sand,"Sam and Pam plan an adventure. They sit in a blue van. The van goes on sand and mud. Sam and Pam grin and clap. ""This is fun!"" says Pam. An ant sits on Sam's hat. Sam and Pam stop and look. ""An ant!"" says Sam. Sam and Pam laugh, then continue the fun ride on the sand."
"/Users/liu.ying/University of Florida/Leite,Walter - Storiza Corpus Spring 2025/Storiza_Participant_Recording_05-30-25/uid_H7rAk5StNLc0VysmHcZQZTQFpBx2_sid_hjIbQ9OhnZrt82foK1t5_1743079725.wav",inuh small town there's a pɹaɪt light called Luna Every night lunəɪ would shine high sky ɚ high in the sky glowing and growing One day a little child named Ben wanted to see Luna up close He climbed a steep hill to reach the top where Luna seemed bigger As Ben looked up he saw the moon smile lighting up the world below Suddenly a gentle breeze blew and Ben felt the glow of Luna's  He waved goodbye and walked back down knowing ðaʊt Luna would always be there lighting in the night with her gentle  glow  I forgot,"In a small town, there was a bright light called Luna. Every night, Luna would shine high in the sky, glowing and growing. One day, a little child named Ben wanted to see Luna up close. He climbed a steep hill to reach the top where Luna seemed bigger. As Ben looked up, he saw the moon smile, lighting up the world below. Suddenly, a gentle breeze blew, and Ben felt the glow of Luna's warmth. He waved goodbye and walked back down, knowing that Luna would always be there, lighting the night with her gentle glow."
"/Users/liu.ying/University of Florida/Leite,Walter - Storiza Corpus Spring 2025/Storiza_Participant_Recording_05-30-25/uid_XmxSYUZAj4dRqSczt2clQkDf31M2_sid_qaLzxMtHTyjMeYNVaGNP_1741316108.wav",Once upon a time a lion lived in the vantage grasslands and One day he met a king who was camping The lion was curious wʌt edge apported the king approached ðə kɪŋ ðəgl king sh:tood tall honley oldwi holding a this walking s:tɪk The lion is and king started at each other s:|tarted æt itʃ ʌðɚ until the sky skaɪ turned dark də like naɪt.naɪtfɔl Then the lion let out a loud ɹo:ɹ The king rides his brave took a step back See the king cau:ge cauge the th lion felt respect They s:.star sp.shtarteds stroke the kwout mount mount at the sunset Finally the lion turned a ɛ.ɛənd left while the king remembered to hɪz: ten tent gravely for the extremeler,"Once upon a time, a lion lived in the vast grasslands. One day, he met a king who was camping. The lion was curious and approached the king. The king stood tall, holding his walking stick. The lion and king stared at each other until the sky turned dark like nightfall. Then, the lion let out a loud roar. The king, wise and brave, took a step back. Seeing the king's courage, the lion felt respect. They shared a quiet moment at the sunset. Finally, the lion turned and left, while the king returned to his tent, grateful for this encounter."
"/Users/liu.ying/University of Florida/Leite,Walter - Storiza Corpus Spring 2025/Storiza_Participant_Recording_05-30-25/uid_21Dw9jLeIqWjrAuRHI1RG1qPz853_sid_DGdDPHDvbqcU25UYdwyt_1741208782.wav",Once upon a time a little mouse named Lou lived in a big brown house Lou love to ex|plor|ing and one day he found a tiny k.ɹaʊn under the couch Wow what a find l|lu thought placing it on his head With the grown (like crown) crown crown l:u felt proud He ɹæ ɛəndə showed his friends the new treasure But sunə the sun began to go down and Lou know nj:u it was time to ɹɛs time to wr:ist As he lay in a bed Lou smiled feeling happy in his little world,"Once upon a time, a little mouse named Lou lived in a big brown house. Lou loved to explore, and one day, he found a tiny crown under the couch. ""Wow, what a find!"" Lou thought, placing it on his head. With the crown, Lou felt proud. He ran around and showed his friends the new treasure. But soon, the sun began to go down, and Lou knew it was time to rest. As he lay in bed, Lou smiled, feeling happy in his little world."
"/Users/liu.ying/University of Florida/Leite,Walter - Storiza Corpus Spring 2025/Storiza_Participant_Recording_05-30-25/uid_TQTGm3pFYchsl1S1E0j0Pz15qno1_sid_7SHXQ4irDDmOvLPgsKxh_1741139454.wav",Grace had a big bɹæʃ at hɜw p...a...d pad s.sæm P|a|t Pat and M|a|x Max w:.with g|i|f|t gifts They sang and clapped as æst Grace c...u...t cut the  cake pear was a cat and a bat on the cake Grace was g|l|a|d glad and h|a|d had a n|a|p nap  æftəw the fun date with hɜw p|al|s.s pals,"Grace had a big bash at her pad. Sam, Pat, and Max came with gifts. They sang and clapped as Grace cut the cake. There was a cat and a bat on the cake. Grace was glad and had a nap after the fun day with her pals."
"/Users/liu.ying/University of Florida/Leite,Walter - Storiza Corpus Spring 2025/Storiza_Participant_Recording_05-30-25/uid_mHWscHBXcoabM7fdw88AliGuPWw1_sid_xe2N8wvoGE6N1yF3J1u5_1741215857.wav",Mermaid kitty live in a blue wɑk kʌvə She loved to ʃæt with a chi|chiny fish One day kitty found a lost backpack on a dock Inside was a map to a block island Explored the pack quick snacks and swam to the spot There she met a duck with a s|lɪk gold n: beak The duck had lost the backpack ɡʌlfʊl the duck gave her a ʃ:ɛl clock Kisty thought him and took back home happy with hith new friend and twɛʒɚ,"Mermaid Catsy lived in a blue rock cove. She loved to chat with a shiny fish. One day, Catsy found a lost backpack on a dock. Inside was a map to a block island. Excited, she packed quick snacks and swam to the spot. There, she met a duck with a slick, gold beak. The duck had lost the backpack. Grateful, the duck gifted her a shell clock. Catsy thanked him and ticked back home, happy with her new friend and treasure."
"/Users/liu.ying/University of Florida/Leite,Walter - Storiza Corpus Spring 2025/Storiza_Participant_Recording_05-30-25/uid_WU2CHNrkg8hTa41RUFdbv0AtTC42_sid_9JaVWFblrYlOX7TNJfzJ_1741134609.wav",In a faraway land brave Ray was known for his amazing cape Each day Ray would train save the day Today he said I will make a plan to help Ray's friend Jay join ɪ.ɪn eager to play and aid They set out to find ways to keep the town safe Way up high they spotted a f:ɹeɪ s:wiftly they f:lu: to f:ɪks the dismay baɪ: deɪ:z end peace was restored The town cheered and waved as Ray and Jay flew away promising to always return when the town would need to play it safe again,"In a faraway land, brave Ray was known for his amazing cape. Each day, Ray would train to save the day. ""Today,"" he said, ""I will make a plan to help!"" Ray's friend, Jay, joined in, eager to play and aid. They set out to find ways to keep the town safe. Way up high, they spotted a fray. Swiftly, they flew to fix the dismay. By day's end, peace was restored. The town cheered and waved as Ray and Jay flew away, promising to always return when the town would need to play it safe again."
"/Users/liu.ying/University of Florida/Leite,Walter - Storiza Corpus Spring 2025/Storiza_Participant_Recording_05-30-25/uid_4w6SC0KmlKV4YmJTalgWiZalQHi2_sid_WFBJxSGh2uCXWoF0Nr92_1742511762.wav",Once upon a time in a far.|faraway land there lived a group of magical creatures called the Whis.|whistol|lots whistolot wis These creatures had the power to wɪs wɪstəl whistle with their long pointy noses They wɪvd in a bright colorful forest filled with all kinds of trees ən flowers One day a brave wɪs wɪs Whistolot named wɪzli Whizzy set out on a journey to find a rare plant called the Whisperberry This plant was said to have magical powers that could make anyone who ate it able to whistle beautifully Whizzy search high and low brave braving through θ:ɪk bushes and tall trees unay until h:i finally found the Whisperberry plant But as he plucked the berry he notice they they made a funny noise ah a th sound a th sound Amazed by his discovery wɪz:i took the berries back to his vige village and started it shared them with his fellow Whistolots They all They all ate the berries and s: and soon enough they were all able to whistle the with th with a th sound From that day on the Whistolots were known for their un unique unique 'th' whistles and all the other animals and in the forest were amazed They all lived happily ever after whistling with their noses and their mouths,"""Once upon a time, in a faraway land, there lived a group of magical creatures called the 'Whistolots'. These creatures had the power to whistle with their long, pointy noses. They lived in a bright, colorful forest filled with all kinds of trees and flowers. One day, a brave Whistolot named Whizzy set out on a journey to find a rare plant called the 'Whisperberry'. This plant was said to have magical powers that could make anyone who ate it, able to whistle beautifully. Whizzy searched high and low, braving through thick bushes and tall trees until he finally found the Whisperberry plant. But as he plucked the berries, he noticed they made a funny noise - a 'th' sound. Amazed by this discovery, Whizzy took the berries back to his village and shared them with his fellow Whistolots. They all ate the berries and soon enough, they were all able to whistle with a 'th' sound. From that day on, the Whistolots were known for their unique 'th' whistles, and all the other animals in the forest were amazed. They all lived happily ever after, whistling with their noses and their mouths."""
"/Users/liu.ying/University of Florida/Leite,Walter - Storiza Corpus Spring 2025/Storiza_Participant_Recording_05-30-25/uid_tHP0GvI5hccNGBzYfgE2pkEHXiW2_sid_rLPnR4znaTm5MBeGpUC3_1743543079.wav",Sam has a big beɪɡ The bag has a cap and a b...a...t pæt Sam is at the mat The mat is red Sam can sit on the mat A cat is at the mat The cat has a an tan Sam and the cat nap Nap is fun Sam t...a...p...s taps the bat Tap tap tap The cat naps Sam gives the cat a cap The cat is g...l...a...d glad,"Sam has a big bag. The bag has a cap and a bat. Sam is at the mat. The mat is red. Sam can sit on the mat. A cat is at the mat. The cat has a tan. Sam and the cat nap. Nap is fun. Sam taps the bat. Tap, tap, tap! The cat naps. Sam gives the cat a cap. The cat is glad."
"/Users/liu.ying/University of Florida/Leite,Walter - Storiza Corpus Spring 2025/Storiza_Participant_Recording_05-30-25/uid_4w6SC0KmlKV4YmJTalgWiZalQHi2_sid_YEGwiBRYmGj8UEfBKjEL_1742332995.wav",ina small town a nay a cat named Whiskers loved to play One day Whiskers found a hat on a mat The hat was big and flat  hat on the the mat The hat was big and flat Whiskers sat on the h:.hæt dothatagain Whiskers sat in the hat feeling like a king Suddenly a gust of wind blew the hat away Whiskers chased the hat down the street pass a big red van The hat landed on a tall tr The hat landed ɪ.ɪn a tall tree With a quick leap Whiskers climbed the tree and grabbed the hat Happy to have it back Whiskers trotted home and place the hat on the mat It was the perfect spot for a cozy nap Good job (goojob),"In a small town, a cat named Whiskers loved to play. One day, Whiskers found a hat on the mat. The hat was big and flat. One day, Whiskers found a hat on the mat. The hat was big and flat. Whiskers sat in the hat, feeling like a king. Suddenly, a gust of wind blew the hat away! Whiskers chased the hat down the street, past a big red van. The hat landed in a tall tree. With a quick leap, Whiskers climbed the tree and grabbed the hat. Happy to have it back, Whiskers trotted home and placed the hat on the mat. It was the perfect spot for a cozy nap."
"/Users/liu.ying/University of Florida/Leite,Walter - Storiza Corpus Spring 2025/Storiza_Participant_Recording_05-30-25/uid_H7rAk5StNLc0VysmHcZQZTQFpBx2_sid_hKhEKuriIzZEkkdDTX5X_1742907257.wav",Ella the Elephant loved to explore One sunny day she found a shiny red shell by the shore She picked it up and heard a soft whisper Help me said a tiny voice Ella looked closer nsaw uhlittle crab trapped inside With gentle k:ɛɚ Ella helped the crab wiggle free The crab smiled and said Thank you Ella I will never forget your kindness Ella waved goodbye and continued her adventure feeling happy she could help From that day on Ella and the crab became the best best of friends ɪksploɪŋ the shore together every day,"Ella the Elephant loved to explore. One sunny day, she found a shiny red shell by the shore. She picked it up and heard a soft whisper. ""Help me,"" said a tiny voice. Ella looked closer and saw a little crab trapped inside. With gentle care, Ella helped the crab wiggle free. The crab smiled and said, ""Thank you, Ella! I will never forget your kindness."" Ella waved goodbye and continued her adventure, feeling happy she could help. From that day on, Ella and the crab became the best of friends, exploring the shore together every day."
"/Users/liu.ying/University of Florida/Leite,Walter - Storiza Corpus Spring 2025/Storiza_Participant_Recording_05-30-25/uid_HGLxgWVfJZWhAsqMf761d40h3eQ2_sid_DmEr4pqsDFri8xozTdsS_1743276724.wav",Jake and Kate had a wake weɪs They wæn past the ɡeɪ.t and a lɑdʒ lake dʒæk was fast but Kate was f:  sound it out (sounitout) f:|a f|ay|s|t|er fayster faster She m:.may made in t read little louder She made it to the safe place fɜwst aɪ: now read a little louder keɪ:|t said with a big smile Jake Jack it's okay keep going  you can skip that word if you need to eə:nd a and g|a:|ve gave theiw (attempted their) hɜw a high five,"Jake and Kate had a race. They ran past the gate and a large lake. Jake was fast, but Kate was faster. She made it to the safe place first. ""I won!"" Kate said with a big smile. Jake laughed and gave her a high five."
"/Users/liu.ying/University of Florida/Leite,Walter - Storiza Corpus Spring 2025/Storiza_Participant_Recording_05-30-25/uid_CanxAhhjiePs6niCtdVzPqVIzXt1_sid_bVQ0d0KM1E5YVtD60k0Q_1742072744.wav",Timmy love solving puzzles One sunny day he entered a cubing competition at the local park The buzz of excitement filled the ɛw as kids gathered with ðɛw kʌlfəl cubes Timmy practice hard twisting and tɝnɪŋ.ɪŋ his cube with s:.kɪl The timer beep and the competition began hi: focus his fingers m.uvɪŋ swiftly Soon he heard a cheer it was his cube pɜfɪktli solve Timmy grin pwaʊd of his s:|peedy success At the end of the day he won a shiny blue trophy tɪm.iz heart was full of joy knowing his hɑd work and practice paid off,"Timmy loved solving puzzles. One sunny day, he entered a cubing competition at the local park. The buzz of excitement filled the air as kids gathered with their colorful cubes. Timmy practiced hard, twisting and turning his cube with skill. The timer beeped, and the competition began. He focused, his fingers moving swiftly. Soon, he heard a cheer—it was his cube, perfectly solved! Timmy grinned, proud of his speedy success. At the end of the day, he won a shiny blue trophy. Timmy's heart was full of joy, knowing his hard work and practice paid off."
"/Users/liu.ying/University of Florida/Leite,Walter - Storiza Corpus Spring 2025/Storiza_Participant_Recording_05-30-25/uid_gUfM3yODstSdwltidtEzSlIo0q93_sid_cUohhv5ng1lLHzPTf1Oq_1743206693.wav",Jess has a box of dresses Each dress has a lot of klɚz on dress is is red dress is is blue dress lʌ:vz pull|ing pleɪ.pleɪɪŋ with the dr|ess:|ess|es dresses ʃ:i dresses up hɝ: dɑl:z dolls in the pɹɛti k|ul|ch klɔtʃɪz When down J...ess Jess p...ut...s puts the dresses back in the box Then ʃiɹ restes ɹɛstɪz wɪ.wɪθ a s.smaɪl,"Jess has a box of dresses. Each dress has a lot of colors. One dress is red, another dress is blue. Jess loves playing with the dresses. She dresses up her dolls in the pretty clothes. When done, Jess puts the dresses back in the box. Then, she rests with a smile."
"/Users/liu.ying/University of Florida/Leite,Walter - Storiza Corpus Spring 2025/Storiza_Participant_Recording_05-30-25/uid_8AhIEcEU81Sn83Fyb0gnFvpiNij2_sid_5MQZoq9AQEsDcN4s2Te5_1742342125.wav","One day a cat named Ted dashed through the j.ɑɹd Ted loved to play and jumped over lɔ:ɡz Then Ted stopped a red bird and rass raced after it Ted's f:ɹɛnd n.nɛd joined in the the chase They spt.sprinted until they s:.s:|kid to a stop The birds The bird h:æd fl.fl.fl:|lɛd flied tɚ| terrr Tried they ˈɹɛθsɪd Target: ""under"" (ˈʌndɚ) -> ""un..Der"" (ʌnˈdɚ) → stress on ""DER"" the shed contenden Contenten, parental_aid -> ""mm hm""  and hafy","One day, a cat named Ted dashed through the yard. Ted loved to play and jumped over logs. Then, Ted spotted a red bird and raced after it. Ted's friend, Ned, joined in the chase. They sprinted until they skidded to a stop. The bird had fled. Tired, they rested under the shade, contented and happy."
"/Users/liu.ying/University of Florida/Leite,Walter - Storiza Corpus Spring 2025/Storiza_Participant_Recording_05-30-25/uid_FUCVnaPJeyV5kzao6jmObtdzLUE2_sid_uEGWjuJKqljXyeCQVcjs_1742905123.wav","Billy woke up cheerfully He was quickly drawn to sound of chirping birds outside his window eg eeg Eeg|ly Eagerly he laced on his ʃuθ and decided to explore the garden ""Got it""?  flowers  blooming the wind was blowing Billy slowly moved trying not to get scared it away After a while the rabbit Opened Up but Target: ""Not"" (nɒt) -> ""Naut"" (nɔt) before Target: ""Leaving"" (livɪŋ) -> ""Leavin"" (ˈliːvɪn) behind Storay  day is full of journeys  surprises quickly ","Billy woke up cheerfully. He was quickly drawn to the sound of chirping birds outside his window. Eagerly, he laced his shoes and decided to explore the garden. The flowers were blooming beautifully, and Billy noticed a small butterfly dancing gracefully in the air. Billy moved slowly, trying not to scare it away. After a while, the rabbit hopped away but not before leaving behind a story for the day: nature is full of gentle surprises, if you listen quietly."
"/Users/liu.ying/University of Florida/Leite,Walter - Storiza Corpus Spring 2025/Storiza_Participant_Recording_05-30-25/uid_22lbfrTq0OP1g1mwv7RZwXUl6eW2_sid_qg1jtaFG5XEfPNYgcLP8_1742503280.wav",In the bright land of Minecraft Steve woke up to the sun's sign He woah wanted to build a great castle fɝs Steve mine and mine collecting stone and wood Then he crafted each block with care and place them high Soon a tall tower touched the sky But oh no A creeper came by Ssssss it hih|ss Steve  ran fast heart pounding with fright Boom The creeper exploded but Steve's  castle stood Shrang With a smile wide Steve knew he was safe He added a moat just in case As the stairs twinkled Steve whispered Good night Minecraft world,"In the bright land of Minecraft, Steve woke up to the sun's shine. He wanted to build a great castle. First, Steve mined and mined, collecting stone and wood. Then, he crafted each block with care and placed them high. Soon, a tall tower touched the sky. But, oh no! A creeper came by. ""Ssssss,"" it hissed. Steve ran fast, heart pounding with fright. Boom! The creeper exploded, but Steve's castle stood strong. With a smile wide, Steve knew he was safe. He added a moat, just in case. As the stars twinkled, Steve whispered, ""Good night, Minecraft world."""
"/Users/liu.ying/University of Florida/Leite,Walter - Storiza Corpus Spring 2025/Storiza_Participant_Recording_05-30-25/uid_u2hytH2KWIS6ewdShfEZisygqIo2_sid_RxGwyd4cqfpuxwAp2VR4_1741140582.wav","Jess lives by a s: the sea and loves shell The She collects shells with her nɛ.t One day Target: ""Jess"" (dʒɛs) -> ""Jez"" (dʒɛz) finds a nə. nest of eggs by the shore Gently she watch the waves ɛəw hopes for the little bird arrive Each day Jess visited the nest to ɪz. Ershore Make sure it is safe Finally baby birds hatch an flap their winks Jess smile knowing her qu...ih  The sea is call  sea I mean Jess feels at pl|ace","Jess lives by the sea and loves shells. She collects shells with her net. One day, Jess finds a nest of eggs by the shore. Gently, she watches the waves and hopes for the little birds' arrival. Each day, Jess visits the nest to ensure it is safe. Finally, baby birds hatch and flap their wings. Jess smiles, knowing her quiet care helps. The sea is calm, and Jess feels at peace."
"/Users/liu.ying/University of Florida/Leite,Walter - Storiza Corpus Spring 2025/Storiza_Participant_Recording_05-30-25/uid_u2hytH2KWIS6ewdShfEZisygqIo2_sid_JWzwJL0aqbRtvTCiTdCm_1743194311.wav","Princess Starshine lived in a castle wɪs sunflowers ith'a sunflower garden She love to play with her her pet dragonfly One sunny Target: morning ˈmɔɹnɪŋ -> ""monay"" (ˈmɑneɪ) she p:ʊt on her raincoat  for a walk in her backyard She saw a rainbow and found a ladybug on a sunflower The ladybug whispered Friendship is magical Princess Starshine went went home with a smile knowing her garden hɛlə delightful su...prise every day","Princess Starshine lived in a castle with a sunflower garden. She loved to play with her pet dragonfly. One sunny morning, she put on her raincoat and went for a walk in her backyard. She saw a rainbow and found a ladybug on a sunflower. The ladybug whispered, ""Friendship is magical!"" Princess Starshine returned home with a smile, knowing her garden held delightful surprises every day."
"/Users/liu.ying/University of Florida/Leite,Walter - Storiza Corpus Spring 2025/Storiza_Participant_Recording_05-30-25/uid_ZegJLYO9QiacSJTQWx7CWauRcQr1_sid_IP7PfaQTWmDEPd4AN0QI_1742611439.wav","In a dark In a dark vast space a brave mouse named Chase found a shiny case Inside the case was a map to əm a magical eɪ mædʒɪkəl place hidden in the stars Chase hops into a small ʌm fast spaceship ready to race through space As he zoom past planets he saw a bright face ʌm in the moon guiding this way At last Chase əm reashe reshearched the place a planet f|um|f:ull of cheese He danced with grace ni..nimb...nimbling ʌm happily When the day was ʌm was done Target: ""chase"" (tʃeɪs) -> ""Chaf"" (tʃeɪf) flew back Target: ""Home"" (hoʊm) -> ""Hame"" (heɪm) his heart full of ""j-um"" joy dreaming of his nek space adventure","In a dark, vast space, a brave mouse named Chase found a shiny case. Inside the case was a map to a magical place, hidden in the stars. Chase hopped into a small, fast spaceship, ready to race through space. As he zoomed past planets, he saw a bright face in the moon, guiding his way. At last, Chase reached the place, a planet full of cheese! He danced with grace, nibbling happily. When the day was done, Chase flew back home, his heart full of joy, dreaming of his next space adventure."
"/Users/liu.ying/University of Florida/Leite,Walter - Storiza Corpus Spring 2025/Storiza_Participant_Recording_05-30-25/uid_EOwDjm2STZfXSXQJzWXadFRGRzn1_sid_WEYdsWeS5fhAJrS4XVw0_1743029787.wav","Once upon a time a boy named Roy found a toy bot He kʊk joy in watching it suh|sail The bɑt made the noise when wind was where he high hih and raw Roy loved that sound One day the Target: boat: boʊt -> ""Bot"" (bɑt) differed away Roy was sad but then stopped it wʌ ɪt on the it on sad but then Roy was sad but then stopped it on the shore Overjoy he Ryved his Target: Beloved bɪlʌvɪd -> ""Belove"" (bɪlʌv) Loved beloved toy v|a|ow|ing  vowing vowing to never let it go again","Once upon a time, a boy named Roy found a toy boat. He took joy in watching it sail. The boat made a noise when winds were high, and Roy loved that sound. One day, the boat drifted away. Roy was sad but then spotted it on the shore. Roy was sad but then spotted it on the shore. Overjoyed, he retrieved his beloved toy, vowing to never let it go again."
"/Users/liu.ying/University of Florida/Leite,Walter - Storiza Corpus Spring 2025/Storiza_Participant_Recording_05-30-25/uid_EfKQNmht2ebtDnNadrezErlhcDF3_sid_WbzHVYfLznidwbd3NQZn_1743544365.wav","Sam and Tim ran to the big field The sun was high and the grass was soft Let's play said Tim with a grin he kicked the bə.bɹaɪt red ball back and forth Sam fell but he laughed Tim helped him up They had fun in the sun Time to rest said Sam They both sat under the big oak tree ""the"" as in ""they"" That was fun said Tim The wind was cool and the grass felt nice Soon they saw the sky turn red at the sun set Let's play again tomorrow promise Sam ð.ðə day closed with smiles","Sam and Tim ran to the big field. The sun was high, and the grass was soft. ""Let's play!"" said Tim with a grin. They kicked the bright red ball back and forth. Sam fell, but he laughed. Tim helped him up. They had fun in the sun. ""Time to rest,"" said Sam. They both sat under the big oak tree. ""That was fun,"" said Tim. The wind was cool, and the grass felt nice. Soon, they saw the sky turn red as the sun set. ""Let's play again tomorrow,"" promised Sam. The day closed with smiles."
"/Users/liu.ying/University of Florida/Leite,Walter - Storiza Corpus Spring 2025/Storiza_Participant_Recording_05-30-25/uid_4w6SC0KmlKV4YmJTalgWiZalQHi2_sid_NgaO9D2P5AKhZ1oZBupY_1742421508.wav","Once upon a time a small frog named Flip lived in by a sparkling pond Every morning Flip would hop to the pond edge pond's edge and take a big wip into a k:ul water One day Flip met a bird name Chip Chip chirped happily Let's play a game Flip nodded and they decided to jump from rock to rock Flip and Chip laughed as they hopped and chirped enjoying the sunny day As the sun began to set Flip waved goodbye to chirp promising to play again tomorrow Flip felt happy knowing he had a new friend by the Target: pond: pɑnd ->""pon"" (pɑn)","Once upon a time, a small frog named Flip lived by a sparkling pond. Every morning, Flip would hop to the pond's edge and take a big leap into the cool water. One day, Flip met a bird named Chip. Chip chirped happily, ""Let's play a game!"" Flip nodded and they decided to jump from rock to rock. Flip and Chip laughed as they hopped and chirped, enjoying the sunny day. As the sun began to set, Flip waved goodbye to Chip, promising to play again tomorrow. Flip felt happy, knowing he had a new friend by the pond."
"/Users/liu.ying/University of Florida/Leite,Walter - Storiza Corpus Spring 2025/Storiza_Participant_Recording_05-30-25/uid_ECPqsmdUcMhqkJwXAfhhs3XTgoa2_sid_ad4vlPTbFapt9rOhL5sG_1742508027.wav","Once there was a mɪt about a hill filled wɪt odd creatures Buzz the brave fox wanted to find it O|off he went wit with fluffy tail swishing At də top he met a muːs-kʌvəɹd The tror troll had a riddle Target: buzz: bʌz -> ""Bus"" (bʌs) Pondereded Target: then: ðɛn -> ""den"" (dɛn) think Target:with: wɪð, wɪθ -> ""Wit"" with: wɪt a skillful guess he solved it Target: the: ði, ðɪ -> ""Duh"" (də) troll handed ""Duh"" (/də/) Buzz a siney necklace Target:  with: wɪθ -> ""Wit"" (wɪt) a Wit a thrill Target: buzz: bʌz -> ""Bus"" (bʌs) left Target: the: ði, ðɪ -> ""Duh"" (də) hill Target: the: ði, ðɪ -> ""Duh"" (də) legend remained but Buzz had his proof","Once there was a myth about a hill filled with odd creatures. Buzz, the brave fox, wanted to find it. Off he went, his fluffy tail swishing. At the top, he met a moss-covered troll. The troll had a riddle. Buzz pondered, then with a skillful guess, he solved it. The troll handed Buzz a shiny necklace, and with a thrill, Buzz left the hill. The legend remained, but Buzz had his proof."
"/Users/liu.ying/University of Florida/Leite,Walter - Storiza Corpus Spring 2025/Storiza_Participant_Recording_05-30-25/uid_mHWscHBXcoabM7fdw88AliGuPWw1_sid_7n1Handdit8pBvWWWmNt_1741993555.wav","There was a unicorn Name Steve Steve Love lived in a cave baɪ: the sea Each day he would peek out to si: the weɪ:vz One day Steve met a brwave dove named Eve They kə. became best Target: friends: fɹɛndz -> ""fwiends"" (fwɛndz) great friends and played games every iː:v every eve wʌ. one sunday Eve had a plan Let's Target:  race: ɹeɪs -> ""Wace"" (weɪs) to the lake Eve said stave Target: agreed: əɡɹid -> ""grade"" (ɡɹeɪd) greed They target: ""raced"" (ɹeɪst) -> ""waced"" (weɪst) əg and had fun till the dusk fɛl: At last they Target: reached: ɹitʃt -> ""weached"" (witʃt) the shore and s.stiv said this was the target: ""best"" (bɛst) -> ""besth"" (bɛsð) day Eve They made a pick picnic picked pact to meet again every week todeh Together s:tiv and i:v ʃɛd many mow əvɛntʃɚz","There was a unicorn named Steve. Steve lived in a cave by the sea. Each day, he would peek out to see the waves. One day, Steve met a brave dove named Eve. They became great friends and played games every eve. One sunny day, Eve had a plan. ""Let's race to the lake,"" Eve said. Steve agreed. They raced and had fun till the dusk fell. At last, they reached the shore and Steve said, ""This was the best day, Eve."" They made a pact to meet again every week. Together, Steve and Eve shared many more adventures."
"/Users/liu.ying/University of Florida/Leite,Walter - Storiza Corpus Spring 2025/Storiza_Participant_Recording_05-30-25/uid_u2hytH2KWIS6ewdShfEZisygqIo2_sid_8sraqBTHXNRWlPEsIVVs_1741312064.wav",In a storm a bl.|buh|owl bowl mermaid named m:ɛɡ rode a unicorn named ɹʌsk The wild w.ɪ.pt whipped and wave and wave crashed Meg held tight to T:|usk strong back They bravely They bɹeɪv.d the s:tɔɹm lea...p...t over big rocks It was a wild ride When the storm pass they s:tʊd on a beach safe and glad Tr:usk gave a happy naɪ and Meg laughed with enjoy the rode back to ðɚ.ɚ k.kwave ready for new fun,"In a storm, a bold mermaid named Meg rode a unicorn named Tusk. The wind whipped, and waves crashed. Meg held tight to Tusk's strong back. They braved the storm, leaping over big rocks. It was a wild ride! When the storm passed, they stood on a beach, safe and glad. Tusk gave a happy neigh, and Meg laughed with joy. They rode back to their cove, ready for new fun."
"/Users/liu.ying/University of Florida/Leite,Walter - Storiza Corpus Spring 2025/Storiza_Participant_Recording_05-30-25/uid_1w0NU0CL8KMbltxDo7mrkTKhgpD2_sid_rRZvUWqkJ1hLNL8pytmJ_1741561799.wav",Once upon a time in a small town ðɛw was a was a young boy name Max who love b.bæskɪtbɑl Every morning he quickly put on his sneakuhz and practice dribbling He was hopeful he could make a the school team One day the coach announced tryouts Max was nervous excitely He pwactice ɛnd.ɛndləsli shooting baskets ʌ.ʌntɪl sʌn.sɛt His fwiend hu: wə thelp...ful tʃɪ.dtʃɪɹd for him Max believed in himself despite feeling a bit ʌnʃʊ day on the tryout of the tryouts Max əwaɪvd ɜli heed hue His determinis was unbreakable He He watched as his fwiend perform skɪlfəl.li When he was his t...tuwn Max focusedly andh and played his best He dwɪbɫ̩d confidently passed accuwate and shot the ball pɜfɪktli æftə the tryouts coach post the result Max was surprise and θwɪld to see his name on the lis He was a ti.tim mɛmbə no n:aʊ His hɑd wɜk and endless pɹækɪs has paid off fwʌm the day Max played proudly th w:ɪθ hɪ.hɪz new teammates He learn that with the pwæktɪs delif delife in himsel...t he he could ɪgvaɪt his dwimz Max love fɔ the fɔ basketball ɡwu and he enjoyed ɛvəwi single game ɪmɛndəsli,"Once upon a time, in a small town, there was a young boy named Max who loved basketball. Every morning, he quickly put on his sneakers and practiced dribbling. He was hopeful he would make the school team. One day, the coach announced tryouts. Max was nervously excited. He practiced endlessly, shooting baskets until sunset. His friends, who were helpful, cheered for him. Max believed in himself, despite feeling a bit unsure. On the day of the tryouts, Max arrived early. His determination was unbreakable. He watched as his friends performed skillfully. When it was his turn, Max focused and played his best. He dribbled confidently, passed accurately, and shot the ball perfectly. After the tryouts, the coach posted the results. Max was surprised and thrilled to see his name on the list! He was a team member now. His hard work and endless practice had paid off. From that day on, Max played proudly with his new teammates. He learned that with practice and belief in himself, he could achieve his dreams. Max's love for basketball grew, and he enjoyed every game immensely."
"/Users/liu.ying/University of Florida/Leite,Walter - Storiza Corpus Spring 2025/Storiza_Participant_Recording_05-30-25/uid_CanxAhhjiePs6niCtdVzPqVIzXt1_sid_WKFhHRQhcWQKJAHw9Ib4_1742072366.wav",Once upon a time wusi found a kʌlfəl  in hə eɹɪt æ|tɪ|k She was curious about the əɹubɹɪks cube and tried to twist the it The cube's s|ides spung quickly collas mix in a bwuh Lucy felt stuck a bit bl.u udʒoɹ what to do Suddenly hɜ bwʌθə Luke peeked in Luke loved puzzles and said Let me help you Together they twisted and turn solving the tricky cube bit by bit Soon all the colors matched and l.lusi tʃɪəd with joy She hug Luke feeling pwaʊd and ɹaɪt From then on Lucy loved solving puzzles wɪf Luke,"Once upon a time, Lucy found a colorful cube in her attic. She was curious about the Rubik's cube and tried to twist it. The cube's sides spun quickly, colors mixing in a blur. Lucy felt stuck and a bit blue, unsure what to do. Suddenly, her brother Luke peeked in. Luke loved puzzles and said, ""Let me help you!"" Together, they twisted and turned, solving the tricky cube bit by bit. Soon, all the colors matched, and Lucy cheered with joy. She hugged Luke, feeling proud and bright. From then on, Lucy loved solving puzzles with Luke."
"/Users/liu.ying/University of Florida/Leite,Walter - Storiza Corpus Spring 2025/Storiza_Participant_Recording_05-30-25/uid_gUfM3yODstSdwltidtEzSlIo0q93_sid_yYkurtcTpL0BYwYKWgIi_1742427844.wav",Jake k woke up  ɝli early hi: rode his dike bike bike to the l:eɪk The sun ʃ:.oʊn shone shone mhmm shone bright bright Jake m:eɪd a big can I look this up Jake m:eɪd a big s...pul...ash splash in the  cool cool cool mhm cool water h:i l|k|d liked the  summer summer  days by the lake It was time to go home Jake w|o|v|ed woved waved way good|day wave goodbye wave goodbye tuə the lake and the dʌ|ks He  felt mhm felt happy and free,Jake woke up early. He rode his bike to the lake. The sun shone bright. Jake made a big splash in the cool water. He liked the summer days by the lake. It was time to go home. Jake waved goodbye to the lake and the ducks. He felt happy and free.
"/Users/liu.ying/University of Florida/Leite,Walter - Storiza Corpus Spring 2025/Storiza_Participant_Recording_05-30-25/uid_Om0JhZ6RmTNQ5wDLPHKIC3LtY4g2_sid_p6XNcnqG8pfuIOhP5p97_1742244670.wav",Lachlan was excited for his first day at Lemon Bay High School He wore a bright ʃɝn and a red cape feeling sure his day would be great his day would be fun As he entered the hallway he heard a murmur of voices and the sound of lockers clicking shut immade him feel a bit ʌnkɪsɝn In his first period his teacher Mr. Burke intro..duce him to the class His smile made Lachlan feel welcome During lunch Lachlan sat under a large break brick tʃ.tʃɹi A girl named Kelly turned toim said Hi kʌmn join us for lunch After school Lachlan watch out with his new pals feeling the mɔɹmθ of the sun He ɡwɪnd thinking əmaʊt how good it felt to make friends That night the stars t:wɪŋkəld above Lachlan whisper təmɑɹ əl surely be a ɡ.ɹeɪt day,"Lachlan was excited for his first day at Lemon Bay High School. He wore a bright shirt and a red cap, feeling sure his day would be fun. As he entered the hallway, he heard a murmur of voices and the sound of lockers clicking shut. It made him feel a bit uncertain. In first period, his teacher, Mr. Burke, introduced him to the class. His smile made Lachlan feel welcome. During lunch, Lachlan sat under a large birch tree. A girl named Kelly turned to him and said, ""Hi, come join us for lunch!"" After school, Lachlan walked out with new pals, feeling the warmth of the sun. He grinned, thinking about how good it felt to make friends. That night, as the stars twinkled above, Lachlan whispered, ""Tomorrow will surely be another great day!"""
"/Users/liu.ying/University of Florida/Leite,Walter - Storiza Corpus Spring 2025/Storiza_Participant_Recording_05-30-25/uid_1w0NU0CL8KMbltxDo7mrkTKhgpD2_sid_PfrCS74Glv4OjfyMyKM8_1742503726.wav",In the lush ɡwin jungle of Africa ðɛ lived a young gorilla name Maximus He was the smɔlɪs in his family but he was the was the bweɪvɪst Maximus loved ɪksplowɪŋ dɪskʌvəwɪŋ new trails and climbing the tall tallest trees One sunny morning Maximus noticed his fæməliw perparing for av a journey His mother Gloria explained they wɜ moving to a new home because ðɛw fɒɪst was becoming too crowded With excite ek.excitedment Maximus packed his belongings quickly He was wɛdi for the ivɛntʃɚ As they trailed Maximus notice the fɔwəs chay.cha: tʃeɪ:ndʒɪŋ The trees became tɔlə and ah ɛ was fwɛʃɚ They reached a beautiful valley fʊleɪ a of delicious bananas and fresh wɔtə Maximus felt a s:neeze of happen happiness and re.relaive This new home was pɜfɪk In their new home Maximus made new fwiend He became fwɛndz with Stella a kɚiəs young gorilla with a joyful læv Together they p.pleɪd games ɪksplod the jungle and lɜnd about their sh:.sh.shure:.surandih:.surrendings oh it's surroundings Maximus wiəlaɪzd that change change could be wʌndəfl Maximus was pwaʊd of his bweɪvwi He knew that even though he was small his ædvɛntʃəwəs spirit spɪwɪtɪt spwɪtɪt it made e.eɪ big different With his family and new fwɛndz by his side he felt unstoppable The jungle was n:ah now a a place of ɛnd.ɛndləs possible,"In the lush, green jungles of Africa, there lived a young gorilla named Maximus. He was the smallest in his family, but he was the bravest. Maximus loved exploring, discovering new trails, and climbing the tallest trees. One sunny morning, Maximus noticed his family preparing for a journey. His mother, Gloria, explained they were moving to a new home because their forest was becoming too crowded. With excitement, Maximus packed his belongings quickly. He was ready for the adventure. As they traveled, Maximus noticed the forest changing. The trees became taller, and the air was fresher. They reached a beautiful valley full of delicious bananas and fresh water. Maximus felt a sense of happiness and relief. This new home was perfect! In their new home, Maximus made new friends. He became friends with Stella, a curious young gorilla with a joyful laugh. Together, they played games, explored the jungle, and learned about their surroundings. Maximus realized that change could be wonderful. Maximus was proud of his bravery. He knew that even though he was small, his adventurous spirit made a big difference. With his family and new friends by his side, he felt unstoppable. The jungle was now a place of endless possibilities."
"/Users/liu.ying/University of Florida/Leite,Walter - Storiza Corpus Spring 2025/Storiza_Participant_Recording_05-30-25/uid_b7tT96cSBaaiNnMJ2KcuOQPRkO83_sid_wiXBDUMrozUZIj8NMjzp_1741563277.wav",a sunny village a fluffy Pomeranian named Pom an Pom lived with Pam his playful pal Pom loved to prance around the pɑɹ chasing hɪ ʃæ.doʊ One day Pam tossed a shiny ball and p.pɑm bounce...d bounced after it with a joyful bark He ran so fæs his paws nearly danced on the grass Suddenly Pom spotted Pom spotted a pond kjʊ:ɹiəs he pause gazing at the shimmering wɔəɹ Pam call him back and Pom prance away leaving ripples behind As the sun set Pom and Pam returned home tired but happy dreaming of more playful days ahea,"In a sunny village, a fluffy Pomeranian named Pom lived with Pam, his playful pal. Pom loved to prance around the park, chasing his shadow. One day, Pam tossed a shiny ball, and Pom pounced after it with a joyful bark. He ran so fast, his paws nearly danced on the grass. Suddenly, Pom spotted a pond! Curious, he paused, gazing at the shimmering water. Pam called him back, and Pom pranced away, leaving ripples behind. As the sun set, Pom and Pam returned home, tired but happy, dreaming of more playful days ahead."
"/Users/liu.ying/University of Florida/Leite,Walter - Storiza Corpus Spring 2025/Storiza_Participant_Recording_05-30-25/uid_ECPqsmdUcMhqkJwXAfhhs3XTgoa2_sid_Yk8oZKJauqjoxKGql8it_1742507735.wav",In a quiet wɪlɪdʒ kids gathered at the church The bell wæŋ with a gentle sound calling them to listen fɑdɚ Tom told tales of courage touching hearts wit  wɪt his words Mitch a young boy felt nudge within He wanted to hɛl just like the tales After the service the kids chatted and pledge pledged to lend an a helping hand təɡɛðə they made a big batch əf fudge to share wituh elders Mitch fɛl.t the warmth of their smiles knowing he made a difference dæt day he learned feɪt and kindness go hand in hand,"In a quiet village, kids gathered at a church. The bell rang with a gentle sound, calling them to listen. Father Tom told tales of courage, touching hearts with his words. Mitch, a young boy, felt a nudge within. He wanted to help, just like the tales. After the service, the kids chatted and pledged to lend a helping hand. Together, they made a big batch of fudge to share with the elders. Mitch felt the warmth of their smiles, knowing he made a difference. That day, he learned faith and kindness go hand in hand."
"/Users/liu.ying/University of Florida/Leite,Walter - Storiza Corpus Spring 2025/Storiza_Participant_Recording_05-30-25/uid_tHP0GvI5hccNGBzYfgE2pkEHXiW2_sid_ZtswbSGXVeetSumC3jZp_1743456209.wav",k:ɪm had a red ball Kit had a blue ball Kat came with a big box of balls They  kɪkdɪd the balls h...i...g hing high c|a:|t k|æ|tʃ Catch the ball said Kim Kim Kat k|a: k|a|i:|uh k|a|uh|g|h|t cut the ball k...it Kit ran fast to c...a...tch catch the ball too They l|ahh:|uh|g|h|ed laughed and played under n: it doesn't sound right until until.til the sun s|ah:|n|k sæŋk low What fun they all said,"Kim had a red ball. Kit had a blue ball. Kat came with a big box of balls. They kicked the balls high. ""Catch the ball!"" said Kim. Kat caught the ball. Kit ran fast to catch the ball too. They laughed and played until the sun sank low. ""What fun!"" they all said."
"/Users/liu.ying/University of Florida/Leite,Walter - Storiza Corpus Spring 2025/Storiza_Participant_Recording_05-30-25/uid_FUCVnaPJeyV5kzao6jmObtdzLUE2_sid_VP8ZqGQAw050ePA4KqWb_1742904863.wav",Peter was the fastest runner in his class Every day after school he raced with his friends They cheered as he got faster each time turn In a what mom canyu (can you) just turn this off I dunno what's going on They cheered as he got faster at each turn In a test of speed he raced əɡɛns the tɔlɪs kid Peter tried his best and came out ahead he His friends shouted You're the fæstɪs Peter Feeling proud Peter grinned and said I will train e.every even harder to be the fastest no & runner ever the fastest it says (issays) ɡɹ.ɡɹeɪtɪst runner ever That as sun set Peter headed home dreaming because  the best runner sʌm|deɪ,"Peter was the fastest runner in his class. Every day after school, he raced with his friends. They cheered as he got faster at each turn. In a test of speed, he raced against the tallest kids. They cheered as he got faster at each turn. In a test of speed, he raced against the tallest kids. Peter tried his best and came out ahead. His friends shouted, ""You're the fastest, Peter!"" Feeling proud, Peter grinned and said, ""I will train even harder to be the greatest runner ever!"" That evening, as the sun set, Peter headed home, dreaming of becoming the best athlete someday."
"/Users/liu.ying/University of Florida/Leite,Walter - Storiza Corpus Spring 2025/Storiza_Participant_Recording_05-30-25/uid_THJAu4lbjHRa32ysgvSU3Etlb0d2_sid_p7OiDOqVvL4ONZUx2IeK_1742425632.wav",a vast sunny land Sam the brave horse ɹ.æn ran wɪf a pan He was tan ʃ.ʃtɹɔŋ and  s|u|ɪ|f|t swift l|aɪ|k like a sound it out that's a 'f' f|l|æ|ʃ flash One day he found a lost lamb oh|m:|meh|woo|eh short I ih w|i|sh w|ɪ|θ: With a so this is two syllables sound this one out g remember it's followed by e it's gonna spell je juh|n june dʒ|ɛ:n gen this syllable spells tle gentle t:æp tap he h|el|p|d helpd helped the lamb əm b|æ|k back up oh check this word h|ah h|uh long o oh|m home oh-double-u Now yup ow good Now Sam and the lamb are close friends well look at it it doesn't say friends p|ælz pals,"In a vast, sunny land, Sam the brave horse ran with a pan. He was tan, strong, and swift like a flash. One day, he found a lost lamb. With a gentle tap, he helped the lamb back home. Now, Sam and the lamb are close pals."
"/Users/liu.ying/University of Florida/Leite,Walter - Storiza Corpus Spring 2025/Storiza_Participant_Recording_05-30-25/uid_uJ59YClhDZUuJsN0vsDR1GRv6pu1_sid_3rjs7JkT5laydQme92To_1741230422.wav",Clay and Sarah loved swinging at the park Clay was singing his favorite song while Sarah was swinging higher and higher They wɜ smaɪli and laughing feeling the wind rushing against them Suddenly it started to rain bringing an ʌnɪkspɛk|tɪd drizzle They decided to run back home giggling as they got wet Once home they sæp by the window s:.sɪpɪŋ hot cocoa watching the rain falling The cozy warm warmth w inside was comforting As the rain stopped a rainbow was shining outside Clay and Sarah looked at each other knowing tomorrow would be another day for more adventures,"Clay and Sarah loved swinging at the park. Clay was singing his favorite song while Sarah was swinging higher and higher. They were smiling and laughing, feeling the wind rushing against them. Suddenly, it started to rain, bringing an unexpected drizzle. They decided to run back home, giggling as they got wet. Once home, they sat by the window, sipping hot cocoa, watching the rain falling. The cozy warmth inside was comforting. As the rain stopped, a rainbow was shining outside. Clay and Sarah looked at each other, knowing tomorrow would be another day for more adventures."
"/Users/liu.ying/University of Florida/Leite,Walter - Storiza Corpus Spring 2025/Storiza_Participant_Recording_05-30-25/uid_THJAu4lbjHRa32ysgvSU3Etlb0d2_sid_aKReQ5zqSuEu7cmAruHn_1743033103.wav",Zed the dragon zooms over the hill He finds a cozy cave and lands ɪn|side the ca:ve was a I forget that part this is a long e hi: f|i|n|d|s finds a puzzling maze Zed s:|z:|zi|p|si|z|i|p|zips  it's a shwa a a: a:round sharp turns his heart fizzing with excitement,"Zed the dragon zooms over the hill. He spots a cozy cave and lands. Inside, he finds a puzzling maze. Zed zips around sharp turns, his heart fizzing with excitement."
"/Users/liu.ying/University of Florida/Leite,Walter - Storiza Corpus Spring 2025/Storiza_Participant_Recording_05-30-25/uid_HGLxgWVfJZWhAsqMf761d40h3eQ2_sid_tSrnapQ6hgyliWaApJ36_1743467290.wav","Ollie the owl can ɡ.l.aɪ.d glide in the night He Spies s.p.i.e.s a bɹ. yes you can sound it out  bə. ʌ. aɪ. mmm! you got it  that sound target: bright, produced: ng.guh -> ŋ.gʌ  ɪt bourget switch it so you  see one sec you read that one i'll leave that out can glide in the night try that one he spies he spies He spies a bwaɪt mhm site by the pint: p|ai what's the whole word pint pine pine Ollie dwiv div dwiv ə long I I can't do it daɪvz dives and ə l:|lændz on a white l|ɑi|n hey (a produced breathily at the beginning) I A little mwuh.m|ah I don't know that mouse mouse sound it out h.hides: hides behind a vine what's the name again Ollie Ollie finds sound it out f|l|y fly: flies back to his tree f|i|l|ɪŋ f|aɪn as he stares s.sh.s.s|t|ai|r|t straight start start to ʃ:|a:ɪ|n m|ai|r|k|in time","Ollie the owl can glide in the night. He spies a bright site by the pine. He spies a bright site by the pine. Ollie dives and lands on the white line. A little mouse hides behind a vine. Ollie flies back to his tree, feeling fine, as the stars start to shine, marking time."
"/Users/liu.ying/University of Florida/Leite,Walter - Storiza Corpus Spring 2025/Storiza_Participant_Recording_05-30-25/uid_mHWscHBXcoabM7fdw88AliGuPWw1_sid_I9JIDKsVbN5Sjmsyg1ln_1742933350.wav",Once upon a time there was a brave moaids named Bree bwi loved to explore deeth it the sea wɛ she ʃwæm wɪf glee One day she found a cave hidden  bɪhə a lɑdʒ soʊn wee:f: ɪn.saɪd the light of the sun made the cave ɡlɪm bwi smiled fʌlɪŋ safe ant: it at ease She m.mɛt a fish name Steve Steve shared tʌlz of hidden dʒɛ:mz and waɪs seals Bree and Steve became fwiends fæs fwiends fast fwɛndz and became to meet at a the cave each  təɡɛvɚ they dreamed of ɡweɪt ævɛntʃɚz beyond the sea,"Once upon a time, there was a brave mermaid named Bree. Bree loved to explore beneath the sea, where she swam with glee. One day, she found a cave hidden behind a large stone reef. Inside, the light of the sun made the cave gleam. Bree smiled, feeling safe and at ease. She met a fish named Steve. Steve shared tales of hidden gems and wise seals. Bree and Steve became fast friends and decided to meet at the cave each week. Together, they dreamed of great adventures beyond the sea."
"/Users/liu.ying/University of Florida/Leite,Walter - Storiza Corpus Spring 2025/Storiza_Participant_Recording_05-30-25/uid_RMEYcjWuQJRINI73hdlEKDjPREw2_sid_dpvscQzXHmVYLvi0LDkc_1741134211.wav",Max the Puppy|Dog ,"Max the PupDog, Pam the cat, and a unicorn ran to mom."
"/Users/liu.ying/University of Florida/Leite,Walter - Storiza Corpus Spring 2025/Storiza_Participant_Recording_05-30-25/uid_RMEYcjWuQJRINI73hdlEKDjPREw2_sid_1VgvJXZB45xk11mYvRbT_1741133876.wav",d...a...d dad has a plan He was a map a ran  ran to the  tan hut hat At the hut hat a cat s...a sat on the  mat Dad gave the cat a p...at pat The cat wed wɛd its tent dad told a n|a|p nap ah under the /b|ig/ big tr|ee tree where the koʊl b|ez buzz mad him f.fulair Morn c|cam kæm b|and dad had had pack with a happy  glad for the dad and the fr|i|nd|z friend's start,"Dan had a plan. He saw a map and ran to the tan hut. At the hut, a cat sat on a mat. Dan gave the cat a pat. The cat wagged its tail. Dan took a nap under the big tree where the cool breeze made him feel free. Morn came, and Dan headed back with a happy heart, glad for the day and the friend's start."
"/Users/liu.ying/University of Florida/Leite,Walter - Storiza Corpus Spring 2025/Storiza_Participant_Recording_05-30-25/uid_flpss45kNMRJ1OyjEiJaPFx5rCo2_sid_87GmGKiM3e8FJdv1vF3b_1743380663.wav",Once upon a time in a sunny town there were two best friends name lucky and Lucy and Drew Lucy love gymnastics and could do flips and loops Drew was a soccer fan who kicked the ball with əm wɪð great skill One afternoon Lucy watch Drew play soccer She thought How can I use my gymnastics moves in soccer Drew saw ʌm Lucy's interest and said Let's try sʌmtɪŋ new The nɛks day they went to the field lucky practice ʌm Lucy practice flip ʌm flipping and then kick the soccer ball It flew through the air and Drew was amazed That was so cool he shouted Drew tried to dribble the ball quickly moving like a gymnast Together they created a new game GymSoccer Their friends joined too They pwactice after school and soon had a team They name ðɛmsɛlfs the Blue Crew The Blue Crew use gymnastics and soccer to create amazing moves and tricks At the s talent show Blue Crew ʌm performed At The In The crowds cheered and clapped Everyone loved the unique blend of gymnastics and soccer Lucy and Drew were proud They knew that ʌm trying sʌmtɪŋ new together was the bɛs move of all ʌm From then on GymSoccer was a favorite game in town,"Once upon a time, in a sunny town, there were two best friends named Lucy and Drew. Lucy loved gymnastics and could do flips and loops. Drew was a soccer fan who kicked the ball with great skill. One afternoon, Lucy watched Drew play soccer. She thought, ""How can I use my gymnastics moves in soccer?"" Drew saw Lucy's interest and said, ""Let's try something new!"" The next day, they went to the field. Lucy practiced flipping and then kicked the soccer ball. It flew through the air, and Drew was amazed. ""That's so cool!"" he shouted. Drew tried to dribble the ball quickly, moving like a gymnast. Together, they created a new game: GymSoccer. Their friends joined, too. They practiced after school and soon had a team. They named themselves the ""Blue Crew."" The Blue Crew used gymnastics and soccer to create amazing moves and tricks. At the school talent show, the Blue Crew performed. The crowd cheered and clapped. Everyone loved the unique blend of gymnastics and soccer. Lucy and Drew were proud. They knew that trying something new together was the best move of all. From then on, GymSoccer was a favorite game in town."
"/Users/liu.ying/University of Florida/Leite,Walter - Storiza Corpus Spring 2025/Storiza_Participant_Recording_05-30-25/uid_ovpeape9PZbAq7VLrirwGOYrvsh1_sid_lpp0jgK2wIWbfNSaJuy1_1742389582.wav",In a sunny town Banana Truman had a joyful pet goat every day Truman and his goat played outside One day Truman notice the goat looking dull and not playing Truman was worried He thought How kinni cheer my goat up Knowing the goat love sweets Truman made a sweet mix of fresh hay and treats Truman watch as goat ate with delight showing a new baʊnt in its step Truman felt happy ɡɛn knowing his his dear goat was full of joy From that day they shared many sweet times təɡɛ,"In a sunny town, Banana Truman had a joyful pet goat. Each day, Truman and his goat played outside. One day, Truman noticed the goat looking dull and not playing. Truman was worried. He thought, ""How can I cheer my goat up?"" Knowing the goat loved sweets, Truman made a sweet mix of fresh hay and treats. Truman watched as his goat ate with delight, showing a new bounce in its step. Truman felt happy again, knowing his dear goat was full of joy. From that day, they shared many sweet times together."
"/Users/liu.ying/University of Florida/Leite,Walter - Storiza Corpus Spring 2025/Storiza_Participant_Recording_05-30-25/uid_mHWscHBXcoabM7fdw88AliGuPWw1_sid_lz3I7DDQoORrxWnoDM8h_1741216155.wav","mɝ kitties love the sea She s:wɪms to a s:ʌn.lɪt ship On the ship Casty finet shiny shesells (seashells) She shops She shops in the she...suh sea's the sea's shiny shop for a shwal ʃwɛl A fish wɪf a clash of wɛd s:wɪmz by si|itsies ca.atsies wish for a splash of sun As Catsy smile and meet a shy fish jum joins the ship Casty says wɪf a wide smile The fish nods and hops aboard They share a dish of target: ""sweet"" (swit) -> ""shreet"" (ʃɹɪt) shrimp at the s:ʌn sets Casty and the fish set winning the day nɛvɛ ends A pic|hu|sel fɪʃ falls under the ship making a magical end la la da da","Mermaid Catsy loves the sea. She swims to a sun-lit ship. On the ship, Catsy finds shiny shells. She shops in the sea's shimmery shop for a shawl. A fish with a flash of red swims by. Catsy wishes for a splash of fun. As Catsy sails, she meets a shy fish. ""Join the ship,"" Catsy says with a wide smile. The fish nods and hops aboard. They share a dish of sweet shrimp. As the sun sets, Catsy and the fish sit, wishing the day never ends. A peaceful hush falls over the ship, marking a magical end."
"/Users/liu.ying/University of Florida/Leite,Walter - Storiza Corpus Spring 2025/Storiza_Participant_Recording_05-30-25/uid_b7tT96cSBaaiNnMJ2KcuOQPRkO83_sid_5hkZcPiSBPzGIpag8Xeo_1742423396.wav","Lila love to tie dye She Target: ""decided"" (dɪsaɪdəd) -> ""deciyed"" (dɪsaɪəd) to try making her own tie dye shirt First she tie tiny knots in a plain white shirt target: ""Next"" (nɛkst) ->""Nex"" (nɛks) she dip the shirt into bright swiriling dye Lila wait patiently  for colors to dry When when she untied the knots she was surprise The shirt was a target: ""dazzling"" (dæzlɪŋ) -> ""dazzeling"" (dæzelɪŋ) dɪs|pleɪ of pink blue and Target: ""Yellow"" (jɛloʊ) -> ""yella"" (jɛlɑ) Her friend Target: ""kyle"" (kaɪl) -> ""kylie"" (ˈkaɪli) saw her shirt and said and said woah it looks like a rainbow in the sky Lila smile with pry She know she would try to tie dye again It was fun and full of delighting surprises","Lila loved tie dye. She decided to try making her own tie dye shirt. First, she tied tiny knots in a plain white shirt. Next, she dipped the shirt into bright, swirling dye. Lila waited patiently for the colors to dry. When she untied the knots, she was surprised! The shirt was a dazzling display of pink, blue, and yellow. Her friend, Kyle, saw the shirt and said, ""Wow, it looks like a rainbow in the sky!"" Lila smiled with pride. She knew she would try tie dye again. It was fun and full of delightful surprises!"
"/Users/liu.ying/University of Florida/Leite,Walter - Storiza Corpus Spring 2025/Storiza_Participant_Recording_05-30-25/uid_mHWscHBXcoabM7fdw88AliGuPWw1_sid_zNwobTQRQ5zMd2Rabg7s_1743380602.wav",Once upon a time there was a pɪnsɪs named jay She lived in a big castle on a heel Jane love to have fun and play games One day Jane s: saw a cute mouse the godden The mouse has had white fɜ and a lɒŋk thin tail jeɪn name the mouse Penny Penny and Jane became bɛs fɹɛnts Jane made a small house for Penny with a tube  tiny cute bed it it and a tiny cute bed inside ɛvwi day Jane and Penny would play and explore ɹaʊnd the castle dʒ.dʒeɪn ɪh was happy with her new friend In the evening Jane and pɪ.pɛni watch the stars from castle Penny loved to the stars' bright light  dʒieɪn said You're my bɛs fɹɛn Penny and I will always be here for you And so Jane and Penny happily ssssssssweeng many adventures together day and night,"Once upon a time, there was a princess named Jane. She lived in a big castle on a hill. Jane loved to have fun and play games. One day, Jane saw a cute little mouse in the garden. The mouse had white fur and a long, thin tail. Jane named the mouse Penny. Penny and Jane became best friends. Jane made a small house for Penny with a tube and a tiny cute bed inside. Every day, Jane and Penny would play and explore around the castle. Jane was happy with her new friend. In the evening, Jane and Penny watched the stars from the castle. Penny loved the stars' bright light. Jane said, ""You are my best friend, Penny, and I will always be here for you."" And so, Jane and Penny lived happily, sharing many adventures together, day and night."
"/Users/liu.ying/University of Florida/Leite,Walter - Storiza Corpus Spring 2025/Storiza_Participant_Recording_05-30-25/uid_flpss45kNMRJ1OyjEiJaPFx5rCo2_sid_cqG7XCJHLAa4J12lsMtP_1743380445.wav",Once upon a time əm in a bus:|tling snæ bar there was a bottle of soda named dʒoʊbi Joey was excited because today was the day of the annual əm snack meeting All the snacks and drinks gathered to discuss the joy they bring kids J|um|Joey the soda bottle bounced with excitement ready to join his friends As he rolled to the meeting he spotted his bɛs friend a napkin named Roy Roy was always there to keep things ˈtɪti oʊːi Oi Joey Roy kəhɔld out waving a corner of his self Hurry or well oɹ we'll be late for the meeting Together they rolled and fluttered to the snack table The meeting was already buzzing with noise Chips cookies and candies shared stories o|um|of joy and fun Joey shared how he brought fizzy to a əm toʊ bir|joy dʒɔɪ birthday parties əm Roy əm talked about how he enjoyed keeping everyone clean and neat The other snacks clapped and cheered feeling proud of əv their roles As the meeting ended Jo|um|Joey and Roy realized how important their jobs were Filled with joy they promised to continue bringing smiles to kids faces And so Joey the soda and Roy the napkin returned to their places ready for more joyful adventures,"Once upon a time, in a bustling snack bar, there was a bottle of soda named Joey. Joey was excited because today was the day of the annual snack meeting. All the snacks and drinks gathered to discuss the joy they bring to kids. Joey the soda bottle bounced with excitement, ready to join his friends. As he rolled to the meeting, he spotted his best friend, a napkin named Roy. Roy was always there to keep things tidy. ""Oi, Joey!"" Roy called out, waving a corner of himself. ""Hurry, or we'll be late for the meeting!"" Together, they rolled and fluttered to the snack table. The meeting was already buzzing with noise. Chips, cookies, and candies shared stories of joy and fun. Joey shared how he brought fizzy joy to birthday parties. Roy talked about how he enjoyed keeping everyone clean and neat. The other snacks clapped and cheered, feeling proud of their roles. As the meeting ended, Joey and Roy realized how important their jobs were. Filled with joy, they promised to continue bringing smiles to kids' faces. And so, Joey the soda and Roy the napkin returned to their places, ready for more joyful adventures."
"/Users/liu.ying/University of Florida/Leite,Walter - Storiza Corpus Spring 2025/Storiza_Participant_Recording_05-30-25/uid_eQ9VyOzVOCQWR7uTGBGzvfh3rUJ2_sid_i8ZL8hdudVu5SxNk90X4_1743022443.wav",In a soft nest in eig egg leg on a hot sand Inside a small a dragon had a nap she The shell had cracked it The  did not reach It had     at  A soft teɪp a and then with a with a big push it was out of The baby dragon have give a big yawn The sun was hot and the sand was soft It was a red bug on top by The dragon gave a big glad health It wa felt a wɪ.wɪnd and the sun ɛ  baby dragon popped its ʌm less egg shell oʊ now its is the ,"In a soft nest, an egg lay on hot sand. Inside, a small dragon had a nap. The shell had a crack. The dragon did not rush. It had fun in the egg. A soft tap and then, with a big push, it was out. The baby dragon gave a big yawn. The sun was hot, and the sand was soft. It saw a red bug hop by. The dragon gave a big, glad laugh. It felt the wind and the sun. The baby dragon had popped out at last! The egg was now its past."
"/Users/liu.ying/University of Florida/Leite,Walter - Storiza Corpus Spring 2025/Storiza_Participant_Recording_05-30-25/uid_ihIoefKsGwTDai7fGs9x3DyNvju2_sid_MeMarit6msvAMziBN7LA_1742773937.wav",Jane would like to braid her rope She goes home ʌm for the cone that holds it She go She does not ko.koʊp at first Jane takes her time Finally Jane shows the braid to her mom at home Mom is proud and they both smile at the rope,"Jane would like to braid her rope. She goes home for the cone that holds it. She does not cope at first. Jane takes her time. Finally, Jane shows the braid to her mom at home. Mom is proud, and they both smile at the rope."
"/Users/liu.ying/University of Florida/Leite,Walter - Storiza Corpus Spring 2025/Storiza_Participant_Recording_05-30-25/uid_uJ59YClhDZUuJsN0vsDR1GRv6pu1_sid_BgEKj3YsDOc1MjBj4yDv_1741917511.wav",Britten and Ford are good pals One day they play in the park Britten skips stones across the pond while Ford loves to catch frogs As zɪ sun sets Britten jumps over the benches and Ford runs past the swings They laughed They laugh and smile as they tell stories When it grows dark Britten and Ford head home They wave goodbye and promise t'play gɛn  Their friendship is as strong as the trees anas æs bright as the stars in the night,"Britten and Ford are good pals. One day, they play in the park. Britten skips stones across the pond, while Ford loves to catch frogs. As the sun sets, Britten jumps over the benches, and Ford runs past the swings. They laugh and smile as they tell stories. When it grows dark, Britten and Ford head home. They wave goodbye and promise to play again soon. Their friendship is as strong as the trees and as bright as the stars in the night."
"/Users/liu.ying/University of Florida/Leite,Walter - Storiza Corpus Spring 2025/Storiza_Participant_Recording_05-30-25/uid_XmxSYUZAj4dRqSczt2clQkDf31M2_sid_htmuP5C6ltf1uTEX9ux8_1742869165.wav",In a landof twɪŋ|klɪŋ lights of ca|caps clapping ke:ɪp clapping fairies named Jade led and dance dæns on rose petals The fairies twinkled their elap|later litters bright,"In a land of twinkling lights, a cape-clad fairy, named Jade, led a dance on rose petals. The fairies twirled, their laughter bright."
"/Users/liu.ying/University of Florida/Leite,Walter - Storiza Corpus Spring 2025/Storiza_Participant_Recording_05-30-25/uid_Om0JhZ6RmTNQ5wDLPHKIC3LtY4g2_sid_4SyoJ5neD3pBMkPc5e6V_1741219404.wav",Kitty was a  anger for her play date She wore a bright red sːkɑɹf uh and went out to the park Kitty saw her friend mɔk who brought his toy car They plaid played in the sandbox making castles and pretending to be paɪɹətsː searching for treasure aθ the sun bɪɡeɪn to set Kitty and Mark waved goodbye tothe park They promise to meet again for more ventures and fun Kitty felt happy as she walked home her scarf trail behind likay shooting star,"Kitty was eager for her play date. She wore a bright red scarf and went out to the park. Kitty saw her friend, Mark, who brought his toy car. They played in the sandbox, making castles and pretending to be pirates searching for treasure. As the sun began to set, Kitty and Mark waved goodbye to the park. They promised to meet again for more adventures and fun. Kitty felt happy as she walked home, her scarf trailing behind like a shooting star."
"/Users/liu.ying/University of Florida/Leite,Walter - Storiza Corpus Spring 2025/Storiza_Participant_Recording_05-30-25/uid_jWPmLFrSHDZItPTjjPUB8KAsjlq2_sid_5J7R2ZQimq5M6HJd9Q3L_1742768464.wav",In a suh ɪn the sunny town of Blue Bay a curious boy named Lewis loved finding new avengers One day while strolling pass a dense fruit orchard he spied a bright blue butterfly fluttering about Enchanted Lewis decided to chase the butterfly ducking under grape vines and leaping over puddles Suddenly Lewis stumbled upon a unusual treasure a shiny blue jewel glimmering in the sunlight Wow what a view he exclaimed as the jewel sparkled like the ocean's dew anna fish morning Lewis knew he had to ʃ.ʃoʊ his new discovery to is bɛs friend Sue Together they imagine it belong to a pirate long ago As the sun set over Blue Bay Lewis and Sue agreed their adventure was truly special much like the bond between great friends,"In the sunny town of Blue Bay, a curious boy named Lewis loved finding new adventures. One day, while strolling past a dense fruit orchard, he spied a bright blue butterfly fluttering about. Enchanted, Lewis decided to chase the butterfly, ducking under grape vines and leaping over puddles. Suddenly, Lewis stumbled upon an unusual treasure—a shiny blue jewel, glimmering in the sunlight. ""Wow, what a view!"" he exclaimed, as the jewel sparkled like the ocean's dew on a fresh morning. Lewis knew he had to show his new discovery to his best friend, Sue. Together, they imagined it belonged to a pirate long ago. As the sun set over Blue Bay, Lewis and Sue agreed their adventure was truly special, much like the bond between great friends."
"/Users/liu.ying/University of Florida/Leite,Walter - Storiza Corpus Spring 2025/Storiza_Participant_Recording_05-30-25/uid_Sn3Nw7A3OmOkiMXEFjEyRusLuuo2_sid_eOMbjMl5depUgqb4lRbh_1743021158.wav",Ariel and her  pals Sebastian and Flounder were on an əvɛntʃɚ They foʊnd a cave and explored with glee Look a birft gɛm said Ariel They gave it a (Unintelligble) klɔsɚ ɡlænt and felt it shine withth: mag|kiss It lɪ də cave and ʃaʊd a path home əmɪŋ they cheered Together they ah made their why back way back mhmm happy for the fun and wonder they share,"Ariel and her pals, Sebastian and Flounder, were on an adventure. They found a cave and explored with glee. ""Look, a bright gem!"" said Ariel. They gave it a closer glance and felt it shine with magic. It lit the cave and showed a path home. ""Amazing!"" they cheered. Together, they made their way back, happy for the fun and wonder they shared."
"/Users/liu.ying/University of Florida/Leite,Walter - Storiza Corpus Spring 2025/Storiza_Participant_Recording_05-30-25/uid_ihIoefKsGwTDai7fGs9x3DyNvju2_sid_ujKXyBlmQlDqdJspmTTx_1742944450.wav",In a small town Max loves mæ One day his teacher gives him a tricky math puzzle Max sat under a big oat tree ʌm s.|skɹætʃɪŋ his head He tried to start slowly ʌm solving it but the numbers danced ɪnt his maɪn dʒʌs then his friend Lila ʌm joined him Together they began to add s ʌm subtract and mʌtɪplaɪ Soon they fa ʌm find the answer Max and Lily hide-fived happily they had a sol  From that day on they teamed up for every math challenge knowing that starting together made solving problems as good time And they ʌm ɔlweɪʒ remember to check the time after,"In a small town, Max loved math. One day, his teacher gave him a tricky math puzzle. Max sat under the big oak tree, scratching his head. He tried to start solving it, but the numbers danced in his mind. Just then, his friend Lily joined him. Together, they began to add, subtract, and multiply. Soon, they found the answer! Max and Lily high-fived, happy they had the solution. From that day on, they teamed up for every math challenge, knowing that starting together made solving problems a good time. And they always remembered to check the time after."
"/Users/liu.ying/University of Florida/Leite,Walter - Storiza Corpus Spring 2025/Storiza_Participant_Recording_05-30-25/uid_1w0NU0CL8KMbltxDo7mrkTKhgpD2_sid_WVnogOLLKWsUpfSCUTYy_1742504172.wav",Once upon a time in the magical land of ʃæmwɑk Valley they lih there lived a leprechaun name Finnegan Finnegan Finnegan was not a ɔɹdɪlnɛɹi leprechaun he was e|xtremely  curiu curious and adventurous ʌnɚ a colsuh koʊloʊlsʃ oak tree were he kept his tredzure pot of gold One sunny morning Finnegan decided to explore ðəv vaɪbɹɪ̈t meadow behond behind his home h (he) As he skip joyfully he stumbled upon a puce pjukətʃɚ sign ðɛə in the middle of the meadow s:tʊd a ɪnɔməs weɪmboʊ with dazing dazing kʌlz It was mo ma.magicf magicfuh magicf magicfuh magicfuh ə than ɛnə weɪnbɑ any rainbow    ever seen before Finnegan hut heart filled with excitement  he imɛmbəd an excitement lɛpəkɑn legend dɪ legend said that that at the ɛn of the most mɑɹvəljəs weɪmboʊ ðeɪv lay a treasure mɔ variable gold Determined to dɪskʌbɚ this treasure f:ɪnəgɪn set off in his quest He follow the weɪmoʊ θwu the ɛntʃɪnɛɹi fɔwəs past bubbly broke and s:igh singing birds dʒʌs ah as the sun began to set Finnegan reej the ɛn of the weɪnboʊ To his amazingness he faʊn not a pot of gold but a mædʒɪkəldʒ ɡɑwdən full of delicious ɪtɪk f:wuits and fwaʊɚz Finnegan realize the truh true treasure wʌzn not not gold but the egjo extra extranaridid beauty and harmonated hoʊməni əwaʊnd him With a hɑw full of joy Finnegan weturn to his oak tree He bwɔt with him some of the gawden ɛkna flaʊz which he plænʔɪd around his home From the day that ʃæmwɑk Valley was known for the beautiful blossoms the and Finnegan was celebwating as the leperchauns who faʊn the greatest treasure of all And so Finnegan learned s|th.that sʌmtaɪm the moʊsv valuable treasure ɑw not what we ɛkspɛk but the wonduh we faɪn ə.əlɔŋ the way,"Once upon a time in the magical land of Shamrock Valley, lived a leprechaun named Finnegan. Finnegan was not an ordinary leprechaun; he was extraordinarily curious and adventurous. He lived under a colossal oak tree, where he kept his treasured pot of gold. One sunny morning, Finnegan decided to explore the vibrant meadow beyond his home. As he skipped joyfully, he stumbled upon a peculiar sight. There, in the middle of the meadow, stood an enormous rainbow with dazzling colors. It was more magnificent than any rainbow he had ever seen before. Finnegan's heart filled with excitement as he remembered the ancient leprechaun legend. The legend said that at the end of the most marvelous rainbow, there lay a hidden treasure more valuable than gold. Determined to discover this treasure, Finnegan set off on his quest. He followed the rainbow through the enchanted forest, past bubbling brooks and singing birds. Just as the sun began to set, Finnegan reached the end of the rainbow. To his amazement, he found not a pot of gold, but a magical garden full of delicious, exotic fruits and flowers. Finnegan realized the true treasure was not gold, but the extraordinary beauty and harmony around him. With a heart full of joy, Finnegan returned to his oak tree. He brought with him some of the garden's enchanting flowers, which he planted around his home. From that day on, Shamrock Valley was known for its beautiful blossoms, and Finnegan was celebrated as the leprechaun who found the greatest treasure of all. And so, Finnegan learned that sometimes the most valuable treasures are not what we expect, but the wonders we find along the way."
"/Users/liu.ying/University of Florida/Leite,Walter - Storiza Corpus Spring 2025/Storiza_Participant_Recording_05-30-25/uid_b7tT96cSBaaiNnMJ2KcuOQPRkO83_sid_f7KR0agQx5Xn9Hgin229_1741215227.wav",In a small green forest there lived a clever fox named Max Max loved roaming around searching for fun One sunny day Max found a small shiny box under a big old oak tree He was curious so he s:nɪf:d and tapped on tapped the lid wɪf a flip to open to reveal a ring with ʔeɪ bright blue gem Max fought it was a gift from a fɹɛn|li bird As Max admire the ring a happy robin flew by Thank you Max chirped the robin Max smile knowing he had made a new friend From then on Max and the ɹɑpɪn played together every day,"In a small green forest, there lived a clever fox named Max. Max loved roaming around, searching for fun. One sunny day, Max found a small, shiny box under a big, old oak tree. He was curious, so he sniffed and tapped the lid. With a flip, it opened to reveal a ring with a bright blue gem. Max thought it was a gift from a friendly bird! As Max admired the ring, a happy robin flew by. ""Thank you, Max!"" chirped the robin. Max smiled, knowing he had made a new friend. From then on, Max and the robin played together every day."
"/Users/liu.ying/University of Florida/Leite,Walter - Storiza Corpus Spring 2025/Storiza_Participant_Recording_05-30-25/uid_CjlD9aGvoSfMhsnUwRIQlMr4IFp1_sid_fPKMdj4jr6BedPXQV3mV_1742180701.wav",Six red foxes saw ten big frogs in a hot pot The frogs had a had to hop out or they got wet Sam the frog did not s:tɑp to hop pæ:m got mad but Dan the frog did get wet Dan and Pam sat on a log to h:ʌɡ A kid pig came by and said Join me to jog in the sun They felt glad and ran with the pig,"Six red foxes saw ten big frogs in a hot pot. The frogs had to hop out, or they got wet. Sam the frog did not stop to hop. Pam got mad, but Dan the frog did get wet. Dan and Pam sat on a log to hug. A kind pig came by and said, ""Join me to jog in the sun!"" They felt glad and ran with the pig."
"/Users/liu.ying/University of Florida/Leite,Walter - Storiza Corpus Spring 2025/Storiza_Participant_Recording_05-30-25/uid_tHP0GvI5hccNGBzYfgE2pkEHXiW2_sid_ifxAtA0WEnr7FI7ORW0r_1743456867.wav",Gus runs fast with the ball He jumps up and kicks it The ball zooms in the air Gus s:kɔɹz a goal Fun and cheers fill ð.ðə par Gus hugged his dad f|oo|t fʊt|bɔl joy is in the air,Gus runs fast with the ball. He jumps up and kicks. The ball zooms in the air. Gus scores a goal! Fun and cheer fill the park. Gus hugs his dad. Football joy is in the air!
"/Users/liu.ying/University of Florida/Leite,Walter - Storiza Corpus Spring 2025/Storiza_Participant_Recording_05-30-25/uid_H7rAk5StNLc0VysmHcZQZTQFpBx2_sid_1BvqAU3Y1VCwhTpvVr78_1741207795.wav",Once upon time three friends name Jake Blake and Kate lived in a small town called Lakeville Every morning they met by thelay the big oak tree to play games and share snacks One sunny day Jake brought his new kite Look at my kite Jake ɝ Look at my kite shake in the breeze he exclaimed Blake and Kate were amazed Can we try flying it they asked dʒeɪ agreed happily Blake took the string first As the kite soared up high Blake stepped on a rake by mistake Yikes he shouted jum jumping back Kate giggled as he took her turn I'll make sure to avoid the ray she said with smile The kite danced gracefully in the sky and Kate felt felt ger felt a great sense of pride Suddenly a light rain ɡæn to fall Quick we need to find a place where the farmer kept ɚ to stay dry Jake shouted The three friends ran to the nearby barn where the farmer kept grain in a big safe crate Phew We're safe in here said Blake shaking off the raindrops They mʌ They munched on the some cake Jake's mom had packed while they waited for the rain to stop As the klaʊz cleared a beautiful rainbow peer in the sky Look at those colors Kate said with delight The friends decided to follow the ɹ.ɹeɪmboʊ hoping to find the end With each step they felt a thrill of the of the magical chase In the end they reached a field filled with daisies through the rainbow had faded they felt happy and fulfilled unknown their friendship created memories brighter than any rainbow Smiling they made their way back to Lakeville their hearts light and spirits full of ,"Once upon a time, three friends named Jake, Blake, and Kate lived in a small town called Lakeville. Every morning, they met by the big oak tree to play games and share snacks. One sunny day, Jake brought his new kite. ""Look at my kite shake in the breeze!"" he exclaimed. Blake and Kate were amazed. ""Can we try flying it?"" they asked. Jake agreed happily. Blake took the string first. As the kite soared up high, Blake stepped on a rake by mistake. ""Yikes!"" he shouted, jumping back. Kate giggled as she took her turn. ""I'll make sure to avoid the rake!"" she said with a smile. The kite danced gracefully in the sky, and Kate felt a great sense of pride. Suddenly, a light rain began to fall. ""Quick, we need to find a place to stay dry!"" Jake shouted. The three friends ran to the nearby barn, where the farmer kept grain in a big, safe crate. ""Phew! We're safe here!"" said Blake, shaking off the raindrops. They munched on some cake Jake's mom had packed while they waited for the rain to stop. As the clouds cleared, a beautiful rainbow appeared in the sky. ""Look at those colors!"" Kate said with delight. The friends decided to follow the rainbow, hoping to find an end. With each step, they felt the thrill of the magical chase. In the end, they reached a field filled with daisies. Though the rainbow had faded, they felt happy and fulfilled, knowing their friendship created memories brighter than any rainbow. Smiling, they made their way back to Lakeville, their hearts light and spirits full of joy."
"/Users/liu.ying/University of Florida/Leite,Walter - Storiza Corpus Spring 2025/Storiza_Participant_Recording_05-30-25/uid_WXRuAJyMuAViHCpYPRVffOrexB03_sid_Ttc81IXIedFGPCeX9A2y_1741217243.wav",Pam the panda sat sat on a mat sh:ea had a lat flat hat she s:ɔ:l Pam s:ɔ: e:ɪ tan fan Can I have that fan Pam asked Pam The man on the van sɛdə Yes you can keh Pam wʌ:z ɡlæ:d ʃ:i sat back on hɝ: mat w:a with hɝ: flat hæ.hæt and ðʌ: tan fan in hand Pam napped with the fan,"Pam the panda sat on a mat. She had a flat hat. Pam saw a tan fan. ""Can I have that fan?"" asked Pam. The man on the van said, ""Yes, you can!"" Pam was glad. She sat back on her mat, with her flat hat and the tan fan in hand. Pam napped with the fan."
"/Users/liu.ying/University of Florida/Leite,Walter - Storiza Corpus Spring 2025/Storiza_Participant_Recording_05-30-25/uid_tHP0GvI5hccNGBzYfgE2pkEHXiW2_sid_fekXGLlqzU2WnyoByMnJ_1743542906.wav",Pam has a bɪɡə ɹɛdə cap Max has a big a red bag Pam and mat sit on a ma the mat They c:|a: tʃ|æ:|t chat and pat the bag A cat naps in the bag pæ:m a t|æ|p|s taps the bag and the cat b|æ|t|s bæ:ts a.uh at the k|æ|p the cap Pam and math clap What What a fun deɪw with ðʌ: cap eh  cap bag and the cat,"Pam has a big red cap. Max has a red bag. Pam and Max sit on the mat. They chat and pat the bag. A cat naps in the bag. Pam taps the bag, and the cat bats at the cap. Pam and Max clap. What a fun day with the cap, bag, and the cat!"
"/Users/liu.ying/University of Florida/Leite,Walter - Storiza Corpus Spring 2025/Storiza_Participant_Recording_05-30-25/uid_tHP0GvI5hccNGBzYfgE2pkEHXiW2_sid_OXmhZeGNuXUOY3qvMpeu_1743378291.wav",Jake Jake the dinosaur made a cake It was huge He placed it on a plate His friend Nate the dinosaur came to his house They ate the cake until it was gah all gone They were happy they played games it in Jake's cave What a great day it was,"Jake the dinosaur made a cake. It was huge! He placed it on a plate. His friend, Nate the dinosaur, came to his home. They ate the cake until it was all gone. They were happy and played games in Jake's cave. What a great day it was!"
"/Users/liu.ying/University of Florida/Leite,Walter - Storiza Corpus Spring 2025/Storiza_Participant_Recording_05-30-25/uid_EfKQNmht2ebtDnNadrezErlhcDF3_sid_DHkzC6iHwVqz1EYkGumN_1743544680.wav",On April Fool's Day Lucky planned a fun prank She took a tape and pasted a f:eɪk bug on the wall Her fren: Jake saw it and shouted Oh no Lucky giggled and said April Fool's Then Jake had an idea He placed a toy sneɪ|k on a chair When Lucky sat down she jumped up in surprise Got you back Jake laughed They both laughed all day As  sun set they promise to make more jokes next year It was a day full of fun and laughter the s:ɪli tricks and giggles at every turn,"On April Fool's Day, Lucy planned a fun prank. She took a tape and pasted a fake bug on the wall. Her friend Jake saw it and shouted, ""Oh no!"" Lucy giggled and said, ""April Fool's!"" Then, Jake had an idea. He placed a toy snake on a chair. When Lucy sat down, she jumped up in surprise. ""Got you back!"" Jake laughed. They both laughed all day. As the sun set, they promised to make more jokes next year. It was a day full of fun and laughter, with silly tricks and giggles at every turn."
"/Users/liu.ying/University of Florida/Leite,Walter - Storiza Corpus Spring 2025/Storiza_Participant_Recording_05-30-25/uid_CanxAhhjiePs6niCtdVzPqVIzXt1_sid_3EY5UYLqcjiMWbMo794r_1742766112.wav",Once pɔn a time in a land of blocks a boy name Tim loved to play maɪnkɹæf He built a t|ɔl tower to see the world One sunny day while exploring Tim heard a hiss A creeper was near Tim quickly dug a pit to tɹæ|p it With a s|wɪft swift swing of his sword h:i was safe again As night fell Tim crafted a cozy bɛ in|s: inside his taʊə He slept soundly dreaming of new adventures The next day with the sun shining bwaɪt Tim was ready for more fun in his maɪnkɹæf world,"Once upon a time, in a land of blocks, a boy named Tim loved to play Minecraft. He built a tall tower to see the world. One sunny day, while exploring, Tim heard a hiss. A creeper was near! Tim quickly dug a pit to trap it. With a swift swing of his sword, he was safe again. As night fell, Tim crafted a cozy bed inside his tower. He slept soundly, dreaming of new adventures. The next day, with the sun shining bright, Tim was ready for more fun in his Minecraft world."
"/Users/liu.ying/University of Florida/Leite,Walter - Storiza Corpus Spring 2025/Storiza_Participant_Recording_05-30-25/uid_mHWscHBXcoabM7fdw88AliGuPWw1_sid_5Qzz5HgfBlyv7s5pQMxl_1743034049.wav",In a lus: ɡwin fɔwəst a kɔɹn named Mike stʊ:d s:tʊd tall and p|ɹaʊd His mane smɚd like silver and his smile was waɪ and bwaɪt Every d.deɪ Mike liked to explore the vast land amazing the sky blue blue hʌd and the sun's  One s:ʌni day Mike found a hɪdɪŋ caif: filled with treasures and sparkling kwaʊn He p|leɪst the kwaʊn on his head feeling guilt wanted wit waɪti a pahsin...ing to to practice the forest with care æθ the star shone əvʌv Mike remind houf remind home cus:tin and tired The fowes: s:ang a s:.z.sto soft tune wɛlkəm:ɪŋ its  its bweɪv unicorn home,"In a lush, green forest, a unicorn named Mike stood tall and proud. His mane shimmered like silver, and his smile was wide and bright. Every day, Mike liked to explore the vast land, admiring the sky's blue hue and the sun's glow. One sunny day, Mike found a hidden cave, filled with treasures and a sparkling crown. He placed the crown on his head, feeling its gentle weight and promising to protect the forest with care. As the stars shone above, Mike returned home, content and tired. The forest sang a soft tune, welcoming its brave unicorn home."
"/Users/liu.ying/University of Florida/Leite,Walter - Storiza Corpus Spring 2025/Storiza_Participant_Recording_05-30-25/uid_THJAu4lbjHRa32ysgvSU3Etlb0d2_sid_db43viuwuV7v8UXvcdXG_1741218043.wav",e:ɪ kæ:|t S|am s|a s|æt A kæ|t sæ|t A kæ|t is æ|t a m|æ|t mæ|t The mæ|t is a:n ʌm e:ɪ p|ɪ|t pɪ|t The cat s|æt sat in the m:at m|ih m: p|ɪ|t pit The cat l|ih|s|t l|ɪ|t lit the m:meh l|æ|m|p lamp The cat n|æ|p|s naps in the l|a|m|p lamp unintelligible  lamp's w|ih no w|ah A R in this word is or: w|ar.ar|m warm g|l an OW's (oh double u's) oh oh glow good job warm glow,A cat sat. A cat is at a mat. The mat is in a pit. The cat sat in the pit. The cat lit the lamp. The cat naps in the lamp's warm glow.
"/Users/liu.ying/University of Florida/Leite,Walter - Storiza Corpus Spring 2025/Storiza_Participant_Recording_05-30-25/uid_b7tT96cSBaaiNnMJ2KcuOQPRkO83_sid_qI8dUME97DjQJdv58X28_1741299346.wav",æk was excited to launch his bright rocket He packed a picnic wɪf a block of tʃi|z and a b.bɪɡ clock to keep track of time At the park he klɛkt the rocket button It zu:md up like a flock of bir:t dazzling in the kɹaʊ wɪf a loud shock it poppe|d open sending kʌɚfəl confetti everywhere Jack watched the rocket come back and læn on the grass ɛvɹwʌn clapped and cheer The day ɛndɪ wɪf a sunset and Jack felt proud He pack up his rocket ready to unlock new əvɛntʃɚz next time with his fait|ful friend,"Jack was excited to launch his bright rocket. He packed a picnic with a block of cheese and a big clock to keep track of time. At the park, he clicked the rocket's button. It zoomed up like a flock of birds, dazzling the crowd. With a loud shock, it popped open, sending colorful confetti everywhere. Jack watched the rocket come back and land on the grass. Everyone clapped and cheered. The day ended with a sunset, and Jack felt proud. He packed up his rocket, ready to unlock new adventures next time with his faithful friend."
"/Users/liu.ying/University of Florida/Leite,Walter - Storiza Corpus Spring 2025/Storiza_Participant_Recording_05-30-25/uid_tHP0GvI5hccNGBzYfgE2pkEHXiW2_sid_yM1c099hRczoiHMmEqH2_1743456350.wav",A fat cat and a big fish ha|t met at a wet mat The cat sat and the fish was in a  tin ɑ:t the mat The kæ did tap the tin The fish dɪ not y|a:p jæ:p jæ The end,"A fat cat and a big fish met at a wet mat. The cat sat, and the fish was in a tin at the mat. The cat did tap the tin. The fish did not yap. The end."
"/Users/liu.ying/University of Florida/Leite,Walter - Storiza Corpus Spring 2025/Storiza_Participant_Recording_05-30-25/uid_ZegJLYO9QiacSJTQWx7CWauRcQr1_sid_rh7dGMV1HRrdpbcJITsW_1742611583.wav",In a cozy house there stood a big brown couch Every Saturday Lucy and her dog Max əm lounged on the couch to watch cartoons One One day Max found a pouch under the couch kyih ʌm Curious Lucy researchedf ʌm reached for it and pulled out a shiny coin Woah Max she exple ʃi exlaimed This məs be lucky They decide to save the coin in a special jar From ʌm that day on wherever that sat on the couch they dreamed of an adventure the coi coin might bring The couch wasn't just for sitting anymore it was a place where dreamed and dɪskʌviəɹz began,"In a cozy house, there stood a big, brown couch. Every Saturday, Lucy and her dog, Max, lounged on the couch to watch cartoons. One day, Max found a pouch under the couch. Curious, Lucy reached for it and pulled out a shiny coin. ""Wow, Max!"" she exclaimed. ""This must be lucky!"" They decided to save the coin in a special jar. From that day on, whenever they sat on the couch, they dreamed of adventures the coin might bring. The couch wasn't just for sitting anymore; it was a place where dreams and discoveries began."
"/Users/liu.ying/University of Florida/Leite,Walter - Storiza Corpus Spring 2025/Storiza_Participant_Recording_05-30-25/uid_b7tT96cSBaaiNnMJ2KcuOQPRkO83_sid_t5g1aeUZwxH7esCXS9Pn_1743345755.wav",In a sunny glen a small frog named Fred met a sly fox The fox grin flashing hɪʃ sharp teeth wʊdʒ you like to join me for the for a feast Fred felt a chill but nɑ:dɪd kiɹiəs As the As they hoped and tɹ|ɑ|t|ɪd tɹɑtɪ Fred spotted a flock of birds They chirped and sing warning him of the fox|s tricks f.fɹɛd thank the birds and leaped away leaping the fox alone The fox frown realizing he had lost hɪʃ chance for a s:sl.lay sk|s|ch|ai|eme stʃim fɹɛ join the birds safe and happy as the play they played under the bright blue sk,"In a sunny glen, a small frog named Fred met a sly fox. The fox grinned, flashing his sharp teeth. ""Would you like to join me for a feast?"" the fox asked. Fred felt a chill but nodded, curious. As they hopped and trotted, Fred spotted a flock of birds. They chirped and sang, warning him of the fox's tricks. Fred thanked the birds and leaped away, leaving the fox alone. The fox frowned, realizing he had lost his chance for a sly scheme. Fred joined the birds, safe and happy, as they played under the bright blue sky."
"/Users/liu.ying/University of Florida/Leite,Walter - Storiza Corpus Spring 2025/Storiza_Participant_Recording_05-30-25/uid_Gt0cspsUtRSvEXXHZKUWlVAfyVq2_sid_NB0tkgcxvGESuaQYdzod_1743619802.wav",pɑn a time there was a little ɡɜɹ named Clara She was spoiled and made her mother and father do everything for her klɛɹz parents gave her toys treats and all of her desires One day Clara wanted to play in the park but it was too far away Her mother and father were bishnee busy so she had to go alawn On the way Clara learned how to do thingsh herself  started to feel proud and strong fɹm that day Clara decided to help her mother and father and never make them do θɪŋʃ ever ,"Once upon a time, there was a little girl named Clara. She was spoiled and made her mother and father do everything for her. Clara's parents gave her toys, treats, and all her desires. One day, Clara wanted to play in the park, but it was far away. Her mother and father were busy, so she had to go alone. On the way, Clara learned how to do things herself. She started to feel proud and strong. From that day, Clara decided to help her mother and father and never make them do things for her again."
"/Users/liu.ying/University of Florida/Leite,Walter - Storiza Corpus Spring 2025/Storiza_Participant_Recording_05-30-25/uid_FecxEEwWTpW5fnBaHIGu821YiLh2_sid_5CDuMCZzZSESFX0X8vIr_1742344504.wav",ʌm Once there was Once upon a time in a vɪlɪndʒ on the edge of a wɪdʒ there lɪv|d a king kid judge named Mr. Lo log log Lodge what does 'd' 'g' Lodge yep Mr. Lodge He lived in to sh:ar shar share hɛə stɔiz of history with the children One day the gath|ee|red gatheered that right does it sound right Jeff jeffred gathred gathered gathered ɛvwiwʌn by the old bridges bridge In en ancient eɪtʃənt time had beega had begin a bweɪv king named Paige po|ot pro.protect this village fʌm danger theezh children The children ins:t.ins:.instea(d) (instead) l l:.lɪsnd eag eajerly whadis (what is) E.A. gonna say ay unintelligible vowel unintelligible (seen?) ee mhm juh eajerly whother (what other) sound canuh (can a) g make i:juh e what other sound g|er:ly ig.iɡɚli mhm eagerly eyes waɪt and wondered  eyes wide with wonder guhjob (good job) As the tale ended Mr. Lodge smiled Always remember history iz l|he like a bwɪdʒ as like is is like a bwidge simile right mom mhm good job con: kə.kən|ɛktɪŋ us to the pa past The children tʃɪ.|tʃɪɹd no mhm che: cheered gladfully ɡlædfəl for the knowlid knowledge Mr. l lawlidge ʌm Lodge has shared a prou:m|iced|ih and po:.p|o|m prom|ise: prom:|is|d promised to always tree treashore tr|ishore trishore twea|zure it,"Once upon a time, in a village on the edge of a ridge, there lived a kind judge named Mr. Lodge. He loved to share stories of history with the children. One day, he gathered everyone by the old bridge. ""In ancient times,"" he began, ""a brave knight named Pudge protected this village from danger."" The children listened eagerly, eyes wide with wonder. As the tale ended, Mr. Lodge smiled, ""Always remember, history is like a bridge connecting us to the past."" The children cheered, grateful for the knowledge Mr. Lodge had shared, and promised to always treasure it."
"/Users/liu.ying/University of Florida/Leite,Walter - Storiza Corpus Spring 2025/Storiza_Participant_Recording_05-30-25/uid_ECPqsmdUcMhqkJwXAfhhs3XTgoa2_sid_SuRsid6TUn8QnLIxxKUO_1741643049.wav",Dan was in in his lab looking at the stars He had a map It was dark but he had a lamp Dan saw plan I can ɡoʊ: in a van to space he said The van was ready Dan packed a bag and sætə Up in the van went past the stars Dan was glad He waved and yelled I'm an astronaut in space Dan felt fantastic,"Dan was in his lab, looking at the stars. He had a map. It was dark, but he had a lamp. Dan saw a plan. ""I can go in a van to space,"" he said. The van was ready. Dan packed a bag and sat. Up the van went, past the stars. Dan was glad. He waved and yelled, ""I am an astronaut in space!"" Dan felt fantastic."
"/Users/liu.ying/University of Florida/Leite,Walter - Storiza Corpus Spring 2025/Storiza_Participant_Recording_05-30-25/uid_flpss45kNMRJ1OyjEiJaPFx5rCo2_sid_Rcq8EeYY64iPD7qGRtyZ_1743380161.wav",On a rainy day Roy and his friend Joy stayed indoors They decided to make a big playdough town Roy made a playdough boy with a bright blue toy car Joy made a kɔɪ:l coil of playdough to form a bouncy slide They enjoy creating and chatting forgetting about the rain outside Suddenly the rain stopped and a rainbows appeared They placed their playdough town by the window to enjoy the view Joy said Even on rainy days we can find joy Roy nodded happih ʌm happy to have a such such a joyful friend They waved goodbye to ʌm to the rain for new invetch inventures ready for new iventch ɪnvɛntʃɚz,"On a rainy day, Roy and his friend Joy stayed indoors. They decided to make a big playdough town. Roy made a playdough boy with a bright blue toy car. Joy made a coil of playdough to form a bouncy slide. They enjoyed creating and chatting, forgetting about the rain outside. Suddenly, the rain stopped, and a rainbow appeared. They placed their playdough town by the window to enjoy the view. Joy said, ""Even on rainy days, we can find joy!"" Roy nodded, happy to have such a joyful friend. They waved goodbye to the rain, ready for new adventures."
"/Users/liu.ying/University of Florida/Leite,Walter - Storiza Corpus Spring 2025/Storiza_Participant_Recording_05-30-25/uid_xxUUDYlSFESUIRvPTLDLReqO44G3_sid_EWrmt6kSmwKACKbLS43Q_1742751642.wav",Timmy the brave cat lived in a bɪ:ɡ green house One day he heard a strange noise in the yard Timmy peeked through the window and saw a small brown mouse The mouse wəʃ shivering in the cold breeze Timmy decided to help the He open the door and invited the mouse inside The mouse smiled and thank Timmy with a lɪ:təl squeak They shared a warm meal and became friends for From then on the house was filled wɪf laughter and cheer and Timmy was glad he had opened his hɑɹ to a new friend,"Timmy the brave cat lived in a big, green house. One day, he heard a strange noise in the yard. Timmy peeked through the window and saw a small, brown mouse. The mouse was shivering in the cold breeze. Timmy decided to help. He opened the door and invited the mouse inside. The mouse smiled and thanked Timmy with a little squeak. They shared a warm meal and became friends. From then on, the house was filled with laughter and cheer, and Timmy was glad he had opened his heart to a new friend."
"/Users/liu.ying/University of Florida/Leite,Walter - Storiza Corpus Spring 2025/Storiza_Participant_Recording_05-30-25/uid_ejZWulX03uRlAA3C5VqYK6jKNYs1_sid_P6kAd6A5SfFBLSW9pJpN_1741135137.wav", upon a time             the      His  toy                        around     softened soffer          diaper   whirl in the  why    play   artichoke   halls      His   Sally   and    you are the            um        the: the messiest eater Pete But Pete just grinned with a mouthful of peas buh ʌ By the end of the day Pete was the slipiɛs baby ever He snuggled into his crib holding his little teddy bear tightly His mom whispered Goodnight my switɪs diaper baby as Pete drifted into his happiest dreams And indeed id And indeed it was the best day ever for little Pete the diaper baby,"Once upon a time in a cozy cottage, lived a diaper baby named Pete. Pete was the smallest in the whole house. His favorite toy was a tiny teddy bear. One sunny morning, Pete looked around and smiled, thinking, ""Today might be the best day ever!"" Pete crawled around, noticing his diaper was softer than a pillow. He thought it was the silkiest diaper in the whole wide world. As he played, his giggling echoed through the halls, louder than any other noise. His big sister, Sally, came by and said, ""Pete, you are the funniest little guy!"" At lunch, Pete made a mess, as usual. His mom laughed and said, ""You are certainly the messiest eater, Pete!"" But Pete just grinned with a mouthful of peas. By the end of the day, Pete was the sleepiest baby ever. He snuggled into his crib, holding his little teddy tightly. His mom whispered, ""Goodnight, my sweetest diaper baby,"" as Pete drifted into the happiest dreams. And indeed, it was the best day ever for little Pete, the diaper baby."
"/Users/liu.ying/University of Florida/Leite,Walter - Storiza Corpus Spring 2025/Storiza_Participant_Recording_05-30-25/uid_lEq1lXM2xafR8w5blWO2OCG8VE93_sid_jYTizNYBKMXCSsVuEydP_1742757294.wav",ɛvəwi Sunday weɪ and June play ge video games They stay n: in their playroom all day June's favorite game is a weɪs ɑnð a big track weɪ likes a game wɛw h.he sails a ship and hunts foɹf a pwaɪz They both love when it's time to play One One wain weɪni dəi the laɪts: went out and they couldn't play So they made up a game dwɔɪŋg a map toof (to) and finding treasures in the house At the end of də day des|pi|t despite on no so sɔʔsɛns day ðeɪf had fun They say Let's play this way again,"Every Sunday, Ray and Jane play video games. They stay in their playroom all day. Jane's favorite game is a race on a big track. Ray likes a game where he sails a ship and hunts for a prize. They both love when it's time to play. One rainy day, the lights went out, and they couldn't play. So, they made up a game, drawing a map and finding treasures in the house. At the end of the day, despite no screens, they had fun. They say, ""Let's play this way again!"""
"/Users/liu.ying/University of Florida/Leite,Walter - Storiza Corpus Spring 2025/Storiza_Participant_Recording_05-30-25/uid_EOwDjm2STZfXSXQJzWXadFRGRzn1_sid_Er2vmZID4HCN6xXLufOo_1744244305.wav",Lucky saw a dog down by the river The pup barked and wagged its tail wagging to play wanting to play Lucky took off her shoes and waited in The in The two s|p|l|ash|t splashing spla sp|l|ash|ed splashed splæʃɪd mhm and had fun in the sun As the sun began to set Lucky said goodbye to her new friend She promised tu: e|t|urn return to return the next day leaving with her f: fool fell of joy and muddy feet,"Lucy saw a dog down by the river. The pup barked and wagged its tail, wanting to play. Lucy took off her shoes and waded in. The two splashed and had fun in the sun. As the sun began to set, Lucy said goodbye to her new friend. She promised to return the next day, leaving with a heart full of joy and muddy feet."
"/Users/liu.ying/University of Florida/Leite,Walter - Storiza Corpus Spring 2025/Storiza_Participant_Recording_05-30-25/uid_WXRuAJyMuAViHCpYPRVffOrexB03_sid_H4UzBBUu9GcvIGFhnpPB_1742774655.wav",m ɛ.ɛənd his pals Jane gaze at a map Their plan to a trip to see space Can we really s.s Can we see a s:tɑɹ æs Sam Jan nɑ:dz Yes and we can grab a snack at the space ba.buh|a r bar She They park pack pack ð:ɛɚ hats bags hats and a jack As they l.lænd on Mars they can they clap and jump anth.theins This This is the bɛs smile  Sam says This They nap on under the s.stɑɹz and dream big,"Sam and his pal, Jan, gaze at a map. They plan a trip to see space. ""Can we see a star?"" asks Sam. Jan nods, ""Yes, and we can grab a snack at the space bar."" They pack their bags, hats, and a jack. As they land on Mars, they clap and jump. ""This is the best!"" Sam says. They nap under the stars and dream big."
"/Users/liu.ying/University of Florida/Leite,Walter - Storiza Corpus Spring 2025/Storiza_Participant_Recording_05-30-25/uid_uJ59YClhDZUuJsN0vsDR1GRv6pu1_sid_9aQcNlrmXoeI8N7VSq3c_1742872549.wav",Teddy and Max were two tʃɪɹ.tʃɪɹfəl dogs living on a green farm Teddy was curious and blouder always leading the their ɪnvɛntʃɚz Max was s.|sparking Max was clever fɪɡjɚɪ out figuring out the tik|t trickist paths One day they found a spɑɹ.spɑɹklɪŋ river Teddy and Max Teddy dared Max Let's go see who jumps the fɑɹdɪst They bəʊf ran fast splashing to the cool water Teddy splashed higher while Max was the fast swimmer fastest swimmer reached to the other side first Wet Wet but happy they shook off together under the tɔlɪs tree tails wagging Teddy and Max agreed it was their best day discovering treasures of their friendship,"Teddy and Max were two cheerful dogs living on a green farm. Teddy was curious and bolder, always leading their adventures. Max was clever, figuring out the trickiest paths. One sunny day, they found a sparkling river. Teddy dared Max, ""Let's see who jumps the farthest!"" They both ran fast, splashing into the cool water. Teddy splashed higher, while Max, the fastest swimmer, reached the other side first. Wet but happy, they shook off together under the tallest tree, tails wagging. Teddy and Max agreed it was their best day, discovering treasures of their friendship."
"/Users/liu.ying/University of Florida/Leite,Walter - Storiza Corpus Spring 2025/Storiza_Participant_Recording_05-30-25/uid_THJAu4lbjHRa32ysgvSU3Etlb0d2_sid_QP6RR2aVPvPDSrDB99cc_1743032180.wav",A big red dɹæ:ɡɪn was sad He sa He sat on a lɔ:ɡ Then a man came hi: had a bag of fun The dragon f|ɛ|l.lt felt glad and wagged his its tail The dragon and the man had jam The dragon was happy at last,A big red dragon was sad. It sat on a log. Then a man came. He had a bag of fun. The dragon felt glad and wagged its tail. The dragon and the man had jam. The dragon was happy at last.
"/Users/liu.ying/University of Florida/Leite,Walter - Storiza Corpus Spring 2025/Storiza_Participant_Recording_05-30-25/uid_EfKQNmht2ebtDnNadrezErlhcDF3_sid_MrJqeNzcm0ADJEBm72gJ_1741214318.wav",A small salamander name Sam lived in a fɔɹəs He like to explore far and wide One morning Sam found a s:pɑɹklɪŋ lake with clear water Before he jumped ɪ.ɪn he s:ɔ a carp swim by The carp shared stories of the ocean wonders With excitement Sam imagined the places he could visit As the sun set Sam returned home idʒɚ to tell his family about his əvɛntʃɚ That night he dreamed of ocean oceans sa and stars feeling brave and ready and more,"A small salamander named Sam lived in a forest. He liked to explore far and wide. One morning, Sam found a sparkling lake with clear water. Before he jumped in, he saw a carp swim by. The carp shared stories of the ocean's wonder. With excitement, Sam imagined more places he could visit. As the sun set, Sam returned home, eager to tell his family about his adventure. That night, he dreamed of oceans and stars, feeling brave and ready for more."
"/Users/liu.ying/University of Florida/Leite,Walter - Storiza Corpus Spring 2025/Storiza_Participant_Recording_05-30-25/uid_CanxAhhjiePs6niCtdVzPqVIzXt1_sid_gUXg6qMNfG1UwQvM5G7u_1742765846.wav",Ben and his fwɛn Jake love playing soccer One sunny day they joined a game at th.th.duh park Ben kick the ball to Jake who dashed down the field Jake s:wɪftli passed it back to Ben Ben aimed and shot the ball It scored thw|ough the air soared through the air and landed in the goal Hooray their team cheered The game continue and bəʊf fwɛndz played with great skill Near the ɛn the score was tied Ben had one læʃ chance He kick the ball hard and it zoom past the goalie Their team won Ben and Jake celeray wɪf bih with big smiles,"Ben and his friend Jake loved playing soccer. One sunny day, they joined a game at the park. Ben kicked the ball to Jake, who dashed down the field. Jake swiftly passed it back to Ben. Ben aimed and shot the ball. It soared through the air and landed in the goal. ""Hooray!"" their team cheered. The game continued, and both friends played with great skill. Near the end, the score was tied. Ben had one last chance. He kicked the ball hard, and it zoomed past the goalie. Their team won! Ben and Jake celebrated with big smiles."
"/Users/liu.ying/University of Florida/Leite,Walter - Storiza Corpus Spring 2025/Storiza_Participant_Recording_05-30-25/uid_flpss45kNMRJ1OyjEiJaPFx5rCo2_sid_kugsV0n1o7Djk2ZJqtXt_1742679972.wav",In a fluffy pink unicorn school Joy the unicorn joined her firs class She felt a bit nervous but excited Her teacher Ms. Roy was friendly and full of stories hees ʌm He taught them about the magic of rainbows and the joy they bring During recess Joy found a toy unicorn that could fly She showed it to her friends and they all enjoyed playing together By the end of the day Joy felt ʌm overjoyed She realized that that sku was a place full of fun and new friends Joy couldn't wait to return the ʌm return me nɛks day and learn more,"In a fluffy pink unicorn school, Joy the unicorn joined her first class. She felt a bit nervous but excited. Her teacher, Mr. Roy, was friendly and full of stories. He taught them about the magic of rainbows and the joy they bring. During recess, Joy found a toy unicorn that could fly. She showed it to her friends and they all enjoyed playing together. By the end of the day, Joy felt overjoyed. She realized that school was a place full of fun and new friends. Joy couldn't wait to return the next day and learn more."
"/Users/liu.ying/University of Florida/Leite,Walter - Storiza Corpus Spring 2025/Storiza_Participant_Recording_05-30-25/uid_EfKQNmht2ebtDnNadrezErlhcDF3_sid_2r0KTzHJ1z29iYVj6xTe_1741215438.wav",Mara had a special  that brought her luck It was a small star that she wore on a cord One sunny morning Mara went to explore a naɹbi fɔɹəs æʃ she moved through the tall trees she dɪ not notice her charm was no longer on her When she reached a clearing she realized it was gone Mara felt a little s.s.s.soɹ for losing it However she remembered that a true charm was the ənvɛntʃɚz she had On her way back a friendly kɹ:oʊ fa.faʊnd the charm and dropped it before her Mara smiled her luck restored once more,"Mara had a special charm that brought her luck. It was a small star that she wore on a cord. One sunny morning, Mara went to explore a nearby forest. As she moved through the tall trees, she did not notice her charm was no longer on her. When she reached a clearing, she realized it was gone. Mara felt a little sore for losing it. However, she remembered that the true charm was the adventures she had. On her way back, a friendly crow found the charm and dropped it before her. Mara smiled, her luck restored once more."
"/Users/liu.ying/University of Florida/Leite,Walter - Storiza Corpus Spring 2025/Storiza_Participant_Recording_05-30-25/uid_mHWscHBXcoabM7fdw88AliGuPWw1_sid_7XfLT0jT1wvkAI9zLj1M_1743381734.wav",Once a baby nay tiger named Gus lid in a svʌtɪkəld jungle Gus loved to wʌn and dʒʌp əmʌŋz the tall twiz One day the big sun soʊn bwaɪtli making Gus fɪl warm and happy ɡʌs: stumbled æeɪ small pond and splashed joyfully in the cool water sʌdntli a wɛd bird sæŋk a sweet song Gus listened and smiled æs: the day ended Gus lay under a big tree filling soft safe and loved His jungle was full of wʌndəz and his hot was full of joy Gus knew that he would ɑlweɪzt tru.|truess his jungle əvɛntʃɚz,"Once, a baby tiger named Gus lived in a sunlit jungle. Gus loved to run and jump among the tall trees. One day, the big sun shone brightly, making Gus feel warm and happy. Gus spotted a small pond and splashed joyfully in the cool water. Suddenly, a red bird sang a sweet song. Gus listened and smiled. As the day ended, Gus lay under a big tree, feeling safe and loved. His jungle was full of wonders, and his heart was full of joy. Gus knew that he would always cherish his jungle adventures."
"/Users/liu.ying/University of Florida/Leite,Walter - Storiza Corpus Spring 2025/Storiza_Participant_Recording_05-30-25/uid_u2hytH2KWIS6ewdShfEZisygqIo2_sid_2Zyx7IELFHpKDvjgVHnB_1742347977.wav",Fly Girl love the sky Every day she went up up and away Her wings sprea spread wide and she soared high above The breeze made her feel əl|aɪv Each f:laɪt was free and fast One day she saw a lost bird It was small and very scared Follow me Fly Girl said  smile The bird flapped and flapped Together they flew through the clouds and over the hills hat wat At læs they reach the bird's hum Happy and safe ɪ|t turned with joy Fly Girl waved goodbye and flew bæ to her world ready for a for a new adventure,"Fly Girl loved the sky. Every day, she went up, up, and away. Her wings spread wide, and she soared high above. The breeze made her feel alive. Each flight was free and fast. One day, she saw a lost bird. It was small and very scared. ""Follow me,"" Fly Girl said with a smile. The bird flapped and followed. Together, they flew through the clouds and over the hills. At last, they reached the bird's home. Happy and safe, it chirped with joy. Fly Girl waved goodbye and flew back to her world, ready for new adventures."
"/Users/liu.ying/University of Florida/Leite,Walter - Storiza Corpus Spring 2025/Storiza_Participant_Recording_05-30-25/uid_b7tT96cSBaaiNnMJ2KcuOQPRkO83_sid_cEhgSTuLtXQzTUpjt1kl_1741562634.wav",Lily and jank wɛn to the fim pɑɹ They saw a big roll coaster called f:under tɹæ|k l:y felt a lɪləl skɛəɹ|d but Jack was excited As they climb klaɪm|d into the seat the wɪn whooshed past Up up up they went then zoo:m down the tɹæ|k Lily screamed a laugh bʌ roll coas:|ter twis:|ted and tɝnt making their hair fly then When the ri:te stop Lily and Ja|ke grine æ|t itʃə other Let's go again Jake ʃaʊɪd Lily nodded feeling bɹeɪ They ɹæm back to the line ready for another fɹɪlɪŋ ɹaɪ on the Thunder Track,"Lily and Jake went to the theme park. They saw a big roller coaster called ""Thunder Track."" Lily felt a little scared, but Jake was excited. As they climbed into the seat, the wind whooshed past. Up, up, up they went, then zoomed down the track! Lily screamed and laughed. The roller coaster twisted and turned, making their hair fly. When the ride stopped, Lily and Jake grinned at each other. ""Let's go again!"" Jake shouted. Lily nodded, feeling brave. They ran back to the line, ready for another thrilling ride on the Thunder Track."
"/Users/liu.ying/University of Florida/Leite,Walter - Storiza Corpus Spring 2025/Storiza_Participant_Recording_05-30-25/uid_bKduvdIsrbbqPZ7Z3lCfQlF8WBn1_sid_vlZFDeWdkcL846ISBtph_1742517940.wav",On a sunny Saturday Timmy woke up with excitement It was football day He put on his jersey and tied his shoes tightly Timmy's team the Tigers was ready to pweɪ againts the Bears At the field the coach gathered the Tigers and reminded them pweɪ fair ʃə|ʃo Show your skills and keep trying The game began am the ball zoomed from players to player Timmy caught the ball and ran swiftly dodging the Bears His heart pounded but he focused Nearin the goal he kicked the ball It flew like a rocket and hit the net The fans cheered loudly The Tigers won the game Timmy felt proud and happy They celebrated as a team knowing they did their best Football taught Timmy about teamwork effort and joy,"On a sunny Saturday, Timmy woke up with excitement. It was football day! He put on his jersey and tied his shoes tightly. Timmy's team, the Tigers, was ready to play against the Bears. At the field, the coach gathered the Tigers and reminded them, ""Play fair! Show your skills and keep trying!"" The game began, and the ball zoomed from player to player. Timmy caught the ball and ran swiftly, dodging the Bears. His heart pounded, but he focused. Near the goal, he kicked the ball. It flew like a rocket and hit the net! The fans cheered loudly. The Tigers won the game. Timmy felt proud and happy. They celebrated as a team, knowing they did their best. Football taught Timmy about teamwork, effort, and joy."
"/Users/liu.ying/University of Florida/Leite,Walter - Storiza Corpus Spring 2025/Storiza_Participant_Recording_05-30-25/uid_tHP0GvI5hccNGBzYfgE2pkEHXiW2_sid_YLXuurDAeYQaKiiuD7UK_1743542725.wav",Pam had a big day It was hear bɝtdeɪ Pam's hat was red She had a big cake Tim had a if: give for Pam It was in a bag Pat the cat sat by Pam Pam and Tim had fun ðeɪ: sang and klæp|t Hap Happy happy said Pam The sun e|t set Pam and pet p|at Pat nap,"Pam had a big day. It was her birthday! Pam's hat was red. She had a big cake. Tim had a gift for Pam. It was in a big bag. Pat, the cat, sat by Pam. Pam and Tim had fun. They sang and clapped. ""Happy, happy,"" said Pam. The sun set. Pam and Pat nap."
"/Users/liu.ying/University of Florida/Leite,Walter - Storiza Corpus Spring 2025/Storiza_Participant_Recording_05-30-25/uid_Om0JhZ6RmTNQ5wDLPHKIC3LtY4g2_sid_TWfFvKRseCHS844V1CEb_1741737067.wav",In the heart of the school Taraan kɛəɹə the kinder nurse sat at her dɛs She wore a smai a smart brike bɹaɪ|t s:kɑɹf and always hæ her cart fill with care kits One day ədʒeɪk who like to draw sar stɑɹ:z bɑɹdʒɫ with a dʒɑ dropped on his arm It wasn't hɑɹ but tɛəɹ was there with her tʃɑm Don't worry Jake it's just a little scar she said patting his arm gently with a pad She bændʒɪd it fæs and gave him a smile that could ligh light up ðəʔm dark θæŋ Tara biya|ke beamed like a star as he dart bat back to class Tara wave knowing shle she did her part anuh Another happy child and dʒʌs another day for the charming school nurse,"In the heart of the school, Tara the kind nurse sat at her desk. She wore a smart, bright scarf and always had her cart filled with care kits. One day, Jake, who liked to draw stars, barged in with a jar dropped on his arm. It wasn't hard, but Tara was there with her charm. ""Don't worry, Jake, it's just a little scar,"" she said, patting his arm gently with a pad. She bandaged it fast and gave him a smile that could light up the dark. ""Thanks, Tara!"" Jake beamed like a star as he darted back to class. Tara waved, knowing she did her part. Another happy child, and just another day for the charming school nurse."
"/Users/liu.ying/University of Florida/Leite,Walter - Storiza Corpus Spring 2025/Storiza_Participant_Recording_05-30-25/uid_ILoW3cdKuQPYK9GCBc6aoCHzooz2_sid_DgY2XxtkUEMBV3Z2dlwK_1742518688.wav",Unintelligible Sam a brave lad met a f:.flat bad bat  ba ba:d okay bat The bat sat on a mat Sam had a plan He got a can The bat əɹæn Sam was glad He had fun wɪf the bat The end,"Sam, a brave lad, met a fat bat. The bat sat on a mat. Sam had a plan. He got a can. The bat ran. Sam was glad. He had fun with the bat. The end."
"/Users/liu.ying/University of Florida/Leite,Walter - Storiza Corpus Spring 2025/Storiza_Participant_Recording_05-30-25/uid_ihIoefKsGwTDai7fGs9x3DyNvju2_sid_HdBPi4ofhPdCgvkijIIy_1742945079.wav",Lily Lily the little turtle lived by a gren|t|l|ee grɛntli stream She loved to wiggle through the grass and explorer One bright morning Lily s:um s:t t stumbled upon a purple pebble ɪ|t s:p.spɑrkəld in the sunlight and she fent flt felt a tinkle of excitement She design to carefully carefully the pebble to her friend to wɪsəl old ber:uh then bebəl kɹɔt and said the pe the pebble is a turtle təjɛðɚ they gill:erd ɛɹd found a special place to nest the pebble As the sun set sun set Lily found a warm tiny  happiness knowing her aʊhɪ had broken as  to her little world,"Lily the little turtle lived by a gentle stream. She loved to wiggle through the grass and explore. One bright morning, Lily stumbled upon a purple pebble. It sparkled in the sunlight, and she felt a tickle of excitement. She decided to carry the pebble to her friend, the wise old beetle. The beetle chuckled and said, ""This pebble is a treasure!"" Together, they giggled and found a special place to nestle the pebble. As the sun set, Lily felt a warm tingle of happiness, knowing her adventure had brought a new sparkle to her little world."
"/Users/liu.ying/University of Florida/Leite,Walter - Storiza Corpus Spring 2025/Storiza_Participant_Recording_05-30-25/uid_xxUUDYlSFESUIRvPTLDLReqO44G3_sid_Ghzut1tFF70il3mOLP49_1741822392.wav",One sunny day Claire decide to explore the fair by the sea She wore her favorite pair of sneakers and set off with her pet parrot b.bɛɚ preached on her ʃtoʊldɚ The fair was l:aɪ.|laɪvli bursting with cheerful sounds A bear on a tiny on a tiny bike begin to spin  əɹaʊn making everyone stare in ayw:ee Claire and Bear share a clear sweet cotton treat that made them cheer with delight As she they wonder Claire found an art stæn where the artist drew a ɹɛɚf intri|cayte m:i.mare The art was so vi:vide k.|klɛəɹ should Claire could hɑɹli t:ear her eyes away The ɑɹtɪs gave her a tear ʃeɪt stone as a m|m:en|mento Heading back Claire realized it was a day filled with rare dare momet She held Bear close feeling grateful for momet ðæ were as sweet as the fair air And so with her heart full of cheer Claire and Bear made their way hʌm s:shari stɔɹəz of the m:ɛɹ|ɪ|taɪm iksh eks:|caped with every step,"One sunny day, Claire decided to explore the fair by the sea. She wore her favorite pair of sneakers and set off with her pet parrot, Bear, perched on her shoulder. The fair was lively, bursting with cheerful sounds. A bear on a tiny bike began to spin around, making everyone stare in awe. Claire and Bear shared a clear, sweet cotton treat that made them cheer with delight. As they wandered, Claire found an art stand where the artist drew a rare, intricate mare. The art was so vivid, Claire could hardly tear her eyes away. The artist gave her a tear-shaped stone as a memento. Heading back, Claire realized it was a day filled with rare, dear moments. She held Bear close, feeling grateful for moments that were as sweet as the fair's air. And so, with her heart full of cheer, Claire and Bear made their way home, sharing stories of their maritime escapade with every step."
"/Users/liu.ying/University of Florida/Leite,Walter - Storiza Corpus Spring 2025/Storiza_Participant_Recording_05-30-25/uid_ZegJLYO9QiacSJTQWx7CWauRcQr1_sid_MK2ZbYFUxbcs66dzxj0n_1742611715.wav",Sally was excited It was ʌm the day of the big softball game She put on her soft ʌm red cap and joined her team on the field In the middle of the game Sally's Sally's friend Molly hit the ball high Run Molly run ɛvɹiʌn shouted Molly dashed around the bases her cheeks ʌm rose ʌm rosy with deth.del.ded death:ly delight delightly and The ball flew over the fence and the crowd cheered laʊli At the end of the game Sally's team won They all jumped with joy hugging each other tightly Sally felt proud and happy It was the best softball game she had ever pleɪt,"Sally was excited. It was the day of the big softball game. She put on her soft, red cap and joined her team on the field. In the middle of the game, Sally's friend Molly hit the ball high. ""Run, Molly, run!"" everyone shouted. Molly dashed around the bases, her cheeks rosy with delight. The ball flew over the fence, and the crowd cheered loudly. At the end of the game, Sally's team won. They all jumped with joy, hugging each other tightly. Sally felt proud and happy. It was the best softball game she had ever played."
"/Users/liu.ying/University of Florida/Leite,Walter - Storiza Corpus Spring 2025/Storiza_Participant_Recording_05-30-25/uid_CanxAhhjiePs6niCtdVzPqVIzXt1_sid_Bq59QeS2MunIuem6zTgo_1742766370.wav",Once upon a time a cat name Max lived in a cozy house Max had a fluffy teɪ and love to nap on the mat One day Max mɪn a new cat name Jack Jack lo load a re wore a red hat and liked u chat Together ðeɪ: sat on the mat and share snacks Max brought a small snack of fish w a small sack of fish and Jack had a pack of kɹækəz They munched apply: purring happily purring with delight As the sun set Max and Jack became bɛs p|ælz They promise to meet again the next day to play on the mæ And so ðɛ|ɚ fwɛndʃɪp ɡwu,"Once upon a time, a cat named Max lived in a cozy house. Max had a fluffy tail and loved to nap on the mat. One day, Max met a new cat named Jack. Jack wore a red hat and liked to chat. Together, they sat on the mat and shared snacks. Max brought a small sack of fish, and Jack had a pack of crackers. They munched happily, purring with delight. As the sun set, Max and Jack became best pals. They promised to meet again the next day to play on the mat. And so, their friendship grew."
"/Users/liu.ying/University of Florida/Leite,Walter - Storiza Corpus Spring 2025/Storiza_Participant_Recording_05-30-25/uid_u2hytH2KWIS6ewdShfEZisygqIo2_sid_IDo5kVmXWN4WBqrVawSn_1741140843.wav",Lila the mɝmeɪ loves visiting the dolphin store It was filled with shiny  tɹɪŋkləts What're trinklets keep going and treasures from the sea One day æ she swam close a friend dolphin named Dave sway waved his fin He helped Lila pick out a lovely shell Together they laughed and played æ the sun set Lila said Goodbye Dave I'll come back soon Swim away she felt happy to have such a fin|taskikal fɹɛnt,"Lila, the mermaid, loved visiting the dolphin store. It was filled with shiny trinkets and treasures from the sea. One day, as she swam close, a friendly dolphin named Dave waved his fin. He helped Lila pick out a lovely shell. Together, they laughed and played. As the sun set, Lila said, ""Goodbye, Dave! I'll come back soon."" Swimming away, she felt happy to have such a fin-tastic friend."
"/Users/liu.ying/University of Florida/Leite,Walter - Storiza Corpus Spring 2025/Storiza_Participant_Recording_05-30-25/uid_Sn3Nw7A3OmOkiMXEFjEyRusLuuo2_sid_OSrqQaYImDBlvo8DWKij_1741823054.wav",Aunt Sue and Shea took pæ:tʃ mhm mhm the dog to a fun catch kɑnt At the park Patch say: you keep (slightly unintelligible) going a bi: sees a big p|ætʃ of grass With a quick fɛt he  snætʃɪtə mhm the ball Shea l:uv|f|d loved and grabbed Patch a scratch on his back Aunt saʊ  what wasit (I) cannot tell you  cheered ɡɹæt catched pæt They emd ended the day with a treat a yummy batch of c|oo:|k cookies Shea smelled a patʃ you: də best fetcher,"Aunt Sue and Shea took Patch, the dog, to a fun catch contest. At the park, Patch saw a big patch of green. With a quick fetch, he snatched the ball. Shea laughed and gave Patch a scratch on his back. Aunt Sue cheered, ""Great catch, Patch!"" They ended the day with a treat, a yummy batch of cookies. Shea smiled, ""Patch, you're the best fetcher!"""
"/Users/liu.ying/University of Florida/Leite,Walter - Storiza Corpus Spring 2025/Storiza_Participant_Recording_05-30-25/uid_jWPmLFrSHDZItPTjjPUB8KAsjlq2_sid_wxade2TANAqG5I0nEqLn_1742588986.wav",Roy was a joyful boy who lived in a small town One day he found a toy boat by the lake Overjoyed he decided to join the other kids in a boat ɹe|ɪs on the pond As the toy boat sailed it brought Roy immense joy In the ɛn Roy's boat won the weh race and his joy went beyond measure He tʃɛɹɪst hit th:e this vikya|tory and the joy it bɹɔ|t him forever,"Roy was a joyful boy who lived in a small town. One day, he found a toy boat by the lake. Overjoyed, he decided to join the other kids in a boat race on the pond. As the toy boat sailed, it brought Roy immense joy. In the end, Roy's boat won the race, and his joy went beyond measure. He cherished this victory and the joy it brought him, forever."
"/Users/liu.ying/University of Florida/Leite,Walter - Storiza Corpus Spring 2025/Storiza_Participant_Recording_05-30-25/uid_tHP0GvI5hccNGBzYfgE2pkEHXiW2_sid_k23UwEyVvFJZPFemhezx_1743457124.wav",hæl: has a hat hiə hopes on the ice hæl: hits the puck he His hockey tiəm is happy He has f:ʌn as he skates fast hɛl is a is the hero of the team mæ|tʃ,Hal has a hat. He hops on the ice. Hal hits the puck. His hockey team is happy. He has fun as he skates fast. Hal is the hero of the match.
"/Users/liu.ying/University of Florida/Leite,Walter - Storiza Corpus Spring 2025/Storiza_Participant_Recording_05-30-25/uid_ihIoefKsGwTDai7fGs9x3DyNvju2_sid_rBoEZIAOq8OfRMrXzXC8_1743076731.wav",Jake has a cute dog name Stephanie stevy      why   Every day Jake and stɛv  like to ɹeɪsə Stephanie is fæs chasing æ fetching stick  with easily When the game is done Jake gives Stephanie a tɹi Stephanie sits and ɹægs his tail fih.feeling with proud ɛŋ gl| glee Every time Jake smaɪlɪʃ he feels happy to have his brave dog by his side At the end of the day Jake and Stephanie head Okay I can't read in my head Why  until the tree kəntɛn carefree,"Jake has a cute dog named Steve. Steve loves to play in the wide green yard. Every day, Jake and Steve like to race. Steve is fast, chasing and fetching sticks with ease. When the game is done, Jake gives Steve a treat. Steve sits and wags his tail, filled with pride and glee. Every time Jake smiles, he feels happy to have his brave dog by his side. At the end of the day, Jake and Steve rest under the tree, content and carefree."
"/Users/liu.ying/University of Florida/Leite,Walter - Storiza Corpus Spring 2025/Storiza_Participant_Recording_05-30-25/uid_tHP0GvI5hccNGBzYfgE2pkEHXiW2_sid_fmzUe4LBPLbr2KpTaDvx_1743456471.wav",Ed the deer sees ðə: ɹɛð pen He gets the pen Ed t|e|p|s teps steps The pen fell Ed i|l|s feels bad But then the pen pops up Ed is happy The ɛn,"Ed the deer sees the red pen. He gets the pen. Ed steps. The pen fell. Ed feels bad. But then, the pen pops up. Ed is happy! The end."
"/Users/liu.ying/University of Florida/Leite,Walter - Storiza Corpus Spring 2025/Storiza_Participant_Recording_05-30-25/uid_M3RVTGHWrAMCChSiCDrpejluqjQ2_sid_sfqObzhvO3itXnX1XMIO_1743016882.wav",Once upon a time in a small town there was a tʃaɪl name Sam who love McDonald's One day Sam discovered a discount kʌmlə while cleaning his room Excited he decided to use it and invited his friends Dan to join him At McDonald's Sam and Dan discussed the menu for a long time They both decided to order a delicious burger and crispy fry And As they waited they talked about their school in the fun they had during recess Smooth their order was ɹ:.ɹɛdi and they real:fye every bite enjoying the delight taste After their meal they laughed and played in the playground beside the restaurant hə day was filled with joy and læfɚ As the sun began to set it was time to go home They wave goodbye to the friendly staff promising to return s.|sun th:.the theh Their day at McDonald was ʌnfəɹməgəl for of discover and dɪlaɪ,"Once upon a time, in a small town, there was a child named Sam who loved McDonald's. One day, Sam discovered a discount coupon while cleaning his room. Excited, he decided to use it and invited his friend Dan to join him. At McDonald's, Sam and Dan discussed the menu for a long time. They both decided to order a delicious burger and crispy fries. As they waited, they talked about their school and the fun they had during recess. Soon, their order was ready, and they relished every bite, enjoying the delightful taste. After their meal, they laughed and played in the playground beside the restaurant. The day was filled with joy and laughter. As the sun began to set, it was time to head home. They waved goodbye to the friendly staff, promising to return soon. Their day at McDonald's was unforgettable, full of discovery and delight."
"/Users/liu.ying/University of Florida/Leite,Walter - Storiza Corpus Spring 2025/Storiza_Participant_Recording_05-30-25/uid_XmxSYUZAj4dRqSczt2clQkDf31M2_sid_wHC0iV2kngJNvbooPdeU_1742782139.wav",wʌnt eɪpɑn a time in a far cave living a dinosaur princess name Jade dʒeɪ love to ride her bike up the lɒ:ŋ mill to her home She laɪk|t to ju her time wisely ku and w.wʊd offer ɹi t.chess by the tea stee s:i Once deh One day made wih wild on the ride dʒeɪ met ma a mouse named Spike who lost ðəhɪz may Jade made Spike feel safe and gay and gave him some cake They rode back together and now best friends Ever ride was an ex:pier (experience) ənvɛntʃɚ from them from them They have fun side by side close friends forever Jade and Spike live happily ever after,"Once upon a time, in a far cave, lived a dragon princess named Jade. Jade loved to ride her bike up the long mile to her home. She liked to use her time wisely and would often read tales by the sea. One day, while on a ride, Jade met a mouse named Spike who lost his way. Jade made Spike feel safe and gave him some cake. They rode back together, now best friends. Every ride was an adventure for them. They had fun side by side, close friends forever. Jade and Spike lived happily ever after."
"/Users/liu.ying/University of Florida/Leite,Walter - Storiza Corpus Spring 2025/Storiza_Participant_Recording_05-30-25/uid_tHP0GvI5hccNGBzYfgE2pkEHXiW2_sid_0ozJFJTWJov6qw3mQ9j5_1743377835.wav",The big ɹɛ:d truck did spin ɛ:ənd zip It hit a big hill The kids in the smaɪl:z glad to win The big ring /l|i|f|t|tid/ lifnid lifted It did flips Did you see it said Tim ih I did sɛ:d his pal,"The big red truck did spin and zip. It hit a big hill. The kids in the smiles, glad to win. The big rig lifted. It did flips. ""Did you see it?"" said Tim. ""I did!"" said his pal."
"/Users/liu.ying/University of Florida/Leite,Walter - Storiza Corpus Spring 2025/Storiza_Participant_Recording_05-30-25/uid_Gt0cspsUtRSvEXXHZKUWlVAfyVq2_sid_CD1a9Qg1P29qYpv9NciL_1742606790.wav",In a læn where dɹæɡɪnʃ shopped for treat a store filled with wonders awaited Dragons wandered searching for shiny scale scwale scales to polish Some dragons were holding bæskɪtɬ collecting gold rings that shimmered under store lights Little flames danced as young dragon skipped along skipped along the aisles giggling sh The shelves were packed wɪs sparkling gems and delicious snacks dɹæɡɪz enjoyed browsing and good soon weɪt and soon they  wɚl lining up excitedly to carry their treasure home As the day ended happy dɹæɡɪnɬ flew out their wings flapping hearts f.fʊl of delight The store gla glowed in the evening mark.k another magical day,"In a land where dragons shopped for treats, a store filled with wonders awaited. Dragons wandered, searching for shiny scales to polish. Some dragons were holding baskets, collecting golden rings that shimmered under the store lights. Little flames danced as young dragons skipped along the aisles, giggling. The shelves were packed with sparkling gems and delicious snacks. Dragons enjoyed browsing, and soon, they were lining up, excited to carry their treasures home. As the day ended, happy dragons flew out, their wings flapping, hearts full of delight. The store glowed in the evening, marking another magical day."
"/Users/liu.ying/University of Florida/Leite,Walter - Storiza Corpus Spring 2025/Storiza_Participant_Recording_05-30-25/uid_ECPqsmdUcMhqkJwXAfhhs3XTgoa2_sid_4gZB1gGVwNVq0ZADHcVo_1741643714.wav",In a In the land of maps and globes lived test Tess Tess loved twiz lakes and hills her best treasures She often dreamt of travel and travel thinking of places with names that bring smiles cities and villages and bridges and place and palaces Each day Tess faʊn new places in her mab book like i.island wit beaches or high towers where wind sings One day Tess decided to explore wɪt her map anduh and compass she went to she went to find new wonders She walk tɹu twiz and reached a hill wɪt many rocks and pwɛbəlz Near the top Tess spotted a new surprise hidden nest wit twi ɛks a sign of lie saw so small yet vast Tess was Tess vas tə.θɹɪld She knew she'd always how more joys to discover it in land full of m:ap maps and dreams dæt night Tess slept wɪt a heart ʌ heart full ʌvz places ʃud love to see once more,"In the land of maps and globes, lived Tess. Tess loved trees, lakes, and hills ¨C her best treasures. She often dreamt of travel, thinking of places with names that bring smiles: cities and villages with bridges and palaces. Each day, Tess found new places in her map book, like islands with beaches or a high tower where the wind sings. One sunny day, Tess decided to explore. With her maps and compass, she went to find new wonders. She walked through the trees and reached a hill with many rocks and pebbles. Near the top, Tess spotted a new surprise: a hidden nest with three eggs, a sign of life so small yet vast. Tess was thrilled. She knew she'd always have more joys to discover in lands full of maps and dreams. That night, Tess slept with a heart full of places she'd love to see once more."
"/Users/liu.ying/University of Florida/Leite,Walter - Storiza Corpus Spring 2025/Storiza_Participant_Recording_05-30-25/uid_ZegJLYO9QiacSJTQWx7CWauRcQr1_sid_mQnLtb1R9vlOkUe24Ezq_1742612005.wav",Once in a sunny grove a lil ɑlv tree named Ollie ʌm grew His leaves loved ʌm to dance in the warm breeze One day Ollie heard a d a dove sɪŋɪn above I wish I kə fly Ollie s ʌm sighed The wise old owl nearby overhead him Olive trees don't fly the owl hu|tɪd k ʌm kaɪn|dli but you provide shade and olives for all Ollie s: ʌm smiled reeling realizing his ɡɪf As the sun set the dove kəhutəd a soft lullaby and Ollie felt proud He might not fly but in his own way he was special,"Once in a sunny grove, a little olive tree named Ollie grew. His leaves loved to dance in the warm breeze. One day, Ollie heard a dove singing above. ""I wish I could fly,"" Ollie sighed. The wise old owl nearby overheard him. ""Olive trees don't fly,"" the owl hooted kindly, ""but you provide shade and olives for all."" Ollie smiled, realizing his gift. As the sun set, the dove cooed a soft lullaby, and Ollie felt proud. He might not fly, but in his own way, he was special."
"/Users/liu.ying/University of Florida/Leite,Walter - Storiza Corpus Spring 2025/Storiza_Participant_Recording_05-30-25/uid_4w6SC0KmlKV4YmJTalgWiZalQHi2_sid_316TtP9ktIPYclmSqdKR_1742509400.wav",The cheetah was the fɑsɪst animal in the savannah It had sharp claws and a beautiful spɑtid coat One day the cheetah was wʌniŋ through the tall grass when z it spotted a rabbit It quickly praʊnst and caught the rabbit in its jaws and the cheetah enjoyed its meal it hɚ:d it heard a rustling ɹʌslɪŋ in the bushes It kɑ|keɪ cautiously kɑʃəli əpoʊtʃt and saw a pack of hyenas trying toʊ: tɹaɪɪŋ toʊ steal its meal The cheetah knew ɪ|t needed to attack fast and use to act fas and use it its intelligence I look at this one boo a a gi giliance agility agility to outsmart a hee:nas It sprinted əweɪ: leaving the hyenas with the dust The cheetah's pid and kʌ:nɪ:ŋ an saved its meal and kʌn had had save its mi:l and protected self The other animals in the savannah were amazed by the cheetah's quick thinking and ətɜlodʒɪtis agility ədʒɪlətis They knew they could always count on the cheetah to difɛn them from danger and that day ɑn From that day on the cheetah became known as the protector of the savannah Its swift mo mo:vement and sharp sɛn|sɪz kept everyone safe The other animals look up to the cheetah as æbɪɹəh a:m|m:r.rd ædmɪrɚd a|b admired admire its speed grace and courages courage kɝidʒ The e The end,"The cheetah was the fastest animal in the savannah. It had sharp claws and a beautiful spotted coat. One day, the cheetah was running through the tall grass when it spotted a rabbit. It quickly pounced and caught the rabbit in its jaws. As the cheetah enjoyed its meal, it heard a rustling in the bushes. It cautiously approached and saw a pack of hyenas trying to steal its meal. The cheetah knew it needed to act fast and used its agility to outsmart the hyenas. It sprinted away, leaving the hyenas in the dust. The cheetah's speed and cunning had saved its meal and protected itself. The other animals in the savannah were amazed by the cheetah's quick thinking and agility. They knew they could always count on the cheetah to defend them from danger. From that day on, the cheetah became known as the protector of the savannah. Its swift movements and sharp senses kept everyone safe. The other animals looked up to the cheetah and admired its speed, grace, and courage. The end."
"/Users/liu.ying/University of Florida/Leite,Walter - Storiza Corpus Spring 2025/Storiza_Participant_Recording_05-30-25/uid_jWPmLFrSHDZItPTjjPUB8KAsjlq2_sid_7SPTn4kcDnVulcWfBGRR_1743880682.wav",In a lush green meadow lived a brave mouse named Dale He loved to explore fields and valleys One bright day he trotted beyond the hill and spotted a Nearby gentle deer named Dawn tr:ɒtɪd over Dale Dale waved hoping for a friend Hi Dawn hoʊ.hutɪd Dale Want to leap and play Dawn agreed her eyes twɪŋklɪŋk They bounced and læf|t chasing their shadows sʌdntli they heard a rustle It was a sly owl perched onto a branch tʃ.kən I join he hooted kaɪnli Together they dance ʌntɜl sunset then waved goodbye promising to mi again Their new bond brightened the meadow,"In a lush, green meadow lived a brave mouse named Dale. He loved to explore fields and valleys. One bright day, he trotted beyond the hill and spotted a pond. Nearby, a gentle deer named Dawn trotted over. Dale waved, hoping for a friend. ""Hi, Dawn!"" hooted Dale,""Want to leap and play?"" Dawn agreed, her eyes twinkling. They bounced and laughed, chasing their shadows. Suddenly, they heard a rustle. It was a sly owl perched on a branch. ""Can I join?"" he hooted kindly. Together, they danced until sunset, then waved goodbye, promising to meet again. Their new bond brightened the meadow."
"/Users/liu.ying/University of Florida/Leite,Walter - Storiza Corpus Spring 2025/Storiza_Participant_Recording_05-30-25/uid_ihIoefKsGwTDai7fGs9x3DyNvju2_sid_HMsBuxpOsV8YfgXpPc0G_1742773567.wav",A cat sat on a mat The cat saw a rat The rat ran fast The cat didit did nap A bat flew pas The bat saw a flæt hat The hat ʌm was tan ðɜn ʌm sun sɛ All was still The cat rat and bat were glad,"A cat sat on a mat. The cat saw a rat. The rat ran fast. The cat did nap. A bat flew past. The bat saw a fat hat. The hat was tan. The sun set. All was still. The cat, rat, and bat were glad."
"/Users/liu.ying/University of Florida/Leite,Walter - Storiza Corpus Spring 2025/Storiza_Participant_Recording_05-30-25/uid_22lbfrTq0OP1g1mwv7RZwXUl6eW2_sid_GN8Xnyex9q38jg9aH8fB_1741390669.wav",Jack loved baseball He played every day after school One bright day Jack grabbed his bat and ran to the field His friend neɪ.neɪt was watching with a ball and a huge grin They took turns batting each hit enjoying with a sa|fee crack Jack's turn came again ɜd he hit the ball high into the sky It sailed past the trees landing right on the base It was a home run Jack's and Nate cheered and clap thrilled at the day's game As the sun set they packed up  to play again tomorrow,"Jake loved baseball. He played every day after school. One bright day, Jake grabbed his bat and ran to the field. His friend, Nate, was waiting with a ball and a huge grin. They took turns batting, each hit echoing with a satisfying ""crack!"" Jake's turn came again, and he hit the ball high into the sky. It sailed past the tree, landing right on the base. It was a home run! Jake and Nate cheered and clapped, thrilled at the day's game. As the sun set, they packed up, eager to play again tomorrow."
"/Users/liu.ying/University of Florida/Leite,Walter - Storiza Corpus Spring 2025/Storiza_Participant_Recording_05-30-25/uid_vrDD6j0aEnQfytObzHmMJYKTeFf2_sid_4vWA3DF2NUWsIyZHlX8u_1743005920.wav",ɡɪd was a young l|æd lad who dr|ee dream of being the president One sunny day he h.hi put on his bɛs red cap and m|est m|et met his fɹɛn Gus They st.st|ɑɾt stowed stoʊd on a big log in the yard and give speech pi. speeches each tacking tacking t|ɝ|nz tɝ|n|z turns Gus and Gil had a  fun  where each m.m meting got to play president for a day Today it was gɪl|s Gil's tɜ|ɹn His job was to play a fun run and make stories everyone enjoyed the day With a jump and a ɡɹ|ɪn ɡɹ|ɪn grin Gil did it did hɪ best as president and the kib had a bast,"Gil was a young lad who dreamt of being the president. One sunny day, he put on his best red cap and met his friend Gus. They stood on a big log in the yard and gave speeches, each taking turns. Gus and Gil had a fun club where each member got to play president for a day. Today, it was Gil's turn. His job was to plan a fun run and make sure everyone enjoyed the day. With a jump and a grin, Gil did his best as president, and the club had a blast."
"/Users/liu.ying/University of Florida/Leite,Walter - Storiza Corpus Spring 2025/Storiza_Participant_Recording_05-30-25/uid_EfKQNmht2ebtDnNadrezErlhcDF3_sid_BYCoT5b02IreYi4dCGrh_1743544924.wav",The bell rang the kids ran to the yard Jake and Mia played with a ball trying to toss it far Look at it soar Mia said Sam dʒ.dʒɔɪnd in æ|n:d they all ran fast feeling the wind and they sat into sat they sat t.tu rest under the  tree Let's do this more often Sam said with a smile the bell rang again s.sɪgnəliŋ the end Time to go: Jake sighed signed but they were happy their hearts full of joy The day was bright like their smiles as they walked back they promised to make every recess as fun as tudaɪ̰,"The bell rang, and kids ran to the yard. Jake and Mia played with a ball, trying to toss it far. ""Look at it soar!"" Mia said. Sam joined in and they all ran fast, feeling the wind. Then, they sat to rest under a big tree. ""Let's do this more often,"" Sam said with a smile. The bell rang again, signaling the end. ""Time to go,"" Jake sighed, but they were happy, their hearts full of joy. The day was bright, like their smiles. As they walked back, they promised to make every recess as fun as today."
"/Users/liu.ying/University of Florida/Leite,Walter - Storiza Corpus Spring 2025/Storiza_Participant_Recording_05-30-25/uid_M3RVTGHWrAMCChSiCDrpejluqjQ2_sid_J3DTSl0s0xBwSzdlZEZW_1742137192.wav","""oh"" Matt Tim and Ann found a snack What is the snack æs Matt Tim wanted tə check He pulled out a map Look at map Tim said and Tim wanted to check He pulled out a map Look at the map Tim said Ann jumped and clapped her hands Next Matt pulled out a cap A yellow cap he laughed Ann a.ah duh Ann dug in and got a fan It's red she grinned They sat a circle and looked at the map The map will help us said Tim Where will we go first Ann asked Matt pointed pointed to the spot Here's the big red oak he said The the pa the æni set off an and set off The sun was hot and cap kept Matt cool wæn kept Ann chilled To help the map t|ai  Tim held the map tight They stopped a pond a pond a pond was cool They jiggle jiggled as they fall frogs hoped back the end of the Dale were glad What wʌ fun fun day s.sɛd Ann They walked back with s.smaɪlz ready to go tell tales of ðə.ðɛɚ grand adventure","Matt, Tim, and Ann found a sack. ""What is in the sack?"" asks Matt. Tim wanted to check. He pulled out a map. ""Look, a map!"" Tim said. Tim wanted to check. He pulled out a map. ""Look, a map!"" Tim said. Ann jumped and clapped her hands. Next, Matt pulled out a cap. ""A yellow cap!"" he laughed. Ann dug in and got a fan. ""It is red,"" she grinned. They sat in a circle and looked at the map. ""The map will help us,"" said Tim. ""Where will we go first?"" Ann asked. Matt pointed to a spot. ""Here, next to the big red oak,"" he said. Then, they packed the sack and set off. The sun was hot. The cap kept Matt cool. The fan kept Ann chilled. Tim held the map tight. They stopped at a pond. The pond was cool. They giggled as the frogs hopped. By the end of the day, they were glad. ""What a fun day,"" said Ann. They walked back with smiles, ready to tell tales of their grand adventure."
"/Users/liu.ying/University of Florida/Leite,Walter - Storiza Corpus Spring 2025/Storiza_Participant_Recording_05-30-25/uid_l10DBTU0vaSPzKuDElOBDPPpe2H3_sid_0P0AdunCY6C2VJLuhOSH_1742248690.wav",Lilly who loved gymnastics She practiced flips and tricks every day One sunny æftɚnun.n.n she went to the tʃɪm with her bɛs friend  They stretched on the thick mats ready for fun Lilly tried a backflip and landed with a big fun thud Oops she giggled brush off the dust Rick clapped cheered her on nɛks ɹ.ɹɪk swung on the rings spinning like a spinning like a top He felt dizzy but happy After practice they sat with their coach Miss Kim She smiled and said Great job kids Lilly and ɹ.ɹɪk ɡɹ:ɪnd knowing they had done their bɛs Gymnastics was thrilling,"Lilly loved gymnastics. She practiced flips and tricks every day. One sunny afternoon, she went to the gym with her best friend, Rick. They stretched on the thick mats, ready for fun. Lilly tried a backflip and landed with a big thud. ""Oops!"" she giggled, brushing off the dust. Rick clapped, cheering her on. Next, Rick swung on the rings, spinning like a top. He felt dizzy but happy. After practice, they sat with their coach, Miss Kim. She smiled and said, ""Great job, kids!"" Lilly and Rick grinned, knowing they had done their best. Gymnastics was thrilling!"
"/Users/liu.ying/University of Florida/Leite,Walter - Storiza Corpus Spring 2025/Storiza_Participant_Recording_05-30-25/uid_tHP0GvI5hccNGBzYfgE2pkEHXiW2_sid_tauN5MkJSXHrjKIHsYkM_1743377469.wav",pæ:m the poʊlə bear had ə.e:ɪ tæ:n b|l|a|ck bla:t bla:t blanky: She sat by a kuwl pond and had a nap Pat the penguin penwuh came and c|l|a|p|d clapped his hands Can I nap too he asked Pam said Yes They sat and had fun at the pond ɡlæ:d for the s.s.ʌn and a nap,"Pam the polar bear had a tan blanket. She sat by a cool pond and had a nap. Pat the penguin came and clapped his hands. ""Can I nap too?"" he asked. Pam said, ""Yes!"" They sat and had fun at the pond, glad for the sun and a nap."
"/Users/liu.ying/University of Florida/Leite,Walter - Storiza Corpus Spring 2025/Storiza_Participant_Recording_05-30-25/uid_0FdMSMtn95PJ9tLFeW3F4sFLPMh1_sid_T5VCoUAXaeXMTbSB2cPN_1743043588.wav",In the jungle there lived a gup of playful tigers Each tiger wore stripes their coats shining bright They loved to run through the trees and splash in the streams One day they found some boxes filled with toys The tigers looked turns jumping and pleɪɪŋg.ɪŋg with the toys As the sun set they returned to their cozy den tails wagging with joy The jungle echoed wɪθə their happy laughs as they rested dreaming of more fun tomorrow The nɛks morning the dʒʌŋɡəls buzzed with excitement The tigers wer: The tigers were getting ready for another day of adventure with their friends,"In the jungle, there lived a group of playful tigers. Each tiger wore stripes, their coats shining bright. They loved to run through the trees and splash in the streams. One day, they found some boxes filled with toys. The tigers took turns jumping and playing with the toys. As the sun set, they returned to their cozy den, tails wagging with joy. The jungle echoed with their happy laughs as they rested, dreaming of more fun tomorrow. The next morning, the jungle buzzed with excitement. The tigers were ready for another day of adventures with their friends!"
"/Users/liu.ying/University of Florida/Leite,Walter - Storiza Corpus Spring 2025/Storiza_Participant_Recording_05-30-25/uid_aKXkeU8QguUwr1lDK1mxXri9hqN2_sid_gbbMMkjwQ3IIargLKNV0_1741732628.wav",In a distant land an ælkɔɹn named Fern soared over the forest Her wings shimmered under the sun casting a rainbow arf arc As she days r.raised she found a hidden arch in the trees leading t a secret garden In this se|nse spot Fern m|ɛ|t a herd of unicorns Together they danced and twinkled and twirled celebrating their world When dusk əɹaɪd Fern promised t return Her heart full she flew home imɪŋ of the next ɪgvɛntʃɚ,"In a distant land, an alicorn named Fern soared over the forest. Her wings shimmered under the sun, casting a rainbow arc. As she glided, she found a hidden arch in the trees, leading to a secret garden. In this serene spot, Fern met a herd of unicorns. Together, they danced and twirled, celebrating their world. When dusk arrived, Fern promised to return. Her heart full, she flew home, dreaming of the next adventure."
"/Users/liu.ying/University of Florida/Leite,Walter - Storiza Corpus Spring 2025/Storiza_Participant_Recording_05-30-25/uid_TzE1wYChYkTUAVNeVtZjXuO8cBi2_sid_VhyvjW8RtTDOfLNA6ZuZ_1743435016.wav",In a joyful town lived a boy named Roy Roy loved to play with his toy train One Sunday Roy joined his fɹɛn Doyle for an afternoon of fun They decided to build a tiny fort from foil and blocks they they toiled with juh with joy an(d) Roy found a shiny coin near the soil Excited he showed tu she he showed it to d.dɔɪl and then and they imagined it was a pirate treasure As the sun began to set bo the boys' day of joy ended Roy and Doyle pɑmɪst to return and explore more adventures kipɪn the spirits bright with joy,"In a joyful town lived a boy named Roy. Roy loved to play with his toy train. One sunny day, Roy joined his friend Doyle for an afternoon of fun. They decided to build a tiny fort from foil and blocks. As they toiled with joy, Roy found a shiny coin near the soil. Excited, he showed it to Doyle, and they imagined it was pirate treasure. As the sun began to set, the boys' day of joy ended. Roy and Doyle promised to return and explore more adventures, keeping their spirits bright with joy."
"/Users/liu.ying/University of Florida/Leite,Walter - Storiza Corpus Spring 2025/Storiza_Participant_Recording_05-30-25/uid_EfKQNmht2ebtDnNadrezErlhcDF3_sid_QXLPyE3O9OLjhb4NwTVz_1741215060.wav",The morning sun ʃ:oʊn warmly on Clara's first day of school Clara wore wore her bɹæn new uniform and held her mom's hand as they walked toward the school h.ha Her heart thumped Her with both fear and excitement In the classroom Clara found her seat filɪn more ease as her teacher smiled During recess she enjoyred new friends on the playground they laughed ran and explored together But the end of the day Clara was proud of the new friends she had made Her bɝiz faded as she looked forward to returning the next day exp to explore more,"The morning sun shone warmly on Clara's first day of school. Clara wore her brand new uniform and held her mom's hand as they walked toward the school door. Her heart thumped with both fear and excitement. In the classroom, Clara found her seat, feeling more at ease as her teacher smiled. During recess, she joined new friends on the playground; they laughed, ran, and explored together. By the end of the day, Clara was proud of the new friends she had made. Her worries faded, and she looked forward to returning the next day to explore more."
"/Users/liu.ying/University of Florida/Leite,Walter - Storiza Corpus Spring 2025/Storiza_Participant_Recording_05-30-25/uid_CjlD9aGvoSfMhsnUwRIQlMr4IFp1_sid_6EBd92Man5qPw2exIy9j_1742008451.wav",Need Ned had a red pet fish Ned fed the fish everywhere every day One day the fish met another fish They swam and played until the sun set Ned's red fish pet slept s:ung snun:g snug l:et's it in its bed,"Ned had a red pet fish. Ned fed the fish every day. One day, the fish met another fish. They swam and played until the sun set. Ned's red pet slept snug in its bed."
"/Users/liu.ying/University of Florida/Leite,Walter - Storiza Corpus Spring 2025/Storiza_Participant_Recording_05-30-25/uid_l10DBTU0vaSPzKuDElOBDPPpe2H3_sid_UXmFvM0sP6oqoju4OD80_1742653424.wav",Once upon a time in a small town there was a group of third grade girls named Lily Grace and Claire They were best f: friends and did everything todeh together One sunny Saturday they decided to go to the movies to see a film about a bray pin princess and her magical journey In the morning they met at Lily's house ɪks:aɪtɪd and giggling Lily's mom drove them to the theaters On the way they talked about their favorite parts of the læs movie they saw and what snacks they would buy this time When they arrived at the theater When they arrived at the theater wa When they arrived the theater was bʌs:əlɪŋ with people The girls heh held hands so they wouldn't get separated Grace pointed to the big poster with the princess on it and they all s and they all squealed with delight Inside they went straight to the snack core counter Claire chose a box of popcorn Lily picked a sweet chocolate bar and Grace grabbed a pack of gummy bears They headed to the scree to screen three where their movie was showing The theater was dark and the seats were comfy As the movie began they watched the princess travel through foress and maʊnsnz meeting friendly aminals animals and overcoming challenges The girls loved the colorful scenes and the funny characters When the movie had ended they clapped happily It was the best movie they had ever seen On the way home they chatted about their favorite parts Lily l:ʌvd Lily love the princess's encourage courage Grace adored the magical animals and Grace couldn't stop talking about the beautiful music Back at home they promised to have another movie day soon They hugged and said goodbye knowing they'd always have each other for fun adventures And with that three And with that the three friends went to bed dreaming of their own magical journeys,"Once upon a time, in a small town, there was a group of third-grade girls named Lily, Grace, and Claire. They were the best of friends and did everything together. One sunny Saturday, they decided to go to the movies to see a film about a brave princess and her magical journey. In the morning, they met at Lily's house, excited and giggling. Lily's mom drove them to the theater. On the way, they talked about their favorite parts of the last movie they saw, and what snacks they would buy this time. When they arrived, the theater was bustling with people. The girls held hands so they wouldn't get separated. Grace pointed to the big poster with the princess on it, and they all squealed with delight. Inside, they went straight to the snack counter. Claire chose a box of popcorn, Lily picked a sweet chocolate bar, and Grace grabbed a pack of gummy bears. They headed to screen three, where their movie was showing. The theater was dark, and the seats were comfy. As the movie began, they watched the princess travel through forests and mountains, meeting friendly animals and overcoming challenges. The girls loved the colorful scenes and the funny characters. When the movie ended, they clapped happily. It was the best movie they had ever seen! On the way home, they chatted about their favorite parts. Lily loved the princess's courage, Grace adored the magical animals, and Claire couldn't stop talking about the beautiful music. Back at home, they promised to have another movie day soon. They hugged and said goodbye, knowing they'd always have each other for fun adventures. And with that, the three friends went to bed, dreaming of their own magical journeys."
"/Users/liu.ying/University of Florida/Leite,Walter - Storiza Corpus Spring 2025/Storiza_Participant_Recording_05-30-25/uid_d4lLmJzVbJaLpyCuafResXOry3t2_sid_hbmmfiDEZKXiVCftbZpM_1741968872.wav",In a l:ʌʃ green forest a deer named Fred fɹɛd lived Fred trot around the woods nibbling on fresh leaves One day Fred spotted a pond glittering in the sunlight He was thrilled to: He was thrilled s:oʊ he pranced to the w:ɑtərs edge At the pond Fred dips his head tih and drank Suddenly he noticed his reflection and got s:tɑɹtld Who is that he wondered bækɪnɪŋɡ away Then he realized it was just his own imagine and felt rel relaxed Fred counte:|d counted visiting the pond each day He loved the clam water and ɡlu fond of his new forest friend his reflection,"In a lush green forest, a deer named Fred lived. Fred trotted around the woods, nibbling on fresh leaves. One day, Fred spotted a pond glittering in the sunlight. He was thrilled, so he pranced to the water's edge. At the pond, Fred dipped his head and drank. Suddenly, he noticed his reflection and got startled. ""Who is that?"" he wondered, backing away. Then he realized it was just his own image and felt relaxed. Fred continued visiting the pond each day. He loved the calm water and grew fond of his new forest friend, his reflection."
"/Users/liu.ying/University of Florida/Leite,Walter - Storiza Corpus Spring 2025/Storiza_Participant_Recording_05-30-25/uid_Gt0cspsUtRSvEXXHZKUWlVAfyVq2_sid_qHzKNFpdgsms0EFSXokQ_1742606923.wav",Charley is the little go with freckles love toys She sees toys in a in boxes she wishes for them all She asked train dolls train She ask for trains dolls and junglit jungle of zoo animals hə mɑ s: smiled and said Charley you must choose Charley thinks and decides to pɪ the best one She picks cars dolls and s and a set of dishes Her mom adds These are your choices Charley beamed with delight her heart filled with joy She hugged her mom and thanked her tʃɑrliz Charley's room now had toys that she loved to share and play with every day,"Charley, the little girl with freckles, loves toys. She sees toys in boxes and wishes for them all. She asks for trains, dolls, and a jungle of zoo animals. Her mom smiles and says, ""Charley, you must choose!"" Charley thinks and decides to pick the best ones. She picks cars, dolls, and a set of dishes. Her mom adds, ""These are your choices!"" Charley beams with delight, her heart filled with joy. She hugs her mom and thanks her. Charley's room now has toys that she loves to share and play with every day."
"/Users/liu.ying/University of Florida/Leite,Walter - Storiza Corpus Spring 2025/Storiza_Participant_Recording_05-30-25/uid_d4lLmJzVbJaLpyCuafResXOry3t2_sid_bGZC5cTZ6ZnZ4YekSnZp_1741968579.wav",The penguin wɑdəl ðə penguins waddled on the ice They dance and prance in a happy place One penguin finds a place of ruh|rishe He shares it with his friends with great ɡ|gɹeɪs As the sun sets the brace of the of a n:aɪs sleep The penguins closed their eyes and rest in place,"The penguins waddle on the ice. They dance and prance in a happy place. One penguin finds a piece of rice. He shares it with his friend with great grace. As the sun sets, they brace for a nice sleep. The penguins close their eyes and rest in peace."
"/Users/liu.ying/University of Florida/Leite,Walter - Storiza Corpus Spring 2025/Storiza_Participant_Recording_05-30-25/uid_ihIoefKsGwTDai7fGs9x3DyNvju2_sid_7NWbCDabsGlPeGozMkbD_1742504373.wav",Finn was excited He played soccer heh wə plain caha then with his friends then The sun wʌ:s shining æ:|nd everyone was smiling The b The ba:lb waɪʃ wɪfli cross the  grass fɪnə was  cash up wəθ the ball who kɛkt it m and it s hi:ghh ləndən into the the net ɡo:ʊl his friends cheer laughing your hands Finn was behave with joy feeling like a tʃæmpiaɪ After the game Finn and ɪʒ friends sat under a big green a big tree ta talking and laughing həðeɪ were pl planning to have another sɑkə game nɛks week ɪmædʒɪnɪ new movies əh fine timing ,"Finn was excited. He was playing soccer with his friends. The sun was shining, and everyone was smiling. The ball was bouncing swiftly across the green grass. Finn was sprinting, catching up with the ball. He kicked it mightily, and it sailed high, landing into the net. ""Goal!"" his friends cheered, clapping their hands. Finn was beaming with joy, feeling like a champion. After the game, Finn and his friends sat under a big tree, talking and laughing. They were planning to have another soccer game next weekend, already imagining new moves and fun times ahead."
"/Users/liu.ying/University of Florida/Leite,Walter - Storiza Corpus Spring 2025/Storiza_Participant_Recording_05-30-25/uid_ZegJLYO9QiacSJTQWx7CWauRcQr1_sid_kC3lMOhfx8ZjMQ5HUsiC_1742611818.wav",Max sɪ dog loved to dig Every day he would dig in the garden searching for something big One sunny mornih morning Max found a big red ball bur ʌm buried in the dirt Excite Excited he wagged his tail and barked loudly His friend Lily ran to see what Max had found Together they play wɪt the ball tossing it high and chasing it əɹaʊnt ʌm As the sun be began to ʌm s:eh ʌm set Max and Lily lay in the grass tired b ʌm but happy Max realized that digging had led him to a fun day with his best friend It was the best day ever,"Max the dog loved to dig. Every day, he would dig in the garden, searching for something big. One sunny morning, Max found a big red ball buried in the dirt. Excited, he wagged his tail and barked loudly. His friend, Lily, ran to see what Max had found. Together, they played with the ball, tossing it high and chasing it around. As the sun began to set, Max and Lily lay in the grass, tired but happy. Max realized that digging had led him to a fun day with his best friend. It was the best day ever."
"/Users/liu.ying/University of Florida/Leite,Walter - Storiza Corpus Spring 2025/Storiza_Participant_Recording_05-30-25/uid_OtcDpDEzSOUb5LMT2xljtrgVWe22_sid_HeUigmOHE5Y2QQbSc5dR_1741650006.wav",go Max and s:æm v: a:|v h.ha.|a have a cat n:|am nam z:|ah Zap Zap in: ɪz: a f:a|s:t fast cat She l|ick lick|s to n:|æp n:æp in the w|a.|a|r|m: w:ahrm that's a hard huh warm warm s:uh sun ah|n: (on) on on One One day zæ|p m:a|t m:|ɛt met a dih|duh  b:|ɪg big ɹ:|æ|t rat z:|æp Zap and the ɹ|æ|t rat ɹ:|æn ran on the m:|æ|t mat  They h|æd had f:|ʌn fun d|un|t dunt t|h th|en then mhm goa|t got got t|ih|r:d tiered tired tired Zap s.z.s|at zat or zit s s:it sat w:|ilth wilth th with the ɹ:|æ|t rat ən they had a n:|i|k nih  say its name n|i|k n:|aik n:aik en n:|æ:p nap  h|uh:|nd und under the sun,"Max and Sam have a cat named Zap. Zap is a fast cat. She likes to nap in the warm sun. One day, Zap met a big rat. Zap and the rat ran on the mat. They had fun but then got tired. Zap sat with the rat, and they had a nice nap under the sun."
"/Users/liu.ying/University of Florida/Leite,Walter - Storiza Corpus Spring 2025/Storiza_Participant_Recording_05-30-25/uid_jWPmLFrSHDZItPTjjPUB8KAsjlq2_sid_UebF5uJBSnxqjv2qv7BM_1742046137.wav",In the land of Mystigal Kingdom Princess Lila love gymasticsh She watched kittens tumble and dream of unicorns prancing One day ʃi: saw a small ditch What a spot to teach my kittens to jump She fetched her magical wand and waved it As the kittens began to jump they stumbled on the ledge and a dʒɛntə unicorn appeared o:ʊ princess let me guide them the unicorn said With a twinkle of magic the kittens leapt with grace and dʒaɪ By the end of the day the kittens learned to dance and dʒʌm|p The princess smiled a and watched them prance and twirl Thank you dear unicorn Lila said with a heart full of glee From that day the kingdom echoed with laughter of the kittens and and the grace of a dancing princess,"In the land of Mystical Kingdom, Princess Lila loved gymnastics. She watched kittens tumble and dream of unicorns prancing. One day, she saw a small ditch. ""What a spot to teach my kittens to jump!"" Lila said. She fetched her magical wand and waved it. As the kittens began to jump, they stumbled on the ledge, and a gentle unicorn appeared. ""Oh, princess, let me guide them,"" the unicorn said. With a twinkle of magic, the kittens leapt with grace and joy. By the end of the day, the kittens learned to dance and jump. The princess smiled as she watched them prance and twirl. ""Thank you, dear unicorn,"" Lila said, heart full of glee. From that day, the kingdom echoed with the laughter of kittens and the grace of a dancing princess."
"/Users/liu.ying/University of Florida/Leite,Walter - Storiza Corpus Spring 2025/Storiza_Participant_Recording_05-30-25/uid_FojhPyqH69TyqkGfzc6ZwW0tn2C2_sid_MZXCxGtW5st5dLkCO1q8_1741737208.wav",In a lab a clever robot named Tess buzzes about Her Her task in is to s:or boxes into neat piles Tess presses each button with precise taps sʌmtaɪmʃ she messes up and boxes tumble But Tess never stresses Instead she essen əsɪmz Idun (I don't) know  keep going thuhm: the mess fixes it and carries on Her kir|kehey glea gleamed as she pr.pross process her success When də work ends Tess rests on a shelf feeling blessed Her friend Jess another robot joins her for quiet chats as darkness envelopes də  lab Together they wɑtʃθ the s|tɑɹz twinkle through the window dreaming of more tasks and adventures,"In a lab, a clever robot named Tess buzzes about. Her task is to sort boxes into neat piles. Tess presses each button with precise taps. Sometimes she messes up, and boxes tumble. But Tess never stresses. Instead, she assesses the mess, fixes it, and carries on. Her circuits gleam as she processes her success. When the work ends, Tess rests on a shelf, feeling blessed. Her friend Jess, another robot, joins her for quiet chats as darkness envelops the lab. Together, they watch the stars twinkle through the window, dreaming of more tasks and adventures."
"/Users/liu.ying/University of Florida/Leite,Walter - Storiza Corpus Spring 2025/Storiza_Participant_Recording_05-30-25/uid_0FdMSMtn95PJ9tLFeW3F4sFLPMh1_sid_X19DlwS3B4SOtR90cYJB_1743128893.wav",A silky chicken neɪmdə s:ɪlki lɪvəd on a small farm Silky loved to peek around the farmyard looking for seeds Her feathers were soft and special because they they they ʃoʊnɪ in the sunlight like silky θwɛdz One day as Silky wandered near the pond she saw a new friend It was a frog hopping across the green grass Silky clucked with joy Hello Frog What bɪŋz you here Frog replied I am here to find a sunny spot ot to wɛst and catch some flies  Silky and Frog spent the day together They explored the wide fields and found some berries to eat Silky and Froguh Silky asked Frog Do you ever leap to the other side of the pɑn:d Frog croaked Yes sometimes I do bʌtə today I will stay with you  They watched the sun set panting the sky with pink and ɔɹndʒeɪ shades shadesuh feeling happy  tuə have found each other All nightm As night fell s:ɪlki return to her coop She whispered Good night Frog See you in the m:ʌnθs to come ʌm sɪlkiə snuggled into her nest dreaming of summy sunny days and new adventures,"A silky chicken named Silky lived on a small farm. Silky loved to peck around the farmyard looking for seeds. Her feathers were soft and special because they shone in the sunlight like silky threads. One day, as Silky wandered near the pond, she saw a new friend! It was a frog, hopping across the green grass. Silky clucked with joy, ""Hello, Frog! What brings you here?"" Frog replied, ""I am here to find a sunny spot to rest and catch some flies."" Silky and Frog spent the day together. They explored the wide fields and found some berries to eat. Silky asked Frog, ""Do you ever leap to the other side of the pond?"" Frog croaked, ""Yes, sometimes I do, but today I will stay with you."" They watched the sun set, painting the sky with pink and orange shades, feeling happy to have found each other. As night fell, Silky returned to her coop. She whispered, ""Good night, Frog! See you in the months to come."" Silky snuggled into her nest, dreaming of sunny days and new adventures."
"/Users/liu.ying/University of Florida/Leite,Walter - Storiza Corpus Spring 2025/Storiza_Participant_Recording_05-30-25/uid_mHWscHBXcoabM7fdw88AliGuPWw1_sid_GKcLrRl87SaIZLrUKl4f_1741214942.wav",wʌnt əpɑnd a time a small mermaid na:me k|ɑlə swam in the blu: ocean sea She loved to find shiny shesells that would woʊl under the waves One day Calla saw a big hull of seasells in a big haul of sunken ships ʃ:i dɪfəd to pull them out with all her might She The shea|sells fɛ:l kwaɪɪŋ a bwaɪt path of cwystals (crystals) kɑl knew she had found sʌθɪŋ skpɛsəl She went back home to tell all hə fwɪndz about the magical find The small mermaid felt soʊu full of joy to share her discovery wɪf them all,"Once upon a time, a small mermaid named Calla swam in the blue sea. She loved to find shiny shells that would roll under the waves. One day, Calla saw a big haul of shells stuck in a big hull of a sunken ship. She decided to pull them out with all her might. The shells fell, creating a bright path of treasures. Calla knew she had found something special. She went back home to tell all her friends about the magical find. The small mermaid felt so full of joy to share her discovery with them all."
"/Users/liu.ying/University of Florida/Leite,Walter - Storiza Corpus Spring 2025/Storiza_Participant_Recording_05-30-25/uid_jWPmLFrSHDZItPTjjPUB8KAsjlq2_sid_pptKRvk4auvx0qv1G7VW_1742589195.wav",Roy and Joy two young boys faʊn a norit a noisy toy at the toy shop Excitedly they bəʊf enjoyed the sound it made This is fun Roy said juh joyfully They played together sharing dɹɔɪ and laughter As zɪ sun set a gentle voice calls them batch Reluctantly they left the tɔ:ɪ but carried joy with them ending the day with big smiles,"Roy and Joy, two young boys, found a noisy toy at the toy shop. Excitedly, they both enjoyed the sound it made. ""This is fun!"" Roy said joyfully. They played together, sharing joy and laughter. As the sun set, a gentle voice called them back home. Reluctantly, they left the toy but carried the joy with them, ending the day with big smiles."
"/Users/liu.ying/University of Florida/Leite,Walter - Storiza Corpus Spring 2025/Storiza_Participant_Recording_05-30-25/uid_UHGZEyBQklbC0GB3JZMa5l8yuGT2_sid_wtJZVzntRoLHOpryqFYJ_1742390551.wav",A buddy and a kɪtən: meet in a sunny gree:ned The bunny hopped up to the kittens kitten and said Let's run and play in the sunny The kitten purred ɪnd nibbled They chased each other jum|pin over logs and rolling on the grass æ.æz the sun set they h:ʌɡ|d and pɹ:ɑ:mɪst to play again fɹɛndzə f:ə.fəɹɛvɚ the bunny and kitten smiled under the moon,"A bunny and a kitten met in a sunny garden. The bunny hopped up to the kitten and said, ""Let's run and play in the sun."" The kitten purred and nodded. They chased each other, jumping over logs and rolling on the grass. As the sun set, they hugged and promised to play again. Friends forever, the bunny and kitten smiled under the moon."
"/Users/liu.ying/University of Florida/Leite,Walter - Storiza Corpus Spring 2025/Storiza_Participant_Recording_05-30-25/uid_aKXkeU8QguUwr1lDK1mxXri9hqN2_sid_LZv2yjBowpWsHz6Oc23r_1743550860.wav",twirled around the fɑrm with her furry pet Bert She adored the farm's charm spɛʃəl the red barn where ferns grew iktʃ morning they stɑɹtɪ f with chores and then kɑɹ time for games Aria would hurdle over the short grass læ and hug Bert ee By evening the sky turned dark Aria whispered a hɑɹt heartfelt goodbye to the farm's wonders She knew she'd return soon another grand adventure her heart full of dreams,"Aria twirled around the farmyard with her furry pet, Bert. She adored the farm's charm, especially the red barn where ferns grew. Each morning, they started with chores and then carved time for games. Aria would hurdle over the short grass, laugh, and hug Bert. By evening, the sky turned dark, and Aria whispered a heartfelt goodbye to the farm's wonders. She knew she'd return soon for another grand adventure, her heart full of dreams."
"/Users/liu.ying/University of Florida/Leite,Walter - Storiza Corpus Spring 2025/Storiza_Participant_Recording_05-30-25/uid_XmxSYUZAj4dRqSczt2clQkDf31M2_sid_tM98qutW5zVbaMrfE1fe_1742782716.wav",Once epon a time a rabbit named pet Pete found a shiny red bike It s:|t|old stoʊld by a w.wild oak tɹi stood by a wild oo.oh oak tree in the park ser|kumsly peh Pete hoped closer this no ha his nose twitched with delight I'll take a ride he thought With hih With a brave heart pik kwaɪmd on the on a begi and beganning to pedal As he ɹoʊ pæs the pa: p|ɑnd he he the breeze fɛltʃ great ah He thought He rode thought through f: ficient field and over the a little wild branch pet lah Pete laughed hih.hih as he ear əɪɹ fiddled fatal in the wild Finally Pete rode ba|t home feeling happy and proud Riding a eɪ bike was fun and æ he couldn't wait to ride again,"Once upon a time, a rabbit named Pete found a shiny red bike. It stood by a wide oak tree in the park. Curious, Pete hopped closer, his nose twitching with delight. ""I'll take a ride!"" he thought. With a brave heart, Pete climbed on and began to pedal. As he rode past the pond, the breeze felt great. He rode through fields and over a little white bridge. Pete laughed as his ears fluttered in the wind. Finally, Pete rode back home, feeling happy and proud. Riding a bike was fun, and he couldn't wait to ride again!"
"/Users/liu.ying/University of Florida/Leite,Walter - Storiza Corpus Spring 2025/Storiza_Participant_Recording_05-30-25/uid_flpss45kNMRJ1OyjEiJaPFx5rCo2_sid_R5ayIWS3BhX54S6qzZuq_1742679705.wav",In a faraway galaxy there was a magical place called Star Waterfall Every night stars would zoom and swoop down like a glowing waterfall Luna a young explore flew her blue spaceship to see it As she drew near she saw the stars creating a beautiful s ʌm s|pɑɹklɪŋ mist Luna knew this view was rare and felt lucky to be there She whispered to her crew Isn't this a wonderful view ðe all agreed feeling sense of wonder As they flew back home Luna n əm knew she'd never forget the əm starry wɑtərfɔli oʊ waterfall's glow and adventure they shared,"In a faraway galaxy, there was a magical place called Star Waterfall. Every night, stars would zoom and swoop down like a glowing waterfall. Luna, a young explorer, flew her blue spaceship to see it. As she drew near, she saw the stars creating a beautiful, sparkling mist. Luna knew this view was rare and felt lucky to be there. She whispered to her crew, ""Isn't this a wonderful view?"" They all agreed, feeling a sense of wonder. As they flew back home, Luna knew she'd never forget the starry waterfall's glow and the adventure they shared."
"/Users/liu.ying/University of Florida/Leite,Walter - Storiza Corpus Spring 2025/Storiza_Participant_Recording_05-30-25/uid_XmxSYUZAj4dRqSczt2clQkDf31M2_sid_KX6o32AjbfasGPQJmgaX_1741231701.wav",Once eɪpɔn a time a in a vɛəns cave lived a mighty wolf king named Eri|c Eric was brave and w:is His His slavery meh m.meɪn s:tone bright and like a flame and the s:a slain,"Once upon a time, in a vast cave, lived a mighty wolf king named Ace. Ace was brave and wise. His silver mane shone bright like a flame in the silent night."
"/Users/liu.ying/University of Florida/Leite,Walter - Storiza Corpus Spring 2025/Storiza_Participant_Recording_05-30-25/uid_mHWscHBXcoabM7fdw88AliGuPWw1_sid_IEFc5rVkZZUjWvLVMKyJ_1743463169.wav",Pat has a black cat The cat sat on his mat Pam said No The cat wæn The cat can't nap on the mat Pam put a wɛd hat on the cat Go cat pəm said The cat ran fast Now the cat is glad Pam is glad du,"Pam has a black cat. The cat sat on the mat. Pam said, ""No!"" The cat ran. The cat can't nap on the mat. Pam put a red hat on the cat. ""Go, cat!"" Pam said. The cat ran fast. Now the cat is glad. Pam is glad, too."
"/Users/liu.ying/University of Florida/Leite,Walter - Storiza Corpus Spring 2025/Storiza_Participant_Recording_05-30-25/uid_IxbpyVeneRWBOVT8zPZO9dPynyX2_sid_HV05en4ImNW96o2lRmST_1741910757.wav",Max loved video games especially the new one he got last week He sat on his comfy blue chair ready to explore a digital world filled with challenges and fun Max's favorite game was called Fruit Quest where players had to gather fruits and avoid sticky goo traps Every time Max collected a jer juicy fruit and gay the game would play a cheerful tune In the game Max's character kih could fly through the air using a magical flute The music jæ guided him past the goo monsters of the chewing anything they touched Max had mastered art of dodging them and shi|um moves with əh moves and a keen eye One day as Max with rare oʊ played he discovered a hidden path It led to a glowing tree filled with rare blue berries that would boost ih his points He was thrilled Max shared his exciting discovery with his friends and they all started playing together helping each other find its win the paths and treasures Max's skill grew every in days went by and so did his fun Video games were not just vee games they were adventures waiting to unfold with every lee level əm bringing something new Max knew he had found a hobby that would keep him entertains to think creative,"Max loved playing video games, especially the new one he got last week. He sat on his comfy blue chair, ready to explore a digital world filled with challenges and fun. Max's favorite game was called ""Fruit Quest,"" where players had to gather fruits and avoid sticky goo traps. Every time Max collected a juicy fruit, the game would play a cheerful tune. In the game, Max's character could fly through the air using a magical flute. The music guided him past the goo monsters that chewed on anything they touched. Max had mastered the art of dodging them using swift moves and a keen eye. One day, as Max played, he discovered a hidden path. It led to a glowing tree filled with rare blue berries that would boost his points. He was thrilled! Max shared his exciting discovery with his friends, and they all started playing together, helping each other find new paths and treasures. Max's skills grew as the days went by, and so did his fun. Video games were not just games; they were adventures waiting to unfold, with every level bringing something new. Max knew he had found a hobby that would keep him entertained and thinking creatively."
"/Users/liu.ying/University of Florida/Leite,Walter - Storiza Corpus Spring 2025/Storiza_Participant_Recording_05-30-25/uid_u2hytH2KWIS6ewdShfEZisygqIo2_sid_OYMPtsAm5CltlmZDwKKI_1741483914.wav",Mark and Lauren were making parts for a pie First they cut an apple into fourths p:ark gave a tʃ:ɑ|p then Lauren chopped Next eɪ pɔɹtɛd some juice over the  Now for thirds said Mark as he slice the pie into thirds After working together the tæs was done wɪs smiles They had created a perfect shape pie Now they could enjoy the f:ruit of their læmbɔr,"Mark and Lorna were making parts for a pie. First, they cut an apple into fourths. Mark gave a chop, then Lorna chopped. Next, they poured some juice over the pieces. ""Now for thirds,"" said Mark as he sliced the pie into thirds. After working together, the task was done with smiles. They had crafted a perfect, shared pie. Now, they could enjoy the fruits of their labor."
"/Users/liu.ying/University of Florida/Leite,Walter - Storiza Corpus Spring 2025/Storiza_Participant_Recording_05-30-25/uid_qgT735VZ7OPJmWzvIgZGZAchHgD2_sid_16P17noOcmpEnO20pHgy_1742416351.wav",Jill loved loved basketball She played each day hoping to improve her skills Her best friend Mia would cheer and shoo shout You can do it Jill Every game Jill got better One summer day Jill joined a big match She was nervous but determined ditɝmɪnd as At first the ball did not go where she aimed But soon Jill found her rhythm She dribbled with easy move moved past the other team and made a great shoot The crowd cheered loudly In the end Jill's team won by just one point Jill ch Jill's heart was full of joy The coach said Jill you played with heart and skill Well done Mia gave Jill a hug saying I knew you could do it Jill learned that practice and bul  buh bul is that pelief belief mind all the dɪfəɹənsis Shee wud proud She was proud of herself and looking farluhnwhy faarend to play again,"Jill loved basketball. She played each day, hoping to improve her skills. Her best friend, Mia, would cheer and shout, ""You can do it, Jill!"" Every game, Jill got better. One sunny day, Jill joined a big match. She was nervous but determined. At first, the ball did not go where she aimed. But soon, Jill found her rhythm. She dribbled with ease, moved past the other team, and made a great shot. The crowd cheered loudly. In the end, Jill's team won by just one point. Jill's heart was full of joy. The coach said, ""Jill, you played with heart and skill. Well done!"" Mia gave Jill a hug, saying, ""I knew you could do it!"" Jill learned that practice and belief made all the difference. She was proud of herself and looked forward to playing again."
"/Users/liu.ying/University of Florida/Leite,Walter - Storiza Corpus Spring 2025/Storiza_Participant_Recording_05-30-25/uid_sHl4il5Li8NKe5aMecUSJyXBFco2_sid_mg0Ugb9lQpWp0xhWl9aX_1742740162.wav",-on upon a time time a cute bunny neɪ:md leɪlə lived lived in in a lipi green forest Lilla loved lovedto lɑɪlə: loved to to hop ʌʔ lively through the woods  day She bounced laɪtli: over over the zɔf mɑ.mɑsi ground her days days were filled filled with endless play chasing chasing the sunlight sunlight and curling curling up warmly at night One sunny sunny morning Lila explored ə.ə new path that led uhher to to a lovely hidden meadow The The meadow was gently dotted dotted with kʌləfəl flowers Lih...Lila's taɪnli nose twitched happily happily as as she jump briskly from flower to flower She felt felt truly delighted by herruh discovery æzə 'dʌkul approach it was time to  back The The path was quiet|ly thpath home home was quietly peaceful liðə Lily hopped down slowly sɛvɚiŋ each moment ʌndɚə the glow of the moon Tired yet ful:...filled she nɛzld kʌmftɚbl:i to her furry bed dreams swaying to her sleep softly And so which with each twilight lilə returned returned to her lovely meadow a place where də|laɪtfəl dreams would would lightly flʌɚ through her sleep mind,"Once upon a time, a cute bunny named Lila lived in a leafy, green forest. Lila loved to hop lively through the woods every day. She bounced lightly over the soft, mossy ground. Her days were filled with endless play, chasing the sunlight and curling up warmly at night. One sunny morning, Lila explored a new path that led her to a lovely, hidden meadow. The meadow was gently dotted with colorful flowers. Lila's tiny nose twitched happily as she jumped briskly from flower to flower. She felt truly delighted by her discovery. As dusk approached, it was time to head back. The path home was quietly peaceful. Lila hopped slowly, savoring each moment under the glow of the moon. Tired, yet fulfilled, she nestled comfortably in her furry bed, dreams swaying her to sleep softly. And so, with each twilight, Lila returned to her lovely meadow, a place where delightful dreams would lightly flutter through her sleepy mind."
"/Users/liu.ying/University of Florida/Leite,Walter - Storiza Corpus Spring 2025/Storiza_Participant_Recording_05-30-25/uid_WXRuAJyMuAViHCpYPRVffOrexB03_sid_bq1I40IRipJTvbMVsQoS_1742945295.wav",Flax A cat named  felt cold in a brisk w:ɪnd Flax re|d red ran fæs:t pæ:st Gregst stand Spot the dog b.bəh.bɑɹkt did done done dit buh briss mʔm but b|ʌ|t but did nɒ|t briss h|ah|luhst l.lap halst halst halst vlæk found a snʌ|g red cap in a bɐ|ks The cap was so snug Flax the danced on in thick mats n: nev n oo n|ah|w nou n|nah aʊ naʊ well w w|ah|m: no wɔɹm wɔɹm Now warm Flax napped  sat sleeped under the sun,"A cat named Flax felt cold in a brisk wind. Flax ran fast past Grant's stand. Spot, the dog, barked but did not halt. Flax found a snug red cap in a box. The cap was so snug, Flax danced on thick mats. Now warm, Flax slept under the sun."
"/Users/liu.ying/University of Florida/Leite,Walter - Storiza Corpus Spring 2025/Storiza_Participant_Recording_05-30-25/uid_ejZWulX03uRlAA3C5VqYK6jKNYs1_sid_LUuTijhm7jsKH4nsoD5d_1741133671.wav",Timmy loved Dum Dums He thought they were the best candy ever One sunny day Timmy found a huge jar of Dum Dums in the in the corner of his room He was happier than ever Timmy wanted to share the Dum Dums with his friends He called them over and they gathered around the colorful jar Each friend took a Dum Dum and smiled These are the tastiest treats Sarah seh said Sarah The friends played games to see who could finish their Dum Dum faster It was the funniest day ever They laughed and played until the sun began to set Soon it was time for the friends to go home Timmy waved goodbye and promised Next time I'll have even more Dum Dums Timmy was tired but proud He felt like the best friend ever because he shared his favorite treats As he drifted off to sleep he dreamed of sweet colorful Dum Dums and fun days with hiθ flɛndz The end,"Timmy loved Dum Dums. He thought they were the best candy ever. One sunny day, Timmy found a huge jar of Dum Dums in the corner of his room. He was happier than ever. Timmy wanted to share the Dum Dums with his friends. He called them over and they gathered around the colorful jar. Each friend took a Dum Dum and smiled. ""These are the tastiest treats!"", said Sarah. The friends played games to see who could finish their Dum Dum faster. It was the funniest day ever. They laughed and played until the sun began to set. Soon, it was time for the friends to go home. Timmy waved goodbye and promised, ""Next time, I'll have even more Dum Dums!"" Timmy was tired but proud. He felt like the best friend ever because he shared his favorite treats. As he drifted off to sleep, he dreamed of sweet, colorful Dum Dums and fun days with his friends. The end."
"/Users/liu.ying/University of Florida/Leite,Walter - Storiza Corpus Spring 2025/Storiza_Participant_Recording_05-30-25/uid_sHl4il5Li8NKe5aMecUSJyXBFco2_sid_yHl0ErSvLJToSxLcmZqU_1741190708.wav",In a small kah town there are many cats Each day the cat would play in bright sunlight gardens wɪskər:z a fluffy kah black cat loved to chase butterflies Her friend Spot would dart and dash between tall grasses his white tail flicking with joy One suneh sunny morning wɪs|kərz and Spot noticed a newcomer a shy cat named Paws Paws was alone by the fences watching other cats Let's play Paw lɛts ask Paws to play said Whiskers Spot agreed with a quick nod his nose twitching with excitement They approach Paws with friendly pɜɹ:z Would you like to play with əs: Spot asked his eyes sparkling Paws a little nervously nervous nodded slowly Together they chased bouncing leaves over lee and leaped over a tiny boxes scattering in the garden As the sun began to set three cats kwah sat quietly their eyes following the skaɪ chasing colors Today was fun Paws whisper whispered softly Whiskers and Spot both me meowed in agreement They promised to play together the nɛks day From then on Whiskers Spot and Paws were the best of friends always running playing and sharing happy moments as each day passed Their laughter and joy eechoed echoed through the gardens a reminder of their special friendship,"In a small town, there were many cats. Each day, the cats would play in bright, sunlit gardens. Whiskers, a fluffy black cat, loved to chase butterflies. Her friend, Spot, would dart and dash between tall grasses, his white tail flicking with joy. One sunny morning, Whiskers and Spot noticed a newcomer, a shy cat named Paws. Paws was alone by the fences, watching the other cats. ""Let's ask Paws to play!"" said Whiskers. Spot agreed with a quick nod, his nose twitching with excitement. They approached Paws with friendly purrs. ""Would you like to play with us?"" Spot asked, his eyes sparkling. Paws, a little nervous, nodded slowly. Together, they chased bouncing leaves and leaped over tiny boxes scattered in the garden. As the sun began to set, the three cats sat quietly, their eyes following the sky's changing colors. ""Today was fun,"" Paws whispered softly. Whiskers and Spot both meowed in agreement. They promised to play together the next day. From then on, Whiskers, Spot, and Paws were the best of friends, always running, playing, and sharing happy moments as each day passed. Their laughter and joy echoed through the gardens, a reminder of their special friendship."
"/Users/liu.ying/University of Florida/Leite,Walter - Storiza Corpus Spring 2025/Storiza_Participant_Recording_05-30-25/uid_Sn3Nw7A3OmOkiMXEFjEyRusLuuo2_sid_DJH2z7TGCjAyWs5LLu47_1741223656.wav",Once pɑn and heeih h.ho Hughie had cats Po got the cats on a scooter Hugh Hughie dressed does ga|mes gymnastics They had fun with s ver gams gam games One cat scat s|cat on the rug and the other in the s:un ðe:ɪ hug dug in the tub æ:n:d swam ung dug bʌɡ|z No bugs Po and said Cats must not hug buh: bu:s Let's swim Hugh: Hughie said ðə: kæt͡s: and boat gymnastics mhm right must o  shum|ped jumped up and swimmed swam The end,"Once, Po and Hughie had cats. Po got the cats on a scooter. Hughie does gymnastics. They had fun with video games. One cat sat on the rug, and the other in the sun. They dug in the tub and saw bugs. ""No bugs,"" Po said. Cats must not hug bugs! ""Let's swim,"" Hughie said. The cats and boys jumped up and swam. The end."
"/Users/liu.ying/University of Florida/Leite,Walter - Storiza Corpus Spring 2025/Storiza_Participant_Recording_05-30-25/uid_TuMLdL1f2yNIrFrzMedBpwdsxCA3_sid_OZ4mLzv8qejsxep8u4E3_1744032613.wav",On a sunny day dʒoʊs and tɹɪs went to the beach Let's s.sɝtʃ for shells Trish s|and with said with a with wish dʒɑs   a bag hold her hand up looking careful ʃi:  a and in.it to Just Look at this one ʃi: said with a smell The blade,"On a sunny day, Josh and Trish went to the beach. ""Let's search for shells!"" Trish said with a wish. Josh grabbed a bag, while Trish held her hand up high, looking carefully. She spotted a shiny shell and showed it to Josh. ""Look at this one,"" she said with a smile. The waves splashed as they played."
"/Users/liu.ying/University of Florida/Leite,Walter - Storiza Corpus Spring 2025/Storiza_Participant_Recording_05-30-25/uid_mHWscHBXcoabM7fdw88AliGuPWw1_sid_EQsr4DpbhhU9H6jNAk8v_1743380887.wav",In a lush glin gr.glen ðe thewas two mædʒɪ|kəl junɪgɔɹnz They had a juɪkɔɹn baby with pink fluff on its t.|taɪni head This baby had bwaɪt shining eyes and nose wuh|what twitched in excitement The unicorn baby giggles æz: its princess princess əwaʊnd One deɪ: while jumping over tree true|aw|ts roots the unicorn  the unicorn baby discovered a pond filled with fwɑɡz The fwɑɡs s.sæŋ and played games with the baby uicorn making the baby unicorn smile As the sun set the unicorn baby dashed back to the nest eager t|u share its tale|s with the family The juɪkɔɹns s|nʌɡəld close happy with and kɑnɛnt,"In a lush, green glen, there were two magical unicorns. They had a unicorn baby with pink fluff on its tiny head. This baby had bright, shining eyes and a nose that twitched with excitement. The unicorn baby giggles as it prances around with the leaves. One day, while jumping over tree roots, the unicorn baby discovered a pond filled with frogs. The frogs sang and played games, making the baby unicorn smile. As the sun set, the unicorn baby dashed back to the nest, eager to share its tales with the family. The unicorns snuggled close, happy and content."
"/Users/liu.ying/University of Florida/Leite,Walter - Storiza Corpus Spring 2025/Storiza_Participant_Recording_05-30-25/uid_jWPmLFrSHDZItPTjjPUB8KAsjlq2_sid_3nrUiNGJJEx1MK9ktanM_1742241727.wav",In a busy town a young boy named Roy loved his toy football He tossed it around with joy dreaming of being a famous player One day his teacher Mrs. Dol Doley tho|th It's taught taught the class about the science of football She explained how air inside the ball keeps it boo.|buh|yoiant bjɔɪənt and bouncy Understanding this she said helps a player like Roy have more fun Inspired Roy wanted to explore more He went to the library and borrowed books about football science Soon Roy not only played with his football but also understood how it bounced The joy of learning made him enjoy the game even more In the end Roy shared his knowledge with his friends Together they played with joy and gained a new love for science,"In a busy town, a young boy named Roy loved his toy football. He tossed it around with joy, dreaming of being a famous player. One day, his teacher, Mrs. Doyle, taught the class about the science of football. She explained how air inside the ball keeps it buoyant and bouncy. ""Understanding this,"" she said, ""helps players like Roy have more fun."" Inspired, Roy wanted to explore more. He went to the library and borrowed books about football science. Soon, Roy not only played with his football but also understood how it bounced. The joy of learning made him enjoy the game even more. In the end, Roy shared his knowledge with his friends. Together, they played with joy and gained a new love for science."
"/Users/liu.ying/University of Florida/Leite,Walter - Storiza Corpus Spring 2025/Storiza_Participant_Recording_05-30-25/uid_eQ9VyOzVOCQWR7uTGBGzvfh3rUJ2_sid_BXMACxHtru85FV7B7SdW_1743022105.wav",Priscilla was so s:l Prisida was so sleepy She had been woken Her mɑ|m made her a k|eɪ|k but Priscilla didn't ever take a bite Her dad gave her a wɔmt cake wk to warm but Priscilla could only yawn She s tired She said sat but woke up but woke but her eyes would not k.|kuh.kum Priscilla climbed hout in her bɛt shifting under eɪɹ blanket and fɪlt a deep  sʌmbɚ She dreamed of a game where she ɹɛsɛt through a maze Sh əm When she woke she felt great and was ready for a day,"Priscilla was so sleepy. She had been awake since dawn. Her mom made her a cake, but Priscilla didn't even take a bite. Her dad gave her a warm cape to wear, but Priscilla could only yawn. She tried to stay awake, but her eyes would not cooperate. Priscilla climbed into her bed, snuggled under a blanket, and fell into a deep slumber. She dreamed of a game where she raced through a maze. When she woke, she felt great and was ready for the day!"
"/Users/liu.ying/University of Florida/Leite,Walter - Storiza Corpus Spring 2025/Storiza_Participant_Recording_05-30-25/uid_UHGZEyBQklbC0GB3JZMa5l8yuGT2_sid_c8LxiGOi9pplk2X8IdrJ_1743269442.wav",In a lush green field wild bunnies hopped with gl.gleer Am:on them was a beautiful bunny named Golden Gold One day they found a magical unicorn with a cold nose It was kind and off:eder a red ride together they ɹɛst under the forest finding hopping flat  faɪn:li at dusk the unicorn waved a dɛntl goodbye gentle goodbye The bunnies reached ren:t to their cl.cleh cozy burrow binds fl.flied with the most ama magical evening and a friendly unicorn favor in their hearts,"In a lush green field, wild bunnies hopped with glee. Among them was a bold bunny named Gold. One day, they found a magical unicorn with a cold nose. It was kind and offered a ride. Together, they raced around the forest, finding hidden paths. Finally, at dusk, the unicorn waved a gentle goodbye. The bunnies returned to their cozy burrows, minds filled with the most amazing adventure and a friendly unicorn forever in their hearts."
"/Users/liu.ying/University of Florida/Leite,Walter - Storiza Corpus Spring 2025/Storiza_Participant_Recording_05-30-25/uid_21Dw9jLeIqWjrAuRHI1RG1qPz853_sid_rdNZEManoTX8f0NWlSl6_1743199806.wav",dʒeɪ|k loves Jake loved trains One sunny day he decided to vɪdzɪt the s train station As he watched the trains come and go he felt joyful and eager to explore Each train seemed full of endless destinations Jake was f|ɪɹləs as he ɪmædʒ|ɪnd riding to a place far away But sun: the bright s|kaɪ turned gray and a dʒ|ɛntl rain began to fall The platform bɪkeɪŋ qu.|qui|te Quiet or quite quiet leaving Jake list|l l:istlis and a bit sad dʒʌs then old conductor approach approached him  Don't feel hoʊp:|ləs hoʊp|ləs  l:æd conduclor said kəndʌk the conductor said kaɪnd|li every rainy days every rainy deɪ:z days can be wonderful w|ɪθ ination ɪnspaɪɹdə kəndək|tɚɹz words Jake imagined a train ə tɹeɪn: to a magical lan Suddenly the rain felt playful and bright Jake knew that əvɛn|tʃɚ that əvɛn|tʃɚ could always be found rain or shine,"Jake loved trains. One sunny day, he decided to visit the train station. As he watched the trains come and go, he felt joyful and eager to explore. Each train seemed full of endless destinations. Jake was fearless as he imagined riding to a place far away. But soon, the bright sky turned gray, and a gentle rain began to fall. The platform became quiet, leaving Jake listless and a bit sad. Just then, an old conductor approached him. ""Don't feel hopeless, young lad,"" the conductor said kindly. ""Even rainy days can be wonderful with imagination."" Inspired by the conductor's words, Jake imagined a train to a magical land. Suddenly, the rain felt playful and bright. Jake knew that adventure could always be found, rain or shine."
"/Users/liu.ying/University of Florida/Leite,Walter - Storiza Corpus Spring 2025/Storiza_Participant_Recording_05-30-25/uid_eQ9VyOzVOCQWR7uTGBGzvfh3rUJ2_sid_6mHu3G8rDk5ZmJUujE66_1743174942.wav",meɪfl̩ is a pup She loves Priscilla a lot In her yard they play with a big red ball Maple can run fast he could get the ball She  ɡlæ:d when she wins Priscilla la.a|lau lats a  and herace  hʌts her ʌm At the moon then sit and rest Maple znap in the sun Priscilla reads her book As the s:ʌn sets Maple and Priscilla head back home Maple feels happy to be with her best friend,"Maple is a little pup. She loves Priscilla a lot. In the yard, they play with a big red ball. Maple can run fast to get the ball. She is glad when she wins! Priscilla laughs and hugs her. At noon, they sit and rest. Maple naps in the sun. Priscilla reads her book. As the sun sets, Maple and Priscilla head back home. Maple feels happy with her best friend."
"/Users/liu.ying/University of Florida/Leite,Walter - Storiza Corpus Spring 2025/Storiza_Participant_Recording_05-30-25/uid_eyem3EvRZrZsMzdS2HOEHLIsGTs1_sid_Gi6CTd0h6i7rPtveJk1O_1742516188.wav",Max and his friends love sports They play on a big lush field Max kicks a the ball with a strong thud it wɪs| it  past the ðə tree and Zack catches it with a loud snap The kids laugh and lid jump high read to smack the ball takes I mean They take turns and each give their best The sun sinks painting the sky with hurling of pink It's time to head home tired yet happy Max waved goodbye and trotted back planting planning the next exciting game with glee Sports bring fun and friends together,"Max and his friends love sports. They play on a big, lush field. Max kicks the ball with a strong thud. It whizzes past the trees, and Zack catches it with a loud slap. The kids laugh, and Leah jumps high, ready to smack the ball. They take turns, each giving their best. The sun sinks, painting the sky with hues of pink. It's time to head home, tired yet happy. Max waves goodbye and trots back, planning the next exciting game with glee. Sports bring fun and friends together."
"/Users/liu.ying/University of Florida/Leite,Walter - Storiza Corpus Spring 2025/Storiza_Participant_Recording_05-30-25/uid_UHGZEyBQklbC0GB3JZMa5l8yuGT2_sid_xpDFrYKvqQMpjww5p2qH_1741461927.wav",Bold Billy bought a fast race car to s test his s|kɪlz The why wɪd winds holds as he s|pinned down the old truck With a kind m:aɪnd he found the wɪ:l to hold on teɪt Billy crossed the cold finish line as the vic|tips host of the most thrilling race In the end he told his friends all about the exc excellent ride and the gold medal he won,"Bold Billy built a fast race car to test his skills. The wild winds howled as he sped down the old track. With a kind mind, he found the will to hold on tight. Billy crossed the cold finish line as the victor, host of the most thrilling race. In the end, he told his friends all about the exciting ride and the gold medal he won."
"/Users/liu.ying/University of Florida/Leite,Walter - Storiza Corpus Spring 2025/Storiza_Participant_Recording_05-30-25/uid_Sn3Nw7A3OmOkiMXEFjEyRusLuuo2_sid_46QiUAG6knWxFU9G9zSe_1741823579.wav",Ben the cat and Ted the dog sat on a mat Ben had a ham sandwich l:ɛt me help said Ted Ben let Ted have a bit and said You are the best pal They both wagged and wagged ful and glad,"Ben the cat and Ted the dog sat on a mat. Ben had a ham sandwich. ""Let me help!"" said Ted. Ben let Ted have a bit and said, ""You are the best pal!"" They both wagged and wagged, full and glad."
"/Users/liu.ying/University of Florida/Leite,Walter - Storiza Corpus Spring 2025/Storiza_Participant_Recording_05-30-25/uid_EfKQNmht2ebtDnNadrezErlhcDF3_sid_i0N0h2MnD3ZE7yMVZqn3_1742248902.wav",A girl named Jen sat at her desk Jen had a big grin Her new teacher ms Lane walked in Ms. Lane wore a pink dress and had a soft voice Glad to meet you Jen she said with a nod Jen felt a big wave of joy They sat and chatted about pets and spɔ:ɹts Jen ha| had a cat and Ms. Jane had a fish At the end of class Jen said I can't wait to come back Ms. Lane smiled and waved goodbye feeling just as glad,"A girl named Jen sat at her desk. Jen had a big grin. Her new teacher, Ms. Lane, walked in. Ms. Lane wore a pink dress and had a soft voice. ""Glad to meet you, Jen,"" she said with a nod. Jen felt a big wave of joy. They sat and chatted about pets and sports. Jen had a cat, and Ms. Lane had a fish. At the end of class, Jen said, ""I can't wait to come back!"" Ms. Lane smiled and waved goodbye, feeling just as glad."
"/Users/liu.ying/University of Florida/Leite,Walter - Storiza Corpus Spring 2025/Storiza_Participant_Recording_05-30-25/uid_ihIoefKsGwTDai7fGs9x3DyNvju2_sid_ApMaerbz8NiSC9rZvfoy_1742944769.wav",In a small bright garden a clear cat neɪ:md Charlie futtered? buttered? a hard task he wanted to climb the tall rock wæl to see everything bi:. bi:.jɑ:nd First he tried jumping but ðɪ: wɔ:l was too  Next he pushed a heavy rock to use to step but it was too low Finally Charlie found a sturdy læn be|hin behind the sh:|sh|shed mhm  kɛɹfəɹi he climbed up step by step Then he reached the top Charlie would əm saw a girly colair world  Expec he proudly he said that with a little hard work everything wuth promised Charlie purr a hækəs,"In a small, bright garden, a clever cat named Charlie faced a hard task. He wanted to climb the tall, rocky wall to see everything beyond. First, he tried jumping, but the wall was too high. Next, he pushed a heavy rock to use as a step, but it was still too low. Finally, Charlie found a sturdy ladder behind the shed. Carefully, he climbed up, step by step. When he reached the top, Charlie saw a vast, colorful world. Excited and proud, he realized that with a little hard work, everything was possible. Charlie purred with happiness."
"/Users/liu.ying/University of Florida/Leite,Walter - Storiza Corpus Spring 2025/Storiza_Participant_Recording_05-30-25/uid_jWPmLFrSHDZItPTjjPUB8KAsjlq2_sid_KwJDkE9pDbyU8dxYMmnt_1742046826.wav",In a bright starry world Lily and Jake dreamed of visiting space They liked to play and make rockets with boxes We can go high Jake said Jake with a smile Their mother gave them a book about space Lily read about stars moons and planets Look she said We can explore them all The next day they built a s:peɪʃɪp from chairs and blankets 1 2 3 go shouted Jake They ɪm:ædʒɪnd flying past bright stars and big planets It is fun to fly and see space As the sun set they returned to the they returned to Earth Playing in space is great They hug their mother Can we learn more asked Lily Their mom nodded Yes there is a lot to see and read Lily and Jake knew that their space dreams would never end,"In a bright, starry world, Lily and Jake dreamed of visiting space. They liked to play and make rockets with boxes. ""We can go high!"" said Jake with a smile. Their mother gave them a book about space. Lily read about stars, moons, and planets. ""Look!"" she said. ""We can explore them all!"" The next day, they built a spaceship from chairs and blankets. ""3, 2, 1, go!"" shouted Jake. They imagined flying past bright stars and big planets. ""We see Mars and its red land,"" said Lily, pointing at her book. ""It's fun to fly and see space!"" As the sun set, they returned to Earth. ""Playing in space is great!"" said Jake. They hugged their mother. ""Can we learn more?"" asked Lily. Their mom nodded, ""Yes, there's a lot to see and read."" Lily and Jake knew their space dreams would never end."
"/Users/liu.ying/University of Florida/Leite,Walter - Storiza Corpus Spring 2025/Storiza_Participant_Recording_05-30-25/uid_XmxSYUZAj4dRqSczt2clQkDf31M2_sid_dCjg0Uy1jZOC8xzaKr1k_1742869038.wav",In a proud In the green ɡleɪ:|d fairy dancing Their tiny feet tapped softly model,"In the green glade, fairies danced. Their tiny feet tapped soft melodies in the twilight."
"/Users/liu.ying/University of Florida/Leite,Walter - Storiza Corpus Spring 2025/Storiza_Participant_Recording_05-30-25/uid_bKduvdIsrbbqPZ7Z3lCfQlF8WBn1_sid_wwG35krhLTSpRDz3nlEz_1741905388.wav",start Sara and Mark were making cupcakes They mixed flaʊɚz sugar and cocacola Mark added the chocolate chips The əm ar  əɹoʊmə filled the ɛɹ: The kitchen was warm and cr.crazy Sara s:at the timer and watch the  diner r.roosh rest As the buzzy ring they opened the oven door Wow they looked pɝfɪk said Mark The toppings each cupcakes wɪf a s:wip of frosting Mark took a bite and said More please Sara smiled her hɝt full for of joy The cupcakes were as tasty treats sarah sharing before the day was over,"Sara and Mark were making cupcakes. They mixed flour, sugar, and cocoa. Mark added the chocolate chips. The aroma filled the air. The kitchen was warm and cozy. Sara set the timer and watched the dough rise. As the buzzer rang, they opened the oven door. ""Wow, they look perfect!"" said Mark. They topped each cupcake with a swipe of frosting. Mark took a bite and said, ""More, please!"" Sara smiled, her heart full of joy. The cupcakes were a tasty treat, shared before the day was over."
"/Users/liu.ying/University of Florida/Leite,Walter - Storiza Corpus Spring 2025/Storiza_Participant_Recording_05-30-25/uid_ihIoefKsGwTDai7fGs9x3DyNvju2_sid_RO86s0yih5pRsOUYLcUy_1742503411.wav",Megan loves playing soccer with her friends Each afternoon they would puh|push and shove the ball kɹɔs the field Today Megan took a shot but the bɔl: went right over the net Then put her hlæn at her cheeks and thought about the next her next move Then weeth with a swift swɪft kick she pushed the ball straight past the goalie Goal shouts her friends and As the sun sets they cheered feeling proud of a game well-played Just as they packed up a cool breeze makes them pu pull their coats tight ending the day with smaɪɹz and plans for ən|nʌðɚ math ʌm another match,"Megan loved playing soccer with her friends. Each afternoon, they would push and shove the ball across the field. Today, Megan took a shot but the ball went right over the net. She put her hand on her chin and thought about her next move. Then, with a swift kick, she pushed the ball straight past the goalie. ""Goal!"" shouted her friends. As the sun set, they cheered, feeling proud of a game well-played. Just as they packed up, a cool breeze made them pull their coats tight, ending the day with smiles and plans for another match tomorrow."
"/Users/liu.ying/University of Florida/Leite,Walter - Storiza Corpus Spring 2025/Storiza_Participant_Recording_05-30-25/uid_mHWscHBXcoabM7fdw88AliGuPWw1_sid_myvjKGMQftYgFVPoNsC8_1741648000.wav",In the læ:nd of mist and magics there was a unicorn named Chip Chip was not any unicorn he was a dɪkɛktɪv wɪf a sʃaɪni badge One day while sipping on a suwit drink near a the l:unch pines he hɔɪd a call: The town's dʒɪ.dʒæm has Chip towed went ð.ðə pæ:θ it this nose thinged wɪf this Do not fear I'll solve this,"In the land of mist and magic, there was a unicorn named Chip. Chip was not just any unicorn; he was a detective with a shiny badge. One day, while sipping on a sweet drink near the lush pines, he heard a call. The town's jam had vanished! Chip trotted down the path, his nose twitching with excitement. ""Do not fear, I will solve this!"" he declared."
"/Users/liu.ying/University of Florida/Leite,Walter - Storiza Corpus Spring 2025/Storiza_Participant_Recording_05-30-25/uid_lEq1lXM2xafR8w5blWO2OCG8VE93_sid_QZCzHYRZaTUgtwtpi6Sv_1743954193.wav",Luke looked up at the block roof Look The trees move ih move in the wind he sa said with a hʌʃ.ʃ In the Minecraft Movie DLC the wɜɹd was veɪst and kʊl Should we push on and faɪn the hidden bɑk Luke ækskt his friends Mook Mook ʃ:ʊk his head Not yet Mook replend ɹɪpɹæk Let's build a noʊk to resist They used wood and wool making a snʌk place Soon would they soon again But now under the dig|itals sky they'd play and  kʊ:k Their tiny nook was perfect The friends lied bonding over their quest in pəs book,"Luke looked up at the block roof. ""Look! The trees move in the wind!"" he said with a hush. In the Minecraft Movie DLC, the world was vast and cool. ""Should we push on and find the hidden book?"" Luke asked his friend, Mook. Mook shook his head. ""Not yet,"" Mook replied. ""Let's build a nook to rest."" They used wood and wool, making a snug place. Soon, they would venture again. But now, under the digital sky, they'd play and cook. Their tiny nook was perfect. The friends laughed, bonding over their quest in this pixelated book."
"/Users/liu.ying/University of Florida/Leite,Walter - Storiza Corpus Spring 2025/Storiza_Participant_Recording_05-30-25/uid_CjlD9aGvoSfMhsnUwRIQlMr4IFp1_sid_RtxDiSxFul0yppqfezgP_1741403164.wav",Nana and Sam had a plan They sat on a mat to play a game The game was a hit Sam got a big win and Nana did a jig It was so fʌn: They clapped and had a snack At ð.ðə ɛn:d they said That was a blæs Let's play again,"Nina and Sam had a plan. They sat on a mat to play a game. The game was a hit! Sam got a big win, and Nina did a jig. It was so fun! They clapped and had a snack. At the end, they said, ""That was a blast. Let's play again!"""
"/Users/liu.ying/University of Florida/Leite,Walter - Storiza Corpus Spring 2025/Storiza_Participant_Recording_05-30-25/uid_MxRr8Ht6WZT2EokHSRsT2U2Pq3h1_sid_2QdszNsHLvc54XK7PI9w_1742333475.wav",Once upon a time wɑɹioʊ found a green tree in və park He p He poke peek peeked and saw the there three free bees buzzing wɪf glee Mario loves və bees and wanted wanted to help He decide to plant more trees to keep fɛm happy By the end of the day Mario had planted seven seeds and ð.ðə bees danced around him in go-ahead d itskapt the second part di|laɪt delight Mario felt vɛwi pleased at the sun set on a job well done,"Once upon a time, Mario found a green tree in the park. He peeked in and saw three bees buzzing with glee. Mario loved the bees and wanted to help. He decided to plant more trees to keep them happy. By the end of the day, Mario had planted seven seeds, and the bees danced around him in delight. Mario felt very pleased as the sun set on a job well done."
"/Users/liu.ying/University of Florida/Leite,Walter - Storiza Corpus Spring 2025/Storiza_Participant_Recording_05-30-25/uid_mHWscHBXcoabM7fdw88AliGuPWw1_sid_3dyK1DI6xciT4qlkUGa3_1741993316.wav",Once apon of fuh a wʌnts eɪ band of five brave pipes set sail on the sea They faʊ:nd a big tʃɛs on a small island Inside the chest they  sɔg gold the ch: and shiny jewels What a great find said kæb Jack said Captain Jack The pirates danced and sang wɪf ɡli: But soon they heard a loud kɹæs from their ship It's the storm shouted Tom We must leave now With hæst they picked the treasure chesh picked it the treasure chest and dashed back to the ship s:eɪfli on board they sailed away leaving the storm behind We did it cheered Mary And so the pirates sɛld to their next big əvɛntʃɚ,"Once, a band of five brave pirates set sail on the sea. They found a big chest on a small island. Inside the chest, they saw gold and shiny jewels. ""What a grand find!"" said Captain Jack. The pirates danced and sang with glee. But soon, they heard a loud crash from their ship. ""It's the storm!"" shouted Tom. ""We must leave now!"" With haste, they packed the treasures and dashed back to the ship. Safely on board, they sailed away, leaving the storm behind. ""We did it!"" cheered Mary. And so, the pirates sailed to their next big adventure."
"/Users/liu.ying/University of Florida/Leite,Walter - Storiza Corpus Spring 2025/Storiza_Participant_Recording_05-30-25/uid_eQ9VyOzVOCQWR7uTGBGzvfh3rUJ2_sid_a8eZ9XHvZdKivz3bFdHW_1743175416.wav",once There was a young girl her name was Mia who was told she was a princess She was a big pink f|r|roke and her shiny crown But Mia did not like a ɹɔɪəl: cliggy clock clink clicking what was her pl:eɪtaɪm She  pink to be pink dress in her back  and run with a duck ʃ:i had fun jump and kɪk|ɪŋ rock Though T Through her little said princess miə|s heart chose to be different  track  with  with her  miə happy Mia,"There once was a young girl named Mia, who was told she was a princess. She wore a big, pink frock and a shiny crown. But Mia did not like the royal clock ticking away her playtime. She longed to pick daisies in the back garden and run with the duck. She had fun jumping and kicking rocks. Though her title said ""princess,"" Mia's heart chose a different track, one with no bounds, where she was simply happy Mia."
"/Users/liu.ying/University of Florida/Leite,Walter - Storiza Corpus Spring 2025/Storiza_Participant_Recording_05-30-25/uid_ihIoefKsGwTDai7fGs9x3DyNvju2_sid_rRyldMhDpQ6c2k4qHgO3_1742504648.wav",In the harm of the school Mark and Sara (gasp) started art class,"In the heart of the school, Mark and Sara started art class."
"/Users/liu.ying/University of Florida/Leite,Walter - Storiza Corpus Spring 2025/Storiza_Participant_Recording_05-30-25/uid_XmxSYUZAj4dRqSczt2clQkDf31M2_sid_NxoVXDkmYhch9d9VLsD1_1741231226.wav", upon a time a:n in a fairy way kingdom a picture princess lived in a castle Her best friend was a magical unicorn They lʌ:vd to play in the sunshine ex|pecially flowerbeds æ:nd̚ have fun in One day they found a hidden path leading to a beautiful waterfall They The water sparkled like jewels ðə and ðə princess made a wish ðə: unicorn nod her nod nɑdɪdɛ he.happily and they dance ʌntɪl set sunset As night fell they understood remembered to: the kæsəld promise to visit their secret spot again The and The princess w and her unicorn knew their friendship was as bright as a star fɔɹ lightning fɔɹ lightning forever lightni laɪt their above əbɹuv,"Once upon a time, in a faraway kingdom, a princess lived in a castle. Her best friend was a magical unicorn. They loved to play in the sunshine, exploring flowerbeds and having fun. One day, they found a hidden path leading to a beautiful waterfall. The water sparkled like jewels, and the princess made a wish. The unicorn nodded happily, and they danced till sunset. As night fell, they returned to the castle, promising to visit their secret spot again. The princess and her unicorn knew their friendship was as bright as the stars, forever lighting their adventures."
"/Users/liu.ying/University of Florida/Leite,Walter - Storiza Corpus Spring 2025/Storiza_Participant_Recording_05-30-25/uid_d4lLmJzVbJaLpyCuafResXOry3t2_sid_rcTNhF88C79EqtExGJfr_1742502803.wav",In a small corner of Emma Emma's room her stə|f:is sat in a cluster They were her favorite pals ever Every m evening Emma would gather them together s ʃɑɹɪŋ stɔɹiz sharing stɔɹiz about her day there [wɝ]   Fred    lɪsn:d in [ɪnt(ə)ɹəst]  Bret  [bɛæɹ]      One day Emma noticed her stuffies  fort was f.fɔlɪŋ apart Under she organized them making it even better The stuffies loved their new home and Fred ɹoʊd in apraaaaval Emma smiled feeling proud Her stuffies sat under th the bright lamp ready for another day of əvɛntʃɚz with Emma near,"In a small corner of Emma's room, her stuffies sat in a cluster. They were her favorite pals ever. Every evening, Emma would gather them together, sharing stories about her day. There was Fred, the tiger, who listened with interest, and Bert, the bear, who always seemed to cheer. One day, Emma noticed her stuffy fort was falling apart. Undeterred, she rearranged them, making it even better. The stuffies loved their new home, and Fred roared in approval. Emma smiled, feeling proud. Her stuffies sat under the bright lamp, ready for another day of adventures with Emma near."
"/Users/liu.ying/University of Florida/Leite,Walter - Storiza Corpus Spring 2025/Storiza_Participant_Recording_05-30-25/uid_0FdMSMtn95PJ9tLFeW3F4sFLPMh1_sid_PzCPrPJB9BiIogeRJC8Z_1743129370.wav",Once upon a ti:me a golden retriever named Sunny was playing in the meadow The ground was rough and bumpy and Sunny was a strong dɑ:ɡ hi: loved to run leap æn bound wherever hi: could One day Sunny thought aɪ: I out to ɛ|ksploɹ: over the hill The meadow: was his favorite place but he knew there was new sights to see Sunny trou troʊd over his tail wagging with blɪs: wɛ:n he reached the top hiə s:ɔ: a beautiful oak tree standing tall Below a lazy a cozy little pɑ:nd Sunny bound down ɛk|saɪtɪd to take a closer look The water was smooth and clear He learned it to to see his reflection He leaned in to see his refrection and thought Woah this pɑndə is just ɹaɪ for a splash Next the pond were a loaf of bread lying on the grass probably left over ʌm a picnicker ʌ Sunny's nʌz twitched He thought it might be fun to give it a little nudge So he did The loʊfu rolled rup and sih near the water's edge As the sun began to set Sunny wagged his tail ail: again feeling happy he st|iffed stiffed He knew he wʊ:d return tomorrow to play a more  The day had just been the adventure he had hoped,"Once upon a time, a golden retriever named Sunny was playing in the meadow. The ground was rough and bumpy, but Sunny was a strong dog. He loved to run, leap, and bound wherever he could. One day, Sunny thought, ""I ought to explore over the hill."" The meadow was his favorite place, but he knew there were new sights to see. Sunny trotted over, his tail wagging with bliss. When he reached the top, he saw a beautiful oak tree standing tall. Below it lay a cozy little pond. Sunny bounded down, excited to take a closer look. The water was smooth and clear. He leaned in to see his reflection and thought, ""Wow, this pond is just right for a splash."" Next to the pond, there was a loaf of bread lying on the grass, probably left by a picnicker. Sunny's nose twitched. He thought it might be fun to give it a little nudge. So he did! The loaf rolled and stopped near the water's edge. As the sun began to set, Sunny wagged his tail again, feeling happy and satisfied. He knew he would return tomorrow to play some more. The day had been just the adventure he had hoped for."
"/Users/liu.ying/University of Florida/Leite,Walter - Storiza Corpus Spring 2025/Storiza_Participant_Recording_05-30-25/uid_qgT735VZ7OPJmWzvIgZGZAchHgD2_sid_F5kGIH0AyeRaOjCSVl6i_1742415864.wav",Clara loved playing softball every saturday [ʃi:] [wo:ɹ] her lucky red cap and went to the park her father was always there to cheer her on they would arrive early to warm up klæɹ practice hitting the ball far æ:nd θɹ:oʊɪŋ with her arm and her friend Fern was the ffirs to join her on the field The game began and klæɹ was the fɝs to bat She swʌŋ: hard and hit the ball over the fence The klæɹ run shouts her fɑ:ðɚ klæɹ ran aroun the bases her hhit bases her heart racing with excitement The game ended with klæɹz team winning Exhausted but happy klæɹ and her father sɛləbɹeɪd with ice cream And they walked home klæɹ felt proud Playing sɐfbɐl was her favorite part of the week,"Clara loved playing softball. Every Saturday, she wore her lucky red cap and went to the park. Her father was always there to cheer her on. They would arrive early to warm up. Clara practiced hitting the ball far and throwing with her arm. Her friend, Fern, was the first to join her on the field. The game began, and Clara was the first to bat. She swung hard and hit the ball over the fence. ""Run, Clara, run!"" shouted her father. Clara ran around the bases, her heart racing with excitement. The game ended with Clara's team winning. Exhausted but happy, Clara and her father celebrated with ice cream. As they walked home, Clara felt proud. Playing softball was her favorite part of the week."
"/Users/liu.ying/University of Florida/Leite,Walter - Storiza Corpus Spring 2025/Storiza_Participant_Recording_05-30-25/uid_Sn3Nw7A3OmOkiMXEFjEyRusLuuo2_sid_caRe3xv2JyxYcZYLHwBs_1741736883.wav",kælɐin put on her swim cap and went to the pu:l here Her two cats m:æks and bɛl:ə  wahtch|ed watch|did for də deck kɛɹəˌwaɪn did a big splash with a ʑʌmp The cats wished ð:eɪ cold called twimming swim too kɛɹəˌwaɪn /ə:læf̚t/ kæθ    ðæt  ku:l Max and Bell Bella mhm napped in the sun drem dreaming of big fish Caroline s|wæm fast f:|ishing her swim as the s:ʌn set s|.stɪl ɡəlɪlɪŋ at her cats ɛntz,"Caroline put on her swim cap and went to the pool. Her two cats, Max and Bella, watched from the deck. Caroline did a big splash with a jump. The cats wished they could swim too. Caroline laughed, ""Cats in the pool? That'd be cool!"" Max and Bella napped in the sun, dreaming of big fish. Caroline swam fast, finishing her swim as the sun set, still giggling at her cats' antics."
"/Users/liu.ying/University of Florida/Leite,Walter - Storiza Corpus Spring 2025/Storiza_Participant_Recording_05-30-25/uid_zIPazMYB9WUmRZJJLlrBka2GK663_sid_otLJZhWyMisfQ2v6fxWB_1741638816.wav",It's going now Lilly lived happily in a small village by the sea sea She smiled brightly every morning while watching the sun rise slowly Her sister Molly often joined her and they would chat cheerfully about their day ahead One day they decided to explore a nearby hill Molly packed a lovely picnic and they set off chant chanting busily The path was rocky but they walk carefully helping ea each each other over the rough spots The top of the hill often a stunning view They could see the waves crashing softly on the shore They spread their picnic blanket and ate hungrily The wind blew gently making them feel extremely cozy under the bright sky  lay  watch up   drifting lazy  Final as the sun began to set they pack up and desecond slowly The day had been wonderful spent filed with laughter and bonding They returned home feeling thankful and hugging each other o.o.other tightly before saying goodnight,"Lilly lived happily in a small village by the sea. She smiled brightly every morning while watching the sun rise slowly. Her sister Molly often joined her, and they would chat cheerfully about their day ahead. One day, they decided to explore a nearby hill. Molly packed a lovely picnic, and they set off, chatting busily. The path was rocky, but they walked carefully, helping each other over the rough spots. The top of the hill offered a stunning view. They could see the waves crashing softly on the shore. They spread their picnic blanket and ate hungrily. The wind blew gently, making them feel extremely cozy under the bright sky. After their meal, they lay quietly, watching the clouds drift lazily along. Finally, as the sun began to set, they packed up and descended slowly. The day had been wonderfully spent, filled with laughter and bonding. They returned home, feeling thankful and hugging each other tightly before saying goodnight."
"/Users/liu.ying/University of Florida/Leite,Walter - Storiza Corpus Spring 2025/Storiza_Participant_Recording_05-30-25/uid_mHWscHBXcoabM7fdw88AliGuPWw1_sid_7uCDiTq1wssSMWEFdyG8_1742239940.wav",on saint patrick's day a lucky lɪpɹəˌkɑn named Finn found a pɑt old paʔ He shook it and həd a həd a clang ɪnstaɪd wə golden coins wif (with) a map Finn took a shorka cut short nap and dream of f.faɪndɪŋ mɔ twɛʒɚz So he set off on a the l on a long pæf through a lʌtʃ ɡwid foresh:|st Finn found a hidden keɪ wɪf a big chest ɪnstaɪd excitedly he opened the chest But instead of glod ðɛ wə kʌlfəl sh:mo|ks shmocks Finn felt glad The shmocks smuh smocks were magic He could share them wɪf his fwɛndz fɪd smiled knowing hid had fun the real found real the real treasure fwɛndʃɪ,"On St. Patrick's Day, a lucky leprechaun named Finn found an old pot. He shook it and heard a clang! Inside were gold coins and a map. Finn took a short nap and dreamed of finding more treasures. So, he set off on a long path through a lush, green forest. Finn found a hidden cave with a big chest inside. Excited, he opened the chest. But instead of gold, there were colorful shamrocks! Finn felt glad. The shamrocks were magic! He could share them with friends. Finn smiled, knowing he had found the real treasure: friendship."
"/Users/liu.ying/University of Florida/Leite,Walter - Storiza Corpus Spring 2025/Storiza_Participant_Recording_05-30-25/uid_jWPmLFrSHDZItPTjjPUB8KAsjlq2_sid_C8n8hZufDi0aASFdmmA4_1742589296.wav",In a kweɪntɪn town a young boy named Roy found a shiny coin Joy filled his heart Nearby a loyal dog named Troy with a joyful bɑɹg joined Roy Together they enjoyed the bright tɔɪ: show in the park Thafternoon was filled wɪt joy as they played and laughed asth sun set Roy and tɹ:ɔɪ ɛ.ɛndɪd their day with a delightful story promising more joyful days ahead,"In a quaint town, a young boy named Roy found a shiny coin. Joy filled his heart. Nearby, a loyal dog named Troy, with a joyful bark, joined Roy. Together they enjoyed the bright toy show in the park. The afternoon was filled with joy as they played and laughed. As the sun set, Roy and Troy ended their day with a delightful story, promising more joyful days ahead."
"/Users/liu.ying/University of Florida/Leite,Walter - Storiza Corpus Spring 2025/Storiza_Participant_Recording_05-30-25/uid_FUCVnaPJeyV5kzao6jmObtdzLUE2_sid_8PcAkP7csTNUfDqNZ075_1742905877.wav",Once upon time in the the sunny hills a little pup name ɹ.ɹʌs|ti ran with fʌ.fʌn Rusty loved to uncover hiding spots under the big shade trees One day Rusty loved to uncover hiding no hidden spots under the big shady trees One day he found an un|wihsul rock It looks like it was shiny stone youk oolduhbyuulkuli youkai One day he found an unusual rock It looked like a ukelele shiny stone o uh: so that's the that's the  that's the prefix un un o so un what's the other word so cover up un un like yup unlike any he had seen Rusty was stunned he felt ʌn|ʃʊr about picking it up a few leaves əɹaʊn the rock uncovered a tiny hiding Together Rusty and Coco went t through tunnel diving in land of the wonder They had fun əm bɪŋ,"Once upon a time, in the sunny hills, a little pup named Rusty ran with fun. Rusty loved to uncover hidden spots under the big, shady trees. Rusty loved to uncover hidden spots under the big, shady trees. One day, he found an unusual rock. It looked like a shiny stone, unlike any he had seen. Rusty was stunned and felt unsure about picking it up. Coco untangled a few leaves around the rock and uncovered a tiny, hidden tunnel. Together, Rusty and Coco went into the tunnel, discovering a land of wonder right under the hills. Their fun adventure had begun."
"/Users/liu.ying/University of Florida/Leite,Walter - Storiza Corpus Spring 2025/Storiza_Participant_Recording_05-30-25/uid_xxUUDYlSFESUIRvPTLDLReqO44G3_sid_F6kP38GjRiJXRwDKJ6rm_1741822595.wav",Max the frog hops into the bah bog It's a foggy morning and his plans to jog The bɑɡs is full of logs and mud Max jumps over a log and lands with a thud He s:pɑts his pal nɛ  dog Ned is on a kwɛs to find a red flag Can I join mas Max a|x æsk quick Ned nods and they dash slick and brisk they hop past a big rock and see a tin can Max taps the can and out jumps a small crab with a tan       no harm says Ned with a wag of his chin         hooray barks Ned his tail a gag together ðə: they tʌŋɡ then with it wave it high wih Max and Ned cheer under the sky The sun sets as Matt æz æz they head back Max feels glad his day was a fun packed track wɪf yawns and hots /h:is/ bids Ned goodbye Max returns the star lit bog it luba: lu:awbobby,"Max the frog hops into the bog. It's a foggy morning, and he plans to jog. The bog is full of logs and mud. Max jumps over a log and lands with a thud. He spots his pal, Ned, the dog. Ned is on a quest to find a red flag. ""Can I join?"" Max asks quick. Ned nods, and they dash, slick and brisk. They hop past a big rock and see a tin can. Max taps the can, and out jumps a small crab with a tan. The crab snaps, but Max grins. ""No harm,"" says Ned, with a wag of his chin. On the sand, they spot the red flag. ""Hooray!"" barks Ned, his tail a-gag. Together they tug, then wave it high. Max and Ned cheer under the sky. The sun sets as they head back. Max feels glad; his day was a fun-packed track. With yawns and hops, he bids Ned goodbye. Max returns, the star-lit bog his lullaby."
"/Users/liu.ying/University of Florida/Leite,Walter - Storiza Corpus Spring 2025/Storiza_Participant_Recording_05-30-25/uid_UHGZEyBQklbC0GB3JZMa5l8yuGT2_sid_4y1VwSYnYR9RhUNvbxe9_1741461587.wav",Once a shy unicorn name Sky met a kind mermaid  named lɪvi They liked to play on a sunny day by the sh:ining day lɪvi showed Sky the way to play in the wiver wi.wiver word word æzə the sun set ska:ɪ ændə Livy layed by the day filin happy ænd lɪvi They know they'd be best fɹɛnz always reading to dɐɪ,"Once, a shy unicorn named Sky met a kind mermaid named Ivy. They liked to play on a sunny day by the shiny bay. Ivy showed Sky the way to play in the waves. They tried to fly and dive, giggling loudly. As the sun set, Sky and Ivy lay by the bay, feeling happy and lively. They knew they'd be best friends, always ready to play."
"/Users/liu.ying/University of Florida/Leite,Walter - Storiza Corpus Spring 2025/Storiza_Participant_Recording_05-30-25/uid_21Dw9jLeIqWjrAuRHI1RG1qPz853_sid_T4yKb6u9Dma6mwunA6lP_1741209055.wav",Once ə|pɑn a time in a far tɐʊn: dehwud a shiny train named Star s:|tɐɹ was bɐɪ: far the fastest train in the yard Each mɹnɪŋ Star would s|tɐɹt up with a loud honk ready to travel fɹu valll|leys æ.æ væl.væliz and farms də passenger love Star for its charm and how it kæɹidə them s:eɪf:li One day a part of the track was brr bl:ɐkt by a car With a s:wɪf:t m:uv s:tɐɹz crew worked hard to clear the path s:un s|tɐɹ was back on track ɪn the tʃəɹni con|t(ih)n|jud ɛvdiwʌn ʃiɹd as they arrived at their final destiny not far,"Once upon a time, in a far town, there was a shiny train named Star. Star was by far the fastest train in the yard. Each morning, Star would start with a loud honk, ready to travel through valleys and farms. The passengers loved Star for its charm and how it carried them safely. One day, a part of the track was blocked by a cart. With a swift move, Star's crew worked hard to clear the path. Soon, Star was back on track, and the journey continued. Everyone cheered as they arrived at their final destination, not far."
"/Users/liu.ying/University of Florida/Leite,Walter - Storiza Corpus Spring 2025/Storiza_Participant_Recording_05-30-25/uid_Om0JhZ6RmTNQ5wDLPHKIC3LtY4g2_sid_aCJo0aI2m5MC75L1PWsr_1741393040.wav",Kitty laid in her cozy bed gazing out the window at the stars Her dreams took way her far away a lænt where cats lived in castles made of gold In this magic place Kitty dis soar over fields of corn and esp|s esplores secret shores Day and night were just part of her grand vɛntʃɚ She mɛnt a wise old cat who shares tale of a.acient lore by a warm campfire As the sun beeg sum begins to rise Kitty's dreams faded she awoke with a purr ready for day heart full of joy from her nighttime journey,"Kitty lay in her cozy bed, gazing out the window at the stars. Her dreams took her far away, to a land where cats lived in castles made of gold. In this magical place, Kitty could soar over fields of corn and explore secret shores. Day and night were just a part of her grand adventure. She met a wise old cat who shared tales of ancient lore by a warm campfire. As the sun began to rise, Kitty's dreams faded, and she awoke with a purr, ready for her day, heart full of joy from her nighttime journey."
"/Users/liu.ying/University of Florida/Leite,Walter - Storiza Corpus Spring 2025/Storiza_Participant_Recording_05-30-25/uid_UHGZEyBQklbC0GB3JZMa5l8yuGT2_sid_E16yjHjCudD8gko6qKSP_1741461241.wav",Once upon a time there were a girl named Taylor Swift She could f.flaɪ high in the sky From the sky she would s spy the bur bright stars and smell smile on a day a ʃ:aɪ bʌt.bʌtəɹflaɪ named mih mih meh m:aɪls flew by her side tay tay|glersuh they danced with the night sky Why so high ækstɪ m:aɪls To try new things ɹɪplaɪ|d Taylor n They loved the night full of bright delights,"Once upon a time, there was a girl named Taylor Swift. She could fly high in the sky. From the sky, she would spy the bright stars and smile. One day, a shy butterfly named Myles flew by her side. Together, they danced with the night sky. ""Why so high?"" asked Myles. ""To try new things,"" replied Taylor. They loved the night, full of bright delights."
"/Users/liu.ying/University of Florida/Leite,Walter - Storiza Corpus Spring 2025/Storiza_Participant_Recording_05-30-25/uid_uJ59YClhDZUuJsN0vsDR1GRv6pu1_sid_oQsxoiXVweAiKFRpos7H_1741229499.wav",Gus and Max are to dogs who love to bark They live on a big farm Every day they chase a red car around the yard Gus runs fæs but Max runs faster One they they spot a kæ far away They dart towards it and the cat dɑɹz up a tree Gus Max wait for the cat to come back down s It soon gets dark they head back to the barn to rest After a hard day they snooze and dream under the stars They are happy being the bɛs friends on nuh farm,"Gus and Max are two dogs who love to bark. They live on a big farm. Every day, they chase a red car around the yard. Gus runs fast, but Max runs faster. One day, they spot a cat far away. They dart towards it, and the cat darts up a tree. Gus and Max wait for the cat to come back down. It soon gets dark, and they head back to the barn to rest. After a hard day, they snooze and dream under the stars. They are happy, being the best of friends on their farm."
"/Users/liu.ying/University of Florida/Leite,Walter - Storiza Corpus Spring 2025/Storiza_Participant_Recording_05-30-25/uid_mHWscHBXcoabM7fdw88AliGuPWw1_sid_dtEYmqVQn7bCiiLgipi7_1742934079.wav",Mermaid Catsy had a fun day by the wɑtɚfɔls She saw tall trees and felt the pull of the water All s|all  the fwɪst big and small heɪm to see kitties play wɪf a ball under  wa|fall wʌtʃt it woʊl n the water In the   c|all   they pull a shelf full of per One  as the   to fall fall It was eɪθ day of the ɹɪs n happy kɔz by the waterfall Yay,"Mermaid Catsy had a fun day by the waterfall. She saw tall trees and felt the pull of the water's lull. All the fish, big and small, came to see her. Catsy played with a ball under the waterfall and watched it roll in the water. In the afternoon, she heard a call from her friend, Ollie the crab. Together, they pulled a shell full of pearls. By evening, Catsy waved farewell as the sun began to fall. It was a day full of thrills and happy calls by the waterfall."
"/Users/liu.ying/University of Florida/Leite,Walter - Storiza Corpus Spring 2025/Storiza_Participant_Recording_05-30-25/uid_u2hytH2KWIS6ewdShfEZisygqIo2_sid_QzCLW5naFB7kEEygwpM4_1741483667.wav",She could hear birds s:ɪŋɪŋ aʊt|saɪd singing outside her window She də sound of chirping meɪ her smile Today will be a good day Minnie said hopping out of bend with a spring in her step Minnie dɪs:aɪdɪd to start her day by going on a little əvɛntʃɚ in her backyard she As she stepped outside the cool breeze felt r|eh r|ef|r|eshing refreshing on her skin She saw the grass listening with dew and she began skipping along the path laɪnt with blooming flowers Butterflies f:lew around uhding|in t:u the live skin.n skenes While wuhile  wandering wandering əɹaʊnt Minnie Minnie spotted a smiling a  pond at the edge of her backyard She crowded down gazing into the water watching as fish were dɑɹtɪn playful l|ivɪŋ tiny ɹɪ|pəlz in their wake The s:ign made her giggle filling her heart wɪf dʒ.dʒɔɪ After a while Minnie tummy start to ɹʌmbəlɪ She realized it was time for bɹɛkfəs She hurried back inside the warm smi the warm smile of p|æn.|pæn|keɪks welcome in her in her her in kəmɪŋ her in Just in time for breakfast her mom ch|imble play placing the steamy plate in in fɹʌn her mɪdi enjoyed her meal thinking about her lovely morning With her s:|um full sum|tch so much full and her heart happy Minnie knew this spring morning was truly special æʃ she finished her meal she f:ɛlt grateful for or the s:|ime simple joys s|əɹaʊndɪŋ her every day,"She could hear birds singing outside her window. The sound of chirping made her smile. ""Today will be a good day,"" Minnie said, hopping out of bed with a spring in her step. Minnie decided to start her day by going on a little adventure in her backyard. As she stepped outside, the cool breeze felt refreshing on her skin. She saw the grass glistening with dew, and she began skipping along the path lined with blooming flowers. Butterflies fluttered around, adding to the lively scene. While wandering around, Minnie spotted a small pond at the edge of her backyard. She crouched down and gazed into the water, watching as fish were darting playfully, leaving tiny ripples in their wake. The sight made her giggle, filling her heart with joy. After a while, Minnie's tummy started rumbling. She realized it was time for breakfast. She hurried back inside, the warm smell of pancakes welcoming her in. ""Just in time for breakfast!"" her mom chimed, placing a steaming plate in front of her. Minnie enjoyed her meal, thinking about her lovely morning. With her stomach full and her heart happy, Minnie knew this spring morning was truly special. As she finished her meal, she felt grateful for the simple joys surrounding her every day."
"/Users/liu.ying/University of Florida/Leite,Walter - Storiza Corpus Spring 2025/Storiza_Participant_Recording_05-30-25/uid_d4lLmJzVbJaLpyCuafResXOry3t2_sid_CIX8Q1BHKmu5ChPnP1ak_1742240966.wav",Whit felt a thrill as he climbed onto the big horse Phil Whispering softly Whit assured Phil Let's gallop swiftly With a whiff the wind whooshed past as they trotted θu the f.|fields Wait giggled feeling the whoosh between his feet When the ride was over White Whit thanked Phil with a pat Phil nudged happily knowing they would have another fun day again soon,"Whit felt a thrill as he climbed onto the big horse, Phil. Whispering softly, Whit assured Phil, ""Let's gallop swiftly!"" With a whiff, the wind whooshed past as they trotted through the fields. Whit giggled, feeling the whoosh beneath his feet. When the ride was over, Whit thanked Phil with a pat. Phil neighed happily, knowing they would have another fun day again soon."
"/Users/liu.ying/University of Florida/Leite,Walter - Storiza Corpus Spring 2025/Storiza_Participant_Recording_05-30-25/uid_lEq1lXM2xafR8w5blWO2OCG8VE93_sid_eFyNYPRW0sdxq0sPEQf7_1743541016.wav",In the land of blocks Steve found a magic map Ihshowt a way to duh hɐɪ.hɪdən keɪ:v h:i told his ffwend Alex and they began ðɛw quest æd dei woʊmd θuw də fowest kwoʊwɪst and pwust howzd wɪvʊz dei saw a rainbow above It touched də top of the mountain gauding de path At ðəɹ cave fɐʊn goʊwd games and a b.əboʊt a  waiting to take dɛm home The boat floated down ðə stream back to ðɛw cozy base Steve and Alex knew they'd hæ mauh əvɛntʃʊwz to follow wɛw dreams uhfowwd and stwum:s gwoʊw,"In the land of blocks, Steve found a magical map. It showed the way to a hidden cave where treasures glow. He told his friend Alex and they began their quest. As they roamed through forests and crossed rivers, they saw a rainbow above. It touched the top of the mountain, guiding their path. At the cave, they found gold, gems, and a boat waiting to take them home. The boat floated down a stream, back to their cozy base. Steve and Alex knew they'd have more adventures to follow, where dreams unfold and stories grow."
"/Users/liu.ying/University of Florida/Leite,Walter - Storiza Corpus Spring 2025/Storiza_Participant_Recording_05-30-25/uid_aKXkeU8QguUwr1lDK1mxXri9hqN2_sid_bgeNoX6mZ9KqJnbUs4Jc_1741731756.wav",Fern found a bird with a hurt wing in ɚ yard She felt sorry and took care of it Using warm water fɝm cleaned the wing Use Using warm water  and fed the bird corn The bird stayed ɪ small corner of house After some days the bird's wing got better It flapped its wings ready to explore more of the world Fern gay waved goodbye as the bird soared high oer clear sky,"Fern found a bird with a hurt wing in her yard. She felt sorry and took care of it. Using warm water, Fern cleaned the wing and fed the bird corn. The bird stayed in a small corner of the house. After some days, the bird's wing got better. It flapped its wings, ready to explore more of the world. Fern waved goodbye as the bird soared high in the clear sky."
"/Users/liu.ying/University of Florida/Leite,Walter - Storiza Corpus Spring 2025/Storiza_Participant_Recording_05-30-25/uid_4w6SC0KmlKV4YmJTalgWiZalQHi2_sid_mfLjPE2t1eMTsYYpBaEa_1742508861.wav",Once upon a time in a beautiful green forest lived a friendly rabbit named Roger He was always happy and loved to play with his friends One sunny day while hopping around he found a shiny red apple on the ground Roger had never seen an apple before and was curious to take a bite He nibble on the apple and it tasted delicious He wanted to keep it so he put it in his basket and hopped back home On one day On the way he stumbled on a big green callerpitar named Cal Callie She had no legs and couldn't move Roger quickly realized that Callie needed help He remembered that he had an apple in his basket and gave it to Callie to eat After eating the apple Callie grew bigger and tɝɛnt to turned into a colorful butterfly Roger was amazed and happy to see he made a new tu sh|have meɪd eɪ new friend They both hopped and flew together exploring the forest while looking for more interesting things and words that con|tay contai contain contained the letter c From then on Roger and Callie were best friends and every time they saw an apple they were reminded of their special bond,"Once upon a time, in a beautiful green forest, lived a friendly rabbit named Roger. He was always happy and loved to play with his friends. One sunny day, while hopping around, he found a shiny red apple on the ground. Roger had never seen an apple before and was curious to take a bite. He nibbled on the apple and it tasted delicious! He wanted to keep it, so he put it in his basket and hopped back home. On the way, he stumbled upon a big green caterpillar named Callie. She had no legs and couldn't move. Roger quickly realized that Callie needed help. He remembered that he had an apple in his basket and gave it to Callie to eat. After eating the apple, Callie grew bigger and turned into a colorful butterfly! Roger was amazed and happy to have made a new friend. They both hopped and flew together, exploring the forest while looking for more interesting things and words that contain the letter 'c'. From then on, Roger and Callie were the best of friends and every time they saw an apple, they were reminded of their special bond."
"/Users/liu.ying/University of Florida/Leite,Walter - Storiza Corpus Spring 2025/Storiza_Participant_Recording_05-30-25/uid_8AhIEcEU81Sn83Fyb0gnFvpiNij2_sid_uFpqxEWSmUluX0tQptOS_1742515199.wav",Once upon a time there was a yawng young s:|tɑɹ shining in the v|.va|s veɪst space ɪ|t liked a d|dan|juh|juh duh:|dan|k.king and singing will while twɪn|kliŋ bɹaɪt|li One day while s:|s:|spɪ|niŋ around it naw|ticed noʊdɪst a new f: hm friend up|p|proch approaching a small comet with a s:|pɑɹ|kl|ɪŋ /tuh|t.t/ wis wɪθ eɪ spɑɹklɪŋ tell tail tu|ɡɛðɚ they be|gin began greeting amazing pæ|tɚns w.whirl|ing and swirling across the galaxy As they played other stars started joining the fun making a lɪŋ th:in da|sing thigh payraid per par|d in space ev|eev|ven|tuh|tawly the time came f:oɹ  little s:|tɑɹ to rest but it never s|tɑpt dreaming of more twi.|twinkl.|ling av|ven|ture w.wɪθ its friends,"Once upon a time, there was a young star shining in the vast space. It liked dancing and singing while twinkling brightly. One day, while spinning around, it noticed a new friend approaching—a small comet with a sparkling tail. Together, they began creating amazing patterns, swirling and swinging across the galaxy. As they played, other stars started joining the fun, making a dazzling, singing parade in space. Eventually, the time came for the little star to rest, but it never stopped dreaming of more twinkling adventures with its friends."
"/Users/liu.ying/University of Florida/Leite,Walter - Storiza Corpus Spring 2025/Storiza_Participant_Recording_05-30-25/uid_u2hytH2KWIS6ewdShfEZisygqIo2_sid_7IUfKNbPtSLLxwJEdkZc_1743194542.wav",Roy and Jill had a big day ahead They were going to learn tap dance at the local hall exc:|ti:ted nei joi:ned də kllack ʊθ ʌ:ðəɹ boys and girls Det ðə teacher Miss dʌn taught them to tap their feet wɪf joy your toʊʃ and enjoy she sɐiŋ as much fild nə room Everyone tæ:pt in un|nison c.cre|a|ting ei: lovely dʒɔ:i tw:irl|led around and Joy jumped with joy At the ʌnd of class ɔi and Joy were f:ʊl of happiness dei couldn't wait to show dɛɹ pahr parents the new steps they had discovered,"Roy and Joy had a big day ahead. They were going to learn tap dance at the local hall. Excitedly, they joined the class with other boys and girls. Their teacher, Miss Doyle, taught them to tap their feet with joy. ""Point your toes and enjoy!"" she sang as music filled the room. Everyone tapped in unison, creating a lively noise. Joy twirled around, and Roy jumped with joy. At the end of the class, Roy and Joy were full of happiness. They couldn't wait to show their parents the new steps they had discovered."
"/Users/liu.ying/University of Florida/Leite,Walter - Storiza Corpus Spring 2025/Storiza_Participant_Recording_05-30-25/uid_Gt0cspsUtRSvEXXHZKUWlVAfyVq2_sid_Fg08PYTUetsEHAd5a7Su_1743619578.wav",Clara is a smart girl who loves to draw and ʃtɑɹz and kɑɹʃ She star|ts her day by dɹɔlɪŋ a large star on her paper After she works on her homework with care Her art work are both neat Her art and work  both neat Clara is t  laɪkʃ to share her art with her mom They sit together under a warm lamp and talk,"Clara is a smart girl who loves to draw stars and cars. She starts her day by drawing a large star on her paper. After, she works on her homework with care. Her art and work are both neat. Her art and work are both neat. Clara likes to share her art with her mom. They sit together under a warm lamp and talk. Her mom gives her a charming smile and offers her some snacks for working hard. Clara feels happy to show her talents and finish her tasks."
"/Users/liu.ying/University of Florida/Leite,Walter - Storiza Corpus Spring 2025/Storiza_Participant_Recording_05-30-25/uid_EfKQNmht2ebtDnNadrezErlhcDF3_sid_94139u3RLB6eDunha2LP_1741737807.wav",One day he saw a big banana He slept on his branch dreaming about the food Then When Sloth woke up h:i felt glad and had a bite The day ended with s the sky turning red Sloth was full fʊl and swung back to his soft bed Sloth made a plan təmɑoʊ more trees to see,"One day, he saw a big banana. He slept on his branch, dreaming about the food. When Sloth woke up, he felt glad and had a bite. The day ended with the sky turning red. Sloth was full and swung back to his soft bed. Sloth made a plan: ""Tomorrow, more trees to see!"""
"/Users/liu.ying/University of Florida/Leite,Walter - Storiza Corpus Spring 2025/Storiza_Participant_Recording_05-30-25/uid_IxbpyVeneRWBOVT8zPZO9dPynyX2_sid_TI7ZfqtWKKN5LypKQDPq_1742330731.wav",Jake liked to play for football every day He ran fast down the field his shoes kicking up dirt The team cheered Go dʒeɪ go as he caught the ball His friends Pete passed him the ball Jake aimed and kicked The ball whose o ðə bɑl flew high landing in the goal Goal shouting the ti:m Jake smiled width wide Coach said I'm proud of you Jake Its a ɪt was a great day Jake loved football and playing with his friends it was a day Jake would always remember,"Jake liked to play football every day. He ran fast down the field, his shoes kicking up dirt. The team cheered, ""Go, Jake, go!"" as he caught the ball. His friend, Pete, passed him the ball. Jake aimed and kicked. The ball flew high, landing in the goal. ""Goal!"" shouted the team. Jake smiled wide. Coach said, ""I'm proud of you, Jake!"" It was a great day. Jake loved football and playing with his friends. It was a day Jake would always remember."
"/Users/liu.ying/University of Florida/Leite,Walter - Storiza Corpus Spring 2025/Storiza_Participant_Recording_05-30-25/uid_eQ9VyOzVOCQWR7uTGBGzvfh3rUJ2_sid_d0sd8ez8hxweRUEB02Dj_1742253312.wav",   [pʰɹei] [pɹæ̃ntəd] to the edge of the woods,Pax the fox pranced to the edge of the woods.
"/Users/liu.ying/University of Florida/Leite,Walter - Storiza Corpus Spring 2025/Storiza_Participant_Recording_05-30-25/uid_WU2CHNrkg8hTa41RUFdbv0AtTC42_sid_2Co3lEc8sspfmMu4fH2l_1741135526.wav",In the past America bɪ|ɡæn its  teɪl: with brave ex|plower|s poɹlɚ hm sporeluh spoilers sailing the sea They gave names to bays and plains As day turn settler settlers stayed and towns began to grow and play This how  was  a nation bɪɡɛn to sway its fly in the breeze paving the way to what America is today,"In the past, America began its tale with brave explorers sailing the sea. They gave names to bays and plains. As days turned, settlers stayed, and towns began to grow and play. This was how a nation began to sway its flag in the breeze, paving the way to what America is today."
"/Users/liu.ying/University of Florida/Leite,Walter - Storiza Corpus Spring 2025/Storiza_Participant_Recording_05-30-25/uid_EfKQNmht2ebtDnNadrezErlhcDF3_sid_jz3KP00mqLL8lsiR3aHj_1743543984.wav",They sat in a large room with a big blackboard The teacher taught them to write words and read stɔɹi|z After lessons the cha  children played in a wide yards with s.swɪŋz and slides They liked to race from one tree to another,"They sat in a large room with a big blackboard. The teacher taught them to write words and read stories. After lessons, the children played in a wide yard with swings and slides. They liked to race from one tree to another."
"/Users/liu.ying/University of Florida/Leite,Walter - Storiza Corpus Spring 2025/Storiza_Participant_Recording_05-30-25/uid_8AhIEcEU81Sn83Fyb0gnFvpiNij2_sid_dWWHqaNCItDHVTJsppiM_1742342703.wav",She loved her garden filled with roses and  dæn|st amuh əh among the flowers One day Ella dɹɛðt in əh her fan fin|net ɡaʊ:n and pəlænd a grand feast æθ fəv sun set music pl.played and everyone tʃɪɹzd The joyful evening ended with a magical dɪs|pleɪ of stars tried and h happy ɛlɛ herded to bed dreaming of more æd|vɛn|tʃɚz,"She loved her garden filled with roses and danced among the flowers. One day, Ella dressed in her finest gown and planned a grand feast. As the sun set, music played and everyone cheered. The joyful evening ended with a magical display of stars. Tired and happy, Ella headed to bed, dreaming of more adventures."
"/Users/liu.ying/University of Florida/Leite,Walter - Storiza Corpus Spring 2025/Storiza_Participant_Recording_05-30-25/uid_R1EwS77TeuNWizrTF57TXCX3ufd2_sid_B089U2ffcOfQjtBInn6U_1742992355.wav",braid braid the frog louder l: lep leaps leaps to the pond He sta stops a f:la t flæt rock and hops on  it hm Buh bɹæd Brad is glad and lick louder oh /l:ih|l|likes/ it up quick Then he stops a spots spɑts a small duck oh who kwæk s kwæks and flaps Af At la|s put it together la|s læst last the s:ʌn set cheche: first sound  cha: kæstɪŋ casting red on the pond bɹæ:d mhm say said louder s:ay Goodnight and jumps off left r:i|p|les ripped|s good job good try rips ples ripples be: in: bihaɪnd,"Brad the frog leaps to the pond. He spots a flat rock and hops on it. Brad is glad and licks it up quick. Then, he spots a small duck who quacks and flaps. At last, the sun sets, casting red on the pond. Brad says, ""Goodnight!"" and jumps off, leaving ripples behind."
"/Users/liu.ying/University of Florida/Leite,Walter - Storiza Corpus Spring 2025/Storiza_Participant_Recording_05-30-25/uid_aKXkeU8QguUwr1lDK1mxXri9hqN2_sid_sn7xe4SO3wbbvwXSbzcB_1741732311.wav",One day fɝ:n eh fɝn met a big star mɛt eɪ starfish who felt very small,"One day, Fern met a starfish who felt very small."
"/Users/liu.ying/University of Florida/Leite,Walter - Storiza Corpus Spring 2025/Storiza_Participant_Recording_05-30-25/uid_uJ59YClhDZUuJsN0vsDR1GRv6pu1_sid_k9imYdOEGdX5jWuxNPba_1741229297.wav",One day they while ru adding hay ɑ:n the roof they saw a gray wolf Stay away said Clay Jake had an idea Let's make a safe bay They dug and laid a rock trail around the castle to keep the wolves at bay By mid By midday their their bay was complete and ð.ðeɪ felt safe They sat on the hay under the sun's ray and watched the wolves walk away Hooray they yelled It was splendid day on their  maɪnkɹæf world,"One day, while adding hay on the roof, they saw a gray wolf. ""Stay away!"" said Clay. Jake had an idea, ""Let's make a safe bay!"" They dug and laid a rock trail around the castle to keep the wolves at bay. By midday, their bay was complete, and they felt safe. They sat on the hay, under the sun's ray, and watched the wolves walk away. ""Hooray!"" they yelled. It was a splendid day in their Minecraft world."
"/Users/liu.ying/University of Florida/Leite,Walter - Storiza Corpus Spring 2025/Storiza_Participant_Recording_05-30-25/uid_u2hytH2KWIS6ewdShfEZisygqIo2_sid_6ae2RFg9b4TnHyeQrwPg_1741208178.wav",Once there  a queen with a shiny crown She loved to zone out by the pond in her royal room robe roo robe r|o|b|e Yeah Where's it at robe It said room  A throne made a gold  in ɪn ðəl dome it read Curve the queen followed a path alone,"Once there was a queen with a shiny crown. She loved to zone out by the pond in her royal robe. ""A throne made of gold sparkles in the dome,"" it read. Curious, the queen followed a path alone."
"/Users/liu.ying/University of Florida/Leite,Walter - Storiza Corpus Spring 2025/Storiza_Participant_Recording_05-30-25/uid_Gt0cspsUtRSvEXXHZKUWlVAfyVq2_sid_T60aXpcSfYeutkEUGFiG_1742062680.wav",Lɪliə skipped ɪn the into ðə dragon store hɝ: heart was poun hɝ hɑɹt pounding with excitement She wandered əɹaʊ. She wandered around eyeing each dragon A small green dragon jumped out and landed softly in front of her wagging its tail Lily giggled feeling joy bubbling inside you're you're the one she decided Lilia named the dragon Flick and imagined flying adventures with her new friend Her Mom smiled knowing Leah had made a quick and happy choice,"Lila skipped into the dragon store, her heart pounding with excitement. She wandered around, eyeing each dragon. A small, green dragon jumped out and landed softly in front of her, wagging its tail. Lila giggled, feeling joy bubbling inside. ""You are the one,"" she decided. Lila named the dragon Flick and imagined flying adventures with her new friend. Her mom smiled, knowing Lila had made a quick and happy choice."
"/Users/liu.ying/University of Florida/Leite,Walter - Storiza Corpus Spring 2025/Storiza_Participant_Recording_05-30-25/uid_HGLxgWVfJZWhAsqMf761d40h3eQ2_sid_dfOpuFPgL5wgpnuFyHxW_1741228586.wav",She loves tu: dʒʌ:. dʒʌ judge  the   s:kw:ə:ɹɛl: æ:z clistal as they d|  dace dace a:n the waɪd͜ʒ One day she found a beɪ:. beɪdʒ by the bwɪdʒ Jaddy  Jadey Jiddy pledged to keep it safe as it b.i.l.ɑ:ŋd beyond to the king man who v:. a king man who vɪzɪt|s visitst the lodge fow pichnknist,"She loves to judge the squirrels as they dance on the ridge. One day, she found a badge by the bridge. Jade pledged to keep it safe, as it belonged to a kind man who visits the lodge for picnics."
