Path,Transcript,goldStandard
processed_audio/annotated_sentence_segments/uid_TzE1wYChYkTUAVNeVtZjXuO8cBi2_sid_xVtZiYDJKDrpbrcttqPg_1743434705_195798231_sentence_segment_close.wav,Pat Pat had a pen,Pat had a pan.
processed_audio/annotated_sentence_segments/uid_TzE1wYChYkTUAVNeVtZjXuO8cBi2_sid_xVtZiYDJKDrpbrcttqPg_1743434705_195798232_sentence_segment_close.wav,pet and the in the pan sat,Pat and the pan sat.
processed_audio/annotated_sentence_segments/uid_TzE1wYChYkTUAVNeVtZjXuO8cBi2_sid_xVtZiYDJKDrpbrcttqPg_1743434705_195798233_sentence_segment_close.wav,Pat and the pan fit,Pat and the pan fit.
processed_audio/annotated_sentence_segments/uid_TzE1wYChYkTUAVNeVtZjXuO8cBi2_sid_xVtZiYDJKDrpbrcttqPg_1743434705_195798234_sentence_segment_close.wav,p|at Pat tapped tapped the pe:n,Pat tapped the pan.
processed_audio/annotated_sentence_segments/uid_TzE1wYChYkTUAVNeVtZjXuO8cBi2_sid_xVtZiYDJKDrpbrcttqPg_1743434705_195798235_sentence_segment_close.wav,The pan slib|d slid,The pan slid.
processed_audio/annotated_sentence_segments/uid_TzE1wYChYkTUAVNeVtZjXuO8cBi2_sid_xVtZiYDJKDrpbrcttqPg_1743434705_195798236_sentence_segment_close.wav,pæ:t g: grinned ɡwɪnd,Pat grinned.
processed_audio/annotated_sentence_segments/uid_ukKF4sCANzgmD16fyjMyO7VwR2A2_sid_BhiSjyPVnnE8LlbHAvww_1742164812_195798237_sentence_segment_close.wav,Zade loved playing baskball,Zade loved playing basketball.
processed_audio/annotated_sentence_segments/uid_ukKF4sCANzgmD16fyjMyO7VwR2A2_sid_BhiSjyPVnnE8LlbHAvww_1742164812_195798238_sentence_segment_close.wav,Each day he would wear his gear and head to the court near his home,"Each day, he would wear his gear and head to the court near his home."
processed_audio/annotated_sentence_segments/uid_ukKF4sCANzgmD16fyjMyO7VwR2A2_sid_BhiSjyPVnnE8LlbHAvww_1742164812_195798239_sentence_segment_close.wav,The air was f.fɹɛʃ and Zade felt eager,"The air was fresh, and Zade felt eager."
processed_audio/annotated_sentence_segments/uid_ukKF4sCANzgmD16fyjMyO7VwR2A2_sid_BhiSjyPVnnE8LlbHAvww_1742164812_195798240_sentence_segment_close.wav,on sunny day he was əm determinated to perfect his jump shot,"One sunny day, he was determined to perfect his jump shot."
processed_audio/annotated_sentence_segments/uid_ukKF4sCANzgmD16fyjMyO7VwR2A2_sid_BhiSjyPVnnE8LlbHAvww_1742164812_195798241_sentence_segment_close.wav,He took a deep breath focused and leaped into the air,"He took a deep breath, focused, and leapt into the air."
processed_audio/annotated_sentence_segments/uid_ukKF4sCANzgmD16fyjMyO7VwR2A2_sid_BhiSjyPVnnE8LlbHAvww_1742164812_195798242_sentence_segment_close.wav,The ball scored soared and went through the hoop without touching the rim,The ball soared and went through the hoop without touching the rim.
processed_audio/annotated_sentence_segments/uid_ukKF4sCANzgmD16fyjMyO7VwR2A2_sid_BhiSjyPVnnE8LlbHAvww_1742164812_195798243_sentence_segment_close.wav,The cheer f:.from his friends was loud and filled Zade with pride,The cheer from his friends was loud and filled Zade with pride.
processed_audio/annotated_sentence_segments/uid_ukKF4sCANzgmD16fyjMyO7VwR2A2_sid_BhiSjyPVnnE8LlbHAvww_1742164812_195798244_sentence_segment_close.wav,But during practice he took a hard fall and tore his sneaker,"But during practice, he took a hard fall and tore his sneaker."
processed_audio/annotated_sentence_segments/uid_ukKF4sCANzgmD16fyjMyO7VwR2A2_sid_BhiSjyPVnnE8LlbHAvww_1742164812_195798245_sentence_segment_close.wav,His friends were friends were there to help and show the care,His friends were there to help and show they care.
processed_audio/annotated_sentence_segments/uid_ukKF4sCANzgmD16fyjMyO7VwR2A2_sid_BhiSjyPVnnE8LlbHAvww_1742164812_195798246_sentence_segment_close.wav,Zade sat on the bench a with a small te.tear in his eye thinking his day was over,"Zade sat on the bench with a small tear in his eye, thinking his day was over."
processed_audio/annotated_sentence_segments/uid_ukKF4sCANzgmD16fyjMyO7VwR2A2_sid_BhiSjyPVnnE8LlbHAvww_1742164812_195798247_sentence_segment_close.wav,However his friend Clare cheer from his what came to him with a silly smile,"However, his friend Clare came to him with a sly smile."
processed_audio/annotated_sentence_segments/uid_ukKF4sCANzgmD16fyjMyO7VwR2A2_sid_BhiSjyPVnnE8LlbHAvww_1742164812_195798248_sentence_segment_close.wav,I have a spare pair immai in my bag ʃ.ʃi said,"""I have a spare pair in my bag!"" she said."
processed_audio/annotated_sentence_segments/uid_ukKF4sCANzgmD16fyjMyO7VwR2A2_sid_BhiSjyPVnnE8LlbHAvww_1742164812_195798249_sentence_segment_close.wav,Zade was thrilled,Zade was thrilled.
processed_audio/annotated_sentence_segments/uid_ukKF4sCANzgmD16fyjMyO7VwR2A2_sid_BhiSjyPVnnE8LlbHAvww_1742164812_195798250_sentence_segment_close.wav,He leɪkt up an new sneakers and returned to the game wɪf flair,He laced up the new sneakers and returned to the game with flair.
processed_audio/annotated_sentence_segments/uid_ukKF4sCANzgmD16fyjMyO7VwR2A2_sid_BhiSjyPVnnE8LlbHAvww_1742164812_195798251_sentence_segment_close.wav,By the end of the day Zade's team won,"By the end of the day, Zade's team won."
processed_audio/annotated_sentence_segments/uid_ukKF4sCANzgmD16fyjMyO7VwR2A2_sid_BhiSjyPVnnE8LlbHAvww_1742164812_195798252_sentence_segment_close.wav,As they left the court Zade felt a sense of joy,"As they left the court, Zade felt a sense of joy."
processed_audio/annotated_sentence_segments/uid_ukKF4sCANzgmD16fyjMyO7VwR2A2_sid_BhiSjyPVnnE8LlbHAvww_1742164812_195798253_sentence_segment_close.wav,He learned that friendship and care make any tough time easier to bear,He learned that friendship and care make any tough time easier to bear.
processed_audio/annotated_sentence_segments/uid_gUfM3yODstSdwltidtEzSlIo0q93_sid_YJYpGQOGORLj0onYXX3W_1742770181_195798254_sentence_segment_close.wav,Once ɔ.əpɔn a time a mouth named L:|Lace leɪs: p|aw.aw|nd pon a n.naɪs s|p|o|t spot to a n|ice sp|ot spot to d|an|ce dance,"Once upon a time, a mouse named Lace found a nice spot to dance."
processed_audio/annotated_sentence_segments/uid_gUfM3yODstSdwltidtEzSlIo0q93_sid_YJYpGQOGORLj0onYXX3W_1742770181_195798255_sentence_segment_close.wav,ʃ:i pr...an...ced pranced and  twirled with g...r...ass grass,She pranced and twirled with grace.
processed_audio/annotated_sentence_segments/uid_gUfM3yODstSdwltidtEzSlIo0q93_sid_YJYpGQOGORLj0onYXX3W_1742770181_195798256_sentence_segment_close.wav,Once up|a: Once up     n|ay:|me|t.mt neɪmt l|a:|ss ford a n|ih:.|n|ice nice  spot to dance,"Once upon a time, a mouse named Lace found a nice spot to dance."
processed_audio/annotated_sentence_segments/uid_tHP0GvI5hccNGBzYfgE2pkEHXiW2_sid_p6cLdVe7UtbfmSNky9ER_1743455830_195798257_sentence_segment_close.wav,Sam and Pam plan ænd̚ əvɛntʃəɹ,Sam and Pam plan an adventure.
processed_audio/annotated_sentence_segments/uid_tHP0GvI5hccNGBzYfgE2pkEHXiW2_sid_p6cLdVe7UtbfmSNky9ER_1743455830_195798258_sentence_segment_close.wav,They skid sit si:t sit in a blue van,They sit in a blue van.
processed_audio/annotated_sentence_segments/uid_tHP0GvI5hccNGBzYfgE2pkEHXiW2_sid_p6cLdVe7UtbfmSNky9ER_1743455830_195798259_sentence_segment_close.wav,The blue ðə van goes on sand and mud,The van goes on sand and mud.
processed_audio/annotated_sentence_segments/uid_tHP0GvI5hccNGBzYfgE2pkEHXiW2_sid_p6cLdVe7UtbfmSNky9ER_1743455830_195798260_sentence_segment_close.wav,Sam and Pam guh|uh|r|in grin and clap,Sam and Pam grin and clap.
processed_audio/annotated_sentence_segments/uid_tHP0GvI5hccNGBzYfgE2pkEHXiW2_sid_p6cLdVe7UtbfmSNky9ER_1743455830_195798261_sentence_segment_close.wav,This is fun says Pam,"""This is fun!"" says Pam."
processed_audio/annotated_sentence_segments/uid_tHP0GvI5hccNGBzYfgE2pkEHXiW2_sid_p6cLdVe7UtbfmSNky9ER_1743455830_195798262_sentence_segment_close.wav,An an  ant sits on Sam's hat,An ant sits on Sam's hat.
processed_audio/annotated_sentence_segments/uid_tHP0GvI5hccNGBzYfgE2pkEHXiW2_sid_p6cLdVe7UtbfmSNky9ER_1743455830_195798263_sentence_segment_close.wav,Sam æm Pam stop and look,Sam and Pam stop and look.
processed_audio/annotated_sentence_segments/uid_tHP0GvI5hccNGBzYfgE2pkEHXiW2_sid_p6cLdVe7UtbfmSNky9ER_1743455830_195798264_sentence_segment_close.wav,says An ant said Sam,"""An ant!"" says Sam."
processed_audio/annotated_sentence_segments/uid_tHP0GvI5hccNGBzYfgE2pkEHXiW2_sid_p6cLdVe7UtbfmSNky9ER_1743455830_195798265_sentence_segment_close.wav,Sam and Pam ah ʊ l|a|a|g laugh laugh laugh then continue k.ɑ|k|oʊ|n|t|ɛ.ɛ|n| ʊ con.con|tin|ue.ue contin|cons continue continue the fun ride on the sand,"Sam and Pam laugh, then continue the fun ride on the sand."
processed_audio/annotated_sentence_segments/uid_H7rAk5StNLc0VysmHcZQZTQFpBx2_sid_hjIbQ9OhnZrt82foK1t5_1743079725_195798266_sentence_segment_close.wav,inuh small town there's a pɹaɪt light called Luna,"In a small town, there was a bright light called Luna."
processed_audio/annotated_sentence_segments/uid_H7rAk5StNLc0VysmHcZQZTQFpBx2_sid_hjIbQ9OhnZrt82foK1t5_1743079725_195798267_sentence_segment_close.wav,Every night lunəɪ would shine high sky əɹ high in the sky glowing and growing,"Every night, Luna would shine high in the sky, glowing and growing."
processed_audio/annotated_sentence_segments/uid_H7rAk5StNLc0VysmHcZQZTQFpBx2_sid_hjIbQ9OhnZrt82foK1t5_1743079725_195798268_sentence_segment_close.wav,One day a little child named Ben wanted to see Luna up close,"One day, a little child named Ben wanted to see Luna up close."
processed_audio/annotated_sentence_segments/uid_H7rAk5StNLc0VysmHcZQZTQFpBx2_sid_hjIbQ9OhnZrt82foK1t5_1743079725_195798269_sentence_segment_close.wav,He climbed a steep hill to reach the top where Luna seemed bigger,He climbed a steep hill to reach the top where Luna seemed bigger.
processed_audio/annotated_sentence_segments/uid_H7rAk5StNLc0VysmHcZQZTQFpBx2_sid_hjIbQ9OhnZrt82foK1t5_1743079725_195798270_sentence_segment_close.wav,As Ben looked up he saw the moon smile lighting up the world below,"As Ben looked up, he saw the moon smile, lighting up the world below."
processed_audio/annotated_sentence_segments/uid_H7rAk5StNLc0VysmHcZQZTQFpBx2_sid_hjIbQ9OhnZrt82foK1t5_1743079725_195798271_sentence_segment_close.wav,Suddenly a gentle breeze blew and Ben felt the glow of Luna's ,"Suddenly, a gentle breeze blew, and Ben felt the glow of Luna's warmth."
processed_audio/annotated_sentence_segments/uid_H7rAk5StNLc0VysmHcZQZTQFpBx2_sid_hjIbQ9OhnZrt82foK1t5_1743079725_195798272_sentence_segment_close.wav,He waved goodbye and walked back down knowing ðaʊt Luna would always be there lighting in the night with her gentle  glow  I forgot,"He waved goodbye and walked back down, knowing that Luna would always be there, lighting the night with her gentle glow."
processed_audio/annotated_sentence_segments/uid_XmxSYUZAj4dRqSczt2clQkDf31M2_sid_qaLzxMtHTyjMeYNVaGNP_1741316108_195798273_sentence_segment_close.wav,Once upon a time a lion lived in the vantage grasslands,"Once upon a time, a lion lived in the vast grasslands."
processed_audio/annotated_sentence_segments/uid_XmxSYUZAj4dRqSczt2clQkDf31M2_sid_qaLzxMtHTyjMeYNVaGNP_1741316108_195798274_sentence_segment_close.wav,and One day he met a king who was camping,"One day, he met a king who was camping."
processed_audio/annotated_sentence_segments/uid_XmxSYUZAj4dRqSczt2clQkDf31M2_sid_qaLzxMtHTyjMeYNVaGNP_1741316108_195798275_sentence_segment_close.wav,The lion was curious wʌt edge apported the king approached ðə kɪŋ,The lion was curious and approached the king.
processed_audio/annotated_sentence_segments/uid_XmxSYUZAj4dRqSczt2clQkDf31M2_sid_qaLzxMtHTyjMeYNVaGNP_1741316108_195798276_sentence_segment_close.wav,ðəgl king sh:tood tall honley oldwi holding a this walking s:tɪk,"The king stood tall, holding his walking stick."
processed_audio/annotated_sentence_segments/uid_XmxSYUZAj4dRqSczt2clQkDf31M2_sid_qaLzxMtHTyjMeYNVaGNP_1741316108_195798277_sentence_segment_close.wav,The lion is and king started at each other s:|tarted æt itʃ ʌðəɹ until the sky skaɪ turned dark də like naɪt.naɪtfɔl,The lion and king stared at each other until the sky turned dark like nightfall.
processed_audio/annotated_sentence_segments/uid_XmxSYUZAj4dRqSczt2clQkDf31M2_sid_qaLzxMtHTyjMeYNVaGNP_1741316108_195798278_sentence_segment_close.wav,Then the lion let out a loud ɹo:ɹ,"Then, the lion let out a loud roar."
processed_audio/annotated_sentence_segments/uid_XmxSYUZAj4dRqSczt2clQkDf31M2_sid_qaLzxMtHTyjMeYNVaGNP_1741316108_195798279_sentence_segment_close.wav,The king rides his brave took a step back,"The king, wise and brave, took a step back."
processed_audio/annotated_sentence_segments/uid_XmxSYUZAj4dRqSczt2clQkDf31M2_sid_qaLzxMtHTyjMeYNVaGNP_1741316108_195798280_sentence_segment_close.wav,See the king cau:ge cauge the th lion felt respect,"Seeing the king's courage, the lion felt respect."
processed_audio/annotated_sentence_segments/uid_XmxSYUZAj4dRqSczt2clQkDf31M2_sid_qaLzxMtHTyjMeYNVaGNP_1741316108_195798281_sentence_segment_close.wav,They s:.star sp.shtarteds stroke the kwout mount mount at the sunset,They shared a quiet moment at the sunset.
processed_audio/annotated_sentence_segments/uid_XmxSYUZAj4dRqSczt2clQkDf31M2_sid_qaLzxMtHTyjMeYNVaGNP_1741316108_195798282_sentence_segment_close.wav,Finally the lion turned a ɛ.ɛənd left while the king remembered to hɪz: ten tent gravely for the extremeler,"Finally, the lion turned and left, while the king returned to his tent, grateful for this encounter."
processed_audio/annotated_sentence_segments/uid_21Dw9jLeIqWjrAuRHI1RG1qPz853_sid_DGdDPHDvbqcU25UYdwyt_1741208782_195798283_sentence_segment_close.wav,Once upon a time a little mouse named Lou lived in a big brown house,"Once upon a time, a little mouse named Lou lived in a big brown house."
processed_audio/annotated_sentence_segments/uid_21Dw9jLeIqWjrAuRHI1RG1qPz853_sid_DGdDPHDvbqcU25UYdwyt_1741208782_195798284_sentence_segment_close.wav,Lou love to ex|plor|ing and one day he found a tiny k.ɹaʊn under the couch,"Lou loved to explore, and one day, he found a tiny crown under the couch."
processed_audio/annotated_sentence_segments/uid_21Dw9jLeIqWjrAuRHI1RG1qPz853_sid_DGdDPHDvbqcU25UYdwyt_1741208782_195798285_sentence_segment_close.wav,Wow what a find l|lu thought placing it on his head,"""Wow, what a find!"" Lou thought, placing it on his head."
processed_audio/annotated_sentence_segments/uid_21Dw9jLeIqWjrAuRHI1RG1qPz853_sid_DGdDPHDvbqcU25UYdwyt_1741208782_195798286_sentence_segment_close.wav,With the grown (like crown) crown crown l:u felt proud,"With the crown, Lou felt proud."
processed_audio/annotated_sentence_segments/uid_21Dw9jLeIqWjrAuRHI1RG1qPz853_sid_DGdDPHDvbqcU25UYdwyt_1741208782_195798287_sentence_segment_close.wav,He ɹæ ɛəndə showed his friends the new treasure,He ran around and showed his friends the new treasure.
processed_audio/annotated_sentence_segments/uid_21Dw9jLeIqWjrAuRHI1RG1qPz853_sid_DGdDPHDvbqcU25UYdwyt_1741208782_195798288_sentence_segment_close.wav,But sunə the sun began to go down and Lou know nj:u it was time to ɹɛs time to wr:ist,"But soon, the sun began to go down, and Lou knew it was time to rest."
processed_audio/annotated_sentence_segments/uid_21Dw9jLeIqWjrAuRHI1RG1qPz853_sid_DGdDPHDvbqcU25UYdwyt_1741208782_195798289_sentence_segment_close.wav,As he lay in a bed Lou smiled feeling happy in his little world,"As he lay in bed, Lou smiled, feeling happy in his little world."
processed_audio/annotated_sentence_segments/uid_TQTGm3pFYchsl1S1E0j0Pz15qno1_sid_7SHXQ4irDDmOvLPgsKxh_1741139454_195798290_sentence_segment_close.wav,Grace had a big bɹæʃ at hɜw p...a...d pad,Grace had a big bash at her pad.
processed_audio/annotated_sentence_segments/uid_TQTGm3pFYchsl1S1E0j0Pz15qno1_sid_7SHXQ4irDDmOvLPgsKxh_1741139454_195798291_sentence_segment_close.wav,s.sæm P|a|t Pat and M|a|x Max w:.with g|i|f|t gifts,"Sam, Pat, and Max came with gifts."
processed_audio/annotated_sentence_segments/uid_TQTGm3pFYchsl1S1E0j0Pz15qno1_sid_7SHXQ4irDDmOvLPgsKxh_1741139454_195798292_sentence_segment_close.wav,They sang and clapped as æst Grace c...u...t cut the  cake,They sang and clapped as Grace cut the cake.
processed_audio/annotated_sentence_segments/uid_TQTGm3pFYchsl1S1E0j0Pz15qno1_sid_7SHXQ4irDDmOvLPgsKxh_1741139454_195798293_sentence_segment_close.wav,pear was a cat and a bat on the cake,There was a cat and a bat on the cake.
processed_audio/annotated_sentence_segments/uid_TQTGm3pFYchsl1S1E0j0Pz15qno1_sid_7SHXQ4irDDmOvLPgsKxh_1741139454_195798294_sentence_segment_close.wav,Grace was g|l|a|d glad and h|a|d had a n|a|p nap  æftəw the fun date with hɜw p|al|s.s pals,Grace was glad and had a nap after the fun day with her pals.
processed_audio/annotated_sentence_segments/uid_mHWscHBXcoabM7fdw88AliGuPWw1_sid_xe2N8wvoGE6N1yF3J1u5_1741215857_195798295_sentence_segment_close.wav,Mermaid kitty live in a blue wɑk kʌvə,Mermaid Catsy lived in a blue rock cove.
processed_audio/annotated_sentence_segments/uid_mHWscHBXcoabM7fdw88AliGuPWw1_sid_xe2N8wvoGE6N1yF3J1u5_1741215857_195798296_sentence_segment_close.wav,She loved to ʃæt with a chi|chiny fish,She loved to chat with a shiny fish.
processed_audio/annotated_sentence_segments/uid_mHWscHBXcoabM7fdw88AliGuPWw1_sid_xe2N8wvoGE6N1yF3J1u5_1741215857_195798297_sentence_segment_close.wav,One day kitty found a lost backpack on a dock,"One day, Catsy found a lost backpack on a dock."
processed_audio/annotated_sentence_segments/uid_mHWscHBXcoabM7fdw88AliGuPWw1_sid_xe2N8wvoGE6N1yF3J1u5_1741215857_195798298_sentence_segment_close.wav,Inside was a map to a block island,Inside was a map to a block island.
processed_audio/annotated_sentence_segments/uid_mHWscHBXcoabM7fdw88AliGuPWw1_sid_xe2N8wvoGE6N1yF3J1u5_1741215857_195798299_sentence_segment_close.wav,Explored the pack quick snacks and swam to the spot,"Excited, she packed quick snacks and swam to the spot."
processed_audio/annotated_sentence_segments/uid_mHWscHBXcoabM7fdw88AliGuPWw1_sid_xe2N8wvoGE6N1yF3J1u5_1741215857_195798300_sentence_segment_close.wav,There she met a duck with a s|lɪk gold n: beak,"There, she met a duck with a slick, gold beak."
processed_audio/annotated_sentence_segments/uid_mHWscHBXcoabM7fdw88AliGuPWw1_sid_xe2N8wvoGE6N1yF3J1u5_1741215857_195798301_sentence_segment_close.wav,The duck had lost the backpack,The duck had lost the backpack.
processed_audio/annotated_sentence_segments/uid_mHWscHBXcoabM7fdw88AliGuPWw1_sid_xe2N8wvoGE6N1yF3J1u5_1741215857_195798302_sentence_segment_close.wav,ɡʌlfʊl the duck gave her a ʃ:ɛl clock,"Grateful, the duck gifted her a shell clock."
processed_audio/annotated_sentence_segments/uid_mHWscHBXcoabM7fdw88AliGuPWw1_sid_xe2N8wvoGE6N1yF3J1u5_1741215857_195798303_sentence_segment_close.wav,Kisty thought him and took back home happy with hith new friend and twɛʒəɹ,"Catsy thanked him and ticked back home, happy with her new friend and treasure."
processed_audio/annotated_sentence_segments/uid_WU2CHNrkg8hTa41RUFdbv0AtTC42_sid_9JaVWFblrYlOX7TNJfzJ_1741134609_195798304_sentence_segment_close.wav,In a faraway land brave Ray was known for his amazing cape,"In a faraway land, brave Ray was known for his amazing cape."
processed_audio/annotated_sentence_segments/uid_WU2CHNrkg8hTa41RUFdbv0AtTC42_sid_9JaVWFblrYlOX7TNJfzJ_1741134609_195798305_sentence_segment_close.wav,Each day Ray would train save the day,"Each day, Ray would train to save the day."
processed_audio/annotated_sentence_segments/uid_WU2CHNrkg8hTa41RUFdbv0AtTC42_sid_9JaVWFblrYlOX7TNJfzJ_1741134609_195798306_sentence_segment_close.wav,Today he said I will make a plan to help,"""Today,"" he said, ""I will make a plan to help!"""
processed_audio/annotated_sentence_segments/uid_WU2CHNrkg8hTa41RUFdbv0AtTC42_sid_9JaVWFblrYlOX7TNJfzJ_1741134609_195798307_sentence_segment_close.wav,Ray's friend Jay join ɪ.ɪn eager to play and aid,"Ray's friend, Jay, joined in, eager to play and aid."
processed_audio/annotated_sentence_segments/uid_WU2CHNrkg8hTa41RUFdbv0AtTC42_sid_9JaVWFblrYlOX7TNJfzJ_1741134609_195798308_sentence_segment_close.wav,They set out to find ways to keep the town safe,They set out to find ways to keep the town safe.
processed_audio/annotated_sentence_segments/uid_WU2CHNrkg8hTa41RUFdbv0AtTC42_sid_9JaVWFblrYlOX7TNJfzJ_1741134609_195798309_sentence_segment_close.wav,Way up high they spotted a f:ɹeɪ,"Way up high, they spotted a fray."
processed_audio/annotated_sentence_segments/uid_WU2CHNrkg8hTa41RUFdbv0AtTC42_sid_9JaVWFblrYlOX7TNJfzJ_1741134609_195798310_sentence_segment_close.wav,s:wiftly they f:lu: to f:ɪks the dismay,"Swiftly, they flew to fix the dismay."
processed_audio/annotated_sentence_segments/uid_WU2CHNrkg8hTa41RUFdbv0AtTC42_sid_9JaVWFblrYlOX7TNJfzJ_1741134609_195798311_sentence_segment_close.wav,baɪ: deɪ:z end peace was restored,"By day's end, peace was restored."
processed_audio/annotated_sentence_segments/uid_WU2CHNrkg8hTa41RUFdbv0AtTC42_sid_9JaVWFblrYlOX7TNJfzJ_1741134609_195798312_sentence_segment_close.wav,The town cheered and waved as Ray and Jay flew away promising to always return when the town would need to play it safe again,"The town cheered and waved as Ray and Jay flew away, promising to always return when the town would need to play it safe again."
processed_audio/annotated_sentence_segments/uid_4w6SC0KmlKV4YmJTalgWiZalQHi2_sid_WFBJxSGh2uCXWoF0Nr92_1742511762_195798313_sentence_segment_close.wav,Once upon a time in a far.|faraway land there lived a group of magical creatures called the Whis.|whistol|lots whistolot wis,"""Once upon a time, in a faraway land, there lived a group of magical creatures called the 'Whistolots'."
processed_audio/annotated_sentence_segments/uid_4w6SC0KmlKV4YmJTalgWiZalQHi2_sid_WFBJxSGh2uCXWoF0Nr92_1742511762_195798314_sentence_segment_close.wav,These creatures had the power to wɪs wɪstəl whistle with their long pointy noses,"These creatures had the power to whistle with their long, pointy noses."
processed_audio/annotated_sentence_segments/uid_4w6SC0KmlKV4YmJTalgWiZalQHi2_sid_WFBJxSGh2uCXWoF0Nr92_1742511762_195798315_sentence_segment_close.wav,They wɪvd in a bright colorful forest filled with all kinds of trees ən flowers,"They lived in a bright, colorful forest filled with all kinds of trees and flowers."
processed_audio/annotated_sentence_segments/uid_4w6SC0KmlKV4YmJTalgWiZalQHi2_sid_WFBJxSGh2uCXWoF0Nr92_1742511762_195798316_sentence_segment_close.wav,One day a brave wɪs wɪs Whistolot named wɪzli Whizzy set out on a journey to find a rare plant called the Whisperberry,"One day, a brave Whistolot named Whizzy set out on a journey to find a rare plant called the 'Whisperberry'."
processed_audio/annotated_sentence_segments/uid_4w6SC0KmlKV4YmJTalgWiZalQHi2_sid_WFBJxSGh2uCXWoF0Nr92_1742511762_195798317_sentence_segment_close.wav,This plant was said to have magical powers that could make anyone who ate it able to whistle beautifully,"This plant was said to have magical powers that could make anyone who ate it, able to whistle beautifully."
processed_audio/annotated_sentence_segments/uid_4w6SC0KmlKV4YmJTalgWiZalQHi2_sid_WFBJxSGh2uCXWoF0Nr92_1742511762_195798318_sentence_segment_close.wav,Whizzy search high and low brave braving through θ:ɪk bushes and tall trees unay until h:i finally found the Whisperberry plant,"Whizzy searched high and low, braving through thick bushes and tall trees until he finally found the Whisperberry plant."
processed_audio/annotated_sentence_segments/uid_4w6SC0KmlKV4YmJTalgWiZalQHi2_sid_WFBJxSGh2uCXWoF0Nr92_1742511762_195798319_sentence_segment_close.wav,But as he plucked the berry he notice they they made a funny noise ah a th sound a th sound,"But as he plucked the berries, he noticed they made a funny noise - a 'th' sound."
processed_audio/annotated_sentence_segments/uid_4w6SC0KmlKV4YmJTalgWiZalQHi2_sid_WFBJxSGh2uCXWoF0Nr92_1742511762_195798320_sentence_segment_close.wav,Amazed by his discovery wɪz:i took the berries back to his vige village and started it shared them with his fellow Whistolots,"Amazed by this discovery, Whizzy took the berries back to his village and shared them with his fellow Whistolots."
processed_audio/annotated_sentence_segments/uid_4w6SC0KmlKV4YmJTalgWiZalQHi2_sid_WFBJxSGh2uCXWoF0Nr92_1742511762_195798321_sentence_segment_close.wav,They all They all ate the berries and s: and soon enough they were all able to whistle the with th with a th sound,"They all ate the berries and soon enough, they were all able to whistle with a 'th' sound."
processed_audio/annotated_sentence_segments/uid_4w6SC0KmlKV4YmJTalgWiZalQHi2_sid_WFBJxSGh2uCXWoF0Nr92_1742511762_195798322_sentence_segment_close.wav,From that day on the Whistolots were known for their un unique unique 'th' whistles and all the other animals and in the forest were amazed,"From that day on, the Whistolots were known for their unique 'th' whistles, and all the other animals in the forest were amazed."
processed_audio/annotated_sentence_segments/uid_4w6SC0KmlKV4YmJTalgWiZalQHi2_sid_WFBJxSGh2uCXWoF0Nr92_1742511762_195798323_sentence_segment_close.wav,They all lived happily ever after whistling with their noses and their mouths,"They all lived happily ever after, whistling with their noses and their mouths."""
processed_audio/annotated_sentence_segments/uid_tHP0GvI5hccNGBzYfgE2pkEHXiW2_sid_rLPnR4znaTm5MBeGpUC3_1743543079_195798324_sentence_segment_close.wav,Sam has a big beɪɡ,Sam has a big bag.
processed_audio/annotated_sentence_segments/uid_tHP0GvI5hccNGBzYfgE2pkEHXiW2_sid_rLPnR4znaTm5MBeGpUC3_1743543079_195798325_sentence_segment_close.wav,The bag has a cap and a b...a...t pæt,The bag has a cap and a bat.
processed_audio/annotated_sentence_segments/uid_tHP0GvI5hccNGBzYfgE2pkEHXiW2_sid_rLPnR4znaTm5MBeGpUC3_1743543079_195798326_sentence_segment_close.wav,Sam is at the mat,Sam is at the mat.
processed_audio/annotated_sentence_segments/uid_tHP0GvI5hccNGBzYfgE2pkEHXiW2_sid_rLPnR4znaTm5MBeGpUC3_1743543079_195798327_sentence_segment_close.wav,The mat is red,The mat is red.
processed_audio/annotated_sentence_segments/uid_tHP0GvI5hccNGBzYfgE2pkEHXiW2_sid_rLPnR4znaTm5MBeGpUC3_1743543079_195798328_sentence_segment_close.wav,Sam can sit on the mat,Sam can sit on the mat.
processed_audio/annotated_sentence_segments/uid_tHP0GvI5hccNGBzYfgE2pkEHXiW2_sid_rLPnR4znaTm5MBeGpUC3_1743543079_195798329_sentence_segment_close.wav,A cat is at the mat,A cat is at the mat.
processed_audio/annotated_sentence_segments/uid_tHP0GvI5hccNGBzYfgE2pkEHXiW2_sid_rLPnR4znaTm5MBeGpUC3_1743543079_195798330_sentence_segment_close.wav,The cat has a an tan,The cat has a tan.
processed_audio/annotated_sentence_segments/uid_tHP0GvI5hccNGBzYfgE2pkEHXiW2_sid_rLPnR4znaTm5MBeGpUC3_1743543079_195798331_sentence_segment_close.wav,Sam and the cat nap,Sam and the cat nap.
processed_audio/annotated_sentence_segments/uid_tHP0GvI5hccNGBzYfgE2pkEHXiW2_sid_rLPnR4znaTm5MBeGpUC3_1743543079_195798332_sentence_segment_close.wav,Nap is fun,Nap is fun.
processed_audio/annotated_sentence_segments/uid_tHP0GvI5hccNGBzYfgE2pkEHXiW2_sid_rLPnR4znaTm5MBeGpUC3_1743543079_195798333_sentence_segment_close.wav,Sam t...a...p...s taps the bat,Sam taps the bat.
processed_audio/annotated_sentence_segments/uid_tHP0GvI5hccNGBzYfgE2pkEHXiW2_sid_rLPnR4znaTm5MBeGpUC3_1743543079_195798334_sentence_segment_close.wav,Tap tap tap,"Tap, tap, tap!"
processed_audio/annotated_sentence_segments/uid_tHP0GvI5hccNGBzYfgE2pkEHXiW2_sid_rLPnR4znaTm5MBeGpUC3_1743543079_195798335_sentence_segment_close.wav,The cat naps,The cat naps.
processed_audio/annotated_sentence_segments/uid_tHP0GvI5hccNGBzYfgE2pkEHXiW2_sid_rLPnR4znaTm5MBeGpUC3_1743543079_195798336_sentence_segment_close.wav,Sam gives the cat a cap,Sam gives the cat a cap.
processed_audio/annotated_sentence_segments/uid_tHP0GvI5hccNGBzYfgE2pkEHXiW2_sid_rLPnR4znaTm5MBeGpUC3_1743543079_195798337_sentence_segment_close.wav,The cat is g...l...a...d glad,The cat is glad.
processed_audio/annotated_sentence_segments/uid_4w6SC0KmlKV4YmJTalgWiZalQHi2_sid_YEGwiBRYmGj8UEfBKjEL_1742332995_195798338_sentence_segment_close.wav,ina small town a nay a cat named Whiskers loved to play,"In a small town, a cat named Whiskers loved to play."
processed_audio/annotated_sentence_segments/uid_4w6SC0KmlKV4YmJTalgWiZalQHi2_sid_YEGwiBRYmGj8UEfBKjEL_1742332995_195798339_sentence_segment_close.wav,One day Whiskers found a hat on a mat,"One day, Whiskers found a hat on the mat."
processed_audio/annotated_sentence_segments/uid_4w6SC0KmlKV4YmJTalgWiZalQHi2_sid_YEGwiBRYmGj8UEfBKjEL_1742332995_195798340_sentence_segment_close.wav,The hat was big and flat ,The hat was big and flat.
processed_audio/annotated_sentence_segments/uid_4w6SC0KmlKV4YmJTalgWiZalQHi2_sid_YEGwiBRYmGj8UEfBKjEL_1742332995_195798341_sentence_segment_close.wav,hat on the the mat,"One day, Whiskers found a hat on the mat."
processed_audio/annotated_sentence_segments/uid_4w6SC0KmlKV4YmJTalgWiZalQHi2_sid_YEGwiBRYmGj8UEfBKjEL_1742332995_195798342_sentence_segment_close.wav,The hat was big and flat,The hat was big and flat.
processed_audio/annotated_sentence_segments/uid_4w6SC0KmlKV4YmJTalgWiZalQHi2_sid_YEGwiBRYmGj8UEfBKjEL_1742332995_195798343_sentence_segment_close.wav,Whiskers sat on the h:.hæt dothatagain Whiskers sat in the hat feeling like a king,"Whiskers sat in the hat, feeling like a king."
processed_audio/annotated_sentence_segments/uid_4w6SC0KmlKV4YmJTalgWiZalQHi2_sid_YEGwiBRYmGj8UEfBKjEL_1742332995_195798344_sentence_segment_close.wav,Suddenly a gust of wind blew the hat away,"Suddenly, a gust of wind blew the hat away!"
processed_audio/annotated_sentence_segments/uid_4w6SC0KmlKV4YmJTalgWiZalQHi2_sid_YEGwiBRYmGj8UEfBKjEL_1742332995_195798345_sentence_segment_close.wav,Whiskers chased the hat down the street pass a big red van,"Whiskers chased the hat down the street, past a big red van."
processed_audio/annotated_sentence_segments/uid_4w6SC0KmlKV4YmJTalgWiZalQHi2_sid_YEGwiBRYmGj8UEfBKjEL_1742332995_195798346_sentence_segment_close.wav,The hat landed on a tall tr The hat landed ɪ.ɪn a tall tree,The hat landed in a tall tree.
processed_audio/annotated_sentence_segments/uid_4w6SC0KmlKV4YmJTalgWiZalQHi2_sid_YEGwiBRYmGj8UEfBKjEL_1742332995_195798347_sentence_segment_close.wav,With a quick leap Whiskers climbed the tree and grabbed the hat,"With a quick leap, Whiskers climbed the tree and grabbed the hat."
processed_audio/annotated_sentence_segments/uid_4w6SC0KmlKV4YmJTalgWiZalQHi2_sid_YEGwiBRYmGj8UEfBKjEL_1742332995_195798348_sentence_segment_close.wav,Happy to have it back Whiskers trotted home and place the hat on the mat,"Happy to have it back, Whiskers trotted home and placed the hat on the mat."
processed_audio/annotated_sentence_segments/uid_4w6SC0KmlKV4YmJTalgWiZalQHi2_sid_YEGwiBRYmGj8UEfBKjEL_1742332995_195798349_sentence_segment_close.wav,It was the perfect spot for a cozy nap Good job (goojob),It was the perfect spot for a cozy nap.
processed_audio/annotated_sentence_segments/uid_H7rAk5StNLc0VysmHcZQZTQFpBx2_sid_hKhEKuriIzZEkkdDTX5X_1742907257_195798350_sentence_segment_close.wav,Ella the Elephant loved to explore,Ella the Elephant loved to explore.
processed_audio/annotated_sentence_segments/uid_H7rAk5StNLc0VysmHcZQZTQFpBx2_sid_hKhEKuriIzZEkkdDTX5X_1742907257_195798351_sentence_segment_close.wav,One sunny day she found a shiny red shell by the shore,"One sunny day, she found a shiny red shell by the shore."
processed_audio/annotated_sentence_segments/uid_H7rAk5StNLc0VysmHcZQZTQFpBx2_sid_hKhEKuriIzZEkkdDTX5X_1742907257_195798352_sentence_segment_close.wav,She picked it up and heard a soft whisper,She picked it up and heard a soft whisper.
processed_audio/annotated_sentence_segments/uid_H7rAk5StNLc0VysmHcZQZTQFpBx2_sid_hKhEKuriIzZEkkdDTX5X_1742907257_195798353_sentence_segment_close.wav,Help me said a tiny voice,"""Help me,"" said a tiny voice."
processed_audio/annotated_sentence_segments/uid_H7rAk5StNLc0VysmHcZQZTQFpBx2_sid_hKhEKuriIzZEkkdDTX5X_1742907257_195798354_sentence_segment_close.wav,Ella looked closer nsaw uhlittle crab trapped inside,Ella looked closer and saw a little crab trapped inside.
processed_audio/annotated_sentence_segments/uid_H7rAk5StNLc0VysmHcZQZTQFpBx2_sid_hKhEKuriIzZEkkdDTX5X_1742907257_195798355_sentence_segment_close.wav,With gentle k:ɛəɹ Ella helped the crab wiggle free,"With gentle care, Ella helped the crab wiggle free."
processed_audio/annotated_sentence_segments/uid_H7rAk5StNLc0VysmHcZQZTQFpBx2_sid_hKhEKuriIzZEkkdDTX5X_1742907257_195798356_sentence_segment_close.wav,The crab smiled and said Thank you Ella,"The crab smiled and said, ""Thank you, Ella!"
processed_audio/annotated_sentence_segments/uid_H7rAk5StNLc0VysmHcZQZTQFpBx2_sid_hKhEKuriIzZEkkdDTX5X_1742907257_195798357_sentence_segment_close.wav,I will never forget your kindness,"I will never forget your kindness."""
processed_audio/annotated_sentence_segments/uid_H7rAk5StNLc0VysmHcZQZTQFpBx2_sid_hKhEKuriIzZEkkdDTX5X_1742907257_195798358_sentence_segment_close.wav,Ella waved goodbye and continued her adventure feeling happy she could help,"Ella waved goodbye and continued her adventure, feeling happy she could help."
processed_audio/annotated_sentence_segments/uid_H7rAk5StNLc0VysmHcZQZTQFpBx2_sid_hKhEKuriIzZEkkdDTX5X_1742907257_195798359_sentence_segment_close.wav,From that day on Ella and the crab became the best best of friends ɪksploɪŋ the shore together every day,"From that day on, Ella and the crab became the best of friends, exploring the shore together every day."
processed_audio/annotated_sentence_segments/uid_HGLxgWVfJZWhAsqMf761d40h3eQ2_sid_DmEr4pqsDFri8xozTdsS_1743276724_195798360_sentence_segment_close.wav,Jake and Kate had a wake weɪs,Jake and Kate had a race.
processed_audio/annotated_sentence_segments/uid_HGLxgWVfJZWhAsqMf761d40h3eQ2_sid_DmEr4pqsDFri8xozTdsS_1743276724_195798361_sentence_segment_close.wav,They wæn past the ɡeɪ.t and a lɑdʒ lake,They ran past the gate and a large lake.
processed_audio/annotated_sentence_segments/uid_HGLxgWVfJZWhAsqMf761d40h3eQ2_sid_DmEr4pqsDFri8xozTdsS_1743276724_195798362_sentence_segment_close.wav,dʒæk was fast but Kate was f:  sound it out (sounitout) f:|a f|ay|s|t|er fayster faster,"Jake was fast, but Kate was faster."
processed_audio/annotated_sentence_segments/uid_HGLxgWVfJZWhAsqMf761d40h3eQ2_sid_DmEr4pqsDFri8xozTdsS_1743276724_195798363_sentence_segment_close.wav,She m:.may made in t read little louder She made it to the safe place fɜwst,She made it to the safe place first.
processed_audio/annotated_sentence_segments/uid_HGLxgWVfJZWhAsqMf761d40h3eQ2_sid_DmEr4pqsDFri8xozTdsS_1743276724_195798364_sentence_segment_close.wav,aɪ: now read a little louder keɪ:|t said with a big smile,"""I won!"" Kate said with a big smile."
processed_audio/annotated_sentence_segments/uid_HGLxgWVfJZWhAsqMf761d40h3eQ2_sid_DmEr4pqsDFri8xozTdsS_1743276724_195798365_sentence_segment_close.wav,Jake Jack it's okay keep going  you can skip that word if you need to eə:nd a and g|a:|ve gave theiw (attempted their) hɜw a high five,Jake laughed and gave her a high five.
processed_audio/annotated_sentence_segments/uid_CanxAhhjiePs6niCtdVzPqVIzXt1_sid_bVQ0d0KM1E5YVtD60k0Q_1742072744_195798366_sentence_segment_close.wav,Timmy love solving puzzles,Timmy loved solving puzzles.
processed_audio/annotated_sentence_segments/uid_CanxAhhjiePs6niCtdVzPqVIzXt1_sid_bVQ0d0KM1E5YVtD60k0Q_1742072744_195798367_sentence_segment_close.wav,One sunny day he entered a cubing competition at the local park,"One sunny day, he entered a cubing competition at the local park."
processed_audio/annotated_sentence_segments/uid_CanxAhhjiePs6niCtdVzPqVIzXt1_sid_bVQ0d0KM1E5YVtD60k0Q_1742072744_195798368_sentence_segment_close.wav,The buzz of excitement filled the ɛw as kids gathered with ðɛw kʌlfəl cubes,The buzz of excitement filled the air as kids gathered with their colorful cubes.
processed_audio/annotated_sentence_segments/uid_CanxAhhjiePs6niCtdVzPqVIzXt1_sid_bVQ0d0KM1E5YVtD60k0Q_1742072744_195798369_sentence_segment_close.wav,Timmy practice hard twisting and tɜɹnɪŋ.ɪŋ his cube with s:.kɪl,"Timmy practiced hard, twisting and turning his cube with skill."
processed_audio/annotated_sentence_segments/uid_CanxAhhjiePs6niCtdVzPqVIzXt1_sid_bVQ0d0KM1E5YVtD60k0Q_1742072744_195798370_sentence_segment_close.wav,The timer beep and the competition began,"The timer beeped, and the competition began."
processed_audio/annotated_sentence_segments/uid_CanxAhhjiePs6niCtdVzPqVIzXt1_sid_bVQ0d0KM1E5YVtD60k0Q_1742072744_195798371_sentence_segment_close.wav,hi: focus his fingers m.uvɪŋ swiftly,"He focused, his fingers moving swiftly."
processed_audio/annotated_sentence_segments/uid_CanxAhhjiePs6niCtdVzPqVIzXt1_sid_bVQ0d0KM1E5YVtD60k0Q_1742072744_195798372_sentence_segment_close.wav,Soon he heard a cheer it was his cube pɜfɪktli solve,"Soon, he heard a cheer—it was his cube, perfectly solved!"
processed_audio/annotated_sentence_segments/uid_CanxAhhjiePs6niCtdVzPqVIzXt1_sid_bVQ0d0KM1E5YVtD60k0Q_1742072744_195798373_sentence_segment_close.wav,Timmy grin pwaʊd of his s:|peedy success,"Timmy grinned, proud of his speedy success."
processed_audio/annotated_sentence_segments/uid_CanxAhhjiePs6niCtdVzPqVIzXt1_sid_bVQ0d0KM1E5YVtD60k0Q_1742072744_195798374_sentence_segment_close.wav,At the end of the day he won a shiny blue trophy,"At the end of the day, he won a shiny blue trophy."
processed_audio/annotated_sentence_segments/uid_CanxAhhjiePs6niCtdVzPqVIzXt1_sid_bVQ0d0KM1E5YVtD60k0Q_1742072744_195798375_sentence_segment_close.wav,tɪm.iz heart was full of joy knowing his hɑd work and practice paid off,"Timmy's heart was full of joy, knowing his hard work and practice paid off."
processed_audio/annotated_sentence_segments/uid_gUfM3yODstSdwltidtEzSlIo0q93_sid_cUohhv5ng1lLHzPTf1Oq_1743206693_195798376_sentence_segment_close.wav,Jess has a box of dresses,Jess has a box of dresses.
processed_audio/annotated_sentence_segments/uid_gUfM3yODstSdwltidtEzSlIo0q93_sid_cUohhv5ng1lLHzPTf1Oq_1743206693_195798377_sentence_segment_close.wav,Each dress has a lot of kləɹz,Each dress has a lot of colors.
processed_audio/annotated_sentence_segments/uid_gUfM3yODstSdwltidtEzSlIo0q93_sid_cUohhv5ng1lLHzPTf1Oq_1743206693_195798378_sentence_segment_close.wav,on dress is is red dress is is blue,"One dress is red, another dress is blue."
processed_audio/annotated_sentence_segments/uid_gUfM3yODstSdwltidtEzSlIo0q93_sid_cUohhv5ng1lLHzPTf1Oq_1743206693_195798379_sentence_segment_close.wav,dress lʌ:vz pull|ing pleɪ.pleɪɪŋ with the dr|ess:|ess|es dresses,Jess loves playing with the dresses.
processed_audio/annotated_sentence_segments/uid_gUfM3yODstSdwltidtEzSlIo0q93_sid_cUohhv5ng1lLHzPTf1Oq_1743206693_195798380_sentence_segment_close.wav,ʃ:i dresses up hɜɹ: dɑl:z dolls in the pɹɛti k|ul|ch klɔtʃɪz,She dresses up her dolls in the pretty clothes.
processed_audio/annotated_sentence_segments/uid_gUfM3yODstSdwltidtEzSlIo0q93_sid_cUohhv5ng1lLHzPTf1Oq_1743206693_195798381_sentence_segment_close.wav,When down J...ess Jess p...ut...s puts the dresses back in the box,"When done, Jess puts the dresses back in the box."
processed_audio/annotated_sentence_segments/uid_gUfM3yODstSdwltidtEzSlIo0q93_sid_cUohhv5ng1lLHzPTf1Oq_1743206693_195798382_sentence_segment_close.wav,Then ʃiɹ restes ɹɛstɪz wɪ.wɪθ a s.smaɪl,"Then, she rests with a smile."
processed_audio/annotated_sentence_segments/uid_8AhIEcEU81Sn83Fyb0gnFvpiNij2_sid_5MQZoq9AQEsDcN4s2Te5_1742342125_195798383_sentence_segment_close.wav,One day a cat named Ted dashed through the j.ɑɹd,"One day, a cat named Ted dashed through the yard."
processed_audio/annotated_sentence_segments/uid_8AhIEcEU81Sn83Fyb0gnFvpiNij2_sid_5MQZoq9AQEsDcN4s2Te5_1742342125_195798384_sentence_segment_close.wav,Ted loved to play and jumped over lɔ:ɡz,Ted loved to play and jumped over logs.
processed_audio/annotated_sentence_segments/uid_8AhIEcEU81Sn83Fyb0gnFvpiNij2_sid_5MQZoq9AQEsDcN4s2Te5_1742342125_195798385_sentence_segment_close.wav,Then Ted stopped a red bird and rass raced after it,"Then, Ted spotted a red bird and raced after it."
processed_audio/annotated_sentence_segments/uid_8AhIEcEU81Sn83Fyb0gnFvpiNij2_sid_5MQZoq9AQEsDcN4s2Te5_1742342125_195798386_sentence_segment_close.wav,Ted's f:ɹɛnd n.nɛd joined in the the chase,"Ted's friend, Ned, joined in the chase."
processed_audio/annotated_sentence_segments/uid_8AhIEcEU81Sn83Fyb0gnFvpiNij2_sid_5MQZoq9AQEsDcN4s2Te5_1742342125_195798387_sentence_segment_close.wav,They spt.sprinted until they s:.s:|kid to a stop,They sprinted until they skidded to a stop.
processed_audio/annotated_sentence_segments/uid_8AhIEcEU81Sn83Fyb0gnFvpiNij2_sid_5MQZoq9AQEsDcN4s2Te5_1742342125_195798388_sentence_segment_close.wav,The birds The bird h:æd fl.fl.fl:|lɛd flied,The bird had fled.
processed_audio/annotated_sentence_segments/uid_8AhIEcEU81Sn83Fyb0gnFvpiNij2_sid_5MQZoq9AQEsDcN4s2Te5_1742342125_195798389_sentence_segment_close.wav,"təɹ| Terrr: Tr:ied they res:ted ""un|deɹ"" ʌn|dəɹ the sh:ed con|ten|den con|ten|ten and hafy","Tired, they rested under the shade, contented and happy."
processed_audio/annotated_sentence_segments/uid_FUCVnaPJeyV5kzao6jmObtdzLUE2_sid_uEGWjuJKqljXyeCQVcjs_1742905123_195798390_sentence_segment_close.wav,Billy woke up cheerfully,Billy woke up cheerfully.
processed_audio/annotated_sentence_segments/uid_FUCVnaPJeyV5kzao6jmObtdzLUE2_sid_uEGWjuJKqljXyeCQVcjs_1742905123_195798391_sentence_segment_close.wav,He was quickly drawn to sound of chirping birds outside his window,He was quickly drawn to the sound of chirping birds outside his window.
processed_audio/annotated_sentence_segments/uid_FUCVnaPJeyV5kzao6jmObtdzLUE2_sid_uEGWjuJKqljXyeCQVcjs_1742905123_195798392_sentence_segment_close.wav,eg eeg Eeg|ly Eagerly he laced on his ʃuθ and decided to explore the garden,"Eagerly, he laced his shoes and decided to explore the garden."
processed_audio/annotated_sentence_segments/uid_FUCVnaPJeyV5kzao6jmObtdzLUE2_sid_uEGWjuJKqljXyeCQVcjs_1742905123_195798393_sentence_segment_close.wav, flowers  blooming the wind was blowing,"The flowers were blooming beautifully, and Billy noticed a small butterfly dancing gracefully in the air."
processed_audio/annotated_sentence_segments/uid_FUCVnaPJeyV5kzao6jmObtdzLUE2_sid_uEGWjuJKqljXyeCQVcjs_1742905123_195798394_sentence_segment_close.wav,Billy slowly moved trying not to get scared it away,"Billy moved slowly, trying not to scare it away."
processed_audio/annotated_sentence_segments/uid_FUCVnaPJeyV5kzao6jmObtdzLUE2_sid_uEGWjuJKqljXyeCQVcjs_1742905123_195798395_sentence_segment_close.wav,"After a while the rabbit ""hoopened"" hupənd up but ""naut"" nɔt before ""l""eavin"" l:ivɪn behind ""stoɹay""stɔɹeɪ  day is full of journeys  surprises quickly ","After a while, the rabbit hopped away but not before leaving behind a story for the day: nature is full of gentle surprises, if you listen quietly."
processed_audio/annotated_sentence_segments/uid_22lbfrTq0OP1g1mwv7RZwXUl6eW2_sid_qg1jtaFG5XEfPNYgcLP8_1742503280_195798396_sentence_segment_close.wav,In the bright land of Minecraft Steve woke up to the sun's sign,"In the bright land of Minecraft, Steve woke up to the sun's shine."
processed_audio/annotated_sentence_segments/uid_22lbfrTq0OP1g1mwv7RZwXUl6eW2_sid_qg1jtaFG5XEfPNYgcLP8_1742503280_195798397_sentence_segment_close.wav,He woah wanted to build a great castle,He wanted to build a great castle.
processed_audio/annotated_sentence_segments/uid_22lbfrTq0OP1g1mwv7RZwXUl6eW2_sid_qg1jtaFG5XEfPNYgcLP8_1742503280_195798398_sentence_segment_close.wav,fɜɹs Steve mine and mine collecting stone and wood,"First, Steve mined and mined, collecting stone and wood."
processed_audio/annotated_sentence_segments/uid_22lbfrTq0OP1g1mwv7RZwXUl6eW2_sid_qg1jtaFG5XEfPNYgcLP8_1742503280_195798399_sentence_segment_close.wav,Then he crafted each block with care and place them high,"Then, he crafted each block with care and placed them high."
processed_audio/annotated_sentence_segments/uid_22lbfrTq0OP1g1mwv7RZwXUl6eW2_sid_qg1jtaFG5XEfPNYgcLP8_1742503280_195798400_sentence_segment_close.wav,Soon a tall tower touched the sky,"Soon, a tall tower touched the sky."
processed_audio/annotated_sentence_segments/uid_22lbfrTq0OP1g1mwv7RZwXUl6eW2_sid_qg1jtaFG5XEfPNYgcLP8_1742503280_195798401_sentence_segment_close.wav,But oh no,"But, oh no!"
processed_audio/annotated_sentence_segments/uid_22lbfrTq0OP1g1mwv7RZwXUl6eW2_sid_qg1jtaFG5XEfPNYgcLP8_1742503280_195798402_sentence_segment_close.wav,A creeper came by,A creeper came by.
processed_audio/annotated_sentence_segments/uid_22lbfrTq0OP1g1mwv7RZwXUl6eW2_sid_qg1jtaFG5XEfPNYgcLP8_1742503280_195798403_sentence_segment_close.wav,Ssssss it hih|ss,"""Ssssss,"" it hissed."
processed_audio/annotated_sentence_segments/uid_22lbfrTq0OP1g1mwv7RZwXUl6eW2_sid_qg1jtaFG5XEfPNYgcLP8_1742503280_195798404_sentence_segment_close.wav,Steve  ran fast heart pounding with fright,"Steve ran fast, heart pounding with fright."
processed_audio/annotated_sentence_segments/uid_22lbfrTq0OP1g1mwv7RZwXUl6eW2_sid_qg1jtaFG5XEfPNYgcLP8_1742503280_195798405_sentence_segment_close.wav,Boom,Boom!
processed_audio/annotated_sentence_segments/uid_22lbfrTq0OP1g1mwv7RZwXUl6eW2_sid_qg1jtaFG5XEfPNYgcLP8_1742503280_195798406_sentence_segment_close.wav,"The creeper exploded but ""Stee:ve's"" stiːv castle stood shrawng","The creeper exploded, but Steve's castle stood strong."
processed_audio/annotated_sentence_segments/uid_22lbfrTq0OP1g1mwv7RZwXUl6eW2_sid_qg1jtaFG5XEfPNYgcLP8_1742503280_195798407_sentence_segment_close.wav,With a smile wide Steve knew he was safe,"With a smile wide, Steve knew he was safe."
processed_audio/annotated_sentence_segments/uid_22lbfrTq0OP1g1mwv7RZwXUl6eW2_sid_qg1jtaFG5XEfPNYgcLP8_1742503280_195798408_sentence_segment_close.wav,He added a moat just in case,"He added a moat, just in case."
processed_audio/annotated_sentence_segments/uid_22lbfrTq0OP1g1mwv7RZwXUl6eW2_sid_qg1jtaFG5XEfPNYgcLP8_1742503280_195798409_sentence_segment_close.wav,As the stairs twinkled Steve whispered Good night Minecraft world,"As the stars twinkled, Steve whispered, ""Good night, Minecraft world."""
processed_audio/annotated_sentence_segments/uid_u2hytH2KWIS6ewdShfEZisygqIo2_sid_RxGwyd4cqfpuxwAp2VR4_1741140582_195798410_sentence_segment_close.wav,Jess lives by a s: the sea and loves shell,Jess lives by the sea and loves shells.
processed_audio/annotated_sentence_segments/uid_u2hytH2KWIS6ewdShfEZisygqIo2_sid_RxGwyd4cqfpuxwAp2VR4_1741140582_195798411_sentence_segment_close.wav,The She collects shells with her nɛ.t,She collects shells with her net.
processed_audio/annotated_sentence_segments/uid_u2hytH2KWIS6ewdShfEZisygqIo2_sid_RxGwyd4cqfpuxwAp2VR4_1741140582_195798412_sentence_segment_close.wav,"One day ""Jez"" dʒɛz finds a ""neh"" næ| nn:est of ""egks"" ɜks by the shore","One day, Jess finds a nest of eggs by the shore."
processed_audio/annotated_sentence_segments/uid_u2hytH2KWIS6ewdShfEZisygqIo2_sid_RxGwyd4cqfpuxwAp2VR4_1741140582_195798413_sentence_segment_close.wav,Gently she watch the waves ɛəw hopes for the little bird arrive,"Gently, she watches the waves and hopes for the little birds' arrival."
processed_audio/annotated_sentence_segments/uid_u2hytH2KWIS6ewdShfEZisygqIo2_sid_RxGwyd4cqfpuxwAp2VR4_1741140582_195798414_sentence_segment_close.wav,"Each day Jess visited the nest to ""es|"" ɛz| erssh:ore make su:re it is safe","Each day, Jess visits the nest to ensure it is safe."
processed_audio/annotated_sentence_segments/uid_u2hytH2KWIS6ewdShfEZisygqIo2_sid_RxGwyd4cqfpuxwAp2VR4_1741140582_195798415_sentence_segment_close.wav,Finally baby birds hatch an flap their winks,"Finally, baby birds hatch and flap their wings."
processed_audio/annotated_sentence_segments/uid_u2hytH2KWIS6ewdShfEZisygqIo2_sid_RxGwyd4cqfpuxwAp2VR4_1741140582_195798416_sentence_segment_close.wav,Jess smile knowing her qu...ih ,"Jess smiles, knowing her quiet care helps."
processed_audio/annotated_sentence_segments/uid_u2hytH2KWIS6ewdShfEZisygqIo2_sid_RxGwyd4cqfpuxwAp2VR4_1741140582_195798417_sentence_segment_close.wav,The sea is call  sea I mean Jess feels at pl|ace,"The sea is calm, and Jess feels at peace."
processed_audio/annotated_sentence_segments/uid_u2hytH2KWIS6ewdShfEZisygqIo2_sid_JWzwJL0aqbRtvTCiTdCm_1743194311_195798418_sentence_segment_close.wav,Princess Starshine lived in a castle wɪs sunflowers ith'a sunflower garden,Princess Starshine lived in a castle with a sunflower garden.
processed_audio/annotated_sentence_segments/uid_u2hytH2KWIS6ewdShfEZisygqIo2_sid_JWzwJL0aqbRtvTCiTdCm_1743194311_195798419_sentence_segment_close.wav,She love to play with her her pet dragonfly,She loved to play with her pet dragonfly.
processed_audio/annotated_sentence_segments/uid_u2hytH2KWIS6ewdShfEZisygqIo2_sid_JWzwJL0aqbRtvTCiTdCm_1743194311_195798420_sentence_segment_close.wav,"One sunny ""mo|nay"" she ""pp:ut"" p:ʊt on her ""ɹaincoo:at"" ɹeɪnko:ʊt  for a walk in her backyard","One sunny morning, she put on her raincoat and went for a walk in her backyard."
processed_audio/annotated_sentence_segments/uid_u2hytH2KWIS6ewdShfEZisygqIo2_sid_JWzwJL0aqbRtvTCiTdCm_1743194311_195798421_sentence_segment_close.wav,She saw a rainbow and found a ladybug on a sunflower,She saw a rainbow and found a ladybug on a sunflower.
processed_audio/annotated_sentence_segments/uid_u2hytH2KWIS6ewdShfEZisygqIo2_sid_JWzwJL0aqbRtvTCiTdCm_1743194311_195798422_sentence_segment_close.wav,The ladybug whispered Friendship is magical,"The ladybug whispered, ""Friendship is magical!"""
processed_audio/annotated_sentence_segments/uid_u2hytH2KWIS6ewdShfEZisygqIo2_sid_JWzwJL0aqbRtvTCiTdCm_1743194311_195798423_sentence_segment_close.wav,Princess Starshine went went home with a smile knowing her garden hɛlə delightful su...prise every day,"Princess Starshine returned home with a smile, knowing her garden held delightful surprises every day."
processed_audio/annotated_sentence_segments/uid_ZegJLYO9QiacSJTQWx7CWauRcQr1_sid_IP7PfaQTWmDEPd4AN0QI_1742611439_195798424_sentence_segment_close.wav,In a dark In a dark vast space a brave mouse named Chase found a shiny case,"In a dark, vast space, a brave mouse named Chase found a shiny case."
processed_audio/annotated_sentence_segments/uid_ZegJLYO9QiacSJTQWx7CWauRcQr1_sid_IP7PfaQTWmDEPd4AN0QI_1742611439_195798425_sentence_segment_close.wav,Inside the case was a map to əm a magical eɪ mædʒɪkəl place hidden in the stars,"Inside the case was a map to a magical place, hidden in the stars."
processed_audio/annotated_sentence_segments/uid_ZegJLYO9QiacSJTQWx7CWauRcQr1_sid_IP7PfaQTWmDEPd4AN0QI_1742611439_195798426_sentence_segment_close.wav,Chase hops into a small ʌm fast spaceship ready to race through space,"Chase hopped into a small, fast spaceship, ready to race through space."
processed_audio/annotated_sentence_segments/uid_ZegJLYO9QiacSJTQWx7CWauRcQr1_sid_IP7PfaQTWmDEPd4AN0QI_1742611439_195798427_sentence_segment_close.wav,As he zoom past planets he saw a bright face ʌm in the moon guiding this way,"As he zoomed past planets, he saw a bright face in the moon, guiding his way."
processed_audio/annotated_sentence_segments/uid_ZegJLYO9QiacSJTQWx7CWauRcQr1_sid_IP7PfaQTWmDEPd4AN0QI_1742611439_195798428_sentence_segment_close.wav,At last Chase əm reashe reshearched the place a planet f|um|f:ull of cheese,"At last, Chase reached the place, a planet full of cheese!"
processed_audio/annotated_sentence_segments/uid_ZegJLYO9QiacSJTQWx7CWauRcQr1_sid_IP7PfaQTWmDEPd4AN0QI_1742611439_195798429_sentence_segment_close.wav,He danced with grace ni..nimb...nimbling ʌm happily,"He danced with grace, nibbling happily."
processed_audio/annotated_sentence_segments/uid_ZegJLYO9QiacSJTQWx7CWauRcQr1_sid_IP7PfaQTWmDEPd4AN0QI_1742611439_195798430_sentence_segment_close.wav,"When the day was ʌm was done Chaf (tʃɪf) flew back ""hame"" hɑm his heart full of dʒ| ""um"" um joy dreaming of his ""nek"" nɛk space adventure","When the day was done, Chase flew back home, his heart full of joy, dreaming of his next space adventure."
processed_audio/annotated_sentence_segments/uid_EOwDjm2STZfXSXQJzWXadFRGRzn1_sid_WEYdsWeS5fhAJrS4XVw0_1743029787_195798431_sentence_segment_close.wav,Once upon a time a boy named Roy found a toy bot,"Once upon a time, a boy named Roy found a toy boat."
processed_audio/annotated_sentence_segments/uid_EOwDjm2STZfXSXQJzWXadFRGRzn1_sid_WEYdsWeS5fhAJrS4XVw0_1743029787_195798432_sentence_segment_close.wav,He kʊk joy in watching it suh|sail,He took joy in watching it sail.
processed_audio/annotated_sentence_segments/uid_EOwDjm2STZfXSXQJzWXadFRGRzn1_sid_WEYdsWeS5fhAJrS4XVw0_1743029787_195798433_sentence_segment_close.wav,The bɑt made the noise when wind was where he high hih and raw Roy loved that sound,"The boat made a noise when winds were high, and Roy loved that sound."
processed_audio/annotated_sentence_segments/uid_EOwDjm2STZfXSXQJzWXadFRGRzn1_sid_WEYdsWeS5fhAJrS4XVw0_1743029787_195798434_sentence_segment_close.wav,"One day the ""bot"" bɑt differed away","One day, the boat drifted away."
processed_audio/annotated_sentence_segments/uid_EOwDjm2STZfXSXQJzWXadFRGRzn1_sid_WEYdsWeS5fhAJrS4XVw0_1743029787_195798435_sentence_segment_close.wav,"Roy was sad but then stopped it ""wuh"" wʌ ""it"" ɪt on the it on sad but then",Roy was sad but then spotted it on the shore.
processed_audio/annotated_sentence_segments/uid_EOwDjm2STZfXSXQJzWXadFRGRzn1_sid_WEYdsWeS5fhAJrS4XVw0_1743029787_195798436_sentence_segment_close.wav,Roy was sad but then stopped it on the shore,Roy was sad but then spotted it on the shore.
processed_audio/annotated_sentence_segments/uid_EOwDjm2STZfXSXQJzWXadFRGRzn1_sid_WEYdsWeS5fhAJrS4XVw0_1743029787_195798437_sentence_segment_close.wav,"oʊvəɹ| Overjoy he r:ived his belove loved bɪlʌvd toy ""vv:|"" ""aa:|"" ow| ing vowing vowing to never let it go again","Overjoyed, he retrieved his beloved toy, vowing to never let it go again."
processed_audio/annotated_sentence_segments/uid_EfKQNmht2ebtDnNadrezErlhcDF3_sid_WbzHVYfLznidwbd3NQZn_1743544365_195798438_sentence_segment_close.wav,Sam and Tim ran to the big field,Sam and Tim ran to the big field.
processed_audio/annotated_sentence_segments/uid_EfKQNmht2ebtDnNadrezErlhcDF3_sid_WbzHVYfLznidwbd3NQZn_1743544365_195798439_sentence_segment_close.wav,The sun was high and the grass was soft,"The sun was high, and the grass was soft."
processed_audio/annotated_sentence_segments/uid_EfKQNmht2ebtDnNadrezErlhcDF3_sid_WbzHVYfLznidwbd3NQZn_1743544365_195798440_sentence_segment_close.wav,Let's play said Tim with a grin,"""Let's play!"" said Tim with a grin."
processed_audio/annotated_sentence_segments/uid_EfKQNmht2ebtDnNadrezErlhcDF3_sid_WbzHVYfLznidwbd3NQZn_1743544365_195798441_sentence_segment_close.wav,he kicked the bə.bɹaɪt red ball back and forth,They kicked the bright red ball back and forth.
processed_audio/annotated_sentence_segments/uid_EfKQNmht2ebtDnNadrezErlhcDF3_sid_WbzHVYfLznidwbd3NQZn_1743544365_195798442_sentence_segment_close.wav,Sam fell but he laughed,"Sam fell, but he laughed."
processed_audio/annotated_sentence_segments/uid_EfKQNmht2ebtDnNadrezErlhcDF3_sid_WbzHVYfLznidwbd3NQZn_1743544365_195798443_sentence_segment_close.wav,Tim helped him up,Tim helped him up.
processed_audio/annotated_sentence_segments/uid_EfKQNmht2ebtDnNadrezErlhcDF3_sid_WbzHVYfLznidwbd3NQZn_1743544365_195798444_sentence_segment_close.wav,They had fun in the sun,They had fun in the sun.
processed_audio/annotated_sentence_segments/uid_EfKQNmht2ebtDnNadrezErlhcDF3_sid_WbzHVYfLznidwbd3NQZn_1743544365_195798445_sentence_segment_close.wav,Time to rest said Sam,"""Time to rest,"" said Sam."
processed_audio/annotated_sentence_segments/uid_EfKQNmht2ebtDnNadrezErlhcDF3_sid_WbzHVYfLznidwbd3NQZn_1743544365_195798446_sentence_segment_close.wav,They both sat under the big oak tree,They both sat under the big oak tree.
processed_audio/annotated_sentence_segments/uid_EfKQNmht2ebtDnNadrezErlhcDF3_sid_WbzHVYfLznidwbd3NQZn_1743544365_195798447_sentence_segment_close.wav,Thaye ðæt was fun said Tim,"""That was fun,"" said Tim."
processed_audio/annotated_sentence_segments/uid_EfKQNmht2ebtDnNadrezErlhcDF3_sid_WbzHVYfLznidwbd3NQZn_1743544365_195798448_sentence_segment_close.wav,The wind was cool and the grass felt nice,"The wind was cool, and the grass felt nice."
processed_audio/annotated_sentence_segments/uid_EfKQNmht2ebtDnNadrezErlhcDF3_sid_WbzHVYfLznidwbd3NQZn_1743544365_195798449_sentence_segment_close.wav,Soon they saw the sky turn red at the sun set,"Soon, they saw the sky turn red as the sun set."
processed_audio/annotated_sentence_segments/uid_EfKQNmht2ebtDnNadrezErlhcDF3_sid_WbzHVYfLznidwbd3NQZn_1743544365_195798450_sentence_segment_close.wav,Let's play again tomorrow promise Sam,"""Let's play again tomorrow,"" promised Sam."
processed_audio/annotated_sentence_segments/uid_EfKQNmht2ebtDnNadrezErlhcDF3_sid_WbzHVYfLznidwbd3NQZn_1743544365_195798451_sentence_segment_close.wav,ð.ðə day closed with smiles,The day closed with smiles.
processed_audio/annotated_sentence_segments/uid_4w6SC0KmlKV4YmJTalgWiZalQHi2_sid_NgaO9D2P5AKhZ1oZBupY_1742421508_195798452_sentence_segment_close.wav,Once upon a time a small frog named Flip lived in by a sparkling pond,"Once upon a time, a small frog named Flip lived by a sparkling pond."
processed_audio/annotated_sentence_segments/uid_4w6SC0KmlKV4YmJTalgWiZalQHi2_sid_NgaO9D2P5AKhZ1oZBupY_1742421508_195798453_sentence_segment_close.wav,Every morning Flip would hop to the pond edge pond's edge and take a big wip into a k:ul water,"Every morning, Flip would hop to the pond's edge and take a big leap into the cool water."
processed_audio/annotated_sentence_segments/uid_4w6SC0KmlKV4YmJTalgWiZalQHi2_sid_NgaO9D2P5AKhZ1oZBupY_1742421508_195798454_sentence_segment_close.wav,One day Flip met a bird name Chip,"One day, Flip met a bird named Chip."
processed_audio/annotated_sentence_segments/uid_4w6SC0KmlKV4YmJTalgWiZalQHi2_sid_NgaO9D2P5AKhZ1oZBupY_1742421508_195798455_sentence_segment_close.wav,Chip chirped happily Let's play a game,"Chip chirped happily, ""Let's play a game!"""
processed_audio/annotated_sentence_segments/uid_4w6SC0KmlKV4YmJTalgWiZalQHi2_sid_NgaO9D2P5AKhZ1oZBupY_1742421508_195798456_sentence_segment_close.wav,Flip nodded and they decided to jump from rock to rock,Flip nodded and they decided to jump from rock to rock.
processed_audio/annotated_sentence_segments/uid_4w6SC0KmlKV4YmJTalgWiZalQHi2_sid_NgaO9D2P5AKhZ1oZBupY_1742421508_195798457_sentence_segment_close.wav,Flip and Chip laughed as they hopped and chirped enjoying the sunny day,"Flip and Chip laughed as they hopped and chirped, enjoying the sunny day."
processed_audio/annotated_sentence_segments/uid_4w6SC0KmlKV4YmJTalgWiZalQHi2_sid_NgaO9D2P5AKhZ1oZBupY_1742421508_195798458_sentence_segment_close.wav,As the sun began to set Flip waved goodbye to chirp promising to play again tomorrow,"As the sun began to set, Flip waved goodbye to Chip, promising to play again tomorrow."
processed_audio/annotated_sentence_segments/uid_4w6SC0KmlKV4YmJTalgWiZalQHi2_sid_NgaO9D2P5AKhZ1oZBupY_1742421508_195798459_sentence_segment_close.wav,"Flip felt happy knowing he had a new friend by the ""pawn""pɑn","Flip felt happy, knowing he had a new friend by the pond."
processed_audio/annotated_sentence_segments/uid_ECPqsmdUcMhqkJwXAfhhs3XTgoa2_sid_ad4vlPTbFapt9rOhL5sG_1742508027_195798460_sentence_segment_close.wav,Once there was a mɪt about a hill filled wɪt odd creatures,Once there was a myth about a hill filled with odd creatures.
processed_audio/annotated_sentence_segments/uid_ECPqsmdUcMhqkJwXAfhhs3XTgoa2_sid_ad4vlPTbFapt9rOhL5sG_1742508027_195798461_sentence_segment_close.wav,Buzz the brave fox wanted to find it,"Buzz, the brave fox, wanted to find it."
processed_audio/annotated_sentence_segments/uid_ECPqsmdUcMhqkJwXAfhhs3XTgoa2_sid_ad4vlPTbFapt9rOhL5sG_1742508027_195798462_sentence_segment_close.wav,O|off he went wit with fluffy tail swishing,"Off he went, his fluffy tail swishing."
processed_audio/annotated_sentence_segments/uid_ECPqsmdUcMhqkJwXAfhhs3XTgoa2_sid_ad4vlPTbFapt9rOhL5sG_1742508027_195798463_sentence_segment_close.wav,At də top he met a muːs-kʌvəɹd,"At the top, he met a moss-covered troll."
processed_audio/annotated_sentence_segments/uid_ECPqsmdUcMhqkJwXAfhhs3XTgoa2_sid_ad4vlPTbFapt9rOhL5sG_1742508027_195798464_sentence_segment_close.wav,The tror troll had a riddle,The troll had a riddle.
processed_audio/annotated_sentence_segments/uid_ECPqsmdUcMhqkJwXAfhhs3XTgoa2_sid_ad4vlPTbFapt9rOhL5sG_1742508027_195798465_sentence_segment_close.wav,"""Bus"" bʌs pondereded ""den"" dɛn think ""wit"" wɪt a skillful guess he solved it","Buzz pondered, then with a skillful guess, he solved it."
processed_audio/annotated_sentence_segments/uid_ECPqsmdUcMhqkJwXAfhhs3XTgoa2_sid_ad4vlPTbFapt9rOhL5sG_1742508027_195798466_sentence_segment_close.wav,"""Duh"" də troll handed Duh Buzz a s:iney necklace ""wit"" wɪt a Wit a thrill ""Bus"" bʌs left ""duh"" də hill","The troll handed Buzz a shiny necklace, and with a thrill, Buzz left the hill."
processed_audio/annotated_sentence_segments/uid_ECPqsmdUcMhqkJwXAfhhs3XTgoa2_sid_ad4vlPTbFapt9rOhL5sG_1742508027_195798467_sentence_segment_close.wav,Duh (də) legend remained but Buzz had his proof,"The legend remained, but Buzz had his proof."
processed_audio/annotated_sentence_segments/uid_mHWscHBXcoabM7fdw88AliGuPWw1_sid_7n1Handdit8pBvWWWmNt_1741993555_195798468_sentence_segment_close.wav,There was a unicorn Name Steve,There was a unicorn named Steve.
processed_audio/annotated_sentence_segments/uid_mHWscHBXcoabM7fdw88AliGuPWw1_sid_7n1Handdit8pBvWWWmNt_1741993555_195798469_sentence_segment_close.wav,Steve love lived in a cave baɪ: the sea,Steve lived in a cave by the sea.
processed_audio/annotated_sentence_segments/uid_mHWscHBXcoabM7fdw88AliGuPWw1_sid_7n1Handdit8pBvWWWmNt_1741993555_195798470_sentence_segment_close.wav,Each day he would peek out to si: the weɪ:vz,"Each day, he would peek out to see the waves."
processed_audio/annotated_sentence_segments/uid_mHWscHBXcoabM7fdw88AliGuPWw1_sid_7n1Handdit8pBvWWWmNt_1741993555_195798471_sentence_segment_close.wav,One day Steve met a brwa:ve dove named Eve,"One day, Steve met a brave dove named Eve."
processed_audio/annotated_sentence_segments/uid_mHWscHBXcoabM7fdw88AliGuPWw1_sid_7n1Handdit8pBvWWWmNt_1741993555_195798472_sentence_segment_close.wav,"They ""kay"" (kə|) became best fwiends (fwɛndz) great friends and played games every iː:v every eve",They became great friends and played games every eve.
processed_audio/annotated_sentence_segments/uid_mHWscHBXcoabM7fdw88AliGuPWw1_sid_7n1Handdit8pBvWWWmNt_1741993555_195798473_sentence_segment_close.wav,"""Wu|"" wʌ| One Sun|day Eve had a plan","One sunny day, Eve had a plan."
processed_audio/annotated_sentence_segments/uid_mHWscHBXcoabM7fdw88AliGuPWw1_sid_7n1Handdit8pBvWWWmNt_1741993555_195798474_sentence_segment_close.wav,Let's wace (weɪs) to the lake Eve said,"""Let's race to the lake,"" Eve said."
processed_audio/annotated_sentence_segments/uid_mHWscHBXcoabM7fdw88AliGuPWw1_sid_7n1Handdit8pBvWWWmNt_1741993555_195798475_sentence_segment_close.wav,s:tave gra:de greed,Steve agreed.
processed_audio/annotated_sentence_segments/uid_mHWscHBXcoabM7fdw88AliGuPWw1_sid_7n1Handdit8pBvWWWmNt_1741993555_195798476_sentence_segment_close.wav,They waced (weɪst) əg and had fun till the dusk fɛl:,They raced and had fun till the dusk fell.
processed_audio/annotated_sentence_segments/uid_mHWscHBXcoabM7fdw88AliGuPWw1_sid_7n1Handdit8pBvWWWmNt_1741993555_195798477_sentence_segment_close.wav,"At last they ""weached"" witʃt the shore and ""S:Steve"" s:tiv said This was the ""besth"" bɛsð day Eve","At last, they reached the shore and Steve said, ""This was the best day, Eve."""
processed_audio/annotated_sentence_segments/uid_mHWscHBXcoabM7fdw88AliGuPWw1_sid_7n1Handdit8pBvWWWmNt_1741993555_195798478_sentence_segment_close.wav,They made a pick picnic picked pact to meet again every week,They made a pact to meet again every week.
processed_audio/annotated_sentence_segments/uid_mHWscHBXcoabM7fdw88AliGuPWw1_sid_7n1Handdit8pBvWWWmNt_1741993555_195798479_sentence_segment_close.wav,todeh Together s:tiv and i:v ʃɛd many mow əvɛntʃəɹz,"Together, Steve and Eve shared many more adventures."
processed_audio/annotated_sentence_segments/uid_u2hytH2KWIS6ewdShfEZisygqIo2_sid_8sraqBTHXNRWlPEsIVVs_1741312064_195798480_sentence_segment_close.wav,In a storm a bl.|buh|owl bowl mermaid named m:ɛɡ rode a unicorn named ɹʌsk,"In a storm, a bold mermaid named Meg rode a unicorn named Tusk."
processed_audio/annotated_sentence_segments/uid_u2hytH2KWIS6ewdShfEZisygqIo2_sid_8sraqBTHXNRWlPEsIVVs_1741312064_195798481_sentence_segment_close.wav,The wild w.ɪ.pt whipped and wave and wave crashed,"The wind whipped, and waves crashed."
processed_audio/annotated_sentence_segments/uid_u2hytH2KWIS6ewdShfEZisygqIo2_sid_8sraqBTHXNRWlPEsIVVs_1741312064_195798482_sentence_segment_close.wav,Meg held tight to T:|usk strong back,Meg held tight to Tusk's strong back.
processed_audio/annotated_sentence_segments/uid_u2hytH2KWIS6ewdShfEZisygqIo2_sid_8sraqBTHXNRWlPEsIVVs_1741312064_195798483_sentence_segment_close.wav,They bravely They bɹeɪv.d the s:tɔɹm lea...p...t over big rocks,"They braved the storm, leaping over big rocks."
processed_audio/annotated_sentence_segments/uid_u2hytH2KWIS6ewdShfEZisygqIo2_sid_8sraqBTHXNRWlPEsIVVs_1741312064_195798484_sentence_segment_close.wav,It was a wild ride,It was a wild ride!
processed_audio/annotated_sentence_segments/uid_u2hytH2KWIS6ewdShfEZisygqIo2_sid_8sraqBTHXNRWlPEsIVVs_1741312064_195798485_sentence_segment_close.wav,When the storm pass they s:tʊd on a beach safe and glad,"When the storm passed, they stood on a beach, safe and glad."
processed_audio/annotated_sentence_segments/uid_u2hytH2KWIS6ewdShfEZisygqIo2_sid_8sraqBTHXNRWlPEsIVVs_1741312064_195798486_sentence_segment_close.wav,Tr:usk gave a happy naɪ and Meg laughed with enjoy,"Tusk gave a happy neigh, and Meg laughed with joy."
processed_audio/annotated_sentence_segments/uid_u2hytH2KWIS6ewdShfEZisygqIo2_sid_8sraqBTHXNRWlPEsIVVs_1741312064_195798487_sentence_segment_close.wav,the rode back to ðəɹ.əɹ k.kwave ready for new fun,"They rode back to their cove, ready for new fun."
processed_audio/annotated_sentence_segments/uid_1w0NU0CL8KMbltxDo7mrkTKhgpD2_sid_rRZvUWqkJ1hLNL8pytmJ_1741561799_195798488_sentence_segment_close.wav,Once upon a time in a small town ðɛw was a was a young boy name Max who love b.bæskɪtbɑl,"Once upon a time, in a small town, there was a young boy named Max who loved basketball."
processed_audio/annotated_sentence_segments/uid_1w0NU0CL8KMbltxDo7mrkTKhgpD2_sid_rRZvUWqkJ1hLNL8pytmJ_1741561799_195798489_sentence_segment_close.wav,Every morning he quickly put on his sneakuhz and practice dribbling,"Every morning, he quickly put on his sneakers and practiced dribbling."
processed_audio/annotated_sentence_segments/uid_1w0NU0CL8KMbltxDo7mrkTKhgpD2_sid_rRZvUWqkJ1hLNL8pytmJ_1741561799_195798490_sentence_segment_close.wav,He was hopeful he could make a the school team,He was hopeful he would make the school team.
processed_audio/annotated_sentence_segments/uid_1w0NU0CL8KMbltxDo7mrkTKhgpD2_sid_rRZvUWqkJ1hLNL8pytmJ_1741561799_195798491_sentence_segment_close.wav,One day the coach announced tryouts,"One day, the coach announced tryouts."
processed_audio/annotated_sentence_segments/uid_1w0NU0CL8KMbltxDo7mrkTKhgpD2_sid_rRZvUWqkJ1hLNL8pytmJ_1741561799_195798492_sentence_segment_close.wav,Max was nervous excitely,Max was nervously excited.
processed_audio/annotated_sentence_segments/uid_1w0NU0CL8KMbltxDo7mrkTKhgpD2_sid_rRZvUWqkJ1hLNL8pytmJ_1741561799_195798493_sentence_segment_close.wav,He pwactice ɛnd.ɛndləsli shooting baskets ʌ.ʌntɪl sʌn.sɛt,"He practiced endlessly, shooting baskets until sunset."
processed_audio/annotated_sentence_segments/uid_1w0NU0CL8KMbltxDo7mrkTKhgpD2_sid_rRZvUWqkJ1hLNL8pytmJ_1741561799_195798494_sentence_segment_close.wav,His fwiend hu: wə thelp...ful tʃɪ.dtʃɪɹd for him,"His friends, who were helpful, cheered for him."
processed_audio/annotated_sentence_segments/uid_1w0NU0CL8KMbltxDo7mrkTKhgpD2_sid_rRZvUWqkJ1hLNL8pytmJ_1741561799_195798495_sentence_segment_close.wav,Max believed in himself despite feeling a bit ʌnʃʊ,"Max believed in himself, despite feeling a bit unsure."
processed_audio/annotated_sentence_segments/uid_1w0NU0CL8KMbltxDo7mrkTKhgpD2_sid_rRZvUWqkJ1hLNL8pytmJ_1741561799_195798496_sentence_segment_close.wav,day on the tryout of the tryouts Max əwaɪvd ɜli,"On the day of the tryouts, Max arrived early."
processed_audio/annotated_sentence_segments/uid_1w0NU0CL8KMbltxDo7mrkTKhgpD2_sid_rRZvUWqkJ1hLNL8pytmJ_1741561799_195798497_sentence_segment_close.wav,heed hue His determinis was unbreakable,His determination was unbreakable.
processed_audio/annotated_sentence_segments/uid_1w0NU0CL8KMbltxDo7mrkTKhgpD2_sid_rRZvUWqkJ1hLNL8pytmJ_1741561799_195798498_sentence_segment_close.wav,He He watched as his fwiend perform skɪlfəl.li,He watched as his friends performed skillfully.
processed_audio/annotated_sentence_segments/uid_1w0NU0CL8KMbltxDo7mrkTKhgpD2_sid_rRZvUWqkJ1hLNL8pytmJ_1741561799_195798499_sentence_segment_close.wav,When he was his t...tuwn Max focusedly andh and played his best,"When it was his turn, Max focused and played his best."
processed_audio/annotated_sentence_segments/uid_1w0NU0CL8KMbltxDo7mrkTKhgpD2_sid_rRZvUWqkJ1hLNL8pytmJ_1741561799_195798500_sentence_segment_close.wav,He dwɪbɫ̩d confidently passed accuwate and shot the ball pɜfɪktli,"He dribbled confidently, passed accurately, and shot the ball perfectly."
processed_audio/annotated_sentence_segments/uid_1w0NU0CL8KMbltxDo7mrkTKhgpD2_sid_rRZvUWqkJ1hLNL8pytmJ_1741561799_195798501_sentence_segment_close.wav,æftə the tryouts coach post the result,"After the tryouts, the coach posted the results."
processed_audio/annotated_sentence_segments/uid_1w0NU0CL8KMbltxDo7mrkTKhgpD2_sid_rRZvUWqkJ1hLNL8pytmJ_1741561799_195798502_sentence_segment_close.wav,Max was surprise and θwɪld to see his name on the lis,Max was surprised and thrilled to see his name on the list!
processed_audio/annotated_sentence_segments/uid_1w0NU0CL8KMbltxDo7mrkTKhgpD2_sid_rRZvUWqkJ1hLNL8pytmJ_1741561799_195798503_sentence_segment_close.wav,He was a ti.tim mɛmbə no n:aʊ,He was a team member now.
processed_audio/annotated_sentence_segments/uid_1w0NU0CL8KMbltxDo7mrkTKhgpD2_sid_rRZvUWqkJ1hLNL8pytmJ_1741561799_195798504_sentence_segment_close.wav,His hɑd wɜk and endless pɹækɪs has paid off,His hard work and endless practice had paid off.
processed_audio/annotated_sentence_segments/uid_1w0NU0CL8KMbltxDo7mrkTKhgpD2_sid_rRZvUWqkJ1hLNL8pytmJ_1741561799_195798505_sentence_segment_close.wav,fwʌm the day Max played proudly th w:ɪθ hɪ.hɪz new teammates,"From that day on, Max played proudly with his new teammates."
processed_audio/annotated_sentence_segments/uid_1w0NU0CL8KMbltxDo7mrkTKhgpD2_sid_rRZvUWqkJ1hLNL8pytmJ_1741561799_195798506_sentence_segment_close.wav,He learn that with the pwæktɪs delif delife in himsel...t he he could ɪgvaɪt his dwimz,"He learned that with practice and belief in himself, he could achieve his dreams."
processed_audio/annotated_sentence_segments/uid_1w0NU0CL8KMbltxDo7mrkTKhgpD2_sid_rRZvUWqkJ1hLNL8pytmJ_1741561799_195798507_sentence_segment_close.wav,Max love fɔ the fɔ basketball ɡwu and he enjoyed ɛvəwi single game ɪmɛndəsli,"Max's love for basketball grew, and he enjoyed every game immensely."
processed_audio/annotated_sentence_segments/uid_CanxAhhjiePs6niCtdVzPqVIzXt1_sid_WKFhHRQhcWQKJAHw9Ib4_1742072366_195798508_sentence_segment_close.wav,Once upon a time wusi found a kʌlfəl  in hə eɹɪt æ|tɪ|k,"Once upon a time, Lucy found a colorful cube in her attic."
processed_audio/annotated_sentence_segments/uid_CanxAhhjiePs6niCtdVzPqVIzXt1_sid_WKFhHRQhcWQKJAHw9Ib4_1742072366_195798509_sentence_segment_close.wav,She was curious about the əɹubɹɪks cube and tried to twist the it,She was curious about the Rubik's cube and tried to twist it.
processed_audio/annotated_sentence_segments/uid_CanxAhhjiePs6niCtdVzPqVIzXt1_sid_WKFhHRQhcWQKJAHw9Ib4_1742072366_195798510_sentence_segment_close.wav,The cube's s|ides spung quickly collas mix in a bwuh,"The cube's sides spun quickly, colors mixing in a blur."
processed_audio/annotated_sentence_segments/uid_CanxAhhjiePs6niCtdVzPqVIzXt1_sid_WKFhHRQhcWQKJAHw9Ib4_1742072366_195798511_sentence_segment_close.wav,Lucy felt stuck a bit bl.u udʒoɹ what to do,"Lucy felt stuck and a bit blue, unsure what to do."
processed_audio/annotated_sentence_segments/uid_CanxAhhjiePs6niCtdVzPqVIzXt1_sid_WKFhHRQhcWQKJAHw9Ib4_1742072366_195798512_sentence_segment_close.wav,Suddenly hɜ bwʌθə Luke peeked in,"Suddenly, her brother Luke peeked in."
processed_audio/annotated_sentence_segments/uid_CanxAhhjiePs6niCtdVzPqVIzXt1_sid_WKFhHRQhcWQKJAHw9Ib4_1742072366_195798513_sentence_segment_close.wav,Luke loved puzzles and said Let me help you,"Luke loved puzzles and said, ""Let me help you!"""
processed_audio/annotated_sentence_segments/uid_CanxAhhjiePs6niCtdVzPqVIzXt1_sid_WKFhHRQhcWQKJAHw9Ib4_1742072366_195798514_sentence_segment_close.wav,Together they twisted and turn solving the tricky cube bit by bit,"Together, they twisted and turned, solving the tricky cube bit by bit."
processed_audio/annotated_sentence_segments/uid_CanxAhhjiePs6niCtdVzPqVIzXt1_sid_WKFhHRQhcWQKJAHw9Ib4_1742072366_195798515_sentence_segment_close.wav,Soon all the colors matched and l.lusi tʃɪəd with joy,"Soon, all the colors matched, and Lucy cheered with joy."
processed_audio/annotated_sentence_segments/uid_CanxAhhjiePs6niCtdVzPqVIzXt1_sid_WKFhHRQhcWQKJAHw9Ib4_1742072366_195798516_sentence_segment_close.wav,She hug Luke feeling pwaʊd and ɹaɪt,"She hugged Luke, feeling proud and bright."
processed_audio/annotated_sentence_segments/uid_CanxAhhjiePs6niCtdVzPqVIzXt1_sid_WKFhHRQhcWQKJAHw9Ib4_1742072366_195798517_sentence_segment_close.wav,From then on Lucy loved solving puzzles wɪf Luke,"From then on, Lucy loved solving puzzles with Luke."
processed_audio/annotated_sentence_segments/uid_gUfM3yODstSdwltidtEzSlIo0q93_sid_yYkurtcTpL0BYwYKWgIi_1742427844_195798518_sentence_segment_close.wav,Jake k woke up  ɜɹli early,Jake woke up early.
processed_audio/annotated_sentence_segments/uid_gUfM3yODstSdwltidtEzSlIo0q93_sid_yYkurtcTpL0BYwYKWgIi_1742427844_195798519_sentence_segment_close.wav,hi: rode his dike bike bike to the l:eɪk,He rode his bike to the lake.
processed_audio/annotated_sentence_segments/uid_gUfM3yODstSdwltidtEzSlIo0q93_sid_yYkurtcTpL0BYwYKWgIi_1742427844_195798520_sentence_segment_close.wav,The sun ʃ:.oʊn shone shone mhmm shone bright bright,The sun shone bright.
processed_audio/annotated_sentence_segments/uid_gUfM3yODstSdwltidtEzSlIo0q93_sid_yYkurtcTpL0BYwYKWgIi_1742427844_195798521_sentence_segment_close.wav,Jake m:eɪd a big can I look this up Jake m:eɪd a big s...pul...ash splash in the  cool cool cool mhm cool water,Jake made a big splash in the cool water.
processed_audio/annotated_sentence_segments/uid_gUfM3yODstSdwltidtEzSlIo0q93_sid_yYkurtcTpL0BYwYKWgIi_1742427844_195798522_sentence_segment_close.wav,h:i l|k|d liked the  summer summer  days by the lake,He liked the summer days by the lake.
processed_audio/annotated_sentence_segments/uid_gUfM3yODstSdwltidtEzSlIo0q93_sid_yYkurtcTpL0BYwYKWgIi_1742427844_195798523_sentence_segment_close.wav,It was time to go home,It was time to go home.
processed_audio/annotated_sentence_segments/uid_gUfM3yODstSdwltidtEzSlIo0q93_sid_yYkurtcTpL0BYwYKWgIi_1742427844_195798524_sentence_segment_close.wav,Jake w|o|v|ed woved waved way good|day wave goodbye wave goodbye tuə the lake and the dʌ|ks,Jake waved goodbye to the lake and the ducks.
processed_audio/annotated_sentence_segments/uid_gUfM3yODstSdwltidtEzSlIo0q93_sid_yYkurtcTpL0BYwYKWgIi_1742427844_195798525_sentence_segment_close.wav,He  felt mhm felt happy and free,He felt happy and free.
processed_audio/annotated_sentence_segments/uid_Om0JhZ6RmTNQ5wDLPHKIC3LtY4g2_sid_p6XNcnqG8pfuIOhP5p97_1742244670_195798526_sentence_segment_close.wav,Lachlan was excited for his first day at Lemon Bay High School,Lachlan was excited for his first day at Lemon Bay High School.
processed_audio/annotated_sentence_segments/uid_Om0JhZ6RmTNQ5wDLPHKIC3LtY4g2_sid_p6XNcnqG8pfuIOhP5p97_1742244670_195798527_sentence_segment_close.wav,He wore a bright ʃɜɹn and a red cape feeling sure his day would be great his day would be fun,"He wore a bright shirt and a red cap, feeling sure his day would be fun."
processed_audio/annotated_sentence_segments/uid_Om0JhZ6RmTNQ5wDLPHKIC3LtY4g2_sid_p6XNcnqG8pfuIOhP5p97_1742244670_195798528_sentence_segment_close.wav,As he entered the hallway he heard a murmur of voices and the sound of lockers clicking shut,"As he entered the hallway, he heard a murmur of voices and the sound of lockers clicking shut."
processed_audio/annotated_sentence_segments/uid_Om0JhZ6RmTNQ5wDLPHKIC3LtY4g2_sid_p6XNcnqG8pfuIOhP5p97_1742244670_195798529_sentence_segment_close.wav,immade him feel a bit ʌnkɪsɜɹn,It made him feel a bit uncertain.
processed_audio/annotated_sentence_segments/uid_Om0JhZ6RmTNQ5wDLPHKIC3LtY4g2_sid_p6XNcnqG8pfuIOhP5p97_1742244670_195798530_sentence_segment_close.wav,In his first period his teacher Mr. Burke intro..duce him to the class,"In first period, his teacher, Mr. Burke, introduced him to the class."
processed_audio/annotated_sentence_segments/uid_Om0JhZ6RmTNQ5wDLPHKIC3LtY4g2_sid_p6XNcnqG8pfuIOhP5p97_1742244670_195798531_sentence_segment_close.wav,His smile made Lachlan feel welcome,His smile made Lachlan feel welcome.
processed_audio/annotated_sentence_segments/uid_Om0JhZ6RmTNQ5wDLPHKIC3LtY4g2_sid_p6XNcnqG8pfuIOhP5p97_1742244670_195798532_sentence_segment_close.wav,During lunch Lachlan sat under a large break brick tʃ.tʃɹi,"During lunch, Lachlan sat under a large birch tree."
processed_audio/annotated_sentence_segments/uid_Om0JhZ6RmTNQ5wDLPHKIC3LtY4g2_sid_p6XNcnqG8pfuIOhP5p97_1742244670_195798533_sentence_segment_close.wav,A girl named Kelly turned toim said Hi kʌmn join us for lunch,"A girl named Kelly turned to him and said, ""Hi, come join us for lunch!"""
processed_audio/annotated_sentence_segments/uid_Om0JhZ6RmTNQ5wDLPHKIC3LtY4g2_sid_p6XNcnqG8pfuIOhP5p97_1742244670_195798534_sentence_segment_close.wav,After school Lachlan watch out with his new pals feeling the mɔɹmθ of the sun,"After school, Lachlan walked out with new pals, feeling the warmth of the sun."
processed_audio/annotated_sentence_segments/uid_Om0JhZ6RmTNQ5wDLPHKIC3LtY4g2_sid_p6XNcnqG8pfuIOhP5p97_1742244670_195798535_sentence_segment_close.wav,He ɡwɪnd thinking əmaʊt how good it felt to make friends,"He grinned, thinking about how good it felt to make friends."
processed_audio/annotated_sentence_segments/uid_Om0JhZ6RmTNQ5wDLPHKIC3LtY4g2_sid_p6XNcnqG8pfuIOhP5p97_1742244670_195798536_sentence_segment_close.wav,That night the stars t:wɪŋkəld above Lachlan whisper təmɑɹ əl surely be a ɡ.ɹeɪt day,"That night, as the stars twinkled above, Lachlan whispered, ""Tomorrow will surely be another great day!"""
processed_audio/annotated_sentence_segments/uid_1w0NU0CL8KMbltxDo7mrkTKhgpD2_sid_PfrCS74Glv4OjfyMyKM8_1742503726_195798537_sentence_segment_close.wav,In the lush ɡwin jungle of Africa ðɛ lived a young gorilla name Maximus,"In the lush, green jungles of Africa, there lived a young gorilla named Maximus."
processed_audio/annotated_sentence_segments/uid_1w0NU0CL8KMbltxDo7mrkTKhgpD2_sid_PfrCS74Glv4OjfyMyKM8_1742503726_195798538_sentence_segment_close.wav,He was the smɔlɪs in his family but he was the was the bweɪvɪst,"He was the smallest in his family, but he was the bravest."
processed_audio/annotated_sentence_segments/uid_1w0NU0CL8KMbltxDo7mrkTKhgpD2_sid_PfrCS74Glv4OjfyMyKM8_1742503726_195798539_sentence_segment_close.wav,Maximus loved ɪksplowɪŋ dɪskʌvəwɪŋ new trails and climbing the tall tallest trees,"Maximus loved exploring, discovering new trails, and climbing the tallest trees."
processed_audio/annotated_sentence_segments/uid_1w0NU0CL8KMbltxDo7mrkTKhgpD2_sid_PfrCS74Glv4OjfyMyKM8_1742503726_195798540_sentence_segment_close.wav,One sunny morning Maximus noticed his fæməliw perparing for av a journey,"One sunny morning, Maximus noticed his family preparing for a journey."
processed_audio/annotated_sentence_segments/uid_1w0NU0CL8KMbltxDo7mrkTKhgpD2_sid_PfrCS74Glv4OjfyMyKM8_1742503726_195798541_sentence_segment_close.wav,His mother Gloria explained they wɜ moving to a new home because ðɛw fɒɪst was becoming too crowded,"His mother, Gloria, explained they were moving to a new home because their forest was becoming too crowded."
processed_audio/annotated_sentence_segments/uid_1w0NU0CL8KMbltxDo7mrkTKhgpD2_sid_PfrCS74Glv4OjfyMyKM8_1742503726_195798542_sentence_segment_close.wav,With excite ek.excitedment Maximus packed his belongings quickly,"With excitement, Maximus packed his belongings quickly."
processed_audio/annotated_sentence_segments/uid_1w0NU0CL8KMbltxDo7mrkTKhgpD2_sid_PfrCS74Glv4OjfyMyKM8_1742503726_195798543_sentence_segment_close.wav,He was wɛdi for the ivɛntʃəɹ,He was ready for the adventure.
processed_audio/annotated_sentence_segments/uid_1w0NU0CL8KMbltxDo7mrkTKhgpD2_sid_PfrCS74Glv4OjfyMyKM8_1742503726_195798544_sentence_segment_close.wav,As they trailed Maximus notice the fɔwəs chay.cha: tʃeɪ:ndʒɪŋ,"As they traveled, Maximus noticed the forest changing."
processed_audio/annotated_sentence_segments/uid_1w0NU0CL8KMbltxDo7mrkTKhgpD2_sid_PfrCS74Glv4OjfyMyKM8_1742503726_195798545_sentence_segment_close.wav,The trees became tɔlə and ah ɛ was fwɛʃəɹ,"The trees became taller, and the air was fresher."
processed_audio/annotated_sentence_segments/uid_1w0NU0CL8KMbltxDo7mrkTKhgpD2_sid_PfrCS74Glv4OjfyMyKM8_1742503726_195798546_sentence_segment_close.wav,They reached a beautiful valley fʊleɪ a of delicious bananas and fresh wɔtə,They reached a beautiful valley full of delicious bananas and fresh water.
processed_audio/annotated_sentence_segments/uid_1w0NU0CL8KMbltxDo7mrkTKhgpD2_sid_PfrCS74Glv4OjfyMyKM8_1742503726_195798547_sentence_segment_close.wav,Maximus felt a s:neeze of happen happiness and re.relaive,Maximus felt a sense of happiness and relief.
processed_audio/annotated_sentence_segments/uid_1w0NU0CL8KMbltxDo7mrkTKhgpD2_sid_PfrCS74Glv4OjfyMyKM8_1742503726_195798548_sentence_segment_close.wav,This new home was pɜfɪk,This new home was perfect!
processed_audio/annotated_sentence_segments/uid_1w0NU0CL8KMbltxDo7mrkTKhgpD2_sid_PfrCS74Glv4OjfyMyKM8_1742503726_195798549_sentence_segment_close.wav,In their new home Maximus made new fwiend,"In their new home, Maximus made new friends."
processed_audio/annotated_sentence_segments/uid_1w0NU0CL8KMbltxDo7mrkTKhgpD2_sid_PfrCS74Glv4OjfyMyKM8_1742503726_195798550_sentence_segment_close.wav,He became fwɛndz with Stella a kəɹiəs young gorilla with a joyful læv,"He became friends with Stella, a curious young gorilla with a joyful laugh."
processed_audio/annotated_sentence_segments/uid_1w0NU0CL8KMbltxDo7mrkTKhgpD2_sid_PfrCS74Glv4OjfyMyKM8_1742503726_195798551_sentence_segment_close.wav,Together they p.pleɪd games ɪksplod the jungle and lɜnd about their sh:.sh.shure:.surandih:.surrendings oh it's surroundings,"Together, they played games, explored the jungle, and learned about their surroundings."
processed_audio/annotated_sentence_segments/uid_1w0NU0CL8KMbltxDo7mrkTKhgpD2_sid_PfrCS74Glv4OjfyMyKM8_1742503726_195798552_sentence_segment_close.wav,Maximus wiəlaɪzd that change change could be wʌndəfl,Maximus realized that change could be wonderful.
processed_audio/annotated_sentence_segments/uid_1w0NU0CL8KMbltxDo7mrkTKhgpD2_sid_PfrCS74Glv4OjfyMyKM8_1742503726_195798553_sentence_segment_close.wav,Maximus was pwaʊd of his bweɪvwi,Maximus was proud of his bravery.
processed_audio/annotated_sentence_segments/uid_1w0NU0CL8KMbltxDo7mrkTKhgpD2_sid_PfrCS74Glv4OjfyMyKM8_1742503726_195798554_sentence_segment_close.wav,He knew that even though he was small his ædvɛntʃəwəs spirit spɪwɪtɪt spwɪtɪt it made e.eɪ big different,"He knew that even though he was small, his adventurous spirit made a big difference."
processed_audio/annotated_sentence_segments/uid_1w0NU0CL8KMbltxDo7mrkTKhgpD2_sid_PfrCS74Glv4OjfyMyKM8_1742503726_195798555_sentence_segment_close.wav,With his family and new fwɛndz by his side he felt unstoppable,"With his family and new friends by his side, he felt unstoppable."
processed_audio/annotated_sentence_segments/uid_1w0NU0CL8KMbltxDo7mrkTKhgpD2_sid_PfrCS74Glv4OjfyMyKM8_1742503726_195798556_sentence_segment_close.wav,The jungle was n:ah now a a place of ɛnd.ɛndləs possible,The jungle was now a place of endless possibilities.
processed_audio/annotated_sentence_segments/uid_b7tT96cSBaaiNnMJ2KcuOQPRkO83_sid_wiXBDUMrozUZIj8NMjzp_1741563277_195798557_sentence_segment_close.wav,a sunny village a fluffy Pomeranian named Pom an Pom lived with Pam his playful pal,"In a sunny village, a fluffy Pomeranian named Pom lived with Pam, his playful pal."
processed_audio/annotated_sentence_segments/uid_b7tT96cSBaaiNnMJ2KcuOQPRkO83_sid_wiXBDUMrozUZIj8NMjzp_1741563277_195798558_sentence_segment_close.wav,Pom loved to prance around the pɑɹ chasing hɪ ʃæ.doʊ,"Pom loved to prance around the park, chasing his shadow."
processed_audio/annotated_sentence_segments/uid_b7tT96cSBaaiNnMJ2KcuOQPRkO83_sid_wiXBDUMrozUZIj8NMjzp_1741563277_195798559_sentence_segment_close.wav,One day Pam tossed a shiny ball and p.pɑm bounce...d bounced after it with a joyful bark,"One day, Pam tossed a shiny ball, and Pom pounced after it with a joyful bark."
processed_audio/annotated_sentence_segments/uid_b7tT96cSBaaiNnMJ2KcuOQPRkO83_sid_wiXBDUMrozUZIj8NMjzp_1741563277_195798560_sentence_segment_close.wav,He ran so fæs his paws nearly danced on the grass,"He ran so fast, his paws nearly danced on the grass."
processed_audio/annotated_sentence_segments/uid_b7tT96cSBaaiNnMJ2KcuOQPRkO83_sid_wiXBDUMrozUZIj8NMjzp_1741563277_195798561_sentence_segment_close.wav,Suddenly Pom spotted Pom spotted a pond,"Suddenly, Pom spotted a pond!"
processed_audio/annotated_sentence_segments/uid_b7tT96cSBaaiNnMJ2KcuOQPRkO83_sid_wiXBDUMrozUZIj8NMjzp_1741563277_195798562_sentence_segment_close.wav,kjʊ:ɹiəs he pause gazing at the shimmering wɔəɹ,"Curious, he paused, gazing at the shimmering water."
processed_audio/annotated_sentence_segments/uid_b7tT96cSBaaiNnMJ2KcuOQPRkO83_sid_wiXBDUMrozUZIj8NMjzp_1741563277_195798563_sentence_segment_close.wav,Pam call him back and Pom prance away leaving ripples behind,"Pam called him back, and Pom pranced away, leaving ripples behind."
processed_audio/annotated_sentence_segments/uid_b7tT96cSBaaiNnMJ2KcuOQPRkO83_sid_wiXBDUMrozUZIj8NMjzp_1741563277_195798564_sentence_segment_close.wav,As the sun set Pom and Pam returned home tired but happy dreaming of more playful days ahea,"As the sun set, Pom and Pam returned home, tired but happy, dreaming of more playful days ahead."
processed_audio/annotated_sentence_segments/uid_ECPqsmdUcMhqkJwXAfhhs3XTgoa2_sid_Yk8oZKJauqjoxKGql8it_1742507735_195798565_sentence_segment_close.wav,In a quiet wɪlɪdʒ kids gathered at the church,"In a quiet village, kids gathered at a church."
processed_audio/annotated_sentence_segments/uid_ECPqsmdUcMhqkJwXAfhhs3XTgoa2_sid_Yk8oZKJauqjoxKGql8it_1742507735_195798566_sentence_segment_close.wav,The bell wæŋ with a gentle sound calling them to listen,"The bell rang with a gentle sound, calling them to listen."
processed_audio/annotated_sentence_segments/uid_ECPqsmdUcMhqkJwXAfhhs3XTgoa2_sid_Yk8oZKJauqjoxKGql8it_1742507735_195798567_sentence_segment_close.wav,fɑdəɹ Tom told tales of courage touching hearts wit  wɪt his words,"Father Tom told tales of courage, touching hearts with his words."
processed_audio/annotated_sentence_segments/uid_ECPqsmdUcMhqkJwXAfhhs3XTgoa2_sid_Yk8oZKJauqjoxKGql8it_1742507735_195798568_sentence_segment_close.wav,Mitch a young boy felt nudge within,"Mitch, a young boy, felt a nudge within."
processed_audio/annotated_sentence_segments/uid_ECPqsmdUcMhqkJwXAfhhs3XTgoa2_sid_Yk8oZKJauqjoxKGql8it_1742507735_195798569_sentence_segment_close.wav,He wanted to hɛl just like the tales,"He wanted to help, just like the tales."
processed_audio/annotated_sentence_segments/uid_ECPqsmdUcMhqkJwXAfhhs3XTgoa2_sid_Yk8oZKJauqjoxKGql8it_1742507735_195798570_sentence_segment_close.wav,After the service the kids chatted and pledge pledged to lend an a helping hand,"After the service, the kids chatted and pledged to lend a helping hand."
processed_audio/annotated_sentence_segments/uid_ECPqsmdUcMhqkJwXAfhhs3XTgoa2_sid_Yk8oZKJauqjoxKGql8it_1742507735_195798571_sentence_segment_close.wav,təɡɛðə they made a big batch əf fudge to share wituh elders,"Together, they made a big batch of fudge to share with the elders."
processed_audio/annotated_sentence_segments/uid_ECPqsmdUcMhqkJwXAfhhs3XTgoa2_sid_Yk8oZKJauqjoxKGql8it_1742507735_195798572_sentence_segment_close.wav,Mitch fɛl.t the warmth of their smiles knowing he made a difference,"Mitch felt the warmth of their smiles, knowing he made a difference."
processed_audio/annotated_sentence_segments/uid_ECPqsmdUcMhqkJwXAfhhs3XTgoa2_sid_Yk8oZKJauqjoxKGql8it_1742507735_195798573_sentence_segment_close.wav,dæt day he learned feɪt and kindness go hand in hand,"That day, he learned faith and kindness go hand in hand."
processed_audio/annotated_sentence_segments/uid_tHP0GvI5hccNGBzYfgE2pkEHXiW2_sid_ZtswbSGXVeetSumC3jZp_1743456209_195798574_sentence_segment_close.wav,k:ɪm had a red ball,Kim had a red ball.
processed_audio/annotated_sentence_segments/uid_tHP0GvI5hccNGBzYfgE2pkEHXiW2_sid_ZtswbSGXVeetSumC3jZp_1743456209_195798575_sentence_segment_close.wav,Kit had a blue ball,Kit had a blue ball.
processed_audio/annotated_sentence_segments/uid_tHP0GvI5hccNGBzYfgE2pkEHXiW2_sid_ZtswbSGXVeetSumC3jZp_1743456209_195798576_sentence_segment_close.wav,Kat came with a big box of balls,Kat came with a big box of balls.
processed_audio/annotated_sentence_segments/uid_tHP0GvI5hccNGBzYfgE2pkEHXiW2_sid_ZtswbSGXVeetSumC3jZp_1743456209_195798577_sentence_segment_close.wav,They  kɪkdɪd the balls h...i...g hing high,They kicked the balls high.
processed_audio/annotated_sentence_segments/uid_tHP0GvI5hccNGBzYfgE2pkEHXiW2_sid_ZtswbSGXVeetSumC3jZp_1743456209_195798578_sentence_segment_close.wav,c|a:|t k|æ|tʃ Catch the ball said Kim Kim,"""Catch the ball!"" said Kim."
processed_audio/annotated_sentence_segments/uid_tHP0GvI5hccNGBzYfgE2pkEHXiW2_sid_ZtswbSGXVeetSumC3jZp_1743456209_195798579_sentence_segment_close.wav,Kat k|a: k|a|i:|uh k|a|uh|g|h|t cut the ball,Kat caught the ball.
processed_audio/annotated_sentence_segments/uid_tHP0GvI5hccNGBzYfgE2pkEHXiW2_sid_ZtswbSGXVeetSumC3jZp_1743456209_195798580_sentence_segment_close.wav,k...it Kit ran fast to c...a...tch catch the ball too,Kit ran fast to catch the ball too.
processed_audio/annotated_sentence_segments/uid_tHP0GvI5hccNGBzYfgE2pkEHXiW2_sid_ZtswbSGXVeetSumC3jZp_1743456209_195798581_sentence_segment_close.wav,They l|ahh:|uh|g|h|ed laughed and played under n: it doesn't sound right until until.til the sun s|ah:|n|k sæŋk low,They laughed and played until the sun sank low.
processed_audio/annotated_sentence_segments/uid_tHP0GvI5hccNGBzYfgE2pkEHXiW2_sid_ZtswbSGXVeetSumC3jZp_1743456209_195798582_sentence_segment_close.wav,What fun they all said,"""What fun!"" they all said."
processed_audio/annotated_sentence_segments/uid_FUCVnaPJeyV5kzao6jmObtdzLUE2_sid_VP8ZqGQAw050ePA4KqWb_1742904863_195798583_sentence_segment_close.wav,Peter was the fastest runner in his class,Peter was the fastest runner in his class.
processed_audio/annotated_sentence_segments/uid_FUCVnaPJeyV5kzao6jmObtdzLUE2_sid_VP8ZqGQAw050ePA4KqWb_1742904863_195798584_sentence_segment_close.wav,Every day after school he raced with his friends,"Every day after school, he raced with his friends."
processed_audio/annotated_sentence_segments/uid_FUCVnaPJeyV5kzao6jmObtdzLUE2_sid_VP8ZqGQAw050ePA4KqWb_1742904863_195798585_sentence_segment_close.wav,They cheered as he got faster each time turn,They cheered as he got faster at each turn.
processed_audio/annotated_sentence_segments/uid_FUCVnaPJeyV5kzao6jmObtdzLUE2_sid_VP8ZqGQAw050ePA4KqWb_1742904863_195798586_sentence_segment_close.wav,In a what mom canyu (can you) just turn this off I dunno what's going on,"In a test of speed, he raced against the tallest kids."
processed_audio/annotated_sentence_segments/uid_FUCVnaPJeyV5kzao6jmObtdzLUE2_sid_VP8ZqGQAw050ePA4KqWb_1742904863_195798587_sentence_segment_close.wav,They cheered as he got faster at each turn,They cheered as he got faster at each turn.
processed_audio/annotated_sentence_segments/uid_FUCVnaPJeyV5kzao6jmObtdzLUE2_sid_VP8ZqGQAw050ePA4KqWb_1742904863_195798588_sentence_segment_close.wav,In a test of speed he raced əɡɛns the tɔlɪs kid,"In a test of speed, he raced against the tallest kids."
processed_audio/annotated_sentence_segments/uid_FUCVnaPJeyV5kzao6jmObtdzLUE2_sid_VP8ZqGQAw050ePA4KqWb_1742904863_195798589_sentence_segment_close.wav,Peter tried his best and came out ahead,Peter tried his best and came out ahead.
processed_audio/annotated_sentence_segments/uid_FUCVnaPJeyV5kzao6jmObtdzLUE2_sid_VP8ZqGQAw050ePA4KqWb_1742904863_195798590_sentence_segment_close.wav,he His friends shouted You're the fæstɪs Peter,"His friends shouted, ""You're the fastest, Peter!"""
processed_audio/annotated_sentence_segments/uid_FUCVnaPJeyV5kzao6jmObtdzLUE2_sid_VP8ZqGQAw050ePA4KqWb_1742904863_195798591_sentence_segment_close.wav,Feeling proud Peter grinned and said I will train e.every even harder to be the fastest no & runner ever the fastest it says (issays) ɡɹ.ɡɹeɪtɪst runner ever,"Feeling proud, Peter grinned and said, ""I will train even harder to be the greatest runner ever!"""
processed_audio/annotated_sentence_segments/uid_FUCVnaPJeyV5kzao6jmObtdzLUE2_sid_VP8ZqGQAw050ePA4KqWb_1742904863_195798592_sentence_segment_close.wav,That as sun set Peter headed home dreaming because  the best runner sʌm|deɪ,"That evening, as the sun set, Peter headed home, dreaming of becoming the best athlete someday."
processed_audio/annotated_sentence_segments/uid_THJAu4lbjHRa32ysgvSU3Etlb0d2_sid_p7OiDOqVvL4ONZUx2IeK_1742425632_195798593_sentence_segment_close.wav,a vast sunny land Sam the brave horse ɹ.æn ran wɪf a pan,"In a vast, sunny land, Sam the brave horse ran with a pan."
processed_audio/annotated_sentence_segments/uid_THJAu4lbjHRa32ysgvSU3Etlb0d2_sid_p7OiDOqVvL4ONZUx2IeK_1742425632_195798594_sentence_segment_close.wav,He was tan ʃ.ʃtɹɔŋ and  s|u|ɪ|f|t swift l|aɪ|k like a sound it out that's a f f|l|æ|ʃ flash,"He was tan, strong, and swift like a flash."
processed_audio/annotated_sentence_segments/uid_THJAu4lbjHRa32ysgvSU3Etlb0d2_sid_p7OiDOqVvL4ONZUx2IeK_1742425632_195798595_sentence_segment_close.wav,One day he found a lost lamb,"One day, he found a lost lamb."
processed_audio/annotated_sentence_segments/uid_THJAu4lbjHRa32ysgvSU3Etlb0d2_sid_p7OiDOqVvL4ONZUx2IeK_1742425632_195798596_sentence_segment_close.wav,oh|m:|meh|woo|eh short I ih w|i|sh w|ɪ|θ: With a so this is two syllables sound this one out g remember it's followed by e it's gonna spell je juh|n june dʒ|ɛ:n gen this syllable spells tle gentle t:æp tap he h|el|p|d helpd helped the lamb əm b|æ|k back up oh check this word h|ah h|uh long o oh|m home,"With a gentle tap, he helped the lamb back home."
processed_audio/annotated_sentence_segments/uid_THJAu4lbjHRa32ysgvSU3Etlb0d2_sid_p7OiDOqVvL4ONZUx2IeK_1742425632_195798597_sentence_segment_close.wav,oh-double-u Now yup ow good Now Sam and the lamb are close friends well look at it it doesn't say friends p|ælz pals,"Now, Sam and the lamb are close pals."
processed_audio/annotated_sentence_segments/uid_uJ59YClhDZUuJsN0vsDR1GRv6pu1_sid_3rjs7JkT5laydQme92To_1741230422_195798598_sentence_segment_close.wav,Clay and Sarah loved swinging at the park,Clay and Sarah loved swinging at the park.
processed_audio/annotated_sentence_segments/uid_uJ59YClhDZUuJsN0vsDR1GRv6pu1_sid_3rjs7JkT5laydQme92To_1741230422_195798599_sentence_segment_close.wav,Clay was singing his favorite song while Sarah was swinging higher and higher,Clay was singing his favorite song while Sarah was swinging higher and higher.
processed_audio/annotated_sentence_segments/uid_uJ59YClhDZUuJsN0vsDR1GRv6pu1_sid_3rjs7JkT5laydQme92To_1741230422_195798600_sentence_segment_close.wav,They wɜ smaɪli and laughing feeling the wind rushing against them,"They were smiling and laughing, feeling the wind rushing against them."
processed_audio/annotated_sentence_segments/uid_uJ59YClhDZUuJsN0vsDR1GRv6pu1_sid_3rjs7JkT5laydQme92To_1741230422_195798601_sentence_segment_close.wav,Suddenly it started to rain bringing an ʌnɪkspɛk|tɪd drizzle,"Suddenly, it started to rain, bringing an unexpected drizzle."
processed_audio/annotated_sentence_segments/uid_uJ59YClhDZUuJsN0vsDR1GRv6pu1_sid_3rjs7JkT5laydQme92To_1741230422_195798602_sentence_segment_close.wav,They decided to run back home giggling as they got wet,"They decided to run back home, giggling as they got wet."
processed_audio/annotated_sentence_segments/uid_uJ59YClhDZUuJsN0vsDR1GRv6pu1_sid_3rjs7JkT5laydQme92To_1741230422_195798603_sentence_segment_close.wav,Once home they sæp by the window s:.sɪpɪŋ hot cocoa watching the rain falling,"Once home, they sat by the window, sipping hot cocoa, watching the rain falling."
processed_audio/annotated_sentence_segments/uid_uJ59YClhDZUuJsN0vsDR1GRv6pu1_sid_3rjs7JkT5laydQme92To_1741230422_195798604_sentence_segment_close.wav,The cozy warm warmth w inside was comforting,The cozy warmth inside was comforting.
processed_audio/annotated_sentence_segments/uid_uJ59YClhDZUuJsN0vsDR1GRv6pu1_sid_3rjs7JkT5laydQme92To_1741230422_195798605_sentence_segment_close.wav,As the rain stopped a rainbow was shining outside,"As the rain stopped, a rainbow was shining outside."
processed_audio/annotated_sentence_segments/uid_uJ59YClhDZUuJsN0vsDR1GRv6pu1_sid_3rjs7JkT5laydQme92To_1741230422_195798606_sentence_segment_close.wav,Clay and Sarah looked at each other knowing tomorrow would be another day for more adventures,"Clay and Sarah looked at each other, knowing tomorrow would be another day for more adventures."
processed_audio/annotated_sentence_segments/uid_THJAu4lbjHRa32ysgvSU3Etlb0d2_sid_aKReQ5zqSuEu7cmAruHn_1743033103_195798607_sentence_segment_close.wav,Zed the dragon zooms over the hill,Zed the dragon zooms over the hill.
processed_audio/annotated_sentence_segments/uid_THJAu4lbjHRa32ysgvSU3Etlb0d2_sid_aKReQ5zqSuEu7cmAruHn_1743033103_195798608_sentence_segment_close.wav,He finds a cozy cave and lands,He spots a cozy cave and lands.
processed_audio/annotated_sentence_segments/uid_THJAu4lbjHRa32ysgvSU3Etlb0d2_sid_aKReQ5zqSuEu7cmAruHn_1743033103_195798609_sentence_segment_close.wav,ɪn|side the ca:ve was a I forget that part this is a long e hi: f|i|n|d|s finds a puzzling maze,"Inside, he finds a puzzling maze."
processed_audio/annotated_sentence_segments/uid_THJAu4lbjHRa32ysgvSU3Etlb0d2_sid_aKReQ5zqSuEu7cmAruHn_1743033103_195798610_sentence_segment_close.wav,Zed s:|z:|zi|p|si|z|i|p|zips  it's a shwa a a: a:round sharp turns his heart fizzing with excitement,"Zed zips around sharp turns, his heart fizzing with excitement."
processed_audio/annotated_sentence_segments/uid_HGLxgWVfJZWhAsqMf761d40h3eQ2_sid_tSrnapQ6hgyliWaApJ36_1743467290_195798613_sentence_segment_close.wav,Ollie the owl can ɡ.l.aɪ.d glide in the night,Ollie the owl can glide in the night.
processed_audio/annotated_sentence_segments/uid_HGLxgWVfJZWhAsqMf761d40h3eQ2_sid_tSrnapQ6hgyliWaApJ36_1743467290_195798614_sentence_segment_close.wav,"He Spies ""ss:|"" s:| ""i:|"" ɪ:| ""ayee:|"" aɪ:| ""z:|"" z:| ""ai|"" aɪ| a ""bɹ:|"" bɹ:| yes you can sound it out  ""buh|"" bə| ""uh|"" ʌ| ""ai|"" aɪ| mmm! you got it  that sound ""ng|guh"" ŋ|gʌ ""ih|"" ɪ| bourget switch it so you  see one sec you read that one i'll leave that out can glide in the night try that one he spies he spies",He spies a bright site by the pine.
processed_audio/annotated_sentence_segments/uid_HGLxgWVfJZWhAsqMf761d40h3eQ2_sid_tSrnapQ6hgyliWaApJ36_1743467290_195798615_sentence_segment_close.wav,He spies a bwaɪt mhm site by the pint: p|ai what's the whole word pint pine pine,He spies a bright site by the pine.
processed_audio/annotated_sentence_segments/uid_HGLxgWVfJZWhAsqMf761d40h3eQ2_sid_tSrnapQ6hgyliWaApJ36_1743467290_195798616_sentence_segment_close.wav,Ollie dwiv div dwiv ə long I I can't do it daɪvz dives and ə l:|lændz on a white l|ɑi|n,Ollie dives and lands on the white line.
processed_audio/annotated_sentence_segments/uid_HGLxgWVfJZWhAsqMf761d40h3eQ2_sid_tSrnapQ6hgyliWaApJ36_1743467290_195798617_sentence_segment_close.wav,hey (a produced breathily at the beginning) I A little mwuh.m|ah I don't know that mouse mouse sound it out h.hides: hides behind a vine,A little mouse hides behind a vine.
processed_audio/annotated_sentence_segments/uid_HGLxgWVfJZWhAsqMf761d40h3eQ2_sid_tSrnapQ6hgyliWaApJ36_1743467290_195798618_sentence_segment_close.wav,what's the name again Ollie Ollie finds sound it out f|l|y fly: flies back to his tree f|i|l|ɪŋ f|aɪn as he stares s.sh.s.s|t|ai|r|t straight start start to ʃ:|a:ɪ|n m|ai|r|k|in time,"Ollie flies back to his tree, feeling fine, as the stars start to shine, marking time."
processed_audio/annotated_sentence_segments/uid_mHWscHBXcoabM7fdw88AliGuPWw1_sid_I9JIDKsVbN5Sjmsyg1ln_1742933350_195798619_sentence_segment_close.wav,Once upon a time there was a brave moaids named Bree,"Once upon a time, there was a brave mermaid named Bree."
processed_audio/annotated_sentence_segments/uid_mHWscHBXcoabM7fdw88AliGuPWw1_sid_I9JIDKsVbN5Sjmsyg1ln_1742933350_195798620_sentence_segment_close.wav,bwi loved to explore deeth it the sea wɛ she ʃwæm wɪf glee,"Bree loved to explore beneath the sea, where she swam with glee."
processed_audio/annotated_sentence_segments/uid_mHWscHBXcoabM7fdw88AliGuPWw1_sid_I9JIDKsVbN5Sjmsyg1ln_1742933350_195798621_sentence_segment_close.wav,One day she found a cave hidden  bɪhə a lɑdʒ soʊn wee:f:,"One day, she found a cave hidden behind a large stone reef."
processed_audio/annotated_sentence_segments/uid_mHWscHBXcoabM7fdw88AliGuPWw1_sid_I9JIDKsVbN5Sjmsyg1ln_1742933350_195798622_sentence_segment_close.wav,ɪn.saɪd the light of the sun made the cave ɡlɪm,"Inside, the light of the sun made the cave gleam."
processed_audio/annotated_sentence_segments/uid_mHWscHBXcoabM7fdw88AliGuPWw1_sid_I9JIDKsVbN5Sjmsyg1ln_1742933350_195798623_sentence_segment_close.wav,bwi smiled fʌlɪŋ safe ant: it at ease,"Bree smiled, feeling safe and at ease."
processed_audio/annotated_sentence_segments/uid_mHWscHBXcoabM7fdw88AliGuPWw1_sid_I9JIDKsVbN5Sjmsyg1ln_1742933350_195798624_sentence_segment_close.wav,She m.mɛt a fish name Steve,She met a fish named Steve.
processed_audio/annotated_sentence_segments/uid_mHWscHBXcoabM7fdw88AliGuPWw1_sid_I9JIDKsVbN5Sjmsyg1ln_1742933350_195798625_sentence_segment_close.wav,Steve shared tʌlz of hidden dʒɛ:mz and waɪs seals,Steve shared tales of hidden gems and wise seals.
processed_audio/annotated_sentence_segments/uid_mHWscHBXcoabM7fdw88AliGuPWw1_sid_I9JIDKsVbN5Sjmsyg1ln_1742933350_195798626_sentence_segment_close.wav,Bree and Steve became fwiends fæs fwiends fast fwɛndz and became to meet at a the cave each ,Bree and Steve became fast friends and decided to meet at the cave each week.
processed_audio/annotated_sentence_segments/uid_mHWscHBXcoabM7fdw88AliGuPWw1_sid_I9JIDKsVbN5Sjmsyg1ln_1742933350_195798627_sentence_segment_close.wav,təɡɛvəɹ they dreamed of ɡweɪt ævɛntʃəɹz beyond the sea,"Together, they dreamed of great adventures beyond the sea."
processed_audio/annotated_sentence_segments/uid_RMEYcjWuQJRINI73hdlEKDjPREw2_sid_dpvscQzXHmVYLvi0LDkc_1741134211_195798628_sentence_segment_close.wav,Max the Puppy|Dog ,"Max the PupDog, Pam the cat, and a unicorn ran to mom."
processed_audio/annotated_sentence_segments/uid_RMEYcjWuQJRINI73hdlEKDjPREw2_sid_1VgvJXZB45xk11mYvRbT_1741133876_195798629_sentence_segment_close.wav,d...a...d dad has a plan,Dan had a plan.
processed_audio/annotated_sentence_segments/uid_RMEYcjWuQJRINI73hdlEKDjPREw2_sid_1VgvJXZB45xk11mYvRbT_1741133876_195798630_sentence_segment_close.wav,He was a map a ran  ran to the  tan hut hat,He saw a map and ran to the tan hut.
processed_audio/annotated_sentence_segments/uid_RMEYcjWuQJRINI73hdlEKDjPREw2_sid_1VgvJXZB45xk11mYvRbT_1741133876_195798631_sentence_segment_close.wav,At the hut hat a cat s...a sat on the  mat,"At the hut, a cat sat on a mat."
processed_audio/annotated_sentence_segments/uid_RMEYcjWuQJRINI73hdlEKDjPREw2_sid_1VgvJXZB45xk11mYvRbT_1741133876_195798632_sentence_segment_close.wav,Dad gave the cat a p...at pat,Dan gave the cat a pat.
processed_audio/annotated_sentence_segments/uid_RMEYcjWuQJRINI73hdlEKDjPREw2_sid_1VgvJXZB45xk11mYvRbT_1741133876_195798633_sentence_segment_close.wav,The cat wed wɛd its tent,The cat wagged its tail.
processed_audio/annotated_sentence_segments/uid_RMEYcjWuQJRINI73hdlEKDjPREw2_sid_1VgvJXZB45xk11mYvRbT_1741133876_195798634_sentence_segment_close.wav,dad told a n|a|p nap ah under the /b|ig/ big tr|ee tree where the koʊl b|ez buzz mad him f.fulair,Dan took a nap under the big tree where the cool breeze made him feel free.
processed_audio/annotated_sentence_segments/uid_RMEYcjWuQJRINI73hdlEKDjPREw2_sid_1VgvJXZB45xk11mYvRbT_1741133876_195798635_sentence_segment_close.wav,Morn c|cam kæm b|and dad had had pack with a happy  glad for the dad and the fr|i|nd|z friend's start,"Morn came, and Dan headed back with a happy heart, glad for the day and the friend's start."
processed_audio/annotated_sentence_segments/uid_flpss45kNMRJ1OyjEiJaPFx5rCo2_sid_87GmGKiM3e8FJdv1vF3b_1743380663_195798636_sentence_segment_close.wav,Once upon a time in a sunny town there were two best friends name lucky and Lucy and Drew,"Once upon a time, in a sunny town, there were two best friends named Lucy and Drew."
processed_audio/annotated_sentence_segments/uid_flpss45kNMRJ1OyjEiJaPFx5rCo2_sid_87GmGKiM3e8FJdv1vF3b_1743380663_195798637_sentence_segment_close.wav,Lucy love gymnastics and could do flips and loops,Lucy loved gymnastics and could do flips and loops.
processed_audio/annotated_sentence_segments/uid_flpss45kNMRJ1OyjEiJaPFx5rCo2_sid_87GmGKiM3e8FJdv1vF3b_1743380663_195798638_sentence_segment_close.wav,Drew was a soccer fan who kicked the ball with əm wɪð great skill,Drew was a soccer fan who kicked the ball with great skill.
processed_audio/annotated_sentence_segments/uid_flpss45kNMRJ1OyjEiJaPFx5rCo2_sid_87GmGKiM3e8FJdv1vF3b_1743380663_195798639_sentence_segment_close.wav,One afternoon Lucy watch Drew play soccer,"One afternoon, Lucy watched Drew play soccer."
processed_audio/annotated_sentence_segments/uid_flpss45kNMRJ1OyjEiJaPFx5rCo2_sid_87GmGKiM3e8FJdv1vF3b_1743380663_195798640_sentence_segment_close.wav,She thought How can I use my gymnastics moves in soccer,"She thought, ""How can I use my gymnastics moves in soccer?"""
processed_audio/annotated_sentence_segments/uid_flpss45kNMRJ1OyjEiJaPFx5rCo2_sid_87GmGKiM3e8FJdv1vF3b_1743380663_195798641_sentence_segment_close.wav,Drew saw ʌm Lucy's interest and said Let's try sʌmtɪŋ new,"Drew saw Lucy's interest and said, ""Let's try something new!"""
processed_audio/annotated_sentence_segments/uid_flpss45kNMRJ1OyjEiJaPFx5rCo2_sid_87GmGKiM3e8FJdv1vF3b_1743380663_195798642_sentence_segment_close.wav,The nɛks day they went to the field,"The next day, they went to the field."
processed_audio/annotated_sentence_segments/uid_flpss45kNMRJ1OyjEiJaPFx5rCo2_sid_87GmGKiM3e8FJdv1vF3b_1743380663_195798643_sentence_segment_close.wav,lucky practice ʌm Lucy practice flip ʌm flipping and then kick the soccer ball,Lucy practiced flipping and then kicked the soccer ball.
processed_audio/annotated_sentence_segments/uid_flpss45kNMRJ1OyjEiJaPFx5rCo2_sid_87GmGKiM3e8FJdv1vF3b_1743380663_195798644_sentence_segment_close.wav,It flew through the air and Drew was amazed,"It flew through the air, and Drew was amazed."
processed_audio/annotated_sentence_segments/uid_flpss45kNMRJ1OyjEiJaPFx5rCo2_sid_87GmGKiM3e8FJdv1vF3b_1743380663_195798645_sentence_segment_close.wav,That was so cool he shouted,"""That's so cool!"" he shouted."
processed_audio/annotated_sentence_segments/uid_flpss45kNMRJ1OyjEiJaPFx5rCo2_sid_87GmGKiM3e8FJdv1vF3b_1743380663_195798646_sentence_segment_close.wav,Drew tried to dribble the ball quickly moving like a gymnast,"Drew tried to dribble the ball quickly, moving like a gymnast."
processed_audio/annotated_sentence_segments/uid_flpss45kNMRJ1OyjEiJaPFx5rCo2_sid_87GmGKiM3e8FJdv1vF3b_1743380663_195798647_sentence_segment_close.wav,Together they created a new game GymSoccer,"Together, they created a new game: GymSoccer."
processed_audio/annotated_sentence_segments/uid_flpss45kNMRJ1OyjEiJaPFx5rCo2_sid_87GmGKiM3e8FJdv1vF3b_1743380663_195798648_sentence_segment_close.wav,Their friends joined too,"Their friends joined, too."
processed_audio/annotated_sentence_segments/uid_flpss45kNMRJ1OyjEiJaPFx5rCo2_sid_87GmGKiM3e8FJdv1vF3b_1743380663_195798649_sentence_segment_close.wav,They pwactice after school and soon had a team,They practiced after school and soon had a team.
processed_audio/annotated_sentence_segments/uid_flpss45kNMRJ1OyjEiJaPFx5rCo2_sid_87GmGKiM3e8FJdv1vF3b_1743380663_195798650_sentence_segment_close.wav,They name ðɛmsɛlfs the Blue Crew,"They named themselves the ""Blue Crew."""
processed_audio/annotated_sentence_segments/uid_flpss45kNMRJ1OyjEiJaPFx5rCo2_sid_87GmGKiM3e8FJdv1vF3b_1743380663_195798651_sentence_segment_close.wav,The Blue Crew use gymnastics and soccer to create amazing moves and tricks,The Blue Crew used gymnastics and soccer to create amazing moves and tricks.
processed_audio/annotated_sentence_segments/uid_flpss45kNMRJ1OyjEiJaPFx5rCo2_sid_87GmGKiM3e8FJdv1vF3b_1743380663_195798652_sentence_segment_close.wav,At the s talent show Blue Crew ʌm performed,"At the school talent show, the Blue Crew performed."
processed_audio/annotated_sentence_segments/uid_flpss45kNMRJ1OyjEiJaPFx5rCo2_sid_87GmGKiM3e8FJdv1vF3b_1743380663_195798653_sentence_segment_close.wav,At The In The crowds cheered and clapped,The crowd cheered and clapped.
processed_audio/annotated_sentence_segments/uid_flpss45kNMRJ1OyjEiJaPFx5rCo2_sid_87GmGKiM3e8FJdv1vF3b_1743380663_195798654_sentence_segment_close.wav,Everyone loved the unique blend of gymnastics and soccer,Everyone loved the unique blend of gymnastics and soccer.
processed_audio/annotated_sentence_segments/uid_flpss45kNMRJ1OyjEiJaPFx5rCo2_sid_87GmGKiM3e8FJdv1vF3b_1743380663_195798655_sentence_segment_close.wav,Lucy and Drew were proud,Lucy and Drew were proud.
processed_audio/annotated_sentence_segments/uid_flpss45kNMRJ1OyjEiJaPFx5rCo2_sid_87GmGKiM3e8FJdv1vF3b_1743380663_195798656_sentence_segment_close.wav,They knew that ʌm trying sʌmtɪŋ new together was the bɛs move of all,They knew that trying something new together was the best move of all.
processed_audio/annotated_sentence_segments/uid_flpss45kNMRJ1OyjEiJaPFx5rCo2_sid_87GmGKiM3e8FJdv1vF3b_1743380663_195798657_sentence_segment_close.wav,ʌm From then on GymSoccer was a favorite game in town,"From then on, GymSoccer was a favorite game in town."
processed_audio/annotated_sentence_segments/uid_ovpeape9PZbAq7VLrirwGOYrvsh1_sid_lpp0jgK2wIWbfNSaJuy1_1742389582_195798658_sentence_segment_close.wav,In a sunny town Banana Truman had a joyful pet goat,"In a sunny town, Banana Truman had a joyful pet goat."
processed_audio/annotated_sentence_segments/uid_ovpeape9PZbAq7VLrirwGOYrvsh1_sid_lpp0jgK2wIWbfNSaJuy1_1742389582_195798659_sentence_segment_close.wav,every day Truman and his goat played outside,"Each day, Truman and his goat played outside."
processed_audio/annotated_sentence_segments/uid_ovpeape9PZbAq7VLrirwGOYrvsh1_sid_lpp0jgK2wIWbfNSaJuy1_1742389582_195798660_sentence_segment_close.wav,One day Truman notice the goat looking dull and not playing,"One day, Truman noticed the goat looking dull and not playing."
processed_audio/annotated_sentence_segments/uid_ovpeape9PZbAq7VLrirwGOYrvsh1_sid_lpp0jgK2wIWbfNSaJuy1_1742389582_195798661_sentence_segment_close.wav,Truman was worried,Truman was worried.
processed_audio/annotated_sentence_segments/uid_ovpeape9PZbAq7VLrirwGOYrvsh1_sid_lpp0jgK2wIWbfNSaJuy1_1742389582_195798662_sentence_segment_close.wav,He thought How kinni cheer my goat up,"He thought, ""How can I cheer my goat up?"""
processed_audio/annotated_sentence_segments/uid_ovpeape9PZbAq7VLrirwGOYrvsh1_sid_lpp0jgK2wIWbfNSaJuy1_1742389582_195798663_sentence_segment_close.wav,Knowing the goat love sweets Truman made a sweet mix of fresh hay and treats,"Knowing the goat loved sweets, Truman made a sweet mix of fresh hay and treats."
processed_audio/annotated_sentence_segments/uid_ovpeape9PZbAq7VLrirwGOYrvsh1_sid_lpp0jgK2wIWbfNSaJuy1_1742389582_195798664_sentence_segment_close.wav,Truman watch as goat ate with delight showing a new baʊnt in its step,"Truman watched as his goat ate with delight, showing a new bounce in its step."
processed_audio/annotated_sentence_segments/uid_ovpeape9PZbAq7VLrirwGOYrvsh1_sid_lpp0jgK2wIWbfNSaJuy1_1742389582_195798665_sentence_segment_close.wav,Truman felt happy ɡɛn knowing his his dear goat was full of joy,"Truman felt happy again, knowing his dear goat was full of joy."
processed_audio/annotated_sentence_segments/uid_ovpeape9PZbAq7VLrirwGOYrvsh1_sid_lpp0jgK2wIWbfNSaJuy1_1742389582_195798666_sentence_segment_close.wav,From that day they shared many sweet times təɡɛ,"From that day, they shared many sweet times together."
processed_audio/annotated_sentence_segments/uid_mHWscHBXcoabM7fdw88AliGuPWw1_sid_lz3I7DDQoORrxWnoDM8h_1741216155_195798667_sentence_segment_close.wav,mɜɹ kitties love the sea,Mermaid Catsy loves the sea.
processed_audio/annotated_sentence_segments/uid_mHWscHBXcoabM7fdw88AliGuPWw1_sid_lz3I7DDQoORrxWnoDM8h_1741216155_195798668_sentence_segment_close.wav,She s:wɪms to a s:ʌn.lɪt ship,She swims to a sun-lit ship.
processed_audio/annotated_sentence_segments/uid_mHWscHBXcoabM7fdw88AliGuPWw1_sid_lz3I7DDQoORrxWnoDM8h_1741216155_195798669_sentence_segment_close.wav,On the ship Casty finet shiny shesells (seashells),"On the ship, Catsy finds shiny shells."
processed_audio/annotated_sentence_segments/uid_mHWscHBXcoabM7fdw88AliGuPWw1_sid_lz3I7DDQoORrxWnoDM8h_1741216155_195798670_sentence_segment_close.wav,She shops She shops in the she...suh sea's the sea's shiny shop for a shwal ʃwɛl,She shops in the sea's shimmery shop for a shawl.
processed_audio/annotated_sentence_segments/uid_mHWscHBXcoabM7fdw88AliGuPWw1_sid_lz3I7DDQoORrxWnoDM8h_1741216155_195798671_sentence_segment_close.wav,A fish wɪf a clash of wɛd s:wɪmz by,A fish with a flash of red swims by.
processed_audio/annotated_sentence_segments/uid_mHWscHBXcoabM7fdw88AliGuPWw1_sid_lz3I7DDQoORrxWnoDM8h_1741216155_195798672_sentence_segment_close.wav,si|itsies ca.atsies wish for a splash of sun,Catsy wishes for a splash of fun.
processed_audio/annotated_sentence_segments/uid_mHWscHBXcoabM7fdw88AliGuPWw1_sid_lz3I7DDQoORrxWnoDM8h_1741216155_195798673_sentence_segment_close.wav,As Catsy smile and meet a shy fish,"As Catsy sails, she meets a shy fish."
processed_audio/annotated_sentence_segments/uid_mHWscHBXcoabM7fdw88AliGuPWw1_sid_lz3I7DDQoORrxWnoDM8h_1741216155_195798674_sentence_segment_close.wav,jum joins the ship Casty says wɪf a wide smile,"""Join the ship,"" Catsy says with a wide smile."
processed_audio/annotated_sentence_segments/uid_mHWscHBXcoabM7fdw88AliGuPWw1_sid_lz3I7DDQoORrxWnoDM8h_1741216155_195798675_sentence_segment_close.wav,The fish nods and hops aboard,The fish nods and hops aboard.
processed_audio/annotated_sentence_segments/uid_mHWscHBXcoabM7fdw88AliGuPWw1_sid_lz3I7DDQoORrxWnoDM8h_1741216155_195798676_sentence_segment_close.wav,They share a dish of shɹeet (ʃɹɪt) shrimp,They share a dish of sweet shrimp.
processed_audio/annotated_sentence_segments/uid_mHWscHBXcoabM7fdw88AliGuPWw1_sid_lz3I7DDQoORrxWnoDM8h_1741216155_195798677_sentence_segment_close.wav,at the s:ʌn sets Casty and the fish set winning the day nɛvɛ ends,"As the sun sets, Catsy and the fish sit, wishing the day never ends."
processed_audio/annotated_sentence_segments/uid_mHWscHBXcoabM7fdw88AliGuPWw1_sid_lz3I7DDQoORrxWnoDM8h_1741216155_195798678_sentence_segment_close.wav,A pic|hu|sel fɪʃ falls under the ship making a magical end la la da da,"A peaceful hush falls over the ship, marking a magical end."
processed_audio/annotated_sentence_segments/uid_b7tT96cSBaaiNnMJ2KcuOQPRkO83_sid_5hkZcPiSBPzGIpag8Xeo_1742423396_195798679_sentence_segment_close.wav,Lila love to tie dye,Lila loved tie dye.
processed_audio/annotated_sentence_segments/uid_b7tT96cSBaaiNnMJ2KcuOQPRkO83_sid_5hkZcPiSBPzGIpag8Xeo_1742423396_195798680_sentence_segment_close.wav,She deciyed (dɪsaɪəd) to try making her own tie dye shirt,She decided to try making her own tie dye shirt.
processed_audio/annotated_sentence_segments/uid_b7tT96cSBaaiNnMJ2KcuOQPRkO83_sid_5hkZcPiSBPzGIpag8Xeo_1742423396_195798681_sentence_segment_close.wav,First she tie tiny knots in a plain white shirt,"First, she tied tiny knots in a plain white shirt."
processed_audio/annotated_sentence_segments/uid_b7tT96cSBaaiNnMJ2KcuOQPRkO83_sid_5hkZcPiSBPzGIpag8Xeo_1742423396_195798682_sentence_segment_close.wav,Nex (nɛks) she dip the shirt into bright swirling dye,"Next, she dipped the shirt into bright, swirling dye."
processed_audio/annotated_sentence_segments/uid_b7tT96cSBaaiNnMJ2KcuOQPRkO83_sid_5hkZcPiSBPzGIpag8Xeo_1742423396_195798683_sentence_segment_close.wav,Lila wait patiently for colors  to dry,Lila waited patiently for the colors to dry.
processed_audio/annotated_sentence_segments/uid_b7tT96cSBaaiNnMJ2KcuOQPRkO83_sid_5hkZcPiSBPzGIpag8Xeo_1742423396_195798684_sentence_segment_close.wav,When When she untied the knots she was surprise,"When she untied the knots, she was surprised!"
processed_audio/annotated_sentence_segments/uid_b7tT96cSBaaiNnMJ2KcuOQPRkO83_sid_5hkZcPiSBPzGIpag8Xeo_1742423396_195798685_sentence_segment_close.wav,The shirt was a dazzeling (dæzelɪŋ) dɪs|pleɪ of pink blue and yella (jɛlɑ),"The shirt was a dazzling display of pink, blue, and yellow."
processed_audio/annotated_sentence_segments/uid_b7tT96cSBaaiNnMJ2KcuOQPRkO83_sid_5hkZcPiSBPzGIpag8Xeo_1742423396_195798686_sentence_segment_close.wav,Her friend Kylie (kaɪli) saw her shirt and said and said woah it looks like a rainbow in the sky,"Her friend, Kyle, saw the shirt and said, ""Wow, it looks like a rainbow in the sky!"""
processed_audio/annotated_sentence_segments/uid_b7tT96cSBaaiNnMJ2KcuOQPRkO83_sid_5hkZcPiSBPzGIpag8Xeo_1742423396_195798687_sentence_segment_close.wav,Lila smile with pry,Lila smiled with pride.
processed_audio/annotated_sentence_segments/uid_b7tT96cSBaaiNnMJ2KcuOQPRkO83_sid_5hkZcPiSBPzGIpag8Xeo_1742423396_195798688_sentence_segment_close.wav,She know she would try to tie dye again,She knew she would try tie dye again.
processed_audio/annotated_sentence_segments/uid_b7tT96cSBaaiNnMJ2KcuOQPRkO83_sid_5hkZcPiSBPzGIpag8Xeo_1742423396_195798689_sentence_segment_close.wav,It was fun and full of delighting surprises,It was fun and full of delightful surprises!
processed_audio/annotated_sentence_segments/uid_mHWscHBXcoabM7fdw88AliGuPWw1_sid_zNwobTQRQ5zMd2Rabg7s_1743380602_195798690_sentence_segment_close.wav,Once upon a time there was a pɪnsɪs named jay,"Once upon a time, there was a princess named Jane."
processed_audio/annotated_sentence_segments/uid_mHWscHBXcoabM7fdw88AliGuPWw1_sid_zNwobTQRQ5zMd2Rabg7s_1743380602_195798691_sentence_segment_close.wav,She lived in a big castle on a heel,She lived in a big castle on a hill.
processed_audio/annotated_sentence_segments/uid_mHWscHBXcoabM7fdw88AliGuPWw1_sid_zNwobTQRQ5zMd2Rabg7s_1743380602_195798692_sentence_segment_close.wav,Jane love to have fun and play games,Jane loved to have fun and play games.
processed_audio/annotated_sentence_segments/uid_mHWscHBXcoabM7fdw88AliGuPWw1_sid_zNwobTQRQ5zMd2Rabg7s_1743380602_195798693_sentence_segment_close.wav,One day Jane s: saw a cute mouse the godden,"One day, Jane saw a cute little mouse in the garden."
processed_audio/annotated_sentence_segments/uid_mHWscHBXcoabM7fdw88AliGuPWw1_sid_zNwobTQRQ5zMd2Rabg7s_1743380602_195798694_sentence_segment_close.wav,The mouse has had white fɜ and a lɒŋk thin tail,"The mouse had white fur and a long, thin tail."
processed_audio/annotated_sentence_segments/uid_mHWscHBXcoabM7fdw88AliGuPWw1_sid_zNwobTQRQ5zMd2Rabg7s_1743380602_195798695_sentence_segment_close.wav,jeɪn name the mouse Penny,Jane named the mouse Penny.
processed_audio/annotated_sentence_segments/uid_mHWscHBXcoabM7fdw88AliGuPWw1_sid_zNwobTQRQ5zMd2Rabg7s_1743380602_195798696_sentence_segment_close.wav,Penny and Jane became bɛs fɹɛnts,Penny and Jane became best friends.
processed_audio/annotated_sentence_segments/uid_mHWscHBXcoabM7fdw88AliGuPWw1_sid_zNwobTQRQ5zMd2Rabg7s_1743380602_195798697_sentence_segment_close.wav,Jane made a small house for Penny with a tube  tiny cute bed it it and a tiny cute bed inside,Jane made a small house for Penny with a tube and a tiny cute bed inside.
processed_audio/annotated_sentence_segments/uid_mHWscHBXcoabM7fdw88AliGuPWw1_sid_zNwobTQRQ5zMd2Rabg7s_1743380602_195798698_sentence_segment_close.wav,ɛvwi day Jane and Penny would play and explore ɹaʊnd the castle,"Every day, Jane and Penny would play and explore around the castle."
processed_audio/annotated_sentence_segments/uid_mHWscHBXcoabM7fdw88AliGuPWw1_sid_zNwobTQRQ5zMd2Rabg7s_1743380602_195798699_sentence_segment_close.wav,dʒ.dʒeɪn ɪh was happy with her new friend,Jane was happy with her new friend.
processed_audio/annotated_sentence_segments/uid_mHWscHBXcoabM7fdw88AliGuPWw1_sid_zNwobTQRQ5zMd2Rabg7s_1743380602_195798700_sentence_segment_close.wav,In the evening Jane and pɪ.pɛni watch the stars from castle,"In the evening, Jane and Penny watched the stars from the castle."
processed_audio/annotated_sentence_segments/uid_mHWscHBXcoabM7fdw88AliGuPWw1_sid_zNwobTQRQ5zMd2Rabg7s_1743380602_195798701_sentence_segment_close.wav,Penny loved to the stars' bright light,Penny loved the stars' bright light.
processed_audio/annotated_sentence_segments/uid_mHWscHBXcoabM7fdw88AliGuPWw1_sid_zNwobTQRQ5zMd2Rabg7s_1743380602_195798702_sentence_segment_close.wav, dʒieɪn said You're my bɛs fɹɛn Penny and I will always be here for you,"Jane said, ""You are my best friend, Penny, and I will always be here for you."""
processed_audio/annotated_sentence_segments/uid_mHWscHBXcoabM7fdw88AliGuPWw1_sid_zNwobTQRQ5zMd2Rabg7s_1743380602_195798703_sentence_segment_close.wav,And so Jane and Penny happily ssssssssweeng many adventures together day and night,"And so, Jane and Penny lived happily, sharing many adventures together, day and night."
processed_audio/annotated_sentence_segments/uid_flpss45kNMRJ1OyjEiJaPFx5rCo2_sid_cqG7XCJHLAa4J12lsMtP_1743380445_195798704_sentence_segment_close.wav,Once upon a time əm in a bus:|tling snæ bar there was a bottle of soda named dʒoʊbi,"Once upon a time, in a bustling snack bar, there was a bottle of soda named Joey."
processed_audio/annotated_sentence_segments/uid_flpss45kNMRJ1OyjEiJaPFx5rCo2_sid_cqG7XCJHLAa4J12lsMtP_1743380445_195798705_sentence_segment_close.wav,Joey was excited because today was the day of the annual əm snack meeting,Joey was excited because today was the day of the annual snack meeting.
processed_audio/annotated_sentence_segments/uid_flpss45kNMRJ1OyjEiJaPFx5rCo2_sid_cqG7XCJHLAa4J12lsMtP_1743380445_195798706_sentence_segment_close.wav,All the snacks and drinks gathered to discuss the joy they bring kids,All the snacks and drinks gathered to discuss the joy they bring to kids.
processed_audio/annotated_sentence_segments/uid_flpss45kNMRJ1OyjEiJaPFx5rCo2_sid_cqG7XCJHLAa4J12lsMtP_1743380445_195798707_sentence_segment_close.wav,J|um|Joey the soda bottle bounced with excitement ready to join his friends,"Joey the soda bottle bounced with excitement, ready to join his friends."
processed_audio/annotated_sentence_segments/uid_flpss45kNMRJ1OyjEiJaPFx5rCo2_sid_cqG7XCJHLAa4J12lsMtP_1743380445_195798708_sentence_segment_close.wav,As he rolled to the meeting he spotted his bɛs friend a napkin named Roy,"As he rolled to the meeting, he spotted his best friend, a napkin named Roy."
processed_audio/annotated_sentence_segments/uid_flpss45kNMRJ1OyjEiJaPFx5rCo2_sid_cqG7XCJHLAa4J12lsMtP_1743380445_195798709_sentence_segment_close.wav,Roy was always there to keep things ˈtɪti,Roy was always there to keep things tidy.
processed_audio/annotated_sentence_segments/uid_flpss45kNMRJ1OyjEiJaPFx5rCo2_sid_cqG7XCJHLAa4J12lsMtP_1743380445_195798710_sentence_segment_close.wav,oʊːi Oi Joey Roy kəhɔld out waving a corner of his self,"""Oi, Joey!"" Roy called out, waving a corner of himself."
processed_audio/annotated_sentence_segments/uid_flpss45kNMRJ1OyjEiJaPFx5rCo2_sid_cqG7XCJHLAa4J12lsMtP_1743380445_195798711_sentence_segment_close.wav,Hurry or well oɹ we'll be late for the meeting,"""Hurry, or we'll be late for the meeting!"""
processed_audio/annotated_sentence_segments/uid_flpss45kNMRJ1OyjEiJaPFx5rCo2_sid_cqG7XCJHLAa4J12lsMtP_1743380445_195798712_sentence_segment_close.wav,Together they rolled and fluttered to the snack table,"Together, they rolled and fluttered to the snack table."
processed_audio/annotated_sentence_segments/uid_flpss45kNMRJ1OyjEiJaPFx5rCo2_sid_cqG7XCJHLAa4J12lsMtP_1743380445_195798713_sentence_segment_close.wav,The meeting was already buzzing with noise,The meeting was already buzzing with noise.
processed_audio/annotated_sentence_segments/uid_flpss45kNMRJ1OyjEiJaPFx5rCo2_sid_cqG7XCJHLAa4J12lsMtP_1743380445_195798714_sentence_segment_close.wav,Chips cookies and candies shared stories o|um|of joy and fun,"Chips, cookies, and candies shared stories of joy and fun."
processed_audio/annotated_sentence_segments/uid_flpss45kNMRJ1OyjEiJaPFx5rCo2_sid_cqG7XCJHLAa4J12lsMtP_1743380445_195798715_sentence_segment_close.wav,Joey shared how he brought fizzy to a əm toʊ bir|joy dʒɔɪ birthday parties,Joey shared how he brought fizzy joy to birthday parties.
processed_audio/annotated_sentence_segments/uid_flpss45kNMRJ1OyjEiJaPFx5rCo2_sid_cqG7XCJHLAa4J12lsMtP_1743380445_195798716_sentence_segment_close.wav,əm Roy əm talked about how he enjoyed keeping everyone clean and neat,Roy talked about how he enjoyed keeping everyone clean and neat.
processed_audio/annotated_sentence_segments/uid_flpss45kNMRJ1OyjEiJaPFx5rCo2_sid_cqG7XCJHLAa4J12lsMtP_1743380445_195798717_sentence_segment_close.wav,The other snacks clapped and cheered feeling proud of əv their roles,"The other snacks clapped and cheered, feeling proud of their roles."
processed_audio/annotated_sentence_segments/uid_flpss45kNMRJ1OyjEiJaPFx5rCo2_sid_cqG7XCJHLAa4J12lsMtP_1743380445_195798718_sentence_segment_close.wav,As the meeting ended Jo|um|Joey and Roy realized how important their jobs were,"As the meeting ended, Joey and Roy realized how important their jobs were."
processed_audio/annotated_sentence_segments/uid_flpss45kNMRJ1OyjEiJaPFx5rCo2_sid_cqG7XCJHLAa4J12lsMtP_1743380445_195798719_sentence_segment_close.wav,Filled with joy they promised to continue bringing smiles to kids faces,"Filled with joy, they promised to continue bringing smiles to kids' faces."
processed_audio/annotated_sentence_segments/uid_flpss45kNMRJ1OyjEiJaPFx5rCo2_sid_cqG7XCJHLAa4J12lsMtP_1743380445_195798720_sentence_segment_close.wav,And so Joey the soda and Roy the napkin returned to their places ready for more joyful adventures,"And so, Joey the soda and Roy the napkin returned to their places, ready for more joyful adventures."
processed_audio/annotated_sentence_segments/uid_IGe7nmfoeKQG1oyWJEMIv6KIP5Q2_sid_OJ3hCvb3pokTxqbvhJuh_1742508917_195798721_sentence_segment_close.wav,fɪl the racer had a sturdy red car that pɔɹd with power,Finn the racer had a sturdy red car that purred with power.
processed_audio/annotated_sentence_segments/uid_IGe7nmfoeKQG1oyWJEMIv6KIP5Q2_sid_OJ3hCvb3pokTxqbvhJuh_1742508917_195798722_sentence_segment_close.wav,eerly each morning Early itʃ mɔɹnɪŋ fɪl will hurry to the track,"Early each morning, Finn would hurry to the track."
processed_audio/annotated_sentence_segments/uid_IGe7nmfoeKQG1oyWJEMIv6KIP5Q2_sid_OJ3hCvb3pokTxqbvhJuh_1742508917_195798723_sentence_segment_close.wav,His hɪz favorite  turn on the racecourse was called the Curvy Curve,His favorite turn on the racecourse was called the Curvy Curve.
processed_audio/annotated_sentence_segments/uid_IGe7nmfoeKQG1oyWJEMIv6KIP5Q2_sid_OJ3hCvb3pokTxqbvhJuh_1742508917_195798724_sentence_segment_close.wav,The big race day had come and fɪl was ready to join,"The big race day had come, and Finn was ready to join."
processed_audio/annotated_sentence_segments/uid_IGe7nmfoeKQG1oyWJEMIv6KIP5Q2_sid_OJ3hCvb3pokTxqbvhJuh_1742508917_195798725_sentence_segment_close.wav,As he started his car it made a soft whirr,"As he started his car, it made a soft whirr."
processed_audio/annotated_sentence_segments/uid_IGe7nmfoeKQG1oyWJEMIv6KIP5Q2_sid_OJ3hCvb3pokTxqbvhJuh_1742508917_195798726_sentence_segment_close.wav,The engines əv many cars tɹɛ|tɹɛmbld with excitement,The engines of many cars trembled with excitement.
processed_audio/annotated_sentence_segments/uid_IGe7nmfoeKQG1oyWJEMIv6KIP5Q2_sid_OJ3hCvb3pokTxqbvhJuh_1742508917_195798727_sentence_segment_close.wav,Fill no Finn felt a flutter of thorough thrill inside him,Finn felt a flutter of thrill inside him.
processed_audio/annotated_sentence_segments/uid_IGe7nmfoeKQG1oyWJEMIv6KIP5Q2_sid_OJ3hCvb3pokTxqbvhJuh_1742508917_195798728_sentence_segment_close.wav,With the starting flag up fɪl started forward,"With the starting flag up, Finn surged forward."
processed_audio/annotated_sentence_segments/uid_IGe7nmfoeKQG1oyWJEMIv6KIP5Q2_sid_OJ3hCvb3pokTxqbvhJuh_1742508917_195798729_sentence_segment_close.wav,The sound of the rushing air made a humming mʌləbaɪ,The sound of the rushing air made a humming melody.
processed_audio/annotated_sentence_segments/uid_IGe7nmfoeKQG1oyWJEMIv6KIP5Q2_sid_OJ3hCvb3pokTxqbvhJuh_1742508917_195798730_sentence_segment_close.wav,As Finn ə|p|əpɹoʊtʃt the Curvy Curve he remembered to steer with car care,"As Finn approached the Curvy Curve, he remembered to steer with care."
processed_audio/annotated_sentence_segments/uid_IGe7nmfoeKQG1oyWJEMIv6KIP5Q2_sid_OJ3hCvb3pokTxqbvhJuh_1742508917_195798731_sentence_segment_close.wav,His car turned smoothly like a bird in flight making him smile with joy,"His car turned smoothly like a bird in flight, making him smile with joy."
processed_audio/annotated_sentence_segments/uid_IGe7nmfoeKQG1oyWJEMIv6KIP5Q2_sid_OJ3hCvb3pokTxqbvhJuh_1742508917_195798732_sentence_segment_close.wav,Suddenly a sharp bump shook Finn's car,"Suddenly, a sharp bump shook Finn's car."
processed_audio/annotated_sentence_segments/uid_IGe7nmfoeKQG1oyWJEMIv6KIP5Q2_sid_OJ3hCvb3pokTxqbvhJuh_1742508917_195798733_sentence_segment_close.wav,He felt əngɜɹteɪtɛd and his heart thudded fast but he stayed f|fɜɹm,"He felt uncertainty and his heart thudded fast, but he stayed firm."
processed_audio/annotated_sentence_segments/uid_IGe7nmfoeKQG1oyWJEMIv6KIP5Q2_sid_OJ3hCvb3pokTxqbvhJuh_1742508917_195798734_sentence_segment_close.wav,He gripped the wheel drove through ay swift pass and swift|ly passed other cars,"He gripped the wheel, drove forward and swiftly passed other cars."
processed_audio/annotated_sentence_segments/uid_IGe7nmfoeKQG1oyWJEMIv6KIP5Q2_sid_OJ3hCvb3pokTxqbvhJuh_1742508917_195798735_sentence_segment_close.wav,The crowd cheered as Finn crossed the finish line his hɪz spritz haɪ hɪz spirits high and triumphant,"The crowd cheered as Finn crossed the finish line, his spirits high and triumphant."
processed_audio/annotated_sentence_segments/uid_IGe7nmfoeKQG1oyWJEMIv6KIP5Q2_sid_OJ3hCvb3pokTxqbvhJuh_1742508917_195798736_sentence_segment_close.wav,Finn had won the race,Finn had won the race!
processed_audio/annotated_sentence_segments/uid_IGe7nmfoeKQG1oyWJEMIv6KIP5Q2_sid_OJ3hCvb3pokTxqbvhJuh_1742508917_195798737_sentence_segment_close.wav,With a  With a grateful smile he waved to the people,"With a grateful smile, he waved to the people."
processed_audio/annotated_sentence_segments/uid_IGe7nmfoeKQG1oyWJEMIv6KIP5Q2_sid_OJ3hCvb3pokTxqbvhJuh_1742508917_195798738_sentence_segment_close.wav,The racing journey had thought him courage bringing him joy and a feeling of pride,"The racing journey had taught him courage, bringing him joy and a feeling of pride."
processed_audio/annotated_sentence_segments/uid_eQ9VyOzVOCQWR7uTGBGzvfh3rUJ2_sid_i8ZL8hdudVu5SxNk90X4_1743022443_195798739_sentence_segment_close.wav,In a soft nest in eig egg leg on a hot sand,"In a soft nest, an egg lay on hot sand."
processed_audio/annotated_sentence_segments/uid_eQ9VyOzVOCQWR7uTGBGzvfh3rUJ2_sid_i8ZL8hdudVu5SxNk90X4_1743022443_195798740_sentence_segment_close.wav,Inside a small a dragon had a nap,"Inside, a small dragon had a nap."
processed_audio/annotated_sentence_segments/uid_eQ9VyOzVOCQWR7uTGBGzvfh3rUJ2_sid_i8ZL8hdudVu5SxNk90X4_1743022443_195798741_sentence_segment_close.wav,she The shell had cracked,The shell had a crack.
processed_audio/annotated_sentence_segments/uid_eQ9VyOzVOCQWR7uTGBGzvfh3rUJ2_sid_i8ZL8hdudVu5SxNk90X4_1743022443_195798742_sentence_segment_close.wav,it The  did not reach,The dragon did not rush.
processed_audio/annotated_sentence_segments/uid_eQ9VyOzVOCQWR7uTGBGzvfh3rUJ2_sid_i8ZL8hdudVu5SxNk90X4_1743022443_195798743_sentence_segment_close.wav,It had    ,It had fun in the egg.
processed_audio/annotated_sentence_segments/uid_eQ9VyOzVOCQWR7uTGBGzvfh3rUJ2_sid_i8ZL8hdudVu5SxNk90X4_1743022443_195798744_sentence_segment_close.wav,at  A soft teɪp a and then with a with a big push it was out of,"A soft tap and then, with a big push, it was out."
processed_audio/annotated_sentence_segments/uid_eQ9VyOzVOCQWR7uTGBGzvfh3rUJ2_sid_i8ZL8hdudVu5SxNk90X4_1743022443_195798745_sentence_segment_close.wav,The baby dragon have give a big yawn,The baby dragon gave a big yawn.
processed_audio/annotated_sentence_segments/uid_eQ9VyOzVOCQWR7uTGBGzvfh3rUJ2_sid_i8ZL8hdudVu5SxNk90X4_1743022443_195798746_sentence_segment_close.wav,The sun was hot and the sand was soft,"The sun was hot, and the sand was soft."
processed_audio/annotated_sentence_segments/uid_eQ9VyOzVOCQWR7uTGBGzvfh3rUJ2_sid_i8ZL8hdudVu5SxNk90X4_1743022443_195798747_sentence_segment_close.wav,It was a red bug on top,It saw a red bug hop by.
processed_audio/annotated_sentence_segments/uid_eQ9VyOzVOCQWR7uTGBGzvfh3rUJ2_sid_i8ZL8hdudVu5SxNk90X4_1743022443_195798748_sentence_segment_close.wav,by The dragon gave a big glad health,"The dragon gave a big, glad laugh."
processed_audio/annotated_sentence_segments/uid_eQ9VyOzVOCQWR7uTGBGzvfh3rUJ2_sid_i8ZL8hdudVu5SxNk90X4_1743022443_195798749_sentence_segment_close.wav,It wa felt a wɪ.wɪnd and the sun,It felt the wind and the sun.
processed_audio/annotated_sentence_segments/uid_eQ9VyOzVOCQWR7uTGBGzvfh3rUJ2_sid_i8ZL8hdudVu5SxNk90X4_1743022443_195798750_sentence_segment_close.wav,ɛ  baby dragon popped its ʌm less egg shell,The baby dragon had popped out at last!
processed_audio/annotated_sentence_segments/uid_eQ9VyOzVOCQWR7uTGBGzvfh3rUJ2_sid_i8ZL8hdudVu5SxNk90X4_1743022443_195798751_sentence_segment_close.wav,oʊ now its is the ,The egg was now its past.
processed_audio/annotated_sentence_segments/uid_ihIoefKsGwTDai7fGs9x3DyNvju2_sid_MeMarit6msvAMziBN7LA_1742773937_195798752_sentence_segment_close.wav,Jane would like to braid her rope,Jane would like to braid her rope.
processed_audio/annotated_sentence_segments/uid_ihIoefKsGwTDai7fGs9x3DyNvju2_sid_MeMarit6msvAMziBN7LA_1742773937_195798753_sentence_segment_close.wav,She goes home ʌm for the cone that holds it,She goes home for the cone that holds it.
processed_audio/annotated_sentence_segments/uid_ihIoefKsGwTDai7fGs9x3DyNvju2_sid_MeMarit6msvAMziBN7LA_1742773937_195798754_sentence_segment_close.wav,She go She does not ko.koʊp at first,She does not cope at first.
processed_audio/annotated_sentence_segments/uid_ihIoefKsGwTDai7fGs9x3DyNvju2_sid_MeMarit6msvAMziBN7LA_1742773937_195798755_sentence_segment_close.wav,Jane takes her time,Jane takes her time.
processed_audio/annotated_sentence_segments/uid_ihIoefKsGwTDai7fGs9x3DyNvju2_sid_MeMarit6msvAMziBN7LA_1742773937_195798756_sentence_segment_close.wav,Finally Jane shows the braid to her mom at home,"Finally, Jane shows the braid to her mom at home."
processed_audio/annotated_sentence_segments/uid_ihIoefKsGwTDai7fGs9x3DyNvju2_sid_MeMarit6msvAMziBN7LA_1742773937_195798757_sentence_segment_close.wav,Mom is proud and they both smile at the rope,"Mom is proud, and they both smile at the rope."
processed_audio/annotated_sentence_segments/uid_uJ59YClhDZUuJsN0vsDR1GRv6pu1_sid_BgEKj3YsDOc1MjBj4yDv_1741917511_195798758_sentence_segment_close.wav,Britten and Ford are good pals,Britten and Ford are good pals.
processed_audio/annotated_sentence_segments/uid_uJ59YClhDZUuJsN0vsDR1GRv6pu1_sid_BgEKj3YsDOc1MjBj4yDv_1741917511_195798759_sentence_segment_close.wav,One day they play in the park,"One day, they play in the park."
processed_audio/annotated_sentence_segments/uid_uJ59YClhDZUuJsN0vsDR1GRv6pu1_sid_BgEKj3YsDOc1MjBj4yDv_1741917511_195798760_sentence_segment_close.wav,Britten skips stones across the pond while Ford loves to catch frogs,"Britten skips stones across the pond, while Ford loves to catch frogs."
processed_audio/annotated_sentence_segments/uid_uJ59YClhDZUuJsN0vsDR1GRv6pu1_sid_BgEKj3YsDOc1MjBj4yDv_1741917511_195798761_sentence_segment_close.wav,As zɪ sun sets Britten jumps over the benches and Ford runs past the swings,"As the sun sets, Britten jumps over the benches, and Ford runs past the swings."
processed_audio/annotated_sentence_segments/uid_uJ59YClhDZUuJsN0vsDR1GRv6pu1_sid_BgEKj3YsDOc1MjBj4yDv_1741917511_195798762_sentence_segment_close.wav,They laughed They laugh and smile as they tell stories,They laugh and smile as they tell stories.
processed_audio/annotated_sentence_segments/uid_uJ59YClhDZUuJsN0vsDR1GRv6pu1_sid_BgEKj3YsDOc1MjBj4yDv_1741917511_195798763_sentence_segment_close.wav,When it grows dark Britten and Ford head home,"When it grows dark, Britten and Ford head home."
processed_audio/annotated_sentence_segments/uid_uJ59YClhDZUuJsN0vsDR1GRv6pu1_sid_BgEKj3YsDOc1MjBj4yDv_1741917511_195798764_sentence_segment_close.wav,They wave goodbye and promise t'play gɛn ,They wave goodbye and promise to play again soon.
processed_audio/annotated_sentence_segments/uid_uJ59YClhDZUuJsN0vsDR1GRv6pu1_sid_BgEKj3YsDOc1MjBj4yDv_1741917511_195798765_sentence_segment_close.wav,Their friendship is as strong as the trees anas æs bright as the stars in the night,Their friendship is as strong as the trees and as bright as the stars in the night.
processed_audio/annotated_sentence_segments/uid_XmxSYUZAj4dRqSczt2clQkDf31M2_sid_htmuP5C6ltf1uTEX9ux8_1742869165_195798766_sentence_segment_close.wav,In a landof twɪŋ|klɪŋ lights of ca|caps clapping ke:ɪp clapping fairies named Jade led and dance dæns on rose petals,"In a land of twinkling lights, a cape-clad fairy, named Jade, led a dance on rose petals."
processed_audio/annotated_sentence_segments/uid_XmxSYUZAj4dRqSczt2clQkDf31M2_sid_htmuP5C6ltf1uTEX9ux8_1742869165_195798767_sentence_segment_close.wav,The fairies twinkled their elap|later litters bright,"The fairies twirled, their laughter bright."
processed_audio/annotated_sentence_segments/uid_Om0JhZ6RmTNQ5wDLPHKIC3LtY4g2_sid_4SyoJ5neD3pBMkPc5e6V_1741219404_195798768_sentence_segment_close.wav,Kitty was a  anger for her play date,Kitty was eager for her play date.
processed_audio/annotated_sentence_segments/uid_Om0JhZ6RmTNQ5wDLPHKIC3LtY4g2_sid_4SyoJ5neD3pBMkPc5e6V_1741219404_195798769_sentence_segment_close.wav,She wore a bright red sːkɑɹf uh and went out to the park,She wore a bright red scarf and went out to the park.
processed_audio/annotated_sentence_segments/uid_Om0JhZ6RmTNQ5wDLPHKIC3LtY4g2_sid_4SyoJ5neD3pBMkPc5e6V_1741219404_195798770_sentence_segment_close.wav,Kitty saw her friend mɔk who brought his toy car,"Kitty saw her friend, Mark, who brought his toy car."
processed_audio/annotated_sentence_segments/uid_Om0JhZ6RmTNQ5wDLPHKIC3LtY4g2_sid_4SyoJ5neD3pBMkPc5e6V_1741219404_195798771_sentence_segment_close.wav,They plaid played in the sandbox making castles and pretending to be paɪɹətsː searching for treasure,"They played in the sandbox, making castles and pretending to be pirates searching for treasure."
processed_audio/annotated_sentence_segments/uid_Om0JhZ6RmTNQ5wDLPHKIC3LtY4g2_sid_4SyoJ5neD3pBMkPc5e6V_1741219404_195798772_sentence_segment_close.wav,aθ the sun bɪɡeɪn to set Kitty and Mark waved goodbye tothe park,"As the sun began to set, Kitty and Mark waved goodbye to the park."
processed_audio/annotated_sentence_segments/uid_Om0JhZ6RmTNQ5wDLPHKIC3LtY4g2_sid_4SyoJ5neD3pBMkPc5e6V_1741219404_195798773_sentence_segment_close.wav,They promise to meet again for more ventures and fun,They promised to meet again for more adventures and fun.
processed_audio/annotated_sentence_segments/uid_Om0JhZ6RmTNQ5wDLPHKIC3LtY4g2_sid_4SyoJ5neD3pBMkPc5e6V_1741219404_195798774_sentence_segment_close.wav,Kitty felt happy as she walked home her scarf trail behind likay shooting star,"Kitty felt happy as she walked home, her scarf trailing behind like a shooting star."
processed_audio/annotated_sentence_segments/uid_jWPmLFrSHDZItPTjjPUB8KAsjlq2_sid_5J7R2ZQimq5M6HJd9Q3L_1742768464_195798775_sentence_segment_close.wav,In a suh ɪn the sunny town of Blue Bay a curious boy named Lewis loved finding new avengers,"In the sunny town of Blue Bay, a curious boy named Lewis loved finding new adventures."
processed_audio/annotated_sentence_segments/uid_jWPmLFrSHDZItPTjjPUB8KAsjlq2_sid_5J7R2ZQimq5M6HJd9Q3L_1742768464_195798776_sentence_segment_close.wav,One day while strolling pass a dense fruit orchard he spied a bright blue butterfly fluttering about,"One day, while strolling past a dense fruit orchard, he spied a bright blue butterfly fluttering about."
processed_audio/annotated_sentence_segments/uid_jWPmLFrSHDZItPTjjPUB8KAsjlq2_sid_5J7R2ZQimq5M6HJd9Q3L_1742768464_195798777_sentence_segment_close.wav,Enchanted Lewis decided to chase the butterfly ducking under grape vines and leaping over puddles,"Enchanted, Lewis decided to chase the butterfly, ducking under grape vines and leaping over puddles."
processed_audio/annotated_sentence_segments/uid_jWPmLFrSHDZItPTjjPUB8KAsjlq2_sid_5J7R2ZQimq5M6HJd9Q3L_1742768464_195798778_sentence_segment_close.wav,Suddenly Lewis stumbled upon a unusual treasure a shiny blue jewel glimmering in the sunlight,"Suddenly, Lewis stumbled upon an unusual treasure—a shiny blue jewel, glimmering in the sunlight."
processed_audio/annotated_sentence_segments/uid_jWPmLFrSHDZItPTjjPUB8KAsjlq2_sid_5J7R2ZQimq5M6HJd9Q3L_1742768464_195798779_sentence_segment_close.wav,Wow what a view he exclaimed as the jewel sparkled like the ocean's dew anna fish morning,"""Wow, what a view!"" he exclaimed, as the jewel sparkled like the ocean's dew on a fresh morning."
processed_audio/annotated_sentence_segments/uid_jWPmLFrSHDZItPTjjPUB8KAsjlq2_sid_5J7R2ZQimq5M6HJd9Q3L_1742768464_195798780_sentence_segment_close.wav,Lewis knew he had to ʃ.ʃoʊ his new discovery to is bɛs friend Sue,"Lewis knew he had to show his new discovery to his best friend, Sue."
processed_audio/annotated_sentence_segments/uid_jWPmLFrSHDZItPTjjPUB8KAsjlq2_sid_5J7R2ZQimq5M6HJd9Q3L_1742768464_195798781_sentence_segment_close.wav,Together they imagine it belong to a pirate long ago,"Together, they imagined it belonged to a pirate long ago."
processed_audio/annotated_sentence_segments/uid_jWPmLFrSHDZItPTjjPUB8KAsjlq2_sid_5J7R2ZQimq5M6HJd9Q3L_1742768464_195798782_sentence_segment_close.wav,As the sun set over Blue Bay Lewis and Sue agreed their adventure was truly special much like the bond between great friends,"As the sun set over Blue Bay, Lewis and Sue agreed their adventure was truly special, much like the bond between great friends."
processed_audio/annotated_sentence_segments/uid_Sn3Nw7A3OmOkiMXEFjEyRusLuuo2_sid_eOMbjMl5depUgqb4lRbh_1743021158_195798783_sentence_segment_close.wav,Ariel and her  pals Sebastian and Flounder were on an əvɛntʃəɹ,"Ariel and her pals, Sebastian and Flounder, were on an adventure."
processed_audio/annotated_sentence_segments/uid_Sn3Nw7A3OmOkiMXEFjEyRusLuuo2_sid_eOMbjMl5depUgqb4lRbh_1743021158_195798784_sentence_segment_close.wav,They foʊnd a cave and explored with glee,They found a cave and explored with glee.
processed_audio/annotated_sentence_segments/uid_Sn3Nw7A3OmOkiMXEFjEyRusLuuo2_sid_eOMbjMl5depUgqb4lRbh_1743021158_195798785_sentence_segment_close.wav,Look a birft gɛm said Ariel,"""Look, a bright gem!"" said Ariel."
processed_audio/annotated_sentence_segments/uid_Sn3Nw7A3OmOkiMXEFjEyRusLuuo2_sid_eOMbjMl5depUgqb4lRbh_1743021158_195798786_sentence_segment_close.wav,They gave it a (Unintelligble) klɔsəɹ ɡlænt and felt it shine withth: mag|kiss,They gave it a closer glance and felt it shine with magic.
processed_audio/annotated_sentence_segments/uid_Sn3Nw7A3OmOkiMXEFjEyRusLuuo2_sid_eOMbjMl5depUgqb4lRbh_1743021158_195798787_sentence_segment_close.wav,It lɪ də cave and ʃaʊd a path home,It lit the cave and showed a path home.
processed_audio/annotated_sentence_segments/uid_Sn3Nw7A3OmOkiMXEFjEyRusLuuo2_sid_eOMbjMl5depUgqb4lRbh_1743021158_195798788_sentence_segment_close.wav,əmɪŋ they cheered,"""Amazing!"" they cheered."
processed_audio/annotated_sentence_segments/uid_Sn3Nw7A3OmOkiMXEFjEyRusLuuo2_sid_eOMbjMl5depUgqb4lRbh_1743021158_195798789_sentence_segment_close.wav,Together they ah made their why back way back mhmm happy for the fun and wonder they share,"Together, they made their way back, happy for the fun and wonder they shared."
processed_audio/annotated_sentence_segments/uid_ihIoefKsGwTDai7fGs9x3DyNvju2_sid_ujKXyBlmQlDqdJspmTTx_1742944450_195798790_sentence_segment_close.wav,In a small town Max loves mæ,"In a small town, Max loved math."
processed_audio/annotated_sentence_segments/uid_ihIoefKsGwTDai7fGs9x3DyNvju2_sid_ujKXyBlmQlDqdJspmTTx_1742944450_195798791_sentence_segment_close.wav,One day his teacher gives him a tricky math puzzle,"One day, his teacher gave him a tricky math puzzle."
processed_audio/annotated_sentence_segments/uid_ihIoefKsGwTDai7fGs9x3DyNvju2_sid_ujKXyBlmQlDqdJspmTTx_1742944450_195798792_sentence_segment_close.wav,Max sat under a big oat tree ʌm s.|skɹætʃɪŋ his head,"Max sat under the big oak tree, scratching his head."
processed_audio/annotated_sentence_segments/uid_ihIoefKsGwTDai7fGs9x3DyNvju2_sid_ujKXyBlmQlDqdJspmTTx_1742944450_195798793_sentence_segment_close.wav,He tried to start slowly ʌm solving it but the numbers danced ɪnt his maɪn,"He tried to start solving it, but the numbers danced in his mind."
processed_audio/annotated_sentence_segments/uid_ihIoefKsGwTDai7fGs9x3DyNvju2_sid_ujKXyBlmQlDqdJspmTTx_1742944450_195798794_sentence_segment_close.wav,dʒʌs then his friend Lila ʌm joined him,"Just then, his friend Lily joined him."
processed_audio/annotated_sentence_segments/uid_ihIoefKsGwTDai7fGs9x3DyNvju2_sid_ujKXyBlmQlDqdJspmTTx_1742944450_195798795_sentence_segment_close.wav,Together they began to add s ʌm subtract and mʌtɪplaɪ,"Together, they began to add, subtract, and multiply."
processed_audio/annotated_sentence_segments/uid_ihIoefKsGwTDai7fGs9x3DyNvju2_sid_ujKXyBlmQlDqdJspmTTx_1742944450_195798796_sentence_segment_close.wav,Soon they fa ʌm find the answer,"Soon, they found the answer!"
processed_audio/annotated_sentence_segments/uid_ihIoefKsGwTDai7fGs9x3DyNvju2_sid_ujKXyBlmQlDqdJspmTTx_1742944450_195798797_sentence_segment_close.wav,Max and Lily hide-fived happily they had a sol ,"Max and Lily high-fived, happy they had the solution."
processed_audio/annotated_sentence_segments/uid_ihIoefKsGwTDai7fGs9x3DyNvju2_sid_ujKXyBlmQlDqdJspmTTx_1742944450_195798798_sentence_segment_close.wav,From that day on they teamed up for every math challenge knowing that starting together made solving problems as good time,"From that day on, they teamed up for every math challenge, knowing that starting together made solving problems a good time."
processed_audio/annotated_sentence_segments/uid_ihIoefKsGwTDai7fGs9x3DyNvju2_sid_ujKXyBlmQlDqdJspmTTx_1742944450_195798799_sentence_segment_close.wav,And they ʌm ɔlweɪʒ remember to check the time after,And they always remembered to check the time after.
processed_audio/annotated_sentence_segments/uid_1w0NU0CL8KMbltxDo7mrkTKhgpD2_sid_WVnogOLLKWsUpfSCUTYy_1742504172_195798800_sentence_segment_close.wav,Once upon a time in the magical land of ʃæmwɑk Valley they lih there lived a leprechaun name Finnegan,"Once upon a time in the magical land of Shamrock Valley, lived a leprechaun named Finnegan."
processed_audio/annotated_sentence_segments/uid_1w0NU0CL8KMbltxDo7mrkTKhgpD2_sid_WVnogOLLKWsUpfSCUTYy_1742504172_195798801_sentence_segment_close.wav,Finnegan Finnegan was not a ɔɹdɪlnɛɹi leprechaun he was e|xtremely  curiu curious and adventurous,Finnegan was not an ordinary leprechaun; he was extraordinarily curious and adventurous.
processed_audio/annotated_sentence_segments/uid_1w0NU0CL8KMbltxDo7mrkTKhgpD2_sid_WVnogOLLKWsUpfSCUTYy_1742504172_195798802_sentence_segment_close.wav,ʌnəɹ a colsuh koʊloʊlsʃ oak tree were he kept his tredzure pot of gold,"He lived under a colossal oak tree, where he kept his treasured pot of gold."
processed_audio/annotated_sentence_segments/uid_1w0NU0CL8KMbltxDo7mrkTKhgpD2_sid_WVnogOLLKWsUpfSCUTYy_1742504172_195798803_sentence_segment_close.wav,One sunny morning Finnegan decided to explore ðəv vaɪbɹɪ̈t meadow behond behind his home,"One sunny morning, Finnegan decided to explore the vibrant meadow beyond his home."
processed_audio/annotated_sentence_segments/uid_1w0NU0CL8KMbltxDo7mrkTKhgpD2_sid_WVnogOLLKWsUpfSCUTYy_1742504172_195798804_sentence_segment_close.wav,h (he) As he skip joyfully he stumbled upon a puce pjukətʃəɹ sign,"As he skipped joyfully, he stumbled upon a peculiar sight."
processed_audio/annotated_sentence_segments/uid_1w0NU0CL8KMbltxDo7mrkTKhgpD2_sid_WVnogOLLKWsUpfSCUTYy_1742504172_195798805_sentence_segment_close.wav,ðɛə in the middle of the meadow s:tʊd a ɪnɔməs weɪmboʊ with dazing dazing kʌlz,"There, in the middle of the meadow, stood an enormous rainbow with dazzling colors."
processed_audio/annotated_sentence_segments/uid_1w0NU0CL8KMbltxDo7mrkTKhgpD2_sid_WVnogOLLKWsUpfSCUTYy_1742504172_195798806_sentence_segment_close.wav,It was mo ma.magicf magicfuh magicf magicfuh magicfuh ə than ɛnə weɪnbɑ any rainbow    ever seen before,It was more magnificent than any rainbow he had ever seen before.
processed_audio/annotated_sentence_segments/uid_1w0NU0CL8KMbltxDo7mrkTKhgpD2_sid_WVnogOLLKWsUpfSCUTYy_1742504172_195798807_sentence_segment_close.wav,Finnegan hut heart filled with excitement  he imɛmbəd an excitement lɛpəkɑn legend,Finnegan's heart filled with excitement as he remembered the ancient leprechaun legend.
processed_audio/annotated_sentence_segments/uid_1w0NU0CL8KMbltxDo7mrkTKhgpD2_sid_WVnogOLLKWsUpfSCUTYy_1742504172_195798808_sentence_segment_close.wav,dɪ legend said that that at the ɛn of the most mɑɹvəljəs weɪmboʊ ðeɪv lay a treasure mɔ variable gold,"The legend said that at the end of the most marvelous rainbow, there lay a hidden treasure more valuable than gold."
processed_audio/annotated_sentence_segments/uid_1w0NU0CL8KMbltxDo7mrkTKhgpD2_sid_WVnogOLLKWsUpfSCUTYy_1742504172_195798809_sentence_segment_close.wav,Determined to dɪskʌbəɹ this treasure f:ɪnəgɪn set off in his quest,"Determined to discover this treasure, Finnegan set off on his quest."
processed_audio/annotated_sentence_segments/uid_1w0NU0CL8KMbltxDo7mrkTKhgpD2_sid_WVnogOLLKWsUpfSCUTYy_1742504172_195798810_sentence_segment_close.wav,He follow the weɪmoʊ θwu the ɛntʃɪnɛɹi fɔwəs past bubbly broke and s:igh singing birds,"He followed the rainbow through the enchanted forest, past bubbling brooks and singing birds."
processed_audio/annotated_sentence_segments/uid_1w0NU0CL8KMbltxDo7mrkTKhgpD2_sid_WVnogOLLKWsUpfSCUTYy_1742504172_195798811_sentence_segment_close.wav,dʒʌs ah as the sun began to set Finnegan reej the ɛn of the weɪnboʊ,"Just as the sun began to set, Finnegan reached the end of the rainbow."
processed_audio/annotated_sentence_segments/uid_1w0NU0CL8KMbltxDo7mrkTKhgpD2_sid_WVnogOLLKWsUpfSCUTYy_1742504172_195798812_sentence_segment_close.wav,To his amazingness he faʊn not a pot of gold but a mædʒɪkəldʒ ɡɑwdən full of delicious ɪtɪk f:wuits and fwaʊəɹz,"To his amazement, he found not a pot of gold, but a magical garden full of delicious, exotic fruits and flowers."
processed_audio/annotated_sentence_segments/uid_1w0NU0CL8KMbltxDo7mrkTKhgpD2_sid_WVnogOLLKWsUpfSCUTYy_1742504172_195798813_sentence_segment_close.wav,Finnegan realize the truh true treasure wʌzn not not gold but the egjo extra extranaridid beauty and harmonated hoʊməni əwaʊnd him,"Finnegan realized the true treasure was not gold, but the extraordinary beauty and harmony around him."
processed_audio/annotated_sentence_segments/uid_1w0NU0CL8KMbltxDo7mrkTKhgpD2_sid_WVnogOLLKWsUpfSCUTYy_1742504172_195798814_sentence_segment_close.wav,With a hɑw full of joy Finnegan weturn to his oak tree,"With a heart full of joy, Finnegan returned to his oak tree."
processed_audio/annotated_sentence_segments/uid_1w0NU0CL8KMbltxDo7mrkTKhgpD2_sid_WVnogOLLKWsUpfSCUTYy_1742504172_195798815_sentence_segment_close.wav,He bwɔt with him some of the gawden ɛkna flaʊz which he plænʔɪd around his home,"He brought with him some of the garden's enchanting flowers, which he planted around his home."
processed_audio/annotated_sentence_segments/uid_1w0NU0CL8KMbltxDo7mrkTKhgpD2_sid_WVnogOLLKWsUpfSCUTYy_1742504172_195798816_sentence_segment_close.wav,From the day that ʃæmwɑk Valley was known for the beautiful blossoms the and Finnegan was celebwating as the leperchauns who faʊn the greatest treasure of all,"From that day on, Shamrock Valley was known for its beautiful blossoms, and Finnegan was celebrated as the leprechaun who found the greatest treasure of all."
processed_audio/annotated_sentence_segments/uid_1w0NU0CL8KMbltxDo7mrkTKhgpD2_sid_WVnogOLLKWsUpfSCUTYy_1742504172_195798817_sentence_segment_close.wav,And so Finnegan learned s|th.that sʌmtaɪm the moʊsv valuable treasure ɑw not what we ɛkspɛk but the wonduh we faɪn ə.əlɔŋ the way,"And so, Finnegan learned that sometimes the most valuable treasures are not what we expect, but the wonders we find along the way."
processed_audio/annotated_sentence_segments/uid_b7tT96cSBaaiNnMJ2KcuOQPRkO83_sid_f7KR0agQx5Xn9Hgin229_1741215227_195798818_sentence_segment_close.wav,In a small green forest there lived a clever fox named Max,"In a small green forest, there lived a clever fox named Max."
processed_audio/annotated_sentence_segments/uid_b7tT96cSBaaiNnMJ2KcuOQPRkO83_sid_f7KR0agQx5Xn9Hgin229_1741215227_195798819_sentence_segment_close.wav,Max loved roaming around searching for fun,"Max loved roaming around, searching for fun."
processed_audio/annotated_sentence_segments/uid_b7tT96cSBaaiNnMJ2KcuOQPRkO83_sid_f7KR0agQx5Xn9Hgin229_1741215227_195798820_sentence_segment_close.wav,One sunny day Max found a small shiny box under a big old oak tree,"One sunny day, Max found a small, shiny box under a big, old oak tree."
processed_audio/annotated_sentence_segments/uid_b7tT96cSBaaiNnMJ2KcuOQPRkO83_sid_f7KR0agQx5Xn9Hgin229_1741215227_195798821_sentence_segment_close.wav,He was curious so he s:nɪf:d and tapped on tapped the lid,"He was curious, so he sniffed and tapped the lid."
processed_audio/annotated_sentence_segments/uid_b7tT96cSBaaiNnMJ2KcuOQPRkO83_sid_f7KR0agQx5Xn9Hgin229_1741215227_195798822_sentence_segment_close.wav,wɪf a flip to open to reveal a ring with ʔeɪ bright blue gem,"With a flip, it opened to reveal a ring with a bright blue gem."
processed_audio/annotated_sentence_segments/uid_b7tT96cSBaaiNnMJ2KcuOQPRkO83_sid_f7KR0agQx5Xn9Hgin229_1741215227_195798823_sentence_segment_close.wav,Max fought it was a gift from a fɹɛn|li bird,Max thought it was a gift from a friendly bird!
processed_audio/annotated_sentence_segments/uid_b7tT96cSBaaiNnMJ2KcuOQPRkO83_sid_f7KR0agQx5Xn9Hgin229_1741215227_195798824_sentence_segment_close.wav,As Max admire the ring a happy robin flew by,"As Max admired the ring, a happy robin flew by."
processed_audio/annotated_sentence_segments/uid_b7tT96cSBaaiNnMJ2KcuOQPRkO83_sid_f7KR0agQx5Xn9Hgin229_1741215227_195798825_sentence_segment_close.wav,Thank you Max chirped the robin,"""Thank you, Max!"" chirped the robin."
processed_audio/annotated_sentence_segments/uid_b7tT96cSBaaiNnMJ2KcuOQPRkO83_sid_f7KR0agQx5Xn9Hgin229_1741215227_195798826_sentence_segment_close.wav,Max smile knowing he had made a new friend,"Max smiled, knowing he had made a new friend."
processed_audio/annotated_sentence_segments/uid_b7tT96cSBaaiNnMJ2KcuOQPRkO83_sid_f7KR0agQx5Xn9Hgin229_1741215227_195798827_sentence_segment_close.wav,From then on Max and the ɹɑpɪn played together every day,"From then on, Max and the robin played together every day."
processed_audio/annotated_sentence_segments/uid_CjlD9aGvoSfMhsnUwRIQlMr4IFp1_sid_fPKMdj4jr6BedPXQV3mV_1742180701_195798828_sentence_segment_close.wav,Six red foxes saw ten big frogs in a hot pot,Six red foxes saw ten big frogs in a hot pot.
processed_audio/annotated_sentence_segments/uid_CjlD9aGvoSfMhsnUwRIQlMr4IFp1_sid_fPKMdj4jr6BedPXQV3mV_1742180701_195798829_sentence_segment_close.wav,The frogs had a had to hop out or they got wet,"The frogs had to hop out, or they got wet."
processed_audio/annotated_sentence_segments/uid_CjlD9aGvoSfMhsnUwRIQlMr4IFp1_sid_fPKMdj4jr6BedPXQV3mV_1742180701_195798830_sentence_segment_close.wav,Sam the frog did not s:tɑp to hop,Sam the frog did not stop to hop.
processed_audio/annotated_sentence_segments/uid_CjlD9aGvoSfMhsnUwRIQlMr4IFp1_sid_fPKMdj4jr6BedPXQV3mV_1742180701_195798831_sentence_segment_close.wav,pæ:m got mad but Dan the frog did get wet,"Pam got mad, but Dan the frog did get wet."
processed_audio/annotated_sentence_segments/uid_CjlD9aGvoSfMhsnUwRIQlMr4IFp1_sid_fPKMdj4jr6BedPXQV3mV_1742180701_195798832_sentence_segment_close.wav,Dan and Pam sat on a log to h:ʌɡ,Dan and Pam sat on a log to hug.
processed_audio/annotated_sentence_segments/uid_CjlD9aGvoSfMhsnUwRIQlMr4IFp1_sid_fPKMdj4jr6BedPXQV3mV_1742180701_195798833_sentence_segment_close.wav,A kid pig came by and said Join me to jog in the sun,"A kind pig came by and said, ""Join me to jog in the sun!"""
processed_audio/annotated_sentence_segments/uid_CjlD9aGvoSfMhsnUwRIQlMr4IFp1_sid_fPKMdj4jr6BedPXQV3mV_1742180701_195798834_sentence_segment_close.wav,They felt glad and ran with the pig,They felt glad and ran with the pig.
processed_audio/annotated_sentence_segments/uid_tHP0GvI5hccNGBzYfgE2pkEHXiW2_sid_ifxAtA0WEnr7FI7ORW0r_1743456867_195798835_sentence_segment_close.wav,Gus runs fast with the ball,Gus runs fast with the ball.
processed_audio/annotated_sentence_segments/uid_tHP0GvI5hccNGBzYfgE2pkEHXiW2_sid_ifxAtA0WEnr7FI7ORW0r_1743456867_195798836_sentence_segment_close.wav,He jumps up and kicks it,He jumps up and kicks.
processed_audio/annotated_sentence_segments/uid_tHP0GvI5hccNGBzYfgE2pkEHXiW2_sid_ifxAtA0WEnr7FI7ORW0r_1743456867_195798837_sentence_segment_close.wav,The ball zooms in the air,The ball zooms in the air.
processed_audio/annotated_sentence_segments/uid_tHP0GvI5hccNGBzYfgE2pkEHXiW2_sid_ifxAtA0WEnr7FI7ORW0r_1743456867_195798838_sentence_segment_close.wav,Gus s:kɔɹz a goal,Gus scores a goal!
processed_audio/annotated_sentence_segments/uid_tHP0GvI5hccNGBzYfgE2pkEHXiW2_sid_ifxAtA0WEnr7FI7ORW0r_1743456867_195798839_sentence_segment_close.wav,Fun and cheers fill ð.ðə par,Fun and cheer fill the park.
processed_audio/annotated_sentence_segments/uid_tHP0GvI5hccNGBzYfgE2pkEHXiW2_sid_ifxAtA0WEnr7FI7ORW0r_1743456867_195798840_sentence_segment_close.wav,Gus hugged his dad,Gus hugs his dad.
processed_audio/annotated_sentence_segments/uid_tHP0GvI5hccNGBzYfgE2pkEHXiW2_sid_ifxAtA0WEnr7FI7ORW0r_1743456867_195798841_sentence_segment_close.wav,f|oo|t fʊt|bɔl joy is in the air,Football joy is in the air!
processed_audio/annotated_sentence_segments/uid_H7rAk5StNLc0VysmHcZQZTQFpBx2_sid_1BvqAU3Y1VCwhTpvVr78_1741207795_195798842_sentence_segment_close.wav,Once upon time three friends name Jake Blake and Kate lived in a small town called Lakeville,"Once upon a time, three friends named Jake, Blake, and Kate lived in a small town called Lakeville."
processed_audio/annotated_sentence_segments/uid_H7rAk5StNLc0VysmHcZQZTQFpBx2_sid_1BvqAU3Y1VCwhTpvVr78_1741207795_195798843_sentence_segment_close.wav,Every morning they met by thelay the big oak tree to play games and share snacks,"Every morning, they met by the big oak tree to play games and share snacks."
processed_audio/annotated_sentence_segments/uid_H7rAk5StNLc0VysmHcZQZTQFpBx2_sid_1BvqAU3Y1VCwhTpvVr78_1741207795_195798844_sentence_segment_close.wav,One sunny day Jake brought his new kite,"One sunny day, Jake brought his new kite."
processed_audio/annotated_sentence_segments/uid_H7rAk5StNLc0VysmHcZQZTQFpBx2_sid_1BvqAU3Y1VCwhTpvVr78_1741207795_195798845_sentence_segment_close.wav,Look at my kite Jake ɜɹ Look at my kite shake in the breeze he exclaimed,"""Look at my kite shake in the breeze!"" he exclaimed."
processed_audio/annotated_sentence_segments/uid_H7rAk5StNLc0VysmHcZQZTQFpBx2_sid_1BvqAU3Y1VCwhTpvVr78_1741207795_195798846_sentence_segment_close.wav,Blake and Kate were amazed,Blake and Kate were amazed.
processed_audio/annotated_sentence_segments/uid_H7rAk5StNLc0VysmHcZQZTQFpBx2_sid_1BvqAU3Y1VCwhTpvVr78_1741207795_195798847_sentence_segment_close.wav,Can we try flying it they asked,"""Can we try flying it?"" they asked."
processed_audio/annotated_sentence_segments/uid_H7rAk5StNLc0VysmHcZQZTQFpBx2_sid_1BvqAU3Y1VCwhTpvVr78_1741207795_195798848_sentence_segment_close.wav,dʒeɪ agreed happily,Jake agreed happily.
processed_audio/annotated_sentence_segments/uid_H7rAk5StNLc0VysmHcZQZTQFpBx2_sid_1BvqAU3Y1VCwhTpvVr78_1741207795_195798849_sentence_segment_close.wav,Blake took the string first,Blake took the string first.
processed_audio/annotated_sentence_segments/uid_H7rAk5StNLc0VysmHcZQZTQFpBx2_sid_1BvqAU3Y1VCwhTpvVr78_1741207795_195798850_sentence_segment_close.wav,As the kite soared up high Blake stepped on a rake by mistake,"As the kite soared up high, Blake stepped on a rake by mistake."
processed_audio/annotated_sentence_segments/uid_H7rAk5StNLc0VysmHcZQZTQFpBx2_sid_1BvqAU3Y1VCwhTpvVr78_1741207795_195798851_sentence_segment_close.wav,Yikes he shouted jum jumping back,"""Yikes!"" he shouted, jumping back."
processed_audio/annotated_sentence_segments/uid_H7rAk5StNLc0VysmHcZQZTQFpBx2_sid_1BvqAU3Y1VCwhTpvVr78_1741207795_195798852_sentence_segment_close.wav,Kate giggled as he took her turn,Kate giggled as she took her turn.
processed_audio/annotated_sentence_segments/uid_H7rAk5StNLc0VysmHcZQZTQFpBx2_sid_1BvqAU3Y1VCwhTpvVr78_1741207795_195798853_sentence_segment_close.wav,I'll make sure to avoid the ray she said with smile,"""I'll make sure to avoid the rake!"" she said with a smile."
processed_audio/annotated_sentence_segments/uid_H7rAk5StNLc0VysmHcZQZTQFpBx2_sid_1BvqAU3Y1VCwhTpvVr78_1741207795_195798854_sentence_segment_close.wav,The kite danced gracefully in the sky and Kate felt felt ger felt a great sense of pride,"The kite danced gracefully in the sky, and Kate felt a great sense of pride."
processed_audio/annotated_sentence_segments/uid_H7rAk5StNLc0VysmHcZQZTQFpBx2_sid_1BvqAU3Y1VCwhTpvVr78_1741207795_195798855_sentence_segment_close.wav,Suddenly a light rain ɡæn to fall,"Suddenly, a light rain began to fall."
processed_audio/annotated_sentence_segments/uid_H7rAk5StNLc0VysmHcZQZTQFpBx2_sid_1BvqAU3Y1VCwhTpvVr78_1741207795_195798856_sentence_segment_close.wav,Quick we need to find a place where the farmer kept əɹ to stay dry Jake shouted,"""Quick, we need to find a place to stay dry!"" Jake shouted."
processed_audio/annotated_sentence_segments/uid_H7rAk5StNLc0VysmHcZQZTQFpBx2_sid_1BvqAU3Y1VCwhTpvVr78_1741207795_195798857_sentence_segment_close.wav,The three friends ran to the nearby barn where the farmer kept grain in a big safe crate,"The three friends ran to the nearby barn, where the farmer kept grain in a big, safe crate."
processed_audio/annotated_sentence_segments/uid_H7rAk5StNLc0VysmHcZQZTQFpBx2_sid_1BvqAU3Y1VCwhTpvVr78_1741207795_195798858_sentence_segment_close.wav,Phew We're safe in here said Blake shaking off the raindrops,"""Phew! We're safe here!"" said Blake, shaking off the raindrops."
processed_audio/annotated_sentence_segments/uid_H7rAk5StNLc0VysmHcZQZTQFpBx2_sid_1BvqAU3Y1VCwhTpvVr78_1741207795_195798859_sentence_segment_close.wav,They mʌ They munched on the some cake Jake's mom had packed while they waited for the rain to stop,They munched on some cake Jake's mom had packed while they waited for the rain to stop.
processed_audio/annotated_sentence_segments/uid_H7rAk5StNLc0VysmHcZQZTQFpBx2_sid_1BvqAU3Y1VCwhTpvVr78_1741207795_195798860_sentence_segment_close.wav,As the klaʊz cleared a beautiful rainbow peer in the sky,"As the clouds cleared, a beautiful rainbow appeared in the sky."
processed_audio/annotated_sentence_segments/uid_H7rAk5StNLc0VysmHcZQZTQFpBx2_sid_1BvqAU3Y1VCwhTpvVr78_1741207795_195798861_sentence_segment_close.wav,Look at those colors Kate said with delight,"""Look at those colors!"" Kate said with delight."
processed_audio/annotated_sentence_segments/uid_H7rAk5StNLc0VysmHcZQZTQFpBx2_sid_1BvqAU3Y1VCwhTpvVr78_1741207795_195798862_sentence_segment_close.wav,The friends decided to follow the ɹ.ɹeɪmboʊ hoping to find the end,"The friends decided to follow the rainbow, hoping to find an end."
processed_audio/annotated_sentence_segments/uid_H7rAk5StNLc0VysmHcZQZTQFpBx2_sid_1BvqAU3Y1VCwhTpvVr78_1741207795_195798863_sentence_segment_close.wav,With each step they felt a thrill of the of the magical chase,"With each step, they felt the thrill of the magical chase."
processed_audio/annotated_sentence_segments/uid_H7rAk5StNLc0VysmHcZQZTQFpBx2_sid_1BvqAU3Y1VCwhTpvVr78_1741207795_195798864_sentence_segment_close.wav,In the end they reached a field filled with daisies,"In the end, they reached a field filled with daisies."
processed_audio/annotated_sentence_segments/uid_H7rAk5StNLc0VysmHcZQZTQFpBx2_sid_1BvqAU3Y1VCwhTpvVr78_1741207795_195798865_sentence_segment_close.wav,through the rainbow had faded they felt happy and fulfilled unknown their friendship created memories brighter than any rainbow,"Though the rainbow had faded, they felt happy and fulfilled, knowing their friendship created memories brighter than any rainbow."
processed_audio/annotated_sentence_segments/uid_H7rAk5StNLc0VysmHcZQZTQFpBx2_sid_1BvqAU3Y1VCwhTpvVr78_1741207795_195798866_sentence_segment_close.wav,Smiling they made their way back to Lakeville their hearts light and spirits full of ,"Smiling, they made their way back to Lakeville, their hearts light and spirits full of joy."
processed_audio/annotated_sentence_segments/uid_WXRuAJyMuAViHCpYPRVffOrexB03_sid_Ttc81IXIedFGPCeX9A2y_1741217243_195798867_sentence_segment_close.wav,Pam the panda sat sat on a mat,Pam the panda sat on a mat.
processed_audio/annotated_sentence_segments/uid_WXRuAJyMuAViHCpYPRVffOrexB03_sid_Ttc81IXIedFGPCeX9A2y_1741217243_195798868_sentence_segment_close.wav,sh:ea had a lat flat hat,She had a flat hat.
processed_audio/annotated_sentence_segments/uid_WXRuAJyMuAViHCpYPRVffOrexB03_sid_Ttc81IXIedFGPCeX9A2y_1741217243_195798869_sentence_segment_close.wav,she s:ɔ:l Pam s:ɔ: e:ɪ tan fan,Pam saw a tan fan.
processed_audio/annotated_sentence_segments/uid_WXRuAJyMuAViHCpYPRVffOrexB03_sid_Ttc81IXIedFGPCeX9A2y_1741217243_195798870_sentence_segment_close.wav,Can I have that fan Pam asked Pam,"""Can I have that fan?"" asked Pam."
processed_audio/annotated_sentence_segments/uid_WXRuAJyMuAViHCpYPRVffOrexB03_sid_Ttc81IXIedFGPCeX9A2y_1741217243_195798871_sentence_segment_close.wav,The man on the van sɛdə Yes you can,"The man on the van said, ""Yes, you can!"""
processed_audio/annotated_sentence_segments/uid_WXRuAJyMuAViHCpYPRVffOrexB03_sid_Ttc81IXIedFGPCeX9A2y_1741217243_195798872_sentence_segment_close.wav,keh Pam wʌ:z ɡlæ:d,Pam was glad.
processed_audio/annotated_sentence_segments/uid_WXRuAJyMuAViHCpYPRVffOrexB03_sid_Ttc81IXIedFGPCeX9A2y_1741217243_195798873_sentence_segment_close.wav,ʃ:i sat back on hɜɹ: mat w:a with hɜɹ: flat hæ.hæt and ðʌ: tan fan in hand,"She sat back on her mat, with her flat hat and the tan fan in hand."
processed_audio/annotated_sentence_segments/uid_WXRuAJyMuAViHCpYPRVffOrexB03_sid_Ttc81IXIedFGPCeX9A2y_1741217243_195798874_sentence_segment_close.wav,Pam napped with the fan,Pam napped with the fan.
processed_audio/annotated_sentence_segments/uid_tHP0GvI5hccNGBzYfgE2pkEHXiW2_sid_fekXGLlqzU2WnyoByMnJ_1743542906_195798875_sentence_segment_close.wav,Pam has a bɪɡə ɹɛdə cap,Pam has a big red cap.
processed_audio/annotated_sentence_segments/uid_tHP0GvI5hccNGBzYfgE2pkEHXiW2_sid_fekXGLlqzU2WnyoByMnJ_1743542906_195798876_sentence_segment_close.wav,Max has a big a red bag,Max has a red bag.
processed_audio/annotated_sentence_segments/uid_tHP0GvI5hccNGBzYfgE2pkEHXiW2_sid_fekXGLlqzU2WnyoByMnJ_1743542906_195798877_sentence_segment_close.wav,Pam and mat sit on a ma the mat,Pam and Max sit on the mat.
processed_audio/annotated_sentence_segments/uid_tHP0GvI5hccNGBzYfgE2pkEHXiW2_sid_fekXGLlqzU2WnyoByMnJ_1743542906_195798878_sentence_segment_close.wav,They c:|a: tʃ|æ:|t chat and pat the bag,They chat and pat the bag.
processed_audio/annotated_sentence_segments/uid_tHP0GvI5hccNGBzYfgE2pkEHXiW2_sid_fekXGLlqzU2WnyoByMnJ_1743542906_195798879_sentence_segment_close.wav,A cat naps in the bag,A cat naps in the bag.
processed_audio/annotated_sentence_segments/uid_tHP0GvI5hccNGBzYfgE2pkEHXiW2_sid_fekXGLlqzU2WnyoByMnJ_1743542906_195798880_sentence_segment_close.wav,pæ:m a t|æ|p|s taps the bag and the cat b|æ|t|s bæ:ts a.uh at the k|æ|p the cap,"Pam taps the bag, and the cat bats at the cap."
processed_audio/annotated_sentence_segments/uid_tHP0GvI5hccNGBzYfgE2pkEHXiW2_sid_fekXGLlqzU2WnyoByMnJ_1743542906_195798881_sentence_segment_close.wav,Pam and math clap,Pam and Max clap.
processed_audio/annotated_sentence_segments/uid_tHP0GvI5hccNGBzYfgE2pkEHXiW2_sid_fekXGLlqzU2WnyoByMnJ_1743542906_195798882_sentence_segment_close.wav,What What a fun deɪw with ðʌ: cap eh  cap bag and the cat,"What a fun day with the cap, bag, and the cat!"
processed_audio/annotated_sentence_segments/uid_tHP0GvI5hccNGBzYfgE2pkEHXiW2_sid_OXmhZeGNuXUOY3qvMpeu_1743378291_195798883_sentence_segment_close.wav,Jake Jake the dinosaur made a cake,Jake the dinosaur made a cake.
processed_audio/annotated_sentence_segments/uid_tHP0GvI5hccNGBzYfgE2pkEHXiW2_sid_OXmhZeGNuXUOY3qvMpeu_1743378291_195798884_sentence_segment_close.wav,It was huge,It was huge!
processed_audio/annotated_sentence_segments/uid_tHP0GvI5hccNGBzYfgE2pkEHXiW2_sid_OXmhZeGNuXUOY3qvMpeu_1743378291_195798885_sentence_segment_close.wav,He placed it on a plate,He placed it on a plate.
processed_audio/annotated_sentence_segments/uid_tHP0GvI5hccNGBzYfgE2pkEHXiW2_sid_OXmhZeGNuXUOY3qvMpeu_1743378291_195798886_sentence_segment_close.wav,His friend Nate the dinosaur came to his house,"His friend, Nate the dinosaur, came to his home."
processed_audio/annotated_sentence_segments/uid_tHP0GvI5hccNGBzYfgE2pkEHXiW2_sid_OXmhZeGNuXUOY3qvMpeu_1743378291_195798887_sentence_segment_close.wav,They ate the cake until it was gah all gone,They ate the cake until it was all gone.
processed_audio/annotated_sentence_segments/uid_tHP0GvI5hccNGBzYfgE2pkEHXiW2_sid_OXmhZeGNuXUOY3qvMpeu_1743378291_195798888_sentence_segment_close.wav,They were happy they played games it in Jake's cave,They were happy and played games in Jake's cave.
processed_audio/annotated_sentence_segments/uid_tHP0GvI5hccNGBzYfgE2pkEHXiW2_sid_OXmhZeGNuXUOY3qvMpeu_1743378291_195798889_sentence_segment_close.wav,What a great day it was,What a great day it was!
processed_audio/annotated_sentence_segments/uid_EfKQNmht2ebtDnNadrezErlhcDF3_sid_DHkzC6iHwVqz1EYkGumN_1743544680_195798890_sentence_segment_close.wav,On April Fool's Day Lucky planned a fun prank,"On April Fool's Day, Lucy planned a fun prank."
processed_audio/annotated_sentence_segments/uid_EfKQNmht2ebtDnNadrezErlhcDF3_sid_DHkzC6iHwVqz1EYkGumN_1743544680_195798891_sentence_segment_close.wav,She took a tape and pasted a f:eɪk bug on the wall,She took a tape and pasted a fake bug on the wall.
processed_audio/annotated_sentence_segments/uid_EfKQNmht2ebtDnNadrezErlhcDF3_sid_DHkzC6iHwVqz1EYkGumN_1743544680_195798892_sentence_segment_close.wav,Her fren: Jake saw it and shouted Oh no,"Her friend Jake saw it and shouted, ""Oh no!"""
processed_audio/annotated_sentence_segments/uid_EfKQNmht2ebtDnNadrezErlhcDF3_sid_DHkzC6iHwVqz1EYkGumN_1743544680_195798893_sentence_segment_close.wav,Lucky giggled and said April Fool's,"Lucy giggled and said, ""April Fool's!"""
processed_audio/annotated_sentence_segments/uid_EfKQNmht2ebtDnNadrezErlhcDF3_sid_DHkzC6iHwVqz1EYkGumN_1743544680_195798894_sentence_segment_close.wav,Then Jake had an idea,"Then, Jake had an idea."
processed_audio/annotated_sentence_segments/uid_EfKQNmht2ebtDnNadrezErlhcDF3_sid_DHkzC6iHwVqz1EYkGumN_1743544680_195798895_sentence_segment_close.wav,He placed a toy sneɪ|k on a chair,He placed a toy snake on a chair.
processed_audio/annotated_sentence_segments/uid_EfKQNmht2ebtDnNadrezErlhcDF3_sid_DHkzC6iHwVqz1EYkGumN_1743544680_195798896_sentence_segment_close.wav,When Lucky sat down she jumped up in surprise,"When Lucy sat down, she jumped up in surprise."
processed_audio/annotated_sentence_segments/uid_EfKQNmht2ebtDnNadrezErlhcDF3_sid_DHkzC6iHwVqz1EYkGumN_1743544680_195798897_sentence_segment_close.wav,Got you back Jake laughed,"""Got you back!"" Jake laughed."
processed_audio/annotated_sentence_segments/uid_EfKQNmht2ebtDnNadrezErlhcDF3_sid_DHkzC6iHwVqz1EYkGumN_1743544680_195798898_sentence_segment_close.wav,They both laughed all day,They both laughed all day.
processed_audio/annotated_sentence_segments/uid_EfKQNmht2ebtDnNadrezErlhcDF3_sid_DHkzC6iHwVqz1EYkGumN_1743544680_195798899_sentence_segment_close.wav,As  sun set they promise to make more jokes next year,"As the sun set, they promised to make more jokes next year."
processed_audio/annotated_sentence_segments/uid_EfKQNmht2ebtDnNadrezErlhcDF3_sid_DHkzC6iHwVqz1EYkGumN_1743544680_195798900_sentence_segment_close.wav,It was a day full of fun and laughter the s:ɪli tricks and giggles at every turn,"It was a day full of fun and laughter, with silly tricks and giggles at every turn."
processed_audio/annotated_sentence_segments/uid_CanxAhhjiePs6niCtdVzPqVIzXt1_sid_3EY5UYLqcjiMWbMo794r_1742766112_195798901_sentence_segment_close.wav,Once pɔn a time in a land of blocks a boy name Tim loved to play maɪnkɹæf,"Once upon a time, in a land of blocks, a boy named Tim loved to play Minecraft."
processed_audio/annotated_sentence_segments/uid_CanxAhhjiePs6niCtdVzPqVIzXt1_sid_3EY5UYLqcjiMWbMo794r_1742766112_195798902_sentence_segment_close.wav,He built a t|ɔl tower to see the world,He built a tall tower to see the world.
processed_audio/annotated_sentence_segments/uid_CanxAhhjiePs6niCtdVzPqVIzXt1_sid_3EY5UYLqcjiMWbMo794r_1742766112_195798903_sentence_segment_close.wav,One sunny day while exploring Tim heard a hiss,"One sunny day, while exploring, Tim heard a hiss."
processed_audio/annotated_sentence_segments/uid_CanxAhhjiePs6niCtdVzPqVIzXt1_sid_3EY5UYLqcjiMWbMo794r_1742766112_195798904_sentence_segment_close.wav,A creeper was near,A creeper was near!
processed_audio/annotated_sentence_segments/uid_CanxAhhjiePs6niCtdVzPqVIzXt1_sid_3EY5UYLqcjiMWbMo794r_1742766112_195798905_sentence_segment_close.wav,Tim quickly dug a pit to tɹæ|p it,Tim quickly dug a pit to trap it.
processed_audio/annotated_sentence_segments/uid_CanxAhhjiePs6niCtdVzPqVIzXt1_sid_3EY5UYLqcjiMWbMo794r_1742766112_195798906_sentence_segment_close.wav,With a s|wɪft swift swing of his sword h:i was safe again,"With a swift swing of his sword, he was safe again."
processed_audio/annotated_sentence_segments/uid_CanxAhhjiePs6niCtdVzPqVIzXt1_sid_3EY5UYLqcjiMWbMo794r_1742766112_195798907_sentence_segment_close.wav,As night fell Tim crafted a cozy bɛ in|s: inside his taʊə,"As night fell, Tim crafted a cozy bed inside his tower."
processed_audio/annotated_sentence_segments/uid_CanxAhhjiePs6niCtdVzPqVIzXt1_sid_3EY5UYLqcjiMWbMo794r_1742766112_195798908_sentence_segment_close.wav,He slept soundly dreaming of new adventures,"He slept soundly, dreaming of new adventures."
processed_audio/annotated_sentence_segments/uid_CanxAhhjiePs6niCtdVzPqVIzXt1_sid_3EY5UYLqcjiMWbMo794r_1742766112_195798909_sentence_segment_close.wav,The next day with the sun shining bwaɪt Tim was ready for more fun in his maɪnkɹæf world,"The next day, with the sun shining bright, Tim was ready for more fun in his Minecraft world."
processed_audio/annotated_sentence_segments/uid_mHWscHBXcoabM7fdw88AliGuPWw1_sid_5Qzz5HgfBlyv7s5pQMxl_1743034049_195798910_sentence_segment_close.wav,In a lus: ɡwin fɔwəst a kɔɹn named Mike stʊ:d s:tʊd tall and p|ɹaʊd,"In a lush, green forest, a unicorn named Mike stood tall and proud."
processed_audio/annotated_sentence_segments/uid_mHWscHBXcoabM7fdw88AliGuPWw1_sid_5Qzz5HgfBlyv7s5pQMxl_1743034049_195798911_sentence_segment_close.wav,His mane sməɹd like silver and his smile was waɪ and bwaɪt,"His mane shimmered like silver, and his smile was wide and bright."
processed_audio/annotated_sentence_segments/uid_mHWscHBXcoabM7fdw88AliGuPWw1_sid_5Qzz5HgfBlyv7s5pQMxl_1743034049_195798912_sentence_segment_close.wav,Every d.deɪ Mike liked to explore the vast land amazing the sky blue blue hʌd and the sun's ,"Every day, Mike liked to explore the vast land, admiring the sky's blue hue and the sun's glow."
processed_audio/annotated_sentence_segments/uid_mHWscHBXcoabM7fdw88AliGuPWw1_sid_5Qzz5HgfBlyv7s5pQMxl_1743034049_195798913_sentence_segment_close.wav,One s:ʌni day Mike found a hɪdɪŋ caif: filled with treasures and sparkling kwaʊn,"One sunny day, Mike found a hidden cave, filled with treasures and a sparkling crown."
processed_audio/annotated_sentence_segments/uid_mHWscHBXcoabM7fdw88AliGuPWw1_sid_5Qzz5HgfBlyv7s5pQMxl_1743034049_195798914_sentence_segment_close.wav,He p|leɪst the kwaʊn on his head feeling guilt wanted wit waɪti a pahsin...ing to to practice the forest with care,"He placed the crown on his head, feeling its gentle weight and promising to protect the forest with care."
processed_audio/annotated_sentence_segments/uid_mHWscHBXcoabM7fdw88AliGuPWw1_sid_5Qzz5HgfBlyv7s5pQMxl_1743034049_195798915_sentence_segment_close.wav,æθ the star shone əvʌv Mike remind houf remind home cus:tin and tired,"As the stars shone above, Mike returned home, content and tired."
processed_audio/annotated_sentence_segments/uid_mHWscHBXcoabM7fdw88AliGuPWw1_sid_5Qzz5HgfBlyv7s5pQMxl_1743034049_195798916_sentence_segment_close.wav,The fowes: s:ang a s:.z.sto soft tune wɛlkəm:ɪŋ its  its bweɪv unicorn home,"The forest sang a soft tune, welcoming its brave unicorn home."
processed_audio/annotated_sentence_segments/uid_THJAu4lbjHRa32ysgvSU3Etlb0d2_sid_db43viuwuV7v8UXvcdXG_1741218043_195798917_sentence_segment_close.wav,e:ɪ kæ:|t S|am s|a s|æt A kæ|t sæ|t,A cat sat.
processed_audio/annotated_sentence_segments/uid_THJAu4lbjHRa32ysgvSU3Etlb0d2_sid_db43viuwuV7v8UXvcdXG_1741218043_195798918_sentence_segment_close.wav,A kæ|t is æ|t a m|æ|t mæ|t,A cat is at a mat.
processed_audio/annotated_sentence_segments/uid_THJAu4lbjHRa32ysgvSU3Etlb0d2_sid_db43viuwuV7v8UXvcdXG_1741218043_195798919_sentence_segment_close.wav,The mæ|t is a:n ʌm e:ɪ p|ɪ|t pɪ|t,The mat is in a pit.
processed_audio/annotated_sentence_segments/uid_THJAu4lbjHRa32ysgvSU3Etlb0d2_sid_db43viuwuV7v8UXvcdXG_1741218043_195798920_sentence_segment_close.wav,The cat s|æt sat in the m:at m|ih m: p|ɪ|t pit,The cat sat in the pit.
processed_audio/annotated_sentence_segments/uid_THJAu4lbjHRa32ysgvSU3Etlb0d2_sid_db43viuwuV7v8UXvcdXG_1741218043_195798921_sentence_segment_close.wav,The cat l|ih|s|t l|ɪ|t lit the m:meh l|æ|m|p lamp,The cat lit the lamp.
processed_audio/annotated_sentence_segments/uid_THJAu4lbjHRa32ysgvSU3Etlb0d2_sid_db43viuwuV7v8UXvcdXG_1741218043_195798922_sentence_segment_close.wav,The cat n|æ|p|s naps in the l|a|m|p lamp unintelligible  lamp's w|ih no w|ah A R in this word is or: w|ar.ar|m warm g|l an OW's (oh double u's) oh oh glow good job warm glow,The cat naps in the lamp's warm glow.
processed_audio/annotated_sentence_segments/uid_b7tT96cSBaaiNnMJ2KcuOQPRkO83_sid_qI8dUME97DjQJdv58X28_1741299346_195798923_sentence_segment_close.wav,æk was excited to launch his bright rocket,Jack was excited to launch his bright rocket.
processed_audio/annotated_sentence_segments/uid_b7tT96cSBaaiNnMJ2KcuOQPRkO83_sid_qI8dUME97DjQJdv58X28_1741299346_195798924_sentence_segment_close.wav,He packed a picnic wɪf a block of tʃi|z and a b.bɪɡ clock to keep track of time,He packed a picnic with a block of cheese and a big clock to keep track of time.
processed_audio/annotated_sentence_segments/uid_b7tT96cSBaaiNnMJ2KcuOQPRkO83_sid_qI8dUME97DjQJdv58X28_1741299346_195798925_sentence_segment_close.wav,At the park he klɛkt the rocket button,"At the park, he clicked the rocket's button."
processed_audio/annotated_sentence_segments/uid_b7tT96cSBaaiNnMJ2KcuOQPRkO83_sid_qI8dUME97DjQJdv58X28_1741299346_195798926_sentence_segment_close.wav,It zu:md up like a flock of bir:t dazzling in the kɹaʊ,"It zoomed up like a flock of birds, dazzling the crowd."
processed_audio/annotated_sentence_segments/uid_b7tT96cSBaaiNnMJ2KcuOQPRkO83_sid_qI8dUME97DjQJdv58X28_1741299346_195798927_sentence_segment_close.wav,wɪf a loud shock it poppe|d open sending kʌəɹfəl confetti everywhere,"With a loud shock, it popped open, sending colorful confetti everywhere."
processed_audio/annotated_sentence_segments/uid_b7tT96cSBaaiNnMJ2KcuOQPRkO83_sid_qI8dUME97DjQJdv58X28_1741299346_195798928_sentence_segment_close.wav,Jack watched the rocket come back and læn on the grass,Jack watched the rocket come back and land on the grass.
processed_audio/annotated_sentence_segments/uid_b7tT96cSBaaiNnMJ2KcuOQPRkO83_sid_qI8dUME97DjQJdv58X28_1741299346_195798929_sentence_segment_close.wav,ɛvɹwʌn clapped and cheer,Everyone clapped and cheered.
processed_audio/annotated_sentence_segments/uid_b7tT96cSBaaiNnMJ2KcuOQPRkO83_sid_qI8dUME97DjQJdv58X28_1741299346_195798930_sentence_segment_close.wav,The day ɛndɪ wɪf a sunset and Jack felt proud,"The day ended with a sunset, and Jack felt proud."
processed_audio/annotated_sentence_segments/uid_b7tT96cSBaaiNnMJ2KcuOQPRkO83_sid_qI8dUME97DjQJdv58X28_1741299346_195798931_sentence_segment_close.wav,He pack up his rocket ready to unlock new əvɛntʃəɹz next time with his fait|ful friend,"He packed up his rocket, ready to unlock new adventures next time with his faithful friend."
processed_audio/annotated_sentence_segments/uid_tHP0GvI5hccNGBzYfgE2pkEHXiW2_sid_yM1c099hRczoiHMmEqH2_1743456350_195798932_sentence_segment_close.wav,A fat cat and a big fish ha|t met at a wet mat,A fat cat and a big fish met at a wet mat.
processed_audio/annotated_sentence_segments/uid_tHP0GvI5hccNGBzYfgE2pkEHXiW2_sid_yM1c099hRczoiHMmEqH2_1743456350_195798933_sentence_segment_close.wav,The cat sat and the fish was in a  tin ɑ:t the mat,"The cat sat, and the fish was in a tin at the mat."
processed_audio/annotated_sentence_segments/uid_tHP0GvI5hccNGBzYfgE2pkEHXiW2_sid_yM1c099hRczoiHMmEqH2_1743456350_195798934_sentence_segment_close.wav,The kæ did tap the tin,The cat did tap the tin.
processed_audio/annotated_sentence_segments/uid_tHP0GvI5hccNGBzYfgE2pkEHXiW2_sid_yM1c099hRczoiHMmEqH2_1743456350_195798935_sentence_segment_close.wav,The fish dɪ not y|a:p jæ:p jæ,The fish did not yap.
processed_audio/annotated_sentence_segments/uid_tHP0GvI5hccNGBzYfgE2pkEHXiW2_sid_yM1c099hRczoiHMmEqH2_1743456350_195798936_sentence_segment_close.wav,The end,The end.
processed_audio/annotated_sentence_segments/uid_ZegJLYO9QiacSJTQWx7CWauRcQr1_sid_rh7dGMV1HRrdpbcJITsW_1742611583_195798937_sentence_segment_close.wav,In a cozy house there stood a big brown couch,"In a cozy house, there stood a big, brown couch."
processed_audio/annotated_sentence_segments/uid_ZegJLYO9QiacSJTQWx7CWauRcQr1_sid_rh7dGMV1HRrdpbcJITsW_1742611583_195798938_sentence_segment_close.wav,Every Saturday Lucy and her dog Max əm lounged on the couch to watch cartoons,"Every Saturday, Lucy and her dog, Max, lounged on the couch to watch cartoons."
processed_audio/annotated_sentence_segments/uid_ZegJLYO9QiacSJTQWx7CWauRcQr1_sid_rh7dGMV1HRrdpbcJITsW_1742611583_195798939_sentence_segment_close.wav,One One day Max found a pouch under the couch,"One day, Max found a pouch under the couch."
processed_audio/annotated_sentence_segments/uid_ZegJLYO9QiacSJTQWx7CWauRcQr1_sid_rh7dGMV1HRrdpbcJITsW_1742611583_195798940_sentence_segment_close.wav,kyih ʌm Curious Lucy researchedf ʌm reached for it and pulled out a shiny coin,"Curious, Lucy reached for it and pulled out a shiny coin."
processed_audio/annotated_sentence_segments/uid_ZegJLYO9QiacSJTQWx7CWauRcQr1_sid_rh7dGMV1HRrdpbcJITsW_1742611583_195798941_sentence_segment_close.wav,Woah Max she exple ʃi exlaimed,"""Wow, Max!"" she exclaimed."
processed_audio/annotated_sentence_segments/uid_ZegJLYO9QiacSJTQWx7CWauRcQr1_sid_rh7dGMV1HRrdpbcJITsW_1742611583_195798942_sentence_segment_close.wav,This məs be lucky,"""This must be lucky!"""
processed_audio/annotated_sentence_segments/uid_ZegJLYO9QiacSJTQWx7CWauRcQr1_sid_rh7dGMV1HRrdpbcJITsW_1742611583_195798943_sentence_segment_close.wav,They decide to save the coin in a special jar,They decided to save the coin in a special jar.
processed_audio/annotated_sentence_segments/uid_ZegJLYO9QiacSJTQWx7CWauRcQr1_sid_rh7dGMV1HRrdpbcJITsW_1742611583_195798944_sentence_segment_close.wav,From ʌm that day on wherever that sat on the couch they dreamed of an adventure the coi coin might bring,"From that day on, whenever they sat on the couch, they dreamed of adventures the coin might bring."
processed_audio/annotated_sentence_segments/uid_ZegJLYO9QiacSJTQWx7CWauRcQr1_sid_rh7dGMV1HRrdpbcJITsW_1742611583_195798945_sentence_segment_close.wav,The couch wasn't just for sitting anymore it was a place where dreamed and dɪskʌviəɹz began,The couch wasn't just for sitting anymore; it was a place where dreams and discoveries began.
processed_audio/annotated_sentence_segments/uid_b7tT96cSBaaiNnMJ2KcuOQPRkO83_sid_t5g1aeUZwxH7esCXS9Pn_1743345755_195798946_sentence_segment_close.wav,In a sunny glen a small frog named Fred met a sly fox,"In a sunny glen, a small frog named Fred met a sly fox."
processed_audio/annotated_sentence_segments/uid_b7tT96cSBaaiNnMJ2KcuOQPRkO83_sid_t5g1aeUZwxH7esCXS9Pn_1743345755_195798947_sentence_segment_close.wav,The fox grin flashing hɪʃ sharp teeth,"The fox grinned, flashing his sharp teeth."
processed_audio/annotated_sentence_segments/uid_b7tT96cSBaaiNnMJ2KcuOQPRkO83_sid_t5g1aeUZwxH7esCXS9Pn_1743345755_195798948_sentence_segment_close.wav,wʊdʒ you like to join me for the for a feast,"""Would you like to join me for a feast?"" the fox asked."
processed_audio/annotated_sentence_segments/uid_b7tT96cSBaaiNnMJ2KcuOQPRkO83_sid_t5g1aeUZwxH7esCXS9Pn_1743345755_195798949_sentence_segment_close.wav,Fred felt a chill but nɑ:dɪd kiɹiəs,"Fred felt a chill but nodded, curious."
processed_audio/annotated_sentence_segments/uid_b7tT96cSBaaiNnMJ2KcuOQPRkO83_sid_t5g1aeUZwxH7esCXS9Pn_1743345755_195798950_sentence_segment_close.wav,As the As they hoped and tɹ|ɑ|t|ɪd tɹɑtɪ Fred spotted a flock of birds,"As they hopped and trotted, Fred spotted a flock of birds."
processed_audio/annotated_sentence_segments/uid_b7tT96cSBaaiNnMJ2KcuOQPRkO83_sid_t5g1aeUZwxH7esCXS9Pn_1743345755_195798951_sentence_segment_close.wav,They chirped and sing warning him of the fox|s tricks,"They chirped and sang, warning him of the fox's tricks."
processed_audio/annotated_sentence_segments/uid_b7tT96cSBaaiNnMJ2KcuOQPRkO83_sid_t5g1aeUZwxH7esCXS9Pn_1743345755_195798952_sentence_segment_close.wav,f.fɹɛd thank the birds and leaped away leaping the fox alone,"Fred thanked the birds and leaped away, leaving the fox alone."
processed_audio/annotated_sentence_segments/uid_b7tT96cSBaaiNnMJ2KcuOQPRkO83_sid_t5g1aeUZwxH7esCXS9Pn_1743345755_195798953_sentence_segment_close.wav,The fox frown realizing he had lost hɪʃ chance for a s:sl.lay sk|s|ch|ai|eme stʃim,"The fox frowned, realizing he had lost his chance for a sly scheme."
processed_audio/annotated_sentence_segments/uid_b7tT96cSBaaiNnMJ2KcuOQPRkO83_sid_t5g1aeUZwxH7esCXS9Pn_1743345755_195798954_sentence_segment_close.wav,fɹɛ join the birds safe and happy as the play they played under the bright blue sk,"Fred joined the birds, safe and happy, as they played under the bright blue sky."
processed_audio/annotated_sentence_segments/uid_Gt0cspsUtRSvEXXHZKUWlVAfyVq2_sid_NB0tkgcxvGESuaQYdzod_1743619802_195798955_sentence_segment_close.wav,pɑn a time there was a little ɡɜɹ named Clara,"Once upon a time, there was a little girl named Clara."
processed_audio/annotated_sentence_segments/uid_Gt0cspsUtRSvEXXHZKUWlVAfyVq2_sid_NB0tkgcxvGESuaQYdzod_1743619802_195798956_sentence_segment_close.wav,She was spoiled and made her mother and father do everything for her,She was spoiled and made her mother and father do everything for her.
processed_audio/annotated_sentence_segments/uid_Gt0cspsUtRSvEXXHZKUWlVAfyVq2_sid_NB0tkgcxvGESuaQYdzod_1743619802_195798957_sentence_segment_close.wav,klɛɹz parents gave her toys treats and all of her desires,"Clara's parents gave her toys, treats, and all her desires."
processed_audio/annotated_sentence_segments/uid_Gt0cspsUtRSvEXXHZKUWlVAfyVq2_sid_NB0tkgcxvGESuaQYdzod_1743619802_195798958_sentence_segment_close.wav,One day Clara wanted to play in the park but it was too far away,"One day, Clara wanted to play in the park, but it was far away."
processed_audio/annotated_sentence_segments/uid_Gt0cspsUtRSvEXXHZKUWlVAfyVq2_sid_NB0tkgcxvGESuaQYdzod_1743619802_195798959_sentence_segment_close.wav,Her mother and father were bishnee busy so she had to go alawn,"Her mother and father were busy, so she had to go alone."
processed_audio/annotated_sentence_segments/uid_Gt0cspsUtRSvEXXHZKUWlVAfyVq2_sid_NB0tkgcxvGESuaQYdzod_1743619802_195798960_sentence_segment_close.wav,On the way Clara learned how to do thingsh herself,"On the way, Clara learned how to do things herself."
processed_audio/annotated_sentence_segments/uid_Gt0cspsUtRSvEXXHZKUWlVAfyVq2_sid_NB0tkgcxvGESuaQYdzod_1743619802_195798961_sentence_segment_close.wav, started to feel proud and strong,She started to feel proud and strong.
processed_audio/annotated_sentence_segments/uid_Gt0cspsUtRSvEXXHZKUWlVAfyVq2_sid_NB0tkgcxvGESuaQYdzod_1743619802_195798962_sentence_segment_close.wav,fɹm that day Clara decided to help her mother and father and never make them do θɪŋʃ ever ,"From that day, Clara decided to help her mother and father and never make them do things for her again."
processed_audio/annotated_sentence_segments/uid_FecxEEwWTpW5fnBaHIGu821YiLh2_sid_5CDuMCZzZSESFX0X8vIr_1742344504_195798963_sentence_segment_close.wav,ʌm Once there was Once upon a time in a vɪlɪndʒ on the edge of a wɪdʒ there lɪv|d a king kid judge named Mr. Lo log log Lodge what does d g Lodge yep Mr. Lodge,"Once upon a time, in a village on the edge of a ridge, there lived a kind judge named Mr. Lodge."
processed_audio/annotated_sentence_segments/uid_FecxEEwWTpW5fnBaHIGu821YiLh2_sid_5CDuMCZzZSESFX0X8vIr_1742344504_195798964_sentence_segment_close.wav,He lived in to sh:ar shar share hɛə stɔiz of history with the children,He loved to share stories of history with the children.
processed_audio/annotated_sentence_segments/uid_FecxEEwWTpW5fnBaHIGu821YiLh2_sid_5CDuMCZzZSESFX0X8vIr_1742344504_195798965_sentence_segment_close.wav,One day the gath|ee|red gatheered that right does it sound right Jeff jeffred gathred gathered gathered ɛvwiwʌn by the old bridges bridge,"One day, he gathered everyone by the old bridge."
processed_audio/annotated_sentence_segments/uid_FecxEEwWTpW5fnBaHIGu821YiLh2_sid_5CDuMCZzZSESFX0X8vIr_1742344504_195798966_sentence_segment_close.wav,In en ancient eɪtʃənt time had beega had begin a bweɪv king named Paige po|ot pro.protect this village fʌm danger,"""In ancient times,"" he began, ""a brave knight named Pudge protected this village from danger."""
processed_audio/annotated_sentence_segments/uid_FecxEEwWTpW5fnBaHIGu821YiLh2_sid_5CDuMCZzZSESFX0X8vIr_1742344504_195798967_sentence_segment_close.wav,theezh children The children ins:t.ins:.instea(d) (instead) l l:.lɪsnd eag eajerly whadis (what is) E.A. gonna say ay unintelligible vowel unintelligible (seen?) ee mhm juh eajerly whother (what other) sound canuh (can a) g make i:juh e what other sound g|er:ly ig.iɡəɹli mhm eagerly eyes waɪt and wondered  eyes wide with wonder guhjob (good job),"The children listened eagerly, eyes wide with wonder."
processed_audio/annotated_sentence_segments/uid_FecxEEwWTpW5fnBaHIGu821YiLh2_sid_5CDuMCZzZSESFX0X8vIr_1742344504_195798968_sentence_segment_close.wav,As the tale ended Mr. Lodge smiled Always remember history iz l|he like a bwɪdʒ as like is is like a bwidge simile right mom mhm good job con: kə.kən|ɛktɪŋ us to the pa past,"As the tale ended, Mr. Lodge smiled, ""Always remember, history is like a bridge connecting us to the past."""
processed_audio/annotated_sentence_segments/uid_FecxEEwWTpW5fnBaHIGu821YiLh2_sid_5CDuMCZzZSESFX0X8vIr_1742344504_195798969_sentence_segment_close.wav,The children tʃɪ.|tʃɪɹd no mhm che: cheered gladfully ɡlædfəl for the knowlid knowledge Mr. l lawlidge ʌm Lodge has shared a prou:m|iced|ih and po:.p|o|m prom|ise: prom:|is|d promised to always tree treashore tr|ishore trishore twea|zure it,"The children cheered, grateful for the knowledge Mr. Lodge had shared, and promised to always treasure it."
processed_audio/annotated_sentence_segments/uid_ECPqsmdUcMhqkJwXAfhhs3XTgoa2_sid_SuRsid6TUn8QnLIxxKUO_1741643049_195798970_sentence_segment_close.wav,Dan was in in his lab looking at the stars,"Dan was in his lab, looking at the stars."
processed_audio/annotated_sentence_segments/uid_ECPqsmdUcMhqkJwXAfhhs3XTgoa2_sid_SuRsid6TUn8QnLIxxKUO_1741643049_195798971_sentence_segment_close.wav,He had a map,He had a map.
processed_audio/annotated_sentence_segments/uid_ECPqsmdUcMhqkJwXAfhhs3XTgoa2_sid_SuRsid6TUn8QnLIxxKUO_1741643049_195798972_sentence_segment_close.wav,It was dark but he had a lamp,"It was dark, but he had a lamp."
processed_audio/annotated_sentence_segments/uid_ECPqsmdUcMhqkJwXAfhhs3XTgoa2_sid_SuRsid6TUn8QnLIxxKUO_1741643049_195798973_sentence_segment_close.wav,Dan saw plan,Dan saw a plan.
processed_audio/annotated_sentence_segments/uid_ECPqsmdUcMhqkJwXAfhhs3XTgoa2_sid_SuRsid6TUn8QnLIxxKUO_1741643049_195798974_sentence_segment_close.wav,I can ɡoʊ: in a van to space he said,"""I can go in a van to space,"" he said."
processed_audio/annotated_sentence_segments/uid_ECPqsmdUcMhqkJwXAfhhs3XTgoa2_sid_SuRsid6TUn8QnLIxxKUO_1741643049_195798975_sentence_segment_close.wav,The van was ready,The van was ready.
processed_audio/annotated_sentence_segments/uid_ECPqsmdUcMhqkJwXAfhhs3XTgoa2_sid_SuRsid6TUn8QnLIxxKUO_1741643049_195798976_sentence_segment_close.wav,Dan packed a bag and sætə,Dan packed a bag and sat.
processed_audio/annotated_sentence_segments/uid_ECPqsmdUcMhqkJwXAfhhs3XTgoa2_sid_SuRsid6TUn8QnLIxxKUO_1741643049_195798977_sentence_segment_close.wav,Up in the van went past the stars,"Up the van went, past the stars."
processed_audio/annotated_sentence_segments/uid_ECPqsmdUcMhqkJwXAfhhs3XTgoa2_sid_SuRsid6TUn8QnLIxxKUO_1741643049_195798978_sentence_segment_close.wav,Dan was glad,Dan was glad.
processed_audio/annotated_sentence_segments/uid_ECPqsmdUcMhqkJwXAfhhs3XTgoa2_sid_SuRsid6TUn8QnLIxxKUO_1741643049_195798979_sentence_segment_close.wav,He waved and yelled I'm an astronaut in space,"He waved and yelled, ""I am an astronaut in space!"""
processed_audio/annotated_sentence_segments/uid_ECPqsmdUcMhqkJwXAfhhs3XTgoa2_sid_SuRsid6TUn8QnLIxxKUO_1741643049_195798980_sentence_segment_close.wav,Dan felt fantastic,Dan felt fantastic.
processed_audio/annotated_sentence_segments/uid_flpss45kNMRJ1OyjEiJaPFx5rCo2_sid_Rcq8EeYY64iPD7qGRtyZ_1743380161_195798981_sentence_segment_close.wav,On a rainy day Roy and his friend Joy stayed indoors,"On a rainy day, Roy and his friend Joy stayed indoors."
processed_audio/annotated_sentence_segments/uid_flpss45kNMRJ1OyjEiJaPFx5rCo2_sid_Rcq8EeYY64iPD7qGRtyZ_1743380161_195798982_sentence_segment_close.wav,They decided to make a big playdough town,They decided to make a big playdough town.
processed_audio/annotated_sentence_segments/uid_flpss45kNMRJ1OyjEiJaPFx5rCo2_sid_Rcq8EeYY64iPD7qGRtyZ_1743380161_195798983_sentence_segment_close.wav,Roy made a playdough boy with a bright blue toy car,Roy made a playdough boy with a bright blue toy car.
processed_audio/annotated_sentence_segments/uid_flpss45kNMRJ1OyjEiJaPFx5rCo2_sid_Rcq8EeYY64iPD7qGRtyZ_1743380161_195798984_sentence_segment_close.wav,Joy made a kɔɪ:l coil of playdough to form a bouncy slide,Joy made a coil of playdough to form a bouncy slide.
processed_audio/annotated_sentence_segments/uid_flpss45kNMRJ1OyjEiJaPFx5rCo2_sid_Rcq8EeYY64iPD7qGRtyZ_1743380161_195798985_sentence_segment_close.wav,They enjoy creating and chatting forgetting about the rain outside,"They enjoyed creating and chatting, forgetting about the rain outside."
processed_audio/annotated_sentence_segments/uid_flpss45kNMRJ1OyjEiJaPFx5rCo2_sid_Rcq8EeYY64iPD7qGRtyZ_1743380161_195798986_sentence_segment_close.wav,Suddenly the rain stopped and a rainbows appeared,"Suddenly, the rain stopped, and a rainbow appeared."
processed_audio/annotated_sentence_segments/uid_flpss45kNMRJ1OyjEiJaPFx5rCo2_sid_Rcq8EeYY64iPD7qGRtyZ_1743380161_195798987_sentence_segment_close.wav,They placed their playdough town by the window to enjoy the view,They placed their playdough town by the window to enjoy the view.
processed_audio/annotated_sentence_segments/uid_flpss45kNMRJ1OyjEiJaPFx5rCo2_sid_Rcq8EeYY64iPD7qGRtyZ_1743380161_195798988_sentence_segment_close.wav,Joy said Even on rainy days we can find joy,"Joy said, ""Even on rainy days, we can find joy!"""
processed_audio/annotated_sentence_segments/uid_flpss45kNMRJ1OyjEiJaPFx5rCo2_sid_Rcq8EeYY64iPD7qGRtyZ_1743380161_195798989_sentence_segment_close.wav,Roy nodded happih ʌm happy to have a such such a joyful friend,"Roy nodded, happy to have such a joyful friend."
processed_audio/annotated_sentence_segments/uid_flpss45kNMRJ1OyjEiJaPFx5rCo2_sid_Rcq8EeYY64iPD7qGRtyZ_1743380161_195798990_sentence_segment_close.wav,They waved goodbye to ʌm to the rain for new invetch inventures ready for new iventch ɪnvɛntʃəɹz,"They waved goodbye to the rain, ready for new adventures."
processed_audio/annotated_sentence_segments/uid_xxUUDYlSFESUIRvPTLDLReqO44G3_sid_EWrmt6kSmwKACKbLS43Q_1742751642_195798991_sentence_segment_close.wav,Timmy the brave cat lived in a bɪ:ɡ green house,"Timmy the brave cat lived in a big, green house."
processed_audio/annotated_sentence_segments/uid_xxUUDYlSFESUIRvPTLDLReqO44G3_sid_EWrmt6kSmwKACKbLS43Q_1742751642_195798992_sentence_segment_close.wav,One day he heard a strange noise in the yard,"One day, he heard a strange noise in the yard."
processed_audio/annotated_sentence_segments/uid_xxUUDYlSFESUIRvPTLDLReqO44G3_sid_EWrmt6kSmwKACKbLS43Q_1742751642_195798993_sentence_segment_close.wav,Timmy peeked through the window and saw a small brown mouse,"Timmy peeked through the window and saw a small, brown mouse."
processed_audio/annotated_sentence_segments/uid_xxUUDYlSFESUIRvPTLDLReqO44G3_sid_EWrmt6kSmwKACKbLS43Q_1742751642_195798994_sentence_segment_close.wav,The mouse wəʃ shivering in the cold breeze,The mouse was shivering in the cold breeze.
processed_audio/annotated_sentence_segments/uid_xxUUDYlSFESUIRvPTLDLReqO44G3_sid_EWrmt6kSmwKACKbLS43Q_1742751642_195798995_sentence_segment_close.wav,Timmy decided to help,Timmy decided to help.
processed_audio/annotated_sentence_segments/uid_xxUUDYlSFESUIRvPTLDLReqO44G3_sid_EWrmt6kSmwKACKbLS43Q_1742751642_195798996_sentence_segment_close.wav,the He open the door and invited the mouse inside,He opened the door and invited the mouse inside.
processed_audio/annotated_sentence_segments/uid_xxUUDYlSFESUIRvPTLDLReqO44G3_sid_EWrmt6kSmwKACKbLS43Q_1742751642_195798997_sentence_segment_close.wav,The mouse smiled and thank Timmy with a lɪ:təl squeak,The mouse smiled and thanked Timmy with a little squeak.
processed_audio/annotated_sentence_segments/uid_xxUUDYlSFESUIRvPTLDLReqO44G3_sid_EWrmt6kSmwKACKbLS43Q_1742751642_195798998_sentence_segment_close.wav,They shared a warm meal and became friends,They shared a warm meal and became friends.
processed_audio/annotated_sentence_segments/uid_xxUUDYlSFESUIRvPTLDLReqO44G3_sid_EWrmt6kSmwKACKbLS43Q_1742751642_195798999_sentence_segment_close.wav,for From then on the house was filled wɪf laughter and cheer and Timmy was glad he had opened his hɑɹ to a new friend,"From then on, the house was filled with laughter and cheer, and Timmy was glad he had opened his heart to a new friend."
processed_audio/annotated_sentence_segments/uid_ejZWulX03uRlAA3C5VqYK6jKNYs1_sid_P6kAd6A5SfFBLSW9pJpN_1741135137_195799000_sentence_segment_close.wav, upon a time          ,"Once upon a time in a cozy cottage, lived a diaper baby named Pete."
processed_audio/annotated_sentence_segments/uid_ejZWulX03uRlAA3C5VqYK6jKNYs1_sid_P6kAd6A5SfFBLSW9pJpN_1741135137_195799001_sentence_segment_close.wav,  the     ,Pete was the smallest in the whole house.
processed_audio/annotated_sentence_segments/uid_ejZWulX03uRlAA3C5VqYK6jKNYs1_sid_P6kAd6A5SfFBLSW9pJpN_1741135137_195799002_sentence_segment_close.wav,His  toy     ,His favorite toy was a tiny teddy bear.
processed_audio/annotated_sentence_segments/uid_ejZWulX03uRlAA3C5VqYK6jKNYs1_sid_P6kAd6A5SfFBLSW9pJpN_1741135137_195799003_sentence_segment_close.wav,               ,"One sunny morning, Pete looked around and smiled, thinking, ""Today might be the best day ever!"""
processed_audio/annotated_sentence_segments/uid_ejZWulX03uRlAA3C5VqYK6jKNYs1_sid_P6kAd6A5SfFBLSW9pJpN_1741135137_195799004_sentence_segment_close.wav,  around     softened soffer   ,"Pete crawled around, noticing his diaper was softer than a pillow."
processed_audio/annotated_sentence_segments/uid_ejZWulX03uRlAA3C5VqYK6jKNYs1_sid_P6kAd6A5SfFBLSW9pJpN_1741135137_195799005_sentence_segment_close.wav,      diaper   whirl in the  why ,He thought it was the silkiest diaper in the whole wide world.
processed_audio/annotated_sentence_segments/uid_ejZWulX03uRlAA3C5VqYK6jKNYs1_sid_P6kAd6A5SfFBLSW9pJpN_1741135137_195799006_sentence_segment_close.wav,  play   artichoke   halls     ,"As he played, his giggling echoed through the halls, louder than any other noise."
processed_audio/annotated_sentence_segments/uid_ejZWulX03uRlAA3C5VqYK6jKNYs1_sid_P6kAd6A5SfFBLSW9pJpN_1741135137_195799007_sentence_segment_close.wav,His   Sally   and    you are the   ,"His big sister, Sally, came by and said, ""Pete, you are the funniest little guy!"""
processed_audio/annotated_sentence_segments/uid_ejZWulX03uRlAA3C5VqYK6jKNYs1_sid_P6kAd6A5SfFBLSW9pJpN_1741135137_195799008_sentence_segment_close.wav,       ,"At lunch, Pete made a mess, as usual."
processed_audio/annotated_sentence_segments/uid_ejZWulX03uRlAA3C5VqYK6jKNYs1_sid_P6kAd6A5SfFBLSW9pJpN_1741135137_195799009_sentence_segment_close.wav,um        the: the messiest eater Pete,"His mom laughed and said, ""You are certainly the messiest eater, Pete!"""
processed_audio/annotated_sentence_segments/uid_ejZWulX03uRlAA3C5VqYK6jKNYs1_sid_P6kAd6A5SfFBLSW9pJpN_1741135137_195799010_sentence_segment_close.wav,But Pete just grinned with a mouthful of peas,But Pete just grinned with a mouthful of peas.
processed_audio/annotated_sentence_segments/uid_ejZWulX03uRlAA3C5VqYK6jKNYs1_sid_P6kAd6A5SfFBLSW9pJpN_1741135137_195799011_sentence_segment_close.wav,buh ʌ By the end of the day Pete was the slipiɛs baby ever,"By the end of the day, Pete was the sleepiest baby ever."
processed_audio/annotated_sentence_segments/uid_ejZWulX03uRlAA3C5VqYK6jKNYs1_sid_P6kAd6A5SfFBLSW9pJpN_1741135137_195799012_sentence_segment_close.wav,He snuggled into his crib holding his little teddy bear tightly,"He snuggled into his crib, holding his little teddy tightly."
processed_audio/annotated_sentence_segments/uid_ejZWulX03uRlAA3C5VqYK6jKNYs1_sid_P6kAd6A5SfFBLSW9pJpN_1741135137_195799013_sentence_segment_close.wav,His mom whispered Goodnight my switɪs diaper baby as Pete drifted into his happiest dreams,"His mom whispered, ""Goodnight, my sweetest diaper baby,"" as Pete drifted into the happiest dreams."
processed_audio/annotated_sentence_segments/uid_ejZWulX03uRlAA3C5VqYK6jKNYs1_sid_P6kAd6A5SfFBLSW9pJpN_1741135137_195799014_sentence_segment_close.wav,And indeed id And indeed it was the best day ever for little Pete the diaper baby,"And indeed, it was the best day ever for little Pete, the diaper baby."
processed_audio/annotated_sentence_segments/uid_lEq1lXM2xafR8w5blWO2OCG8VE93_sid_jYTizNYBKMXCSsVuEydP_1742757294_195799015_sentence_segment_close.wav,ɛvəwi Sunday weɪ and June play ge video games,"Every Sunday, Ray and Jane play video games."
processed_audio/annotated_sentence_segments/uid_lEq1lXM2xafR8w5blWO2OCG8VE93_sid_jYTizNYBKMXCSsVuEydP_1742757294_195799016_sentence_segment_close.wav,They stay n: in their playroom all day,They stay in their playroom all day.
processed_audio/annotated_sentence_segments/uid_lEq1lXM2xafR8w5blWO2OCG8VE93_sid_jYTizNYBKMXCSsVuEydP_1742757294_195799017_sentence_segment_close.wav,June's favorite game is a weɪs ɑnð a big track,Jane's favorite game is a race on a big track.
processed_audio/annotated_sentence_segments/uid_lEq1lXM2xafR8w5blWO2OCG8VE93_sid_jYTizNYBKMXCSsVuEydP_1742757294_195799018_sentence_segment_close.wav,weɪ likes a game wɛw h.he sails a ship and hunts foɹf a pwaɪz,Ray likes a game where he sails a ship and hunts for a prize.
processed_audio/annotated_sentence_segments/uid_lEq1lXM2xafR8w5blWO2OCG8VE93_sid_jYTizNYBKMXCSsVuEydP_1742757294_195799019_sentence_segment_close.wav,They both love when it's time to play,They both love when it's time to play.
processed_audio/annotated_sentence_segments/uid_lEq1lXM2xafR8w5blWO2OCG8VE93_sid_jYTizNYBKMXCSsVuEydP_1742757294_195799020_sentence_segment_close.wav,One One wain weɪni dəi the laɪts: went out and they couldn't play,"One rainy day, the lights went out, and they couldn't play."
processed_audio/annotated_sentence_segments/uid_lEq1lXM2xafR8w5blWO2OCG8VE93_sid_jYTizNYBKMXCSsVuEydP_1742757294_195799021_sentence_segment_close.wav,So they made up a game dwɔɪŋg a map toof (to) and finding treasures in the house,"So, they made up a game, drawing a map and finding treasures in the house."
processed_audio/annotated_sentence_segments/uid_lEq1lXM2xafR8w5blWO2OCG8VE93_sid_jYTizNYBKMXCSsVuEydP_1742757294_195799022_sentence_segment_close.wav,At the end of də day des|pi|t despite on no so sɔʔsɛns day ðeɪf had fun,"At the end of the day, despite no screens, they had fun."
processed_audio/annotated_sentence_segments/uid_lEq1lXM2xafR8w5blWO2OCG8VE93_sid_jYTizNYBKMXCSsVuEydP_1742757294_195799023_sentence_segment_close.wav,They say Let's play this way again,"They say, ""Let's play this way again!"""
processed_audio/annotated_sentence_segments/uid_EOwDjm2STZfXSXQJzWXadFRGRzn1_sid_Er2vmZID4HCN6xXLufOo_1744244305_195799024_sentence_segment_close.wav,Lucky saw a dog down by the river,Lucy saw a dog down by the river.
processed_audio/annotated_sentence_segments/uid_EOwDjm2STZfXSXQJzWXadFRGRzn1_sid_Er2vmZID4HCN6xXLufOo_1744244305_195799025_sentence_segment_close.wav,The pup barked and wagged its tail wagging to play wanting to play,"The pup barked and wagged its tail, wanting to play."
processed_audio/annotated_sentence_segments/uid_EOwDjm2STZfXSXQJzWXadFRGRzn1_sid_Er2vmZID4HCN6xXLufOo_1744244305_195799026_sentence_segment_close.wav,Lucky took off her shoes and waited in,Lucy took off her shoes and waded in.
processed_audio/annotated_sentence_segments/uid_EOwDjm2STZfXSXQJzWXadFRGRzn1_sid_Er2vmZID4HCN6xXLufOo_1744244305_195799027_sentence_segment_close.wav,The in The two s|p|l|ash|t splashing spla sp|l|ash|ed splashed splæʃɪd mhm and had fun in the sun,The two splashed and had fun in the sun.
processed_audio/annotated_sentence_segments/uid_EOwDjm2STZfXSXQJzWXadFRGRzn1_sid_Er2vmZID4HCN6xXLufOo_1744244305_195799028_sentence_segment_close.wav,As the sun began to set Lucky said goodbye to her new friend,"As the sun began to set, Lucy said goodbye to her new friend."
processed_audio/annotated_sentence_segments/uid_EOwDjm2STZfXSXQJzWXadFRGRzn1_sid_Er2vmZID4HCN6xXLufOo_1744244305_195799029_sentence_segment_close.wav,She promised tu: e|t|urn return to return the next day leaving with her f: fool fell of joy and muddy feet,"She promised to return the next day, leaving with a heart full of joy and muddy feet."
processed_audio/annotated_sentence_segments/uid_WXRuAJyMuAViHCpYPRVffOrexB03_sid_H4UzBBUu9GcvIGFhnpPB_1742774655_195799030_sentence_segment_close.wav,m ɛ.ɛənd his pals Jane gaze at a map,"Sam and his pal, Jan, gaze at a map."
processed_audio/annotated_sentence_segments/uid_WXRuAJyMuAViHCpYPRVffOrexB03_sid_H4UzBBUu9GcvIGFhnpPB_1742774655_195799031_sentence_segment_close.wav,Their plan to a trip to see space,They plan a trip to see space.
processed_audio/annotated_sentence_segments/uid_WXRuAJyMuAViHCpYPRVffOrexB03_sid_H4UzBBUu9GcvIGFhnpPB_1742774655_195799032_sentence_segment_close.wav,Can we really s.s Can we see a s:tɑɹ æs Sam,"""Can we see a star?"" asks Sam."
processed_audio/annotated_sentence_segments/uid_WXRuAJyMuAViHCpYPRVffOrexB03_sid_H4UzBBUu9GcvIGFhnpPB_1742774655_195799033_sentence_segment_close.wav,Jan nɑ:dz Yes and we can grab a snack at the space ba.buh|a r bar,"Jan nods, ""Yes, and we can grab a snack at the space bar."""
processed_audio/annotated_sentence_segments/uid_WXRuAJyMuAViHCpYPRVffOrexB03_sid_H4UzBBUu9GcvIGFhnpPB_1742774655_195799034_sentence_segment_close.wav,She They park pack pack ð:ɛəɹ hats bags hats and a jack,"They pack their bags, hats, and a jack."
processed_audio/annotated_sentence_segments/uid_WXRuAJyMuAViHCpYPRVffOrexB03_sid_H4UzBBUu9GcvIGFhnpPB_1742774655_195799035_sentence_segment_close.wav,As they l.lænd on Mars they can they clap and jump,"As they land on Mars, they clap and jump."
processed_audio/annotated_sentence_segments/uid_WXRuAJyMuAViHCpYPRVffOrexB03_sid_H4UzBBUu9GcvIGFhnpPB_1742774655_195799036_sentence_segment_close.wav,anth.theins This This is the bɛs smile  Sam says,"""This is the best!"" Sam says."
processed_audio/annotated_sentence_segments/uid_WXRuAJyMuAViHCpYPRVffOrexB03_sid_H4UzBBUu9GcvIGFhnpPB_1742774655_195799037_sentence_segment_close.wav,This They nap on under the s.stɑɹz and dream big,They nap under the stars and dream big.
processed_audio/annotated_sentence_segments/uid_uJ59YClhDZUuJsN0vsDR1GRv6pu1_sid_9aQcNlrmXoeI8N7VSq3c_1742872549_195799038_sentence_segment_close.wav,Teddy and Max were two tʃɪɹ.tʃɪɹfəl dogs living on a green farm,Teddy and Max were two cheerful dogs living on a green farm.
processed_audio/annotated_sentence_segments/uid_uJ59YClhDZUuJsN0vsDR1GRv6pu1_sid_9aQcNlrmXoeI8N7VSq3c_1742872549_195799039_sentence_segment_close.wav,Teddy was curious and blouder always leading the their ɪnvɛntʃəɹz,"Teddy was curious and bolder, always leading their adventures."
processed_audio/annotated_sentence_segments/uid_uJ59YClhDZUuJsN0vsDR1GRv6pu1_sid_9aQcNlrmXoeI8N7VSq3c_1742872549_195799040_sentence_segment_close.wav,Max was s.|sparking Max was clever fɪɡjəɹɪ out figuring out the tik|t trickist paths,"Max was clever, figuring out the trickiest paths."
processed_audio/annotated_sentence_segments/uid_uJ59YClhDZUuJsN0vsDR1GRv6pu1_sid_9aQcNlrmXoeI8N7VSq3c_1742872549_195799041_sentence_segment_close.wav,One day they found a spɑɹ.spɑɹklɪŋ river,"One sunny day, they found a sparkling river."
processed_audio/annotated_sentence_segments/uid_uJ59YClhDZUuJsN0vsDR1GRv6pu1_sid_9aQcNlrmXoeI8N7VSq3c_1742872549_195799042_sentence_segment_close.wav,Teddy and Max Teddy dared Max Let's go see who jumps the fɑɹdɪst,"Teddy dared Max, ""Let's see who jumps the farthest!"""
processed_audio/annotated_sentence_segments/uid_uJ59YClhDZUuJsN0vsDR1GRv6pu1_sid_9aQcNlrmXoeI8N7VSq3c_1742872549_195799043_sentence_segment_close.wav,They bəʊf ran fast splashing to the cool water,"They both ran fast, splashing into the cool water."
processed_audio/annotated_sentence_segments/uid_uJ59YClhDZUuJsN0vsDR1GRv6pu1_sid_9aQcNlrmXoeI8N7VSq3c_1742872549_195799044_sentence_segment_close.wav,Teddy splashed higher while Max was the fast swimmer fastest swimmer reached to the other side first,"Teddy splashed higher, while Max, the fastest swimmer, reached the other side first."
processed_audio/annotated_sentence_segments/uid_uJ59YClhDZUuJsN0vsDR1GRv6pu1_sid_9aQcNlrmXoeI8N7VSq3c_1742872549_195799045_sentence_segment_close.wav,Wet Wet but happy they shook off together under the tɔlɪs tree tails wagging,"Wet but happy, they shook off together under the tallest tree, tails wagging."
processed_audio/annotated_sentence_segments/uid_uJ59YClhDZUuJsN0vsDR1GRv6pu1_sid_9aQcNlrmXoeI8N7VSq3c_1742872549_195799046_sentence_segment_close.wav,Teddy and Max agreed it was their best day discovering treasures of their friendship,"Teddy and Max agreed it was their best day, discovering treasures of their friendship."
processed_audio/annotated_sentence_segments/uid_THJAu4lbjHRa32ysgvSU3Etlb0d2_sid_QP6RR2aVPvPDSrDB99cc_1743032180_195799047_sentence_segment_close.wav,A big red dɹæ:ɡɪn was sad,A big red dragon was sad.
processed_audio/annotated_sentence_segments/uid_THJAu4lbjHRa32ysgvSU3Etlb0d2_sid_QP6RR2aVPvPDSrDB99cc_1743032180_195799048_sentence_segment_close.wav,He sa He sat on a lɔ:ɡ,It sat on a log.
processed_audio/annotated_sentence_segments/uid_THJAu4lbjHRa32ysgvSU3Etlb0d2_sid_QP6RR2aVPvPDSrDB99cc_1743032180_195799049_sentence_segment_close.wav,Then a man came,Then a man came.
processed_audio/annotated_sentence_segments/uid_THJAu4lbjHRa32ysgvSU3Etlb0d2_sid_QP6RR2aVPvPDSrDB99cc_1743032180_195799050_sentence_segment_close.wav,hi: had a bag of fun,He had a bag of fun.
processed_audio/annotated_sentence_segments/uid_THJAu4lbjHRa32ysgvSU3Etlb0d2_sid_QP6RR2aVPvPDSrDB99cc_1743032180_195799051_sentence_segment_close.wav,The dragon f|ɛ|l.lt felt glad and wagged his its tail,The dragon felt glad and wagged its tail.
processed_audio/annotated_sentence_segments/uid_THJAu4lbjHRa32ysgvSU3Etlb0d2_sid_QP6RR2aVPvPDSrDB99cc_1743032180_195799052_sentence_segment_close.wav,The dragon and the man had jam,The dragon and the man had jam.
processed_audio/annotated_sentence_segments/uid_THJAu4lbjHRa32ysgvSU3Etlb0d2_sid_QP6RR2aVPvPDSrDB99cc_1743032180_195799053_sentence_segment_close.wav,The dragon was happy at last,The dragon was happy at last.
processed_audio/annotated_sentence_segments/uid_EfKQNmht2ebtDnNadrezErlhcDF3_sid_MrJqeNzcm0ADJEBm72gJ_1741214318_195799054_sentence_segment_close.wav,A small salamander name Sam lived in a fɔɹəs,A small salamander named Sam lived in a forest.
processed_audio/annotated_sentence_segments/uid_EfKQNmht2ebtDnNadrezErlhcDF3_sid_MrJqeNzcm0ADJEBm72gJ_1741214318_195799055_sentence_segment_close.wav,He like to explore far and wide,He liked to explore far and wide.
processed_audio/annotated_sentence_segments/uid_EfKQNmht2ebtDnNadrezErlhcDF3_sid_MrJqeNzcm0ADJEBm72gJ_1741214318_195799056_sentence_segment_close.wav,One morning Sam found a s:pɑɹklɪŋ lake with clear water,"One morning, Sam found a sparkling lake with clear water."
processed_audio/annotated_sentence_segments/uid_EfKQNmht2ebtDnNadrezErlhcDF3_sid_MrJqeNzcm0ADJEBm72gJ_1741214318_195799057_sentence_segment_close.wav,Before he jumped ɪ.ɪn he s:ɔ a carp swim by,"Before he jumped in, he saw a carp swim by."
processed_audio/annotated_sentence_segments/uid_EfKQNmht2ebtDnNadrezErlhcDF3_sid_MrJqeNzcm0ADJEBm72gJ_1741214318_195799058_sentence_segment_close.wav,The carp shared stories of the ocean wonders,The carp shared stories of the ocean's wonder.
processed_audio/annotated_sentence_segments/uid_EfKQNmht2ebtDnNadrezErlhcDF3_sid_MrJqeNzcm0ADJEBm72gJ_1741214318_195799059_sentence_segment_close.wav,With excitement Sam imagined the places he could visit,"With excitement, Sam imagined more places he could visit."
processed_audio/annotated_sentence_segments/uid_EfKQNmht2ebtDnNadrezErlhcDF3_sid_MrJqeNzcm0ADJEBm72gJ_1741214318_195799060_sentence_segment_close.wav,As the sun set Sam returned home idʒəɹ to tell his family about his əvɛntʃəɹ,"As the sun set, Sam returned home, eager to tell his family about his adventure."
processed_audio/annotated_sentence_segments/uid_EfKQNmht2ebtDnNadrezErlhcDF3_sid_MrJqeNzcm0ADJEBm72gJ_1741214318_195799061_sentence_segment_close.wav,That night he dreamed of ocean oceans sa and stars feeling brave and ready and more,"That night, he dreamed of oceans and stars, feeling brave and ready for more."
processed_audio/annotated_sentence_segments/uid_CanxAhhjiePs6niCtdVzPqVIzXt1_sid_gUXg6qMNfG1UwQvM5G7u_1742765846_195799062_sentence_segment_close.wav,Ben and his fwɛn Jake love playing soccer,Ben and his friend Jake loved playing soccer.
processed_audio/annotated_sentence_segments/uid_CanxAhhjiePs6niCtdVzPqVIzXt1_sid_gUXg6qMNfG1UwQvM5G7u_1742765846_195799063_sentence_segment_close.wav,One sunny day they joined a game at th.th.duh park,"One sunny day, they joined a game at the park."
processed_audio/annotated_sentence_segments/uid_CanxAhhjiePs6niCtdVzPqVIzXt1_sid_gUXg6qMNfG1UwQvM5G7u_1742765846_195799064_sentence_segment_close.wav,Ben kick the ball to Jake who dashed down the field,"Ben kicked the ball to Jake, who dashed down the field."
processed_audio/annotated_sentence_segments/uid_CanxAhhjiePs6niCtdVzPqVIzXt1_sid_gUXg6qMNfG1UwQvM5G7u_1742765846_195799065_sentence_segment_close.wav,Jake s:wɪftli passed it back to Ben,Jake swiftly passed it back to Ben.
processed_audio/annotated_sentence_segments/uid_CanxAhhjiePs6niCtdVzPqVIzXt1_sid_gUXg6qMNfG1UwQvM5G7u_1742765846_195799066_sentence_segment_close.wav,Ben aimed and shot the ball,Ben aimed and shot the ball.
processed_audio/annotated_sentence_segments/uid_CanxAhhjiePs6niCtdVzPqVIzXt1_sid_gUXg6qMNfG1UwQvM5G7u_1742765846_195799067_sentence_segment_close.wav,It scored thw|ough the air soared through the air and landed in the goal,It soared through the air and landed in the goal.
processed_audio/annotated_sentence_segments/uid_CanxAhhjiePs6niCtdVzPqVIzXt1_sid_gUXg6qMNfG1UwQvM5G7u_1742765846_195799068_sentence_segment_close.wav,Hooray their team cheered,"""Hooray!"" their team cheered."
processed_audio/annotated_sentence_segments/uid_CanxAhhjiePs6niCtdVzPqVIzXt1_sid_gUXg6qMNfG1UwQvM5G7u_1742765846_195799069_sentence_segment_close.wav,The game continue and bəʊf fwɛndz played with great skill,"The game continued, and both friends played with great skill."
processed_audio/annotated_sentence_segments/uid_CanxAhhjiePs6niCtdVzPqVIzXt1_sid_gUXg6qMNfG1UwQvM5G7u_1742765846_195799070_sentence_segment_close.wav,Near the ɛn the score was tied,"Near the end, the score was tied."
processed_audio/annotated_sentence_segments/uid_CanxAhhjiePs6niCtdVzPqVIzXt1_sid_gUXg6qMNfG1UwQvM5G7u_1742765846_195799071_sentence_segment_close.wav,Ben had one læʃ chance,Ben had one last chance.
processed_audio/annotated_sentence_segments/uid_CanxAhhjiePs6niCtdVzPqVIzXt1_sid_gUXg6qMNfG1UwQvM5G7u_1742765846_195799072_sentence_segment_close.wav,He kick the ball hard and it zoom past the goalie,"He kicked the ball hard, and it zoomed past the goalie."
processed_audio/annotated_sentence_segments/uid_CanxAhhjiePs6niCtdVzPqVIzXt1_sid_gUXg6qMNfG1UwQvM5G7u_1742765846_195799073_sentence_segment_close.wav,Their team won,Their team won!
processed_audio/annotated_sentence_segments/uid_CanxAhhjiePs6niCtdVzPqVIzXt1_sid_gUXg6qMNfG1UwQvM5G7u_1742765846_195799074_sentence_segment_close.wav,Ben and Jake celeray wɪf bih with big smiles,Ben and Jake celebrated with big smiles.
processed_audio/annotated_sentence_segments/uid_flpss45kNMRJ1OyjEiJaPFx5rCo2_sid_kugsV0n1o7Djk2ZJqtXt_1742679972_195799075_sentence_segment_close.wav,In a fluffy pink unicorn school Joy the unicorn joined her fiɹs class,"In a fluffy pink unicorn school, Joy the unicorn joined her first class."
processed_audio/annotated_sentence_segments/uid_flpss45kNMRJ1OyjEiJaPFx5rCo2_sid_kugsV0n1o7Djk2ZJqtXt_1742679972_195799076_sentence_segment_close.wav,She felt a bit nervous but excited,She felt a bit nervous but excited.
processed_audio/annotated_sentence_segments/uid_flpss45kNMRJ1OyjEiJaPFx5rCo2_sid_kugsV0n1o7Djk2ZJqtXt_1742679972_195799077_sentence_segment_close.wav,Her teacher Ms Roy was friendly and full of stories,"Her teacher, Mr. Roy, was friendly and full of stories."
processed_audio/annotated_sentence_segments/uid_flpss45kNMRJ1OyjEiJaPFx5rCo2_sid_kugsV0n1o7Djk2ZJqtXt_1742679972_195799078_sentence_segment_close.wav,hees ʌm He taught them about the magic of rainbows and the joy they bring,He taught them about the magic of rainbows and the joy they bring.
processed_audio/annotated_sentence_segments/uid_flpss45kNMRJ1OyjEiJaPFx5rCo2_sid_kugsV0n1o7Djk2ZJqtXt_1742679972_195799079_sentence_segment_close.wav,During recess Joy found a toy unicorn that could fly,"During recess, Joy found a toy unicorn that could fly."
processed_audio/annotated_sentence_segments/uid_flpss45kNMRJ1OyjEiJaPFx5rCo2_sid_kugsV0n1o7Djk2ZJqtXt_1742679972_195799080_sentence_segment_close.wav,She showed it to her friends and they all enjoyed playing together,She showed it to her friends and they all enjoyed playing together.
processed_audio/annotated_sentence_segments/uid_flpss45kNMRJ1OyjEiJaPFx5rCo2_sid_kugsV0n1o7Djk2ZJqtXt_1742679972_195799081_sentence_segment_close.wav,By the end of the day Joy felt ʌm overjoyed,"By the end of the day, Joy felt overjoyed."
processed_audio/annotated_sentence_segments/uid_flpss45kNMRJ1OyjEiJaPFx5rCo2_sid_kugsV0n1o7Djk2ZJqtXt_1742679972_195799082_sentence_segment_close.wav,She realized that that sku was a place full of fun and new friends,She realized that school was a place full of fun and new friends.
processed_audio/annotated_sentence_segments/uid_flpss45kNMRJ1OyjEiJaPFx5rCo2_sid_kugsV0n1o7Djk2ZJqtXt_1742679972_195799083_sentence_segment_close.wav,Joy couldn't wait to return the ʌm return me nɛks day and learn more,Joy couldn't wait to return the next day and learn more.
processed_audio/annotated_sentence_segments/uid_EfKQNmht2ebtDnNadrezErlhcDF3_sid_2r0KTzHJ1z29iYVj6xTe_1741215438_195799084_sentence_segment_close.wav,Mara had a special  that brought her luck,Mara had a special charm that brought her luck.
processed_audio/annotated_sentence_segments/uid_EfKQNmht2ebtDnNadrezErlhcDF3_sid_2r0KTzHJ1z29iYVj6xTe_1741215438_195799085_sentence_segment_close.wav,It was a small star that she wore on a cord,It was a small star that she wore on a cord.
processed_audio/annotated_sentence_segments/uid_EfKQNmht2ebtDnNadrezErlhcDF3_sid_2r0KTzHJ1z29iYVj6xTe_1741215438_195799086_sentence_segment_close.wav,One sunny morning Mara went to explore a naɹbi fɔɹəs,"One sunny morning, Mara went to explore a nearby forest."
processed_audio/annotated_sentence_segments/uid_EfKQNmht2ebtDnNadrezErlhcDF3_sid_2r0KTzHJ1z29iYVj6xTe_1741215438_195799087_sentence_segment_close.wav,æʃ she moved through the tall trees she dɪ not notice her charm was no longer on her,"As she moved through the tall trees, she did not notice her charm was no longer on her."
processed_audio/annotated_sentence_segments/uid_EfKQNmht2ebtDnNadrezErlhcDF3_sid_2r0KTzHJ1z29iYVj6xTe_1741215438_195799088_sentence_segment_close.wav,When she reached a clearing she realized it was gone,"When she reached a clearing, she realized it was gone."
processed_audio/annotated_sentence_segments/uid_EfKQNmht2ebtDnNadrezErlhcDF3_sid_2r0KTzHJ1z29iYVj6xTe_1741215438_195799089_sentence_segment_close.wav,Mara felt a little s.s.s.soɹ for losing it,Mara felt a little sore for losing it.
processed_audio/annotated_sentence_segments/uid_EfKQNmht2ebtDnNadrezErlhcDF3_sid_2r0KTzHJ1z29iYVj6xTe_1741215438_195799090_sentence_segment_close.wav,However she remembered that a true charm was the ənvɛntʃəɹz she had,"However, she remembered that the true charm was the adventures she had."
processed_audio/annotated_sentence_segments/uid_EfKQNmht2ebtDnNadrezErlhcDF3_sid_2r0KTzHJ1z29iYVj6xTe_1741215438_195799091_sentence_segment_close.wav,On her way back a friendly kɹ:oʊ fa.faʊnd the charm and dropped it before her,"On her way back, a friendly crow found the charm and dropped it before her."
processed_audio/annotated_sentence_segments/uid_EfKQNmht2ebtDnNadrezErlhcDF3_sid_2r0KTzHJ1z29iYVj6xTe_1741215438_195799092_sentence_segment_close.wav,Mara smiled her luck restored once more,"Mara smiled, her luck restored once more."
processed_audio/annotated_sentence_segments/uid_mHWscHBXcoabM7fdw88AliGuPWw1_sid_7XfLT0jT1wvkAI9zLj1M_1743381734_195799093_sentence_segment_close.wav,Once a baby nay tiger named Gus lid in a svʌtɪkəld jungle,"Once, a baby tiger named Gus lived in a sunlit jungle."
processed_audio/annotated_sentence_segments/uid_mHWscHBXcoabM7fdw88AliGuPWw1_sid_7XfLT0jT1wvkAI9zLj1M_1743381734_195799094_sentence_segment_close.wav,Gus loved to wʌn and dʒʌp əmʌŋz the tall twiz,Gus loved to run and jump among the tall trees.
processed_audio/annotated_sentence_segments/uid_mHWscHBXcoabM7fdw88AliGuPWw1_sid_7XfLT0jT1wvkAI9zLj1M_1743381734_195799095_sentence_segment_close.wav,One day the big sun soʊn bwaɪtli making Gus fɪl warm and happy,"One day, the big sun shone brightly, making Gus feel warm and happy."
processed_audio/annotated_sentence_segments/uid_mHWscHBXcoabM7fdw88AliGuPWw1_sid_7XfLT0jT1wvkAI9zLj1M_1743381734_195799096_sentence_segment_close.wav,ɡʌs: stumbled æeɪ small pond and splashed joyfully in the cool water,Gus spotted a small pond and splashed joyfully in the cool water.
processed_audio/annotated_sentence_segments/uid_mHWscHBXcoabM7fdw88AliGuPWw1_sid_7XfLT0jT1wvkAI9zLj1M_1743381734_195799097_sentence_segment_close.wav,sʌdntli a wɛd bird sæŋk a sweet song,"Suddenly, a red bird sang a sweet song."
processed_audio/annotated_sentence_segments/uid_mHWscHBXcoabM7fdw88AliGuPWw1_sid_7XfLT0jT1wvkAI9zLj1M_1743381734_195799098_sentence_segment_close.wav,Gus listened and smiled,Gus listened and smiled.
processed_audio/annotated_sentence_segments/uid_mHWscHBXcoabM7fdw88AliGuPWw1_sid_7XfLT0jT1wvkAI9zLj1M_1743381734_195799099_sentence_segment_close.wav,æs: the day ended Gus lay under a big tree filling soft safe and loved,"As the day ended, Gus lay under a big tree, feeling safe and loved."
processed_audio/annotated_sentence_segments/uid_mHWscHBXcoabM7fdw88AliGuPWw1_sid_7XfLT0jT1wvkAI9zLj1M_1743381734_195799100_sentence_segment_close.wav,His jungle was full of wʌndəz and his hot was full of joy,"His jungle was full of wonders, and his heart was full of joy."
processed_audio/annotated_sentence_segments/uid_mHWscHBXcoabM7fdw88AliGuPWw1_sid_7XfLT0jT1wvkAI9zLj1M_1743381734_195799101_sentence_segment_close.wav,Gus knew that he would ɑlweɪzt tru.|truess his jungle əvɛntʃəɹz,Gus knew that he would always cherish his jungle adventures.
processed_audio/annotated_sentence_segments/uid_u2hytH2KWIS6ewdShfEZisygqIo2_sid_2Zyx7IELFHpKDvjgVHnB_1742347977_195799102_sentence_segment_close.wav,Fly Girl love the sky,Fly Girl loved the sky.
processed_audio/annotated_sentence_segments/uid_u2hytH2KWIS6ewdShfEZisygqIo2_sid_2Zyx7IELFHpKDvjgVHnB_1742347977_195799103_sentence_segment_close.wav,Every day she went up up and away,"Every day, she went up, up, and away."
processed_audio/annotated_sentence_segments/uid_u2hytH2KWIS6ewdShfEZisygqIo2_sid_2Zyx7IELFHpKDvjgVHnB_1742347977_195799104_sentence_segment_close.wav,Her wings sprea spread wide and she soared high above,"Her wings spread wide, and she soared high above."
processed_audio/annotated_sentence_segments/uid_u2hytH2KWIS6ewdShfEZisygqIo2_sid_2Zyx7IELFHpKDvjgVHnB_1742347977_195799105_sentence_segment_close.wav,The breeze made her feel əl|aɪv,The breeze made her feel alive.
processed_audio/annotated_sentence_segments/uid_u2hytH2KWIS6ewdShfEZisygqIo2_sid_2Zyx7IELFHpKDvjgVHnB_1742347977_195799106_sentence_segment_close.wav,Each f:laɪt was free and fast,Each flight was free and fast.
processed_audio/annotated_sentence_segments/uid_u2hytH2KWIS6ewdShfEZisygqIo2_sid_2Zyx7IELFHpKDvjgVHnB_1742347977_195799107_sentence_segment_close.wav,One day she saw a lost bird,"One day, she saw a lost bird."
processed_audio/annotated_sentence_segments/uid_u2hytH2KWIS6ewdShfEZisygqIo2_sid_2Zyx7IELFHpKDvjgVHnB_1742347977_195799108_sentence_segment_close.wav,It was small and very scared,It was small and very scared.
processed_audio/annotated_sentence_segments/uid_u2hytH2KWIS6ewdShfEZisygqIo2_sid_2Zyx7IELFHpKDvjgVHnB_1742347977_195799109_sentence_segment_close.wav,Follow me Fly Girl said  smile,"""Follow me,"" Fly Girl said with a smile."
processed_audio/annotated_sentence_segments/uid_u2hytH2KWIS6ewdShfEZisygqIo2_sid_2Zyx7IELFHpKDvjgVHnB_1742347977_195799110_sentence_segment_close.wav,The bird flapped and flapped,The bird flapped and followed.
processed_audio/annotated_sentence_segments/uid_u2hytH2KWIS6ewdShfEZisygqIo2_sid_2Zyx7IELFHpKDvjgVHnB_1742347977_195799111_sentence_segment_close.wav,Together they flew through the clouds and over the hills,"Together, they flew through the clouds and over the hills."
processed_audio/annotated_sentence_segments/uid_u2hytH2KWIS6ewdShfEZisygqIo2_sid_2Zyx7IELFHpKDvjgVHnB_1742347977_195799112_sentence_segment_close.wav,hat wat At læs they reach the bird's hum,"At last, they reached the bird's home."
processed_audio/annotated_sentence_segments/uid_u2hytH2KWIS6ewdShfEZisygqIo2_sid_2Zyx7IELFHpKDvjgVHnB_1742347977_195799113_sentence_segment_close.wav,Happy and safe ɪ|t turned with joy,"Happy and safe, it chirped with joy."
processed_audio/annotated_sentence_segments/uid_u2hytH2KWIS6ewdShfEZisygqIo2_sid_2Zyx7IELFHpKDvjgVHnB_1742347977_195799114_sentence_segment_close.wav,Fly Girl waved goodbye and flew bæ to her world ready for a for a new adventure,"Fly Girl waved goodbye and flew back to her world, ready for new adventures."
processed_audio/annotated_sentence_segments/uid_b7tT96cSBaaiNnMJ2KcuOQPRkO83_sid_cEhgSTuLtXQzTUpjt1kl_1741562634_195799115_sentence_segment_close.wav,Lily and jank wɛn to the fim pɑɹ,Lily and Jake went to the theme park.
processed_audio/annotated_sentence_segments/uid_b7tT96cSBaaiNnMJ2KcuOQPRkO83_sid_cEhgSTuLtXQzTUpjt1kl_1741562634_195799116_sentence_segment_close.wav,They saw a big roll coaster called f:under tɹæ|k,"They saw a big roller coaster called ""Thunder Track."""
processed_audio/annotated_sentence_segments/uid_b7tT96cSBaaiNnMJ2KcuOQPRkO83_sid_cEhgSTuLtXQzTUpjt1kl_1741562634_195799117_sentence_segment_close.wav,l:y felt a lɪləl skɛəɹ|d but Jack was excited,"Lily felt a little scared, but Jake was excited."
processed_audio/annotated_sentence_segments/uid_b7tT96cSBaaiNnMJ2KcuOQPRkO83_sid_cEhgSTuLtXQzTUpjt1kl_1741562634_195799118_sentence_segment_close.wav,As they climb klaɪm|d into the seat the wɪn whooshed past,"As they climbed into the seat, the wind whooshed past."
processed_audio/annotated_sentence_segments/uid_b7tT96cSBaaiNnMJ2KcuOQPRkO83_sid_cEhgSTuLtXQzTUpjt1kl_1741562634_195799119_sentence_segment_close.wav,Up up up they went then zoo:m down the tɹæ|k,"Up, up, up they went, then zoomed down the track!"
processed_audio/annotated_sentence_segments/uid_b7tT96cSBaaiNnMJ2KcuOQPRkO83_sid_cEhgSTuLtXQzTUpjt1kl_1741562634_195799120_sentence_segment_close.wav,Lily screamed a laugh,Lily screamed and laughed.
processed_audio/annotated_sentence_segments/uid_b7tT96cSBaaiNnMJ2KcuOQPRkO83_sid_cEhgSTuLtXQzTUpjt1kl_1741562634_195799121_sentence_segment_close.wav,bʌ roll coas:|ter twis:|ted and tɜɹnt making their hair fly,"The roller coaster twisted and turned, making their hair fly."
processed_audio/annotated_sentence_segments/uid_b7tT96cSBaaiNnMJ2KcuOQPRkO83_sid_cEhgSTuLtXQzTUpjt1kl_1741562634_195799122_sentence_segment_close.wav,then When the ri:te stop Lily and Ja|ke grine æ|t itʃə other,"When the ride stopped, Lily and Jake grinned at each other."
processed_audio/annotated_sentence_segments/uid_b7tT96cSBaaiNnMJ2KcuOQPRkO83_sid_cEhgSTuLtXQzTUpjt1kl_1741562634_195799123_sentence_segment_close.wav,Let's go again Jake ʃaʊɪd,"""Let's go again!"" Jake shouted."
processed_audio/annotated_sentence_segments/uid_b7tT96cSBaaiNnMJ2KcuOQPRkO83_sid_cEhgSTuLtXQzTUpjt1kl_1741562634_195799124_sentence_segment_close.wav,Lily nodded feeling bɹeɪ,"Lily nodded, feeling brave."
processed_audio/annotated_sentence_segments/uid_b7tT96cSBaaiNnMJ2KcuOQPRkO83_sid_cEhgSTuLtXQzTUpjt1kl_1741562634_195799125_sentence_segment_close.wav,They ɹæm back to the line ready for another fɹɪlɪŋ ɹaɪ on the Thunder Track,"They ran back to the line, ready for another thrilling ride on the Thunder Track."
processed_audio/annotated_sentence_segments/uid_bKduvdIsrbbqPZ7Z3lCfQlF8WBn1_sid_vlZFDeWdkcL846ISBtph_1742517940_195799126_sentence_segment_close.wav,On a sunny Saturday Timmy woke up with excitement,"On a sunny Saturday, Timmy woke up with excitement."
processed_audio/annotated_sentence_segments/uid_bKduvdIsrbbqPZ7Z3lCfQlF8WBn1_sid_vlZFDeWdkcL846ISBtph_1742517940_195799127_sentence_segment_close.wav,It was football day,It was football day!
processed_audio/annotated_sentence_segments/uid_bKduvdIsrbbqPZ7Z3lCfQlF8WBn1_sid_vlZFDeWdkcL846ISBtph_1742517940_195799128_sentence_segment_close.wav,He put on his jersey and tied his shoes tightly,He put on his jersey and tied his shoes tightly.
processed_audio/annotated_sentence_segments/uid_bKduvdIsrbbqPZ7Z3lCfQlF8WBn1_sid_vlZFDeWdkcL846ISBtph_1742517940_195799129_sentence_segment_close.wav,Timmy's team the Tigers was ready to pweɪ againts the Bears,"Timmy's team, the Tigers, was ready to play against the Bears."
processed_audio/annotated_sentence_segments/uid_bKduvdIsrbbqPZ7Z3lCfQlF8WBn1_sid_vlZFDeWdkcL846ISBtph_1742517940_195799130_sentence_segment_close.wav,At the field the coach gathered the Tigers and reminded them pweɪ fair,"At the field, the coach gathered the Tigers and reminded them, ""Play fair!"
processed_audio/annotated_sentence_segments/uid_bKduvdIsrbbqPZ7Z3lCfQlF8WBn1_sid_vlZFDeWdkcL846ISBtph_1742517940_195799131_sentence_segment_close.wav,ʃə|ʃo Show your skills and keep trying,"Show your skills and keep trying!"""
processed_audio/annotated_sentence_segments/uid_bKduvdIsrbbqPZ7Z3lCfQlF8WBn1_sid_vlZFDeWdkcL846ISBtph_1742517940_195799132_sentence_segment_close.wav,The game began am the ball zoomed from players to player,"The game began, and the ball zoomed from player to player."
processed_audio/annotated_sentence_segments/uid_bKduvdIsrbbqPZ7Z3lCfQlF8WBn1_sid_vlZFDeWdkcL846ISBtph_1742517940_195799133_sentence_segment_close.wav,Timmy caught the ball and ran swiftly dodging the Bears,"Timmy caught the ball and ran swiftly, dodging the Bears."
processed_audio/annotated_sentence_segments/uid_bKduvdIsrbbqPZ7Z3lCfQlF8WBn1_sid_vlZFDeWdkcL846ISBtph_1742517940_195799134_sentence_segment_close.wav,His heart pounded but he focused,"His heart pounded, but he focused."
processed_audio/annotated_sentence_segments/uid_bKduvdIsrbbqPZ7Z3lCfQlF8WBn1_sid_vlZFDeWdkcL846ISBtph_1742517940_195799135_sentence_segment_close.wav,Nearin the goal he kicked the ball,"Near the goal, he kicked the ball."
processed_audio/annotated_sentence_segments/uid_bKduvdIsrbbqPZ7Z3lCfQlF8WBn1_sid_vlZFDeWdkcL846ISBtph_1742517940_195799136_sentence_segment_close.wav,It flew like a rocket and hit the net,It flew like a rocket and hit the net!
processed_audio/annotated_sentence_segments/uid_bKduvdIsrbbqPZ7Z3lCfQlF8WBn1_sid_vlZFDeWdkcL846ISBtph_1742517940_195799137_sentence_segment_close.wav,The fans cheered loudly,The fans cheered loudly.
processed_audio/annotated_sentence_segments/uid_bKduvdIsrbbqPZ7Z3lCfQlF8WBn1_sid_vlZFDeWdkcL846ISBtph_1742517940_195799138_sentence_segment_close.wav,The Tigers won the game,The Tigers won the game.
processed_audio/annotated_sentence_segments/uid_bKduvdIsrbbqPZ7Z3lCfQlF8WBn1_sid_vlZFDeWdkcL846ISBtph_1742517940_195799139_sentence_segment_close.wav,Timmy felt proud and happy,Timmy felt proud and happy.
processed_audio/annotated_sentence_segments/uid_bKduvdIsrbbqPZ7Z3lCfQlF8WBn1_sid_vlZFDeWdkcL846ISBtph_1742517940_195799140_sentence_segment_close.wav,They celebrated as a team knowing they did their best,"They celebrated as a team, knowing they did their best."
processed_audio/annotated_sentence_segments/uid_bKduvdIsrbbqPZ7Z3lCfQlF8WBn1_sid_vlZFDeWdkcL846ISBtph_1742517940_195799141_sentence_segment_close.wav,Football taught Timmy about teamwork effort and joy,"Football taught Timmy about teamwork, effort, and joy."
processed_audio/annotated_sentence_segments/uid_tHP0GvI5hccNGBzYfgE2pkEHXiW2_sid_YLXuurDAeYQaKiiuD7UK_1743542725_195799142_sentence_segment_close.wav,Pam had a big day,Pam had a big day.
processed_audio/annotated_sentence_segments/uid_tHP0GvI5hccNGBzYfgE2pkEHXiW2_sid_YLXuurDAeYQaKiiuD7UK_1743542725_195799143_sentence_segment_close.wav,It was hear bɜɹtdeɪ,It was her birthday!
processed_audio/annotated_sentence_segments/uid_tHP0GvI5hccNGBzYfgE2pkEHXiW2_sid_YLXuurDAeYQaKiiuD7UK_1743542725_195799144_sentence_segment_close.wav,Pam's hat was red,Pam's hat was red.
processed_audio/annotated_sentence_segments/uid_tHP0GvI5hccNGBzYfgE2pkEHXiW2_sid_YLXuurDAeYQaKiiuD7UK_1743542725_195799145_sentence_segment_close.wav,She had a big cake,She had a big cake.
processed_audio/annotated_sentence_segments/uid_tHP0GvI5hccNGBzYfgE2pkEHXiW2_sid_YLXuurDAeYQaKiiuD7UK_1743542725_195799146_sentence_segment_close.wav,Tim had a if: give for Pam,Tim had a gift for Pam.
processed_audio/annotated_sentence_segments/uid_tHP0GvI5hccNGBzYfgE2pkEHXiW2_sid_YLXuurDAeYQaKiiuD7UK_1743542725_195799147_sentence_segment_close.wav,It was in a bag,It was in a big bag.
processed_audio/annotated_sentence_segments/uid_tHP0GvI5hccNGBzYfgE2pkEHXiW2_sid_YLXuurDAeYQaKiiuD7UK_1743542725_195799148_sentence_segment_close.wav,Pat the cat sat by Pam,"Pat, the cat, sat by Pam."
processed_audio/annotated_sentence_segments/uid_tHP0GvI5hccNGBzYfgE2pkEHXiW2_sid_YLXuurDAeYQaKiiuD7UK_1743542725_195799149_sentence_segment_close.wav,Pam and Tim had fun,Pam and Tim had fun.
processed_audio/annotated_sentence_segments/uid_tHP0GvI5hccNGBzYfgE2pkEHXiW2_sid_YLXuurDAeYQaKiiuD7UK_1743542725_195799150_sentence_segment_close.wav,ðeɪ: sang and klæp|t,They sang and clapped.
processed_audio/annotated_sentence_segments/uid_tHP0GvI5hccNGBzYfgE2pkEHXiW2_sid_YLXuurDAeYQaKiiuD7UK_1743542725_195799151_sentence_segment_close.wav,Hap Happy happy said Pam,"""Happy, happy,"" said Pam."
processed_audio/annotated_sentence_segments/uid_tHP0GvI5hccNGBzYfgE2pkEHXiW2_sid_YLXuurDAeYQaKiiuD7UK_1743542725_195799152_sentence_segment_close.wav,The sun e|t set,The sun set.
processed_audio/annotated_sentence_segments/uid_tHP0GvI5hccNGBzYfgE2pkEHXiW2_sid_YLXuurDAeYQaKiiuD7UK_1743542725_195799153_sentence_segment_close.wav,Pam and pet p|at Pat nap,Pam and Pat nap.
processed_audio/annotated_sentence_segments/uid_Om0JhZ6RmTNQ5wDLPHKIC3LtY4g2_sid_TWfFvKRseCHS844V1CEb_1741737067_195799154_sentence_segment_close.wav,In the heart of the school Taraan kɛəɹə the kinder nurse sat at her dɛs,"In the heart of the school, Tara the kind nurse sat at her desk."
processed_audio/annotated_sentence_segments/uid_Om0JhZ6RmTNQ5wDLPHKIC3LtY4g2_sid_TWfFvKRseCHS844V1CEb_1741737067_195799155_sentence_segment_close.wav,She wore a smai a smart brike bɹaɪ|t s:kɑɹf and always hæ her cart fill with care kits,"She wore a smart, bright scarf and always had her cart filled with care kits."
processed_audio/annotated_sentence_segments/uid_Om0JhZ6RmTNQ5wDLPHKIC3LtY4g2_sid_TWfFvKRseCHS844V1CEb_1741737067_195799156_sentence_segment_close.wav,One day ədʒeɪk who like to draw sar stɑɹ:z bɑɹdʒɫ with a dʒɑ dropped on his arm,"One day, Jake, who liked to draw stars, barged in with a jar dropped on his arm."
processed_audio/annotated_sentence_segments/uid_Om0JhZ6RmTNQ5wDLPHKIC3LtY4g2_sid_TWfFvKRseCHS844V1CEb_1741737067_195799157_sentence_segment_close.wav,It wasn't hɑɹ but tɛəɹ was there with her tʃɑm,"It wasn't hard, but Tara was there with her charm."
processed_audio/annotated_sentence_segments/uid_Om0JhZ6RmTNQ5wDLPHKIC3LtY4g2_sid_TWfFvKRseCHS844V1CEb_1741737067_195799158_sentence_segment_close.wav,Don't worry Jake it's just a little scar she said patting his arm gently with a pad,"""Don't worry, Jake, it's just a little scar,"" she said, patting his arm gently with a pad."
processed_audio/annotated_sentence_segments/uid_Om0JhZ6RmTNQ5wDLPHKIC3LtY4g2_sid_TWfFvKRseCHS844V1CEb_1741737067_195799159_sentence_segment_close.wav,She bændʒɪd it fæs and gave him a smile that could ligh light up ðəʔm dark,She bandaged it fast and gave him a smile that could light up the dark.
processed_audio/annotated_sentence_segments/uid_Om0JhZ6RmTNQ5wDLPHKIC3LtY4g2_sid_TWfFvKRseCHS844V1CEb_1741737067_195799160_sentence_segment_close.wav,θæŋ Tara biya|ke beamed like a star as he dart bat back to class,"""Thanks, Tara!"" Jake beamed like a star as he darted back to class."
processed_audio/annotated_sentence_segments/uid_Om0JhZ6RmTNQ5wDLPHKIC3LtY4g2_sid_TWfFvKRseCHS844V1CEb_1741737067_195799161_sentence_segment_close.wav,Tara wave knowing shle she did her part,"Tara waved, knowing she did her part."
processed_audio/annotated_sentence_segments/uid_Om0JhZ6RmTNQ5wDLPHKIC3LtY4g2_sid_TWfFvKRseCHS844V1CEb_1741737067_195799162_sentence_segment_close.wav,anuh Another happy child and dʒʌs another day for the charming school nurse,"Another happy child, and just another day for the charming school nurse."
processed_audio/annotated_sentence_segments/uid_ILoW3cdKuQPYK9GCBc6aoCHzooz2_sid_DgY2XxtkUEMBV3Z2dlwK_1742518688_195799163_sentence_segment_close.wav,Unintelligible Sam a brave lad met a f:.flat bad bat  ba ba:d okay bat,"Sam, a brave lad, met a fat bat."
processed_audio/annotated_sentence_segments/uid_ILoW3cdKuQPYK9GCBc6aoCHzooz2_sid_DgY2XxtkUEMBV3Z2dlwK_1742518688_195799164_sentence_segment_close.wav,The bat sat on a mat,The bat sat on a mat.
processed_audio/annotated_sentence_segments/uid_ILoW3cdKuQPYK9GCBc6aoCHzooz2_sid_DgY2XxtkUEMBV3Z2dlwK_1742518688_195799165_sentence_segment_close.wav,Sam had a plan,Sam had a plan.
processed_audio/annotated_sentence_segments/uid_ILoW3cdKuQPYK9GCBc6aoCHzooz2_sid_DgY2XxtkUEMBV3Z2dlwK_1742518688_195799166_sentence_segment_close.wav,He got a can,He got a can.
processed_audio/annotated_sentence_segments/uid_ILoW3cdKuQPYK9GCBc6aoCHzooz2_sid_DgY2XxtkUEMBV3Z2dlwK_1742518688_195799167_sentence_segment_close.wav,The bat əɹæn,The bat ran.
processed_audio/annotated_sentence_segments/uid_ILoW3cdKuQPYK9GCBc6aoCHzooz2_sid_DgY2XxtkUEMBV3Z2dlwK_1742518688_195799168_sentence_segment_close.wav,Sam was glad,Sam was glad.
processed_audio/annotated_sentence_segments/uid_ILoW3cdKuQPYK9GCBc6aoCHzooz2_sid_DgY2XxtkUEMBV3Z2dlwK_1742518688_195799169_sentence_segment_close.wav,He had fun wɪf the bat,He had fun with the bat.
processed_audio/annotated_sentence_segments/uid_ILoW3cdKuQPYK9GCBc6aoCHzooz2_sid_DgY2XxtkUEMBV3Z2dlwK_1742518688_195799170_sentence_segment_close.wav,The end,The end.
processed_audio/annotated_sentence_segments/uid_ihIoefKsGwTDai7fGs9x3DyNvju2_sid_HdBPi4ofhPdCgvkijIIy_1742945079_195799171_sentence_segment_close.wav,Lily Lily the little turtle lived by a gren|t|l|ee gɹɛntli stream,Lily the little turtle lived by a gentle stream.
processed_audio/annotated_sentence_segments/uid_ihIoefKsGwTDai7fGs9x3DyNvju2_sid_HdBPi4ofhPdCgvkijIIy_1742945079_195799172_sentence_segment_close.wav,She loved to wiggle through the grass and explorer,She loved to wiggle through the grass and explore.
processed_audio/annotated_sentence_segments/uid_ihIoefKsGwTDai7fGs9x3DyNvju2_sid_HdBPi4ofhPdCgvkijIIy_1742945079_195799173_sentence_segment_close.wav,One bright morning Lily s:um s:t t stumbled upon a purple pebble,"One bright morning, Lily stumbled upon a purple pebble."
processed_audio/annotated_sentence_segments/uid_ihIoefKsGwTDai7fGs9x3DyNvju2_sid_HdBPi4ofhPdCgvkijIIy_1742945079_195799174_sentence_segment_close.wav,ɪ|t s:p.spɑɹkəld in the sunlight and she fent flt felt a tinkle of excitement,"It sparkled in the sunlight, and she felt a tickle of excitement."
processed_audio/annotated_sentence_segments/uid_ihIoefKsGwTDai7fGs9x3DyNvju2_sid_HdBPi4ofhPdCgvkijIIy_1742945079_195799175_sentence_segment_close.wav,She design to carefully carefully the pebble to her friend to wɪsəl old ber:uh,"She decided to carry the pebble to her friend, the wise old beetle."
processed_audio/annotated_sentence_segments/uid_ihIoefKsGwTDai7fGs9x3DyNvju2_sid_HdBPi4ofhPdCgvkijIIy_1742945079_195799176_sentence_segment_close.wav,then bebəl kɹɔt and said the pe the pebble is a turtle,"The beetle chuckled and said, ""This pebble is a treasure!"""
processed_audio/annotated_sentence_segments/uid_ihIoefKsGwTDai7fGs9x3DyNvju2_sid_HdBPi4ofhPdCgvkijIIy_1742945079_195799177_sentence_segment_close.wav,təjɛðəɹ they gill:erd ɛɹd found a special place to nest the pebble,"Together, they giggled and found a special place to nestle the pebble."
processed_audio/annotated_sentence_segments/uid_ihIoefKsGwTDai7fGs9x3DyNvju2_sid_HdBPi4ofhPdCgvkijIIy_1742945079_195799178_sentence_segment_close.wav,As the sun set sun set Lily found a warm tiny  happiness knowing her aʊhɪ had broken as  to her little world,"As the sun set, Lily felt a warm tingle of happiness, knowing her adventure had brought a new sparkle to her little world."
processed_audio/annotated_sentence_segments/uid_xxUUDYlSFESUIRvPTLDLReqO44G3_sid_Ghzut1tFF70il3mOLP49_1741822392_195799179_sentence_segment_close.wav,One sunny day Claire decide to explore the fair by the sea,"One sunny day, Claire decided to explore the fair by the sea."
processed_audio/annotated_sentence_segments/uid_xxUUDYlSFESUIRvPTLDLReqO44G3_sid_Ghzut1tFF70il3mOLP49_1741822392_195799180_sentence_segment_close.wav,She wore her favorite pair of sneakers and set off with her pet parrot b.bɛəɹ preached on her ʃtoʊldəɹ,"She wore her favorite pair of sneakers and set off with her pet parrot, Bear, perched on her shoulder."
processed_audio/annotated_sentence_segments/uid_xxUUDYlSFESUIRvPTLDLReqO44G3_sid_Ghzut1tFF70il3mOLP49_1741822392_195799181_sentence_segment_close.wav,The fair was l:aɪ.|laɪvli bursting with cheerful sounds,"The fair was lively, bursting with cheerful sounds."
processed_audio/annotated_sentence_segments/uid_xxUUDYlSFESUIRvPTLDLReqO44G3_sid_Ghzut1tFF70il3mOLP49_1741822392_195799182_sentence_segment_close.wav,A bear on a tiny on a tiny bike begin to spin  əɹaʊn making everyone stare in ayw:ee,"A bear on a tiny bike began to spin around, making everyone stare in awe."
processed_audio/annotated_sentence_segments/uid_xxUUDYlSFESUIRvPTLDLReqO44G3_sid_Ghzut1tFF70il3mOLP49_1741822392_195799183_sentence_segment_close.wav,Claire and Bear share a clear sweet cotton treat that made them cheer with delight,"Claire and Bear shared a clear, sweet cotton treat that made them cheer with delight."
processed_audio/annotated_sentence_segments/uid_xxUUDYlSFESUIRvPTLDLReqO44G3_sid_Ghzut1tFF70il3mOLP49_1741822392_195799184_sentence_segment_close.wav,As she they wonder Claire found an art stæn where the artist drew a ɹɛəɹf intri|cayte m:i.mare,"As they wandered, Claire found an art stand where the artist drew a rare, intricate mare."
processed_audio/annotated_sentence_segments/uid_xxUUDYlSFESUIRvPTLDLReqO44G3_sid_Ghzut1tFF70il3mOLP49_1741822392_195799185_sentence_segment_close.wav,The art was so vi:vide k.|klɛəɹ should Claire could hɑɹli t:ear her eyes away,"The art was so vivid, Claire could hardly tear her eyes away."
processed_audio/annotated_sentence_segments/uid_xxUUDYlSFESUIRvPTLDLReqO44G3_sid_Ghzut1tFF70il3mOLP49_1741822392_195799186_sentence_segment_close.wav,The ɑɹtɪs gave her a tear ʃeɪt stone as a m|m:en|mento,The artist gave her a tear-shaped stone as a memento.
processed_audio/annotated_sentence_segments/uid_xxUUDYlSFESUIRvPTLDLReqO44G3_sid_Ghzut1tFF70il3mOLP49_1741822392_195799187_sentence_segment_close.wav,Heading back Claire realized it was a day filled with rare dare momet,"Heading back, Claire realized it was a day filled with rare, dear moments."
processed_audio/annotated_sentence_segments/uid_xxUUDYlSFESUIRvPTLDLReqO44G3_sid_Ghzut1tFF70il3mOLP49_1741822392_195799188_sentence_segment_close.wav,She held Bear close feeling grateful for momet ðæ were as sweet as the fair air,"She held Bear close, feeling grateful for moments that were as sweet as the fair's air."
processed_audio/annotated_sentence_segments/uid_xxUUDYlSFESUIRvPTLDLReqO44G3_sid_Ghzut1tFF70il3mOLP49_1741822392_195799189_sentence_segment_close.wav,And so with her heart full of cheer Claire and Bear made their way hʌm s:shari stɔɹəz of the m:ɛɹ|ɪ|taɪm iksh eks:|caped with every step,"And so, with her heart full of cheer, Claire and Bear made their way home, sharing stories of their maritime escapade with every step."
processed_audio/annotated_sentence_segments/uid_ZegJLYO9QiacSJTQWx7CWauRcQr1_sid_MK2ZbYFUxbcs66dzxj0n_1742611715_195799190_sentence_segment_close.wav,Sally was excited,Sally was excited.
processed_audio/annotated_sentence_segments/uid_ZegJLYO9QiacSJTQWx7CWauRcQr1_sid_MK2ZbYFUxbcs66dzxj0n_1742611715_195799191_sentence_segment_close.wav,It was ʌm the day of the big softball game,It was the day of the big softball game.
processed_audio/annotated_sentence_segments/uid_ZegJLYO9QiacSJTQWx7CWauRcQr1_sid_MK2ZbYFUxbcs66dzxj0n_1742611715_195799192_sentence_segment_close.wav,She put on her soft ʌm red cap and joined her team on the field,"She put on her soft, red cap and joined her team on the field."
processed_audio/annotated_sentence_segments/uid_ZegJLYO9QiacSJTQWx7CWauRcQr1_sid_MK2ZbYFUxbcs66dzxj0n_1742611715_195799193_sentence_segment_close.wav,In the middle of the game Sally's Sally's friend Molly hit the ball high,"In the middle of the game, Sally's friend Molly hit the ball high."
processed_audio/annotated_sentence_segments/uid_ZegJLYO9QiacSJTQWx7CWauRcQr1_sid_MK2ZbYFUxbcs66dzxj0n_1742611715_195799194_sentence_segment_close.wav,Run Molly run ɛvɹiʌn shouted,"""Run, Molly, run!"" everyone shouted."
processed_audio/annotated_sentence_segments/uid_ZegJLYO9QiacSJTQWx7CWauRcQr1_sid_MK2ZbYFUxbcs66dzxj0n_1742611715_195799195_sentence_segment_close.wav,Molly dashed around the bases her cheeks ʌm rose ʌm rosy with deth.del.ded death:ly delight delightly,"Molly dashed around the bases, her cheeks rosy with delight."
processed_audio/annotated_sentence_segments/uid_ZegJLYO9QiacSJTQWx7CWauRcQr1_sid_MK2ZbYFUxbcs66dzxj0n_1742611715_195799196_sentence_segment_close.wav,and The ball flew over the fence and the crowd cheered laʊli,"The ball flew over the fence, and the crowd cheered loudly."
processed_audio/annotated_sentence_segments/uid_ZegJLYO9QiacSJTQWx7CWauRcQr1_sid_MK2ZbYFUxbcs66dzxj0n_1742611715_195799197_sentence_segment_close.wav,At the end of the game Sally's team won,"At the end of the game, Sally's team won."
processed_audio/annotated_sentence_segments/uid_ZegJLYO9QiacSJTQWx7CWauRcQr1_sid_MK2ZbYFUxbcs66dzxj0n_1742611715_195799198_sentence_segment_close.wav,They all jumped with joy hugging each other tightly,"They all jumped with joy, hugging each other tightly."
processed_audio/annotated_sentence_segments/uid_ZegJLYO9QiacSJTQWx7CWauRcQr1_sid_MK2ZbYFUxbcs66dzxj0n_1742611715_195799199_sentence_segment_close.wav,Sally felt proud and happy,Sally felt proud and happy.
processed_audio/annotated_sentence_segments/uid_ZegJLYO9QiacSJTQWx7CWauRcQr1_sid_MK2ZbYFUxbcs66dzxj0n_1742611715_195799200_sentence_segment_close.wav,It was the best softball game she had ever pleɪt,It was the best softball game she had ever played.
processed_audio/annotated_sentence_segments/uid_CanxAhhjiePs6niCtdVzPqVIzXt1_sid_Bq59QeS2MunIuem6zTgo_1742766370_195799201_sentence_segment_close.wav,Once upon a time a cat name Max lived in a cozy house,"Once upon a time, a cat named Max lived in a cozy house."
processed_audio/annotated_sentence_segments/uid_CanxAhhjiePs6niCtdVzPqVIzXt1_sid_Bq59QeS2MunIuem6zTgo_1742766370_195799202_sentence_segment_close.wav,Max had a fluffy teɪ and love to nap on the mat,Max had a fluffy tail and loved to nap on the mat.
processed_audio/annotated_sentence_segments/uid_CanxAhhjiePs6niCtdVzPqVIzXt1_sid_Bq59QeS2MunIuem6zTgo_1742766370_195799203_sentence_segment_close.wav,One day Max mɪn a new cat name Jack,"One day, Max met a new cat named Jack."
processed_audio/annotated_sentence_segments/uid_CanxAhhjiePs6niCtdVzPqVIzXt1_sid_Bq59QeS2MunIuem6zTgo_1742766370_195799204_sentence_segment_close.wav,Jack lo load a re wore a red hat and liked u chat,Jack wore a red hat and liked to chat.
processed_audio/annotated_sentence_segments/uid_CanxAhhjiePs6niCtdVzPqVIzXt1_sid_Bq59QeS2MunIuem6zTgo_1742766370_195799205_sentence_segment_close.wav,Together ðeɪ: sat on the mat and share snacks,"Together, they sat on the mat and shared snacks."
processed_audio/annotated_sentence_segments/uid_CanxAhhjiePs6niCtdVzPqVIzXt1_sid_Bq59QeS2MunIuem6zTgo_1742766370_195799206_sentence_segment_close.wav,Max brought a small snack of fish w a small sack of fish and Jack had a pack of kɹækəz,"Max brought a small sack of fish, and Jack had a pack of crackers."
processed_audio/annotated_sentence_segments/uid_CanxAhhjiePs6niCtdVzPqVIzXt1_sid_Bq59QeS2MunIuem6zTgo_1742766370_195799207_sentence_segment_close.wav,They munched apply: purring happily purring with delight,"They munched happily, purring with delight."
processed_audio/annotated_sentence_segments/uid_CanxAhhjiePs6niCtdVzPqVIzXt1_sid_Bq59QeS2MunIuem6zTgo_1742766370_195799208_sentence_segment_close.wav,As the sun set Max and Jack became bɛs p|ælz,"As the sun set, Max and Jack became best pals."
processed_audio/annotated_sentence_segments/uid_CanxAhhjiePs6niCtdVzPqVIzXt1_sid_Bq59QeS2MunIuem6zTgo_1742766370_195799209_sentence_segment_close.wav,They promise to meet again the next day to play on the mæ,They promised to meet again the next day to play on the mat.
processed_audio/annotated_sentence_segments/uid_CanxAhhjiePs6niCtdVzPqVIzXt1_sid_Bq59QeS2MunIuem6zTgo_1742766370_195799210_sentence_segment_close.wav,And so ðɛ|əɹ fwɛndʃɪp ɡwu,"And so, their friendship grew."
processed_audio/annotated_sentence_segments/uid_u2hytH2KWIS6ewdShfEZisygqIo2_sid_IDo5kVmXWN4WBqrVawSn_1741140843_195799211_sentence_segment_close.wav,Lila the mɜɹmeɪ loves visiting the dolphin store,"Lila, the mermaid, loved visiting the dolphin store."
processed_audio/annotated_sentence_segments/uid_u2hytH2KWIS6ewdShfEZisygqIo2_sid_IDo5kVmXWN4WBqrVawSn_1741140843_195799212_sentence_segment_close.wav,It was filled with shiny  tɹɪŋkləts What're trinklets keep going and treasures from the sea,It was filled with shiny trinkets and treasures from the sea.
processed_audio/annotated_sentence_segments/uid_u2hytH2KWIS6ewdShfEZisygqIo2_sid_IDo5kVmXWN4WBqrVawSn_1741140843_195799213_sentence_segment_close.wav,One day æ she swam close a friend dolphin named Dave sway waved his fin,"One day, as she swam close, a friendly dolphin named Dave waved his fin."
processed_audio/annotated_sentence_segments/uid_u2hytH2KWIS6ewdShfEZisygqIo2_sid_IDo5kVmXWN4WBqrVawSn_1741140843_195799214_sentence_segment_close.wav,He helped Lila pick out a lovely shell,He helped Lila pick out a lovely shell.
processed_audio/annotated_sentence_segments/uid_u2hytH2KWIS6ewdShfEZisygqIo2_sid_IDo5kVmXWN4WBqrVawSn_1741140843_195799215_sentence_segment_close.wav,Together they laughed and played,"Together, they laughed and played."
processed_audio/annotated_sentence_segments/uid_u2hytH2KWIS6ewdShfEZisygqIo2_sid_IDo5kVmXWN4WBqrVawSn_1741140843_195799216_sentence_segment_close.wav,æ the sun set Lila said Goodbye Dave,"As the sun set, Lila said, ""Goodbye, Dave!"
processed_audio/annotated_sentence_segments/uid_u2hytH2KWIS6ewdShfEZisygqIo2_sid_IDo5kVmXWN4WBqrVawSn_1741140843_195799217_sentence_segment_close.wav,I'll come back soon,"I'll come back soon."""
processed_audio/annotated_sentence_segments/uid_u2hytH2KWIS6ewdShfEZisygqIo2_sid_IDo5kVmXWN4WBqrVawSn_1741140843_195799218_sentence_segment_close.wav,Swim away she felt happy to have such a fin|taskikal fɹɛnt,"Swimming away, she felt happy to have such a fin-tastic friend."
processed_audio/annotated_sentence_segments/uid_Sn3Nw7A3OmOkiMXEFjEyRusLuuo2_sid_OSrqQaYImDBlvo8DWKij_1741823054_195799219_sentence_segment_close.wav,Aunt Sue and Shea took pæ:tʃ mhm mhm the dog to a fun catch kɑnt,"Aunt Sue and Shea took Patch, the dog, to a fun catch contest."
processed_audio/annotated_sentence_segments/uid_Sn3Nw7A3OmOkiMXEFjEyRusLuuo2_sid_OSrqQaYImDBlvo8DWKij_1741823054_195799220_sentence_segment_close.wav,At the park Patch say: you keep (slightly unintelligible) going a bi: sees a big p|ætʃ of grass,"At the park, Patch saw a big patch of green."
processed_audio/annotated_sentence_segments/uid_Sn3Nw7A3OmOkiMXEFjEyRusLuuo2_sid_OSrqQaYImDBlvo8DWKij_1741823054_195799221_sentence_segment_close.wav,With a quick fɛt he  snætʃɪtə mhm the ball,"With a quick fetch, he snatched the ball."
processed_audio/annotated_sentence_segments/uid_Sn3Nw7A3OmOkiMXEFjEyRusLuuo2_sid_OSrqQaYImDBlvo8DWKij_1741823054_195799222_sentence_segment_close.wav,Shea l:uv|f|d loved and grabbed Patch a scratch on his back,Shea laughed and gave Patch a scratch on his back.
processed_audio/annotated_sentence_segments/uid_Sn3Nw7A3OmOkiMXEFjEyRusLuuo2_sid_OSrqQaYImDBlvo8DWKij_1741823054_195799223_sentence_segment_close.wav,Aunt saʊ  what wasit (I) cannot tell you  cheered ɡɹæt catched pæt,"Aunt Sue cheered, ""Great catch, Patch!"""
processed_audio/annotated_sentence_segments/uid_Sn3Nw7A3OmOkiMXEFjEyRusLuuo2_sid_OSrqQaYImDBlvo8DWKij_1741823054_195799224_sentence_segment_close.wav,They emd ended the day with a treat a yummy batch of c|oo:|k cookies,"They ended the day with a treat, a yummy batch of cookies."
processed_audio/annotated_sentence_segments/uid_Sn3Nw7A3OmOkiMXEFjEyRusLuuo2_sid_OSrqQaYImDBlvo8DWKij_1741823054_195799225_sentence_segment_close.wav,Shea smelled a patʃ you: də best fetcher,"Shea smiled, ""Patch, you're the best fetcher!"""
processed_audio/annotated_sentence_segments/uid_jWPmLFrSHDZItPTjjPUB8KAsjlq2_sid_wxade2TANAqG5I0nEqLn_1742588986_195799226_sentence_segment_close.wav,Roy was a joyful boy who lived in a small town,Roy was a joyful boy who lived in a small town.
processed_audio/annotated_sentence_segments/uid_jWPmLFrSHDZItPTjjPUB8KAsjlq2_sid_wxade2TANAqG5I0nEqLn_1742588986_195799227_sentence_segment_close.wav,One day he found a toy boat by the lake,"One day, he found a toy boat by the lake."
processed_audio/annotated_sentence_segments/uid_jWPmLFrSHDZItPTjjPUB8KAsjlq2_sid_wxade2TANAqG5I0nEqLn_1742588986_195799228_sentence_segment_close.wav,Overjoyed he decided to join the other kids in a boat ɹe|ɪs on the pond,"Overjoyed, he decided to join the other kids in a boat race on the pond."
processed_audio/annotated_sentence_segments/uid_jWPmLFrSHDZItPTjjPUB8KAsjlq2_sid_wxade2TANAqG5I0nEqLn_1742588986_195799229_sentence_segment_close.wav,As the toy boat sailed it brought Roy immense joy,"As the toy boat sailed, it brought Roy immense joy."
processed_audio/annotated_sentence_segments/uid_jWPmLFrSHDZItPTjjPUB8KAsjlq2_sid_wxade2TANAqG5I0nEqLn_1742588986_195799230_sentence_segment_close.wav,In the ɛn Roy's boat won the weh race and his joy went beyond measure,"In the end, Roy's boat won the race, and his joy went beyond measure."
processed_audio/annotated_sentence_segments/uid_jWPmLFrSHDZItPTjjPUB8KAsjlq2_sid_wxade2TANAqG5I0nEqLn_1742588986_195799231_sentence_segment_close.wav,He tʃɛɹɪst hit th:e this vikya|tory and the joy it bɹɔ|t him forever,"He cherished this victory and the joy it brought him, forever."
processed_audio/annotated_sentence_segments/uid_tHP0GvI5hccNGBzYfgE2pkEHXiW2_sid_k23UwEyVvFJZPFemhezx_1743457124_195799232_sentence_segment_close.wav,hæl: has a hat,Hal has a hat.
processed_audio/annotated_sentence_segments/uid_tHP0GvI5hccNGBzYfgE2pkEHXiW2_sid_k23UwEyVvFJZPFemhezx_1743457124_195799233_sentence_segment_close.wav,hiə hopes on the ice,He hops on the ice.
processed_audio/annotated_sentence_segments/uid_tHP0GvI5hccNGBzYfgE2pkEHXiW2_sid_k23UwEyVvFJZPFemhezx_1743457124_195799234_sentence_segment_close.wav,hæl: hits the puck,Hal hits the puck.
processed_audio/annotated_sentence_segments/uid_tHP0GvI5hccNGBzYfgE2pkEHXiW2_sid_k23UwEyVvFJZPFemhezx_1743457124_195799235_sentence_segment_close.wav,he His hockey tiəm is happy,His hockey team is happy.
processed_audio/annotated_sentence_segments/uid_tHP0GvI5hccNGBzYfgE2pkEHXiW2_sid_k23UwEyVvFJZPFemhezx_1743457124_195799236_sentence_segment_close.wav,He has f:ʌn as he skates fast,He has fun as he skates fast.
processed_audio/annotated_sentence_segments/uid_tHP0GvI5hccNGBzYfgE2pkEHXiW2_sid_k23UwEyVvFJZPFemhezx_1743457124_195799237_sentence_segment_close.wav,hɛl is a is the hero of the team mæ|tʃ,Hal is the hero of the match.
processed_audio/annotated_sentence_segments/uid_ihIoefKsGwTDai7fGs9x3DyNvju2_sid_rBoEZIAOq8OfRMrXzXC8_1743076731_195799238_sentence_segment_close.wav,Jake has a cute dog name Stephanie,Jake has a cute dog named Steve.
processed_audio/annotated_sentence_segments/uid_ihIoefKsGwTDai7fGs9x3DyNvju2_sid_rBoEZIAOq8OfRMrXzXC8_1743076731_195799239_sentence_segment_close.wav,stevy      why  ,Steve loves to play in the wide green yard.
processed_audio/annotated_sentence_segments/uid_ihIoefKsGwTDai7fGs9x3DyNvju2_sid_rBoEZIAOq8OfRMrXzXC8_1743076731_195799240_sentence_segment_close.wav,Every day Jake and stɛv  like to ɹeɪsə,"Every day, Jake and Steve like to race."
processed_audio/annotated_sentence_segments/uid_ihIoefKsGwTDai7fGs9x3DyNvju2_sid_rBoEZIAOq8OfRMrXzXC8_1743076731_195799241_sentence_segment_close.wav,Stephanie is fæs chasing æ fetching stick  with easily,"Steve is fast, chasing and fetching sticks with ease."
processed_audio/annotated_sentence_segments/uid_ihIoefKsGwTDai7fGs9x3DyNvju2_sid_rBoEZIAOq8OfRMrXzXC8_1743076731_195799242_sentence_segment_close.wav,When the game is done Jake gives Stephanie a tɹi,"When the game is done, Jake gives Steve a treat."
processed_audio/annotated_sentence_segments/uid_ihIoefKsGwTDai7fGs9x3DyNvju2_sid_rBoEZIAOq8OfRMrXzXC8_1743076731_195799243_sentence_segment_close.wav,Stephanie sits and ɹægs his tail fih.feeling with proud ɛŋ gl| glee,"Steve sits and wags his tail, filled with pride and glee."
processed_audio/annotated_sentence_segments/uid_ihIoefKsGwTDai7fGs9x3DyNvju2_sid_rBoEZIAOq8OfRMrXzXC8_1743076731_195799244_sentence_segment_close.wav,Every time Jake smaɪlɪʃ he feels happy to have his brave dog by his side,"Every time Jake smiles, he feels happy to have his brave dog by his side."
processed_audio/annotated_sentence_segments/uid_ihIoefKsGwTDai7fGs9x3DyNvju2_sid_rBoEZIAOq8OfRMrXzXC8_1743076731_195799245_sentence_segment_close.wav,At the end of the day Jake and Stephanie head Okay I can't read in my head Why  until the tree kəntɛn carefree,"At the end of the day, Jake and Steve rest under the tree, content and carefree."
processed_audio/annotated_sentence_segments/uid_tHP0GvI5hccNGBzYfgE2pkEHXiW2_sid_fmzUe4LBPLbr2KpTaDvx_1743456471_195799246_sentence_segment_close.wav,Ed the deer sees ðə: ɹɛð pen,Ed the deer sees the red pen.
processed_audio/annotated_sentence_segments/uid_tHP0GvI5hccNGBzYfgE2pkEHXiW2_sid_fmzUe4LBPLbr2KpTaDvx_1743456471_195799247_sentence_segment_close.wav,He gets the pen,He gets the pen.
processed_audio/annotated_sentence_segments/uid_tHP0GvI5hccNGBzYfgE2pkEHXiW2_sid_fmzUe4LBPLbr2KpTaDvx_1743456471_195799248_sentence_segment_close.wav,Ed t|e|p|s teps steps,Ed steps.
processed_audio/annotated_sentence_segments/uid_tHP0GvI5hccNGBzYfgE2pkEHXiW2_sid_fmzUe4LBPLbr2KpTaDvx_1743456471_195799249_sentence_segment_close.wav,The pen fell,The pen fell.
processed_audio/annotated_sentence_segments/uid_tHP0GvI5hccNGBzYfgE2pkEHXiW2_sid_fmzUe4LBPLbr2KpTaDvx_1743456471_195799250_sentence_segment_close.wav,Ed i|l|s feels bad,Ed feels bad.
processed_audio/annotated_sentence_segments/uid_tHP0GvI5hccNGBzYfgE2pkEHXiW2_sid_fmzUe4LBPLbr2KpTaDvx_1743456471_195799251_sentence_segment_close.wav,But then the pen pops up,"But then, the pen pops up."
processed_audio/annotated_sentence_segments/uid_tHP0GvI5hccNGBzYfgE2pkEHXiW2_sid_fmzUe4LBPLbr2KpTaDvx_1743456471_195799252_sentence_segment_close.wav,Ed is happy,Ed is happy!
processed_audio/annotated_sentence_segments/uid_tHP0GvI5hccNGBzYfgE2pkEHXiW2_sid_fmzUe4LBPLbr2KpTaDvx_1743456471_195799253_sentence_segment_close.wav,The ɛn,The end.
processed_audio/annotated_sentence_segments/uid_M3RVTGHWrAMCChSiCDrpejluqjQ2_sid_sfqObzhvO3itXnX1XMIO_1743016882_195799254_sentence_segment_close.wav,Once upon a time in a small town there was a tʃaɪl name Sam who love McDonald's,"Once upon a time, in a small town, there was a child named Sam who loved McDonald's."
processed_audio/annotated_sentence_segments/uid_M3RVTGHWrAMCChSiCDrpejluqjQ2_sid_sfqObzhvO3itXnX1XMIO_1743016882_195799255_sentence_segment_close.wav,One day Sam discovered a discount kʌmlə while cleaning his room,"One day, Sam discovered a discount coupon while cleaning his room."
processed_audio/annotated_sentence_segments/uid_M3RVTGHWrAMCChSiCDrpejluqjQ2_sid_sfqObzhvO3itXnX1XMIO_1743016882_195799256_sentence_segment_close.wav,Excited he decided to use it and invited his friends Dan to join him,"Excited, he decided to use it and invited his friend Dan to join him."
processed_audio/annotated_sentence_segments/uid_M3RVTGHWrAMCChSiCDrpejluqjQ2_sid_sfqObzhvO3itXnX1XMIO_1743016882_195799257_sentence_segment_close.wav,At McDonald's Sam and Dan discussed the menu for a long time,"At McDonald's, Sam and Dan discussed the menu for a long time."
processed_audio/annotated_sentence_segments/uid_M3RVTGHWrAMCChSiCDrpejluqjQ2_sid_sfqObzhvO3itXnX1XMIO_1743016882_195799258_sentence_segment_close.wav,They both decided to order a delicious burger and crispy fry,They both decided to order a delicious burger and crispy fries.
processed_audio/annotated_sentence_segments/uid_M3RVTGHWrAMCChSiCDrpejluqjQ2_sid_sfqObzhvO3itXnX1XMIO_1743016882_195799259_sentence_segment_close.wav,And As they waited they talked about their school in the fun they had during recess,"As they waited, they talked about their school and the fun they had during recess."
processed_audio/annotated_sentence_segments/uid_M3RVTGHWrAMCChSiCDrpejluqjQ2_sid_sfqObzhvO3itXnX1XMIO_1743016882_195799260_sentence_segment_close.wav,Smooth their order was ɹ:.ɹɛdi and they real:fye every bite enjoying the delight taste,"Soon, their order was ready, and they relished every bite, enjoying the delightful taste."
processed_audio/annotated_sentence_segments/uid_M3RVTGHWrAMCChSiCDrpejluqjQ2_sid_sfqObzhvO3itXnX1XMIO_1743016882_195799261_sentence_segment_close.wav,After their meal they laughed and played in the playground beside the restaurant,"After their meal, they laughed and played in the playground beside the restaurant."
processed_audio/annotated_sentence_segments/uid_M3RVTGHWrAMCChSiCDrpejluqjQ2_sid_sfqObzhvO3itXnX1XMIO_1743016882_195799262_sentence_segment_close.wav,hə day was filled with joy and læfəɹ,The day was filled with joy and laughter.
processed_audio/annotated_sentence_segments/uid_M3RVTGHWrAMCChSiCDrpejluqjQ2_sid_sfqObzhvO3itXnX1XMIO_1743016882_195799263_sentence_segment_close.wav,As the sun began to set it was time to go home,"As the sun began to set, it was time to head home."
processed_audio/annotated_sentence_segments/uid_M3RVTGHWrAMCChSiCDrpejluqjQ2_sid_sfqObzhvO3itXnX1XMIO_1743016882_195799264_sentence_segment_close.wav,They wave goodbye to the friendly staff promising to return s.|sun,"They waved goodbye to the friendly staff, promising to return soon."
processed_audio/annotated_sentence_segments/uid_M3RVTGHWrAMCChSiCDrpejluqjQ2_sid_sfqObzhvO3itXnX1XMIO_1743016882_195799265_sentence_segment_close.wav,th:.the theh Their day at McDonald was ʌnfəɹməgəl for of discover and dɪlaɪ,"Their day at McDonald's was unforgettable, full of discovery and delight."
processed_audio/annotated_sentence_segments/uid_XmxSYUZAj4dRqSczt2clQkDf31M2_sid_wHC0iV2kngJNvbooPdeU_1742782139_195799266_sentence_segment_close.wav,wʌnt eɪpɑn a time in a far cave living a dinosaur princess name Jade,"Once upon a time, in a far cave, lived a dragon princess named Jade."
processed_audio/annotated_sentence_segments/uid_XmxSYUZAj4dRqSczt2clQkDf31M2_sid_wHC0iV2kngJNvbooPdeU_1742782139_195799267_sentence_segment_close.wav,dʒeɪ love to ride her bike up the lɒ:ŋ mill to her home,Jade loved to ride her bike up the long mile to her home.
processed_audio/annotated_sentence_segments/uid_XmxSYUZAj4dRqSczt2clQkDf31M2_sid_wHC0iV2kngJNvbooPdeU_1742782139_195799268_sentence_segment_close.wav,She laɪk|t to ju her time wisely ku and w.wʊd offer ɹi t.chess by the tea stee s:i,She liked to use her time wisely and would often read tales by the sea.
processed_audio/annotated_sentence_segments/uid_XmxSYUZAj4dRqSczt2clQkDf31M2_sid_wHC0iV2kngJNvbooPdeU_1742782139_195799269_sentence_segment_close.wav,Once deh One day made wih wild on the ride dʒeɪ met ma a mouse named Spike who lost ðəhɪz may,"One day, while on a ride, Jade met a mouse named Spike who lost his way."
processed_audio/annotated_sentence_segments/uid_XmxSYUZAj4dRqSczt2clQkDf31M2_sid_wHC0iV2kngJNvbooPdeU_1742782139_195799270_sentence_segment_close.wav,Jade made Spike feel safe and gay and gave him some cake,Jade made Spike feel safe and gave him some cake.
processed_audio/annotated_sentence_segments/uid_XmxSYUZAj4dRqSczt2clQkDf31M2_sid_wHC0iV2kngJNvbooPdeU_1742782139_195799271_sentence_segment_close.wav,They rode back together and now best friends,"They rode back together, now best friends."
processed_audio/annotated_sentence_segments/uid_XmxSYUZAj4dRqSczt2clQkDf31M2_sid_wHC0iV2kngJNvbooPdeU_1742782139_195799272_sentence_segment_close.wav,Ever ride was an ex:pier (experience) ənvɛntʃəɹ from them from them,Every ride was an adventure for them.
processed_audio/annotated_sentence_segments/uid_XmxSYUZAj4dRqSczt2clQkDf31M2_sid_wHC0iV2kngJNvbooPdeU_1742782139_195799273_sentence_segment_close.wav,They have fun side by side close friends forever,"They had fun side by side, close friends forever."
processed_audio/annotated_sentence_segments/uid_XmxSYUZAj4dRqSczt2clQkDf31M2_sid_wHC0iV2kngJNvbooPdeU_1742782139_195799274_sentence_segment_close.wav,Jade and Spike live happily ever after,Jade and Spike lived happily ever after.
processed_audio/annotated_sentence_segments/uid_tHP0GvI5hccNGBzYfgE2pkEHXiW2_sid_0ozJFJTWJov6qw3mQ9j5_1743377835_195799275_sentence_segment_close.wav,The big ɹɛ:d truck did spin ɛ:ənd zip,The big red truck did spin and zip.
processed_audio/annotated_sentence_segments/uid_tHP0GvI5hccNGBzYfgE2pkEHXiW2_sid_0ozJFJTWJov6qw3mQ9j5_1743377835_195799276_sentence_segment_close.wav,It hit a big hill,It hit a big hill.
processed_audio/annotated_sentence_segments/uid_tHP0GvI5hccNGBzYfgE2pkEHXiW2_sid_0ozJFJTWJov6qw3mQ9j5_1743377835_195799277_sentence_segment_close.wav,The kids in the smaɪl:z glad to win,"The kids in the smiles, glad to win."
processed_audio/annotated_sentence_segments/uid_tHP0GvI5hccNGBzYfgE2pkEHXiW2_sid_0ozJFJTWJov6qw3mQ9j5_1743377835_195799278_sentence_segment_close.wav,The big ring /l|i|f|t|tid/ lifnid lifted,The big rig lifted.
processed_audio/annotated_sentence_segments/uid_tHP0GvI5hccNGBzYfgE2pkEHXiW2_sid_0ozJFJTWJov6qw3mQ9j5_1743377835_195799279_sentence_segment_close.wav,It did flips,It did flips.
processed_audio/annotated_sentence_segments/uid_tHP0GvI5hccNGBzYfgE2pkEHXiW2_sid_0ozJFJTWJov6qw3mQ9j5_1743377835_195799280_sentence_segment_close.wav,Did you see it said Tim,"""Did you see it?"" said Tim."
processed_audio/annotated_sentence_segments/uid_tHP0GvI5hccNGBzYfgE2pkEHXiW2_sid_0ozJFJTWJov6qw3mQ9j5_1743377835_195799281_sentence_segment_close.wav,ih I did sɛ:d his pal,"""I did!"" said his pal."
processed_audio/annotated_sentence_segments/uid_Gt0cspsUtRSvEXXHZKUWlVAfyVq2_sid_CD1a9Qg1P29qYpv9NciL_1742606790_195799282_sentence_segment_close.wav,In a læn where dɹæɡɪnʃ shopped for treat a store filled with wonders awaited,"In a land where dragons shopped for treats, a store filled with wonders awaited."
processed_audio/annotated_sentence_segments/uid_Gt0cspsUtRSvEXXHZKUWlVAfyVq2_sid_CD1a9Qg1P29qYpv9NciL_1742606790_195799283_sentence_segment_close.wav,Dragons wandered searching for shiny scale scwale scales to polish,"Dragons wandered, searching for shiny scales to polish."
processed_audio/annotated_sentence_segments/uid_Gt0cspsUtRSvEXXHZKUWlVAfyVq2_sid_CD1a9Qg1P29qYpv9NciL_1742606790_195799284_sentence_segment_close.wav,Some dragons were holding bæskɪtɬ collecting gold rings that shimmered under store lights,"Some dragons were holding baskets, collecting golden rings that shimmered under the store lights."
processed_audio/annotated_sentence_segments/uid_Gt0cspsUtRSvEXXHZKUWlVAfyVq2_sid_CD1a9Qg1P29qYpv9NciL_1742606790_195799285_sentence_segment_close.wav,Little flames danced as young dragon skipped along skipped along the aisles giggling,"Little flames danced as young dragons skipped along the aisles, giggling."
processed_audio/annotated_sentence_segments/uid_Gt0cspsUtRSvEXXHZKUWlVAfyVq2_sid_CD1a9Qg1P29qYpv9NciL_1742606790_195799286_sentence_segment_close.wav,sh The shelves were packed wɪs sparkling gems and delicious snacks,The shelves were packed with sparkling gems and delicious snacks.
processed_audio/annotated_sentence_segments/uid_Gt0cspsUtRSvEXXHZKUWlVAfyVq2_sid_CD1a9Qg1P29qYpv9NciL_1742606790_195799287_sentence_segment_close.wav,dɹæɡɪz enjoyed browsing and good soon weɪt and soon they  wəɹl lining up excitedly to carry their treasure home,"Dragons enjoyed browsing, and soon, they were lining up, excited to carry their treasures home."
processed_audio/annotated_sentence_segments/uid_Gt0cspsUtRSvEXXHZKUWlVAfyVq2_sid_CD1a9Qg1P29qYpv9NciL_1742606790_195799288_sentence_segment_close.wav,As the day ended happy dɹæɡɪnɬ flew out their wings flapping hearts f.fʊl of delight,"As the day ended, happy dragons flew out, their wings flapping, hearts full of delight."
processed_audio/annotated_sentence_segments/uid_Gt0cspsUtRSvEXXHZKUWlVAfyVq2_sid_CD1a9Qg1P29qYpv9NciL_1742606790_195799289_sentence_segment_close.wav,The store gla glowed in the evening mark.k another magical day,"The store glowed in the evening, marking another magical day."
processed_audio/annotated_sentence_segments/uid_ECPqsmdUcMhqkJwXAfhhs3XTgoa2_sid_4gZB1gGVwNVq0ZADHcVo_1741643714_195799290_sentence_segment_close.wav,In a In the land of maps and globes lived test Tess,"In the land of maps and globes, lived Tess."
processed_audio/annotated_sentence_segments/uid_ECPqsmdUcMhqkJwXAfhhs3XTgoa2_sid_4gZB1gGVwNVq0ZADHcVo_1741643714_195799291_sentence_segment_close.wav,Tess loved twiz lakes and hills her best treasures,"Tess loved trees, lakes, and hills ¨C her best treasures."
processed_audio/annotated_sentence_segments/uid_ECPqsmdUcMhqkJwXAfhhs3XTgoa2_sid_4gZB1gGVwNVq0ZADHcVo_1741643714_195799292_sentence_segment_close.wav,She often dreamt of travel and travel thinking of places with names that bring smiles cities and villages and bridges and place and palaces,"She often dreamt of travel, thinking of places with names that bring smiles: cities and villages with bridges and palaces."
processed_audio/annotated_sentence_segments/uid_ECPqsmdUcMhqkJwXAfhhs3XTgoa2_sid_4gZB1gGVwNVq0ZADHcVo_1741643714_195799293_sentence_segment_close.wav,Each day Tess faʊn new places in her mab book like i.island wit beaches or high towers where wind sings,"Each day, Tess found new places in her map book, like islands with beaches or a high tower where the wind sings."
processed_audio/annotated_sentence_segments/uid_ECPqsmdUcMhqkJwXAfhhs3XTgoa2_sid_4gZB1gGVwNVq0ZADHcVo_1741643714_195799294_sentence_segment_close.wav,One day Tess decided to explore,"One sunny day, Tess decided to explore."
processed_audio/annotated_sentence_segments/uid_ECPqsmdUcMhqkJwXAfhhs3XTgoa2_sid_4gZB1gGVwNVq0ZADHcVo_1741643714_195799295_sentence_segment_close.wav,wɪt her map anduh and compass she went to she went to find new wonders,"With her maps and compass, she went to find new wonders."
processed_audio/annotated_sentence_segments/uid_ECPqsmdUcMhqkJwXAfhhs3XTgoa2_sid_4gZB1gGVwNVq0ZADHcVo_1741643714_195799296_sentence_segment_close.wav,She walk tɹu twiz and reached a hill wɪt many rocks and pwɛbəlz,She walked through the trees and reached a hill with many rocks and pebbles.
processed_audio/annotated_sentence_segments/uid_ECPqsmdUcMhqkJwXAfhhs3XTgoa2_sid_4gZB1gGVwNVq0ZADHcVo_1741643714_195799297_sentence_segment_close.wav,Near the top Tess spotted a new surprise hidden nest wit twi ɛks a sign of lie saw so small yet vast,"Near the top, Tess spotted a new surprise: a hidden nest with three eggs, a sign of life so small yet vast."
processed_audio/annotated_sentence_segments/uid_ECPqsmdUcMhqkJwXAfhhs3XTgoa2_sid_4gZB1gGVwNVq0ZADHcVo_1741643714_195799298_sentence_segment_close.wav,Tess was Tess vas tə.θɹɪld,Tess was thrilled.
processed_audio/annotated_sentence_segments/uid_ECPqsmdUcMhqkJwXAfhhs3XTgoa2_sid_4gZB1gGVwNVq0ZADHcVo_1741643714_195799299_sentence_segment_close.wav,She knew she'd always how more joys to discover it in land full of m:ap maps and dreams,She knew she'd always have more joys to discover in lands full of maps and dreams.
processed_audio/annotated_sentence_segments/uid_ECPqsmdUcMhqkJwXAfhhs3XTgoa2_sid_4gZB1gGVwNVq0ZADHcVo_1741643714_195799300_sentence_segment_close.wav,dæt night Tess slept wɪt a heart ʌ heart full ʌvz places ʃud love to see once more,"That night, Tess slept with a heart full of places she'd love to see once more."
processed_audio/annotated_sentence_segments/uid_ZegJLYO9QiacSJTQWx7CWauRcQr1_sid_mQnLtb1R9vlOkUe24Ezq_1742612005_195799301_sentence_segment_close.wav,Once in a sunny grove a lil ɑlv tree named Ollie ʌm grew,"Once in a sunny grove, a little olive tree named Ollie grew."
processed_audio/annotated_sentence_segments/uid_ZegJLYO9QiacSJTQWx7CWauRcQr1_sid_mQnLtb1R9vlOkUe24Ezq_1742612005_195799302_sentence_segment_close.wav,His leaves loved ʌm to dance in the warm breeze,His leaves loved to dance in the warm breeze.
processed_audio/annotated_sentence_segments/uid_ZegJLYO9QiacSJTQWx7CWauRcQr1_sid_mQnLtb1R9vlOkUe24Ezq_1742612005_195799303_sentence_segment_close.wav,One day Ollie heard a d a dove sɪŋɪn above,"One day, Ollie heard a dove singing above."
processed_audio/annotated_sentence_segments/uid_ZegJLYO9QiacSJTQWx7CWauRcQr1_sid_mQnLtb1R9vlOkUe24Ezq_1742612005_195799304_sentence_segment_close.wav,I wish I kə fly Ollie s ʌm sighed,"""I wish I could fly,"" Ollie sighed."
processed_audio/annotated_sentence_segments/uid_ZegJLYO9QiacSJTQWx7CWauRcQr1_sid_mQnLtb1R9vlOkUe24Ezq_1742612005_195799305_sentence_segment_close.wav,The wise old owl nearby overhead him,The wise old owl nearby overheard him.
processed_audio/annotated_sentence_segments/uid_ZegJLYO9QiacSJTQWx7CWauRcQr1_sid_mQnLtb1R9vlOkUe24Ezq_1742612005_195799306_sentence_segment_close.wav,Olive trees don't fly the owl hu|tɪd k ʌm kaɪn|dli but you provide shade and olives for all,"""Olive trees don't fly,"" the owl hooted kindly, ""but you provide shade and olives for all."""
processed_audio/annotated_sentence_segments/uid_ZegJLYO9QiacSJTQWx7CWauRcQr1_sid_mQnLtb1R9vlOkUe24Ezq_1742612005_195799307_sentence_segment_close.wav,Ollie s: ʌm smiled reeling realizing his ɡɪf,"Ollie smiled, realizing his gift."
processed_audio/annotated_sentence_segments/uid_ZegJLYO9QiacSJTQWx7CWauRcQr1_sid_mQnLtb1R9vlOkUe24Ezq_1742612005_195799308_sentence_segment_close.wav,As the sun set the dove kəhutəd a soft lullaby and Ollie felt proud,"As the sun set, the dove cooed a soft lullaby, and Ollie felt proud."
processed_audio/annotated_sentence_segments/uid_ZegJLYO9QiacSJTQWx7CWauRcQr1_sid_mQnLtb1R9vlOkUe24Ezq_1742612005_195799309_sentence_segment_close.wav,He might not fly but in his own way he was special,"He might not fly, but in his own way, he was special."
processed_audio/annotated_sentence_segments/uid_4w6SC0KmlKV4YmJTalgWiZalQHi2_sid_316TtP9ktIPYclmSqdKR_1742509400_195799310_sentence_segment_close.wav,The cheetah was the fɑsɪst animal in the savannah,The cheetah was the fastest animal in the savannah.
processed_audio/annotated_sentence_segments/uid_4w6SC0KmlKV4YmJTalgWiZalQHi2_sid_316TtP9ktIPYclmSqdKR_1742509400_195799311_sentence_segment_close.wav,It had sharp claws and a beautiful spɑtid coat,It had sharp claws and a beautiful spotted coat.
processed_audio/annotated_sentence_segments/uid_4w6SC0KmlKV4YmJTalgWiZalQHi2_sid_316TtP9ktIPYclmSqdKR_1742509400_195799312_sentence_segment_close.wav,One day the cheetah was wʌniŋ through the tall grass when z it spotted a rabbit,"One day, the cheetah was running through the tall grass when it spotted a rabbit."
processed_audio/annotated_sentence_segments/uid_4w6SC0KmlKV4YmJTalgWiZalQHi2_sid_316TtP9ktIPYclmSqdKR_1742509400_195799313_sentence_segment_close.wav,It quickly pɹaʊnst and caught the rabbit in its jaws,It quickly pounced and caught the rabbit in its jaws.
processed_audio/annotated_sentence_segments/uid_4w6SC0KmlKV4YmJTalgWiZalQHi2_sid_316TtP9ktIPYclmSqdKR_1742509400_195799314_sentence_segment_close.wav,and the cheetah enjoyed its meal it həɹ:d it heard a rustling ɹʌslɪŋ in the bushes,"As the cheetah enjoyed its meal, it heard a rustling in the bushes."
processed_audio/annotated_sentence_segments/uid_4w6SC0KmlKV4YmJTalgWiZalQHi2_sid_316TtP9ktIPYclmSqdKR_1742509400_195799315_sentence_segment_close.wav,It kɑ|keɪ cautiously kɑʃəli əpoʊtʃt and saw a pack of hyenas trying toʊ: tɹaɪɪŋ toʊ steal its meal,It cautiously approached and saw a pack of hyenas trying to steal its meal.
processed_audio/annotated_sentence_segments/uid_4w6SC0KmlKV4YmJTalgWiZalQHi2_sid_316TtP9ktIPYclmSqdKR_1742509400_195799316_sentence_segment_close.wav,The cheetah knew ɪ|t needed to attack fast and use to act fas and use it its intelligence I look at this one boo a a gi giliance agility agility to outsmart a hee:nas,The cheetah knew it needed to act fast and used its agility to outsmart the hyenas.
processed_audio/annotated_sentence_segments/uid_4w6SC0KmlKV4YmJTalgWiZalQHi2_sid_316TtP9ktIPYclmSqdKR_1742509400_195799317_sentence_segment_close.wav,It sprinted əweɪ: leaving the hyenas with the dust,"It sprinted away, leaving the hyenas in the dust."
processed_audio/annotated_sentence_segments/uid_4w6SC0KmlKV4YmJTalgWiZalQHi2_sid_316TtP9ktIPYclmSqdKR_1742509400_195799318_sentence_segment_close.wav,The cheetah's pid and kʌ:nɪ:ŋ an saved its meal and kʌn had had save its mi:l and protected self,The cheetah's speed and cunning had saved its meal and protected itself.
processed_audio/annotated_sentence_segments/uid_4w6SC0KmlKV4YmJTalgWiZalQHi2_sid_316TtP9ktIPYclmSqdKR_1742509400_195799319_sentence_segment_close.wav,The other animals in the savannah were amazed by the cheetah's quick thinking and ətɜlodʒɪtis agility ədʒɪlətis,The other animals in the savannah were amazed by the cheetah's quick thinking and agility.
processed_audio/annotated_sentence_segments/uid_4w6SC0KmlKV4YmJTalgWiZalQHi2_sid_316TtP9ktIPYclmSqdKR_1742509400_195799320_sentence_segment_close.wav,They knew they could always count on the cheetah to difɛn them from danger,They knew they could always count on the cheetah to defend them from danger.
processed_audio/annotated_sentence_segments/uid_4w6SC0KmlKV4YmJTalgWiZalQHi2_sid_316TtP9ktIPYclmSqdKR_1742509400_195799321_sentence_segment_close.wav,and that day ɑn From that day on the cheetah became known as the protector of the savannah,"From that day on, the cheetah became known as the protector of the savannah."
processed_audio/annotated_sentence_segments/uid_4w6SC0KmlKV4YmJTalgWiZalQHi2_sid_316TtP9ktIPYclmSqdKR_1742509400_195799322_sentence_segment_close.wav,Its swift mo mo:vement and sharp sɛn|sɪz kept everyone safe,Its swift movements and sharp senses kept everyone safe.
processed_audio/annotated_sentence_segments/uid_4w6SC0KmlKV4YmJTalgWiZalQHi2_sid_316TtP9ktIPYclmSqdKR_1742509400_195799323_sentence_segment_close.wav,The other animals look up to the cheetah as æbɪɹəh a:m|m:r.rd ædmɪɹəɹd a|b admired admire its speed grace and courages courage kɜɹidʒ,"The other animals looked up to the cheetah and admired its speed, grace, and courage."
processed_audio/annotated_sentence_segments/uid_4w6SC0KmlKV4YmJTalgWiZalQHi2_sid_316TtP9ktIPYclmSqdKR_1742509400_195799324_sentence_segment_close.wav,The e The end,The end.
processed_audio/annotated_sentence_segments/uid_jWPmLFrSHDZItPTjjPUB8KAsjlq2_sid_7SPTn4kcDnVulcWfBGRR_1743880682_195799325_sentence_segment_close.wav,In a lush green meadow lived a brave mouse named Dale,"In a lush, green meadow lived a brave mouse named Dale."
processed_audio/annotated_sentence_segments/uid_jWPmLFrSHDZItPTjjPUB8KAsjlq2_sid_7SPTn4kcDnVulcWfBGRR_1743880682_195799326_sentence_segment_close.wav,He loved to explore fields and valleys,He loved to explore fields and valleys.
processed_audio/annotated_sentence_segments/uid_jWPmLFrSHDZItPTjjPUB8KAsjlq2_sid_7SPTn4kcDnVulcWfBGRR_1743880682_195799327_sentence_segment_close.wav,One bright day he trotted beyond the hill and spotted a,"One bright day, he trotted beyond the hill and spotted a pond."
processed_audio/annotated_sentence_segments/uid_jWPmLFrSHDZItPTjjPUB8KAsjlq2_sid_7SPTn4kcDnVulcWfBGRR_1743880682_195799328_sentence_segment_close.wav,Nearby gentle deer named Dawn tɹ:ɒtɪd over,"Nearby, a gentle deer named Dawn trotted over."
processed_audio/annotated_sentence_segments/uid_jWPmLFrSHDZItPTjjPUB8KAsjlq2_sid_7SPTn4kcDnVulcWfBGRR_1743880682_195799329_sentence_segment_close.wav,Dale Dale waved hoping for a friend,"Dale waved, hoping for a friend."
processed_audio/annotated_sentence_segments/uid_jWPmLFrSHDZItPTjjPUB8KAsjlq2_sid_7SPTn4kcDnVulcWfBGRR_1743880682_195799330_sentence_segment_close.wav,Hi Dawn hoʊ.hutɪd Dale Want to leap and play,"""Hi, Dawn!"" hooted Dale,""Want to leap and play?"""
processed_audio/annotated_sentence_segments/uid_jWPmLFrSHDZItPTjjPUB8KAsjlq2_sid_7SPTn4kcDnVulcWfBGRR_1743880682_195799331_sentence_segment_close.wav,Dawn agreed her eyes twɪŋklɪŋk,"Dawn agreed, her eyes twinkling."
processed_audio/annotated_sentence_segments/uid_jWPmLFrSHDZItPTjjPUB8KAsjlq2_sid_7SPTn4kcDnVulcWfBGRR_1743880682_195799332_sentence_segment_close.wav,They bounced and læf|t chasing their shadows,"They bounced and laughed, chasing their shadows."
processed_audio/annotated_sentence_segments/uid_jWPmLFrSHDZItPTjjPUB8KAsjlq2_sid_7SPTn4kcDnVulcWfBGRR_1743880682_195799333_sentence_segment_close.wav,sʌdntli they heard a rustle,"Suddenly, they heard a rustle."
processed_audio/annotated_sentence_segments/uid_jWPmLFrSHDZItPTjjPUB8KAsjlq2_sid_7SPTn4kcDnVulcWfBGRR_1743880682_195799334_sentence_segment_close.wav,It was a sly owl perched onto a branch,It was a sly owl perched on a branch.
processed_audio/annotated_sentence_segments/uid_jWPmLFrSHDZItPTjjPUB8KAsjlq2_sid_7SPTn4kcDnVulcWfBGRR_1743880682_195799335_sentence_segment_close.wav,tʃ.kən I join he hooted kaɪnli,"""Can I join?"" he hooted kindly."
processed_audio/annotated_sentence_segments/uid_jWPmLFrSHDZItPTjjPUB8KAsjlq2_sid_7SPTn4kcDnVulcWfBGRR_1743880682_195799336_sentence_segment_close.wav,Together they dance ʌntɜl sunset then waved goodbye promising to mi again,"Together, they danced until sunset, then waved goodbye, promising to meet again."
processed_audio/annotated_sentence_segments/uid_jWPmLFrSHDZItPTjjPUB8KAsjlq2_sid_7SPTn4kcDnVulcWfBGRR_1743880682_195799337_sentence_segment_close.wav,Their new bond brightened the meadow,Their new bond brightened the meadow.
processed_audio/annotated_sentence_segments/uid_ihIoefKsGwTDai7fGs9x3DyNvju2_sid_HMsBuxpOsV8YfgXpPc0G_1742773567_195799338_sentence_segment_close.wav,A cat sat on a mat,A cat sat on a mat.
processed_audio/annotated_sentence_segments/uid_ihIoefKsGwTDai7fGs9x3DyNvju2_sid_HMsBuxpOsV8YfgXpPc0G_1742773567_195799339_sentence_segment_close.wav,The cat saw a rat,The cat saw a rat.
processed_audio/annotated_sentence_segments/uid_ihIoefKsGwTDai7fGs9x3DyNvju2_sid_HMsBuxpOsV8YfgXpPc0G_1742773567_195799340_sentence_segment_close.wav,The rat ran fast,The rat ran fast.
processed_audio/annotated_sentence_segments/uid_ihIoefKsGwTDai7fGs9x3DyNvju2_sid_HMsBuxpOsV8YfgXpPc0G_1742773567_195799341_sentence_segment_close.wav,The cat didit did nap,The cat did nap.
processed_audio/annotated_sentence_segments/uid_ihIoefKsGwTDai7fGs9x3DyNvju2_sid_HMsBuxpOsV8YfgXpPc0G_1742773567_195799342_sentence_segment_close.wav,A bat flew pas,A bat flew past.
processed_audio/annotated_sentence_segments/uid_ihIoefKsGwTDai7fGs9x3DyNvju2_sid_HMsBuxpOsV8YfgXpPc0G_1742773567_195799343_sentence_segment_close.wav,The bat saw a flæt hat,The bat saw a fat hat.
processed_audio/annotated_sentence_segments/uid_ihIoefKsGwTDai7fGs9x3DyNvju2_sid_HMsBuxpOsV8YfgXpPc0G_1742773567_195799344_sentence_segment_close.wav,The hat ʌm was tan,The hat was tan.
processed_audio/annotated_sentence_segments/uid_ihIoefKsGwTDai7fGs9x3DyNvju2_sid_HMsBuxpOsV8YfgXpPc0G_1742773567_195799345_sentence_segment_close.wav,ðɜn ʌm sun sɛ,The sun set.
processed_audio/annotated_sentence_segments/uid_ihIoefKsGwTDai7fGs9x3DyNvju2_sid_HMsBuxpOsV8YfgXpPc0G_1742773567_195799346_sentence_segment_close.wav,All was still,All was still.
processed_audio/annotated_sentence_segments/uid_ihIoefKsGwTDai7fGs9x3DyNvju2_sid_HMsBuxpOsV8YfgXpPc0G_1742773567_195799347_sentence_segment_close.wav,The cat rat and bat were glad,"The cat, rat, and bat were glad."
processed_audio/annotated_sentence_segments/uid_22lbfrTq0OP1g1mwv7RZwXUl6eW2_sid_GN8Xnyex9q38jg9aH8fB_1741390669_195799348_sentence_segment_close.wav,Jack loved baseball,Jake loved baseball.
processed_audio/annotated_sentence_segments/uid_22lbfrTq0OP1g1mwv7RZwXUl6eW2_sid_GN8Xnyex9q38jg9aH8fB_1741390669_195799349_sentence_segment_close.wav,He played every day after school,He played every day after school.
processed_audio/annotated_sentence_segments/uid_22lbfrTq0OP1g1mwv7RZwXUl6eW2_sid_GN8Xnyex9q38jg9aH8fB_1741390669_195799350_sentence_segment_close.wav,One bright day Jack grabbed his bat and ran to the field,"One bright day, Jake grabbed his bat and ran to the field."
processed_audio/annotated_sentence_segments/uid_22lbfrTq0OP1g1mwv7RZwXUl6eW2_sid_GN8Xnyex9q38jg9aH8fB_1741390669_195799351_sentence_segment_close.wav,His friend neɪ.neɪt was watching with a ball and a huge grin,"His friend, Nate, was waiting with a ball and a huge grin."
processed_audio/annotated_sentence_segments/uid_22lbfrTq0OP1g1mwv7RZwXUl6eW2_sid_GN8Xnyex9q38jg9aH8fB_1741390669_195799352_sentence_segment_close.wav,They took turns batting each hit enjoying with a sa|fee crack,"They took turns batting, each hit echoing with a satisfying ""crack!"""
processed_audio/annotated_sentence_segments/uid_22lbfrTq0OP1g1mwv7RZwXUl6eW2_sid_GN8Xnyex9q38jg9aH8fB_1741390669_195799353_sentence_segment_close.wav,Jack's turn came again ɜd he hit the ball high into the sky,"Jake's turn came again, and he hit the ball high into the sky."
processed_audio/annotated_sentence_segments/uid_22lbfrTq0OP1g1mwv7RZwXUl6eW2_sid_GN8Xnyex9q38jg9aH8fB_1741390669_195799354_sentence_segment_close.wav,It sailed past the trees landing right on the base,"It sailed past the tree, landing right on the base."
processed_audio/annotated_sentence_segments/uid_22lbfrTq0OP1g1mwv7RZwXUl6eW2_sid_GN8Xnyex9q38jg9aH8fB_1741390669_195799355_sentence_segment_close.wav,It was a home run,It was a home run!
processed_audio/annotated_sentence_segments/uid_22lbfrTq0OP1g1mwv7RZwXUl6eW2_sid_GN8Xnyex9q38jg9aH8fB_1741390669_195799356_sentence_segment_close.wav,Jack's and Nate cheered and clap thrilled at the day's game,"Jake and Nate cheered and clapped, thrilled at the day's game."
processed_audio/annotated_sentence_segments/uid_22lbfrTq0OP1g1mwv7RZwXUl6eW2_sid_GN8Xnyex9q38jg9aH8fB_1741390669_195799357_sentence_segment_close.wav,As the sun set they packed up  to play again tomorrow,"As the sun set, they packed up, eager to play again tomorrow."
processed_audio/annotated_sentence_segments/uid_vrDD6j0aEnQfytObzHmMJYKTeFf2_sid_4vWA3DF2NUWsIyZHlX8u_1743005920_195799358_sentence_segment_close.wav,ɡɪd was a young l|æd lad who dr|ee dream of being the president,Gil was a young lad who dreamt of being the president.
processed_audio/annotated_sentence_segments/uid_vrDD6j0aEnQfytObzHmMJYKTeFf2_sid_4vWA3DF2NUWsIyZHlX8u_1743005920_195799359_sentence_segment_close.wav,One sunny day he h.hi put on his bɛs red cap and m|est m|et met his fɹɛn Gus,"One sunny day, he put on his best red cap and met his friend Gus."
processed_audio/annotated_sentence_segments/uid_vrDD6j0aEnQfytObzHmMJYKTeFf2_sid_4vWA3DF2NUWsIyZHlX8u_1743005920_195799360_sentence_segment_close.wav,th.they st.st|art s|t|owed stowed on a big log in the yard and give speech peach speeches each t|a|cking t.t|acking t|ɜɹ|nz tɜɹ|n|z turns,"They stood on a big log in the yard and gave speeches, each taking turns."
processed_audio/annotated_sentence_segments/uid_vrDD6j0aEnQfytObzHmMJYKTeFf2_sid_4vWA3DF2NUWsIyZHlX8u_1743005920_195799361_sentence_segment_close.wav,Gus and Gil had a  fun  where each m.m meting got to play president for a day,Gus and Gil had a fun club where each member got to play president for a day.
processed_audio/annotated_sentence_segments/uid_vrDD6j0aEnQfytObzHmMJYKTeFf2_sid_4vWA3DF2NUWsIyZHlX8u_1743005920_195799362_sentence_segment_close.wav,Today it was gɪl|s Gil's tɜ|ɹn,"Today, it was Gil's turn."
processed_audio/annotated_sentence_segments/uid_vrDD6j0aEnQfytObzHmMJYKTeFf2_sid_4vWA3DF2NUWsIyZHlX8u_1743005920_195799363_sentence_segment_close.wav,His job was to play a fun run and make st.stories everyone enjoyed the day,His job was to plan a fun run and make sure everyone enjoyed the day.
processed_audio/annotated_sentence_segments/uid_vrDD6j0aEnQfytObzHmMJYKTeFf2_sid_4vWA3DF2NUWsIyZHlX8u_1743005920_195799364_sentence_segment_close.wav,With a jump and a ɡɹ|ɪn ɡɹ|ɪn grin Gil did it did hɪ best as president and the kib had a b|ast,"With a jump and a grin, Gil did his best as president, and the club had a blast."
processed_audio/annotated_sentence_segments/uid_EfKQNmht2ebtDnNadrezErlhcDF3_sid_BYCoT5b02IreYi4dCGrh_1743544924_195799365_sentence_segment_close.wav,The bell rang the kids ran to the yard,"The bell rang, and kids ran to the yard."
processed_audio/annotated_sentence_segments/uid_EfKQNmht2ebtDnNadrezErlhcDF3_sid_BYCoT5b02IreYi4dCGrh_1743544924_195799366_sentence_segment_close.wav,Jake and Mia played with a ball trying to toss it far,"Jake and Mia played with a ball, trying to toss it far."
processed_audio/annotated_sentence_segments/uid_EfKQNmht2ebtDnNadrezErlhcDF3_sid_BYCoT5b02IreYi4dCGrh_1743544924_195799367_sentence_segment_close.wav,Look at it soar Mia said,"""Look at it soar!"" Mia said."
processed_audio/annotated_sentence_segments/uid_EfKQNmht2ebtDnNadrezErlhcDF3_sid_BYCoT5b02IreYi4dCGrh_1743544924_195799368_sentence_segment_close.wav,Sam dʒ.dʒɔɪnd in æn:d they all ran fast feeling the wind,"Sam joined in and they all ran fast, feeling the wind."
processed_audio/annotated_sentence_segments/uid_EfKQNmht2ebtDnNadrezErlhcDF3_sid_BYCoT5b02IreYi4dCGrh_1743544924_195799369_sentence_segment_close.wav,and they sat into sat they sat t.tu rest under the big tree,"Then, they sat to rest under a big tree."
processed_audio/annotated_sentence_segments/uid_EfKQNmht2ebtDnNadrezErlhcDF3_sid_BYCoT5b02IreYi4dCGrh_1743544924_195799370_sentence_segment_close.wav,Let's do this more often Sam said with a smile,"""Let's do this more often,"" Sam said with a smile."
processed_audio/annotated_sentence_segments/uid_EfKQNmht2ebtDnNadrezErlhcDF3_sid_BYCoT5b02IreYi4dCGrh_1743544924_195799371_sentence_segment_close.wav,the bell rang again s.sɪgnəliŋ the end,"The bell rang again, signaling the end."
processed_audio/annotated_sentence_segments/uid_EfKQNmht2ebtDnNadrezErlhcDF3_sid_BYCoT5b02IreYi4dCGrh_1743544924_195799372_sentence_segment_close.wav,Time to go: Jake sighed signed but they were happy their hearts full of joy,"""Time to go,"" Jake sighed, but they were happy, their hearts full of joy."
processed_audio/annotated_sentence_segments/uid_EfKQNmht2ebtDnNadrezErlhcDF3_sid_BYCoT5b02IreYi4dCGrh_1743544924_195799373_sentence_segment_close.wav,The day was bright like their smiles,"The day was bright, like their smiles."
processed_audio/annotated_sentence_segments/uid_EfKQNmht2ebtDnNadrezErlhcDF3_sid_BYCoT5b02IreYi4dCGrh_1743544924_195799374_sentence_segment_close.wav,as they walked back they promised to make every recess as fun as tudaɪ̰,"As they walked back, they promised to make every recess as fun as today."
processed_audio/annotated_sentence_segments/uid_M3RVTGHWrAMCChSiCDrpejluqjQ2_sid_J3DTSl0s0xBwSzdlZEZW_1742137192_195799375_sentence_segment_close.wav,"""oh"" Matt Tim and Ann found a snack","Matt, Tim, and Ann found a sack."
processed_audio/annotated_sentence_segments/uid_M3RVTGHWrAMCChSiCDrpejluqjQ2_sid_J3DTSl0s0xBwSzdlZEZW_1742137192_195799376_sentence_segment_close.wav,What is the snack æs Matt,"""What is in the sack?"" asks Matt."
processed_audio/annotated_sentence_segments/uid_M3RVTGHWrAMCChSiCDrpejluqjQ2_sid_J3DTSl0s0xBwSzdlZEZW_1742137192_195799377_sentence_segment_close.wav,Tim wanted tə check,Tim wanted to check.
processed_audio/annotated_sentence_segments/uid_M3RVTGHWrAMCChSiCDrpejluqjQ2_sid_J3DTSl0s0xBwSzdlZEZW_1742137192_195799378_sentence_segment_close.wav,He pulled out a map,He pulled out a map.
processed_audio/annotated_sentence_segments/uid_M3RVTGHWrAMCChSiCDrpejluqjQ2_sid_J3DTSl0s0xBwSzdlZEZW_1742137192_195799379_sentence_segment_close.wav,Look at map Tim said,"""Look, a map!"" Tim said."
processed_audio/annotated_sentence_segments/uid_M3RVTGHWrAMCChSiCDrpejluqjQ2_sid_J3DTSl0s0xBwSzdlZEZW_1742137192_195799380_sentence_segment_close.wav,and Tim wanted to check,Tim wanted to check.
processed_audio/annotated_sentence_segments/uid_M3RVTGHWrAMCChSiCDrpejluqjQ2_sid_J3DTSl0s0xBwSzdlZEZW_1742137192_195799381_sentence_segment_close.wav,He pulled out a map,He pulled out a map.
processed_audio/annotated_sentence_segments/uid_M3RVTGHWrAMCChSiCDrpejluqjQ2_sid_J3DTSl0s0xBwSzdlZEZW_1742137192_195799382_sentence_segment_close.wav,Look at the map Tim said,"""Look, a map!"" Tim said."
processed_audio/annotated_sentence_segments/uid_M3RVTGHWrAMCChSiCDrpejluqjQ2_sid_J3DTSl0s0xBwSzdlZEZW_1742137192_195799383_sentence_segment_close.wav,Ann jumped and clapped her hands,Ann jumped and clapped her hands.
processed_audio/annotated_sentence_segments/uid_M3RVTGHWrAMCChSiCDrpejluqjQ2_sid_J3DTSl0s0xBwSzdlZEZW_1742137192_195799384_sentence_segment_close.wav,Next Matt pulled out a cap,"Next, Matt pulled out a cap."
processed_audio/annotated_sentence_segments/uid_M3RVTGHWrAMCChSiCDrpejluqjQ2_sid_J3DTSl0s0xBwSzdlZEZW_1742137192_195799385_sentence_segment_close.wav,A yellow cap he laughed,"""A yellow cap!"" he laughed."
processed_audio/annotated_sentence_segments/uid_M3RVTGHWrAMCChSiCDrpejluqjQ2_sid_J3DTSl0s0xBwSzdlZEZW_1742137192_195799386_sentence_segment_close.wav,Ann a.ah duh Ann dug in and got a fan,Ann dug in and got a fan.
processed_audio/annotated_sentence_segments/uid_M3RVTGHWrAMCChSiCDrpejluqjQ2_sid_J3DTSl0s0xBwSzdlZEZW_1742137192_195799387_sentence_segment_close.wav,It's red she grinned,"""It is red,"" she grinned."
processed_audio/annotated_sentence_segments/uid_M3RVTGHWrAMCChSiCDrpejluqjQ2_sid_J3DTSl0s0xBwSzdlZEZW_1742137192_195799388_sentence_segment_close.wav,They sat a circle and looked at the map,They sat in a circle and looked at the map.
processed_audio/annotated_sentence_segments/uid_M3RVTGHWrAMCChSiCDrpejluqjQ2_sid_J3DTSl0s0xBwSzdlZEZW_1742137192_195799389_sentence_segment_close.wav,The map will help us said Tim,"""The map will help us,"" said Tim."
processed_audio/annotated_sentence_segments/uid_M3RVTGHWrAMCChSiCDrpejluqjQ2_sid_J3DTSl0s0xBwSzdlZEZW_1742137192_195799390_sentence_segment_close.wav,Where will we go first Ann asked,"""Where will we go first?"" Ann asked."
processed_audio/annotated_sentence_segments/uid_M3RVTGHWrAMCChSiCDrpejluqjQ2_sid_J3DTSl0s0xBwSzdlZEZW_1742137192_195799391_sentence_segment_close.wav,Matt pointed pointed to the spot,Matt pointed to a spot.
processed_audio/annotated_sentence_segments/uid_M3RVTGHWrAMCChSiCDrpejluqjQ2_sid_J3DTSl0s0xBwSzdlZEZW_1742137192_195799392_sentence_segment_close.wav,Here's the big red oak he said,"""Here, next to the big red oak,"" he said."
processed_audio/annotated_sentence_segments/uid_M3RVTGHWrAMCChSiCDrpejluqjQ2_sid_J3DTSl0s0xBwSzdlZEZW_1742137192_195799393_sentence_segment_close.wav,The the pa the æni set off an and set off,"Then, they packed the sack and set off."
processed_audio/annotated_sentence_segments/uid_M3RVTGHWrAMCChSiCDrpejluqjQ2_sid_J3DTSl0s0xBwSzdlZEZW_1742137192_195799394_sentence_segment_close.wav,The sun was hot,The sun was hot.
processed_audio/annotated_sentence_segments/uid_M3RVTGHWrAMCChSiCDrpejluqjQ2_sid_J3DTSl0s0xBwSzdlZEZW_1742137192_195799395_sentence_segment_close.wav,and cap kept Matt cool,The cap kept Matt cool.
processed_audio/annotated_sentence_segments/uid_M3RVTGHWrAMCChSiCDrpejluqjQ2_sid_J3DTSl0s0xBwSzdlZEZW_1742137192_195799396_sentence_segment_close.wav,wæn kept Ann chilled,The fan kept Ann chilled.
processed_audio/annotated_sentence_segments/uid_M3RVTGHWrAMCChSiCDrpejluqjQ2_sid_J3DTSl0s0xBwSzdlZEZW_1742137192_195799397_sentence_segment_close.wav,To help the map t|ai  Tim held the map tight,Tim held the map tight.
processed_audio/annotated_sentence_segments/uid_M3RVTGHWrAMCChSiCDrpejluqjQ2_sid_J3DTSl0s0xBwSzdlZEZW_1742137192_195799398_sentence_segment_close.wav,They stopped a pond a pond,They stopped at a pond.
processed_audio/annotated_sentence_segments/uid_M3RVTGHWrAMCChSiCDrpejluqjQ2_sid_J3DTSl0s0xBwSzdlZEZW_1742137192_195799399_sentence_segment_close.wav,a pond was cool,The pond was cool.
processed_audio/annotated_sentence_segments/uid_M3RVTGHWrAMCChSiCDrpejluqjQ2_sid_J3DTSl0s0xBwSzdlZEZW_1742137192_195799400_sentence_segment_close.wav,They jiggle jiggled as they fall frogs hoped,They giggled as the frogs hopped.
processed_audio/annotated_sentence_segments/uid_M3RVTGHWrAMCChSiCDrpejluqjQ2_sid_J3DTSl0s0xBwSzdlZEZW_1742137192_195799401_sentence_segment_close.wav,back the end of the Dale were glad,"By the end of the day, they were glad."
processed_audio/annotated_sentence_segments/uid_M3RVTGHWrAMCChSiCDrpejluqjQ2_sid_J3DTSl0s0xBwSzdlZEZW_1742137192_195799402_sentence_segment_close.wav,What wʌ fun fun day s.sɛd Ann,"""What a fun day,"" said Ann."
processed_audio/annotated_sentence_segments/uid_M3RVTGHWrAMCChSiCDrpejluqjQ2_sid_J3DTSl0s0xBwSzdlZEZW_1742137192_195799403_sentence_segment_close.wav,They walked back with s.smaɪlz ready to go tell tales of ðə.ðɛəɹ grand adventure,"They walked back with smiles, ready to tell tales of their grand adventure."
processed_audio/annotated_sentence_segments/uid_l10DBTU0vaSPzKuDElOBDPPpe2H3_sid_0P0AdunCY6C2VJLuhOSH_1742248690_195799404_sentence_segment_close.wav,Lilly who loved gymnastics,Lilly loved gymnastics.
processed_audio/annotated_sentence_segments/uid_l10DBTU0vaSPzKuDElOBDPPpe2H3_sid_0P0AdunCY6C2VJLuhOSH_1742248690_195799405_sentence_segment_close.wav,She practiced flips and tricks every day,She practiced flips and tricks every day.
processed_audio/annotated_sentence_segments/uid_l10DBTU0vaSPzKuDElOBDPPpe2H3_sid_0P0AdunCY6C2VJLuhOSH_1742248690_195799406_sentence_segment_close.wav,One sunny æftəɹnun.n.n she went to the tʃɪm with her bɛs friend ,"One sunny afternoon, she went to the gym with her best friend, Rick."
processed_audio/annotated_sentence_segments/uid_l10DBTU0vaSPzKuDElOBDPPpe2H3_sid_0P0AdunCY6C2VJLuhOSH_1742248690_195799407_sentence_segment_close.wav,They stretched on the thick mats ready for fun,"They stretched on the thick mats, ready for fun."
processed_audio/annotated_sentence_segments/uid_l10DBTU0vaSPzKuDElOBDPPpe2H3_sid_0P0AdunCY6C2VJLuhOSH_1742248690_195799408_sentence_segment_close.wav,Lilly tried a backflip and landed with a big fun thud,Lilly tried a backflip and landed with a big thud.
processed_audio/annotated_sentence_segments/uid_l10DBTU0vaSPzKuDElOBDPPpe2H3_sid_0P0AdunCY6C2VJLuhOSH_1742248690_195799409_sentence_segment_close.wav,Oops she giggled brush off the dust,"""Oops!"" she giggled, brushing off the dust."
processed_audio/annotated_sentence_segments/uid_l10DBTU0vaSPzKuDElOBDPPpe2H3_sid_0P0AdunCY6C2VJLuhOSH_1742248690_195799410_sentence_segment_close.wav,Rick clapped cheered her on,"Rick clapped, cheering her on."
processed_audio/annotated_sentence_segments/uid_l10DBTU0vaSPzKuDElOBDPPpe2H3_sid_0P0AdunCY6C2VJLuhOSH_1742248690_195799411_sentence_segment_close.wav,nɛks ɹ.ɹɪk swung on the rings spinning like a spinning like a top,"Next, Rick swung on the rings, spinning like a top."
processed_audio/annotated_sentence_segments/uid_l10DBTU0vaSPzKuDElOBDPPpe2H3_sid_0P0AdunCY6C2VJLuhOSH_1742248690_195799412_sentence_segment_close.wav,He felt dizzy but happy,He felt dizzy but happy.
processed_audio/annotated_sentence_segments/uid_l10DBTU0vaSPzKuDElOBDPPpe2H3_sid_0P0AdunCY6C2VJLuhOSH_1742248690_195799413_sentence_segment_close.wav,After practice they sat with their coach Miss Kim,"After practice, they sat with their coach, Miss Kim."
processed_audio/annotated_sentence_segments/uid_l10DBTU0vaSPzKuDElOBDPPpe2H3_sid_0P0AdunCY6C2VJLuhOSH_1742248690_195799414_sentence_segment_close.wav,She smiled and said Great job kids,"She smiled and said, ""Great job, kids!"""
processed_audio/annotated_sentence_segments/uid_l10DBTU0vaSPzKuDElOBDPPpe2H3_sid_0P0AdunCY6C2VJLuhOSH_1742248690_195799415_sentence_segment_close.wav,Lilly and ɹ.ɹɪk ɡɹ:ɪnd knowing they had done their bɛs,"Lilly and Rick grinned, knowing they had done their best."
processed_audio/annotated_sentence_segments/uid_l10DBTU0vaSPzKuDElOBDPPpe2H3_sid_0P0AdunCY6C2VJLuhOSH_1742248690_195799416_sentence_segment_close.wav,Gymnastics was thrilling,Gymnastics was thrilling!
processed_audio/annotated_sentence_segments/uid_tHP0GvI5hccNGBzYfgE2pkEHXiW2_sid_tauN5MkJSXHrjKIHsYkM_1743377469_195799417_sentence_segment_close.wav,pæ:m the poʊlə bear had ə.e:ɪ tæ:n b|l|a|ck bla:t bla:t blanky:,Pam the polar bear had a tan blanket.
processed_audio/annotated_sentence_segments/uid_tHP0GvI5hccNGBzYfgE2pkEHXiW2_sid_tauN5MkJSXHrjKIHsYkM_1743377469_195799418_sentence_segment_close.wav,She sat by a kuwl pond and had a nap,She sat by a cool pond and had a nap.
processed_audio/annotated_sentence_segments/uid_tHP0GvI5hccNGBzYfgE2pkEHXiW2_sid_tauN5MkJSXHrjKIHsYkM_1743377469_195799419_sentence_segment_close.wav,Pat the penguin penwuh came and c|l|a|p|d clapped his hands,Pat the penguin came and clapped his hands.
processed_audio/annotated_sentence_segments/uid_tHP0GvI5hccNGBzYfgE2pkEHXiW2_sid_tauN5MkJSXHrjKIHsYkM_1743377469_195799420_sentence_segment_close.wav,Can I nap too he asked,"""Can I nap too?"" he asked."
processed_audio/annotated_sentence_segments/uid_tHP0GvI5hccNGBzYfgE2pkEHXiW2_sid_tauN5MkJSXHrjKIHsYkM_1743377469_195799421_sentence_segment_close.wav,Pam said Yes,"Pam said, ""Yes!"""
processed_audio/annotated_sentence_segments/uid_tHP0GvI5hccNGBzYfgE2pkEHXiW2_sid_tauN5MkJSXHrjKIHsYkM_1743377469_195799422_sentence_segment_close.wav,They sat and had fun at the pond ɡlæ:d for the s.s.ʌn and a nap,"They sat and had fun at the pond, glad for the sun and a nap."
processed_audio/annotated_sentence_segments/uid_0FdMSMtn95PJ9tLFeW3F4sFLPMh1_sid_T5VCoUAXaeXMTbSB2cPN_1743043588_195799423_sentence_segment_close.wav,In the jungle there lived a gup of playful tigers,"In the jungle, there lived a group of playful tigers."
processed_audio/annotated_sentence_segments/uid_0FdMSMtn95PJ9tLFeW3F4sFLPMh1_sid_T5VCoUAXaeXMTbSB2cPN_1743043588_195799424_sentence_segment_close.wav,Each tiger wore stripes their coats shining bright,"Each tiger wore stripes, their coats shining bright."
processed_audio/annotated_sentence_segments/uid_0FdMSMtn95PJ9tLFeW3F4sFLPMh1_sid_T5VCoUAXaeXMTbSB2cPN_1743043588_195799425_sentence_segment_close.wav,They loved to run through the trees and splash in the streams,They loved to run through the trees and splash in the streams.
processed_audio/annotated_sentence_segments/uid_0FdMSMtn95PJ9tLFeW3F4sFLPMh1_sid_T5VCoUAXaeXMTbSB2cPN_1743043588_195799426_sentence_segment_close.wav,One day they found some boxes filled with toys,"One day, they found some boxes filled with toys."
processed_audio/annotated_sentence_segments/uid_0FdMSMtn95PJ9tLFeW3F4sFLPMh1_sid_T5VCoUAXaeXMTbSB2cPN_1743043588_195799427_sentence_segment_close.wav,The tigers looked turns jumping and pleɪɪŋg.ɪŋg with the toys,The tigers took turns jumping and playing with the toys.
processed_audio/annotated_sentence_segments/uid_0FdMSMtn95PJ9tLFeW3F4sFLPMh1_sid_T5VCoUAXaeXMTbSB2cPN_1743043588_195799428_sentence_segment_close.wav,As the sun set they returned to their cozy den tails wagging with joy,"As the sun set, they returned to their cozy den, tails wagging with joy."
processed_audio/annotated_sentence_segments/uid_0FdMSMtn95PJ9tLFeW3F4sFLPMh1_sid_T5VCoUAXaeXMTbSB2cPN_1743043588_195799429_sentence_segment_close.wav,The jungle echoed wɪθə their happy laughs as they rested dreaming of more fun tomorrow,"The jungle echoed with their happy laughs as they rested, dreaming of more fun tomorrow."
processed_audio/annotated_sentence_segments/uid_0FdMSMtn95PJ9tLFeW3F4sFLPMh1_sid_T5VCoUAXaeXMTbSB2cPN_1743043588_195799430_sentence_segment_close.wav,The nɛks morning the dʒʌŋɡəls buzzed with excitement,"The next morning, the jungle buzzed with excitement."
processed_audio/annotated_sentence_segments/uid_0FdMSMtn95PJ9tLFeW3F4sFLPMh1_sid_T5VCoUAXaeXMTbSB2cPN_1743043588_195799431_sentence_segment_close.wav,The tigers wer: The tigers were getting ready for another day of adventure with their friends,The tigers were ready for another day of adventures with their friends!
processed_audio/annotated_sentence_segments/uid_aKXkeU8QguUwr1lDK1mxXri9hqN2_sid_gbbMMkjwQ3IIargLKNV0_1741732628_195799432_sentence_segment_close.wav,In a distant land an ælkɔɹn named Fern soared over the forest,"In a distant land, an alicorn named Fern soared over the forest."
processed_audio/annotated_sentence_segments/uid_aKXkeU8QguUwr1lDK1mxXri9hqN2_sid_gbbMMkjwQ3IIargLKNV0_1741732628_195799433_sentence_segment_close.wav,Her wings shimmered under the sun casting a rainbow arf arc,"Her wings shimmered under the sun, casting a rainbow arc."
processed_audio/annotated_sentence_segments/uid_aKXkeU8QguUwr1lDK1mxXri9hqN2_sid_gbbMMkjwQ3IIargLKNV0_1741732628_195799434_sentence_segment_close.wav,As she days r.raised she found a hidden arch in the trees leading t a secret garden,"As she glided, she found a hidden arch in the trees, leading to a secret garden."
processed_audio/annotated_sentence_segments/uid_aKXkeU8QguUwr1lDK1mxXri9hqN2_sid_gbbMMkjwQ3IIargLKNV0_1741732628_195799435_sentence_segment_close.wav,In this se|nse spot Fern m|ɛ|t a herd of unicorns,"In this serene spot, Fern met a herd of unicorns."
processed_audio/annotated_sentence_segments/uid_aKXkeU8QguUwr1lDK1mxXri9hqN2_sid_gbbMMkjwQ3IIargLKNV0_1741732628_195799436_sentence_segment_close.wav,Together they danced and twinkled and twirled celebrating their world,"Together, they danced and twirled, celebrating their world."
processed_audio/annotated_sentence_segments/uid_aKXkeU8QguUwr1lDK1mxXri9hqN2_sid_gbbMMkjwQ3IIargLKNV0_1741732628_195799437_sentence_segment_close.wav,When dusk əɹaɪd Fern promised t return,"When dusk arrived, Fern promised to return."
processed_audio/annotated_sentence_segments/uid_aKXkeU8QguUwr1lDK1mxXri9hqN2_sid_gbbMMkjwQ3IIargLKNV0_1741732628_195799438_sentence_segment_close.wav,Her heart full she flew home imɪŋ of the next ɪgvɛntʃəɹ,"Her heart full, she flew home, dreaming of the next adventure."
processed_audio/annotated_sentence_segments/uid_TzE1wYChYkTUAVNeVtZjXuO8cBi2_sid_VhyvjW8RtTDOfLNA6ZuZ_1743435016_195799439_sentence_segment_close.wav,In a joyful town lived a boy named Roy,In a joyful town lived a boy named Roy.
processed_audio/annotated_sentence_segments/uid_TzE1wYChYkTUAVNeVtZjXuO8cBi2_sid_VhyvjW8RtTDOfLNA6ZuZ_1743435016_195799440_sentence_segment_close.wav,Roy loved to play with his toy train,Roy loved to play with his toy train.
processed_audio/annotated_sentence_segments/uid_TzE1wYChYkTUAVNeVtZjXuO8cBi2_sid_VhyvjW8RtTDOfLNA6ZuZ_1743435016_195799441_sentence_segment_close.wav,One Sunday Roy joined his fɹɛn Doyle for an afternoon of fun,"One sunny day, Roy joined his friend Doyle for an afternoon of fun."
processed_audio/annotated_sentence_segments/uid_TzE1wYChYkTUAVNeVtZjXuO8cBi2_sid_VhyvjW8RtTDOfLNA6ZuZ_1743435016_195799442_sentence_segment_close.wav,They decided to build a tiny fort from foil and blocks,They decided to build a tiny fort from foil and blocks.
processed_audio/annotated_sentence_segments/uid_TzE1wYChYkTUAVNeVtZjXuO8cBi2_sid_VhyvjW8RtTDOfLNA6ZuZ_1743435016_195799443_sentence_segment_close.wav,they they toiled with juh with joy an(d) Roy found a shiny coin near the soil,"As they toiled with joy, Roy found a shiny coin near the soil."
processed_audio/annotated_sentence_segments/uid_TzE1wYChYkTUAVNeVtZjXuO8cBi2_sid_VhyvjW8RtTDOfLNA6ZuZ_1743435016_195799444_sentence_segment_close.wav,Excited he showed tu she he showed it to d.dɔɪl and then and they imagined it was a pirate treasure,"Excited, he showed it to Doyle, and they imagined it was pirate treasure."
processed_audio/annotated_sentence_segments/uid_TzE1wYChYkTUAVNeVtZjXuO8cBi2_sid_VhyvjW8RtTDOfLNA6ZuZ_1743435016_195799445_sentence_segment_close.wav,As the sun began to set bo the boys' day of joy ended,"As the sun began to set, the boys' day of joy ended."
processed_audio/annotated_sentence_segments/uid_TzE1wYChYkTUAVNeVtZjXuO8cBi2_sid_VhyvjW8RtTDOfLNA6ZuZ_1743435016_195799446_sentence_segment_close.wav,Roy and Doyle pɑmɪst to return and explore more adventures kipɪn the spirits bright with joy,"Roy and Doyle promised to return and explore more adventures, keeping their spirits bright with joy."
processed_audio/annotated_sentence_segments/uid_EfKQNmht2ebtDnNadrezErlhcDF3_sid_QXLPyE3O9OLjhb4NwTVz_1741215060_195799447_sentence_segment_close.wav,The morning sun ʃ:oʊn warmly on Clara's first day of school,The morning sun shone warmly on Clara's first day of school.
processed_audio/annotated_sentence_segments/uid_EfKQNmht2ebtDnNadrezErlhcDF3_sid_QXLPyE3O9OLjhb4NwTVz_1741215060_195799448_sentence_segment_close.wav,Clara wore wore her bɹæn new uniform and held her mom's hand as they walked toward the school,Clara wore her brand new uniform and held her mom's hand as they walked toward the school door.
processed_audio/annotated_sentence_segments/uid_EfKQNmht2ebtDnNadrezErlhcDF3_sid_QXLPyE3O9OLjhb4NwTVz_1741215060_195799449_sentence_segment_close.wav,h.ha Her heart thumped Her with both fear and excitement,Her heart thumped with both fear and excitement.
processed_audio/annotated_sentence_segments/uid_EfKQNmht2ebtDnNadrezErlhcDF3_sid_QXLPyE3O9OLjhb4NwTVz_1741215060_195799450_sentence_segment_close.wav,In the classroom Clara found her seat filɪn more ease as her teacher smiled,"In the classroom, Clara found her seat, feeling more at ease as her teacher smiled."
processed_audio/annotated_sentence_segments/uid_EfKQNmht2ebtDnNadrezErlhcDF3_sid_QXLPyE3O9OLjhb4NwTVz_1741215060_195799451_sentence_segment_close.wav,During recess she enjoyred new friends on the playground they laughed ran and explored together,"During recess, she joined new friends on the playground; they laughed, ran, and explored together."
processed_audio/annotated_sentence_segments/uid_EfKQNmht2ebtDnNadrezErlhcDF3_sid_QXLPyE3O9OLjhb4NwTVz_1741215060_195799452_sentence_segment_close.wav,But the end of the day Clara was proud of the new friends she had made,"By the end of the day, Clara was proud of the new friends she had made."
processed_audio/annotated_sentence_segments/uid_EfKQNmht2ebtDnNadrezErlhcDF3_sid_QXLPyE3O9OLjhb4NwTVz_1741215060_195799453_sentence_segment_close.wav,Her bɜɹiz faded as she looked forward to returning the next day exp to explore more,"Her worries faded, and she looked forward to returning the next day to explore more."
processed_audio/annotated_sentence_segments/uid_CjlD9aGvoSfMhsnUwRIQlMr4IFp1_sid_6EBd92Man5qPw2exIy9j_1742008451_195799454_sentence_segment_close.wav,Need Ned had a red pet fish,Ned had a red pet fish.
processed_audio/annotated_sentence_segments/uid_CjlD9aGvoSfMhsnUwRIQlMr4IFp1_sid_6EBd92Man5qPw2exIy9j_1742008451_195799455_sentence_segment_close.wav,Ned fed the fish everywhere every day,Ned fed the fish every day.
processed_audio/annotated_sentence_segments/uid_CjlD9aGvoSfMhsnUwRIQlMr4IFp1_sid_6EBd92Man5qPw2exIy9j_1742008451_195799456_sentence_segment_close.wav,One day the fish met another fish,"One day, the fish met another fish."
processed_audio/annotated_sentence_segments/uid_CjlD9aGvoSfMhsnUwRIQlMr4IFp1_sid_6EBd92Man5qPw2exIy9j_1742008451_195799457_sentence_segment_close.wav,They swam and played until the sun set,They swam and played until the sun set.
processed_audio/annotated_sentence_segments/uid_CjlD9aGvoSfMhsnUwRIQlMr4IFp1_sid_6EBd92Man5qPw2exIy9j_1742008451_195799458_sentence_segment_close.wav,Ned's red fish pet slept s:ung snun:g snug l:et's it in its bed,Ned's red pet slept snug in its bed.
processed_audio/annotated_sentence_segments/uid_l10DBTU0vaSPzKuDElOBDPPpe2H3_sid_UXmFvM0sP6oqoju4OD80_1742653424_195799459_sentence_segment_close.wav,Once upon a time in a small town there was a group of third grade girls named Lily Grace and Claire,"Once upon a time, in a small town, there was a group of third-grade girls named Lily, Grace, and Claire."
processed_audio/annotated_sentence_segments/uid_l10DBTU0vaSPzKuDElOBDPPpe2H3_sid_UXmFvM0sP6oqoju4OD80_1742653424_195799460_sentence_segment_close.wav,They were best f: friends and did everything todeh together,They were the best of friends and did everything together.
processed_audio/annotated_sentence_segments/uid_l10DBTU0vaSPzKuDElOBDPPpe2H3_sid_UXmFvM0sP6oqoju4OD80_1742653424_195799461_sentence_segment_close.wav,One sunny Saturday they decided to go to the movies to see a film about a bray pin princess and her magical journey,"One sunny Saturday, they decided to go to the movies to see a film about a brave princess and her magical journey."
processed_audio/annotated_sentence_segments/uid_l10DBTU0vaSPzKuDElOBDPPpe2H3_sid_UXmFvM0sP6oqoju4OD80_1742653424_195799462_sentence_segment_close.wav,In the morning they met at Lily's house ɪks:aɪtɪd and giggling,"In the morning, they met at Lily's house, excited and giggling."
processed_audio/annotated_sentence_segments/uid_l10DBTU0vaSPzKuDElOBDPPpe2H3_sid_UXmFvM0sP6oqoju4OD80_1742653424_195799463_sentence_segment_close.wav,Lily's mom drove them to the theaters,Lily's mom drove them to the theater.
processed_audio/annotated_sentence_segments/uid_l10DBTU0vaSPzKuDElOBDPPpe2H3_sid_UXmFvM0sP6oqoju4OD80_1742653424_195799464_sentence_segment_close.wav,On the way they talked about their favorite parts of the læs movie they saw and what snacks they would buy this time,"On the way, they talked about their favorite parts of the last movie they saw, and what snacks they would buy this time."
processed_audio/annotated_sentence_segments/uid_l10DBTU0vaSPzKuDElOBDPPpe2H3_sid_UXmFvM0sP6oqoju4OD80_1742653424_195799465_sentence_segment_close.wav,When they arrived at the theater When they arrived at the theater wa When they arrived the theater was bʌs:əlɪŋ with people,"When they arrived, the theater was bustling with people."
processed_audio/annotated_sentence_segments/uid_l10DBTU0vaSPzKuDElOBDPPpe2H3_sid_UXmFvM0sP6oqoju4OD80_1742653424_195799466_sentence_segment_close.wav,The girls heh held hands so they wouldn't get separated,The girls held hands so they wouldn't get separated.
processed_audio/annotated_sentence_segments/uid_l10DBTU0vaSPzKuDElOBDPPpe2H3_sid_UXmFvM0sP6oqoju4OD80_1742653424_195799467_sentence_segment_close.wav,Grace pointed to the big poster with the princess on it and they all s and they all squealed with delight,"Grace pointed to the big poster with the princess on it, and they all squealed with delight."
processed_audio/annotated_sentence_segments/uid_l10DBTU0vaSPzKuDElOBDPPpe2H3_sid_UXmFvM0sP6oqoju4OD80_1742653424_195799468_sentence_segment_close.wav,Inside they went straight to the snack core counter,"Inside, they went straight to the snack counter."
processed_audio/annotated_sentence_segments/uid_l10DBTU0vaSPzKuDElOBDPPpe2H3_sid_UXmFvM0sP6oqoju4OD80_1742653424_195799469_sentence_segment_close.wav,Claire chose a box of popcorn Lily picked a sweet chocolate bar and Grace grabbed a pack of gummy bears,"Claire chose a box of popcorn, Lily picked a sweet chocolate bar, and Grace grabbed a pack of gummy bears."
processed_audio/annotated_sentence_segments/uid_l10DBTU0vaSPzKuDElOBDPPpe2H3_sid_UXmFvM0sP6oqoju4OD80_1742653424_195799470_sentence_segment_close.wav,They headed to the scree to screen three where their movie was showing,"They headed to screen three, where their movie was showing."
processed_audio/annotated_sentence_segments/uid_l10DBTU0vaSPzKuDElOBDPPpe2H3_sid_UXmFvM0sP6oqoju4OD80_1742653424_195799471_sentence_segment_close.wav,The theater was dark and the seats were comfy,"The theater was dark, and the seats were comfy."
processed_audio/annotated_sentence_segments/uid_l10DBTU0vaSPzKuDElOBDPPpe2H3_sid_UXmFvM0sP6oqoju4OD80_1742653424_195799472_sentence_segment_close.wav,As the movie began they watched the princess travel through foress and maʊnsnz meeting friendly aminals animals and overcoming challenges,"As the movie began, they watched the princess travel through forests and mountains, meeting friendly animals and overcoming challenges."
processed_audio/annotated_sentence_segments/uid_l10DBTU0vaSPzKuDElOBDPPpe2H3_sid_UXmFvM0sP6oqoju4OD80_1742653424_195799473_sentence_segment_close.wav,The girls loved the colorful scenes and the funny characters,The girls loved the colorful scenes and the funny characters.
processed_audio/annotated_sentence_segments/uid_l10DBTU0vaSPzKuDElOBDPPpe2H3_sid_UXmFvM0sP6oqoju4OD80_1742653424_195799474_sentence_segment_close.wav,When the movie had ended they clapped happily,"When the movie ended, they clapped happily."
processed_audio/annotated_sentence_segments/uid_l10DBTU0vaSPzKuDElOBDPPpe2H3_sid_UXmFvM0sP6oqoju4OD80_1742653424_195799475_sentence_segment_close.wav,It was the best movie they had ever seen,It was the best movie they had ever seen!
processed_audio/annotated_sentence_segments/uid_l10DBTU0vaSPzKuDElOBDPPpe2H3_sid_UXmFvM0sP6oqoju4OD80_1742653424_195799476_sentence_segment_close.wav,On the way home they chatted about their favorite parts,"On the way home, they chatted about their favorite parts."
processed_audio/annotated_sentence_segments/uid_l10DBTU0vaSPzKuDElOBDPPpe2H3_sid_UXmFvM0sP6oqoju4OD80_1742653424_195799477_sentence_segment_close.wav,Lily l:ʌvd Lily love the princess's encourage courage Grace adored the magical animals and Grace couldn't stop talking about the beautiful music,"Lily loved the princess's courage, Grace adored the magical animals, and Claire couldn't stop talking about the beautiful music."
processed_audio/annotated_sentence_segments/uid_l10DBTU0vaSPzKuDElOBDPPpe2H3_sid_UXmFvM0sP6oqoju4OD80_1742653424_195799478_sentence_segment_close.wav,Back at home they promised to have another movie day soon,"Back at home, they promised to have another movie day soon."
processed_audio/annotated_sentence_segments/uid_l10DBTU0vaSPzKuDElOBDPPpe2H3_sid_UXmFvM0sP6oqoju4OD80_1742653424_195799479_sentence_segment_close.wav,They hugged and said goodbye knowing they'd always have each other for fun adventures,"They hugged and said goodbye, knowing they'd always have each other for fun adventures."
processed_audio/annotated_sentence_segments/uid_l10DBTU0vaSPzKuDElOBDPPpe2H3_sid_UXmFvM0sP6oqoju4OD80_1742653424_195799480_sentence_segment_close.wav,And with that three And with that the three friends went to bed dreaming of their own magical journeys,"And with that, the three friends went to bed, dreaming of their own magical journeys."
processed_audio/annotated_sentence_segments/uid_d4lLmJzVbJaLpyCuafResXOry3t2_sid_hbmmfiDEZKXiVCftbZpM_1741968872_195799481_sentence_segment_close.wav,In a l:ʌʃ green forest a deer named Fred fɹɛd lived,"In a lush green forest, a deer named Fred lived."
processed_audio/annotated_sentence_segments/uid_d4lLmJzVbJaLpyCuafResXOry3t2_sid_hbmmfiDEZKXiVCftbZpM_1741968872_195799482_sentence_segment_close.wav,Fred trot around the woods nibbling on fresh leaves,"Fred trotted around the woods, nibbling on fresh leaves."
processed_audio/annotated_sentence_segments/uid_d4lLmJzVbJaLpyCuafResXOry3t2_sid_hbmmfiDEZKXiVCftbZpM_1741968872_195799483_sentence_segment_close.wav,One day Fred spotted a pond glittering in the sunlight,"One day, Fred spotted a pond glittering in the sunlight."
processed_audio/annotated_sentence_segments/uid_d4lLmJzVbJaLpyCuafResXOry3t2_sid_hbmmfiDEZKXiVCftbZpM_1741968872_195799484_sentence_segment_close.wav,He was thrilled to: He was thrilled s:oʊ he pranced to the w:ɑtəɹs edge,"He was thrilled, so he pranced to the water's edge."
processed_audio/annotated_sentence_segments/uid_d4lLmJzVbJaLpyCuafResXOry3t2_sid_hbmmfiDEZKXiVCftbZpM_1741968872_195799485_sentence_segment_close.wav,At the pond Fred dips his head tih and drank,"At the pond, Fred dipped his head and drank."
processed_audio/annotated_sentence_segments/uid_d4lLmJzVbJaLpyCuafResXOry3t2_sid_hbmmfiDEZKXiVCftbZpM_1741968872_195799486_sentence_segment_close.wav,Suddenly he noticed his reflection and got s:tɑɹtld,"Suddenly, he noticed his reflection and got startled."
processed_audio/annotated_sentence_segments/uid_d4lLmJzVbJaLpyCuafResXOry3t2_sid_hbmmfiDEZKXiVCftbZpM_1741968872_195799487_sentence_segment_close.wav,Who is that he wondered bækɪnɪŋɡ away,"""Who is that?"" he wondered, backing away."
processed_audio/annotated_sentence_segments/uid_d4lLmJzVbJaLpyCuafResXOry3t2_sid_hbmmfiDEZKXiVCftbZpM_1741968872_195799488_sentence_segment_close.wav,Then he realized it was just his own imagine and felt rel relaxed,Then he realized it was just his own image and felt relaxed.
processed_audio/annotated_sentence_segments/uid_d4lLmJzVbJaLpyCuafResXOry3t2_sid_hbmmfiDEZKXiVCftbZpM_1741968872_195799489_sentence_segment_close.wav,Fred counte:|d counted visiting the pond each day,Fred continued visiting the pond each day.
processed_audio/annotated_sentence_segments/uid_d4lLmJzVbJaLpyCuafResXOry3t2_sid_hbmmfiDEZKXiVCftbZpM_1741968872_195799490_sentence_segment_close.wav,He loved the clam water and ɡlu fond of his new forest friend his reflection,"He loved the calm water and grew fond of his new forest friend, his reflection."
processed_audio/annotated_sentence_segments/uid_Gt0cspsUtRSvEXXHZKUWlVAfyVq2_sid_qHzKNFpdgsms0EFSXokQ_1742606923_195799491_sentence_segment_close.wav,Charley is the little go with freckles love toys,"Charley, the little girl with freckles, loves toys."
processed_audio/annotated_sentence_segments/uid_Gt0cspsUtRSvEXXHZKUWlVAfyVq2_sid_qHzKNFpdgsms0EFSXokQ_1742606923_195799492_sentence_segment_close.wav,She sees toys in a in boxes she wishes for them all,She sees toys in boxes and wishes for them all.
processed_audio/annotated_sentence_segments/uid_Gt0cspsUtRSvEXXHZKUWlVAfyVq2_sid_qHzKNFpdgsms0EFSXokQ_1742606923_195799493_sentence_segment_close.wav,She asked train dolls train She ask for trains dolls and junglit jungle of zoo animals,"She asks for trains, dolls, and a jungle of zoo animals."
processed_audio/annotated_sentence_segments/uid_Gt0cspsUtRSvEXXHZKUWlVAfyVq2_sid_qHzKNFpdgsms0EFSXokQ_1742606923_195799494_sentence_segment_close.wav,hə mɑ s: smiled and said Charley you must choose,"Her mom smiles and says, ""Charley, you must choose!"""
processed_audio/annotated_sentence_segments/uid_Gt0cspsUtRSvEXXHZKUWlVAfyVq2_sid_qHzKNFpdgsms0EFSXokQ_1742606923_195799495_sentence_segment_close.wav,Charley thinks and decides to pɪ the best one,Charley thinks and decides to pick the best ones.
processed_audio/annotated_sentence_segments/uid_Gt0cspsUtRSvEXXHZKUWlVAfyVq2_sid_qHzKNFpdgsms0EFSXokQ_1742606923_195799496_sentence_segment_close.wav,She picks cars dolls and s and a set of dishes,"She picks cars, dolls, and a set of dishes."
processed_audio/annotated_sentence_segments/uid_Gt0cspsUtRSvEXXHZKUWlVAfyVq2_sid_qHzKNFpdgsms0EFSXokQ_1742606923_195799497_sentence_segment_close.wav,Her mom adds These are your choices,"Her mom adds, ""These are your choices!"""
processed_audio/annotated_sentence_segments/uid_Gt0cspsUtRSvEXXHZKUWlVAfyVq2_sid_qHzKNFpdgsms0EFSXokQ_1742606923_195799498_sentence_segment_close.wav,Charley beamed with delight her heart filled with joy,"Charley beams with delight, her heart filled with joy."
processed_audio/annotated_sentence_segments/uid_Gt0cspsUtRSvEXXHZKUWlVAfyVq2_sid_qHzKNFpdgsms0EFSXokQ_1742606923_195799499_sentence_segment_close.wav,She hugged her mom and thanked her,She hugs her mom and thanks her.
processed_audio/annotated_sentence_segments/uid_Gt0cspsUtRSvEXXHZKUWlVAfyVq2_sid_qHzKNFpdgsms0EFSXokQ_1742606923_195799500_sentence_segment_close.wav,tʃɑɹliz Charley's room now had toys that she loved to share and play with every day,Charley's room now has toys that she loves to share and play with every day.
processed_audio/annotated_sentence_segments/uid_d4lLmJzVbJaLpyCuafResXOry3t2_sid_bGZC5cTZ6ZnZ4YekSnZp_1741968579_195799501_sentence_segment_close.wav,The penguin wɑdəl ðə penguins waddled on the ice,The penguins waddle on the ice.
processed_audio/annotated_sentence_segments/uid_d4lLmJzVbJaLpyCuafResXOry3t2_sid_bGZC5cTZ6ZnZ4YekSnZp_1741968579_195799502_sentence_segment_close.wav,They dance and prance in a happy place,They dance and prance in a happy place.
processed_audio/annotated_sentence_segments/uid_d4lLmJzVbJaLpyCuafResXOry3t2_sid_bGZC5cTZ6ZnZ4YekSnZp_1741968579_195799503_sentence_segment_close.wav,One penguin finds a place of ruh|rishe,One penguin finds a piece of rice.
processed_audio/annotated_sentence_segments/uid_d4lLmJzVbJaLpyCuafResXOry3t2_sid_bGZC5cTZ6ZnZ4YekSnZp_1741968579_195799504_sentence_segment_close.wav,He shares it with his friends with great ɡ|gɹeɪs,He shares it with his friend with great grace.
processed_audio/annotated_sentence_segments/uid_d4lLmJzVbJaLpyCuafResXOry3t2_sid_bGZC5cTZ6ZnZ4YekSnZp_1741968579_195799505_sentence_segment_close.wav,As the sun sets the brace of the of a n:aɪs sleep,"As the sun sets, they brace for a nice sleep."
processed_audio/annotated_sentence_segments/uid_d4lLmJzVbJaLpyCuafResXOry3t2_sid_bGZC5cTZ6ZnZ4YekSnZp_1741968579_195799506_sentence_segment_close.wav,The penguins closed their eyes and rest in place,The penguins close their eyes and rest in peace.
processed_audio/annotated_sentence_segments/uid_ihIoefKsGwTDai7fGs9x3DyNvju2_sid_7NWbCDabsGlPeGozMkbD_1742504373_195799507_sentence_segment_close.wav,Finn was excited,Finn was excited.
processed_audio/annotated_sentence_segments/uid_ihIoefKsGwTDai7fGs9x3DyNvju2_sid_7NWbCDabsGlPeGozMkbD_1742504373_195799508_sentence_segment_close.wav,He played soccer heh wə plain caha then with his friends,He was playing soccer with his friends.
processed_audio/annotated_sentence_segments/uid_ihIoefKsGwTDai7fGs9x3DyNvju2_sid_7NWbCDabsGlPeGozMkbD_1742504373_195799509_sentence_segment_close.wav,then The sun wʌ:s shining æ:|nd everyone was smiling,"The sun was shining, and everyone was smiling."
processed_audio/annotated_sentence_segments/uid_ihIoefKsGwTDai7fGs9x3DyNvju2_sid_7NWbCDabsGlPeGozMkbD_1742504373_195799510_sentence_segment_close.wav,The b The ba:lb waɪʃ wɪfli cross the  grass,The ball was bouncing swiftly across the green grass.
processed_audio/annotated_sentence_segments/uid_ihIoefKsGwTDai7fGs9x3DyNvju2_sid_7NWbCDabsGlPeGozMkbD_1742504373_195799511_sentence_segment_close.wav,fɪnə was  cash up wəθ the ball,"Finn was sprinting, catching up with the ball."
processed_audio/annotated_sentence_segments/uid_ihIoefKsGwTDai7fGs9x3DyNvju2_sid_7NWbCDabsGlPeGozMkbD_1742504373_195799512_sentence_segment_close.wav,who kɛkt it m and it s hi:ghh ləndən into the the net,"He kicked it mightily, and it sailed high, landing into the net."
processed_audio/annotated_sentence_segments/uid_ihIoefKsGwTDai7fGs9x3DyNvju2_sid_7NWbCDabsGlPeGozMkbD_1742504373_195799513_sentence_segment_close.wav,ɡo:ʊl his friends cheer laughing your hands,"""Goal!"" his friends cheered, clapping their hands."
processed_audio/annotated_sentence_segments/uid_ihIoefKsGwTDai7fGs9x3DyNvju2_sid_7NWbCDabsGlPeGozMkbD_1742504373_195799514_sentence_segment_close.wav,Finn was behave with joy feeling like a tʃæmpiaɪ,"Finn was beaming with joy, feeling like a champion."
processed_audio/annotated_sentence_segments/uid_ihIoefKsGwTDai7fGs9x3DyNvju2_sid_7NWbCDabsGlPeGozMkbD_1742504373_195799515_sentence_segment_close.wav,After the game Finn and ɪʒ friends sat under a big green a big tree ta talking and laughing,"After the game, Finn and his friends sat under a big tree, talking and laughing."
processed_audio/annotated_sentence_segments/uid_ihIoefKsGwTDai7fGs9x3DyNvju2_sid_7NWbCDabsGlPeGozMkbD_1742504373_195799516_sentence_segment_close.wav,həðeɪ were pl planning to have another sɑkə game nɛks week ɪmædʒɪnɪ new movies əh fine timing ,"They were planning to have another soccer game next weekend, already imagining new moves and fun times ahead."
processed_audio/annotated_sentence_segments/uid_ZegJLYO9QiacSJTQWx7CWauRcQr1_sid_kC3lMOhfx8ZjMQ5HUsiC_1742611818_195799517_sentence_segment_close.wav,Max sɪ dog loved to dig,Max the dog loved to dig.
processed_audio/annotated_sentence_segments/uid_ZegJLYO9QiacSJTQWx7CWauRcQr1_sid_kC3lMOhfx8ZjMQ5HUsiC_1742611818_195799518_sentence_segment_close.wav,Every day he would dig in the garden searching for something big,"Every day, he would dig in the garden, searching for something big."
processed_audio/annotated_sentence_segments/uid_ZegJLYO9QiacSJTQWx7CWauRcQr1_sid_kC3lMOhfx8ZjMQ5HUsiC_1742611818_195799519_sentence_segment_close.wav,One sunny mornih morning Max found a big red ball bur ʌm buried in the dirt,"One sunny morning, Max found a big red ball buried in the dirt."
processed_audio/annotated_sentence_segments/uid_ZegJLYO9QiacSJTQWx7CWauRcQr1_sid_kC3lMOhfx8ZjMQ5HUsiC_1742611818_195799520_sentence_segment_close.wav,Excite Excited he wagged his tail and barked loudly,"Excited, he wagged his tail and barked loudly."
processed_audio/annotated_sentence_segments/uid_ZegJLYO9QiacSJTQWx7CWauRcQr1_sid_kC3lMOhfx8ZjMQ5HUsiC_1742611818_195799521_sentence_segment_close.wav,His friend Lily ran to see what Max had found,"His friend, Lily, ran to see what Max had found."
processed_audio/annotated_sentence_segments/uid_ZegJLYO9QiacSJTQWx7CWauRcQr1_sid_kC3lMOhfx8ZjMQ5HUsiC_1742611818_195799522_sentence_segment_close.wav,Together they play wɪt the ball tossing it high and chasing it əɹaʊnt,"Together, they played with the ball, tossing it high and chasing it around."
processed_audio/annotated_sentence_segments/uid_ZegJLYO9QiacSJTQWx7CWauRcQr1_sid_kC3lMOhfx8ZjMQ5HUsiC_1742611818_195799523_sentence_segment_close.wav,ʌm As the sun be began to ʌm s:eh ʌm set Max and Lily lay in the grass tired b ʌm but happy,"As the sun began to set, Max and Lily lay in the grass, tired but happy."
processed_audio/annotated_sentence_segments/uid_ZegJLYO9QiacSJTQWx7CWauRcQr1_sid_kC3lMOhfx8ZjMQ5HUsiC_1742611818_195799524_sentence_segment_close.wav,Max realized that digging had led him to a fun day with his best friend,Max realized that digging had led him to a fun day with his best friend.
processed_audio/annotated_sentence_segments/uid_ZegJLYO9QiacSJTQWx7CWauRcQr1_sid_kC3lMOhfx8ZjMQ5HUsiC_1742611818_195799525_sentence_segment_close.wav,It was the best day ever,It was the best day ever.
processed_audio/annotated_sentence_segments/uid_OtcDpDEzSOUb5LMT2xljtrgVWe22_sid_HeUigmOHE5Y2QQbSc5dR_1741650006_195799526_sentence_segment_close.wav,go Max and s:æm v: a:|v h.ha.|a have a cat n:|am nam z:|ah Zap,Max and Sam have a cat named Zap.
processed_audio/annotated_sentence_segments/uid_OtcDpDEzSOUb5LMT2xljtrgVWe22_sid_HeUigmOHE5Y2QQbSc5dR_1741650006_195799527_sentence_segment_close.wav,Zap in: ɪz: a f:a|s:t fast cat,Zap is a fast cat.
processed_audio/annotated_sentence_segments/uid_OtcDpDEzSOUb5LMT2xljtrgVWe22_sid_HeUigmOHE5Y2QQbSc5dR_1741650006_195799528_sentence_segment_close.wav,She l|ick lick|s to n:|æp n:æp in the w|a.|a|r|m: w:ahrm that's a hard huh warm warm s:uh sun,She likes to nap in the warm sun.
processed_audio/annotated_sentence_segments/uid_OtcDpDEzSOUb5LMT2xljtrgVWe22_sid_HeUigmOHE5Y2QQbSc5dR_1741650006_195799529_sentence_segment_close.wav,ah|n: (on) on on One One day zæ|p m:a|t m:|ɛt met a dih|duh  b:|ɪg big ɹ:|æ|t rat,"One day, Zap met a big rat."
processed_audio/annotated_sentence_segments/uid_OtcDpDEzSOUb5LMT2xljtrgVWe22_sid_HeUigmOHE5Y2QQbSc5dR_1741650006_195799530_sentence_segment_close.wav,z:|æp Zap and the ɹ|æ|t rat ɹ:|æn ran on the m:|æ|t mat,Zap and the rat ran on the mat.
processed_audio/annotated_sentence_segments/uid_OtcDpDEzSOUb5LMT2xljtrgVWe22_sid_HeUigmOHE5Y2QQbSc5dR_1741650006_195799531_sentence_segment_close.wav, They h|æd had f:|ʌn fun d|un|t dunt t|h th|en then mhm goa|t got got t|ih|r:d tiered tired tired,They had fun but then got tired.
processed_audio/annotated_sentence_segments/uid_OtcDpDEzSOUb5LMT2xljtrgVWe22_sid_HeUigmOHE5Y2QQbSc5dR_1741650006_195799532_sentence_segment_close.wav,Zap s.z.s|at zat or zit s s:it sat w:|ilth wilth th with the ɹ:|æ|t rat ən they had a n:|i|k nih  say its name n|i|k n:|aik n:aik en n:|æ:p nap  h|uh:|nd und under the sun,"Zap sat with the rat, and they had a nice nap under the sun."
processed_audio/annotated_sentence_segments/uid_jWPmLFrSHDZItPTjjPUB8KAsjlq2_sid_UebF5uJBSnxqjv2qv7BM_1742046137_195799533_sentence_segment_close.wav,In the land of Mystigal Kingdom Princess Lila love gymasticsh,"In the land of Mystical Kingdom, Princess Lila loved gymnastics."
processed_audio/annotated_sentence_segments/uid_jWPmLFrSHDZItPTjjPUB8KAsjlq2_sid_UebF5uJBSnxqjv2qv7BM_1742046137_195799534_sentence_segment_close.wav,She watched kittens tumble and dream of unicorns prancing,She watched kittens tumble and dream of unicorns prancing.
processed_audio/annotated_sentence_segments/uid_jWPmLFrSHDZItPTjjPUB8KAsjlq2_sid_UebF5uJBSnxqjv2qv7BM_1742046137_195799535_sentence_segment_close.wav,One day ʃi: saw a small ditch,"One day, she saw a small ditch."
processed_audio/annotated_sentence_segments/uid_jWPmLFrSHDZItPTjjPUB8KAsjlq2_sid_UebF5uJBSnxqjv2qv7BM_1742046137_195799536_sentence_segment_close.wav,What a spot to teach my kittens to jump,"""What a spot to teach my kittens to jump!"" Lila said."
processed_audio/annotated_sentence_segments/uid_jWPmLFrSHDZItPTjjPUB8KAsjlq2_sid_UebF5uJBSnxqjv2qv7BM_1742046137_195799537_sentence_segment_close.wav,She fetched her magical wand and waved it,She fetched her magical wand and waved it.
processed_audio/annotated_sentence_segments/uid_jWPmLFrSHDZItPTjjPUB8KAsjlq2_sid_UebF5uJBSnxqjv2qv7BM_1742046137_195799538_sentence_segment_close.wav,As the kittens began to jump they stumbled on the ledge and a dʒɛntə unicorn appeared,"As the kittens began to jump, they stumbled on the ledge, and a gentle unicorn appeared."
processed_audio/annotated_sentence_segments/uid_jWPmLFrSHDZItPTjjPUB8KAsjlq2_sid_UebF5uJBSnxqjv2qv7BM_1742046137_195799539_sentence_segment_close.wav,o:ʊ princess let me guide them the unicorn said,"""Oh, princess, let me guide them,"" the unicorn said."
processed_audio/annotated_sentence_segments/uid_jWPmLFrSHDZItPTjjPUB8KAsjlq2_sid_UebF5uJBSnxqjv2qv7BM_1742046137_195799540_sentence_segment_close.wav,With a twinkle of magic the kittens leapt with grace and dʒaɪ,"With a twinkle of magic, the kittens leapt with grace and joy."
processed_audio/annotated_sentence_segments/uid_jWPmLFrSHDZItPTjjPUB8KAsjlq2_sid_UebF5uJBSnxqjv2qv7BM_1742046137_195799541_sentence_segment_close.wav,By the end of the day the kittens learned to dance and dʒʌm|p,"By the end of the day, the kittens learned to dance and jump."
processed_audio/annotated_sentence_segments/uid_jWPmLFrSHDZItPTjjPUB8KAsjlq2_sid_UebF5uJBSnxqjv2qv7BM_1742046137_195799542_sentence_segment_close.wav,The princess smiled a and watched them prance and twirl,The princess smiled as she watched them prance and twirl.
processed_audio/annotated_sentence_segments/uid_jWPmLFrSHDZItPTjjPUB8KAsjlq2_sid_UebF5uJBSnxqjv2qv7BM_1742046137_195799543_sentence_segment_close.wav,Thank you dear unicorn Lila said with a heart full of glee,"""Thank you, dear unicorn,"" Lila said, heart full of glee."
processed_audio/annotated_sentence_segments/uid_jWPmLFrSHDZItPTjjPUB8KAsjlq2_sid_UebF5uJBSnxqjv2qv7BM_1742046137_195799544_sentence_segment_close.wav,From that day the kingdom echoed with laughter of the kittens and and the grace of a dancing princess,"From that day, the kingdom echoed with the laughter of kittens and the grace of a dancing princess."
processed_audio/annotated_sentence_segments/uid_FojhPyqH69TyqkGfzc6ZwW0tn2C2_sid_MZXCxGtW5st5dLkCO1q8_1741737208_195799545_sentence_segment_close.wav,In a lab a clever robot named Tess buzzes about,"In a lab, a clever robot named Tess buzzes about."
processed_audio/annotated_sentence_segments/uid_FojhPyqH69TyqkGfzc6ZwW0tn2C2_sid_MZXCxGtW5st5dLkCO1q8_1741737208_195799546_sentence_segment_close.wav,Her Her task in is to s:or boxes into neat piles,Her task is to sort boxes into neat piles.
processed_audio/annotated_sentence_segments/uid_FojhPyqH69TyqkGfzc6ZwW0tn2C2_sid_MZXCxGtW5st5dLkCO1q8_1741737208_195799547_sentence_segment_close.wav,Tess presses each button with precise taps,Tess presses each button with precise taps.
processed_audio/annotated_sentence_segments/uid_FojhPyqH69TyqkGfzc6ZwW0tn2C2_sid_MZXCxGtW5st5dLkCO1q8_1741737208_195799548_sentence_segment_close.wav,sʌmtaɪmʃ she messes up and boxes tumble,"Sometimes she messes up, and boxes tumble."
processed_audio/annotated_sentence_segments/uid_FojhPyqH69TyqkGfzc6ZwW0tn2C2_sid_MZXCxGtW5st5dLkCO1q8_1741737208_195799549_sentence_segment_close.wav,But Tess never stresses,But Tess never stresses.
processed_audio/annotated_sentence_segments/uid_FojhPyqH69TyqkGfzc6ZwW0tn2C2_sid_MZXCxGtW5st5dLkCO1q8_1741737208_195799550_sentence_segment_close.wav,Instead she essen əsɪmz Idun (I don't) know  keep going thuhm: the mess fixes it and carries on,"Instead, she assesses the mess, fixes it, and carries on."
processed_audio/annotated_sentence_segments/uid_FojhPyqH69TyqkGfzc6ZwW0tn2C2_sid_MZXCxGtW5st5dLkCO1q8_1741737208_195799551_sentence_segment_close.wav,Her kir|kehey glea gleamed as she pr.pross process her success,Her circuits gleam as she processes her success.
processed_audio/annotated_sentence_segments/uid_FojhPyqH69TyqkGfzc6ZwW0tn2C2_sid_MZXCxGtW5st5dLkCO1q8_1741737208_195799552_sentence_segment_close.wav,When də work ends Tess rests on a shelf feeling blessed,"When the work ends, Tess rests on a shelf, feeling blessed."
processed_audio/annotated_sentence_segments/uid_FojhPyqH69TyqkGfzc6ZwW0tn2C2_sid_MZXCxGtW5st5dLkCO1q8_1741737208_195799553_sentence_segment_close.wav,Her friend Jess another robot joins her for quiet chats as darkness envelopes də  lab,"Her friend Jess, another robot, joins her for quiet chats as darkness envelops the lab."
processed_audio/annotated_sentence_segments/uid_FojhPyqH69TyqkGfzc6ZwW0tn2C2_sid_MZXCxGtW5st5dLkCO1q8_1741737208_195799554_sentence_segment_close.wav,Together they wɑtʃθ the s|tɑɹz twinkle through the window dreaming of more tasks and adventures,"Together, they watch the stars twinkle through the window, dreaming of more tasks and adventures."
processed_audio/annotated_sentence_segments/uid_0FdMSMtn95PJ9tLFeW3F4sFLPMh1_sid_X19DlwS3B4SOtR90cYJB_1743128893_195799555_sentence_segment_close.wav,A silky chicken neɪmdə s:ɪlki lɪvəd on a small farm,A silky chicken named Silky lived on a small farm.
processed_audio/annotated_sentence_segments/uid_0FdMSMtn95PJ9tLFeW3F4sFLPMh1_sid_X19DlwS3B4SOtR90cYJB_1743128893_195799556_sentence_segment_close.wav,Silky loved to peek around the farmyard looking for seeds,Silky loved to peck around the farmyard looking for seeds.
processed_audio/annotated_sentence_segments/uid_0FdMSMtn95PJ9tLFeW3F4sFLPMh1_sid_X19DlwS3B4SOtR90cYJB_1743128893_195799557_sentence_segment_close.wav,Her feathers were soft and special because they they they ʃoʊnɪ in the sunlight like silky θwɛdz,Her feathers were soft and special because they shone in the sunlight like silky threads.
processed_audio/annotated_sentence_segments/uid_0FdMSMtn95PJ9tLFeW3F4sFLPMh1_sid_X19DlwS3B4SOtR90cYJB_1743128893_195799558_sentence_segment_close.wav,One day as Silky wandered near the pond she saw a new friend,"One day, as Silky wandered near the pond, she saw a new friend!"
processed_audio/annotated_sentence_segments/uid_0FdMSMtn95PJ9tLFeW3F4sFLPMh1_sid_X19DlwS3B4SOtR90cYJB_1743128893_195799559_sentence_segment_close.wav,It was a frog hopping across the green grass,"It was a frog, hopping across the green grass."
processed_audio/annotated_sentence_segments/uid_0FdMSMtn95PJ9tLFeW3F4sFLPMh1_sid_X19DlwS3B4SOtR90cYJB_1743128893_195799560_sentence_segment_close.wav,Silky clucked with joy Hello Frog,"Silky clucked with joy, ""Hello, Frog!"
processed_audio/annotated_sentence_segments/uid_0FdMSMtn95PJ9tLFeW3F4sFLPMh1_sid_X19DlwS3B4SOtR90cYJB_1743128893_195799561_sentence_segment_close.wav,What bɪŋz you here,"What brings you here?"""
processed_audio/annotated_sentence_segments/uid_0FdMSMtn95PJ9tLFeW3F4sFLPMh1_sid_X19DlwS3B4SOtR90cYJB_1743128893_195799562_sentence_segment_close.wav,Frog replied I am here to find a sunny spot ot to wɛst and catch some flies,"Frog replied, ""I am here to find a sunny spot to rest and catch some flies."""
processed_audio/annotated_sentence_segments/uid_0FdMSMtn95PJ9tLFeW3F4sFLPMh1_sid_X19DlwS3B4SOtR90cYJB_1743128893_195799563_sentence_segment_close.wav, Silky and Frog spent the day together,Silky and Frog spent the day together.
processed_audio/annotated_sentence_segments/uid_0FdMSMtn95PJ9tLFeW3F4sFLPMh1_sid_X19DlwS3B4SOtR90cYJB_1743128893_195799564_sentence_segment_close.wav,They explored the wide fields and found some berries to eat,They explored the wide fields and found some berries to eat.
processed_audio/annotated_sentence_segments/uid_0FdMSMtn95PJ9tLFeW3F4sFLPMh1_sid_X19DlwS3B4SOtR90cYJB_1743128893_195799565_sentence_segment_close.wav,Silky and Froguh Silky asked Frog Do you ever leap to the other side of the pɑn:d,"Silky asked Frog, ""Do you ever leap to the other side of the pond?"""
processed_audio/annotated_sentence_segments/uid_0FdMSMtn95PJ9tLFeW3F4sFLPMh1_sid_X19DlwS3B4SOtR90cYJB_1743128893_195799566_sentence_segment_close.wav,Frog croaked Yes sometimes I do bʌtə today I will stay with you,"Frog croaked, ""Yes, sometimes I do, but today I will stay with you."""
processed_audio/annotated_sentence_segments/uid_0FdMSMtn95PJ9tLFeW3F4sFLPMh1_sid_X19DlwS3B4SOtR90cYJB_1743128893_195799567_sentence_segment_close.wav, They watched the sun set panting the sky with pink and ɔɹndʒeɪ shades shadesuh feeling happy  tuə have found each other,"They watched the sun set, painting the sky with pink and orange shades, feeling happy to have found each other."
processed_audio/annotated_sentence_segments/uid_0FdMSMtn95PJ9tLFeW3F4sFLPMh1_sid_X19DlwS3B4SOtR90cYJB_1743128893_195799568_sentence_segment_close.wav,All nightm As night fell s:ɪlki return to her coop,"As night fell, Silky returned to her coop."
processed_audio/annotated_sentence_segments/uid_0FdMSMtn95PJ9tLFeW3F4sFLPMh1_sid_X19DlwS3B4SOtR90cYJB_1743128893_195799569_sentence_segment_close.wav,She whispered Good night Frog,"She whispered, ""Good night, Frog!"
processed_audio/annotated_sentence_segments/uid_0FdMSMtn95PJ9tLFeW3F4sFLPMh1_sid_X19DlwS3B4SOtR90cYJB_1743128893_195799570_sentence_segment_close.wav,See you in the m:ʌnθs to come,"See you in the months to come."""
processed_audio/annotated_sentence_segments/uid_0FdMSMtn95PJ9tLFeW3F4sFLPMh1_sid_X19DlwS3B4SOtR90cYJB_1743128893_195799571_sentence_segment_close.wav,ʌm sɪlkiə snuggled into her nest dreaming of summy sunny days and new adventures,"Silky snuggled into her nest, dreaming of sunny days and new adventures."
processed_audio/annotated_sentence_segments/uid_mHWscHBXcoabM7fdw88AliGuPWw1_sid_GKcLrRl87SaIZLrUKl4f_1741214942_195799572_sentence_segment_close.wav,wʌnt əpɑnd a time a small mermaid na:me k|ɑlə swam in the blu: ocean sea,"Once upon a time, a small mermaid named Calla swam in the blue sea."
processed_audio/annotated_sentence_segments/uid_mHWscHBXcoabM7fdw88AliGuPWw1_sid_GKcLrRl87SaIZLrUKl4f_1741214942_195799573_sentence_segment_close.wav,She loved to find shiny shesells that would woʊl under the waves,She loved to find shiny shells that would roll under the waves.
processed_audio/annotated_sentence_segments/uid_mHWscHBXcoabM7fdw88AliGuPWw1_sid_GKcLrRl87SaIZLrUKl4f_1741214942_195799574_sentence_segment_close.wav,One day Calla saw a big hull of seasells in a big haul of sunken ships,"One day, Calla saw a big haul of shells stuck in a big hull of a sunken ship."
processed_audio/annotated_sentence_segments/uid_mHWscHBXcoabM7fdw88AliGuPWw1_sid_GKcLrRl87SaIZLrUKl4f_1741214942_195799575_sentence_segment_close.wav,ʃ:i dɪfəd to pull them out with all her might,She decided to pull them out with all her might.
processed_audio/annotated_sentence_segments/uid_mHWscHBXcoabM7fdw88AliGuPWw1_sid_GKcLrRl87SaIZLrUKl4f_1741214942_195799576_sentence_segment_close.wav,She The shea|sells fɛ:l kwaɪɪŋ a bwaɪt path of cwystals (crystals),"The shells fell, creating a bright path of treasures."
processed_audio/annotated_sentence_segments/uid_mHWscHBXcoabM7fdw88AliGuPWw1_sid_GKcLrRl87SaIZLrUKl4f_1741214942_195799577_sentence_segment_close.wav,kɑl knew she had found sʌθɪŋ skpɛsəl,Calla knew she had found something special.
processed_audio/annotated_sentence_segments/uid_mHWscHBXcoabM7fdw88AliGuPWw1_sid_GKcLrRl87SaIZLrUKl4f_1741214942_195799578_sentence_segment_close.wav,She went back home to tell all hə fwɪndz about the magical find,She went back home to tell all her friends about the magical find.
processed_audio/annotated_sentence_segments/uid_mHWscHBXcoabM7fdw88AliGuPWw1_sid_GKcLrRl87SaIZLrUKl4f_1741214942_195799579_sentence_segment_close.wav,The small mermaid felt soʊu full of joy to share her discovery wɪf them all,The small mermaid felt so full of joy to share her discovery with them all.
processed_audio/annotated_sentence_segments/uid_jWPmLFrSHDZItPTjjPUB8KAsjlq2_sid_pptKRvk4auvx0qv1G7VW_1742589195_195799580_sentence_segment_close.wav,Roy and Joy two young boys faʊn a norit a noisy toy at the toy shop,"Roy and Joy, two young boys, found a noisy toy at the toy shop."
processed_audio/annotated_sentence_segments/uid_jWPmLFrSHDZItPTjjPUB8KAsjlq2_sid_pptKRvk4auvx0qv1G7VW_1742589195_195799581_sentence_segment_close.wav,Excitedly they bəʊf enjoyed the sound it made,"Excitedly, they both enjoyed the sound it made."
processed_audio/annotated_sentence_segments/uid_jWPmLFrSHDZItPTjjPUB8KAsjlq2_sid_pptKRvk4auvx0qv1G7VW_1742589195_195799582_sentence_segment_close.wav,This is fun Roy said juh joyfully,"""This is fun!"" Roy said joyfully."
processed_audio/annotated_sentence_segments/uid_jWPmLFrSHDZItPTjjPUB8KAsjlq2_sid_pptKRvk4auvx0qv1G7VW_1742589195_195799583_sentence_segment_close.wav,They played together sharing dɹɔɪ and laughter,"They played together, sharing joy and laughter."
processed_audio/annotated_sentence_segments/uid_jWPmLFrSHDZItPTjjPUB8KAsjlq2_sid_pptKRvk4auvx0qv1G7VW_1742589195_195799584_sentence_segment_close.wav,As zɪ sun set a gentle voice calls them batch,"As the sun set, a gentle voice called them back home."
processed_audio/annotated_sentence_segments/uid_jWPmLFrSHDZItPTjjPUB8KAsjlq2_sid_pptKRvk4auvx0qv1G7VW_1742589195_195799585_sentence_segment_close.wav,Reluctantly they left the tɔ:ɪ but carried joy with them ending the day with big smiles,"Reluctantly, they left the toy but carried the joy with them, ending the day with big smiles."
processed_audio/annotated_sentence_segments/uid_UHGZEyBQklbC0GB3JZMa5l8yuGT2_sid_wtJZVzntRoLHOpryqFYJ_1742390551_195799586_sentence_segment_close.wav,A buddy and a kɪtən: meet in a sunny gree:ned,A bunny and a kitten met in a sunny garden.
processed_audio/annotated_sentence_segments/uid_UHGZEyBQklbC0GB3JZMa5l8yuGT2_sid_wtJZVzntRoLHOpryqFYJ_1742390551_195799587_sentence_segment_close.wav,The bunny hopped up to the kittens kitten and said Let's run and play in the sunny,"The bunny hopped up to the kitten and said, ""Let's run and play in the sun."""
processed_audio/annotated_sentence_segments/uid_UHGZEyBQklbC0GB3JZMa5l8yuGT2_sid_wtJZVzntRoLHOpryqFYJ_1742390551_195799588_sentence_segment_close.wav,The kitten purred ɪnd nibbled,The kitten purred and nodded.
processed_audio/annotated_sentence_segments/uid_UHGZEyBQklbC0GB3JZMa5l8yuGT2_sid_wtJZVzntRoLHOpryqFYJ_1742390551_195799589_sentence_segment_close.wav,They chased each other jum|pin over logs and rolling on the grass,"They chased each other, jumping over logs and rolling on the grass."
processed_audio/annotated_sentence_segments/uid_UHGZEyBQklbC0GB3JZMa5l8yuGT2_sid_wtJZVzntRoLHOpryqFYJ_1742390551_195799590_sentence_segment_close.wav,æ.æz the sun set they h:ʌɡ|d and pɹ:ɑ:mɪst to play again,"As the sun set, they hugged and promised to play again."
processed_audio/annotated_sentence_segments/uid_UHGZEyBQklbC0GB3JZMa5l8yuGT2_sid_wtJZVzntRoLHOpryqFYJ_1742390551_195799591_sentence_segment_close.wav,fɹɛndzə f:ə.fəɹɛvəɹ the bunny and kitten smiled under the moon,"Friends forever, the bunny and kitten smiled under the moon."
processed_audio/annotated_sentence_segments/uid_aKXkeU8QguUwr1lDK1mxXri9hqN2_sid_LZv2yjBowpWsHz6Oc23r_1743550860_195799592_sentence_segment_close.wav,twirled around the fɑɹm with her furry pet Bert,"Aria twirled around the farmyard with her furry pet, Bert."
processed_audio/annotated_sentence_segments/uid_aKXkeU8QguUwr1lDK1mxXri9hqN2_sid_LZv2yjBowpWsHz6Oc23r_1743550860_195799593_sentence_segment_close.wav,She adored the farm's charm spɛʃəl the red barn where ferns grew,"She adored the farm's charm, especially the red barn where ferns grew."
processed_audio/annotated_sentence_segments/uid_aKXkeU8QguUwr1lDK1mxXri9hqN2_sid_LZv2yjBowpWsHz6Oc23r_1743550860_195799594_sentence_segment_close.wav,iktʃ morning they stɑɹtɪ f with chores and then kɑɹ time for games,"Each morning, they started with chores and then carved time for games."
processed_audio/annotated_sentence_segments/uid_aKXkeU8QguUwr1lDK1mxXri9hqN2_sid_LZv2yjBowpWsHz6Oc23r_1743550860_195799595_sentence_segment_close.wav,Aria would hurdle over the short grass læ and hug Bert,"Aria would hurdle over the short grass, laugh, and hug Bert."
processed_audio/annotated_sentence_segments/uid_aKXkeU8QguUwr1lDK1mxXri9hqN2_sid_LZv2yjBowpWsHz6Oc23r_1743550860_195799596_sentence_segment_close.wav,ee By evening the sky turned dark Aria whispered a hɑɹt heartfelt goodbye to the farm's wonders,"By evening, the sky turned dark, and Aria whispered a heartfelt goodbye to the farm's wonders."
processed_audio/annotated_sentence_segments/uid_aKXkeU8QguUwr1lDK1mxXri9hqN2_sid_LZv2yjBowpWsHz6Oc23r_1743550860_195799597_sentence_segment_close.wav,She knew she'd return soon another grand adventure her heart full of dreams,"She knew she'd return soon for another grand adventure, her heart full of dreams."
processed_audio/annotated_sentence_segments/uid_XmxSYUZAj4dRqSczt2clQkDf31M2_sid_tM98qutW5zVbaMrfE1fe_1742782716_195799598_sentence_segment_close.wav,Once epon a time a rabbit named pet Pete found a shiny red bike,"Once upon a time, a rabbit named Pete found a shiny red bike."
processed_audio/annotated_sentence_segments/uid_XmxSYUZAj4dRqSczt2clQkDf31M2_sid_tM98qutW5zVbaMrfE1fe_1742782716_195799599_sentence_segment_close.wav,It s:|t|old stoʊld by a w.wild oak tɹi stood by a wild oo.oh oak tree in the park,It stood by a wide oak tree in the park.
processed_audio/annotated_sentence_segments/uid_XmxSYUZAj4dRqSczt2clQkDf31M2_sid_tM98qutW5zVbaMrfE1fe_1742782716_195799600_sentence_segment_close.wav,ser|kumsly peh Pete hoped closer this no ha his nose twitched with delight,"Curious, Pete hopped closer, his nose twitching with delight."
processed_audio/annotated_sentence_segments/uid_XmxSYUZAj4dRqSczt2clQkDf31M2_sid_tM98qutW5zVbaMrfE1fe_1742782716_195799601_sentence_segment_close.wav,I'll take a ride he thought,"""I'll take a ride!"" he thought."
processed_audio/annotated_sentence_segments/uid_XmxSYUZAj4dRqSczt2clQkDf31M2_sid_tM98qutW5zVbaMrfE1fe_1742782716_195799602_sentence_segment_close.wav,With hih With a brave heart pik kwaɪmd on the on a begi and beganning to pedal,"With a brave heart, Pete climbed on and began to pedal."
processed_audio/annotated_sentence_segments/uid_XmxSYUZAj4dRqSczt2clQkDf31M2_sid_tM98qutW5zVbaMrfE1fe_1742782716_195799603_sentence_segment_close.wav,As he ɹoʊ pæs the pa: p|ɑnd he he the breeze fɛltʃ great,"As he rode past the pond, the breeze felt great."
processed_audio/annotated_sentence_segments/uid_XmxSYUZAj4dRqSczt2clQkDf31M2_sid_tM98qutW5zVbaMrfE1fe_1742782716_195799604_sentence_segment_close.wav,ah He thought He rode thought through f: ficient field and over the a little wild branch,He rode through fields and over a little white bridge.
processed_audio/annotated_sentence_segments/uid_XmxSYUZAj4dRqSczt2clQkDf31M2_sid_tM98qutW5zVbaMrfE1fe_1742782716_195799605_sentence_segment_close.wav,pet lah Pete laughed hih.hih as he ear əɪɹ fiddled fatal in the wild,Pete laughed as his ears fluttered in the wind.
processed_audio/annotated_sentence_segments/uid_XmxSYUZAj4dRqSczt2clQkDf31M2_sid_tM98qutW5zVbaMrfE1fe_1742782716_195799606_sentence_segment_close.wav,Finally Pete rode ba|t home feeling happy and proud,"Finally, Pete rode back home, feeling happy and proud."
processed_audio/annotated_sentence_segments/uid_XmxSYUZAj4dRqSczt2clQkDf31M2_sid_tM98qutW5zVbaMrfE1fe_1742782716_195799607_sentence_segment_close.wav,Riding a eɪ bike was fun and æ he couldn't wait to ride again,"Riding a bike was fun, and he couldn't wait to ride again!"
processed_audio/annotated_sentence_segments/uid_flpss45kNMRJ1OyjEiJaPFx5rCo2_sid_R5ayIWS3BhX54S6qzZuq_1742679705_195799608_sentence_segment_close.wav,In a faraway galaxy there was a magical place called Star Waterfall,"In a faraway galaxy, there was a magical place called Star Waterfall."
processed_audio/annotated_sentence_segments/uid_flpss45kNMRJ1OyjEiJaPFx5rCo2_sid_R5ayIWS3BhX54S6qzZuq_1742679705_195799609_sentence_segment_close.wav,Every night stars would zoom and swoop down like a glowing waterfall,"Every night, stars would zoom and swoop down like a glowing waterfall."
processed_audio/annotated_sentence_segments/uid_flpss45kNMRJ1OyjEiJaPFx5rCo2_sid_R5ayIWS3BhX54S6qzZuq_1742679705_195799610_sentence_segment_close.wav,Luna a young explore flew her blue spaceship to see it,"Luna, a young explorer, flew her blue spaceship to see it."
processed_audio/annotated_sentence_segments/uid_flpss45kNMRJ1OyjEiJaPFx5rCo2_sid_R5ayIWS3BhX54S6qzZuq_1742679705_195799611_sentence_segment_close.wav,As she drew near she saw the stars creating a beautiful s ʌm s|pɑɹklɪŋ mist,"As she drew near, she saw the stars creating a beautiful, sparkling mist."
processed_audio/annotated_sentence_segments/uid_flpss45kNMRJ1OyjEiJaPFx5rCo2_sid_R5ayIWS3BhX54S6qzZuq_1742679705_195799612_sentence_segment_close.wav,Luna knew this view was rare and felt lucky to be there,Luna knew this view was rare and felt lucky to be there.
processed_audio/annotated_sentence_segments/uid_flpss45kNMRJ1OyjEiJaPFx5rCo2_sid_R5ayIWS3BhX54S6qzZuq_1742679705_195799613_sentence_segment_close.wav,She whispered to her crew Isn't this a wonderful view,"She whispered to her crew, ""Isn't this a wonderful view?"""
processed_audio/annotated_sentence_segments/uid_flpss45kNMRJ1OyjEiJaPFx5rCo2_sid_R5ayIWS3BhX54S6qzZuq_1742679705_195799614_sentence_segment_close.wav,ðe all agreed feeling sense of wonder,"They all agreed, feeling a sense of wonder."
processed_audio/annotated_sentence_segments/uid_flpss45kNMRJ1OyjEiJaPFx5rCo2_sid_R5ayIWS3BhX54S6qzZuq_1742679705_195799615_sentence_segment_close.wav,As they flew back home Luna n əm knew she'd never forget the əm starry wɑtəɹfɔli oʊ waterfall's glow and adventure they shared,"As they flew back home, Luna knew she'd never forget the starry waterfall's glow and the adventure they shared."
processed_audio/annotated_sentence_segments/uid_XmxSYUZAj4dRqSczt2clQkDf31M2_sid_KX6o32AjbfasGPQJmgaX_1741231701_195799616_sentence_segment_close.wav,Once eɪpɔn a time a in a vɛəns cave lived a mighty wolf king named Eri|c,"Once upon a time, in a vast cave, lived a mighty wolf king named Ace."
processed_audio/annotated_sentence_segments/uid_XmxSYUZAj4dRqSczt2clQkDf31M2_sid_KX6o32AjbfasGPQJmgaX_1741231701_195799617_sentence_segment_close.wav,Eric was brave and w:is,Ace was brave and wise.
processed_audio/annotated_sentence_segments/uid_XmxSYUZAj4dRqSczt2clQkDf31M2_sid_KX6o32AjbfasGPQJmgaX_1741231701_195799618_sentence_segment_close.wav,His His slavery meh m.meɪn s:tone bright and like a flame and the s:a slain,His silver mane shone bright like a flame in the silent night.
processed_audio/annotated_sentence_segments/uid_mHWscHBXcoabM7fdw88AliGuPWw1_sid_IEFc5rVkZZUjWvLVMKyJ_1743463169_195799619_sentence_segment_close.wav,Pat has a black cat,Pam has a black cat.
processed_audio/annotated_sentence_segments/uid_mHWscHBXcoabM7fdw88AliGuPWw1_sid_IEFc5rVkZZUjWvLVMKyJ_1743463169_195799620_sentence_segment_close.wav,The cat sat on his mat,The cat sat on the mat.
processed_audio/annotated_sentence_segments/uid_mHWscHBXcoabM7fdw88AliGuPWw1_sid_IEFc5rVkZZUjWvLVMKyJ_1743463169_195799621_sentence_segment_close.wav,Pam said No,"Pam said, ""No!"""
processed_audio/annotated_sentence_segments/uid_mHWscHBXcoabM7fdw88AliGuPWw1_sid_IEFc5rVkZZUjWvLVMKyJ_1743463169_195799622_sentence_segment_close.wav,The cat wæn,The cat ran.
processed_audio/annotated_sentence_segments/uid_mHWscHBXcoabM7fdw88AliGuPWw1_sid_IEFc5rVkZZUjWvLVMKyJ_1743463169_195799623_sentence_segment_close.wav,The cat can't nap on the mat,The cat can't nap on the mat.
processed_audio/annotated_sentence_segments/uid_mHWscHBXcoabM7fdw88AliGuPWw1_sid_IEFc5rVkZZUjWvLVMKyJ_1743463169_195799624_sentence_segment_close.wav,Pam put a wɛd hat on the cat,Pam put a red hat on the cat.
processed_audio/annotated_sentence_segments/uid_mHWscHBXcoabM7fdw88AliGuPWw1_sid_IEFc5rVkZZUjWvLVMKyJ_1743463169_195799625_sentence_segment_close.wav,Go cat pəm said,"""Go, cat!"" Pam said."
processed_audio/annotated_sentence_segments/uid_mHWscHBXcoabM7fdw88AliGuPWw1_sid_IEFc5rVkZZUjWvLVMKyJ_1743463169_195799626_sentence_segment_close.wav,The cat ran fast,The cat ran fast.
processed_audio/annotated_sentence_segments/uid_mHWscHBXcoabM7fdw88AliGuPWw1_sid_IEFc5rVkZZUjWvLVMKyJ_1743463169_195799627_sentence_segment_close.wav,Now the cat is glad,Now the cat is glad.
processed_audio/annotated_sentence_segments/uid_mHWscHBXcoabM7fdw88AliGuPWw1_sid_IEFc5rVkZZUjWvLVMKyJ_1743463169_195799628_sentence_segment_close.wav,Pam is glad du,"Pam is glad, too."
processed_audio/annotated_sentence_segments/uid_IxbpyVeneRWBOVT8zPZO9dPynyX2_sid_HV05en4ImNW96o2lRmST_1741910757_195799629_sentence_segment_close.wav,Max loved video games especially the new one he got last week,"Max loved playing video games, especially the new one he got last week."
processed_audio/annotated_sentence_segments/uid_IxbpyVeneRWBOVT8zPZO9dPynyX2_sid_HV05en4ImNW96o2lRmST_1741910757_195799630_sentence_segment_close.wav,He sat on his comfy blue chair ready to explore a digital world filled with challenges and fun,"He sat on his comfy blue chair, ready to explore a digital world filled with challenges and fun."
processed_audio/annotated_sentence_segments/uid_IxbpyVeneRWBOVT8zPZO9dPynyX2_sid_HV05en4ImNW96o2lRmST_1741910757_195799631_sentence_segment_close.wav,Max's favorite game was called Fruit Quest where players had to gather fruits and avoid sticky goo traps,"Max's favorite game was called ""Fruit Quest,"" where players had to gather fruits and avoid sticky goo traps."
processed_audio/annotated_sentence_segments/uid_IxbpyVeneRWBOVT8zPZO9dPynyX2_sid_HV05en4ImNW96o2lRmST_1741910757_195799632_sentence_segment_close.wav,Every time Max collected a jer juicy fruit and gay the game would play a cheerful tune,"Every time Max collected a juicy fruit, the game would play a cheerful tune."
processed_audio/annotated_sentence_segments/uid_IxbpyVeneRWBOVT8zPZO9dPynyX2_sid_HV05en4ImNW96o2lRmST_1741910757_195799633_sentence_segment_close.wav,In the game Max's character kih could fly through the air using a magical flute,"In the game, Max's character could fly through the air using a magical flute."
processed_audio/annotated_sentence_segments/uid_IxbpyVeneRWBOVT8zPZO9dPynyX2_sid_HV05en4ImNW96o2lRmST_1741910757_195799634_sentence_segment_close.wav,The music jæ guided him past the goo monsters of the chewing anything they touched,The music guided him past the goo monsters that chewed on anything they touched.
processed_audio/annotated_sentence_segments/uid_IxbpyVeneRWBOVT8zPZO9dPynyX2_sid_HV05en4ImNW96o2lRmST_1741910757_195799635_sentence_segment_close.wav,Max had mastered art of dodging them and shi|um moves with əh moves and a keen eye,Max had mastered the art of dodging them using swift moves and a keen eye.
processed_audio/annotated_sentence_segments/uid_IxbpyVeneRWBOVT8zPZO9dPynyX2_sid_HV05en4ImNW96o2lRmST_1741910757_195799636_sentence_segment_close.wav,One day as Max with rare oʊ played he discovered a hidden path,"One day, as Max played, he discovered a hidden path."
processed_audio/annotated_sentence_segments/uid_IxbpyVeneRWBOVT8zPZO9dPynyX2_sid_HV05en4ImNW96o2lRmST_1741910757_195799637_sentence_segment_close.wav,It led to a glowing tree filled with rare blue berries that would boost ih his points,It led to a glowing tree filled with rare blue berries that would boost his points.
processed_audio/annotated_sentence_segments/uid_IxbpyVeneRWBOVT8zPZO9dPynyX2_sid_HV05en4ImNW96o2lRmST_1741910757_195799638_sentence_segment_close.wav,He was thrilled,He was thrilled!
processed_audio/annotated_sentence_segments/uid_IxbpyVeneRWBOVT8zPZO9dPynyX2_sid_HV05en4ImNW96o2lRmST_1741910757_195799639_sentence_segment_close.wav,Max shared his exciting discovery with his friends and they all started playing together helping each other find its win the paths and treasures,"Max shared his exciting discovery with his friends, and they all started playing together, helping each other find new paths and treasures."
processed_audio/annotated_sentence_segments/uid_IxbpyVeneRWBOVT8zPZO9dPynyX2_sid_HV05en4ImNW96o2lRmST_1741910757_195799640_sentence_segment_close.wav,Max's skill grew every in days went by and so did his fun,"Max's skills grew as the days went by, and so did his fun."
processed_audio/annotated_sentence_segments/uid_IxbpyVeneRWBOVT8zPZO9dPynyX2_sid_HV05en4ImNW96o2lRmST_1741910757_195799641_sentence_segment_close.wav,Video games were not just vee games they were adventures waiting to unfold with every lee level əm bringing something new,"Video games were not just games; they were adventures waiting to unfold, with every level bringing something new."
processed_audio/annotated_sentence_segments/uid_IxbpyVeneRWBOVT8zPZO9dPynyX2_sid_HV05en4ImNW96o2lRmST_1741910757_195799642_sentence_segment_close.wav,Max knew he had found a hobby that would keep him entertains to think creative,Max knew he had found a hobby that would keep him entertained and thinking creatively.
processed_audio/annotated_sentence_segments/uid_u2hytH2KWIS6ewdShfEZisygqIo2_sid_OYMPtsAm5CltlmZDwKKI_1741483914_195799643_sentence_segment_close.wav,Mark and Lauren were making parts for a pie,Mark and Lorna were making parts for a pie.
processed_audio/annotated_sentence_segments/uid_u2hytH2KWIS6ewdShfEZisygqIo2_sid_OYMPtsAm5CltlmZDwKKI_1741483914_195799644_sentence_segment_close.wav,First they cut an apple into fourths,"First, they cut an apple into fourths."
processed_audio/annotated_sentence_segments/uid_u2hytH2KWIS6ewdShfEZisygqIo2_sid_OYMPtsAm5CltlmZDwKKI_1741483914_195799645_sentence_segment_close.wav,p:ark gave a tʃ:ɑ|p then Lauren chopped,"Mark gave a chop, then Lorna chopped."
processed_audio/annotated_sentence_segments/uid_u2hytH2KWIS6ewdShfEZisygqIo2_sid_OYMPtsAm5CltlmZDwKKI_1741483914_195799646_sentence_segment_close.wav,Next eɪ pɔɹtɛd some juice over the ,"Next, they poured some juice over the pieces."
processed_audio/annotated_sentence_segments/uid_u2hytH2KWIS6ewdShfEZisygqIo2_sid_OYMPtsAm5CltlmZDwKKI_1741483914_195799647_sentence_segment_close.wav,Now for thirds said Mark as he slice the pie into thirds,"""Now for thirds,"" said Mark as he sliced the pie into thirds."
processed_audio/annotated_sentence_segments/uid_u2hytH2KWIS6ewdShfEZisygqIo2_sid_OYMPtsAm5CltlmZDwKKI_1741483914_195799648_sentence_segment_close.wav,After working together the tæs was done wɪs smiles,"After working together, the task was done with smiles."
processed_audio/annotated_sentence_segments/uid_u2hytH2KWIS6ewdShfEZisygqIo2_sid_OYMPtsAm5CltlmZDwKKI_1741483914_195799649_sentence_segment_close.wav,They had created a perfect shape pie,"They had crafted a perfect, shared pie."
processed_audio/annotated_sentence_segments/uid_u2hytH2KWIS6ewdShfEZisygqIo2_sid_OYMPtsAm5CltlmZDwKKI_1741483914_195799650_sentence_segment_close.wav,Now they could enjoy the f:ruit of their læmbɔɹ,"Now, they could enjoy the fruits of their labor."
processed_audio/annotated_sentence_segments/uid_qgT735VZ7OPJmWzvIgZGZAchHgD2_sid_16P17noOcmpEnO20pHgy_1742416351_195799651_sentence_segment_close.wav,Jill loved loved basketball,Jill loved basketball.
processed_audio/annotated_sentence_segments/uid_qgT735VZ7OPJmWzvIgZGZAchHgD2_sid_16P17noOcmpEnO20pHgy_1742416351_195799652_sentence_segment_close.wav,She played each day hoping to improve her skills,"She played each day, hoping to improve her skills."
processed_audio/annotated_sentence_segments/uid_qgT735VZ7OPJmWzvIgZGZAchHgD2_sid_16P17noOcmpEnO20pHgy_1742416351_195799653_sentence_segment_close.wav,Her best friend Mia would cheer and shoo shout You can do it Jill,"Her best friend, Mia, would cheer and shout, ""You can do it, Jill!"""
processed_audio/annotated_sentence_segments/uid_qgT735VZ7OPJmWzvIgZGZAchHgD2_sid_16P17noOcmpEnO20pHgy_1742416351_195799654_sentence_segment_close.wav,Every game Jill got better,"Every game, Jill got better."
processed_audio/annotated_sentence_segments/uid_qgT735VZ7OPJmWzvIgZGZAchHgD2_sid_16P17noOcmpEnO20pHgy_1742416351_195799655_sentence_segment_close.wav,One summer day Jill joined a big match,"One sunny day, Jill joined a big match."
processed_audio/annotated_sentence_segments/uid_qgT735VZ7OPJmWzvIgZGZAchHgD2_sid_16P17noOcmpEnO20pHgy_1742416351_195799656_sentence_segment_close.wav,She was nervous but determined ditɜɹmɪnd,She was nervous but determined.
processed_audio/annotated_sentence_segments/uid_qgT735VZ7OPJmWzvIgZGZAchHgD2_sid_16P17noOcmpEnO20pHgy_1742416351_195799657_sentence_segment_close.wav,as At first the ball did not go where she aimed,"At first, the ball did not go where she aimed."
processed_audio/annotated_sentence_segments/uid_qgT735VZ7OPJmWzvIgZGZAchHgD2_sid_16P17noOcmpEnO20pHgy_1742416351_195799658_sentence_segment_close.wav,But soon Jill found her rhythm,"But soon, Jill found her rhythm."
processed_audio/annotated_sentence_segments/uid_qgT735VZ7OPJmWzvIgZGZAchHgD2_sid_16P17noOcmpEnO20pHgy_1742416351_195799659_sentence_segment_close.wav,She dribbled with easy move moved past the other team and made a great shoot,"She dribbled with ease, moved past the other team, and made a great shot."
processed_audio/annotated_sentence_segments/uid_qgT735VZ7OPJmWzvIgZGZAchHgD2_sid_16P17noOcmpEnO20pHgy_1742416351_195799660_sentence_segment_close.wav,The crowd cheered loudly,The crowd cheered loudly.
processed_audio/annotated_sentence_segments/uid_qgT735VZ7OPJmWzvIgZGZAchHgD2_sid_16P17noOcmpEnO20pHgy_1742416351_195799661_sentence_segment_close.wav,In the end Jill's team won by just one point,"In the end, Jill's team won by just one point."
processed_audio/annotated_sentence_segments/uid_qgT735VZ7OPJmWzvIgZGZAchHgD2_sid_16P17noOcmpEnO20pHgy_1742416351_195799662_sentence_segment_close.wav,Jill ch Jill's heart was full of joy,Jill's heart was full of joy.
processed_audio/annotated_sentence_segments/uid_qgT735VZ7OPJmWzvIgZGZAchHgD2_sid_16P17noOcmpEnO20pHgy_1742416351_195799663_sentence_segment_close.wav,The coach said Jill you played with heart and skill,"The coach said, ""Jill, you played with heart and skill."
processed_audio/annotated_sentence_segments/uid_qgT735VZ7OPJmWzvIgZGZAchHgD2_sid_16P17noOcmpEnO20pHgy_1742416351_195799664_sentence_segment_close.wav,Well done,"Well done!"""
processed_audio/annotated_sentence_segments/uid_qgT735VZ7OPJmWzvIgZGZAchHgD2_sid_16P17noOcmpEnO20pHgy_1742416351_195799665_sentence_segment_close.wav,Mia gave Jill a hug saying I knew you could do it,"Mia gave Jill a hug, saying, ""I knew you could do it!"""
processed_audio/annotated_sentence_segments/uid_qgT735VZ7OPJmWzvIgZGZAchHgD2_sid_16P17noOcmpEnO20pHgy_1742416351_195799666_sentence_segment_close.wav,Jill learned that practice and bul  buh bul is that pelief belief mind all the dɪfəɹənsis,Jill learned that practice and belief made all the difference.
processed_audio/annotated_sentence_segments/uid_qgT735VZ7OPJmWzvIgZGZAchHgD2_sid_16P17noOcmpEnO20pHgy_1742416351_195799667_sentence_segment_close.wav,She: wud proud She was proud of herself and looking f:arluhnwhy fa:rend to play again,She was proud of herself and looked forward to playing again.
processed_audio/annotated_sentence_segments/uid_sHl4il5Li8NKe5aMecUSJyXBFco2_sid_mg0Ugb9lQpWp0xhWl9aX_1742740162_195799668_sentence_segment_close.wav,-on a time a cute bunny neɪ:md leɪlə lived in a lipi green forest,"Once upon a time, a cute bunny named Lila lived in a leafy, green forest."
processed_audio/annotated_sentence_segments/uid_sHl4il5Li8NKe5aMecUSJyXBFco2_sid_mg0Ugb9lQpWp0xhWl9aX_1742740162_195799669_sentence_segment_close.wav,Lilla loved to lɑɪlə: loved to hop ʌʔ lively through the woods every day,Lila loved to hop lively through the woods every day.
processed_audio/annotated_sentence_segments/uid_sHl4il5Li8NKe5aMecUSJyXBFco2_sid_mg0Ugb9lQpWp0xhWl9aX_1742740162_195799670_sentence_segment_close.wav,She bounced laɪtli: over the zɔf mɑ.mɑsi ground,"She bounced lightly over the soft, mossy ground."
processed_audio/annotated_sentence_segments/uid_sHl4il5Li8NKe5aMecUSJyXBFco2_sid_mg0Ugb9lQpWp0xhWl9aX_1742740162_195799671_sentence_segment_close.wav,Her days were filled with endless play chasing the sunlight and curling up warmly at night,"Her days were filled with endless play, chasing the sunlight and curling up warmly at night."
processed_audio/annotated_sentence_segments/uid_sHl4il5Li8NKe5aMecUSJyXBFco2_sid_mg0Ugb9lQpWp0xhWl9aX_1742740162_195799672_sentence_segment_close.wav,One sunny morning Lila explored ə.ə new path that led uhher to a lovely hidden meadow,"One sunny morning, Lila explored a new path that led her to a lovely, hidden meadow."
processed_audio/annotated_sentence_segments/uid_sHl4il5Li8NKe5aMecUSJyXBFco2_sid_mg0Ugb9lQpWp0xhWl9aX_1742740162_195799673_sentence_segment_close.wav,The meadow was gently dotted with kʌləfəl flowers,The meadow was gently dotted with colorful flowers.
processed_audio/annotated_sentence_segments/uid_sHl4il5Li8NKe5aMecUSJyXBFco2_sid_mg0Ugb9lQpWp0xhWl9aX_1742740162_195799674_sentence_segment_close.wav,Lih.Lila's taɪnli nose twitched happily as she jump briskly from flower to flower,Lila's tiny nose twitched happily as she jumped briskly from flower to flower.
processed_audio/annotated_sentence_segments/uid_sHl4il5Li8NKe5aMecUSJyXBFco2_sid_mg0Ugb9lQpWp0xhWl9aX_1742740162_195799675_sentence_segment_close.wav,She felt truly delighted by herruh discovery,She felt truly delighted by her discovery.
processed_audio/annotated_sentence_segments/uid_sHl4il5Li8NKe5aMecUSJyXBFco2_sid_mg0Ugb9lQpWp0xhWl9aX_1742740162_195799676_sentence_segment_close.wav,æzə 'dʌkul approach ihwuhz time to head back,"As dusk approached, it was time to head back."
processed_audio/annotated_sentence_segments/uid_sHl4il5Li8NKe5aMecUSJyXBFco2_sid_mg0Ugb9lQpWp0xhWl9aX_1742740162_195799677_sentence_segment_close.wav,The path was quiet|ly Thpath home was quietly peaceful,The path home was quietly peaceful.
processed_audio/annotated_sentence_segments/uid_sHl4il5Li8NKe5aMecUSJyXBFco2_sid_mg0Ugb9lQpWp0xhWl9aX_1742740162_195799678_sentence_segment_close.wav,liðə Li|ly hopped down slowly sɛvəɹiŋ each moment ʌndəɹə the glow of the moon,"Lila hopped slowly, savoring each moment under the glow of the moon."
processed_audio/annotated_sentence_segments/uid_sHl4il5Li8NKe5aMecUSJyXBFco2_sid_mg0Ugb9lQpWp0xhWl9aX_1742740162_195799679_sentence_segment_close.wav,Tired yet ful|filled she nɛzld kʌmftəɹbl:i to her furry bed dreams swaying to heh sleep softly,"Tired, yet fulfilled, she nestled comfortably in her furry bed, dreams swaying her to sleep softly."
processed_audio/annotated_sentence_segments/uid_sHl4il5Li8NKe5aMecUSJyXBFco2_sid_mg0Ugb9lQpWp0xhWl9aX_1742740162_195799680_sentence_segment_close.wav,And so which with each twilight lilə returned to her lovely meadow a place where də|laɪtfəl dreams would lightly flʌəɹ through her sleep mind,"And so, with each twilight, Lila returned to her lovely meadow, a place where delightful dreams would lightly flutter through her sleepy mind."
processed_audio/annotated_sentence_segments/uid_WXRuAJyMuAViHCpYPRVffOrexB03_sid_bq1I40IRipJTvbMVsQoS_1742945295_195799681_sentence_segment_close.wav,Flax A cat named Flax felt cold in a brisk w:ɪnd,A cat named Flax felt cold in a brisk wind.
processed_audio/annotated_sentence_segments/uid_WXRuAJyMuAViHCpYPRVffOrexB03_sid_bq1I40IRipJTvbMVsQoS_1742945295_195799682_sentence_segment_close.wav,Flax re|d red ran fæs:t pæ:st Gr:e:gst stand,Flax ran fast past Grant's stand.
processed_audio/annotated_sentence_segments/uid_WXRuAJyMuAViHCpYPRVffOrexB03_sid_bq1I40IRipJTvbMVsQoS_1742945295_195799683_sentence_segment_close.wav,Spot the dog b.bəh.bɑɹkt did d.d|o|ne done di|t buh briss: mʔm but b|ʌ|t but did nɒ|t briss h|ah|luhst l:.la|p h|al:|st halst hals:t,"Spot, the dog, barked but did not halt."
processed_audio/annotated_sentence_segments/uid_WXRuAJyMuAViHCpYPRVffOrexB03_sid_bq1I40IRipJTvbMVsQoS_1742945295_195799684_sentence_segment_close.wav,vlæk found a snʌ|g red cap in a bɐ|ks,Flax found a snug red cap in a box.
processed_audio/annotated_sentence_segments/uid_WXRuAJyMuAViHCpYPRVffOrexB03_sid_bq1I40IRipJTvbMVsQoS_1742945295_195799685_sentence_segment_close.wav,The cap was so snug Flax the danced on in thick mats,"The cap was so snug, Flax danced on thick mats."
processed_audio/annotated_sentence_segments/uid_WXRuAJyMuAViHCpYPRVffOrexB03_sid_bq1I40IRipJTvbMVsQoS_1742945295_195799686_sentence_segment_close.wav,n: nev n oo n|ah|w nou n|nah ow naʊ well w w|ah|m: no wɔɹm wɔɹm Now warm Flax napped s sat sleeped under the sun,"Now warm, Flax slept under the sun."
processed_audio/annotated_sentence_segments/uid_ejZWulX03uRlAA3C5VqYK6jKNYs1_sid_LUuTijhm7jsKH4nsoD5d_1741133671_195799687_sentence_segment_close.wav,Timmy loved Dum Dums,Timmy loved Dum Dums.
processed_audio/annotated_sentence_segments/uid_ejZWulX03uRlAA3C5VqYK6jKNYs1_sid_LUuTijhm7jsKH4nsoD5d_1741133671_195799688_sentence_segment_close.wav,He thought they were the best candy ever,He thought they were the best candy ever.
processed_audio/annotated_sentence_segments/uid_ejZWulX03uRlAA3C5VqYK6jKNYs1_sid_LUuTijhm7jsKH4nsoD5d_1741133671_195799689_sentence_segment_close.wav,One sunny day Timmy found a huge jar of Dum Dums in the in the corner of his room,"One sunny day, Timmy found a huge jar of Dum Dums in the corner of his room."
processed_audio/annotated_sentence_segments/uid_ejZWulX03uRlAA3C5VqYK6jKNYs1_sid_LUuTijhm7jsKH4nsoD5d_1741133671_195799690_sentence_segment_close.wav,He was happier than ever,He was happier than ever.
processed_audio/annotated_sentence_segments/uid_ejZWulX03uRlAA3C5VqYK6jKNYs1_sid_LUuTijhm7jsKH4nsoD5d_1741133671_195799691_sentence_segment_close.wav,Timmy wanted to share the Dum Dums with his friends,Timmy wanted to share the Dum Dums with his friends.
processed_audio/annotated_sentence_segments/uid_ejZWulX03uRlAA3C5VqYK6jKNYs1_sid_LUuTijhm7jsKH4nsoD5d_1741133671_195799692_sentence_segment_close.wav,He called them over and they gathered around the colorful jar,He called them over and they gathered around the colorful jar.
processed_audio/annotated_sentence_segments/uid_ejZWulX03uRlAA3C5VqYK6jKNYs1_sid_LUuTijhm7jsKH4nsoD5d_1741133671_195799693_sentence_segment_close.wav,Each friend took a Dum Dum and smiled,Each friend took a Dum Dum and smiled.
processed_audio/annotated_sentence_segments/uid_ejZWulX03uRlAA3C5VqYK6jKNYs1_sid_LUuTijhm7jsKH4nsoD5d_1741133671_195799694_sentence_segment_close.wav,These are the tastiest treats Sarah seh said Sarah,"""These are the tastiest treats!"", said Sarah."
processed_audio/annotated_sentence_segments/uid_ejZWulX03uRlAA3C5VqYK6jKNYs1_sid_LUuTijhm7jsKH4nsoD5d_1741133671_195799695_sentence_segment_close.wav,The friends played games to see who could finish their Dum Dum faster,The friends played games to see who could finish their Dum Dum faster.
processed_audio/annotated_sentence_segments/uid_ejZWulX03uRlAA3C5VqYK6jKNYs1_sid_LUuTijhm7jsKH4nsoD5d_1741133671_195799696_sentence_segment_close.wav,It was the funniest day ever,It was the funniest day ever.
processed_audio/annotated_sentence_segments/uid_ejZWulX03uRlAA3C5VqYK6jKNYs1_sid_LUuTijhm7jsKH4nsoD5d_1741133671_195799697_sentence_segment_close.wav,They laughed and played until the sun began to set,They laughed and played until the sun began to set.
processed_audio/annotated_sentence_segments/uid_ejZWulX03uRlAA3C5VqYK6jKNYs1_sid_LUuTijhm7jsKH4nsoD5d_1741133671_195799698_sentence_segment_close.wav,Soon it was time for the friends to go home,"Soon, it was time for the friends to go home."
processed_audio/annotated_sentence_segments/uid_ejZWulX03uRlAA3C5VqYK6jKNYs1_sid_LUuTijhm7jsKH4nsoD5d_1741133671_195799699_sentence_segment_close.wav,Timmy waved goodbye and promised Next time I'll have even more Dum Dums,"Timmy waved goodbye and promised, ""Next time, I'll have even more Dum Dums!"""
processed_audio/annotated_sentence_segments/uid_ejZWulX03uRlAA3C5VqYK6jKNYs1_sid_LUuTijhm7jsKH4nsoD5d_1741133671_195799700_sentence_segment_close.wav,Timmy was tired but proud,Timmy was tired but proud.
processed_audio/annotated_sentence_segments/uid_ejZWulX03uRlAA3C5VqYK6jKNYs1_sid_LUuTijhm7jsKH4nsoD5d_1741133671_195799701_sentence_segment_close.wav,He felt like the best friend ever because he shared his favorite treats,He felt like the best friend ever because he shared his favorite treats.
processed_audio/annotated_sentence_segments/uid_ejZWulX03uRlAA3C5VqYK6jKNYs1_sid_LUuTijhm7jsKH4nsoD5d_1741133671_195799702_sentence_segment_close.wav,As he drifted off to sleep he dreamed of sweet colorful Dum Dums and fun days with hiθ flɛndz,"As he drifted off to sleep, he dreamed of sweet, colorful Dum Dums and fun days with his friends."
processed_audio/annotated_sentence_segments/uid_ejZWulX03uRlAA3C5VqYK6jKNYs1_sid_LUuTijhm7jsKH4nsoD5d_1741133671_195799703_sentence_segment_close.wav,The end,The end.
processed_audio/annotated_sentence_segments/uid_sHl4il5Li8NKe5aMecUSJyXBFco2_sid_yHl0ErSvLJToSxLcmZqU_1741190708_195799704_sentence_segment_close.wav,In a small kah town there are many cats,"In a small town, there were many cats."
processed_audio/annotated_sentence_segments/uid_sHl4il5Li8NKe5aMecUSJyXBFco2_sid_yHl0ErSvLJToSxLcmZqU_1741190708_195799705_sentence_segment_close.wav,Each day the cat would play in bright sunlight gardens,"Each day, the cats would play in bright, sunlit gardens."
processed_audio/annotated_sentence_segments/uid_sHl4il5Li8NKe5aMecUSJyXBFco2_sid_yHl0ErSvLJToSxLcmZqU_1741190708_195799706_sentence_segment_close.wav,wɪskəɹ:z a fluffy kah black cat loved to chase butterflies,"Whiskers, a fluffy black cat, loved to chase butterflies."
processed_audio/annotated_sentence_segments/uid_sHl4il5Li8NKe5aMecUSJyXBFco2_sid_yHl0ErSvLJToSxLcmZqU_1741190708_195799707_sentence_segment_close.wav,Her friend Spot would dart and dash between tall grasses his white tail flicking with joy,"Her friend, Spot, would dart and dash between tall grasses, his white tail flicking with joy."
processed_audio/annotated_sentence_segments/uid_sHl4il5Li8NKe5aMecUSJyXBFco2_sid_yHl0ErSvLJToSxLcmZqU_1741190708_195799708_sentence_segment_close.wav,One suneh sunny morning wɪs|kəɹz and Spot noticed a newcomer a shy cat named Paws,"One sunny morning, Whiskers and Spot noticed a newcomer, a shy cat named Paws."
processed_audio/annotated_sentence_segments/uid_sHl4il5Li8NKe5aMecUSJyXBFco2_sid_yHl0ErSvLJToSxLcmZqU_1741190708_195799709_sentence_segment_close.wav,Paws was alone by the fences watching other cats,"Paws was alone by the fences, watching the other cats."
processed_audio/annotated_sentence_segments/uid_sHl4il5Li8NKe5aMecUSJyXBFco2_sid_yHl0ErSvLJToSxLcmZqU_1741190708_195799710_sentence_segment_close.wav,Let's play Paw lɛts ask Paws to play said Whiskers,"""Let's ask Paws to play!"" said Whiskers."
processed_audio/annotated_sentence_segments/uid_sHl4il5Li8NKe5aMecUSJyXBFco2_sid_yHl0ErSvLJToSxLcmZqU_1741190708_195799711_sentence_segment_close.wav,Spot agreed with a quick nod his nose twitching with excitement,"Spot agreed with a quick nod, his nose twitching with excitement."
processed_audio/annotated_sentence_segments/uid_sHl4il5Li8NKe5aMecUSJyXBFco2_sid_yHl0ErSvLJToSxLcmZqU_1741190708_195799712_sentence_segment_close.wav,They approach Paws with friendly pɜɹ:z,They approached Paws with friendly purrs.
processed_audio/annotated_sentence_segments/uid_sHl4il5Li8NKe5aMecUSJyXBFco2_sid_yHl0ErSvLJToSxLcmZqU_1741190708_195799713_sentence_segment_close.wav,Would you like to play with əs: Spot asked his eyes sparkling,"""Would you like to play with us?"" Spot asked, his eyes sparkling."
processed_audio/annotated_sentence_segments/uid_sHl4il5Li8NKe5aMecUSJyXBFco2_sid_yHl0ErSvLJToSxLcmZqU_1741190708_195799714_sentence_segment_close.wav,Paws a little nervously nervous nodded slowly,"Paws, a little nervous, nodded slowly."
processed_audio/annotated_sentence_segments/uid_sHl4il5Li8NKe5aMecUSJyXBFco2_sid_yHl0ErSvLJToSxLcmZqU_1741190708_195799715_sentence_segment_close.wav,Together they chased bouncing leaves over lee and leaped over a tiny boxes scattering in the garden,"Together, they chased bouncing leaves and leaped over tiny boxes scattered in the garden."
processed_audio/annotated_sentence_segments/uid_sHl4il5Li8NKe5aMecUSJyXBFco2_sid_yHl0ErSvLJToSxLcmZqU_1741190708_195799716_sentence_segment_close.wav,As the sun began to set three cats kwah sat quietly their eyes following the skaɪ chasing colors,"As the sun began to set, the three cats sat quietly, their eyes following the sky's changing colors."
processed_audio/annotated_sentence_segments/uid_sHl4il5Li8NKe5aMecUSJyXBFco2_sid_yHl0ErSvLJToSxLcmZqU_1741190708_195799717_sentence_segment_close.wav,Today was fun Paws whisper whispered softly,"""Today was fun,"" Paws whispered softly."
processed_audio/annotated_sentence_segments/uid_sHl4il5Li8NKe5aMecUSJyXBFco2_sid_yHl0ErSvLJToSxLcmZqU_1741190708_195799718_sentence_segment_close.wav,Whiskers and Spot both me meowed in agreement,Whiskers and Spot both meowed in agreement.
processed_audio/annotated_sentence_segments/uid_sHl4il5Li8NKe5aMecUSJyXBFco2_sid_yHl0ErSvLJToSxLcmZqU_1741190708_195799719_sentence_segment_close.wav,They promised to play together the nɛks day,They promised to play together the next day.
processed_audio/annotated_sentence_segments/uid_sHl4il5Li8NKe5aMecUSJyXBFco2_sid_yHl0ErSvLJToSxLcmZqU_1741190708_195799720_sentence_segment_close.wav,From then on Whiskers Spot and Paws were the best of friends always running playing and sharing happy moments as each day passed,"From then on, Whiskers, Spot, and Paws were the best of friends, always running, playing, and sharing happy moments as each day passed."
processed_audio/annotated_sentence_segments/uid_sHl4il5Li8NKe5aMecUSJyXBFco2_sid_yHl0ErSvLJToSxLcmZqU_1741190708_195799721_sentence_segment_close.wav,Their laughter and joy eechoed echoed through the gardens a reminder of their special friendship,"Their laughter and joy echoed through the gardens, a reminder of their special friendship."
processed_audio/annotated_sentence_segments/uid_Sn3Nw7A3OmOkiMXEFjEyRusLuuo2_sid_DJH2z7TGCjAyWs5LLu47_1741223656_195799722_sentence_segment_close.wav,Once pɑn and heeih h.ho Hughie had cats,"Once, Po and Hughie had cats."
processed_audio/annotated_sentence_segments/uid_Sn3Nw7A3OmOkiMXEFjEyRusLuuo2_sid_DJH2z7TGCjAyWs5LLu47_1741223656_195799723_sentence_segment_close.wav,Po got the cats on a scooter,Po got the cats on a scooter.
processed_audio/annotated_sentence_segments/uid_Sn3Nw7A3OmOkiMXEFjEyRusLuuo2_sid_DJH2z7TGCjAyWs5LLu47_1741223656_195799724_sentence_segment_close.wav,Hugh Hughie dressed does ga|mes gymnastics,Hughie does gymnastics.
processed_audio/annotated_sentence_segments/uid_Sn3Nw7A3OmOkiMXEFjEyRusLuuo2_sid_DJH2z7TGCjAyWs5LLu47_1741223656_195799725_sentence_segment_close.wav,They had fun with s ver gams gam games,They had fun with video games.
processed_audio/annotated_sentence_segments/uid_Sn3Nw7A3OmOkiMXEFjEyRusLuuo2_sid_DJH2z7TGCjAyWs5LLu47_1741223656_195799726_sentence_segment_close.wav,One cat scat s|cat on the rug and the other in the s:un,"One cat sat on the rug, and the other in the sun."
processed_audio/annotated_sentence_segments/uid_Sn3Nw7A3OmOkiMXEFjEyRusLuuo2_sid_DJH2z7TGCjAyWs5LLu47_1741223656_195799727_sentence_segment_close.wav,ðe:ɪ hug dug in the tub æ:n:d swam ung dug bʌɡ|z,They dug in the tub and saw bugs.
processed_audio/annotated_sentence_segments/uid_Sn3Nw7A3OmOkiMXEFjEyRusLuuo2_sid_DJH2z7TGCjAyWs5LLu47_1741223656_195799728_sentence_segment_close.wav,No bugs Po and said,"""No bugs,"" Po said."
processed_audio/annotated_sentence_segments/uid_Sn3Nw7A3OmOkiMXEFjEyRusLuuo2_sid_DJH2z7TGCjAyWs5LLu47_1741223656_195799729_sentence_segment_close.wav,Cats must not hug buh: bu:s,Cats must not hug bugs!
processed_audio/annotated_sentence_segments/uid_Sn3Nw7A3OmOkiMXEFjEyRusLuuo2_sid_DJH2z7TGCjAyWs5LLu47_1741223656_195799730_sentence_segment_close.wav,Let's swim Hugh: Hughie said,"""Let's swim,"" Hughie said."
processed_audio/annotated_sentence_segments/uid_Sn3Nw7A3OmOkiMXEFjEyRusLuuo2_sid_DJH2z7TGCjAyWs5LLu47_1741223656_195799731_sentence_segment_close.wav,ðə: kæts: and boat gymnastics mhm right must o  shum|ped jumped up and swimmed swam,The cats and boys jumped up and swam.
processed_audio/annotated_sentence_segments/uid_Sn3Nw7A3OmOkiMXEFjEyRusLuuo2_sid_DJH2z7TGCjAyWs5LLu47_1741223656_195799732_sentence_segment_close.wav,The end,The end.
processed_audio/annotated_sentence_segments/uid_TuMLdL1f2yNIrFrzMedBpwdsxCA3_sid_OZ4mLzv8qejsxep8u4E3_1744032613_195799733_sentence_segment_close.wav,On a sunny day dʒoʊs and tɹɪs went to the beach,"On a sunny day, Josh and Trish went to the beach."
processed_audio/annotated_sentence_segments/uid_TuMLdL1f2yNIrFrzMedBpwdsxCA3_sid_OZ4mLzv8qejsxep8u4E3_1744032613_195799734_sentence_segment_close.wav,Let's s.|sɜɹtʃ for shells Trish s|and with said with a with wish,"""Let's search for shells!"" Trish said with a wish."
processed_audio/annotated_sentence_segments/uid_TuMLdL1f2yNIrFrzMedBpwdsxCA3_sid_OZ4mLzv8qejsxep8u4E3_1744032613_195799735_sentence_segment_close.wav,dʒɑs   a bag hold her hand up looking careful,"Josh grabbed a bag, while Trish held her hand up high, looking carefully."
processed_audio/annotated_sentence_segments/uid_TuMLdL1f2yNIrFrzMedBpwdsxCA3_sid_OZ4mLzv8qejsxep8u4E3_1744032613_195799736_sentence_segment_close.wav,ʃi:  a and in.it to Jost,She spotted a shiny shell and showed it to Josh.
processed_audio/annotated_sentence_segments/uid_TuMLdL1f2yNIrFrzMedBpwdsxCA3_sid_OZ4mLzv8qejsxep8u4E3_1744032613_195799737_sentence_segment_close.wav,Look at this one ʃi: said with a s:m:.smell:,"""Look at this one,"" she said with a smile."
processed_audio/annotated_sentence_segments/uid_TuMLdL1f2yNIrFrzMedBpwdsxCA3_sid_OZ4mLzv8qejsxep8u4E3_1744032613_195799738_sentence_segment_close.wav,The bla:de,The waves splashed as they played.
processed_audio/annotated_sentence_segments/uid_mHWscHBXcoabM7fdw88AliGuPWw1_sid_EQsr4DpbhhU9H6jNAk8v_1743380887_195799739_sentence_segment_close.wav,In a lush glin gr.glen ðe was two mædʒɪ|kəl junɪgɔɹnz,"In a lush, green glen, there were two magical unicorns."
processed_audio/annotated_sentence_segments/uid_mHWscHBXcoabM7fdw88AliGuPWw1_sid_EQsr4DpbhhU9H6jNAk8v_1743380887_195799740_sentence_segment_close.wav,They had a juɪkɔɹn baby with pink fluff on its t.|taɪni head,They had a unicorn baby with pink fluff on its tiny head.
processed_audio/annotated_sentence_segments/uid_mHWscHBXcoabM7fdw88AliGuPWw1_sid_EQsr4DpbhhU9H6jNAk8v_1743380887_195799741_sentence_segment_close.wav,This baby had bwaɪt shining eyes and nose wuh|what twitched in excitement,"This baby had bright, shining eyes and a nose that twitched with excitement."
processed_audio/annotated_sentence_segments/uid_mHWscHBXcoabM7fdw88AliGuPWw1_sid_EQsr4DpbhhU9H6jNAk8v_1743380887_195799742_sentence_segment_close.wav,The unicorn baby giggles æz: its princess princess əwaʊnd,The unicorn baby giggles as it prances around with the leaves.
processed_audio/annotated_sentence_segments/uid_mHWscHBXcoabM7fdw88AliGuPWw1_sid_EQsr4DpbhhU9H6jNAk8v_1743380887_195799743_sentence_segment_close.wav,One deɪ: while jumping over tree true|aw|ts roots the unicorn  the unicorn baby discovered a pond filled with fwɑɡz,"One day, while jumping over tree roots, the unicorn baby discovered a pond filled with frogs."
processed_audio/annotated_sentence_segments/uid_mHWscHBXcoabM7fdw88AliGuPWw1_sid_EQsr4DpbhhU9H6jNAk8v_1743380887_195799744_sentence_segment_close.wav,The fwɑɡs s.sæŋ and played games with the baby uicorn making the baby unicorn smile,"The frogs sang and played games, making the baby unicorn smile."
processed_audio/annotated_sentence_segments/uid_mHWscHBXcoabM7fdw88AliGuPWw1_sid_EQsr4DpbhhU9H6jNAk8v_1743380887_195799745_sentence_segment_close.wav,As the sun set the unicorn baby dashed back to the nest eager t|u share its tale|s with the family,"As the sun set, the unicorn baby dashed back to the nest, eager to share its tales with the family."
processed_audio/annotated_sentence_segments/uid_mHWscHBXcoabM7fdw88AliGuPWw1_sid_EQsr4DpbhhU9H6jNAk8v_1743380887_195799746_sentence_segment_close.wav,The juɪkɔɹns s|nʌɡəld close happy with and kɑnɛnt,"The unicorns snuggled close, happy and content."
processed_audio/annotated_sentence_segments/uid_jWPmLFrSHDZItPTjjPUB8KAsjlq2_sid_3nrUiNGJJEx1MK9ktanM_1742241727_195799747_sentence_segment_close.wav,In a busy town a young boy named Roy loved his toy football,"In a busy town, a young boy named Roy loved his toy football."
processed_audio/annotated_sentence_segments/uid_jWPmLFrSHDZItPTjjPUB8KAsjlq2_sid_3nrUiNGJJEx1MK9ktanM_1742241727_195799748_sentence_segment_close.wav,He tossed it around with joy dreaming of being a famous player,"He tossed it around with joy, dreaming of being a famous player."
processed_audio/annotated_sentence_segments/uid_jWPmLFrSHDZItPTjjPUB8KAsjlq2_sid_3nrUiNGJJEx1MK9ktanM_1742241727_195799749_sentence_segment_close.wav,One day his teacher Mrs. Dol Doley tho|th It's taught taught the class about the science of football,"One day, his teacher, Mrs. Doyle, taught the class about the science of football."
processed_audio/annotated_sentence_segments/uid_jWPmLFrSHDZItPTjjPUB8KAsjlq2_sid_3nrUiNGJJEx1MK9ktanM_1742241727_195799750_sentence_segment_close.wav,She explained how air inside the ball keeps it boo.|buh|yoiant bjɔɪənt and bouncy,She explained how air inside the ball keeps it buoyant and bouncy.
processed_audio/annotated_sentence_segments/uid_jWPmLFrSHDZItPTjjPUB8KAsjlq2_sid_3nrUiNGJJEx1MK9ktanM_1742241727_195799751_sentence_segment_close.wav,Understanding this she said helps a player like Roy have more fun,"""Understanding this,"" she said, ""helps players like Roy have more fun."""
processed_audio/annotated_sentence_segments/uid_jWPmLFrSHDZItPTjjPUB8KAsjlq2_sid_3nrUiNGJJEx1MK9ktanM_1742241727_195799752_sentence_segment_close.wav,Inspired Roy wanted to explore more,"Inspired, Roy wanted to explore more."
processed_audio/annotated_sentence_segments/uid_jWPmLFrSHDZItPTjjPUB8KAsjlq2_sid_3nrUiNGJJEx1MK9ktanM_1742241727_195799753_sentence_segment_close.wav,He went to the library and borrowed books about football science,He went to the library and borrowed books about football science.
processed_audio/annotated_sentence_segments/uid_jWPmLFrSHDZItPTjjPUB8KAsjlq2_sid_3nrUiNGJJEx1MK9ktanM_1742241727_195799754_sentence_segment_close.wav,Soon Roy not only played with his football but also understood how it bounced,"Soon, Roy not only played with his football but also understood how it bounced."
processed_audio/annotated_sentence_segments/uid_jWPmLFrSHDZItPTjjPUB8KAsjlq2_sid_3nrUiNGJJEx1MK9ktanM_1742241727_195799755_sentence_segment_close.wav,The joy of learning made him enjoy the game even more,The joy of learning made him enjoy the game even more.
processed_audio/annotated_sentence_segments/uid_jWPmLFrSHDZItPTjjPUB8KAsjlq2_sid_3nrUiNGJJEx1MK9ktanM_1742241727_195799756_sentence_segment_close.wav,In the end Roy shared his knowledge with his friends,"In the end, Roy shared his knowledge with his friends."
processed_audio/annotated_sentence_segments/uid_jWPmLFrSHDZItPTjjPUB8KAsjlq2_sid_3nrUiNGJJEx1MK9ktanM_1742241727_195799757_sentence_segment_close.wav,Together they played with joy and gained a new love for science,"Together, they played with joy and gained a new love for science."
processed_audio/annotated_sentence_segments/uid_eQ9VyOzVOCQWR7uTGBGzvfh3rUJ2_sid_BXMACxHtru85FV7B7SdW_1743022105_195799758_sentence_segment_close.wav,Priscilla was so s:l Prisida was so sleepy,Priscilla was so sleepy.
processed_audio/annotated_sentence_segments/uid_eQ9VyOzVOCQWR7uTGBGzvfh3rUJ2_sid_BXMACxHtru85FV7B7SdW_1743022105_195799759_sentence_segment_close.wav,She had been woken,She had been awake since dawn.
processed_audio/annotated_sentence_segments/uid_eQ9VyOzVOCQWR7uTGBGzvfh3rUJ2_sid_BXMACxHtru85FV7B7SdW_1743022105_195799760_sentence_segment_close.wav,Her mɑ|m made her a k|eɪ|k but Priscilla didn't ever take a bite,"Her mom made her a cake, but Priscilla didn't even take a bite."
processed_audio/annotated_sentence_segments/uid_eQ9VyOzVOCQWR7uTGBGzvfh3rUJ2_sid_BXMACxHtru85FV7B7SdW_1743022105_195799761_sentence_segment_close.wav,Her dad gave her a wɔmt cake wk to warm but Priscilla could only yawn,"Her dad gave her a warm cape to wear, but Priscilla could only yawn."
processed_audio/annotated_sentence_segments/uid_eQ9VyOzVOCQWR7uTGBGzvfh3rUJ2_sid_BXMACxHtru85FV7B7SdW_1743022105_195799762_sentence_segment_close.wav,She s tired She said sat but woke up but woke but her eyes would not k.|kuh.kum,"She tried to stay awake, but her eyes would not cooperate."
processed_audio/annotated_sentence_segments/uid_eQ9VyOzVOCQWR7uTGBGzvfh3rUJ2_sid_BXMACxHtru85FV7B7SdW_1743022105_195799763_sentence_segment_close.wav,Priscilla climbed hout in her bɛt shifting under eɪɹ blanket and fɪlt a deep  sʌmbəɹ,"Priscilla climbed into her bed, snuggled under a blanket, and fell into a deep slumber."
processed_audio/annotated_sentence_segments/uid_eQ9VyOzVOCQWR7uTGBGzvfh3rUJ2_sid_BXMACxHtru85FV7B7SdW_1743022105_195799764_sentence_segment_close.wav,She dreamed of a game where she ɹɛsɛt through a maze,She dreamed of a game where she raced through a maze.
processed_audio/annotated_sentence_segments/uid_eQ9VyOzVOCQWR7uTGBGzvfh3rUJ2_sid_BXMACxHtru85FV7B7SdW_1743022105_195799765_sentence_segment_close.wav,Sh əm When she woke she felt great and was ready for a day,"When she woke, she felt great and was ready for the day!"
processed_audio/annotated_sentence_segments/uid_UHGZEyBQklbC0GB3JZMa5l8yuGT2_sid_c8LxiGOi9pplk2X8IdrJ_1743269442_195799766_sentence_segment_close.wav,In a lush green field wild bunnies hopped with gl.gleer,"In a lush green field, wild bunnies hopped with glee."
processed_audio/annotated_sentence_segments/uid_UHGZEyBQklbC0GB3JZMa5l8yuGT2_sid_c8LxiGOi9pplk2X8IdrJ_1743269442_195799767_sentence_segment_close.wav,Am:on them was a beautiful bunny named Golden Gold,Among them was a bold bunny named Gold.
processed_audio/annotated_sentence_segments/uid_UHGZEyBQklbC0GB3JZMa5l8yuGT2_sid_c8LxiGOi9pplk2X8IdrJ_1743269442_195799768_sentence_segment_close.wav,One day they found a magical unicorn with a cold nose,"One day, they found a magical unicorn with a cold nose."
processed_audio/annotated_sentence_segments/uid_UHGZEyBQklbC0GB3JZMa5l8yuGT2_sid_c8LxiGOi9pplk2X8IdrJ_1743269442_195799769_sentence_segment_close.wav,It was kind and off:eder a red ride,It was kind and offered a ride.
processed_audio/annotated_sentence_segments/uid_UHGZEyBQklbC0GB3JZMa5l8yuGT2_sid_c8LxiGOi9pplk2X8IdrJ_1743269442_195799770_sentence_segment_close.wav,together they ɹɛst under the forest finding hopping flat ,"Together, they raced around the forest, finding hidden paths."
processed_audio/annotated_sentence_segments/uid_UHGZEyBQklbC0GB3JZMa5l8yuGT2_sid_c8LxiGOi9pplk2X8IdrJ_1743269442_195799771_sentence_segment_close.wav,faɪn:li at dusk the unicorn waved a dɛntl goodbye gentle goodbye,"Finally, at dusk, the unicorn waved a gentle goodbye."
processed_audio/annotated_sentence_segments/uid_UHGZEyBQklbC0GB3JZMa5l8yuGT2_sid_c8LxiGOi9pplk2X8IdrJ_1743269442_195799772_sentence_segment_close.wav,The bunnies reached ren:t to their cl.cleh cozy burrow binds fl.flied with the most ama magical evening and a friendly unicorn favor in their hearts,"The bunnies returned to their cozy burrows, minds filled with the most amazing adventure and a friendly unicorn forever in their hearts."
processed_audio/annotated_sentence_segments/uid_21Dw9jLeIqWjrAuRHI1RG1qPz853_sid_rdNZEManoTX8f0NWlSl6_1743199806_195799773_sentence_segment_close.wav,dʒeɪ|k loves Jake loved trains,Jake loved trains.
processed_audio/annotated_sentence_segments/uid_21Dw9jLeIqWjrAuRHI1RG1qPz853_sid_rdNZEManoTX8f0NWlSl6_1743199806_195799774_sentence_segment_close.wav,One sunny day he decided to vɪdzɪt the s train station,"One sunny day, he decided to visit the train station."
processed_audio/annotated_sentence_segments/uid_21Dw9jLeIqWjrAuRHI1RG1qPz853_sid_rdNZEManoTX8f0NWlSl6_1743199806_195799775_sentence_segment_close.wav,As he watched the trains come and go he felt joyful and eager to explore,"As he watched the trains come and go, he felt joyful and eager to explore."
processed_audio/annotated_sentence_segments/uid_21Dw9jLeIqWjrAuRHI1RG1qPz853_sid_rdNZEManoTX8f0NWlSl6_1743199806_195799776_sentence_segment_close.wav,Each train seemed full of endless destinations,Each train seemed full of endless destinations.
processed_audio/annotated_sentence_segments/uid_21Dw9jLeIqWjrAuRHI1RG1qPz853_sid_rdNZEManoTX8f0NWlSl6_1743199806_195799777_sentence_segment_close.wav,Jake was f|ɪɹləs as he ɪmædʒ|ɪnd riding to a place far away,Jake was fearless as he imagined riding to a place far away.
processed_audio/annotated_sentence_segments/uid_21Dw9jLeIqWjrAuRHI1RG1qPz853_sid_rdNZEManoTX8f0NWlSl6_1743199806_195799778_sentence_segment_close.wav,But sun: the bright s|kaɪ turned gray and a dʒ|ɛntl rain began to fall,"But soon, the bright sky turned gray, and a gentle rain began to fall."
processed_audio/annotated_sentence_segments/uid_21Dw9jLeIqWjrAuRHI1RG1qPz853_sid_rdNZEManoTX8f0NWlSl6_1743199806_195799779_sentence_segment_close.wav,The platform bɪkeɪŋ qu.|qui|te Quiet or quite quiet leaving Jake list|l l:istlis and a bit sad,"The platform became quiet, leaving Jake listless and a bit sad."
processed_audio/annotated_sentence_segments/uid_21Dw9jLeIqWjrAuRHI1RG1qPz853_sid_rdNZEManoTX8f0NWlSl6_1743199806_195799780_sentence_segment_close.wav,dʒʌs then old conductor approach approached him,"Just then, an old conductor approached him."
processed_audio/annotated_sentence_segments/uid_21Dw9jLeIqWjrAuRHI1RG1qPz853_sid_rdNZEManoTX8f0NWlSl6_1743199806_195799781_sentence_segment_close.wav, Don't feel hoʊp:|ləs hoʊp|ləs  l:æd conduclor said kəndʌk the conductor said kaɪnd|li,"""Don't feel hopeless, young lad,"" the conductor said kindly."
processed_audio/annotated_sentence_segments/uid_21Dw9jLeIqWjrAuRHI1RG1qPz853_sid_rdNZEManoTX8f0NWlSl6_1743199806_195799782_sentence_segment_close.wav,every rainy days every rainy deɪ:z days can be wonderful w|ɪθ ination,"""Even rainy days can be wonderful with imagination."""
processed_audio/annotated_sentence_segments/uid_21Dw9jLeIqWjrAuRHI1RG1qPz853_sid_rdNZEManoTX8f0NWlSl6_1743199806_195799783_sentence_segment_close.wav,ɪnspaɪɹdə kəndək|təɹɹ.z words Jake imagined a train ə tɹeɪn: to a magical lan,"Inspired by the conductor's words, Jake imagined a train to a magical land."
processed_audio/annotated_sentence_segments/uid_21Dw9jLeIqWjrAuRHI1RG1qPz853_sid_rdNZEManoTX8f0NWlSl6_1743199806_195799784_sentence_segment_close.wav,Suddenly the rain felt playful and bright,"Suddenly, the rain felt playful and bright."
processed_audio/annotated_sentence_segments/uid_21Dw9jLeIqWjrAuRHI1RG1qPz853_sid_rdNZEManoTX8f0NWlSl6_1743199806_195799785_sentence_segment_close.wav,Jake knew that əvɛn|tʃəɹ that əvɛn|tʃəɹ could always be found rain or shine,"Jake knew that adventure could always be found, rain or shine."
processed_audio/annotated_sentence_segments/uid_eQ9VyOzVOCQWR7uTGBGzvfh3rUJ2_sid_6mHu3G8rDk5ZmJUujE66_1743174942_195799786_sentence_segment_close.wav,meɪfl̩ is a pup,Maple is a little pup.
processed_audio/annotated_sentence_segments/uid_eQ9VyOzVOCQWR7uTGBGzvfh3rUJ2_sid_6mHu3G8rDk5ZmJUujE66_1743174942_195799787_sentence_segment_close.wav,She loves Priscilla a lot,She loves Priscilla a lot.
processed_audio/annotated_sentence_segments/uid_eQ9VyOzVOCQWR7uTGBGzvfh3rUJ2_sid_6mHu3G8rDk5ZmJUujE66_1743174942_195799788_sentence_segment_close.wav,In her yard they play with a big red ball,"In the yard, they play with a big red ball."
processed_audio/annotated_sentence_segments/uid_eQ9VyOzVOCQWR7uTGBGzvfh3rUJ2_sid_6mHu3G8rDk5ZmJUujE66_1743174942_195799789_sentence_segment_close.wav,Maple can run fast he could get the ball,Maple can run fast to get the ball.
processed_audio/annotated_sentence_segments/uid_eQ9VyOzVOCQWR7uTGBGzvfh3rUJ2_sid_6mHu3G8rDk5ZmJUujE66_1743174942_195799790_sentence_segment_close.wav,She  ɡlæ:d when she wins,She is glad when she wins!
processed_audio/annotated_sentence_segments/uid_eQ9VyOzVOCQWR7uTGBGzvfh3rUJ2_sid_6mHu3G8rDk5ZmJUujE66_1743174942_195799791_sentence_segment_close.wav,Priscilla la.a|lau lats a  and herace  hʌts her,Priscilla laughs and hugs her.
processed_audio/annotated_sentence_segments/uid_eQ9VyOzVOCQWR7uTGBGzvfh3rUJ2_sid_6mHu3G8rDk5ZmJUujE66_1743174942_195799792_sentence_segment_close.wav,ʌm At the moon then sit and rest,"At noon, they sit and rest."
processed_audio/annotated_sentence_segments/uid_eQ9VyOzVOCQWR7uTGBGzvfh3rUJ2_sid_6mHu3G8rDk5ZmJUujE66_1743174942_195799793_sentence_segment_close.wav,Maple znap in the sun,Maple naps in the sun.
processed_audio/annotated_sentence_segments/uid_eQ9VyOzVOCQWR7uTGBGzvfh3rUJ2_sid_6mHu3G8rDk5ZmJUujE66_1743174942_195799794_sentence_segment_close.wav,Priscilla reads her book,Priscilla reads her book.
processed_audio/annotated_sentence_segments/uid_eQ9VyOzVOCQWR7uTGBGzvfh3rUJ2_sid_6mHu3G8rDk5ZmJUujE66_1743174942_195799795_sentence_segment_close.wav,As the s:ʌn sets Maple and Priscilla head back home,"As the sun sets, Maple and Priscilla head back home."
processed_audio/annotated_sentence_segments/uid_eQ9VyOzVOCQWR7uTGBGzvfh3rUJ2_sid_6mHu3G8rDk5ZmJUujE66_1743174942_195799796_sentence_segment_close.wav,Maple feels happy to be with her best friend,Maple feels happy with her best friend.
processed_audio/annotated_sentence_segments/uid_eyem3EvRZrZsMzdS2HOEHLIsGTs1_sid_Gi6CTd0h6i7rPtveJk1O_1742516188_195799797_sentence_segment_close.wav,Max and his friends love sports,Max and his friends love sports.
processed_audio/annotated_sentence_segments/uid_eyem3EvRZrZsMzdS2HOEHLIsGTs1_sid_Gi6CTd0h6i7rPtveJk1O_1742516188_195799798_sentence_segment_close.wav,They play on a big lush field,"They play on a big, lush field."
processed_audio/annotated_sentence_segments/uid_eyem3EvRZrZsMzdS2HOEHLIsGTs1_sid_Gi6CTd0h6i7rPtveJk1O_1742516188_195799799_sentence_segment_close.wav,Max kicks a the ball with a strong thud,Max kicks the ball with a strong thud.
processed_audio/annotated_sentence_segments/uid_eyem3EvRZrZsMzdS2HOEHLIsGTs1_sid_Gi6CTd0h6i7rPtveJk1O_1742516188_195799800_sentence_segment_close.wav,it wɪs| it  past the ðə tree and Zack catches it with a loud snap,"It whizzes past the trees, and Zack catches it with a loud slap."
processed_audio/annotated_sentence_segments/uid_eyem3EvRZrZsMzdS2HOEHLIsGTs1_sid_Gi6CTd0h6i7rPtveJk1O_1742516188_195799801_sentence_segment_close.wav,The kids laugh and lid jump high read to smack the ball,"The kids laugh, and Leah jumps high, ready to smack the ball."
processed_audio/annotated_sentence_segments/uid_eyem3EvRZrZsMzdS2HOEHLIsGTs1_sid_Gi6CTd0h6i7rPtveJk1O_1742516188_195799802_sentence_segment_close.wav,takes I mean They take turns and each give their best,"They take turns, each giving their best."
processed_audio/annotated_sentence_segments/uid_eyem3EvRZrZsMzdS2HOEHLIsGTs1_sid_Gi6CTd0h6i7rPtveJk1O_1742516188_195799803_sentence_segment_close.wav,The sun sinks painting the sky with hurling of pink,"The sun sinks, painting the sky with hues of pink."
processed_audio/annotated_sentence_segments/uid_eyem3EvRZrZsMzdS2HOEHLIsGTs1_sid_Gi6CTd0h6i7rPtveJk1O_1742516188_195799804_sentence_segment_close.wav,It's time to head home tired yet happy,"It's time to head home, tired yet happy."
processed_audio/annotated_sentence_segments/uid_eyem3EvRZrZsMzdS2HOEHLIsGTs1_sid_Gi6CTd0h6i7rPtveJk1O_1742516188_195799805_sentence_segment_close.wav,Max waved goodbye and trotted back planting planning the next exciting game with glee,"Max waves goodbye and trots back, planning the next exciting game with glee."
processed_audio/annotated_sentence_segments/uid_eyem3EvRZrZsMzdS2HOEHLIsGTs1_sid_Gi6CTd0h6i7rPtveJk1O_1742516188_195799806_sentence_segment_close.wav,Sports bring fun and friends together,Sports bring fun and friends together.
processed_audio/annotated_sentence_segments/uid_UHGZEyBQklbC0GB3JZMa5l8yuGT2_sid_xpDFrYKvqQMpjww5p2qH_1741461927_195799807_sentence_segment_close.wav,Bold Billy bought a fast race car to s test his s|kɪlz,Bold Billy built a fast race car to test his skills.
processed_audio/annotated_sentence_segments/uid_UHGZEyBQklbC0GB3JZMa5l8yuGT2_sid_xpDFrYKvqQMpjww5p2qH_1741461927_195799808_sentence_segment_close.wav,The why wɪd winds holds as he s|pinned down the old truck,The wild winds howled as he sped down the old track.
processed_audio/annotated_sentence_segments/uid_UHGZEyBQklbC0GB3JZMa5l8yuGT2_sid_xpDFrYKvqQMpjww5p2qH_1741461927_195799809_sentence_segment_close.wav,With a kind m:aɪnd he found the wɪ:l to hold on teɪt,"With a kind mind, he found the will to hold on tight."
processed_audio/annotated_sentence_segments/uid_UHGZEyBQklbC0GB3JZMa5l8yuGT2_sid_xpDFrYKvqQMpjww5p2qH_1741461927_195799810_sentence_segment_close.wav,Billy crossed the cold finish line as the vic|tips host of the most thrilling race,"Billy crossed the cold finish line as the victor, host of the most thrilling race."
processed_audio/annotated_sentence_segments/uid_UHGZEyBQklbC0GB3JZMa5l8yuGT2_sid_xpDFrYKvqQMpjww5p2qH_1741461927_195799811_sentence_segment_close.wav,In the end he told his friends all about the exc excellent ride and the gold medal he won,"In the end, he told his friends all about the exciting ride and the gold medal he won."
processed_audio/annotated_sentence_segments/uid_Sn3Nw7A3OmOkiMXEFjEyRusLuuo2_sid_46QiUAG6knWxFU9G9zSe_1741823579_195799812_sentence_segment_close.wav,Ben the cat and Ted the dog sat on a mat,Ben the cat and Ted the dog sat on a mat.
processed_audio/annotated_sentence_segments/uid_Sn3Nw7A3OmOkiMXEFjEyRusLuuo2_sid_46QiUAG6knWxFU9G9zSe_1741823579_195799813_sentence_segment_close.wav,Ben had a ham sandwich,Ben had a ham sandwich.
processed_audio/annotated_sentence_segments/uid_Sn3Nw7A3OmOkiMXEFjEyRusLuuo2_sid_46QiUAG6knWxFU9G9zSe_1741823579_195799814_sentence_segment_close.wav,l:ɛt me help said Ted,"""Let me help!"" said Ted."
processed_audio/annotated_sentence_segments/uid_Sn3Nw7A3OmOkiMXEFjEyRusLuuo2_sid_46QiUAG6knWxFU9G9zSe_1741823579_195799815_sentence_segment_close.wav,Ben let Ted have a bit and said You are the best pal,"Ben let Ted have a bit and said, ""You are the best pal!"""
processed_audio/annotated_sentence_segments/uid_Sn3Nw7A3OmOkiMXEFjEyRusLuuo2_sid_46QiUAG6knWxFU9G9zSe_1741823579_195799816_sentence_segment_close.wav,They both wagged and wagged ful and glad,"They both wagged and wagged, full and glad."
processed_audio/annotated_sentence_segments/uid_EfKQNmht2ebtDnNadrezErlhcDF3_sid_i0N0h2MnD3ZE7yMVZqn3_1742248902_195799817_sentence_segment_close.wav,A girl named Jen sat at her desk,A girl named Jen sat at her desk.
processed_audio/annotated_sentence_segments/uid_EfKQNmht2ebtDnNadrezErlhcDF3_sid_i0N0h2MnD3ZE7yMVZqn3_1742248902_195799818_sentence_segment_close.wav,Jen had a big grin,Jen had a big grin.
processed_audio/annotated_sentence_segments/uid_EfKQNmht2ebtDnNadrezErlhcDF3_sid_i0N0h2MnD3ZE7yMVZqn3_1742248902_195799819_sentence_segment_close.wav,Her new teacher ms Lane walked in,"Her new teacher, Ms. Lane, walked in."
processed_audio/annotated_sentence_segments/uid_EfKQNmht2ebtDnNadrezErlhcDF3_sid_i0N0h2MnD3ZE7yMVZqn3_1742248902_195799820_sentence_segment_close.wav,Ms. Lane wore a pink dress and had a soft voice,Ms. Lane wore a pink dress and had a soft voice.
processed_audio/annotated_sentence_segments/uid_EfKQNmht2ebtDnNadrezErlhcDF3_sid_i0N0h2MnD3ZE7yMVZqn3_1742248902_195799821_sentence_segment_close.wav,Glad to meet you Jen she said with a nod,"""Glad to meet you, Jen,"" she said with a nod."
processed_audio/annotated_sentence_segments/uid_EfKQNmht2ebtDnNadrezErlhcDF3_sid_i0N0h2MnD3ZE7yMVZqn3_1742248902_195799822_sentence_segment_close.wav,Jen felt a big wave of joy,Jen felt a big wave of joy.
processed_audio/annotated_sentence_segments/uid_EfKQNmht2ebtDnNadrezErlhcDF3_sid_i0N0h2MnD3ZE7yMVZqn3_1742248902_195799823_sentence_segment_close.wav,They sat and chatted about pets and spɔ:ɹts,They sat and chatted about pets and sports.
processed_audio/annotated_sentence_segments/uid_EfKQNmht2ebtDnNadrezErlhcDF3_sid_i0N0h2MnD3ZE7yMVZqn3_1742248902_195799824_sentence_segment_close.wav,Jen ha| had a cat and Ms. Jane had a fish,"Jen had a cat, and Ms. Lane had a fish."
processed_audio/annotated_sentence_segments/uid_EfKQNmht2ebtDnNadrezErlhcDF3_sid_i0N0h2MnD3ZE7yMVZqn3_1742248902_195799825_sentence_segment_close.wav,At the end of class Jen said I can't wait to come back,"At the end of class, Jen said, ""I can't wait to come back!"""
processed_audio/annotated_sentence_segments/uid_EfKQNmht2ebtDnNadrezErlhcDF3_sid_i0N0h2MnD3ZE7yMVZqn3_1742248902_195799826_sentence_segment_close.wav,Ms. Lane smiled and waved goodbye feeling just as glad,"Ms. Lane smiled and waved goodbye, feeling just as glad."
processed_audio/annotated_sentence_segments/uid_ihIoefKsGwTDai7fGs9x3DyNvju2_sid_ApMaerbz8NiSC9rZvfoy_1742944769_195799827_sentence_segment_close.wav,In a small bright garden a clear cat neɪ:md Charlie futtered? buttered? a hard task,"In a small, bright garden, a clever cat named Charlie faced a hard task."
processed_audio/annotated_sentence_segments/uid_ihIoefKsGwTDai7fGs9x3DyNvju2_sid_ApMaerbz8NiSC9rZvfoy_1742944769_195799828_sentence_segment_close.wav,he wanted to climb the tall rock wæl to see everything bi:. bi:.jɑ:nd,"He wanted to climb the tall, rocky wall to see everything beyond."
processed_audio/annotated_sentence_segments/uid_ihIoefKsGwTDai7fGs9x3DyNvju2_sid_ApMaerbz8NiSC9rZvfoy_1742944769_195799829_sentence_segment_close.wav,First he tried jumping but ðɪ: wɔ:l was too ,"First, he tried jumping, but the wall was too high."
processed_audio/annotated_sentence_segments/uid_ihIoefKsGwTDai7fGs9x3DyNvju2_sid_ApMaerbz8NiSC9rZvfoy_1742944769_195799830_sentence_segment_close.wav,Next he pushed a heavy rock to use to step but it was too low,"Next, he pushed a heavy rock to use as a step, but it was still too low."
processed_audio/annotated_sentence_segments/uid_ihIoefKsGwTDai7fGs9x3DyNvju2_sid_ApMaerbz8NiSC9rZvfoy_1742944769_195799831_sentence_segment_close.wav,Finally Charlie found a sturdy læn be|hin behind the sh:|sh|shed mhm,"Finally, Charlie found a sturdy ladder behind the shed."
processed_audio/annotated_sentence_segments/uid_ihIoefKsGwTDai7fGs9x3DyNvju2_sid_ApMaerbz8NiSC9rZvfoy_1742944769_195799832_sentence_segment_close.wav, kɛɹfəɹi he climbed up step by step,"Carefully, he climbed up, step by step."
processed_audio/annotated_sentence_segments/uid_ihIoefKsGwTDai7fGs9x3DyNvju2_sid_ApMaerbz8NiSC9rZvfoy_1742944769_195799833_sentence_segment_close.wav,Then he reached the top Charlie would əm saw a girly colair world ,"When he reached the top, Charlie saw a vast, colorful world."
processed_audio/annotated_sentence_segments/uid_ihIoefKsGwTDai7fGs9x3DyNvju2_sid_ApMaerbz8NiSC9rZvfoy_1742944769_195799834_sentence_segment_close.wav,Expec he proudly he said that with a little hard work everything wuth promised,"Excited and proud, he realized that with a little hard work, everything was possible."
processed_audio/annotated_sentence_segments/uid_ihIoefKsGwTDai7fGs9x3DyNvju2_sid_ApMaerbz8NiSC9rZvfoy_1742944769_195799835_sentence_segment_close.wav,Charlie purr a hækəs,Charlie purred with happiness.
processed_audio/annotated_sentence_segments/uid_jWPmLFrSHDZItPTjjPUB8KAsjlq2_sid_KwJDkE9pDbyU8dxYMmnt_1742046826_195799836_sentence_segment_close.wav,In a bright starry world Lily and Jake dreamed of visiting space,"In a bright, starry world, Lily and Jake dreamed of visiting space."
processed_audio/annotated_sentence_segments/uid_jWPmLFrSHDZItPTjjPUB8KAsjlq2_sid_KwJDkE9pDbyU8dxYMmnt_1742046826_195799837_sentence_segment_close.wav,They liked to play and make rockets with boxes,They liked to play and make rockets with boxes.
processed_audio/annotated_sentence_segments/uid_jWPmLFrSHDZItPTjjPUB8KAsjlq2_sid_KwJDkE9pDbyU8dxYMmnt_1742046826_195799838_sentence_segment_close.wav,We can go high Jake said Jake with a smile,"""We can go high!"" said Jake with a smile."
processed_audio/annotated_sentence_segments/uid_jWPmLFrSHDZItPTjjPUB8KAsjlq2_sid_KwJDkE9pDbyU8dxYMmnt_1742046826_195799839_sentence_segment_close.wav,Their mother gave them a book about space,Their mother gave them a book about space.
processed_audio/annotated_sentence_segments/uid_jWPmLFrSHDZItPTjjPUB8KAsjlq2_sid_KwJDkE9pDbyU8dxYMmnt_1742046826_195799840_sentence_segment_close.wav,Lily read about stars moons and planets,"Lily read about stars, moons, and planets."
processed_audio/annotated_sentence_segments/uid_jWPmLFrSHDZItPTjjPUB8KAsjlq2_sid_KwJDkE9pDbyU8dxYMmnt_1742046826_195799841_sentence_segment_close.wav,Look she said,"""Look!"" she said."
processed_audio/annotated_sentence_segments/uid_jWPmLFrSHDZItPTjjPUB8KAsjlq2_sid_KwJDkE9pDbyU8dxYMmnt_1742046826_195799842_sentence_segment_close.wav,We can explore them all,"""We can explore them all!"""
processed_audio/annotated_sentence_segments/uid_jWPmLFrSHDZItPTjjPUB8KAsjlq2_sid_KwJDkE9pDbyU8dxYMmnt_1742046826_195799843_sentence_segment_close.wav,The next day they built a s:peɪʃɪp from chairs and blankets 1 2 3 go shouted Jake,"The next day, they built a spaceship from chairs and blankets. ""3, 2, 1, go!"" shouted Jake."
processed_audio/annotated_sentence_segments/uid_jWPmLFrSHDZItPTjjPUB8KAsjlq2_sid_KwJDkE9pDbyU8dxYMmnt_1742046826_195799844_sentence_segment_close.wav,They ɪm:ædʒɪnd flying past bright stars and big planets,They imagined flying past bright stars and big planets.
processed_audio/annotated_sentence_segments/uid_jWPmLFrSHDZItPTjjPUB8KAsjlq2_sid_KwJDkE9pDbyU8dxYMmnt_1742046826_195799846_sentence_segment_close.wav,It is fun to fly and see space,"""It's fun to fly and see space!"""
processed_audio/annotated_sentence_segments/uid_jWPmLFrSHDZItPTjjPUB8KAsjlq2_sid_KwJDkE9pDbyU8dxYMmnt_1742046826_195799847_sentence_segment_close.wav,As the sun set they returned to the they returned to Earth,"As the sun set, they returned to Earth."
processed_audio/annotated_sentence_segments/uid_jWPmLFrSHDZItPTjjPUB8KAsjlq2_sid_KwJDkE9pDbyU8dxYMmnt_1742046826_195799848_sentence_segment_close.wav,Playing in space is great,"""Playing in space is great!"" said Jake."
processed_audio/annotated_sentence_segments/uid_jWPmLFrSHDZItPTjjPUB8KAsjlq2_sid_KwJDkE9pDbyU8dxYMmnt_1742046826_195799849_sentence_segment_close.wav,They hug their mother,They hugged their mother.
processed_audio/annotated_sentence_segments/uid_jWPmLFrSHDZItPTjjPUB8KAsjlq2_sid_KwJDkE9pDbyU8dxYMmnt_1742046826_195799850_sentence_segment_close.wav,Can we learn more asked Lily,"""Can we learn more?"" asked Lily."
processed_audio/annotated_sentence_segments/uid_jWPmLFrSHDZItPTjjPUB8KAsjlq2_sid_KwJDkE9pDbyU8dxYMmnt_1742046826_195799851_sentence_segment_close.wav,Their mom nodded Yes there is a lot to see and read,"Their mom nodded, ""Yes, there's a lot to see and read."""
processed_audio/annotated_sentence_segments/uid_jWPmLFrSHDZItPTjjPUB8KAsjlq2_sid_KwJDkE9pDbyU8dxYMmnt_1742046826_195799852_sentence_segment_close.wav,Lily and Jake knew that their space dreams would never end,Lily and Jake knew their space dreams would never end.
processed_audio/annotated_sentence_segments/uid_XmxSYUZAj4dRqSczt2clQkDf31M2_sid_dCjg0Uy1jZOC8xzaKr1k_1742869038_195799853_sentence_segment_close.wav,In a proud In the green ɡleɪ:|d fairy dancing,"In the green glade, fairies danced."
processed_audio/annotated_sentence_segments/uid_XmxSYUZAj4dRqSczt2clQkDf31M2_sid_dCjg0Uy1jZOC8xzaKr1k_1742869038_195799854_sentence_segment_close.wav,Their tiny feet tapped softly model,Their tiny feet tapped soft melodies in the twilight.
processed_audio/annotated_sentence_segments/uid_bKduvdIsrbbqPZ7Z3lCfQlF8WBn1_sid_wwG35krhLTSpRDz3nlEz_1741905388_195799855_sentence_segment_close.wav,start Sara and Mark were making cupcakes,Sara and Mark were making cupcakes.
processed_audio/annotated_sentence_segments/uid_bKduvdIsrbbqPZ7Z3lCfQlF8WBn1_sid_wwG35krhLTSpRDz3nlEz_1741905388_195799856_sentence_segment_close.wav,They mixed flaʊəɹz sugar and cocacola,"They mixed flour, sugar, and cocoa."
processed_audio/annotated_sentence_segments/uid_bKduvdIsrbbqPZ7Z3lCfQlF8WBn1_sid_wwG35krhLTSpRDz3nlEz_1741905388_195799857_sentence_segment_close.wav,Mark added the chocolate chips,Mark added the chocolate chips.
processed_audio/annotated_sentence_segments/uid_bKduvdIsrbbqPZ7Z3lCfQlF8WBn1_sid_wwG35krhLTSpRDz3nlEz_1741905388_195799858_sentence_segment_close.wav,The əm ar  əɹoʊmə filled the ɛɹ:,The aroma filled the air.
processed_audio/annotated_sentence_segments/uid_bKduvdIsrbbqPZ7Z3lCfQlF8WBn1_sid_wwG35krhLTSpRDz3nlEz_1741905388_195799859_sentence_segment_close.wav,The kitchen was warm and cr.crazy,The kitchen was warm and cozy.
processed_audio/annotated_sentence_segments/uid_bKduvdIsrbbqPZ7Z3lCfQlF8WBn1_sid_wwG35krhLTSpRDz3nlEz_1741905388_195799860_sentence_segment_close.wav,Sara s:at the timer and watch the  diner r.roosh rest,Sara set the timer and watched the dough rise.
processed_audio/annotated_sentence_segments/uid_bKduvdIsrbbqPZ7Z3lCfQlF8WBn1_sid_wwG35krhLTSpRDz3nlEz_1741905388_195799861_sentence_segment_close.wav,As the buzzy ring they opened the oven door,"As the buzzer rang, they opened the oven door."
processed_audio/annotated_sentence_segments/uid_bKduvdIsrbbqPZ7Z3lCfQlF8WBn1_sid_wwG35krhLTSpRDz3nlEz_1741905388_195799862_sentence_segment_close.wav,Wow they looked pɜɹfɪk said Mark,"""Wow, they look perfect!"" said Mark."
processed_audio/annotated_sentence_segments/uid_bKduvdIsrbbqPZ7Z3lCfQlF8WBn1_sid_wwG35krhLTSpRDz3nlEz_1741905388_195799863_sentence_segment_close.wav,The toppings each cupcakes wɪf a s:wip of frosting,They topped each cupcake with a swipe of frosting.
processed_audio/annotated_sentence_segments/uid_bKduvdIsrbbqPZ7Z3lCfQlF8WBn1_sid_wwG35krhLTSpRDz3nlEz_1741905388_195799864_sentence_segment_close.wav,Mark took a bite and said More please,"Mark took a bite and said, ""More, please!"""
processed_audio/annotated_sentence_segments/uid_bKduvdIsrbbqPZ7Z3lCfQlF8WBn1_sid_wwG35krhLTSpRDz3nlEz_1741905388_195799865_sentence_segment_close.wav,Sara smiled her hɜɹt full for of joy,"Sara smiled, her heart full of joy."
processed_audio/annotated_sentence_segments/uid_bKduvdIsrbbqPZ7Z3lCfQlF8WBn1_sid_wwG35krhLTSpRDz3nlEz_1741905388_195799866_sentence_segment_close.wav,The cupcakes were as tasty treats sarah sharing before the day was over,"The cupcakes were a tasty treat, shared before the day was over."
processed_audio/annotated_sentence_segments/uid_ihIoefKsGwTDai7fGs9x3DyNvju2_sid_RO86s0yih5pRsOUYLcUy_1742503411_195799867_sentence_segment_close.wav,Megan loves playing soccer with her friends,Megan loved playing soccer with her friends.
processed_audio/annotated_sentence_segments/uid_ihIoefKsGwTDai7fGs9x3DyNvju2_sid_RO86s0yih5pRsOUYLcUy_1742503411_195799868_sentence_segment_close.wav,Each afternoon they would puh|push and shove the ball kɹɔs the field,"Each afternoon, they would push and shove the ball across the field."
processed_audio/annotated_sentence_segments/uid_ihIoefKsGwTDai7fGs9x3DyNvju2_sid_RO86s0yih5pRsOUYLcUy_1742503411_195799869_sentence_segment_close.wav,Today Megan took a shot but the bɔl: went right over the net,"Today, Megan took a shot but the ball went right over the net."
processed_audio/annotated_sentence_segments/uid_ihIoefKsGwTDai7fGs9x3DyNvju2_sid_RO86s0yih5pRsOUYLcUy_1742503411_195799870_sentence_segment_close.wav,Then put her hlæn at her cheeks and thought about the next her next move,She put her hand on her chin and thought about her next move.
processed_audio/annotated_sentence_segments/uid_ihIoefKsGwTDai7fGs9x3DyNvju2_sid_RO86s0yih5pRsOUYLcUy_1742503411_195799871_sentence_segment_close.wav,Then weeth with a swift swɪft kick she pushed the ball straight past the goalie,"Then, with a swift kick, she pushed the ball straight past the goalie."
processed_audio/annotated_sentence_segments/uid_ihIoefKsGwTDai7fGs9x3DyNvju2_sid_RO86s0yih5pRsOUYLcUy_1742503411_195799872_sentence_segment_close.wav,Goal shouts her friends,"""Goal!"" shouted her friends."
processed_audio/annotated_sentence_segments/uid_ihIoefKsGwTDai7fGs9x3DyNvju2_sid_RO86s0yih5pRsOUYLcUy_1742503411_195799873_sentence_segment_close.wav,and As the sun sets they cheered feeling proud of a game well played,"As the sun set, they cheered, feeling proud of a game well-played."
processed_audio/annotated_sentence_segments/uid_ihIoefKsGwTDai7fGs9x3DyNvju2_sid_RO86s0yih5pRsOUYLcUy_1742503411_195799874_sentence_segment_close.wav,Just as they packed up a cool breeze makes them pu pull their coats tight ending the day with smaɪɹz and plans for ən|nʌðəɹ math ʌm another match,"Just as they packed up, a cool breeze made them pull their coats tight, ending the day with smiles and plans for another match tomorrow."
processed_audio/annotated_sentence_segments/uid_mHWscHBXcoabM7fdw88AliGuPWw1_sid_myvjKGMQftYgFVPoNsC8_1741648000_195799875_sentence_segment_close.wav,In the læ:nd of mist and magics there was a unicorn named Chip,"In the land of mist and magic, there was a unicorn named Chip."
processed_audio/annotated_sentence_segments/uid_mHWscHBXcoabM7fdw88AliGuPWw1_sid_myvjKGMQftYgFVPoNsC8_1741648000_195799876_sentence_segment_close.wav,Chip was not any unicorn he was a dɪkɛktɪv wɪf a sʃaɪni badge,Chip was not just any unicorn; he was a detective with a shiny badge.
processed_audio/annotated_sentence_segments/uid_mHWscHBXcoabM7fdw88AliGuPWw1_sid_myvjKGMQftYgFVPoNsC8_1741648000_195799877_sentence_segment_close.wav,One day while sipping on a suwit drink near a the l:unch pines he hɔɪd a call:,"One day, while sipping on a sweet drink near the lush pines, he heard a call."
processed_audio/annotated_sentence_segments/uid_mHWscHBXcoabM7fdw88AliGuPWw1_sid_myvjKGMQftYgFVPoNsC8_1741648000_195799878_sentence_segment_close.wav,The town's dʒɪ.dʒæm has,The town's jam had vanished!
processed_audio/annotated_sentence_segments/uid_mHWscHBXcoabM7fdw88AliGuPWw1_sid_myvjKGMQftYgFVPoNsC8_1741648000_195799879_sentence_segment_close.wav,Chip towed went ð.ðə pæ:θ it this nose thinged wɪf this,"Chip trotted down the path, his nose twitching with excitement."
processed_audio/annotated_sentence_segments/uid_mHWscHBXcoabM7fdw88AliGuPWw1_sid_myvjKGMQftYgFVPoNsC8_1741648000_195799880_sentence_segment_close.wav,Do not fear I'll solve this,"""Do not fear, I will solve this!"" he declared."
processed_audio/annotated_sentence_segments/uid_lEq1lXM2xafR8w5blWO2OCG8VE93_sid_QZCzHYRZaTUgtwtpi6Sv_1743954193_195799881_sentence_segment_close.wav,Luke looked up at the block roof,Luke looked up at the block roof.
processed_audio/annotated_sentence_segments/uid_lEq1lXM2xafR8w5blWO2OCG8VE93_sid_QZCzHYRZaTUgtwtpi6Sv_1743954193_195799882_sentence_segment_close.wav,Look The trees move ih move in the wind he sa said with a hʌʃ.ʃ,"""Look! The trees move in the wind!"" he said with a hush."
processed_audio/annotated_sentence_segments/uid_lEq1lXM2xafR8w5blWO2OCG8VE93_sid_QZCzHYRZaTUgtwtpi6Sv_1743954193_195799883_sentence_segment_close.wav,In the Minecraft Movie DLC the wɜɹd was veɪst and kʊl,"In the Minecraft Movie DLC, the world was vast and cool."
processed_audio/annotated_sentence_segments/uid_lEq1lXM2xafR8w5blWO2OCG8VE93_sid_QZCzHYRZaTUgtwtpi6Sv_1743954193_195799884_sentence_segment_close.wav,Should we push on and faɪn the hidden bɑk Luke ækskt his friends Mook,"""Should we push on and find the hidden book?"" Luke asked his friend, Mook."
processed_audio/annotated_sentence_segments/uid_lEq1lXM2xafR8w5blWO2OCG8VE93_sid_QZCzHYRZaTUgtwtpi6Sv_1743954193_195799885_sentence_segment_close.wav,Mook ʃ:ʊk his head,Mook shook his head.
processed_audio/annotated_sentence_segments/uid_lEq1lXM2xafR8w5blWO2OCG8VE93_sid_QZCzHYRZaTUgtwtpi6Sv_1743954193_195799886_sentence_segment_close.wav,Not yet Mook replend ɹɪpɹæk,"""Not yet,"" Mook replied."
processed_audio/annotated_sentence_segments/uid_lEq1lXM2xafR8w5blWO2OCG8VE93_sid_QZCzHYRZaTUgtwtpi6Sv_1743954193_195799887_sentence_segment_close.wav,Let's build a noʊk to resist,"""Let's build a nook to rest."""
processed_audio/annotated_sentence_segments/uid_lEq1lXM2xafR8w5blWO2OCG8VE93_sid_QZCzHYRZaTUgtwtpi6Sv_1743954193_195799888_sentence_segment_close.wav,They used wood and wool making a snʌk place,"They used wood and wool, making a snug place."
processed_audio/annotated_sentence_segments/uid_lEq1lXM2xafR8w5blWO2OCG8VE93_sid_QZCzHYRZaTUgtwtpi6Sv_1743954193_195799889_sentence_segment_close.wav,Soon would they soon again,"Soon, they would venture again."
processed_audio/annotated_sentence_segments/uid_lEq1lXM2xafR8w5blWO2OCG8VE93_sid_QZCzHYRZaTUgtwtpi6Sv_1743954193_195799890_sentence_segment_close.wav,But now under the dig|itals sky they'd play and  kʊ:k,"But now, under the digital sky, they'd play and cook."
processed_audio/annotated_sentence_segments/uid_lEq1lXM2xafR8w5blWO2OCG8VE93_sid_QZCzHYRZaTUgtwtpi6Sv_1743954193_195799891_sentence_segment_close.wav,Their tiny nook was perfect,Their tiny nook was perfect.
processed_audio/annotated_sentence_segments/uid_lEq1lXM2xafR8w5blWO2OCG8VE93_sid_QZCzHYRZaTUgtwtpi6Sv_1743954193_195799892_sentence_segment_close.wav,The friends lied bonding over their quest in pəs book,"The friends laughed, bonding over their quest in this pixelated book."
processed_audio/annotated_sentence_segments/uid_CjlD9aGvoSfMhsnUwRIQlMr4IFp1_sid_RtxDiSxFul0yppqfezgP_1741403164_195799893_sentence_segment_close.wav,Nana and Sam had a plan,Nina and Sam had a plan.
processed_audio/annotated_sentence_segments/uid_CjlD9aGvoSfMhsnUwRIQlMr4IFp1_sid_RtxDiSxFul0yppqfezgP_1741403164_195799894_sentence_segment_close.wav,They sat on a mat to play a game,They sat on a mat to play a game.
processed_audio/annotated_sentence_segments/uid_CjlD9aGvoSfMhsnUwRIQlMr4IFp1_sid_RtxDiSxFul0yppqfezgP_1741403164_195799895_sentence_segment_close.wav,The game was a hit,The game was a hit!
processed_audio/annotated_sentence_segments/uid_CjlD9aGvoSfMhsnUwRIQlMr4IFp1_sid_RtxDiSxFul0yppqfezgP_1741403164_195799896_sentence_segment_close.wav,Sam got a big win and Nana did a jig,"Sam got a big win, and Nina did a jig."
processed_audio/annotated_sentence_segments/uid_CjlD9aGvoSfMhsnUwRIQlMr4IFp1_sid_RtxDiSxFul0yppqfezgP_1741403164_195799897_sentence_segment_close.wav,It was so fʌn:,It was so fun!
processed_audio/annotated_sentence_segments/uid_CjlD9aGvoSfMhsnUwRIQlMr4IFp1_sid_RtxDiSxFul0yppqfezgP_1741403164_195799898_sentence_segment_close.wav,They clapped and had a snack,They clapped and had a snack.
processed_audio/annotated_sentence_segments/uid_CjlD9aGvoSfMhsnUwRIQlMr4IFp1_sid_RtxDiSxFul0yppqfezgP_1741403164_195799899_sentence_segment_close.wav,At ð.ðə ɛn:d they said That was a blæs Let's play again,"At the end, they said, ""That was a blast. Let's play again!"""
processed_audio/annotated_sentence_segments/uid_MxRr8Ht6WZT2EokHSRsT2U2Pq3h1_sid_2QdszNsHLvc54XK7PI9w_1742333475_195799900_sentence_segment_close.wav,Once upon a time wɑɹioʊ found a green tree in və park,"Once upon a time, Mario found a green tree in the park."
processed_audio/annotated_sentence_segments/uid_MxRr8Ht6WZT2EokHSRsT2U2Pq3h1_sid_2QdszNsHLvc54XK7PI9w_1742333475_195799901_sentence_segment_close.wav,He p He poke peek peeked and saw the there three free bees buzzing wɪf glee,He peeked in and saw three bees buzzing with glee.
processed_audio/annotated_sentence_segments/uid_MxRr8Ht6WZT2EokHSRsT2U2Pq3h1_sid_2QdszNsHLvc54XK7PI9w_1742333475_195799902_sentence_segment_close.wav,Mario loves və bees and wanted wanted to help,Mario loved the bees and wanted to help.
processed_audio/annotated_sentence_segments/uid_MxRr8Ht6WZT2EokHSRsT2U2Pq3h1_sid_2QdszNsHLvc54XK7PI9w_1742333475_195799903_sentence_segment_close.wav,He decide to plant more trees to keep fɛm happy,He decided to plant more trees to keep them happy.
processed_audio/annotated_sentence_segments/uid_MxRr8Ht6WZT2EokHSRsT2U2Pq3h1_sid_2QdszNsHLvc54XK7PI9w_1742333475_195799904_sentence_segment_close.wav,By the end of the day Mario had planted seven seeds and ð.ðə bees danced around him in go-ahead d itskapt the second part di|laɪt delight,"By the end of the day, Mario had planted seven seeds, and the bees danced around him in delight."
processed_audio/annotated_sentence_segments/uid_MxRr8Ht6WZT2EokHSRsT2U2Pq3h1_sid_2QdszNsHLvc54XK7PI9w_1742333475_195799905_sentence_segment_close.wav,Mario felt vɛwi pleased at the sun set on a job well done,Mario felt very pleased as the sun set on a job well done.
processed_audio/annotated_sentence_segments/uid_mHWscHBXcoabM7fdw88AliGuPWw1_sid_3dyK1DI6xciT4qlkUGa3_1741993316_195799906_sentence_segment_close.wav,Once apon of fuh a wʌnts eɪ band of five brave pipes set sail on the sea,"Once, a band of five brave pirates set sail on the sea."
processed_audio/annotated_sentence_segments/uid_mHWscHBXcoabM7fdw88AliGuPWw1_sid_3dyK1DI6xciT4qlkUGa3_1741993316_195799907_sentence_segment_close.wav,They faʊ:nd a big tʃɛs on a small island,They found a big chest on a small island.
processed_audio/annotated_sentence_segments/uid_mHWscHBXcoabM7fdw88AliGuPWw1_sid_3dyK1DI6xciT4qlkUGa3_1741993316_195799908_sentence_segment_close.wav,Inside the chest they  sɔg gold the ch: and shiny jewels,"Inside the chest, they saw gold and shiny jewels."
processed_audio/annotated_sentence_segments/uid_mHWscHBXcoabM7fdw88AliGuPWw1_sid_3dyK1DI6xciT4qlkUGa3_1741993316_195799909_sentence_segment_close.wav,What a great find said kæb Jack said Captain Jack,"""What a grand find!"" said Captain Jack."
processed_audio/annotated_sentence_segments/uid_mHWscHBXcoabM7fdw88AliGuPWw1_sid_3dyK1DI6xciT4qlkUGa3_1741993316_195799910_sentence_segment_close.wav,The pirates danced and sang wɪf ɡli:,The pirates danced and sang with glee.
processed_audio/annotated_sentence_segments/uid_mHWscHBXcoabM7fdw88AliGuPWw1_sid_3dyK1DI6xciT4qlkUGa3_1741993316_195799911_sentence_segment_close.wav,But soon they heard a loud kɹæs from their ship,"But soon, they heard a loud crash from their ship."
processed_audio/annotated_sentence_segments/uid_mHWscHBXcoabM7fdw88AliGuPWw1_sid_3dyK1DI6xciT4qlkUGa3_1741993316_195799912_sentence_segment_close.wav,It's the storm shouted Tom,"""It's the storm!"" shouted Tom."
processed_audio/annotated_sentence_segments/uid_mHWscHBXcoabM7fdw88AliGuPWw1_sid_3dyK1DI6xciT4qlkUGa3_1741993316_195799913_sentence_segment_close.wav,We must leave now,"""We must leave now!"""
processed_audio/annotated_sentence_segments/uid_mHWscHBXcoabM7fdw88AliGuPWw1_sid_3dyK1DI6xciT4qlkUGa3_1741993316_195799914_sentence_segment_close.wav,With hæst they picked the treasure chesh picked it the treasure chest and dashed back to the ship,"With haste, they packed the treasures and dashed back to the ship."
processed_audio/annotated_sentence_segments/uid_mHWscHBXcoabM7fdw88AliGuPWw1_sid_3dyK1DI6xciT4qlkUGa3_1741993316_195799915_sentence_segment_close.wav,s:eɪfli on board they sailed away leaving the storm behind,"Safely on board, they sailed away, leaving the storm behind."
processed_audio/annotated_sentence_segments/uid_mHWscHBXcoabM7fdw88AliGuPWw1_sid_3dyK1DI6xciT4qlkUGa3_1741993316_195799916_sentence_segment_close.wav,We did it cheered Mary,"""We did it!"" cheered Mary."
processed_audio/annotated_sentence_segments/uid_mHWscHBXcoabM7fdw88AliGuPWw1_sid_3dyK1DI6xciT4qlkUGa3_1741993316_195799917_sentence_segment_close.wav,And so the pirates sɛld to their next big əvɛntʃəɹ,"And so, the pirates sailed to their next big adventure."
processed_audio/annotated_sentence_segments/uid_eQ9VyOzVOCQWR7uTGBGzvfh3rUJ2_sid_a8eZ9XHvZdKivz3bFdHW_1743175416_195799918_sentence_segment_close.wav,once There was a young girl her name was Mia who was told she was a princess,"There once was a young girl named Mia, who was told she was a princess."
processed_audio/annotated_sentence_segments/uid_eQ9VyOzVOCQWR7uTGBGzvfh3rUJ2_sid_a8eZ9XHvZdKivz3bFdHW_1743175416_195799919_sentence_segment_close.wav,She was a big pink f|r|roke and her shiny crown,"She wore a big, pink frock and a shiny crown."
processed_audio/annotated_sentence_segments/uid_eQ9VyOzVOCQWR7uTGBGzvfh3rUJ2_sid_a8eZ9XHvZdKivz3bFdHW_1743175416_195799920_sentence_segment_close.wav,But Mia did not like a ɹɔɪəl: cliggy clock clink clicking what was her pl:eɪtaɪm,But Mia did not like the royal clock ticking away her playtime.
processed_audio/annotated_sentence_segments/uid_eQ9VyOzVOCQWR7uTGBGzvfh3rUJ2_sid_a8eZ9XHvZdKivz3bFdHW_1743175416_195799921_sentence_segment_close.wav,She  pink to be pink dress in her back  and run with a duck,She longed to pick daisies in the back garden and run with the duck.
processed_audio/annotated_sentence_segments/uid_eQ9VyOzVOCQWR7uTGBGzvfh3rUJ2_sid_a8eZ9XHvZdKivz3bFdHW_1743175416_195799923_sentence_segment_close.wav,ʃ:i had fun jump and kɪk|ɪŋ rock,She had fun jumping and kicking rocks.
processed_audio/annotated_sentence_segments/uid_eQ9VyOzVOCQWR7uTGBGzvfh3rUJ2_sid_a8eZ9XHvZdKivz3bFdHW_1743175416_195799925_sentence_segment_close.wav,Though T Through her little said princess miə|s heart chose to be different  track  with  with her  miə happy Mia,"Though her title said ""princess,"" Mia's heart chose a different track, one with no bounds, where she was simply happy Mia."
processed_audio/annotated_sentence_segments/uid_ihIoefKsGwTDai7fGs9x3DyNvju2_sid_rRyldMhDpQ6c2k4qHgO3_1742504648_195799926_sentence_segment_close.wav,In the harm of the school Mark and Sara (gasp) started art class,"In the heart of the school, Mark and Sara started art class."
processed_audio/annotated_sentence_segments/uid_XmxSYUZAj4dRqSczt2clQkDf31M2_sid_NxoVXDkmYhch9d9VLsD1_1741231226_195799927_sentence_segment_close.wav, upon a time a:n in a fairy way kingdom a picture princess lived in a castle,"Once upon a time, in a faraway kingdom, a princess lived in a castle."
processed_audio/annotated_sentence_segments/uid_XmxSYUZAj4dRqSczt2clQkDf31M2_sid_NxoVXDkmYhch9d9VLsD1_1741231226_195799928_sentence_segment_close.wav,Her best friend was a magical unicorn,Her best friend was a magical unicorn.
processed_audio/annotated_sentence_segments/uid_XmxSYUZAj4dRqSczt2clQkDf31M2_sid_NxoVXDkmYhch9d9VLsD1_1741231226_195799929_sentence_segment_close.wav,They lʌ:vd to play in the sunshine ex|pecially flowerbeds æ:nd̚ have fun in,"They loved to play in the sunshine, exploring flowerbeds and having fun."
processed_audio/annotated_sentence_segments/uid_XmxSYUZAj4dRqSczt2clQkDf31M2_sid_NxoVXDkmYhch9d9VLsD1_1741231226_195799930_sentence_segment_close.wav,One day they found a hidden path leading to a beautiful waterfall,"One day, they found a hidden path leading to a beautiful waterfall."
processed_audio/annotated_sentence_segments/uid_XmxSYUZAj4dRqSczt2clQkDf31M2_sid_NxoVXDkmYhch9d9VLsD1_1741231226_195799931_sentence_segment_close.wav,They The water sparkled like jewels ðə and ðə princess made a wish,"The water sparkled like jewels, and the princess made a wish."
processed_audio/annotated_sentence_segments/uid_XmxSYUZAj4dRqSczt2clQkDf31M2_sid_NxoVXDkmYhch9d9VLsD1_1741231226_195799932_sentence_segment_close.wav,ðə: unicorn nod her nod nɑdɪdɛ he.happily and they dance ʌntɪl set sunset,"The unicorn nodded happily, and they danced till sunset."
processed_audio/annotated_sentence_segments/uid_XmxSYUZAj4dRqSczt2clQkDf31M2_sid_NxoVXDkmYhch9d9VLsD1_1741231226_195799933_sentence_segment_close.wav,As night fell they understood remembered to: the kæsəld promise to visit their secret spot again,"As night fell, they returned to the castle, promising to visit their secret spot again."
processed_audio/annotated_sentence_segments/uid_XmxSYUZAj4dRqSczt2clQkDf31M2_sid_NxoVXDkmYhch9d9VLsD1_1741231226_195799934_sentence_segment_close.wav,The and The princess w and her unicorn knew their friendship was as bright as a star fɔɹ lightning fɔɹ lightning forever lightni laɪt their above əbɹuv,"The princess and her unicorn knew their friendship was as bright as the stars, forever lighting their adventures."
processed_audio/annotated_sentence_segments/uid_d4lLmJzVbJaLpyCuafResXOry3t2_sid_rcTNhF88C79EqtExGJfr_1742502803_195799935_sentence_segment_close.wav,In a small corner of Emma Emma's room her stə|f:is sat in a cluster,"In a small corner of Emma's room, her stuffies sat in a cluster."
processed_audio/annotated_sentence_segments/uid_d4lLmJzVbJaLpyCuafResXOry3t2_sid_rcTNhF88C79EqtExGJfr_1742502803_195799936_sentence_segment_close.wav,They were her favorite pals ever,They were her favorite pals ever.
processed_audio/annotated_sentence_segments/uid_d4lLmJzVbJaLpyCuafResXOry3t2_sid_rcTNhF88C79EqtExGJfr_1742502803_195799937_sentence_segment_close.wav,Every m evening Emma would gather them together s ʃɑɹɪŋ stɔɹiz sharing stɔɹiz about her day,"Every evening, Emma would gather them together, sharing stories about her day."
processed_audio/annotated_sentence_segments/uid_d4lLmJzVbJaLpyCuafResXOry3t2_sid_rcTNhF88C79EqtExGJfr_1742502803_195799938_sentence_segment_close.wav,there [wəɹ] there was Fred the Tiger who lɪsn:d in [ɪnt(ə)ɹəst] and Bret the bear who always seemed to cheer,"There was Fred, the tiger, who listened with interest, and Bert, the bear, who always seemed to cheer."
processed_audio/annotated_sentence_segments/uid_d4lLmJzVbJaLpyCuafResXOry3t2_sid_rcTNhF88C79EqtExGJfr_1742502803_195799939_sentence_segment_close.wav,One day Emma noticed her stuffies  fort was f.fɔlɪŋ apart,"One day, Emma noticed her stuffy fort was falling apart."
processed_audio/annotated_sentence_segments/uid_d4lLmJzVbJaLpyCuafResXOry3t2_sid_rcTNhF88C79EqtExGJfr_1742502803_195799940_sentence_segment_close.wav,Under she organized them making it even better,"Undeterred, she rearranged them, making it even better."
processed_audio/annotated_sentence_segments/uid_d4lLmJzVbJaLpyCuafResXOry3t2_sid_rcTNhF88C79EqtExGJfr_1742502803_195799941_sentence_segment_close.wav,The stuffies loved their new home and Fred ɹoʊd in apraaaaval,"The stuffies loved their new home, and Fred roared in approval."
processed_audio/annotated_sentence_segments/uid_d4lLmJzVbJaLpyCuafResXOry3t2_sid_rcTNhF88C79EqtExGJfr_1742502803_195799942_sentence_segment_close.wav,Emma smiled feeling proud,"Emma smiled, feeling proud."
processed_audio/annotated_sentence_segments/uid_d4lLmJzVbJaLpyCuafResXOry3t2_sid_rcTNhF88C79EqtExGJfr_1742502803_195799943_sentence_segment_close.wav,Her stuffies sat under th the bright lamp ready for another day of əvɛntʃəɹz with Emma near,"Her stuffies sat under the bright lamp, ready for another day of adventures with Emma near."
processed_audio/annotated_sentence_segments/uid_0FdMSMtn95PJ9tLFeW3F4sFLPMh1_sid_PzCPrPJB9BiIogeRJC8Z_1743129370_195799944_sentence_segment_close.wav,Once upon a ti:me a golden retriever named Sunny was playing in the meadow,"Once upon a time, a golden retriever named Sunny was playing in the meadow."
processed_audio/annotated_sentence_segments/uid_0FdMSMtn95PJ9tLFeW3F4sFLPMh1_sid_PzCPrPJB9BiIogeRJC8Z_1743129370_195799945_sentence_segment_close.wav,The ground was rough and bumpy and Sunny was a strong dɑ:ɡ,"The ground was rough and bumpy, but Sunny was a strong dog."
processed_audio/annotated_sentence_segments/uid_0FdMSMtn95PJ9tLFeW3F4sFLPMh1_sid_PzCPrPJB9BiIogeRJC8Z_1743129370_195799946_sentence_segment_close.wav,hi: loved to run leap æn bound wherever hi: could,"He loved to run, leap, and bound wherever he could."
processed_audio/annotated_sentence_segments/uid_0FdMSMtn95PJ9tLFeW3F4sFLPMh1_sid_PzCPrPJB9BiIogeRJC8Z_1743129370_195799947_sentence_segment_close.wav,One day Sunny thought aɪ: I out to ɛ|ksploɹ: over the hill,"One day, Sunny thought, ""I ought to explore over the hill."""
processed_audio/annotated_sentence_segments/uid_0FdMSMtn95PJ9tLFeW3F4sFLPMh1_sid_PzCPrPJB9BiIogeRJC8Z_1743129370_195799948_sentence_segment_close.wav,The meadow: was his favorite place but he knew there was new sights to see,"The meadow was his favorite place, but he knew there were new sights to see."
processed_audio/annotated_sentence_segments/uid_0FdMSMtn95PJ9tLFeW3F4sFLPMh1_sid_PzCPrPJB9BiIogeRJC8Z_1743129370_195799949_sentence_segment_close.wav,Sunny trou tɹoʊd over his tail wagging with blɪs:,"Sunny trotted over, his tail wagging with bliss."
processed_audio/annotated_sentence_segments/uid_0FdMSMtn95PJ9tLFeW3F4sFLPMh1_sid_PzCPrPJB9BiIogeRJC8Z_1743129370_195799950_sentence_segment_close.wav,wɛ:n he reached the top hiə s:ɔ: a beautiful oak tree standing tall,"When he reached the top, he saw a beautiful oak tree standing tall."
processed_audio/annotated_sentence_segments/uid_0FdMSMtn95PJ9tLFeW3F4sFLPMh1_sid_PzCPrPJB9BiIogeRJC8Z_1743129370_195799951_sentence_segment_close.wav,Below a lazy a cozy little pɑ:nd,Below it lay a cozy little pond.
processed_audio/annotated_sentence_segments/uid_0FdMSMtn95PJ9tLFeW3F4sFLPMh1_sid_PzCPrPJB9BiIogeRJC8Z_1743129370_195799952_sentence_segment_close.wav,Sunny bound down ɛk|saɪtɪd to take a closer look,"Sunny bounded down, excited to take a closer look."
processed_audio/annotated_sentence_segments/uid_0FdMSMtn95PJ9tLFeW3F4sFLPMh1_sid_PzCPrPJB9BiIogeRJC8Z_1743129370_195799953_sentence_segment_close.wav,The water was smooth and clear,The water was smooth and clear.
processed_audio/annotated_sentence_segments/uid_0FdMSMtn95PJ9tLFeW3F4sFLPMh1_sid_PzCPrPJB9BiIogeRJC8Z_1743129370_195799954_sentence_segment_close.wav,He learned it to to see his reflection He leaned in to see his refrection and thought Woah this pɑndə is just ɹaɪ for a splash,"He leaned in to see his reflection and thought, ""Wow, this pond is just right for a splash."""
processed_audio/annotated_sentence_segments/uid_0FdMSMtn95PJ9tLFeW3F4sFLPMh1_sid_PzCPrPJB9BiIogeRJC8Z_1743129370_195799955_sentence_segment_close.wav,Next the pond were a loaf of bread lying on the grass probably left over ʌm a picnicker,"Next to the pond, there was a loaf of bread lying on the grass, probably left by a picnicker."
processed_audio/annotated_sentence_segments/uid_0FdMSMtn95PJ9tLFeW3F4sFLPMh1_sid_PzCPrPJB9BiIogeRJC8Z_1743129370_195799956_sentence_segment_close.wav,ʌ Sunny's nʌz twitched,Sunny's nose twitched.
processed_audio/annotated_sentence_segments/uid_0FdMSMtn95PJ9tLFeW3F4sFLPMh1_sid_PzCPrPJB9BiIogeRJC8Z_1743129370_195799957_sentence_segment_close.wav,He thought it might be fun to give it a little nudge,He thought it might be fun to give it a little nudge.
processed_audio/annotated_sentence_segments/uid_0FdMSMtn95PJ9tLFeW3F4sFLPMh1_sid_PzCPrPJB9BiIogeRJC8Z_1743129370_195799958_sentence_segment_close.wav,So he did,So he did!
processed_audio/annotated_sentence_segments/uid_0FdMSMtn95PJ9tLFeW3F4sFLPMh1_sid_PzCPrPJB9BiIogeRJC8Z_1743129370_195799959_sentence_segment_close.wav,The loʊfu rolled rup and sih near the water's edge,The loaf rolled and stopped near the water's edge.
processed_audio/annotated_sentence_segments/uid_0FdMSMtn95PJ9tLFeW3F4sFLPMh1_sid_PzCPrPJB9BiIogeRJC8Z_1743129370_195799960_sentence_segment_close.wav,As the sun began to set Sunny wagged his tail ail: again feeling happy he st|iffed stiffed,"As the sun began to set, Sunny wagged his tail again, feeling happy and satisfied."
processed_audio/annotated_sentence_segments/uid_0FdMSMtn95PJ9tLFeW3F4sFLPMh1_sid_PzCPrPJB9BiIogeRJC8Z_1743129370_195799961_sentence_segment_close.wav,He knew he wʊ:d return tomorrow to play a more ,He knew he would return tomorrow to play some more.
processed_audio/annotated_sentence_segments/uid_0FdMSMtn95PJ9tLFeW3F4sFLPMh1_sid_PzCPrPJB9BiIogeRJC8Z_1743129370_195799962_sentence_segment_close.wav,The day had just been the adventure he had hoped,The day had been just the adventure he had hoped for.
processed_audio/annotated_sentence_segments/uid_qgT735VZ7OPJmWzvIgZGZAchHgD2_sid_F5kGIH0AyeRaOjCSVl6i_1742415864_195799963_sentence_segment_close.wav,Clara loved playing softball,Clara loved playing softball.
processed_audio/annotated_sentence_segments/uid_qgT735VZ7OPJmWzvIgZGZAchHgD2_sid_F5kGIH0AyeRaOjCSVl6i_1742415864_195799964_sentence_segment_close.wav,Every saturday [ʃi:] [wo:ɹ] her lucky red cap and went to the park,"Every Saturday, she wore her lucky red cap and went to the park."
processed_audio/annotated_sentence_segments/uid_qgT735VZ7OPJmWzvIgZGZAchHgD2_sid_F5kGIH0AyeRaOjCSVl6i_1742415864_195799965_sentence_segment_close.wav,her father was always there to cheer her on,Her father was always there to cheer her on.
processed_audio/annotated_sentence_segments/uid_qgT735VZ7OPJmWzvIgZGZAchHgD2_sid_F5kGIH0AyeRaOjCSVl6i_1742415864_195799966_sentence_segment_close.wav,They would arrive early to warm up,They would arrive early to warm up.
processed_audio/annotated_sentence_segments/uid_qgT735VZ7OPJmWzvIgZGZAchHgD2_sid_F5kGIH0AyeRaOjCSVl6i_1742415864_195799967_sentence_segment_close.wav,klæɹ practice hitting the ball far æ:nd θɹ:oʊɪŋ with her arm,Clara practiced hitting the ball far and throwing with her arm.
processed_audio/annotated_sentence_segments/uid_qgT735VZ7OPJmWzvIgZGZAchHgD2_sid_F5kGIH0AyeRaOjCSVl6i_1742415864_195799968_sentence_segment_close.wav,and her friend Fern was the fir:s to join her on the field,"Her friend, Fern, was the first to join her on the field."
processed_audio/annotated_sentence_segments/uid_qgT735VZ7OPJmWzvIgZGZAchHgD2_sid_F5kGIH0AyeRaOjCSVl6i_1742415864_195799969_sentence_segment_close.wav,The game began and klæɹ was the fɜɹs to bat,"The game began, and Clara was the first to bat."
processed_audio/annotated_sentence_segments/uid_qgT735VZ7OPJmWzvIgZGZAchHgD2_sid_F5kGIH0AyeRaOjCSVl6i_1742415864_195799970_sentence_segment_close.wav,She swʌŋ: hard and hit the ball over the fence,She swung hard and hit the ball over the fence.
processed_audio/annotated_sentence_segments/uid_qgT735VZ7OPJmWzvIgZGZAchHgD2_sid_F5kGIH0AyeRaOjCSVl6i_1742415864_195799971_sentence_segment_close.wav,Run klæɹ run shouts her fɑ:ðəɹ,"""Run, Clara, run!"" shouted her father."
processed_audio/annotated_sentence_segments/uid_qgT735VZ7OPJmWzvIgZGZAchHgD2_sid_F5kGIH0AyeRaOjCSVl6i_1742415864_195799972_sentence_segment_close.wav,klæɹ ran aroun the bases her h:it bases her heart racing with excitement,"Clara ran around the bases, her heart racing with excitement."
processed_audio/annotated_sentence_segments/uid_qgT735VZ7OPJmWzvIgZGZAchHgD2_sid_F5kGIH0AyeRaOjCSVl6i_1742415864_195799973_sentence_segment_close.wav,The game ended with klæɹz team winning,The game ended with Clara's team winning.
processed_audio/annotated_sentence_segments/uid_qgT735VZ7OPJmWzvIgZGZAchHgD2_sid_F5kGIH0AyeRaOjCSVl6i_1742415864_195799974_sentence_segment_close.wav,Exhausted but happy klæɹ and her father sɛləbɹeɪd with ice cream,"Exhausted but happy, Clara and her father celebrated with ice cream."
processed_audio/annotated_sentence_segments/uid_qgT735VZ7OPJmWzvIgZGZAchHgD2_sid_F5kGIH0AyeRaOjCSVl6i_1742415864_195799975_sentence_segment_close.wav,And they walked home klæɹ felt proud,"As they walked home, Clara felt proud."
processed_audio/annotated_sentence_segments/uid_qgT735VZ7OPJmWzvIgZGZAchHgD2_sid_F5kGIH0AyeRaOjCSVl6i_1742415864_195799976_sentence_segment_close.wav,Playing sɐfbɐl was her favorite part of the week,Playing softball was her favorite part of the week.
processed_audio/annotated_sentence_segments/uid_Sn3Nw7A3OmOkiMXEFjEyRusLuuo2_sid_caRe3xv2JyxYcZYLHwBs_1741736883_195799977_sentence_segment_close.wav,kælɐin put on her swim cap and went to the pu:l,Caroline put on her swim cap and went to the pool.
processed_audio/annotated_sentence_segments/uid_Sn3Nw7A3OmOkiMXEFjEyRusLuuo2_sid_caRe3xv2JyxYcZYLHwBs_1741736883_195799978_sentence_segment_close.wav,her:e Her two cats m:æks and bɛl:ə mhm wahtch|ed watch|did for də deck,"Her two cats, Max and Bella, watched from the deck."
processed_audio/annotated_sentence_segments/uid_Sn3Nw7A3OmOkiMXEFjEyRusLuuo2_sid_caRe3xv2JyxYcZYLHwBs_1741736883_195799979_sentence_segment_close.wav,kɛɹəˌwaɪn did a big splash with a ʑʌmp,Caroline did a big splash with a jump.
processed_audio/annotated_sentence_segments/uid_Sn3Nw7A3OmOkiMXEFjEyRusLuuo2_sid_caRe3xv2JyxYcZYLHwBs_1741736883_195799980_sentence_segment_close.wav,The cats wished ð:eɪ cold ca:lled twimming swim too,The cats wished they could swim too.
processed_audio/annotated_sentence_segments/uid_Sn3Nw7A3OmOkiMXEFjEyRusLuuo2_sid_caRe3xv2JyxYcZYLHwBs_1741736883_195799981_sentence_segment_close.wav,kɛɹəˌwaɪn /ə:læf̚t/ kæθ in the pool ðæt be ku:l,"Caroline laughed, ""Cats in the pool? That'd be cool!"""
processed_audio/annotated_sentence_segments/uid_Sn3Nw7A3OmOkiMXEFjEyRusLuuo2_sid_caRe3xv2JyxYcZYLHwBs_1741736883_195799982_sentence_segment_close.wav,Max and Bell Bella mhm napped in the sun drem dreaming of big fish,"Max and Bella napped in the sun, dreaming of big fish."
processed_audio/annotated_sentence_segments/uid_Sn3Nw7A3OmOkiMXEFjEyRusLuuo2_sid_caRe3xv2JyxYcZYLHwBs_1741736883_195799983_sentence_segment_close.wav,Caroline s|wæm fast f:|ishing her swim as the s:ʌn set s|.stɪl ɡəlɪlɪŋ at her cats ɛntz,"Caroline swam fast, finishing her swim as the sun set, still giggling at her cats' antics."
processed_audio/annotated_sentence_segments/uid_zIPazMYB9WUmRZJJLlrBka2GK663_sid_otLJZhWyMisfQ2v6fxWB_1741638816_195799984_sentence_segment_close.wav,It's going now Lilly lived happily in a small village by the sea sea,Lilly lived happily in a small village by the sea.
processed_audio/annotated_sentence_segments/uid_zIPazMYB9WUmRZJJLlrBka2GK663_sid_otLJZhWyMisfQ2v6fxWB_1741638816_195799985_sentence_segment_close.wav,She smiled brightly every morning while watching the sun rise slowly,She smiled brightly every morning while watching the sun rise slowly.
processed_audio/annotated_sentence_segments/uid_zIPazMYB9WUmRZJJLlrBka2GK663_sid_otLJZhWyMisfQ2v6fxWB_1741638816_195799986_sentence_segment_close.wav,Her sister Molly often joined her and they would chat cheerfully about their day ahead,"Her sister Molly often joined her, and they would chat cheerfully about their day ahead."
processed_audio/annotated_sentence_segments/uid_zIPazMYB9WUmRZJJLlrBka2GK663_sid_otLJZhWyMisfQ2v6fxWB_1741638816_195799987_sentence_segment_close.wav,One day they decided to explore a nearby hill,"One day, they decided to explore a nearby hill."
processed_audio/annotated_sentence_segments/uid_zIPazMYB9WUmRZJJLlrBka2GK663_sid_otLJZhWyMisfQ2v6fxWB_1741638816_195799988_sentence_segment_close.wav,Molly packed a lovely picnic and they set off chant chanting busily,"Molly packed a lovely picnic, and they set off, chatting busily."
processed_audio/annotated_sentence_segments/uid_zIPazMYB9WUmRZJJLlrBka2GK663_sid_otLJZhWyMisfQ2v6fxWB_1741638816_195799989_sentence_segment_close.wav,The path was rocky but they walk carefully helping ea each each other over the rough spots,"The path was rocky, but they walked carefully, helping each other over the rough spots."
processed_audio/annotated_sentence_segments/uid_zIPazMYB9WUmRZJJLlrBka2GK663_sid_otLJZhWyMisfQ2v6fxWB_1741638816_195799990_sentence_segment_close.wav,The top of the hill often a stunning view,The top of the hill offered a stunning view.
processed_audio/annotated_sentence_segments/uid_zIPazMYB9WUmRZJJLlrBka2GK663_sid_otLJZhWyMisfQ2v6fxWB_1741638816_195799991_sentence_segment_close.wav,They could see the waves crashing softly on the shore,They could see the waves crashing softly on the shore.
processed_audio/annotated_sentence_segments/uid_zIPazMYB9WUmRZJJLlrBka2GK663_sid_otLJZhWyMisfQ2v6fxWB_1741638816_195799992_sentence_segment_close.wav,They spread their picnic blanket and ate hungrily,They spread their picnic blanket and ate hungrily.
processed_audio/annotated_sentence_segments/uid_zIPazMYB9WUmRZJJLlrBka2GK663_sid_otLJZhWyMisfQ2v6fxWB_1741638816_195799993_sentence_segment_close.wav,The wind blew gently making them feel extremely cozy under the bright sky,"The wind blew gently, making them feel extremely cozy under the bright sky."
processed_audio/annotated_sentence_segments/uid_zIPazMYB9WUmRZJJLlrBka2GK663_sid_otLJZhWyMisfQ2v6fxWB_1741638816_195799994_sentence_segment_close.wav,they quietly watch up the clouds drifting lazy along,"After their meal, they lay quietly, watching the clouds drift lazily along."
processed_audio/annotated_sentence_segments/uid_zIPazMYB9WUmRZJJLlrBka2GK663_sid_otLJZhWyMisfQ2v6fxWB_1741638816_195799995_sentence_segment_close.wav,Final as the sun began to set they pack up and desecond slowly,"Finally, as the sun began to set, they packed up and descended slowly."
processed_audio/annotated_sentence_segments/uid_zIPazMYB9WUmRZJJLlrBka2GK663_sid_otLJZhWyMisfQ2v6fxWB_1741638816_195799996_sentence_segment_close.wav,The day had been wonderful spent filed with laughter and bonding,"The day had been wonderfully spent, filled with laughter and bonding."
processed_audio/annotated_sentence_segments/uid_zIPazMYB9WUmRZJJLlrBka2GK663_sid_otLJZhWyMisfQ2v6fxWB_1741638816_195799997_sentence_segment_close.wav,They returned home feeling thankful and hugging each other o.o.other tightly before saying goodnight,"They returned home, feeling thankful and hugging each other tightly before saying goodnight."
processed_audio/annotated_sentence_segments/uid_mHWscHBXcoabM7fdw88AliGuPWw1_sid_7uCDiTq1wssSMWEFdyG8_1742239940_195799998_sentence_segment_close.wav,On St. patrick's Day a lucky lɪpɹəˌkɑn named Finn found a pɑt old paʔ,"On St. Patrick's Day, a lucky leprechaun named Finn found an old pot."
processed_audio/annotated_sentence_segments/uid_mHWscHBXcoabM7fdw88AliGuPWw1_sid_7uCDiTq1wssSMWEFdyG8_1742239940_195799999_sentence_segment_close.wav,He shook it and həd a həd a clang,He shook it and heard a clang!
processed_audio/annotated_sentence_segments/uid_mHWscHBXcoabM7fdw88AliGuPWw1_sid_7uCDiTq1wssSMWEFdyG8_1742239940_195800000_sentence_segment_close.wav,ɪnstaɪd wə golden coins wif (with) a map,Inside were gold coins and a map.
processed_audio/annotated_sentence_segments/uid_mHWscHBXcoabM7fdw88AliGuPWw1_sid_7uCDiTq1wssSMWEFdyG8_1742239940_195800001_sentence_segment_close.wav,Finn took a shorka cut short nap and dream of f.faɪndɪŋ mɔ twɛʒəɹz,Finn took a short nap and dreamed of finding more treasures.
processed_audio/annotated_sentence_segments/uid_mHWscHBXcoabM7fdw88AliGuPWw1_sid_7uCDiTq1wssSMWEFdyG8_1742239940_195800002_sentence_segment_close.wav,So he set off on a the l on a long pæf through a lʌtʃ ɡwid foresh:|st,"So, he set off on a long path through a lush, green forest."
processed_audio/annotated_sentence_segments/uid_mHWscHBXcoabM7fdw88AliGuPWw1_sid_7uCDiTq1wssSMWEFdyG8_1742239940_195800003_sentence_segment_close.wav,Finn found a hidden keɪ wɪf a big chest ɪnstaɪd,Finn found a hidden cave with a big chest inside.
processed_audio/annotated_sentence_segments/uid_mHWscHBXcoabM7fdw88AliGuPWw1_sid_7uCDiTq1wssSMWEFdyG8_1742239940_195800004_sentence_segment_close.wav,excitedly he opened the chest,"Excited, he opened the chest."
processed_audio/annotated_sentence_segments/uid_mHWscHBXcoabM7fdw88AliGuPWw1_sid_7uCDiTq1wssSMWEFdyG8_1742239940_195800005_sentence_segment_close.wav,But instead of glod ðɛ wə kʌlfəl sh:mo|ks shmocks,"But instead of gold, there were colorful shamrocks!"
processed_audio/annotated_sentence_segments/uid_mHWscHBXcoabM7fdw88AliGuPWw1_sid_7uCDiTq1wssSMWEFdyG8_1742239940_195800006_sentence_segment_close.wav,Finn felt glad,Finn felt glad.
processed_audio/annotated_sentence_segments/uid_mHWscHBXcoabM7fdw88AliGuPWw1_sid_7uCDiTq1wssSMWEFdyG8_1742239940_195800007_sentence_segment_close.wav,The shmocks smuh smocks were magic,The shamrocks were magic!
processed_audio/annotated_sentence_segments/uid_mHWscHBXcoabM7fdw88AliGuPWw1_sid_7uCDiTq1wssSMWEFdyG8_1742239940_195800008_sentence_segment_close.wav,He could share them wɪf his fwɛndz,He could share them with friends.
processed_audio/annotated_sentence_segments/uid_mHWscHBXcoabM7fdw88AliGuPWw1_sid_7uCDiTq1wssSMWEFdyG8_1742239940_195800009_sentence_segment_close.wav,fɪd smiled knowing hid had fun the real found real the real treasure fwɛndʃɪ,"Finn smiled, knowing he had found the real treasure: friendship."
processed_audio/annotated_sentence_segments/uid_jWPmLFrSHDZItPTjjPUB8KAsjlq2_sid_C8n8hZufDi0aASFdmmA4_1742589296_195800010_sentence_segment_close.wav,In a kweɪntɪn town a young boy named Roy found a shiny coin,"In a quaint town, a young boy named Roy found a shiny coin."
processed_audio/annotated_sentence_segments/uid_jWPmLFrSHDZItPTjjPUB8KAsjlq2_sid_C8n8hZufDi0aASFdmmA4_1742589296_195800011_sentence_segment_close.wav,Joy filled his heart,Joy filled his heart.
processed_audio/annotated_sentence_segments/uid_jWPmLFrSHDZItPTjjPUB8KAsjlq2_sid_C8n8hZufDi0aASFdmmA4_1742589296_195800012_sentence_segment_close.wav,Nearby a loyal dog named Troy with a joyful bɑɹg joined Roy,"Nearby, a loyal dog named Troy, with a joyful bark, joined Roy."
processed_audio/annotated_sentence_segments/uid_jWPmLFrSHDZItPTjjPUB8KAsjlq2_sid_C8n8hZufDi0aASFdmmA4_1742589296_195800013_sentence_segment_close.wav,Together they enjoyed the bright tɔɪ: show in the park,Together they enjoyed the bright toy show in the park.
processed_audio/annotated_sentence_segments/uid_jWPmLFrSHDZItPTjjPUB8KAsjlq2_sid_C8n8hZufDi0aASFdmmA4_1742589296_195800014_sentence_segment_close.wav,Thafternoon was filled wɪt joy as they played and laughed,The afternoon was filled with joy as they played and laughed.
processed_audio/annotated_sentence_segments/uid_jWPmLFrSHDZItPTjjPUB8KAsjlq2_sid_C8n8hZufDi0aASFdmmA4_1742589296_195800015_sentence_segment_close.wav,asth sun set Roy and tɹ:ɔɪ ɛ.ɛndɪd their day with a delightful story promising more joyful days ahead,"As the sun set, Roy and Troy ended their day with a delightful story, promising more joyful days ahead."
processed_audio/annotated_sentence_segments/uid_FUCVnaPJeyV5kzao6jmObtdzLUE2_sid_8PcAkP7csTNUfDqNZ075_1742905877_195800016_sentence_segment_close.wav,Once upon time in the the sunny hills a little pup name ɹ.ɹʌs|ti ran with fʌ.fʌn,"Once upon a time, in the sunny hills, a little pup named Rusty ran with fun."
processed_audio/annotated_sentence_segments/uid_FUCVnaPJeyV5kzao6jmObtdzLUE2_sid_8PcAkP7csTNUfDqNZ075_1742905877_195800017_sentence_segment_close.wav,Rusty loved to uncover hiding spots under the big shade trees,"Rusty loved to uncover hidden spots under the big, shady trees."
processed_audio/annotated_sentence_segments/uid_FUCVnaPJeyV5kzao6jmObtdzLUE2_sid_8PcAkP7csTNUfDqNZ075_1742905877_195800018_sentence_segment_close.wav,One day Rusty loved to uncover hiding no hidden spots under the big shady trees,"Rusty loved to uncover hidden spots under the big, shady trees."
processed_audio/annotated_sentence_segments/uid_FUCVnaPJeyV5kzao6jmObtdzLUE2_sid_8PcAkP7csTNUfDqNZ075_1742905877_195800019_sentence_segment_close.wav,One day he found an un|wihsul rock,"One day, he found an unusual rock."
processed_audio/annotated_sentence_segments/uid_FUCVnaPJeyV5kzao6jmObtdzLUE2_sid_8PcAkP7csTNUfDqNZ075_1742905877_195800020_sentence_segment_close.wav,It looks like it was shiny stone youk oolduhbyuulkuli youkai One day he found an unusual rock It looked like a ukelele shiny stone o uh: so that's the that's the  that's the prefix un un o so un what's the other word so cover up un un like yup unlike any he had seen,"It looked like a shiny stone, unlike any he had seen."
processed_audio/annotated_sentence_segments/uid_FUCVnaPJeyV5kzao6jmObtdzLUE2_sid_8PcAkP7csTNUfDqNZ075_1742905877_195800021_sentence_segment_close.wav,Rusty was stunned he felt ʌn|ʃʊɹ about picking it up,Rusty was stunned and felt unsure about picking it up.
processed_audio/annotated_sentence_segments/uid_FUCVnaPJeyV5kzao6jmObtdzLUE2_sid_8PcAkP7csTNUfDqNZ075_1742905877_195800022_sentence_segment_close.wav,a few leaves əɹaʊn the rock uncovered a tiny hiding,"Coco untangled a few leaves around the rock and uncovered a tiny, hidden tunnel."
processed_audio/annotated_sentence_segments/uid_FUCVnaPJeyV5kzao6jmObtdzLUE2_sid_8PcAkP7csTNUfDqNZ075_1742905877_195800023_sentence_segment_close.wav,Together Rusty and Coco went t through tunnel diving in land of the wonder,"Together, Rusty and Coco went into the tunnel, discovering a land of wonder right under the hills."
processed_audio/annotated_sentence_segments/uid_FUCVnaPJeyV5kzao6jmObtdzLUE2_sid_8PcAkP7csTNUfDqNZ075_1742905877_195800024_sentence_segment_close.wav,They had fun əm bɪŋ,Their fun adventure had begun.
processed_audio/annotated_sentence_segments/uid_xxUUDYlSFESUIRvPTLDLReqO44G3_sid_F6kP38GjRiJXRwDKJ6rm_1741822595_195800025_sentence_segment_close.wav,Max the frog hops into the bah bog,Max the frog hops into the bog.
processed_audio/annotated_sentence_segments/uid_xxUUDYlSFESUIRvPTLDLReqO44G3_sid_F6kP38GjRiJXRwDKJ6rm_1741822595_195800026_sentence_segment_close.wav,It's a foggy morning and his plans to jog,"It's a foggy morning, and he plans to jog."
processed_audio/annotated_sentence_segments/uid_xxUUDYlSFESUIRvPTLDLReqO44G3_sid_F6kP38GjRiJXRwDKJ6rm_1741822595_195800027_sentence_segment_close.wav,The bɑɡs is full of logs and mud,The bog is full of logs and mud.
processed_audio/annotated_sentence_segments/uid_xxUUDYlSFESUIRvPTLDLReqO44G3_sid_F6kP38GjRiJXRwDKJ6rm_1741822595_195800028_sentence_segment_close.wav,Max jumps over a log and lands with a thud,Max jumps over a log and lands with a thud.
processed_audio/annotated_sentence_segments/uid_xxUUDYlSFESUIRvPTLDLReqO44G3_sid_F6kP38GjRiJXRwDKJ6rm_1741822595_195800029_sentence_segment_close.wav,He s:pɑts his pal nɛ the dog,"He spots his pal, Ned, the dog."
processed_audio/annotated_sentence_segments/uid_xxUUDYlSFESUIRvPTLDLReqO44G3_sid_F6kP38GjRiJXRwDKJ6rm_1741822595_195800030_sentence_segment_close.wav,Ned is on a kwɛs to find a red flag,Ned is on a quest to find a red flag.
processed_audio/annotated_sentence_segments/uid_xxUUDYlSFESUIRvPTLDLReqO44G3_sid_F6kP38GjRiJXRwDKJ6rm_1741822595_195800031_sentence_segment_close.wav,Can I join mas Max a|x æsk quick,"""Can I join?"" Max asks quick."
processed_audio/annotated_sentence_segments/uid_xxUUDYlSFESUIRvPTLDLReqO44G3_sid_F6kP38GjRiJXRwDKJ6rm_1741822595_195800032_sentence_segment_close.wav,Ned nods and they dash slick and brisk,"Ned nods, and they dash, slick and brisk."
processed_audio/annotated_sentence_segments/uid_xxUUDYlSFESUIRvPTLDLReqO44G3_sid_F6kP38GjRiJXRwDKJ6rm_1741822595_195800033_sentence_segment_close.wav,They hop past a big rock and see a tin can,They hop past a big rock and see a tin can.
processed_audio/annotated_sentence_segments/uid_xxUUDYlSFESUIRvPTLDLReqO44G3_sid_F6kP38GjRiJXRwDKJ6rm_1741822595_195800034_sentence_segment_close.wav,Max taps the can and out jumps a small crab with a tan,"Max taps the can, and out jumps a small crab with a tan."
processed_audio/annotated_sentence_segments/uid_xxUUDYlSFESUIRvPTLDLReqO44G3_sid_F6kP38GjRiJXRwDKJ6rm_1741822595_195800035_sentence_segment_close.wav,the crab snaps but Max grins,"The crab snaps, but Max grins."
processed_audio/annotated_sentence_segments/uid_xxUUDYlSFESUIRvPTLDLReqO44G3_sid_F6kP38GjRiJXRwDKJ6rm_1741822595_195800036_sentence_segment_close.wav,no harm says Ned with a wag of his chin,"""No harm,"" says Ned, with a wag of his chin."
processed_audio/annotated_sentence_segments/uid_xxUUDYlSFESUIRvPTLDLReqO44G3_sid_F6kP38GjRiJXRwDKJ6rm_1741822595_195800037_sentence_segment_close.wav,On the stænd they spot the red flag,"On the sand, they spot the red flag."
processed_audio/annotated_sentence_segments/uid_xxUUDYlSFESUIRvPTLDLReqO44G3_sid_F6kP38GjRiJXRwDKJ6rm_1741822595_195800038_sentence_segment_close.wav,hooray barks Ned his tail a gag,"""Hooray!"" barks Ned, his tail a-gag."
processed_audio/annotated_sentence_segments/uid_xxUUDYlSFESUIRvPTLDLReqO44G3_sid_F6kP38GjRiJXRwDKJ6rm_1741822595_195800039_sentence_segment_close.wav,together ðə: they tʌŋɡ then with it wave it high,"Together they tug, then wave it high."
processed_audio/annotated_sentence_segments/uid_xxUUDYlSFESUIRvPTLDLReqO44G3_sid_F6kP38GjRiJXRwDKJ6rm_1741822595_195800040_sentence_segment_close.wav,  and  cheer under the sky,Max and Ned cheer under the sky.
processed_audio/annotated_sentence_segments/uid_xxUUDYlSFESUIRvPTLDLReqO44G3_sid_F6kP38GjRiJXRwDKJ6rm_1741822595_195800041_sentence_segment_close.wav,The sun sets as Matt æz æz they head back,The sun sets as they head back.
processed_audio/annotated_sentence_segments/uid_xxUUDYlSFESUIRvPTLDLReqO44G3_sid_F6kP38GjRiJXRwDKJ6rm_1741822595_195800042_sentence_segment_close.wav,Max feels glad his day was a fun packed track,Max feels glad; his day was a fun-packed track.
processed_audio/annotated_sentence_segments/uid_xxUUDYlSFESUIRvPTLDLReqO44G3_sid_F6kP38GjRiJXRwDKJ6rm_1741822595_195800043_sentence_segment_close.wav,wɪf yawns and hots /h:is/ bids Ned goodbye,"With yawns and hops, he bids Ned goodbye."
processed_audio/annotated_sentence_segments/uid_xxUUDYlSFESUIRvPTLDLReqO44G3_sid_F6kP38GjRiJXRwDKJ6rm_1741822595_195800044_sentence_segment_close.wav,Max returns the star lit bog it luba: lu:awbobby,"Max returns, the star-lit bog his lullaby."
processed_audio/annotated_sentence_segments/uid_UHGZEyBQklbC0GB3JZMa5l8yuGT2_sid_4y1VwSYnYR9RhUNvbxe9_1741461587_195800045_sentence_segment_close.wav,Once a shy unicorn name Sky met a kind mermaid  named lɪvi,"Once, a shy unicorn named Sky met a kind mermaid named Ivy."
processed_audio/annotated_sentence_segments/uid_UHGZEyBQklbC0GB3JZMa5l8yuGT2_sid_4y1VwSYnYR9RhUNvbxe9_1741461587_195800046_sentence_segment_close.wav,They liked to play on a sunny day by the sh:ining day,They liked to play on a sunny day by the shiny bay.
processed_audio/annotated_sentence_segments/uid_UHGZEyBQklbC0GB3JZMa5l8yuGT2_sid_4y1VwSYnYR9RhUNvbxe9_1741461587_195800047_sentence_segment_close.wav,lɪvi showed Sky the way to play in the wiver wi.wiver,Ivy showed Sky the way to play in the waves.
processed_audio/annotated_sentence_segments/uid_UHGZEyBQklbC0GB3JZMa5l8yuGT2_sid_4y1VwSYnYR9RhUNvbxe9_1741461587_195800048_sentence_segment_close.wav,word word,"They tried to fly and dive, giggling loudly."
processed_audio/annotated_sentence_segments/uid_UHGZEyBQklbC0GB3JZMa5l8yuGT2_sid_4y1VwSYnYR9RhUNvbxe9_1741461587_195800049_sentence_segment_close.wav,æzə the sun set ska:ɪ ændə Livy layed.d by the day filin happy ænd lɪvi,"As the sun set, Sky and Ivy lay by the bay, feeling happy and lively."
processed_audio/annotated_sentence_segments/uid_UHGZEyBQklbC0GB3JZMa5l8yuGT2_sid_4y1VwSYnYR9RhUNvbxe9_1741461587_195800050_sentence_segment_close.wav,They know they'd be best fɹɛnz always reading to dɐɪ,"They knew they'd be best friends, always ready to play."
processed_audio/annotated_sentence_segments/uid_21Dw9jLeIqWjrAuRHI1RG1qPz853_sid_T4yKb6u9Dma6mwunA6lP_1741209055_195800051_sentence_segment_close.wav,Once ə|pɑn a time in a far tɐʊn: dehwud a shiny train named Star,"Once upon a time, in a far town, there was a shiny train named Star."
processed_audio/annotated_sentence_segments/uid_21Dw9jLeIqWjrAuRHI1RG1qPz853_sid_T4yKb6u9Dma6mwunA6lP_1741209055_195800052_sentence_segment_close.wav,s:|tɐɹ was bɐɪ: far the fastest train in the yard,Star was by far the fastest train in the yard.
processed_audio/annotated_sentence_segments/uid_21Dw9jLeIqWjrAuRHI1RG1qPz853_sid_T4yKb6u9Dma6mwunA6lP_1741209055_195800053_sentence_segment_close.wav,Each mɹnɪŋ Star would s|tɐɹt up with a loud honk ready to travel fɹu vall:|leys æ.æ væl.væliz and farms,"Each morning, Star would start with a loud honk, ready to travel through valleys and farms."
processed_audio/annotated_sentence_segments/uid_21Dw9jLeIqWjrAuRHI1RG1qPz853_sid_T4yKb6u9Dma6mwunA6lP_1741209055_195800054_sentence_segment_close.wav,də passenger love Star for its charm and how it kæɹidə them s:eɪf:li,The passengers loved Star for its charm and how it carried them safely.
processed_audio/annotated_sentence_segments/uid_21Dw9jLeIqWjrAuRHI1RG1qPz853_sid_T4yKb6u9Dma6mwunA6lP_1741209055_195800055_sentence_segment_close.wav,One day a part of the track was br: bl:ɐkt by a car|t,"One day, a part of the track was blocked by a cart."
processed_audio/annotated_sentence_segments/uid_21Dw9jLeIqWjrAuRHI1RG1qPz853_sid_T4yKb6u9Dma6mwunA6lP_1741209055_195800056_sentence_segment_close.wav,With a s:wɪf:t m:uv s:tɐɹz crew worked hard to clear the path,"With a swift move, Star's crew worked hard to clear the path."
processed_audio/annotated_sentence_segments/uid_21Dw9jLeIqWjrAuRHI1RG1qPz853_sid_T4yKb6u9Dma6mwunA6lP_1741209055_195800057_sentence_segment_close.wav,s:un s|tɐɹ was back on track ɪn the tʃəɹni con|t(ih)n|jud,"Soon, Star was back on track, and the journey continued."
processed_audio/annotated_sentence_segments/uid_21Dw9jLeIqWjrAuRHI1RG1qPz853_sid_T4yKb6u9Dma6mwunA6lP_1741209055_195800058_sentence_segment_close.wav,ɛvdiwʌn ʃiɹd as they arrived at their final des|tiny not far,"Everyone cheered as they arrived at their final destination, not far."
processed_audio/annotated_sentence_segments/uid_Om0JhZ6RmTNQ5wDLPHKIC3LtY4g2_sid_aCJo0aI2m5MC75L1PWsr_1741393040_195800059_sentence_segment_close.wav,Kitty laid in her cozy bed gazing out the window at the stars,"Kitty lay in her cozy bed, gazing out the window at the stars."
processed_audio/annotated_sentence_segments/uid_Om0JhZ6RmTNQ5wDLPHKIC3LtY4g2_sid_aCJo0aI2m5MC75L1PWsr_1741393040_195800060_sentence_segment_close.wav,Her dreams took way her far away a lænt where cats lived in castles made of gold,"Her dreams took her far away, to a land where cats lived in castles made of gold."
processed_audio/annotated_sentence_segments/uid_Om0JhZ6RmTNQ5wDLPHKIC3LtY4g2_sid_aCJo0aI2m5MC75L1PWsr_1741393040_195800061_sentence_segment_close.wav,In this magic place Kitty dis soar over fields of corn and esp|s esplores secret shores,"In this magical place, Kitty could soar over fields of corn and explore secret shores."
processed_audio/annotated_sentence_segments/uid_Om0JhZ6RmTNQ5wDLPHKIC3LtY4g2_sid_aCJo0aI2m5MC75L1PWsr_1741393040_195800062_sentence_segment_close.wav,Day and night were just part of her grand vɛntʃəɹ,Day and night were just a part of her grand adventure.
processed_audio/annotated_sentence_segments/uid_Om0JhZ6RmTNQ5wDLPHKIC3LtY4g2_sid_aCJo0aI2m5MC75L1PWsr_1741393040_195800063_sentence_segment_close.wav,She mɛnt a wise old cat who shares tale of a.acient lore by a warm campfire,She met a wise old cat who shared tales of ancient lore by a warm campfire.
processed_audio/annotated_sentence_segments/uid_Om0JhZ6RmTNQ5wDLPHKIC3LtY4g2_sid_aCJo0aI2m5MC75L1PWsr_1741393040_195800064_sentence_segment_close.wav,As the sun beeg sum begins to rise Kitty's dreams faded she awoke with a purr ready for day heart full of joy from her nighttime journey,"As the sun began to rise, Kitty's dreams faded, and she awoke with a purr, ready for her day, heart full of joy from her nighttime journey."
processed_audio/annotated_sentence_segments/uid_UHGZEyBQklbC0GB3JZMa5l8yuGT2_sid_E16yjHjCudD8gko6qKSP_1741461241_195800065_sentence_segment_close.wav,Once upon a time there were a girl named Taylor Swift,"Once upon a time, there was a girl named Taylor Swift."
processed_audio/annotated_sentence_segments/uid_UHGZEyBQklbC0GB3JZMa5l8yuGT2_sid_E16yjHjCudD8gko6qKSP_1741461241_195800066_sentence_segment_close.wav,She could f.flaɪ high in the sky,She could fly high in the sky.
processed_audio/annotated_sentence_segments/uid_UHGZEyBQklbC0GB3JZMa5l8yuGT2_sid_E16yjHjCudD8gko6qKSP_1741461241_195800067_sentence_segment_close.wav,From the sky she would s spy the bur bright stars and smell smile,"From the sky, she would spy the bright stars and smile."
processed_audio/annotated_sentence_segments/uid_UHGZEyBQklbC0GB3JZMa5l8yuGT2_sid_E16yjHjCudD8gko6qKSP_1741461241_195800068_sentence_segment_close.wav,on a day a ʃ:aɪ bʌt.bʌtəɹflaɪ named m:ih mih meh m:aɪls flew by her side,"One day, a shy butterfly named Myles flew by her side."
processed_audio/annotated_sentence_segments/uid_UHGZEyBQklbC0GB3JZMa5l8yuGT2_sid_E16yjHjCudD8gko6qKSP_1741461241_195800069_sentence_segment_close.wav,tay tay|glersuh they danced with the night sky,"Together, they danced with the night sky."
processed_audio/annotated_sentence_segments/uid_UHGZEyBQklbC0GB3JZMa5l8yuGT2_sid_E16yjHjCudD8gko6qKSP_1741461241_195800070_sentence_segment_close.wav,Why so high ækstɪ m:aɪls,"""Why so high?"" asked Myles."
processed_audio/annotated_sentence_segments/uid_UHGZEyBQklbC0GB3JZMa5l8yuGT2_sid_E16yjHjCudD8gko6qKSP_1741461241_195800071_sentence_segment_close.wav,To try new things ɹɪplaɪ|d Taylor,"""To try new things,"" replied Taylor."
processed_audio/annotated_sentence_segments/uid_UHGZEyBQklbC0GB3JZMa5l8yuGT2_sid_E16yjHjCudD8gko6qKSP_1741461241_195800072_sentence_segment_close.wav,n They loved the night full of bright delights,"They loved the night, full of bright delights."
processed_audio/annotated_sentence_segments/uid_uJ59YClhDZUuJsN0vsDR1GRv6pu1_sid_oQsxoiXVweAiKFRpos7H_1741229499_195800073_sentence_segment_close.wav,Gus and Max are to dogs who love to bark,Gus and Max are two dogs who love to bark.
processed_audio/annotated_sentence_segments/uid_uJ59YClhDZUuJsN0vsDR1GRv6pu1_sid_oQsxoiXVweAiKFRpos7H_1741229499_195800074_sentence_segment_close.wav,They live on a big farm,They live on a big farm.
processed_audio/annotated_sentence_segments/uid_uJ59YClhDZUuJsN0vsDR1GRv6pu1_sid_oQsxoiXVweAiKFRpos7H_1741229499_195800075_sentence_segment_close.wav,Every day they chase a red car around the yard,"Every day, they chase a red car around the yard."
processed_audio/annotated_sentence_segments/uid_uJ59YClhDZUuJsN0vsDR1GRv6pu1_sid_oQsxoiXVweAiKFRpos7H_1741229499_195800076_sentence_segment_close.wav,Gus runs fæs but Max runs faster,"Gus runs fast, but Max runs faster."
processed_audio/annotated_sentence_segments/uid_uJ59YClhDZUuJsN0vsDR1GRv6pu1_sid_oQsxoiXVweAiKFRpos7H_1741229499_195800077_sentence_segment_close.wav,One they they spot a kæ far away,"One day, they spot a cat far away."
processed_audio/annotated_sentence_segments/uid_uJ59YClhDZUuJsN0vsDR1GRv6pu1_sid_oQsxoiXVweAiKFRpos7H_1741229499_195800078_sentence_segment_close.wav,They dart towards it and the cat dɑɹz up a tree,"They dart towards it, and the cat darts up a tree."
processed_audio/annotated_sentence_segments/uid_uJ59YClhDZUuJsN0vsDR1GRv6pu1_sid_oQsxoiXVweAiKFRpos7H_1741229499_195800079_sentence_segment_close.wav,Gus Max wait for the cat to come back down,Gus and Max wait for the cat to come back down.
processed_audio/annotated_sentence_segments/uid_uJ59YClhDZUuJsN0vsDR1GRv6pu1_sid_oQsxoiXVweAiKFRpos7H_1741229499_195800080_sentence_segment_close.wav,s It soon gets dark they head back to the barn to rest,"It soon gets dark, and they head back to the barn to rest."
processed_audio/annotated_sentence_segments/uid_uJ59YClhDZUuJsN0vsDR1GRv6pu1_sid_oQsxoiXVweAiKFRpos7H_1741229499_195800081_sentence_segment_close.wav,After a hard day they snooze and dream under the stars,"After a hard day, they snooze and dream under the stars."
processed_audio/annotated_sentence_segments/uid_uJ59YClhDZUuJsN0vsDR1GRv6pu1_sid_oQsxoiXVweAiKFRpos7H_1741229499_195800082_sentence_segment_close.wav,They are happy being the bɛs friends on nuh farm,"They are happy, being the best of friends on their farm."
processed_audio/annotated_sentence_segments/uid_mHWscHBXcoabM7fdw88AliGuPWw1_sid_dtEYmqVQn7bCiiLgipi7_1742934079_195800083_sentence_segment_close.wav,Mermaid Catsy had a fun day by the wɑtəɹfɔls,Mermaid Catsy had a fun day by the waterfall.
processed_audio/annotated_sentence_segments/uid_mHWscHBXcoabM7fdw88AliGuPWw1_sid_dtEYmqVQn7bCiiLgipi7_1742934079_195800084_sentence_segment_close.wav,She saw tall trees and felt the pull of the water,She saw tall trees and felt the pull of the water's lull.
processed_audio/annotated_sentence_segments/uid_mHWscHBXcoabM7fdw88AliGuPWw1_sid_dtEYmqVQn7bCiiLgipi7_1742934079_195800085_sentence_segment_close.wav,All s|all  the fwɪst big and small heɪm to see,"All the fish, big and small, came to see her."
processed_audio/annotated_sentence_segments/uid_mHWscHBXcoabM7fdw88AliGuPWw1_sid_dtEYmqVQn7bCiiLgipi7_1742934079_195800086_sentence_segment_close.wav,kitties play wɪf a ball under the wa|fall wʌtʃt it woʊl n the water,Catsy played with a ball under the waterfall and watched it roll in the water.
processed_audio/annotated_sentence_segments/uid_mHWscHBXcoabM7fdw88AliGuPWw1_sid_dtEYmqVQn7bCiiLgipi7_1742934079_195800087_sentence_segment_close.wav,In the   c|all  ,"In the afternoon, she heard a call from her friend, Ollie the crab."
processed_audio/annotated_sentence_segments/uid_mHWscHBXcoabM7fdw88AliGuPWw1_sid_dtEYmqVQn7bCiiLgipi7_1742934079_195800088_sentence_segment_close.wav,they pull a shell full of per,"Together, they pulled a shell full of pearls."
processed_audio/annotated_sentence_segments/uid_mHWscHBXcoabM7fdw88AliGuPWw1_sid_dtEYmqVQn7bCiiLgipi7_1742934079_195800089_sentence_segment_close.wav,One  as the   to fall fall,"By evening, Catsy waved farewell as the sun began to fall."
processed_audio/annotated_sentence_segments/uid_mHWscHBXcoabM7fdw88AliGuPWw1_sid_dtEYmqVQn7bCiiLgipi7_1742934079_195800090_sentence_segment_close.wav,It was eɪθ day of the ɹɪs n happy kɔz by the waterfall Yay,It was a day full of thrills and happy calls by the waterfall.
processed_audio/annotated_sentence_segments/uid_u2hytH2KWIS6ewdShfEZisygqIo2_sid_QzCLW5naFB7kEEygwpM4_1741483667_195800091_sentence_segment_close.wav,She could hear birds s:ɪŋɪŋ aʊt|saɪd singing outside her window,She could hear birds singing outside her window.
processed_audio/annotated_sentence_segments/uid_u2hytH2KWIS6ewdShfEZisygqIo2_sid_QzCLW5naFB7kEEygwpM4_1741483667_195800092_sentence_segment_close.wav,She də sound of chirping meɪ her smile,The sound of chirping made her smile.
processed_audio/annotated_sentence_segments/uid_u2hytH2KWIS6ewdShfEZisygqIo2_sid_QzCLW5naFB7kEEygwpM4_1741483667_195800093_sentence_segment_close.wav,Today will be a good day Minnie said hopping out of bend with a spring in her step,"""Today will be a good day,"" Minnie said, hopping out of bed with a spring in her step."
processed_audio/annotated_sentence_segments/uid_u2hytH2KWIS6ewdShfEZisygqIo2_sid_QzCLW5naFB7kEEygwpM4_1741483667_195800094_sentence_segment_close.wav,Minnie dɪs:aɪdɪd to start her day by going on a little əvɛntʃəɹ in her backyard,Minnie decided to start her day by going on a little adventure in her backyard.
processed_audio/annotated_sentence_segments/uid_u2hytH2KWIS6ewdShfEZisygqIo2_sid_QzCLW5naFB7kEEygwpM4_1741483667_195800095_sentence_segment_close.wav,she As she stepped outside the cool breeze felt r|eh r|ef|r|eshing refreshing on her skin,"As she stepped outside, the cool breeze felt refreshing on her skin."
processed_audio/annotated_sentence_segments/uid_u2hytH2KWIS6ewdShfEZisygqIo2_sid_QzCLW5naFB7kEEygwpM4_1741483667_195800096_sentence_segment_close.wav,She saw the grass listening with dew and she began skipping along the path laɪnt with blooming flowers,"She saw the grass glistening with dew, and she began skipping along the path lined with blooming flowers."
processed_audio/annotated_sentence_segments/uid_u2hytH2KWIS6ewdShfEZisygqIo2_sid_QzCLW5naFB7kEEygwpM4_1741483667_195800097_sentence_segment_close.wav,Butterflies f:lew around uhding|.in t:u the live skin.n skenes,"Butterflies fluttered around, adding to the lively scene."
processed_audio/annotated_sentence_segments/uid_u2hytH2KWIS6ewdShfEZisygqIo2_sid_QzCLW5naFB7kEEygwpM4_1741483667_195800098_sentence_segment_close.wav,While wuhile  wandering wandering əɹaʊnt Minnie Minnie spotted a smiling a  pond at the edge of her backyard,"While wandering around, Minnie spotted a small pond at the edge of her backyard."
processed_audio/annotated_sentence_segments/uid_u2hytH2KWIS6ewdShfEZisygqIo2_sid_QzCLW5naFB7kEEygwpM4_1741483667_195800099_sentence_segment_close.wav,She crowded down gazing into the water watching as fish were dɑɹtɪn playful l|ivɪŋ tiny ɹɪ|pəlz in their wake,"She crouched down and gazed into the water, watching as fish were darting playfully, leaving tiny ripples in their wake."
processed_audio/annotated_sentence_segments/uid_u2hytH2KWIS6ewdShfEZisygqIo2_sid_QzCLW5naFB7kEEygwpM4_1741483667_195800100_sentence_segment_close.wav,The s:ign made her giggle filling her heart wɪf dʒ.dʒɔɪ,"The sight made her giggle, filling her heart with joy."
processed_audio/annotated_sentence_segments/uid_u2hytH2KWIS6ewdShfEZisygqIo2_sid_QzCLW5naFB7kEEygwpM4_1741483667_195800101_sentence_segment_close.wav,After a while Minnie tummy start to ɹʌmbəlɪ,"After a while, Minnie's tummy started rumbling."
processed_audio/annotated_sentence_segments/uid_u2hytH2KWIS6ewdShfEZisygqIo2_sid_QzCLW5naFB7kEEygwpM4_1741483667_195800102_sentence_segment_close.wav,She realized it was time for bɹɛkfəs,She realized it was time for breakfast.
processed_audio/annotated_sentence_segments/uid_u2hytH2KWIS6ewdShfEZisygqIo2_sid_QzCLW5naFB7kEEygwpM4_1741483667_195800103_sentence_segment_close.wav,She hurried back inside the warm smi the warm smile of p|æn.|pæn|keɪks welcome in her in her her in kəmɪŋ her in,"She hurried back inside, the warm smell of pancakes welcoming her in."
processed_audio/annotated_sentence_segments/uid_u2hytH2KWIS6ewdShfEZisygqIo2_sid_QzCLW5naFB7kEEygwpM4_1741483667_195800104_sentence_segment_close.wav,Just in time for breakfast her mom ch|imble play placing the steamy plate in in fɹʌn her,"""Just in time for breakfast!"" her mom chimed, placing a steaming plate in front of her."
processed_audio/annotated_sentence_segments/uid_u2hytH2KWIS6ewdShfEZisygqIo2_sid_QzCLW5naFB7kEEygwpM4_1741483667_195800105_sentence_segment_close.wav,mɪdi enjoyed her meal thinking about her lovely morning,"Minnie enjoyed her meal, thinking about her lovely morning."
processed_audio/annotated_sentence_segments/uid_u2hytH2KWIS6ewdShfEZisygqIo2_sid_QzCLW5naFB7kEEygwpM4_1741483667_195800106_sentence_segment_close.wav,With her s:|um full sum|tch so much full and her heart happy Minnie knew this spring morning was truly special,"With her stomach full and her heart happy, Minnie knew this spring morning was truly special."
processed_audio/annotated_sentence_segments/uid_u2hytH2KWIS6ewdShfEZisygqIo2_sid_QzCLW5naFB7kEEygwpM4_1741483667_195800107_sentence_segment_close.wav,æʃ she finished her meal she f:ɛlt grateful for or the s:|ime simple joys s|əɹaʊndɪŋ her every day,"As she finished her meal, she felt grateful for the simple joys surrounding her every day."
processed_audio/annotated_sentence_segments/uid_d4lLmJzVbJaLpyCuafResXOry3t2_sid_CIX8Q1BHKmu5ChPnP1ak_1742240966_195800108_sentence_segment_close.wav,Whit felt a thrill as he climbed onto the big horse Phil,"Whit felt a thrill as he climbed onto the big horse, Phil."
processed_audio/annotated_sentence_segments/uid_d4lLmJzVbJaLpyCuafResXOry3t2_sid_CIX8Q1BHKmu5ChPnP1ak_1742240966_195800109_sentence_segment_close.wav,Whispering softly Whit assured Phil Let's gallop swiftly,"Whispering softly, Whit assured Phil, ""Let's gallop swiftly!"""
processed_audio/annotated_sentence_segments/uid_d4lLmJzVbJaLpyCuafResXOry3t2_sid_CIX8Q1BHKmu5ChPnP1ak_1742240966_195800110_sentence_segment_close.wav,With a whiff the wind whooshed past as they trotted θu the f.|fields,"With a whiff, the wind whooshed past as they trotted through the fields."
processed_audio/annotated_sentence_segments/uid_d4lLmJzVbJaLpyCuafResXOry3t2_sid_CIX8Q1BHKmu5ChPnP1ak_1742240966_195800111_sentence_segment_close.wav,Wait giggled feeling the whoosh between his feet,"Whit giggled, feeling the whoosh beneath his feet."
processed_audio/annotated_sentence_segments/uid_d4lLmJzVbJaLpyCuafResXOry3t2_sid_CIX8Q1BHKmu5ChPnP1ak_1742240966_195800112_sentence_segment_close.wav,When the ride was over White Whit thanked Phil with a pat,"When the ride was over, Whit thanked Phil with a pat."
processed_audio/annotated_sentence_segments/uid_d4lLmJzVbJaLpyCuafResXOry3t2_sid_CIX8Q1BHKmu5ChPnP1ak_1742240966_195800113_sentence_segment_close.wav,Phil nudged happily knowing they would have another fun day again soon,"Phil neighed happily, knowing they would have another fun day again soon."
processed_audio/annotated_sentence_segments/uid_lEq1lXM2xafR8w5blWO2OCG8VE93_sid_eFyNYPRW0sdxq0sPEQf7_1743541016_195800114_sentence_segment_close.wav,In the land of blocks Steve found a magic map,"In the land of blocks, Steve found a magical map."
processed_audio/annotated_sentence_segments/uid_lEq1lXM2xafR8w5blWO2OCG8VE93_sid_eFyNYPRW0sdxq0sPEQf7_1743541016_195800115_sentence_segment_close.wav,Ihshowt a way to duh hɐɪ.hɪdən keɪ:v,It showed the way to a hidden cave where treasures glow.
processed_audio/annotated_sentence_segments/uid_lEq1lXM2xafR8w5blWO2OCG8VE93_sid_eFyNYPRW0sdxq0sPEQf7_1743541016_195800116_sentence_segment_close.wav,h:i told his f:wend Alex and they began ðɛw quest,He told his friend Alex and they began their quest.
processed_audio/annotated_sentence_segments/uid_lEq1lXM2xafR8w5blWO2OCG8VE93_sid_eFyNYPRW0sdxq0sPEQf7_1743541016_195800117_sentence_segment_close.wav,æd dei woʊmd θuw the fowest kwoʊwɪst and pwu:st howzd wɪvʊz dei saw a rainbow above,"As they roamed through forests and crossed rivers, they saw a rainbow above."
processed_audio/annotated_sentence_segments/uid_lEq1lXM2xafR8w5blWO2OCG8VE93_sid_eFyNYPRW0sdxq0sPEQf7_1743541016_195800118_sentence_segment_close.wav,It touched də top of the mountain gau:ding de path,"It touched the top of the mountain, guiding their path."
processed_audio/annotated_sentence_segments/uid_lEq1lXM2xafR8w5blWO2OCG8VE93_sid_eFyNYPRW0sdxq0sPEQf7_1743541016_195800119_sentence_segment_close.wav,At ðəɹ cave fɐʊn goʊwd games and a b. ə boat ei boʊt waiting to take dɛm home,"At the cave, they found gold, gems, and a boat waiting to take them home."
processed_audio/annotated_sentence_segments/uid_lEq1lXM2xafR8w5blWO2OCG8VE93_sid_eFyNYPRW0sdxq0sPEQf7_1743541016_195800120_sentence_segment_close.wav,The boat floated down ðə stream back to ðɛw cozy base,"The boat floated down a stream, back to their cozy base."
processed_audio/annotated_sentence_segments/uid_lEq1lXM2xafR8w5blWO2OCG8VE93_sid_eFyNYPRW0sdxq0sPEQf7_1743541016_195800121_sentence_segment_close.wav,Steve and Alex knew they'd hæ mauh əvɛntʃʊwz to follow wɛw dreams uhfow:d and stwum:s gwoʊw,"Steve and Alex knew they'd have more adventures to follow, where dreams unfold and stories grow."
processed_audio/annotated_sentence_segments/uid_aKXkeU8QguUwr1lDK1mxXri9hqN2_sid_bgeNoX6mZ9KqJnbUs4Jc_1741731756_195800122_sentence_segment_close.wav,Fern found a bird with a hurt wing in əɹ yard,Fern found a bird with a hurt wing in her yard.
processed_audio/annotated_sentence_segments/uid_aKXkeU8QguUwr1lDK1mxXri9hqN2_sid_bgeNoX6mZ9KqJnbUs4Jc_1741731756_195800123_sentence_segment_close.wav,She felt sorry and took care of it,She felt sorry and took care of it.
processed_audio/annotated_sentence_segments/uid_aKXkeU8QguUwr1lDK1mxXri9hqN2_sid_bgeNoX6mZ9KqJnbUs4Jc_1741731756_195800124_sentence_segment_close.wav,Using warm water fɜɹm cleaned the wing Use Using warm water  and fed the bird corn,"Using warm water, Fern cleaned the wing and fed the bird corn."
processed_audio/annotated_sentence_segments/uid_aKXkeU8QguUwr1lDK1mxXri9hqN2_sid_bgeNoX6mZ9KqJnbUs4Jc_1741731756_195800125_sentence_segment_close.wav,The bird stayed ɪ small corner of house,The bird stayed in a small corner of the house.
processed_audio/annotated_sentence_segments/uid_aKXkeU8QguUwr1lDK1mxXri9hqN2_sid_bgeNoX6mZ9KqJnbUs4Jc_1741731756_195800126_sentence_segment_close.wav,After some days the bird's wing got better,"After some days, the bird's wing got better."
processed_audio/annotated_sentence_segments/uid_aKXkeU8QguUwr1lDK1mxXri9hqN2_sid_bgeNoX6mZ9KqJnbUs4Jc_1741731756_195800127_sentence_segment_close.wav,It flapped its wings ready to explore more of the world,"It flapped its wings, ready to explore more of the world."
processed_audio/annotated_sentence_segments/uid_aKXkeU8QguUwr1lDK1mxXri9hqN2_sid_bgeNoX6mZ9KqJnbUs4Jc_1741731756_195800128_sentence_segment_close.wav,Fern gay waved goodbye as the bird soared high oer clear sky,Fern waved goodbye as the bird soared high in the clear sky.
processed_audio/annotated_sentence_segments/uid_4w6SC0KmlKV4YmJTalgWiZalQHi2_sid_mfLjPE2t1eMTsYYpBaEa_1742508861_195800129_sentence_segment_close.wav,Once upon a time in a beautiful green forest lived a friendly rabbit named Roger,"Once upon a time, in a beautiful green forest, lived a friendly rabbit named Roger."
processed_audio/annotated_sentence_segments/uid_4w6SC0KmlKV4YmJTalgWiZalQHi2_sid_mfLjPE2t1eMTsYYpBaEa_1742508861_195800130_sentence_segment_close.wav,He was always happy and loved to play with his friends,He was always happy and loved to play with his friends.
processed_audio/annotated_sentence_segments/uid_4w6SC0KmlKV4YmJTalgWiZalQHi2_sid_mfLjPE2t1eMTsYYpBaEa_1742508861_195800131_sentence_segment_close.wav,One sunny day while hopping around he found a shiny red apple on the ground,"One sunny day, while hopping around, he found a shiny red apple on the ground."
processed_audio/annotated_sentence_segments/uid_4w6SC0KmlKV4YmJTalgWiZalQHi2_sid_mfLjPE2t1eMTsYYpBaEa_1742508861_195800132_sentence_segment_close.wav,Roger had never seen an apple before and was curious to take a bite,Roger had never seen an apple before and was curious to take a bite.
processed_audio/annotated_sentence_segments/uid_4w6SC0KmlKV4YmJTalgWiZalQHi2_sid_mfLjPE2t1eMTsYYpBaEa_1742508861_195800133_sentence_segment_close.wav,He nibble on the apple and it tasted delicious,He nibbled on the apple and it tasted delicious!
processed_audio/annotated_sentence_segments/uid_4w6SC0KmlKV4YmJTalgWiZalQHi2_sid_mfLjPE2t1eMTsYYpBaEa_1742508861_195800134_sentence_segment_close.wav,He wanted to keep it so he put it in his basket and hopped back home,"He wanted to keep it, so he put it in his basket and hopped back home."
processed_audio/annotated_sentence_segments/uid_4w6SC0KmlKV4YmJTalgWiZalQHi2_sid_mfLjPE2t1eMTsYYpBaEa_1742508861_195800135_sentence_segment_close.wav,On one day On the way he stumbled on a big green callerpitar named Cal Callie,"On the way, he stumbled upon a big green caterpillar named Callie."
processed_audio/annotated_sentence_segments/uid_4w6SC0KmlKV4YmJTalgWiZalQHi2_sid_mfLjPE2t1eMTsYYpBaEa_1742508861_195800136_sentence_segment_close.wav,She had no legs and couldn't move,She had no legs and couldn't move.
processed_audio/annotated_sentence_segments/uid_4w6SC0KmlKV4YmJTalgWiZalQHi2_sid_mfLjPE2t1eMTsYYpBaEa_1742508861_195800137_sentence_segment_close.wav,Roger quickly realized that Callie needed help,Roger quickly realized that Callie needed help.
processed_audio/annotated_sentence_segments/uid_4w6SC0KmlKV4YmJTalgWiZalQHi2_sid_mfLjPE2t1eMTsYYpBaEa_1742508861_195800138_sentence_segment_close.wav,He remembered that he had an apple in his basket and gave it to Callie to eat,He remembered that he had an apple in his basket and gave it to Callie to eat.
processed_audio/annotated_sentence_segments/uid_4w6SC0KmlKV4YmJTalgWiZalQHi2_sid_mfLjPE2t1eMTsYYpBaEa_1742508861_195800139_sentence_segment_close.wav,After eating the apple Callie grew bigger and tɜɹɛnt to turned into a colorful butterfly,"After eating the apple, Callie grew bigger and turned into a colorful butterfly!"
processed_audio/annotated_sentence_segments/uid_4w6SC0KmlKV4YmJTalgWiZalQHi2_sid_mfLjPE2t1eMTsYYpBaEa_1742508861_195800140_sentence_segment_close.wav,Roger was amazed and happy to see he made a new tu sh|have meɪd eɪ new friend,Roger was amazed and happy to have made a new friend.
processed_audio/annotated_sentence_segments/uid_4w6SC0KmlKV4YmJTalgWiZalQHi2_sid_mfLjPE2t1eMTsYYpBaEa_1742508861_195800141_sentence_segment_close.wav,They both hopped and flew together exploring the forest while looking for more interesting things and words that con|tay contai contain contained the letter c,"They both hopped and flew together, exploring the forest while looking for more interesting things and words that contain the letter 'c'."
processed_audio/annotated_sentence_segments/uid_4w6SC0KmlKV4YmJTalgWiZalQHi2_sid_mfLjPE2t1eMTsYYpBaEa_1742508861_195800142_sentence_segment_close.wav,From then on Roger and Callie were best friends and every time they saw an apple they were reminded of their special bond,"From then on, Roger and Callie were the best of friends and every time they saw an apple, they were reminded of their special bond."
processed_audio/annotated_sentence_segments/uid_8AhIEcEU81Sn83Fyb0gnFvpiNij2_sid_uFpqxEWSmUluX0tQptOS_1742515199_195800143_sentence_segment_close.wav,Once upon a time there was a yawng young s:|tɑɹ shining in the v|.va|s veɪst space,"Once upon a time, there was a young star shining in the vast space."
processed_audio/annotated_sentence_segments/uid_8AhIEcEU81Sn83Fyb0gnFvpiNij2_sid_uFpqxEWSmUluX0tQptOS_1742515199_195800144_sentence_segment_close.wav,ɪ|t liked a d|dan|juh|juh duh:|dan|k.king and singing will while twɪn|kliŋ bɹaɪt|li,It liked dancing and singing while twinkling brightly.
processed_audio/annotated_sentence_segments/uid_8AhIEcEU81Sn83Fyb0gnFvpiNij2_sid_uFpqxEWSmUluX0tQptOS_1742515199_195800145_sentence_segment_close.wav,One day while s:|s:|spɪ|niŋ around it naw|ticed noʊdɪst a new f: hm friend up|p|proch approaching a small comet with a s:|pɑɹ|kl|ɪŋ /tuh|t.t/ wis wɪθ eɪ spɑɹklɪŋ tell tail,"One day, while spinning around, it noticed a new friend approaching—a small comet with a sparkling tail."
processed_audio/annotated_sentence_segments/uid_8AhIEcEU81Sn83Fyb0gnFvpiNij2_sid_uFpqxEWSmUluX0tQptOS_1742515199_195800146_sentence_segment_close.wav,tu|ɡɛðəɹ they be|gin began greeting amazing pæ|təɹns w.whirl|ing and swirling across the galaxy,"Together, they began creating amazing patterns, swirling and swinging across the galaxy."
processed_audio/annotated_sentence_segments/uid_8AhIEcEU81Sn83Fyb0gnFvpiNij2_sid_uFpqxEWSmUluX0tQptOS_1742515199_195800147_sentence_segment_close.wav,As they played other stars started joining the fun making a lɪŋ th:in da|sing thigh payraid per par|d in space,"As they played, other stars started joining the fun, making a dazzling, singing parade in space."
processed_audio/annotated_sentence_segments/uid_8AhIEcEU81Sn83Fyb0gnFvpiNij2_sid_uFpqxEWSmUluX0tQptOS_1742515199_195800148_sentence_segment_close.wav,ev|eev|ven|tuh|tawly the time came f:oɹ  little s:|tɑɹ to rest but it never s|tɑpt dreaming of more twi.|twinkl.|ling av|ven|ture w.wɪθ its friends,"Eventually, the time came for the little star to rest, but it never stopped dreaming of more twinkling adventures with its friends."
processed_audio/annotated_sentence_segments/uid_u2hytH2KWIS6ewdShfEZisygqIo2_sid_7IUfKNbPtSLLxwJEdkZc_1743194542_195800149_sentence_segment_close.wav,Roy and Jill had a big day ahead,Roy and Joy had a big day ahead.
processed_audio/annotated_sentence_segments/uid_u2hytH2KWIS6ewdShfEZisygqIo2_sid_7IUfKNbPtSLLxwJEdkZc_1743194542_195800150_sentence_segment_close.wav,They were going to learn tap dance at the local hall,They were going to learn tap dance at the local hall.
processed_audio/annotated_sentence_segments/uid_u2hytH2KWIS6ewdShfEZisygqIo2_sid_7IUfKNbPtSLLxwJEdkZc_1743194542_195800151_sentence_segment_close.wav,exc:|ti:ted nei joi:ned də kl:ack ʊθ ʌ:ðəɹ boys and girls,"Excitedly, they joined the class with other boys and girls."
processed_audio/annotated_sentence_segments/uid_u2hytH2KWIS6ewdShfEZisygqIo2_sid_7IUfKNbPtSLLxwJEdkZc_1743194542_195800152_sentence_segment_close.wav,Det ðə teacher Miss dʌn taught them to tap their feet wɪf joy,"Their teacher, Miss Doyle, taught them to tap their feet with joy."
processed_audio/annotated_sentence_segments/uid_u2hytH2KWIS6ewdShfEZisygqIo2_sid_7IUfKNbPtSLLxwJEdkZc_1743194542_195800153_sentence_segment_close.wav,your toʊʃ and enjoy she sɐiŋ as much fild nə room,"""Point your toes and enjoy!"" she sang as music filled the room."
processed_audio/annotated_sentence_segments/uid_u2hytH2KWIS6ewdShfEZisygqIo2_sid_7IUfKNbPtSLLxwJEdkZc_1743194542_195800154_sentence_segment_close.wav,Everyone tæ:pt in un|nison c.cre|a|ting ei: lovely,"Everyone tapped in unison, creating a lively noise."
processed_audio/annotated_sentence_segments/uid_u2hytH2KWIS6ewdShfEZisygqIo2_sid_7IUfKNbPtSLLxwJEdkZc_1743194542_195800155_sentence_segment_close.wav,dʒɔ:i tw:irl|led around and Joy jumped with joy,"Joy twirled around, and Roy jumped with joy."
processed_audio/annotated_sentence_segments/uid_u2hytH2KWIS6ewdShfEZisygqIo2_sid_7IUfKNbPtSLLxwJEdkZc_1743194542_195800156_sentence_segment_close.wav,At the ʌnd of class ɔi and Joy were f:ʊl of happiness,"At the end of the class, Roy and Joy were full of happiness."
processed_audio/annotated_sentence_segments/uid_u2hytH2KWIS6ewdShfEZisygqIo2_sid_7IUfKNbPtSLLxwJEdkZc_1743194542_195800157_sentence_segment_close.wav,dei couldn't wait to show dɛɹ pahr parents the new steps they had discovered,They couldn't wait to show their parents the new steps they had discovered.
processed_audio/annotated_sentence_segments/uid_Gt0cspsUtRSvEXXHZKUWlVAfyVq2_sid_Fg08PYTUetsEHAd5a7Su_1743619578_195800158_sentence_segment_close.wav,Clara is a smart girl who loves to draw and ʃtɑɹz and kɑɹʃ,Clara is a smart girl who loves to draw stars and cars.
processed_audio/annotated_sentence_segments/uid_Gt0cspsUtRSvEXXHZKUWlVAfyVq2_sid_Fg08PYTUetsEHAd5a7Su_1743619578_195800159_sentence_segment_close.wav,She star|ts her day by dɹɔlɪŋ a large star on her paper,She starts her day by drawing a large star on her paper.
processed_audio/annotated_sentence_segments/uid_Gt0cspsUtRSvEXXHZKUWlVAfyVq2_sid_Fg08PYTUetsEHAd5a7Su_1743619578_195800160_sentence_segment_close.wav,After she works on her homework with care,"After, she works on her homework with care."
processed_audio/annotated_sentence_segments/uid_Gt0cspsUtRSvEXXHZKUWlVAfyVq2_sid_Fg08PYTUetsEHAd5a7Su_1743619578_195800161_sentence_segment_close.wav,Her art work are both neat,Her art and work are both neat.
processed_audio/annotated_sentence_segments/uid_Gt0cspsUtRSvEXXHZKUWlVAfyVq2_sid_Fg08PYTUetsEHAd5a7Su_1743619578_195800162_sentence_segment_close.wav,Her art and work are both neat,Her art and work are both neat.
processed_audio/annotated_sentence_segments/uid_Gt0cspsUtRSvEXXHZKUWlVAfyVq2_sid_Fg08PYTUetsEHAd5a7Su_1743619578_195800163_sentence_segment_close.wav,Clara is t Clara laɪkʃ to share her art with her mom,Clara likes to share her art with her mom.
processed_audio/annotated_sentence_segments/uid_Gt0cspsUtRSvEXXHZKUWlVAfyVq2_sid_Fg08PYTUetsEHAd5a7Su_1743619578_195800164_sentence_segment_close.wav,They sit together under a warm lamp and talk,They sit together under a warm lamp and talk.
processed_audio/annotated_sentence_segments/uid_Gt0cspsUtRSvEXXHZKUWlVAfyVq2_sid_Fg08PYTUetsEHAd5a7Su_1743619578_195800167_sentence_segment_close.wav,each day she looks forward to doing her art and homework with more heart,"Each day, she looks forward to doing her art and homework with more heart."
processed_audio/annotated_sentence_segments/uid_EfKQNmht2ebtDnNadrezErlhcDF3_sid_94139u3RLB6eDunha2LP_1741737807_195800168_sentence_segment_close.wav,Sloth was slow but happy in the trees,Sloth was slow but happy in the trees.
processed_audio/annotated_sentence_segments/uid_EfKQNmht2ebtDnNadrezErlhcDF3_sid_94139u3RLB6eDunha2LP_1741737807_195800169_sentence_segment_close.wav,He liked to hang and swang,He liked to hang and swing.
processed_audio/annotated_sentence_segments/uid_EfKQNmht2ebtDnNadrezErlhcDF3_sid_94139u3RLB6eDunha2LP_1741737807_195800170_sentence_segment_close.wav,One day he saw a big banana,"One day, he saw a big banana."
processed_audio/annotated_sentence_segments/uid_EfKQNmht2ebtDnNadrezErlhcDF3_sid_94139u3RLB6eDunha2LP_1741737807_195800171_sentence_segment_close.wav,Sloth climbed to reach the branch,Sloth climbed to reach the branch.
processed_audio/annotated_sentence_segments/uid_EfKQNmht2ebtDnNadrezErlhcDF3_sid_94139u3RLB6eDunha2LP_1741737807_195800172_sentence_segment_close.wav,The sun was hot The sun was hot and s:lɔθ felt a nap was bɛ.|bɛst,"The sun was hot, and Sloth felt a nap was best."
processed_audio/annotated_sentence_segments/uid_EfKQNmht2ebtDnNadrezErlhcDF3_sid_94139u3RLB6eDunha2LP_1741737807_195800173_sentence_segment_close.wav,He slept on his branch dreaming about the food,"He slept on his branch, dreaming about the food."
processed_audio/annotated_sentence_segments/uid_EfKQNmht2ebtDnNadrezErlhcDF3_sid_94139u3RLB6eDunha2LP_1741737807_195800174_sentence_segment_close.wav,Then When Sloth woke up h:i felt glad and had a bite,"When Sloth woke up, he felt glad and had a bite."
processed_audio/annotated_sentence_segments/uid_EfKQNmht2ebtDnNadrezErlhcDF3_sid_94139u3RLB6eDunha2LP_1741737807_195800175_sentence_segment_close.wav,The day ended with s the sky turning red,The day ended with the sky turning red.
processed_audio/annotated_sentence_segments/uid_EfKQNmht2ebtDnNadrezErlhcDF3_sid_94139u3RLB6eDunha2LP_1741737807_195800176_sentence_segment_close.wav,Sloth was full fʊl and swung back to his soft bed,Sloth was full and swung back to his soft bed.
processed_audio/annotated_sentence_segments/uid_EfKQNmht2ebtDnNadrezErlhcDF3_sid_94139u3RLB6eDunha2LP_1741737807_195800177_sentence_segment_close.wav,Sloth made a plan təmɑoʊ more trees to see,"Sloth made a plan: ""Tomorrow, more trees to see!"""
processed_audio/annotated_sentence_segments/uid_IxbpyVeneRWBOVT8zPZO9dPynyX2_sid_TI7ZfqtWKKN5LypKQDPq_1742330731_195800178_sentence_segment_close.wav,Jake liked to play for football every day,Jake liked to play football every day.
processed_audio/annotated_sentence_segments/uid_IxbpyVeneRWBOVT8zPZO9dPynyX2_sid_TI7ZfqtWKKN5LypKQDPq_1742330731_195800179_sentence_segment_close.wav,He ran fast down the field his shoes kicking up dirt,"He ran fast down the field, his shoes kicking up dirt."
processed_audio/annotated_sentence_segments/uid_IxbpyVeneRWBOVT8zPZO9dPynyX2_sid_TI7ZfqtWKKN5LypKQDPq_1742330731_195800180_sentence_segment_close.wav,The team cheered Go dʒeɪ go as he caught the ball,"The team cheered, ""Go, Jake, go!"" as he caught the ball."
processed_audio/annotated_sentence_segments/uid_IxbpyVeneRWBOVT8zPZO9dPynyX2_sid_TI7ZfqtWKKN5LypKQDPq_1742330731_195800181_sentence_segment_close.wav,His friends Pete passed him the ball,"His friend, Pete, passed him the ball."
processed_audio/annotated_sentence_segments/uid_IxbpyVeneRWBOVT8zPZO9dPynyX2_sid_TI7ZfqtWKKN5LypKQDPq_1742330731_195800182_sentence_segment_close.wav,Jake aimed and kicked,Jake aimed and kicked.
processed_audio/annotated_sentence_segments/uid_IxbpyVeneRWBOVT8zPZO9dPynyX2_sid_TI7ZfqtWKKN5LypKQDPq_1742330731_195800183_sentence_segment_close.wav,The ball whose o ðə bɑl flew high landing in the goal,"The ball flew high, landing in the goal."
processed_audio/annotated_sentence_segments/uid_IxbpyVeneRWBOVT8zPZO9dPynyX2_sid_TI7ZfqtWKKN5LypKQDPq_1742330731_195800184_sentence_segment_close.wav,Goal shouting the ti:m,"""Goal!"" shouted the team."
processed_audio/annotated_sentence_segments/uid_IxbpyVeneRWBOVT8zPZO9dPynyX2_sid_TI7ZfqtWKKN5LypKQDPq_1742330731_195800185_sentence_segment_close.wav,Jake smiled width wide,Jake smiled wide.
processed_audio/annotated_sentence_segments/uid_IxbpyVeneRWBOVT8zPZO9dPynyX2_sid_TI7ZfqtWKKN5LypKQDPq_1742330731_195800186_sentence_segment_close.wav,Coach said I'm proud of you Jake,"Coach said, ""I'm proud of you, Jake!"""
processed_audio/annotated_sentence_segments/uid_IxbpyVeneRWBOVT8zPZO9dPynyX2_sid_TI7ZfqtWKKN5LypKQDPq_1742330731_195800187_sentence_segment_close.wav,Its a ɪt was a great day,It was a great day.
processed_audio/annotated_sentence_segments/uid_IxbpyVeneRWBOVT8zPZO9dPynyX2_sid_TI7ZfqtWKKN5LypKQDPq_1742330731_195800188_sentence_segment_close.wav,Jake loved football and playing with his friends,Jake loved football and playing with his friends.
processed_audio/annotated_sentence_segments/uid_IxbpyVeneRWBOVT8zPZO9dPynyX2_sid_TI7ZfqtWKKN5LypKQDPq_1742330731_195800189_sentence_segment_close.wav,They all cheered and went to go ʌm buy ice cream to celebrate their win,They all cheered and went to buy ice cream to celebrate their win.
processed_audio/annotated_sentence_segments/uid_IxbpyVeneRWBOVT8zPZO9dPynyX2_sid_TI7ZfqtWKKN5LypKQDPq_1742330731_195800190_sentence_segment_close.wav,it was a day Jake would always remember,It was a day Jake would always remember.
processed_audio/annotated_sentence_segments/uid_eQ9VyOzVOCQWR7uTGBGzvfh3rUJ2_sid_d0sd8ez8hxweRUEB02Dj_1742253312_195800191_sentence_segment_close.wav,   [pʰɹei] [pɹæ̃ntəd] to the edge of the woods,Pax the fox pranced to the edge of the woods.
processed_audio/annotated_sentence_segments/uid_eQ9VyOzVOCQWR7uTGBGzvfh3rUJ2_sid_d0sd8ez8hxweRUEB02Dj_1742253312_195800192_sentence_segment_close.wav,he saw A bag on the ground and scratched and itch on his nɑz,He saw a badge on the ground and scratched an itch on his nose.
processed_audio/annotated_sentence_segments/uid_eQ9VyOzVOCQWR7uTGBGzvfh3rUJ2_sid_d0sd8ez8hxweRUEB02Dj_1742253312_195800193_sentence_segment_close.wav,what a strange bag he thought,"""What a strange badge!"" he thought."
processed_audio/annotated_sentence_segments/uid_eQ9VyOzVOCQWR7uTGBGzvfh3rUJ2_sid_d0sd8ez8hxweRUEB02Dj_1742253312_195800194_sentence_segment_close.wav," /pʰæk͡s/ ""...nudged it, a badge of honor emerged, revealing a hidden message.""","As Pax nudged it, a badge of honor emerged, revealing a hidden message."
processed_audio/annotated_sentence_segments/uid_WU2CHNrkg8hTa41RUFdbv0AtTC42_sid_2Co3lEc8sspfmMu4fH2l_1741135526_195800195_sentence_segment_close.wav,In the past America bɪ|ɡæn its  teɪl: with brave ex|plower|s poɹləɹ hm sporeluh spoilers sailing the sea,"In the past, America began its tale with brave explorers sailing the sea."
processed_audio/annotated_sentence_segments/uid_WU2CHNrkg8hTa41RUFdbv0AtTC42_sid_2Co3lEc8sspfmMu4fH2l_1741135526_195800196_sentence_segment_close.wav,These ɛkˈsplɔːwəɹz leɪ:d the weɪ: for new lands to be discovered,These explorers laid the way for new lands to be discovered.
processed_audio/annotated_sentence_segments/uid_WU2CHNrkg8hTa41RUFdbv0AtTC42_sid_2Co3lEc8sspfmMu4fH2l_1741135526_195800197_sentence_segment_close.wav,They gave names to bays and plains,They gave names to bays and plains.
processed_audio/annotated_sentence_segments/uid_WU2CHNrkg8hTa41RUFdbv0AtTC42_sid_2Co3lEc8sspfmMu4fH2l_1741135526_195800198_sentence_segment_close.wav,As day turn settler settlers stayed and towns began to grow and play,"As days turned, settlers stayed, and towns began to grow and play."
processed_audio/annotated_sentence_segments/uid_WU2CHNrkg8hTa41RUFdbv0AtTC42_sid_2Co3lEc8sspfmMu4fH2l_1741135526_195800199_sentence_segment_close.wav,This how This was how a nation bɪɡɛn to sway its fly in the breeze paving the way to what America is today,"This was how a nation began to sway its flag in the breeze, paving the way to what America is today."
processed_audio/annotated_sentence_segments/uid_EfKQNmht2ebtDnNadrezErlhcDF3_sid_jz3KP00mqLL8lsiR3aHj_1743543984_195800200_sentence_segment_close.wav,Long ago in a small school far away children learned every day,"Long ago, in a small school far away, children learned every day."
processed_audio/annotated_sentence_segments/uid_EfKQNmht2ebtDnNadrezErlhcDF3_sid_jz3KP00mqLL8lsiR3aHj_1743543984_195800201_sentence_segment_close.wav,They sat in a large room with a big blackboard,They sat in a large room with a big blackboard.
processed_audio/annotated_sentence_segments/uid_EfKQNmht2ebtDnNadrezErlhcDF3_sid_jz3KP00mqLL8lsiR3aHj_1743543984_195800202_sentence_segment_close.wav,The teacher taught them to write words and read stɔɹi|z,The teacher taught them to write words and read stories.
processed_audio/annotated_sentence_segments/uid_EfKQNmht2ebtDnNadrezErlhcDF3_sid_jz3KP00mqLL8lsiR3aHj_1743543984_195800203_sentence_segment_close.wav,After lessons the cha the children played in a wide yards with s.swɪŋz and slides,"After lessons, the children played in a wide yard with swings and slides."
processed_audio/annotated_sentence_segments/uid_EfKQNmht2ebtDnNadrezErlhcDF3_sid_jz3KP00mqLL8lsiR3aHj_1743543984_195800204_sentence_segment_close.wav,They liked to race from one tree to another,They liked to race from one tree to another.
processed_audio/annotated_sentence_segments/uid_EfKQNmht2ebtDnNadrezErlhcDF3_sid_jz3KP00mqLL8lsiR3aHj_1743543984_195800205_sentence_segment_close.wav,when the bell rang they turned to the klæs  ɹum for one last story,"When the bell rang, they turned to the classroom for one last story."
processed_audio/annotated_sentence_segments/uid_EfKQNmht2ebtDnNadrezErlhcDF3_sid_jz3KP00mqLL8lsiR3aHj_1743543984_195800206_sentence_segment_close.wav,at days end the teachers gave each tʃaɪʎld a note to show their parents,"At day's end, the teacher gave each child a note to show their parents."
processed_audio/annotated_sentence_segments/uid_EfKQNmht2ebtDnNadrezErlhcDF3_sid_jz3KP00mqLL8lsiR3aHj_1743543984_195800207_sentence_segment_close.wav,then they walked to their homes with great smiles and stories to tell,"Then, they walked to their homes with bright smiles and stories to tell."
processed_audio/annotated_sentence_segments/uid_8AhIEcEU81Sn83Fyb0gnFvpiNij2_sid_dWWHqaNCItDHVTJsppiM_1742342703_195800208_sentence_segment_close.wav,once upon a time a princess named Ella played in the sun,"Once upon a time, a princess named Ella played in the sun."
processed_audio/annotated_sentence_segments/uid_8AhIEcEU81Sn83Fyb0gnFvpiNij2_sid_dWWHqaNCItDHVTJsppiM_1742342703_195800209_sentence_segment_close.wav,She loved her garden filled with roses and  dæn|st amuh əh among the flowers,She loved her garden filled with roses and danced among the flowers.
processed_audio/annotated_sentence_segments/uid_8AhIEcEU81Sn83Fyb0gnFvpiNij2_sid_dWWHqaNCItDHVTJsppiM_1742342703_195800210_sentence_segment_close.wav,One day Ella dɹɛðt in əh her fan fin|net ɡaʊ:n and pəlænd a grand feast,"One day, Ella dressed in her finest gown and planned a grand feast."
processed_audio/annotated_sentence_segments/uid_8AhIEcEU81Sn83Fyb0gnFvpiNij2_sid_dWWHqaNCItDHVTJsppiM_1742342703_195800211_sentence_segment_close.wav,"she ɪnvaɪ  tɪd friends f:ɹʌm the ˌnɪəɹ nearby ""toh"" tohns",She invited friends from the nearby towns.
processed_audio/annotated_sentence_segments/uid_8AhIEcEU81Sn83Fyb0gnFvpiNij2_sid_dWWHqaNCItDHVTJsppiM_1742342703_195800212_sentence_segment_close.wav,æθ fəv sun set music pl.played and everyone tʃɪɹzd,"As the sun set, music played and everyone cheered."
processed_audio/annotated_sentence_segments/uid_8AhIEcEU81Sn83Fyb0gnFvpiNij2_sid_dWWHqaNCItDHVTJsppiM_1742342703_195800213_sentence_segment_close.wav,The joyful evening ended with a magical dɪs|pleɪ of stars,The joyful evening ended with a magical display of stars.
processed_audio/annotated_sentence_segments/uid_8AhIEcEU81Sn83Fyb0gnFvpiNij2_sid_dWWHqaNCItDHVTJsppiM_1742342703_195800214_sentence_segment_close.wav,tried and h happy ɛlɛ herded to bed dreaming of more æd|vɛn|tʃəɹz,"Tired and happy, Ella headed to bed, dreaming of more adventures."
processed_audio/annotated_sentence_segments/uid_R1EwS77TeuNWizrTF57TXCX3ufd2_sid_B089U2ffcOfQjtBInn6U_1742992355_195800215_sentence_segment_close.wav,braid braid the frog louder l: lep leaps leaps to the pond,Brad the frog leaps to the pond.
processed_audio/annotated_sentence_segments/uid_R1EwS77TeuNWizrTF57TXCX3ufd2_sid_B089U2ffcOfQjtBInn6U_1742992355_195800216_sentence_segment_close.wav,He sta stops a f:la t flæt rock and hops on the it,He spots a flat rock and hops on it.
processed_audio/annotated_sentence_segments/uid_R1EwS77TeuNWizrTF57TXCX3ufd2_sid_B089U2ffcOfQjtBInn6U_1742992355_195800217_sentence_segment_close.wav,Pop,Pop!
processed_audio/annotated_sentence_segments/uid_R1EwS77TeuNWizrTF57TXCX3ufd2_sid_B089U2ffcOfQjtBInn6U_1742992355_195800218_sentence_segment_close.wav,A big lands land lands,A bug lands.
processed_audio/annotated_sentence_segments/uid_R1EwS77TeuNWizrTF57TXCX3ufd2_sid_B089U2ffcOfQjtBInn6U_1742992355_195800219_sentence_segment_close.wav,hm Buh bɹæd Brad is glad and lick louder oh /l:ih|l|likes/ it up quick,Brad is glad and licks it up quick.
processed_audio/annotated_sentence_segments/uid_R1EwS77TeuNWizrTF57TXCX3ufd2_sid_B089U2ffcOfQjtBInn6U_1742992355_195800220_sentence_segment_close.wav,Then he stops a spots spɑts a small duck oh who kwæk s kwæks and flaps,"Then, he spots a small duck who quacks and flaps."
processed_audio/annotated_sentence_segments/uid_R1EwS77TeuNWizrTF57TXCX3ufd2_sid_B089U2ffcOfQjtBInn6U_1742992355_195800221_sentence_segment_close.wav,Bird Br.|Brai Braid Brad Brad and the duck  tʃæ|t chat and l:uh A tricky word laugh laugh,Brad and the duck chat and laugh.
processed_audio/annotated_sentence_segments/uid_R1EwS77TeuNWizrTF57TXCX3ufd2_sid_B089U2ffcOfQjtBInn6U_1742992355_195800222_sentence_segment_close.wav,Af At la|s put it together la|s læst last the s:ʌn set cheche: first sound  cha: kæstɪŋ casting red on the pond,"At last, the sun sets, casting red on the pond."
processed_audio/annotated_sentence_segments/uid_R1EwS77TeuNWizrTF57TXCX3ufd2_sid_B089U2ffcOfQjtBInn6U_1742992355_195800223_sentence_segment_close.wav,bɹæ:d mhm say said louder s:ay Goodnight and jumps off lef:t r:i|p|les ripped|s good job good try rips ples ripples be: in: bihaɪnd,"Brad says, ""Goodnight!"" and jumps off, leaving ripples behind."
processed_audio/annotated_sentence_segments/uid_aKXkeU8QguUwr1lDK1mxXri9hqN2_sid_sn7xe4SO3wbbvwXSbzcB_1741732311_195800224_sentence_segment_close.wav,A mermaid named Fern swam afar the deep blue sea,A mermaid named Fern swam afar in the deep blue sea.
processed_audio/annotated_sentence_segments/uid_aKXkeU8QguUwr1lDK1mxXri9hqN2_sid_sn7xe4SO3wbbvwXSbzcB_1741732311_195800225_sentence_segment_close.wav,She loved to explore the coral reefs and listen to the rhythm of the ocean,She loved to explore large coral reefs and listen to the rhythm of the ocean.
processed_audio/annotated_sentence_segments/uid_aKXkeU8QguUwr1lDK1mxXri9hqN2_sid_sn7xe4SO3wbbvwXSbzcB_1741732311_195800226_sentence_segment_close.wav,One day fɜɹ:n eh fɜɹn met a big star mɛt eɪ starfish who felt very small,"One day, Fern met a starfish who felt very small."
processed_audio/annotated_sentence_segments/uid_aKXkeU8QguUwr1lDK1mxXri9hqN2_sid_sn7xe4SO3wbbvwXSbzcB_1741732311_195800227_sentence_segment_close.wav,Together they danced in the current and felt the word world turn bright,"Together, they danced in the current and felt the world turn bright."
processed_audio/annotated_sentence_segments/uid_aKXkeU8QguUwr1lDK1mxXri9hqN2_sid_sn7xe4SO3wbbvwXSbzcB_1741732311_195800228_sentence_segment_close.wav,ɜɹn and the starfish became good friend and promised to share their sea vɛntʃəɹz forever,Fern and the starfish became good friends and promised to share their sea adventures forever.
processed_audio/annotated_sentence_segments/uid_uJ59YClhDZUuJsN0vsDR1GRv6pu1_sid_k9imYdOEGdX5jWuxNPba_1741229297_195800229_sentence_segment_close.wav,Jake and Clay loved to play Minecraft every day,Jake and Clay loved to play Minecraft every day.
processed_audio/annotated_sentence_segments/uid_uJ59YClhDZUuJsN0vsDR1GRv6pu1_sid_k9imYdOEGdX5jWuxNPba_1741229297_195800230_sentence_segment_close.wav,They made a grand castle wɪf clay bricks,They made a grand castle with clay bricks.
processed_audio/annotated_sentence_segments/uid_uJ59YClhDZUuJsN0vsDR1GRv6pu1_sid_k9imYdOEGdX5jWuxNPba_1741229297_195800231_sentence_segment_close.wav,One day they while ru adding hay ɑ:n the roof they saw a gray wolf,"One day, while adding hay on the roof, they saw a gray wolf."
processed_audio/annotated_sentence_segments/uid_uJ59YClhDZUuJsN0vsDR1GRv6pu1_sid_k9imYdOEGdX5jWuxNPba_1741229297_195800232_sentence_segment_close.wav,Stay away said Clay,"""Stay away!"" said Clay."
processed_audio/annotated_sentence_segments/uid_uJ59YClhDZUuJsN0vsDR1GRv6pu1_sid_k9imYdOEGdX5jWuxNPba_1741229297_195800233_sentence_segment_close.wav,Jake had an idea Let's make a safe bay,"Jake had an idea, ""Let's make a safe bay!"""
processed_audio/annotated_sentence_segments/uid_uJ59YClhDZUuJsN0vsDR1GRv6pu1_sid_k9imYdOEGdX5jWuxNPba_1741229297_195800234_sentence_segment_close.wav,They dug and laid a rock trail around the castle to keep the wolves at bay,They dug and laid a rock trail around the castle to keep the wolves at bay.
processed_audio/annotated_sentence_segments/uid_uJ59YClhDZUuJsN0vsDR1GRv6pu1_sid_k9imYdOEGdX5jWuxNPba_1741229297_195800235_sentence_segment_close.wav,By mid By midday their their bay was complete and ð.ðeɪ felt safe,"By midday, their bay was complete, and they felt safe."
processed_audio/annotated_sentence_segments/uid_uJ59YClhDZUuJsN0vsDR1GRv6pu1_sid_k9imYdOEGdX5jWuxNPba_1741229297_195800236_sentence_segment_close.wav,They sat on the hay under the sun's ray and watched the wolves walk away,"They sat on the hay, under the sun's ray, and watched the wolves walk away."
processed_audio/annotated_sentence_segments/uid_uJ59YClhDZUuJsN0vsDR1GRv6pu1_sid_k9imYdOEGdX5jWuxNPba_1741229297_195800237_sentence_segment_close.wav,Hooray they yelled,"""Hooray!"" they yelled."
processed_audio/annotated_sentence_segments/uid_uJ59YClhDZUuJsN0vsDR1GRv6pu1_sid_k9imYdOEGdX5jWuxNPba_1741229297_195800238_sentence_segment_close.wav,It was splendid day on their  maɪnkɹæf world,It was a splendid day in their Minecraft world.
processed_audio/annotated_sentence_segments/uid_u2hytH2KWIS6ewdShfEZisygqIo2_sid_6ae2RFg9b4TnHyeQrwPg_1741208178_195800239_sentence_segment_close.wav,Once there  a queen with a shiny crown,Once there was a queen with a shiny crown.
processed_audio/annotated_sentence_segments/uid_u2hytH2KWIS6ewdShfEZisygqIo2_sid_6ae2RFg9b4TnHyeQrwPg_1741208178_195800240_sentence_segment_close.wav,She loved to zone out by the pond in her royal room robe roo robe r|o|b|e Yeah Where's it at Robe It said room,She loved to zone out by the pond in her royal robe.
processed_audio/annotated_sentence_segments/uid_u2hytH2KWIS6ewdShfEZisygqIo2_sid_6ae2RFg9b4TnHyeQrwPg_1741208178_195800241_sentence_segment_close.wav,One day she notice a stone with a sp|ɛʃəl note ɑnə its back,"One day, she noticed a stone with a special note on its back."
processed_audio/annotated_sentence_segments/uid_u2hytH2KWIS6ewdShfEZisygqIo2_sid_6ae2RFg9b4TnHyeQrwPg_1741208178_195800242_sentence_segment_close.wav, A throne made a gold  in ɪn ðəl dome it read,"""A throne made of gold sparkles in the dome,"" it read."
processed_audio/annotated_sentence_segments/uid_u2hytH2KWIS6ewdShfEZisygqIo2_sid_6ae2RFg9b4TnHyeQrwPg_1741208178_195800243_sentence_segment_close.wav,Curve the queen followed a path alone,"Curious, the queen followed a path alone."
processed_audio/annotated_sentence_segments/uid_u2hytH2KWIS6ewdShfEZisygqIo2_sid_6ae2RFg9b4TnHyeQrwPg_1741208178_195800244_sentence_segment_close.wav,She found the golden throne and smiled,She found the golden throne and smiled.
processed_audio/annotated_sentence_segments/uid_u2hytH2KWIS6ewdShfEZisygqIo2_sid_6ae2RFg9b4TnHyeQrwPg_1741208178_195800245_sentence_segment_close.wav,Now she had her special spot to call her əʊn,Now she had her special spot to call her own.
processed_audio/annotated_sentence_segments/uid_Gt0cspsUtRSvEXXHZKUWlVAfyVq2_sid_T60aXpcSfYeutkEUGFiG_1742062680_195800246_sentence_segment_close.wav,Lɪliə skipped ɪn the into ðə dragon store hɜɹ: heart was poun hɜɹ hɑɹt pounding with excitement,"Lila skipped into the dragon store, her heart pounding with excitement."
processed_audio/annotated_sentence_segments/uid_Gt0cspsUtRSvEXXHZKUWlVAfyVq2_sid_T60aXpcSfYeutkEUGFiG_1742062680_195800247_sentence_segment_close.wav,We must find the perfect pet she whispered to her mom,"""We must find the perfect pet,"" she whispered to her mom."
processed_audio/annotated_sentence_segments/uid_Gt0cspsUtRSvEXXHZKUWlVAfyVq2_sid_T60aXpcSfYeutkEUGFiG_1742062680_195800248_sentence_segment_close.wav,She wandered əɹaʊ. She wandered around eyeing each dragon,"She wandered around, eyeing each dragon."
processed_audio/annotated_sentence_segments/uid_Gt0cspsUtRSvEXXHZKUWlVAfyVq2_sid_T60aXpcSfYeutkEUGFiG_1742062680_195800249_sentence_segment_close.wav,A small green dragon jumped out and landed softly in front of her wagging its tail,"A small, green dragon jumped out and landed softly in front of her, wagging its tail."
processed_audio/annotated_sentence_segments/uid_Gt0cspsUtRSvEXXHZKUWlVAfyVq2_sid_T60aXpcSfYeutkEUGFiG_1742062680_195800250_sentence_segment_close.wav,Lily giggled feeling joy bubbling inside,"Lila giggled, feeling joy bubbling inside."
processed_audio/annotated_sentence_segments/uid_Gt0cspsUtRSvEXXHZKUWlVAfyVq2_sid_T60aXpcSfYeutkEUGFiG_1742062680_195800251_sentence_segment_close.wav,you're you're the one she decided,"""You are the one,"" she decided."
processed_audio/annotated_sentence_segments/uid_Gt0cspsUtRSvEXXHZKUWlVAfyVq2_sid_T60aXpcSfYeutkEUGFiG_1742062680_195800252_sentence_segment_close.wav,Lilia named the dragon Flick and imagined flying adventures with her new friend,Lila named the dragon Flick and imagined flying adventures with her new friend.
processed_audio/annotated_sentence_segments/uid_Gt0cspsUtRSvEXXHZKUWlVAfyVq2_sid_T60aXpcSfYeutkEUGFiG_1742062680_195800253_sentence_segment_close.wav,Her mom smiled knowing Leah had made a quick and happy choice,"Her mom smiled, knowing Lila had made a quick and happy choice."
processed_audio/annotated_sentence_segments/uid_Gt0cspsUtRSvEXXHZKUWlVAfyVq2_sid_T60aXpcSfYeutkEUGFiG_1742062680_195800254_sentence_segment_close.wav,Together they left the store with Flick flapping in h:ɪz tiny wings his tiny wings ergyali eagerly,"Together, they left the store, with Flick flapping his tiny wings eagerly."
processed_audio/annotated_sentence_segments/uid_Gt0cspsUtRSvEXXHZKUWlVAfyVq2_sid_T60aXpcSfYeutkEUGFiG_1742062680_195800255_sentence_segment_close.wav,Lilyuh|s dream of snoring adventures was beginning,Lila's dream of soaring adventures was beginning.
processed_audio/annotated_sentence_segments/uid_HGLxgWVfJZWhAsqMf761d40h3eQ2_sid_dfOpuFPgL5wgpnuFyHxW_1741228586_195800256_sentence_segment_close.wav,j.|j|add he was a small b|ew|i|d bwɪdʒ next to their lodge,Jade has a small bridge next to her lodge.
processed_audio/annotated_sentence_segments/uid_HGLxgWVfJZWhAsqMf761d40h3eQ2_sid_dfOpuFPgL5wgpnuFyHxW_1741228586_195800257_sentence_segment_close.wav,At the edge of the lodge ðɛəz a hedge,"At the edge of the lodge, there's a hedge."
processed_audio/annotated_sentence_segments/uid_HGLxgWVfJZWhAsqMf761d40h3eQ2_sid_dfOpuFPgL5wgpnuFyHxW_1741228586_195800258_sentence_segment_close.wav,She loves tu: dʒʌ:. dʒʌ. judge Read the next word  Sound it out s:kw:ə:ɹɛl: æ:z clistal as they d. Do your best guess I can't help d|a:ce dace a:n the waɪdʒ,She loves to judge the squirrels as they dance on the ridge.
processed_audio/annotated_sentence_segments/uid_HGLxgWVfJZWhAsqMf761d40h3eQ2_sid_dfOpuFPgL5wgpnuFyHxW_1741228586_195800259_sentence_segment_close.wav,One day she found a beɪ:. beɪdʒ by the bwɪdʒ,"One day, she found a badge by the bridge."
processed_audio/annotated_sentence_segments/uid_HGLxgWVfJZWhAsqMf761d40h3eQ2_sid_dfOpuFPgL5wgpnuFyHxW_1741228586_195800260_sentence_segment_close.wav,J.Ja:ddy Sound it out J|a:d|y Jiddy pledged to keep it safe as it b.i.l.ɑ:ŋd beyond to the king man who v:. a king man who vɪzɪt|s visitst the lodge fow p|i:|ch|n|k|ni|s|t,"Jade pledged to keep it safe, as it belonged to a kind man who visits the lodge for picnics."
processed_audio/annotated_sentence_segments/uid_HGLxgWVfJZWhAsqMf761d40h3eQ2_sid_dfOpuFPgL5wgpnuFyHxW_1741228586_195800261_sentence_segment_close.wav,Now they sh:.|shall st|alls stalls by the bwɪdʒ hɪŋ and  ʌ a okay just read that one children the moʊmən:t,"Now, they share stories by the bridge, laughing and cherishing the moment."
processed_audio/annotated_sentence_segments/uid_sHl4il5Li8NKe5aMecUSJyXBFco2_sid_ke09jdLvzmtmF4LOguMg_1742064389_195800264_sentence_segment_close.wav,Curious she went out to faɪn what it was,"Curious, she went out to find what it was."
processed_audio/annotated_sentence_segments/uid_sHl4il5Li8NKe5aMecUSJyXBFco2_sid_ke09jdLvzmtmF4LOguMg_1742064389_195800265_sentence_segment_close.wav,To her  shiny coin,"To her surprise, it was a shiny coin!"
processed_audio/annotated_sentence_segments/uid_sHl4il5Li8NKe5aMecUSJyXBFco2_sid_ke09jdLvzmtmF4LOguMg_1742064389_195800266_sentence_segment_close.wav,Joy felt delighted and decided to take it back to her hʌ|tʃ,Joy felt delighted and decided to take it back to her hutch.
processed_audio/annotated_sentence_segments/uid_sHl4il5Li8NKe5aMecUSJyXBFco2_sid_ke09jdLvzmtmF4LOguMg_1742064389_195800267_sentence_segment_close.wav,Later that day Joy's friend Roy the rabbit hop by,"Later that day, Joy's friend Roy the rabbit hopped by."
processed_audio/annotated_sentence_segments/uid_sHl4il5Li8NKe5aMecUSJyXBFco2_sid_ke09jdLvzmtmF4LOguMg_1742064389_195800268_sentence_segment_close.wav,Joy showed Roy the shiny coin,Joy showed Roy the shiny coin.
processed_audio/annotated_sentence_segments/uid_sHl4il5Li8NKe5aMecUSJyXBFco2_sid_ke09jdLvzmtmF4LOguMg_1742064389_195800269_sentence_segment_close.wav,Roy said Wow Joy,"Roy said, ""Wow, Joy!"
processed_audio/annotated_sentence_segments/uid_sHl4il5Li8NKe5aMecUSJyXBFco2_sid_ke09jdLvzmtmF4LOguMg_1742064389_195800270_sentence_segment_close.wav,That looks li That looks like a great faɪn,"That looks like a great find."""
processed_audio/annotated_sentence_segments/uid_sHl4il5Li8NKe5aMecUSJyXBFco2_sid_ke09jdLvzmtmF4LOguMg_1742064389_195800271_sentence_segment_close.wav,Joy nodded with pride,Joy nodded with pride.
processed_audio/annotated_sentence_segments/uid_sHl4il5Li8NKe5aMecUSJyXBFco2_sid_ke09jdLvzmtmF4LOguMg_1742064389_195800272_sentence_segment_close.wav,But then ɹ:ɔɪ spotted əd even bɪgəw bundle full of joy an a fɹɛs bag ʌ:v crunchy carrots near the garden,"But then, Roy spotted an even bigger bundle of joy—a fresh bag of crunchy carrots near the garden!"
processed_audio/annotated_sentence_segments/uid_sHl4il5Li8NKe5aMecUSJyXBFco2_sid_ke09jdLvzmtmF4LOguMg_1742064389_195800273_sentence_segment_close.wav,Joy and ɹɔɹ quick|kry ran to the garden,Joy and Roy quickly ran to the garden.
processed_audio/annotated_sentence_segments/uid_sHl4il5Li8NKe5aMecUSJyXBFco2_sid_ke09jdLvzmtmF4LOguMg_1742064389_195800274_sentence_segment_close.wav,dei h:æd a fun day nibbling on the sweet carrots,They had a fun day nibbling on the sweet carrots.
processed_audio/annotated_sentence_segments/uid_sHl4il5Li8NKe5aMecUSJyXBFco2_sid_ke09jdLvzmtmF4LOguMg_1742064389_195800275_sentence_segment_close.wav,Joy learned that while the coin was nice moments with friends were truly joyful,"Joy learned that while the coin was nice, moments with friends were truly joyful."
processed_audio/annotated_sentence_segments/uid_sHl4il5Li8NKe5aMecUSJyXBFco2_sid_ke09jdLvzmtmF4LOguMg_1742064389_195800276_sentence_segment_close.wav,As the sun set Joy returned her hutch tired but happy,"As the sun set, Joy returned to her hutch, tired but happy."
processed_audio/annotated_sentence_segments/uid_sHl4il5Li8NKe5aMecUSJyXBFco2_sid_ke09jdLvzmtmF4LOguMg_1742064389_195800277_sentence_segment_close.wav,She placed the shiny coin next to her bed æ:z a remahnder of her joyful day,She placed the shiny coin next to her bed as a reminder of her joyful day.
processed_audio/annotated_sentence_segments/uid_sHl4il5Li8NKe5aMecUSJyXBFco2_sid_ke09jdLvzmtmF4LOguMg_1742064389_195800278_sentence_segment_close.wav,I may be smɐdl Joy thought but its day can hold a tɹɛzɹ dʒʌs waiting to be discovern:,"""I may be small,"" thought Joy, ""but each day can hold a treasure just waiting to be discovered."""
processed_audio/annotated_sentence_segments/uid_qgT735VZ7OPJmWzvIgZGZAchHgD2_sid_TPlTkOWjVTgs3BleBuXA_1741610461_195800279_sentence_segment_close.wav,Pi.|Puhhikachu: loved to play ɪn: ðə: lʌʃ lesh green woods,Pikachu loved to play in the lush green woods.
processed_audio/annotated_sentence_segments/uid_qgT735VZ7OPJmWzvIgZGZAchHgD2_sid_TPlTkOWjVTgs3BleBuXA_1741610461_195800280_sentence_segment_close.wav,One sunny day Pikachu stopped eɪ: stoppeded a s.stoppeded spotted a unicorn by a small boo|k brook,"One sunny day, Pikachu spotted a unicorn by a small brook."
processed_audio/annotated_sentence_segments/uid_qgT735VZ7OPJmWzvIgZGZAchHgD2_sid_TPlTkOWjVTgs3BleBuXA_1741610461_195800281_sentence_segment_close.wav,The unicorn was bright and pretty with eɪ: m|eɪn meɪ:n  ch.chulihn,The unicorn was bright and pretty with a mane glowing like gold.
processed_audio/annotated_sentence_segments/uid_Om0JhZ6RmTNQ5wDLPHKIC3LtY4g2_sid_QXSYu5jPGMB2qQOBJrNd_1742167368_195800282_sentence_segment_close.wav,Gabi wəð in her  when a bright bɹʌɪt light təɹn:d the ivɪŋ skɐɪ: purple,Gabi was in her backyard when a bright light turned the evening sky purple.
processed_audio/annotated_sentence_segments/uid_Om0JhZ6RmTNQ5wDLPHKIC3LtY4g2_sid_QXSYu5jPGMB2qQOBJrNd_1742167368_195800283_sentence_segment_close.wav,She θtæɹd ɪn: the wonder as stmɐl spaceship landed on gwæs,She stared in wonder as a small spaceship landed on the grass.
processed_audio/annotated_sentence_segments/uid_Om0JhZ6RmTNQ5wDLPHKIC3LtY4g2_sid_QXSYu5jPGMB2qQOBJrNd_1742167368_195800284_sentence_segment_close.wav,Out popped aliend with a big grin s.shi:ny sɪlwəɹ suit,Out popped an alien with a big grin and a shiny silver suit.
processed_audio/annotated_sentence_segments/uid_Om0JhZ6RmTNQ5wDLPHKIC3LtY4g2_sid_QXSYu5jPGMB2qQOBJrNd_1742167368_195800285_sentence_segment_close.wav,Your wool jʊɹ world is warm and wonderful chirp the eɪ:liən,"""Your world is warm and wonderful!"" chirped the alien."
processed_audio/annotated_sentence_segments/uid_Om0JhZ6RmTNQ5wDLPHKIC3LtY4g2_sid_QXSYu5jPGMB2qQOBJrNd_1742167368_195800286_sentence_segment_close.wav,Gabi giddle and offered her new friend m fɹu from her basket,Gabi giggled and offered her new friend some fruit from her basket.
processed_audio/annotated_sentence_segments/uid_Om0JhZ6RmTNQ5wDLPHKIC3LtY4g2_sid_QXSYu5jPGMB2qQOBJrNd_1742167368_195800287_sentence_segment_close.wav,The eɪ:liən teɪθtəd e oweɪŋg and twirled with delight shout dɪs is superbub,"The alien tasted an orange and twirled with delight, shouting, ""This is superb!"""
processed_audio/annotated_sentence_segments/uid_Om0JhZ6RmTNQ5wDLPHKIC3LtY4g2_sid_QXSYu5jPGMB2qQOBJrNd_1742167368_195800288_sentence_segment_close.wav,deɪ played until the moon rose titʃi each other their words,"They played until the moon rose, teaching each other their words."
processed_audio/annotated_sentence_segments/uid_Om0JhZ6RmTNQ5wDLPHKIC3LtY4g2_sid_QXSYu5jPGMB2qQOBJrNd_1742167368_195800289_sentence_segment_close.wav,fəɹ gæbə seh pointing tuh plant,"""Fern,"" Gabi said, pointing to a plant."
processed_audio/annotated_sentence_segments/uid_Om0JhZ6RmTNQ5wDLPHKIC3LtY4g2_sid_QXSYu5jPGMB2qQOBJrNd_1742167368_195800290_sentence_segment_close.wav,tʃʌn echoing the eɪ:liən spinning around,"""Turn,"" echoed the alien, spinning around."
processed_audio/annotated_sentence_segments/uid_Om0JhZ6RmTNQ5wDLPHKIC3LtY4g2_sid_QXSYu5jPGMB2qQOBJrNd_1742167368_195800291_sentence_segment_close.wav,æ duh nʌɪd rew colder the alien waved bɐɪ and flew back into night ai,"As the night grew colder, the alien waved goodbye and flew back into the night sky."
processed_audio/annotated_sentence_segments/uid_Om0JhZ6RmTNQ5wDLPHKIC3LtY4g2_sid_QXSYu5jPGMB2qQOBJrNd_1742167368_195800292_sentence_segment_close.wav,Gabi watch av vuh shei spaceship turn issw a twinkling star gɹ:eɪtfəl for her joyful out uhthis wəɹl,"Gabi watched the spaceship turn into a twinkling star, grateful for her joyful, out-of-this-world friend."
processed_audio/annotated_sentence_segments/uid_ihIoefKsGwTDai7fGs9x3DyNvju2_sid_mLjeGrzVDNtFXM1YsYJh_1742504093_195800293_sentence_segment_close.wav,Ben and Sam love playing together,Ben and Sam loved playing together.
processed_audio/annotated_sentence_segments/uid_ihIoefKsGwTDai7fGs9x3DyNvju2_sid_mLjeGrzVDNtFXM1YsYJh_1742504093_195800294_sentence_segment_close.wav,One day they stopped by the park and started playing on the swings,"One day, they stopped by the park and started playing on the swings."
processed_audio/annotated_sentence_segments/uid_ihIoefKsGwTDai7fGs9x3DyNvju2_sid_mLjeGrzVDNtFXM1YsYJh_1742504093_195800295_sentence_segment_close.wav,They giggled and laughed swinging higher and higher,"They giggled and laughed, swinging higher and higher."
processed_audio/annotated_sentence_segments/uid_ihIoefKsGwTDai7fGs9x3DyNvju2_sid_mLjeGrzVDNtFXM1YsYJh_1742504093_195800296_sentence_segment_close.wav,Suddenly Ben tɹ. tripped on a small rock white sk.  scab scabbing sk|ɪ|p|ɪŋ skipping to the beach,"Suddenly, Ben tripped on a small rock while skipping to the bench."
processed_audio/annotated_sentence_segments/uid_ihIoefKsGwTDai7fGs9x3DyNvju2_sid_mLjeGrzVDNtFXM1YsYJh_1742504093_195800297_sentence_segment_close.wav,Sam rushes over helping him up quickly,"Sam rushed over, helping him up quickly."
processed_audio/annotated_sentence_segments/uid_ihIoefKsGwTDai7fGs9x3DyNvju2_sid_mLjeGrzVDNtFXM1YsYJh_1742504093_195800298_sentence_segment_close.wav,dæŋks Sam Ben said Ben ʌm with a smile,"""Thanks, Sam!"" Ben said with a smile."
processed_audio/annotated_sentence_segments/uid_ihIoefKsGwTDai7fGs9x3DyNvju2_sid_mLjeGrzVDNtFXM1YsYJh_1742504093_195800299_sentence_segment_close.wav,They continued playing eand other and other to the ,"They continued playing, racing each other to the slide."
processed_audio/annotated_sentence_segments/uid_ihIoefKsGwTDai7fGs9x3DyNvju2_sid_mLjeGrzVDNtFXM1YsYJh_1742504093_195800300_sentence_segment_close.wav,After a fine day a fun day ʌm they to meet again the nɛks day,"After a fun day, they decided to meet again the next day."
processed_audio/annotated_sentence_segments/uid_ihIoefKsGwTDai7fGs9x3DyNvju2_sid_mLjeGrzVDNtFXM1YsYJh_1742504093_195800301_sentence_segment_close.wav,As ð.ðeɪ waved goodbye Ben felt happy to have s ʌm so caring friend,"As they waved goodbye, Ben felt happy to have such a caring friend."
processed_audio/annotated_sentence_segments/uid_CjlD9aGvoSfMhsnUwRIQlMr4IFp1_sid_KoVo7JOEqGZdSalcMpny_1741661393_195800302_sentence_segment_close.wav,bɛn: got a red p.|pɛn and ten eggs,Ben got a red pen and ten eggs.
processed_audio/annotated_sentence_segments/uid_CjlD9aGvoSfMhsnUwRIQlMr4IFp1_sid_KoVo7JOEqGZdSalcMpny_1741661393_195800303_sentence_segment_close.wav,He mus He m.mɛt Jen who had a big net,"He met Jen, who had a big net."
processed_audio/annotated_sentence_segments/uid_CjlD9aGvoSfMhsnUwRIQlMr4IFp1_sid_KoVo7JOEqGZdSalcMpny_1741661393_195800304_sentence_segment_close.wav,They sat by the p edge of the pond and Ben feed the ducks the eggs,"They sat by the edge of the pond, and Ben fed the ducks the eggs."
processed_audio/annotated_sentence_segments/uid_CjlD9aGvoSfMhsnUwRIQlMr4IFp1_sid_KoVo7JOEqGZdSalcMpny_1741661393_195800305_sentence_segment_close.wav,Jen kept the net handy and ny to catch any eggs that felt away,Jen kept the net handy to catch any eggs that floated away.
processed_audio/annotated_sentence_segments/uid_CjlD9aGvoSfMhsnUwRIQlMr4IFp1_sid_KoVo7JOEqGZdSalcMpny_1741661393_195800306_sentence_segment_close.wav,ɛfwəɹd they want home to rest happily wit happy with their fun day,"Afterward, they went home to rest, happy with their fun day."
processed_audio/annotated_sentence_segments/uid_ovpeape9PZbAq7VLrirwGOYrvsh1_sid_vrmxG2Pc3NPfDSVnUg5r_1742390017_195800307_sentence_segment_close.wav,Once upon a time a dog a cat and a pig were best friends,"Once upon a time, a dog, a cat, and a pig were best friends."
processed_audio/annotated_sentence_segments/uid_ovpeape9PZbAq7VLrirwGOYrvsh1_sid_vrmxG2Pc3NPfDSVnUg5r_1742390017_195800308_sentence_segment_close.wav,They love going on adventures together,They loved going on adventures together.
processed_audio/annotated_sentence_segments/uid_ovpeape9PZbAq7VLrirwGOYrvsh1_sid_vrmxG2Pc3NPfDSVnUg5r_1742390017_195800309_sentence_segment_close.wav,a sunny day they went to the park,"One sunny day, they went to the park."
processed_audio/annotated_sentence_segments/uid_ovpeape9PZbAq7VLrirwGOYrvsh1_sid_vrmxG2Pc3NPfDSVnUg5r_1742390017_195800310_sentence_segment_close.wav,The bark The dog barked happily as he chased a stick,The dog barked happily as he chased a stick.
processed_audio/annotated_sentence_segments/uid_ovpeape9PZbAq7VLrirwGOYrvsh1_sid_vrmxG2Pc3NPfDSVnUg5r_1742390017_195800311_sentence_segment_close.wav,The cat pranced around chasing butterflies,"The cat pranced around, chasing butterflies."
processed_audio/annotated_sentence_segments/uid_ovpeape9PZbAq7VLrirwGOYrvsh1_sid_vrmxG2Pc3NPfDSVnUg5r_1742390017_195800312_sentence_segment_close.wav,The pig snorted joyfully rolling in the mud,"The pig snorted joyfully, rolling in the mud."
processed_audio/annotated_sentence_segments/uid_ovpeape9PZbAq7VLrirwGOYrvsh1_sid_vrmxG2Pc3NPfDSVnUg5r_1742390017_195800313_sentence_segment_close.wav,theh They læf n played and shared snacks under a big tree,"They laughed, played, and shared snacks under a big tree."
processed_audio/annotated_sentence_segments/uid_ovpeape9PZbAq7VLrirwGOYrvsh1_sid_vrmxG2Pc3NPfDSVnUg5r_1742390017_195800314_sentence_segment_close.wav,As the sun set they felt taɪ very they felt tired but very happy,"As the sun set, they felt tired but very happy."
processed_audio/annotated_sentence_segments/uid_ovpeape9PZbAq7VLrirwGOYrvsh1_sid_vrmxG2Pc3NPfDSVnUg5r_1742390017_195800315_sentence_segment_close.wav,The dog cat and pig returned home promising to have more fun tomorrow,"The dog, cat, and pig returned home, promising to have more fun tomorrow."
processed_audio/annotated_sentence_segments/uid_ovpeape9PZbAq7VLrirwGOYrvsh1_sid_vrmxG2Pc3NPfDSVnUg5r_1742390017_195800316_sentence_segment_close.wav,Together their friendship wəʃ ʃɹɑŋ and every day was a wonderful adventure,"Together, their friendship was strong, and every day was a wonderful adventure."
processed_audio/annotated_sentence_segments/uid_bKduvdIsrbbqPZ7Z3lCfQlF8WBn1_sid_ovCAh9sjAQskQ77u8T0v_1742517403_195800317_sentence_segment_close.wav,Jake and Kate went to the park,Jake and Kate went to the park.
processed_audio/annotated_sentence_segments/uid_bKduvdIsrbbqPZ7Z3lCfQlF8WBn1_sid_ovCAh9sjAQskQ77u8T0v_1742517403_195800318_sentence_segment_close.wav,They had a plane to eat ice cream,They had a plan to eat ice cream.
processed_audio/annotated_sentence_segments/uid_bKduvdIsrbbqPZ7Z3lCfQlF8WBn1_sid_ovCAh9sjAQskQ77u8T0v_1742517403_195800319_sentence_segment_close.wav,The sun was bright and the day was nice,"The sun was bright, and the day was nice."
processed_audio/annotated_sentence_segments/uid_bKduvdIsrbbqPZ7Z3lCfQlF8WBn1_sid_ovCAh9sjAQskQ77u8T0v_1742517403_195800320_sentence_segment_close.wav,Jake got a blue cone and Kate choose red,"Jake got a blue cone, and Kate chose red."
processed_audio/annotated_sentence_segments/uid_bKduvdIsrbbqPZ7Z3lCfQlF8WBn1_sid_ovCAh9sjAQskQ77u8T0v_1742517403_195800321_sentence_segment_close.wav,They sat on ah on a beach by the lake,"They sat on a bench by the lake, feeling so happy."
processed_audio/annotated_sentence_segments/uid_bKduvdIsrbbqPZ7Z3lCfQlF8WBn1_sid_ovCAh9sjAQskQ77u8T0v_1742517403_195800322_sentence_segment_close.wav,At the ɛndɪz they went home with a smile dreaming of more ice cream days ahead,"At the end, they went home with a smile, dreaming of more ice cream days ahead."
processed_audio/annotated_sentence_segments/uid_ILoW3cdKuQPYK9GCBc6aoCHzooz2_sid_y6woXp0G3BJE4ht8lFNi_1742518784_195800323_sentence_segment_close.wav,One time there was a small sweet bee named Bree,"Once upon a time, there was a small, sweet bee named Bree."
processed_audio/annotated_sentence_segments/uid_ILoW3cdKuQPYK9GCBc6aoCHzooz2_sid_y6woXp0G3BJE4ht8lFNi_1742518784_195800324_sentence_segment_close.wav,Bree loved to fly around the big green tree in the park,"Bree loved to fly around the big, green tree in the park."
processed_audio/annotated_sentence_segments/uid_ILoW3cdKuQPYK9GCBc6aoCHzooz2_sid_y6woXp0G3BJE4ht8lFNi_1742518784_195800325_sentence_segment_close.wav,One sunny day Bree saw a seed fall from tree,"One sunny day, Bree saw a seed fall from the tree."
processed_audio/annotated_sentence_segments/uid_ILoW3cdKuQPYK9GCBc6aoCHzooz2_sid_y6woXp0G3BJE4ht8lFNi_1742518784_195800326_sentence_segment_close.wav,She watched as the seed landed softly on the ground,She watched as the seed landed softly on the ground.
processed_audio/annotated_sentence_segments/uid_ILoW3cdKuQPYK9GCBc6aoCHzooz2_sid_y6woXp0G3BJE4ht8lFNi_1742518784_195800327_sentence_segment_close.wav,Bree decided to help the seed grow,Bree decided to help the seed grow.
processed_audio/annotated_sentence_segments/uid_ILoW3cdKuQPYK9GCBc6aoCHzooz2_sid_y6woXp0G3BJE4ht8lFNi_1742518784_195800328_sentence_segment_close.wav,She buzzed and sprinkled water from a nearby stream,She buzzed and sprinkled water from a nearby stream.
processed_audio/annotated_sentence_segments/uid_ILoW3cdKuQPYK9GCBc6aoCHzooz2_sid_y6woXp0G3BJE4ht8lFNi_1742518784_195800329_sentence_segment_close.wav,Soon a tiny sprout peeked up,"Soon, a tiny sprout peeked up."
processed_audio/annotated_sentence_segments/uid_ILoW3cdKuQPYK9GCBc6aoCHzooz2_sid_y6woXp0G3BJE4ht8lFNi_1742518784_195800330_sentence_segment_close.wav,Bree was happy and dance with glee,Bree was happy and danced with glee.
processed_audio/annotated_sentence_segments/uid_ILoW3cdKuQPYK9GCBc6aoCHzooz2_sid_y6woXp0G3BJE4ht8lFNi_1742518784_195800331_sentence_segment_close.wav,The sprout grew int grew into a leafy tree just like its mother,"The sprout grew into a leafy tree, just like its mother."
processed_audio/annotated_sentence_segments/uid_ILoW3cdKuQPYK9GCBc6aoCHzooz2_sid_y6woXp0G3BJE4ht8lFNi_1742518784_195800332_sentence_segment_close.wav,Bree smiled knowing she had help make the park even more beautiful,"Bree smiled, knowing she had helped make the park even more beautiful."
processed_audio/annotated_sentence_segments/uid_HGLxgWVfJZWhAsqMf761d40h3eQ2_sid_F4tWmApCfflaPRfdT4xX_1741271551_195800333_sentence_segment_close.wav,Go A t|l|illy eɪtɪli fox lives in a lush fɔəst,A tiny fox lives in a lush forest.
processed_audio/annotated_sentence_segments/uid_HGLxgWVfJZWhAsqMf761d40h3eQ2_sid_F4tWmApCfflaPRfdT4xX_1741271551_195800334_sentence_segment_close.wav,It jumps over moss and plays with  With a p p|ee|b|l|e:s piblɛs Keep going people,It jumps over moss and plays with pebbles.
processed_audio/annotated_sentence_segments/uid_HGLxgWVfJZWhAsqMf761d40h3eQ2_sid_F4tWmApCfflaPRfdT4xX_1741271551_195800335_sentence_segment_close.wav,The fox loves to tʃæts its tæl and wɛst in the soft grass,The fox loves to chase its tail and rest in the soft grass.
processed_audio/annotated_sentence_segments/uid_HGLxgWVfJZWhAsqMf761d40h3eQ2_sid_F4tWmApCfflaPRfdT4xX_1741271551_195800336_sentence_segment_close.wav,By evening it pause to ɛ|n|dʒ|ɔɪ enjoy the sun ,"By evening, it pauses to enjoy the sunset's hues."
processed_audio/annotated_sentence_segments/uid_HGLxgWVfJZWhAsqMf761d40h3eQ2_sid_F4tWmApCfflaPRfdT4xX_1741271551_195800337_sentence_segment_close.wav,At night no the fox Sound it out s|s sun in its cozy den feels become|t in its frozen home,"At night's onset, the fox snuggles in its cozy den, feeling blessed in its forest home."
processed_audio/annotated_sentence_segments/uid_mHWscHBXcoabM7fdw88AliGuPWw1_sid_DwsR6AWQZaR7NMUBtWZK_1743381442_195800338_sentence_segment_close.wav,In a lʌst fɔɹʃ a juɪkɔɹn and a a mermaid met,"In a lush forest, a unicorn and a mermaid met."
processed_audio/annotated_sentence_segments/uid_mHWscHBXcoabM7fdw88AliGuPWw1_sid_DwsR6AWQZaR7NMUBtWZK_1743381442_195800339_sentence_segment_close.wav,They s:eveled tiny babies play in the sun,They spotted tiny babies playing in the sun.
processed_audio/annotated_sentence_segments/uid_mHWscHBXcoabM7fdw88AliGuPWw1_sid_DwsR6AWQZaR7NMUBtWZK_1743381442_195800340_sentence_segment_close.wav,The uken asked What wʌt ɐ they,"The unicorn asked, ""What are they?"""
processed_audio/annotated_sentence_segments/uid_mHWscHBXcoabM7fdw88AliGuPWw1_sid_DwsR6AWQZaR7NMUBtWZK_1743381442_195800341_sentence_segment_close.wav,The mermaid replied ɐn babies,"The mermaid replied, ""Our babies!"""
processed_audio/annotated_sentence_segments/uid_mHWscHBXcoabM7fdw88AliGuPWw1_sid_DwsR6AWQZaR7NMUBtWZK_1743381442_195800342_sentence_segment_close.wav,The unicorn baby gulped with joy the mermaid's baby gulped in a eɪ pond,The unicorn's baby galloped with joy while the mermaid's baby glided in a pond.
processed_audio/annotated_sentence_segments/uid_mHWscHBXcoabM7fdw88AliGuPWw1_sid_DwsR6AWQZaR7NMUBtWZK_1743381442_195800343_sentence_segment_close.wav,That ðeɪ: They laugheds: sang and played all day untsil until by fwɛndθɪp,"They laughed, sang, and played all day, united by friendship."
processed_audio/annotated_sentence_segments/uid_mHWscHBXcoabM7fdw88AliGuPWw1_sid_DwsR6AWQZaR7NMUBtWZK_1743381442_195800344_sentence_segment_close.wav,As the sun s:ɛt nestledl cloʊst necks.ks tɐ.tɐɪɹd und.and 'kɐntɛnt,"As the sun set, they nestled close, tired and content."
processed_audio/annotated_sentence_segments/uid_mHWscHBXcoabM7fdw88AliGuPWw1_sid_DwsR6AWQZaR7NMUBtWZK_1743381442_195800345_sentence_segment_close.wav,The babies west|at wed|end more ʋædʒɪkl deɪ:z,"The babies rested, dreaming of more magical days."
processed_audio/annotated_sentence_segments/uid_ILoW3cdKuQPYK9GCBc6aoCHzooz2_sid_N9Uw9wBgsjOxXxR0vRwq_1742518512_195800346_sentence_segment_close.wav,Matt the cat sat sæt on ðə mat,Matt the cat sat on a mat.
processed_audio/annotated_sentence_segments/uid_ILoW3cdKuQPYK9GCBc6aoCHzooz2_sid_N9Uw9wBgsjOxXxR0vRwq_1742518512_195800347_sentence_segment_close.wav,The mat was flat,The mat was flat.
processed_audio/annotated_sentence_segments/uid_ILoW3cdKuQPYK9GCBc6aoCHzooz2_sid_N9Uw9wBgsjOxXxR0vRwq_1742518512_195800348_sentence_segment_close.wav,Pat the rat saw Matt,Pat the rat saw Matt.
processed_audio/annotated_sentence_segments/uid_ILoW3cdKuQPYK9GCBc6aoCHzooz2_sid_N9Uw9wBgsjOxXxR0vRwq_1742518512_195800349_sentence_segment_close.wav,Pat wanted the mat too,Pat wanted the mat too.
processed_audio/annotated_sentence_segments/uid_ILoW3cdKuQPYK9GCBc6aoCHzooz2_sid_N9Uw9wBgsjOxXxR0vRwq_1742518512_195800350_sentence_segment_close.wav,Can I sit with you asked Pat,"""Can I sit with you?"" asked Pat."
processed_audio/annotated_sentence_segments/uid_ILoW3cdKuQPYK9GCBc6aoCHzooz2_sid_N9Uw9wBgsjOxXxR0vRwq_1742518512_195800351_sentence_segment_close.wav,Matt said Yes Pat sit on the mat,"Matt said, ""Yes, Pat, sit on the mat!"""
processed_audio/annotated_sentence_segments/uid_ILoW3cdKuQPYK9GCBc6aoCHzooz2_sid_N9Uw9wBgsjOxXxR0vRwq_1742518512_195800352_sentence_segment_close.wav,Pat sat sat next to Matt,Pat sat next to Matt.
processed_audio/annotated_sentence_segments/uid_ILoW3cdKuQPYK9GCBc6aoCHzooz2_sid_N9Uw9wBgsjOxXxR0vRwq_1742518512_195800353_sentence_segment_close.wav,They were happy on the flat mat,They were happy on the flat mat.
processed_audio/annotated_sentence_segments/uid_ILoW3cdKuQPYK9GCBc6aoCHzooz2_sid_N9Uw9wBgsjOxXxR0vRwq_1742518512_195800354_sentence_segment_close.wav,At the end of the day Matt It turned off Hold on Was worried would do that Okay keep going Matt and Pat took a nap on the mat,"At the end of the day, Matt and Pat took a nap on the mat."
processed_audio/annotated_sentence_segments/uid_0FdMSMtn95PJ9tLFeW3F4sFLPMh1_sid_GcbJYqscm9YpPDCHkJWP_1743044185_195800355_sentence_segment_close.wav,The chinchilla is a charming kitʃɹ with s:off fur and bright eyes,"The chinchilla is a charming creature, with soft fur and bright eyes."
processed_audio/annotated_sentence_segments/uid_0FdMSMtn95PJ9tLFeW3F4sFLPMh1_sid_GcbJYqscm9YpPDCHkJWP_1743044185_195800356_sentence_segment_close.wav,Many find its small fɔɹɛm and big ears quite applying,Many find its small form and big ears quite appealing.
processed_audio/annotated_sentence_segments/uid_0FdMSMtn95PJ9tLFeW3F4sFLPMh1_sid_GcbJYqscm9YpPDCHkJWP_1743044185_195800357_sentence_segment_close.wav,In the wɐɪwd chinchillas live i:nuh the mountains darkening among rocks æ:nduh bushes,"In the wild, chinchillas live in the mountains, darting among rocks and bushes."
processed_audio/annotated_sentence_segments/uid_0FdMSMtn95PJ9tLFeW3F4sFLPMh1_sid_GcbJYqscm9YpPDCHkJWP_1743044185_195800358_sentence_segment_close.wav,Chinchillas are very smart and quick learners,Chinchillas are very smart and quick learners.
processed_audio/annotated_sentence_segments/uid_0FdMSMtn95PJ9tLFeW3F4sFLPMh1_sid_GcbJYqscm9YpPDCHkJWP_1743044185_195800359_sentence_segment_close.wav,They can even learn some tricks if you ɑ.ɑɹ,They can even learn some tricks if you are patient.
processed_audio/annotated_sentence_segments/uid_0FdMSMtn95PJ9tLFeW3F4sFLPMh1_sid_GcbJYqscm9YpPDCHkJWP_1743044185_195800360_sentence_segment_close.wav,Feedi Feeding your chinchilla is an pɔɹtənt part of caring for it,Feeding your chinchilla is an important part of caring for it.
processed_audio/annotated_sentence_segments/uid_0FdMSMtn95PJ9tLFeW3F4sFLPMh1_sid_GcbJYqscm9YpPDCHkJWP_1743044185_195800361_sentence_segment_close.wav,Ha:yuh and pellets from the main part of its meal but a:yuh small piece of apple or kæɹt is a nice treat,"Hay and pellets form the main part of its meal, but a small piece of apple or carrot is a nice treat."
processed_audio/annotated_sentence_segments/uid_0FdMSMtn95PJ9tLFeW3F4sFLPMh1_sid_GcbJYqscm9YpPDCHkJWP_1743044185_195800362_sentence_segment_close.wav,Taking care of a chinchilla requires some effort,Taking care of a chinchilla requires some effort.
processed_audio/annotated_sentence_segments/uid_0FdMSMtn95PJ9tLFeW3F4sFLPMh1_sid_GcbJYqscm9YpPDCHkJWP_1743044185_195800363_sentence_segment_close.wav,You need to kipə its cage clean and provide a dʌs bath for its fur,You need to keep its cage clean and provide a dust bath for its fur.
processed_audio/annotated_sentence_segments/uid_0FdMSMtn95PJ9tLFeW3F4sFLPMh1_sid_GcbJYqscm9YpPDCHkJWP_1743044185_195800364_sentence_segment_close.wav,wəmɛmbə a chinchilla can live ʌfv to twenty years with proper kæ:ɹ,"Remember, a chinchilla can live up to twenty years with proper care."
processed_audio/annotated_sentence_segments/uid_0FdMSMtn95PJ9tLFeW3F4sFLPMh1_sid_GcbJYqscm9YpPDCHkJWP_1743044185_195800365_sentence_segment_close.wav,Some people think chinchillas are hard to look after but ʌðəz love them,"Some people think chinchillas are hard to look after, but others love them."
processed_audio/annotated_sentence_segments/uid_0FdMSMtn95PJ9tLFeW3F4sFLPMh1_sid_GcbJYqscm9YpPDCHkJWP_1743044185_195800366_sentence_segment_close.wav,it is ɪmpɔtənt toʊə research and talk to a pet doctor to learn more more before bɹiŋɪŋə hoʊmə a chinchilla,It is important to research and talk to a pet doctor to learn more before bringing home a chinchilla.
processed_audio/annotated_sentence_segments/uid_0FdMSMtn95PJ9tLFeW3F4sFLPMh1_sid_GcbJYqscm9YpPDCHkJWP_1743044185_195800367_sentence_segment_close.wav,Are you ready to welcome one to your home Yes,Are you ready to welcome one to your home?
processed_audio/annotated_sentence_segments/uid_jWPmLFrSHDZItPTjjPUB8KAsjlq2_sid_Amvm2ilzicBQx7b2PVK7_1742046441_195800368_sentence_segment_close.wav,In a bright sɑni town there was a magical piano named Keys,"In a bright, sunny town, there was a magical piano named Keys."
processed_audio/annotated_sentence_segments/uid_jWPmLFrSHDZItPTjjPUB8KAsjlq2_sid_Amvm2ilzicBQx7b2PVK7_1742046441_195800369_sentence_segment_close.wav,Keys loved to dance to m dance and sing,Keys loved to dance and sing.
processed_audio/annotated_sentence_segments/uid_jWPmLFrSHDZItPTjjPUB8KAsjlq2_sid_Amvm2ilzicBQx7b2PVK7_1742046441_195800370_sentence_segment_close.wav,Every day Keys played lovely tunes making all his music friends tap and jump,"Every day, Keys played lovely tunes, making all his music friends tap and jump."
processed_audio/annotated_sentence_segments/uid_jWPmLFrSHDZItPTjjPUB8KAsjlq2_sid_Amvm2ilzicBQx7b2PVK7_1742046441_195800371_sentence_segment_close.wav,One day Keys met a drum and and violin,"One day, Keys met a drum and a violin."
processed_audio/annotated_sentence_segments/uid_jWPmLFrSHDZItPTjjPUB8KAsjlq2_sid_Amvm2ilzicBQx7b2PVK7_1742046441_195800372_sentence_segment_close.wav,Let's make a band said the drum with a big smile,"""Let's make a band!"" said the drum, with a big smile."
processed_audio/annotated_sentence_segments/uid_jWPmLFrSHDZItPTjjPUB8KAsjlq2_sid_Amvm2ilzicBQx7b2PVK7_1742046441_195800373_sentence_segment_close.wav,Yes chimed the violin,"""Yes!"" chimed the violin."
processed_audio/annotated_sentence_segments/uid_jWPmLFrSHDZItPTjjPUB8KAsjlq2_sid_Amvm2ilzicBQx7b2PVK7_1742046441_195800374_sentence_segment_close.wav,the three friends practiced by the lake with ducks and swans as their audience,"The three friends practiced by the lake, with ducks and swans as their audience."
processed_audio/annotated_sentence_segments/uid_jWPmLFrSHDZItPTjjPUB8KAsjlq2_sid_Amvm2ilzicBQx7b2PVK7_1742046441_195800375_sentence_segment_close.wav,As the sun set they crafted a gentle mɛ.mɛlədi,"As the sun set, they crafted a gentle melody."
processed_audio/annotated_sentence_segments/uid_jWPmLFrSHDZItPTjjPUB8KAsjlq2_sid_Amvm2ilzicBQx7b2PVK7_1742046441_195800376_sentence_segment_close.wav,the peaceful tunes echoed through  trees,The peaceful tunes echoed through the trees.
processed_audio/annotated_sentence_segments/uid_jWPmLFrSHDZItPTjjPUB8KAsjlq2_sid_Amvm2ilzicBQx7b2PVK7_1742046441_195800377_sentence_segment_close.wav,Their music filled the air with joy,Their music filled the air with joy.
processed_audio/annotated_sentence_segments/uid_jWPmLFrSHDZItPTjjPUB8KAsjlq2_sid_Amvm2ilzicBQx7b2PVK7_1742046441_195800378_sentence_segment_close.wav,from that day on the ð:ə lake was their stage,"From that day on, the lake was their stage."
processed_audio/annotated_sentence_segments/uid_jWPmLFrSHDZItPTjjPUB8KAsjlq2_sid_Amvm2ilzicBQx7b2PVK7_1742046441_195800379_sentence_segment_close.wav,k.kiz the drum and the violin found their perfect rhythm bringing happiness to everyone who listened,"Keys, the drum, and the violin found their perfect rhythm, bringing happiness to everyone who listened."
processed_audio/annotated_sentence_segments/uid_jWPmLFrSHDZItPTjjPUB8KAsjlq2_sid_Amvm2ilzicBQx7b2PVK7_1742046441_195800380_sentence_segment_close.wav,they were not just friends but they were a family of sounds,They were not just friends but a family of sound.
processed_audio/annotated_sentence_segments/uid_ukKF4sCANzgmD16fyjMyO7VwR2A2_sid_6jmTq8Go3LLM6BJBddqS_1742430691_195800381_sentence_segment_close.wav,One sunny day Sunny D the puppy wanted to play outside,"One sunny day, Sunny D the puppy wanted to play outside."
processed_audio/annotated_sentence_segments/uid_ukKF4sCANzgmD16fyjMyO7VwR2A2_sid_6jmTq8Go3LLM6BJBddqS_1742430691_195800382_sentence_segment_close.wav,he saw the bright rays of the sun and wagged wagged his tail with joy,He saw the bright rays of the sun and wagged his tail with joy.
processed_audio/annotated_sentence_segments/uid_ukKF4sCANzgmD16fyjMyO7VwR2A2_sid_6jmTq8Go3LLM6BJBddqS_1742430691_195800383_sentence_segment_close.wav,The day was perfect for fun games frick for fun and games,The day was perfect for fun and games!
processed_audio/annotated_sentence_segments/uid_ukKF4sCANzgmD16fyjMyO7VwR2A2_sid_6jmTq8Go3LLM6BJBddqS_1742430691_195800384_sentence_segment_close.wav,Sunny D ran to a t:ɹeɪl near his home,Sunny D ran to a trail near his home.
processed_audio/annotated_sentence_segments/uid_ukKF4sCANzgmD16fyjMyO7VwR2A2_sid_6jmTq8Go3LLM6BJBddqS_1742430691_195800385_sentence_segment_close.wav,Along the way he spotted a snail by the rail,"Along the way, he spotted a snail by the rail."
processed_audio/annotated_sentence_segments/uid_ukKF4sCANzgmD16fyjMyO7VwR2A2_sid_6jmTq8Go3LLM6BJBddqS_1742430691_195800386_sentence_segment_close.wav,hello snail Sunny D said with a wag,"""Hello, snail!"" Sunny D said with a wag."
processed_audio/annotated_sentence_segments/uid_ukKF4sCANzgmD16fyjMyO7VwR2A2_sid_6jmTq8Go3LLM6BJBddqS_1742430691_195800387_sentence_segment_close.wav,the snail smiled and slowly gathered away,The snail smiled and slowly slithered away.
processed_audio/annotated_sentence_segments/uid_ukKF4sCANzgmD16fyjMyO7VwR2A2_sid_6jmTq8Go3LLM6BJBddqS_1742430691_195800388_sentence_segment_close.wav, Sunny D reached a bay by the lake,"Next, Sunny D reached a bay by the lake."
processed_audio/annotated_sentence_segments/uid_ukKF4sCANzgmD16fyjMyO7VwR2A2_sid_6jmTq8Go3LLM6BJBddqS_1742430691_195800389_sentence_segment_close.wav,he saw his friends ʒeɪ the ʒeɪbɜːd flying high in the sky,"He saw his friend, Jay the jaybird, flying high in the sky."
processed_audio/annotated_sentence_segments/uid_ukKF4sCANzgmD16fyjMyO7VwR2A2_sid_6jmTq8Go3LLM6BJBddqS_1742430691_195800390_sentence_segment_close.wav,lɛs play Jay chirped,"""Let's play!"" Jay chirped."
processed_audio/annotated_sentence_segments/uid_ukKF4sCANzgmD16fyjMyO7VwR2A2_sid_6jmTq8Go3LLM6BJBddqS_1742430691_195800391_sentence_segment_close.wav,Sunny D and ʒeɪ bleɪd by by the bay chasing each other in a happy chase,"Sunny D and Jay played by the bay, chasing each other in a happy chase."
processed_audio/annotated_sentence_segments/uid_ukKF4sCANzgmD16fyjMyO7VwR2A2_sid_6jmTq8Go3LLM6BJBddqS_1742430691_195800392_sentence_segment_close.wav,As the sun began to set Sunny D decided it was time to head home,"As the sun began to set, Sunny D decided it was time to head home."
processed_audio/annotated_sentence_segments/uid_ukKF4sCANzgmD16fyjMyO7VwR2A2_sid_6jmTq8Go3LLM6BJBddqS_1742430691_195800393_sentence_segment_close.wav,The sky was painted in huz of red and gold,The sky was painted in hues of red and gold.
processed_audio/annotated_sentence_segments/uid_ukKF4sCANzgmD16fyjMyO7VwR2A2_sid_6jmTq8Go3LLM6BJBddqS_1742430691_195800394_sentence_segment_close.wav,He waved goodbye to Jay and and trotted back down this trail,He waved goodbye to Jay and trotted back down the trail.
processed_audio/annotated_sentence_segments/uid_ukKF4sCANzgmD16fyjMyO7VwR2A2_sid_6jmTq8Go3LLM6BJBddqS_1742430691_195800395_sentence_segment_close.wav,Sunny D felt trap tired but very happy after such a wonderful day in the sun,Sunny D felt tired but very happy after such a wonderful day in the sun.
processed_audio/annotated_sentence_segments/uid_ukKF4sCANzgmD16fyjMyO7VwR2A2_sid_6jmTq8Go3LLM6BJBddqS_1742430691_195800396_sentence_segment_close.wav,Sunny D lay on his cozy bed and drifted into a peaceful sleep dreaming of another sunny day full of play and fun,"Sunny D lay on his cozy bed and drifted into a peaceful sleep, dreaming of another sunny day full of play and fun."
processed_audio/annotated_sentence_segments/uid_vyxZfTTt3KcuCEMvCj18qbdqgti1_sid_uoOivaGUyocdW728a6eu_1741143254_195800397_sentence_segment_close.wav,On a sunny day tɪm: decided to re|puild his own  hɪz old kite,"On a sunny day, Tim decided to rebuild his old kite."
processed_audio/annotated_sentence_segments/uid_vyxZfTTt3KcuCEMvCj18qbdqgti1_sid_uoOivaGUyocdW728a6eu_1741143254_195800398_sentence_segment_close.wav,First he prepaid the material he needeed he needed,"First, he prepared the materials he needed."
processed_audio/annotated_sentence_segments/uid_vyxZfTTt3KcuCEMvCj18qbdqgti1_sid_uoOivaGUyocdW728a6eu_1741143254_195800399_sentence_segment_close.wav,Carefully he began to,"Carefully, he began to reconstruct its frame, recalling how his father taught him the right way to align the sticks."
processed_audio/annotated_sentence_segments/uid_EOwDjm2STZfXSXQJzWXadFRGRzn1_sid_BiDUKuwjE2J9ApcRTnXa_1744069252_195800400_sentence_segment_close.wav,In the tɔɪn of dʒɔɪ town of dʒɔɪ eɪ: wicked boy named Troy keep going j:vened  vætʃd out,"In the town of Joy, a wicked boy named Troy ventured out."
processed_audio/annotated_sentence_segments/uid_EOwDjm2STZfXSXQJzWXadFRGRzn1_sid_BiDUKuwjE2J9ApcRTnXa_1744069252_195800401_sentence_segment_close.wav,He was now for making loud noise I'm not helping you cr|ay cray|tink cre|ting choice with very toy,"He was known for making loud noise, creating chaos with every toy."
processed_audio/annotated_sentence_segments/uid_EOwDjm2STZfXSXQJzWXadFRGRzn1_sid_BiDUKuwjE2J9ApcRTnXa_1744069252_195800402_sentence_segment_close.wav,One day I'm not helping you am|i|din|t  his noise plays a wɪs frog with a ring cr:own crown of coins hoppilied hoppehd hoppehd hoppid hopth|id hoppit hɑpɪdɪd Just keep going nev:ry nɛvəɹbaɪ,"One day, amidst his noisy plays, a wise frog with a crown of coins hopped nearby."
processed_audio/annotated_sentence_segments/uid_EOwDjm2STZfXSXQJzWXadFRGRzn1_sid_BiDUKuwjE2J9ApcRTnXa_1744069252_195800403_sentence_segment_close.wav,Troy said the frog enjoy quiet times and life will be f:ell full fɑl of joy,"""Troy,"" said the frog, ""enjoy quiet times and life will be full of joy."""
processed_audio/annotated_sentence_segments/uid_EOwDjm2STZfXSXQJzWXadFRGRzn1_sid_BiDUKuwjE2J9ApcRTnXa_1744069252_195800404_sentence_segment_close.wav,From then Troy choose place,"From then, Troy chose peace."
processed_audio/annotated_sentence_segments/uid_EOwDjm2STZfXSXQJzWXadFRGRzn1_sid_BiDUKuwjE2J9ApcRTnXa_1744069252_195800405_sentence_segment_close.wav,his choice erased the wicked noise fɪ feeling the town with joy,"His choice erased the wicked noise, filling the town with joy."
processed_audio/annotated_sentence_segments/uid_qgT735VZ7OPJmWzvIgZGZAchHgD2_sid_B9p55yYLzYNdFa85Sm0V_1741610314_195800406_sentence_segment_close.wav,in a in a quite nʊk: of the woods Ash found ei: ə u air rare pokemon egg,"In a quiet nook of the woods, Ash found a rare Pokemon egg."
processed_audio/annotated_sentence_segments/uid_qgT735VZ7OPJmWzvIgZGZAchHgD2_sid_B9p55yYLzYNdFa85Sm0V_1741610314_195800407_sentence_segment_close.wav,he was thrilled,He was thrilled.
processed_audio/annotated_sentence_segments/uid_qgT735VZ7OPJmWzvIgZGZAchHgD2_sid_B9p55yYLzYNdFa85Sm0V_1741610314_195800408_sentence_segment_close.wav,pikachu his treasure  trusty friend was with him ready tu: amaze,"Pikachu, his trusty friend, was with him, ready to amuse."
processed_audio/annotated_sentence_segments/uid_qgT735VZ7OPJmWzvIgZGZAchHgD2_sid_B9p55yYLzYNdFa85Sm0V_1741610314_195800409_sentence_segment_close.wav,Ash put the egg in his backpack carefully,Ash put the egg in his backpack carefully.
processed_audio/annotated_sentence_segments/uid_qgT735VZ7OPJmWzvIgZGZAchHgD2_sid_B9p55yYLzYNdFa85Sm0V_1741610314_195800410_sentence_segment_close.wav,Together they pushed through the bushes escape  excited ɪksaɪtɪd to find more Pokemon,"Together, they pushed through the bushes, excited to find more Pokemon."
processed_audio/annotated_sentence_segments/uid_qgT735VZ7OPJmWzvIgZGZAchHgD2_sid_B9p55yYLzYNdFa85Sm0V_1741610314_195800411_sentence_segment_close.wav,As the m As they moved they had head ear hear a r|u|st r|yust yusenly rustle rustle,"As they moved, they heard a rustle."
processed_audio/annotated_sentence_segments/uid_qgT735VZ7OPJmWzvIgZGZAchHgD2_sid_B9p55yYLzYNdFa85Sm0V_1741610314_195800412_sentence_segment_close.wav,Who was p p|eh beh|hind bəhaɪn the trees,Who was behind the tree?
processed_audio/annotated_sentence_segments/uid_qgT735VZ7OPJmWzvIgZGZAchHgD2_sid_B9p55yYLzYNdFa85Sm0V_1741610314_195800413_sentence_segment_close.wav,It was b|ul,"It was Bulbasaur, munching happily on leaves."
processed_audio/annotated_sentence_segments/uid_Gt0cspsUtRSvEXXHZKUWlVAfyVq2_sid_qKQmMKuXG2FOUvLlR8Nk_1742062228_195800414_sentence_segment_close.wav,wʌnɬ there was a little girl named Lily who loved ɪɬplɔɹɪŋ,Once there was a little girl named Lily who loved exploring.
processed_audio/annotated_sentence_segments/uid_Gt0cspsUtRSvEXXHZKUWlVAfyVq2_sid_qKQmMKuXG2FOUvLlR8Nk_1742062228_195800415_sentence_segment_close.wav,One day while sɬɪpɪŋ through the snowy forest she stumbled upon a sparkling cave,"One day, while skipping through a snowy forest, she stumbled upon a sparkling cave."
processed_audio/annotated_sentence_segments/uid_Gt0cspsUtRSvEXXHZKUWlVAfyVq2_sid_qKQmMKuXG2FOUvLlR8Nk_1742062228_195800416_sentence_segment_close.wav,Inside she spotted a sleeping aɪʃ dragon,"Inside, she spotted a sleeping ice dragon."
processed_audio/annotated_sentence_segments/uid_Gt0cspsUtRSvEXXHZKUWlVAfyVq2_sid_qKQmMKuXG2FOUvLlR8Nk_1742062228_195800417_sentence_segment_close.wav,Curled and dreaming the dragon ɬnoʊɹd ɬɔftli,"Curled and dreaming, the dragon snored softly."
processed_audio/annotated_sentence_segments/uid_Gt0cspsUtRSvEXXHZKUWlVAfyVq2_sid_qKQmMKuXG2FOUvLlR8Nk_1742062228_195800418_sentence_segment_close.wav,Lily tiptoed closer her heart thundering with excitement,"Lily tiptoed closer, her heart thundering with excitement."
processed_audio/annotated_sentence_segments/uid_Gt0cspsUtRSvEXXHZKUWlVAfyVq2_sid_qKQmMKuXG2FOUvLlR8Nk_1742062228_195800419_sentence_segment_close.wav,Suddenly the dragon blinked its aɪɬ open and smiled,"Suddenly, the dragon blinked its eyes open and smiled."
processed_audio/annotated_sentence_segments/uid_Gt0cspsUtRSvEXXHZKUWlVAfyVq2_sid_qKQmMKuXG2FOUvLlR8Nk_1742062228_195800420_sentence_segment_close.wav,ɪ had been longing for a friend too,It had been longing for a friend too.
processed_audio/annotated_sentence_segments/uid_Gt0cspsUtRSvEXXHZKUWlVAfyVq2_sid_qKQmMKuXG2FOUvLlR8Nk_1742062228_195800421_sentence_segment_close.wav,təɡɛðə they played in the snow laughing and sliding down the icy hills down icy hills,"Together, they played in the snow, laughing and sliding down icy hills."
processed_audio/annotated_sentence_segments/uid_Gt0cspsUtRSvEXXHZKUWlVAfyVq2_sid_qKQmMKuXG2FOUvLlR8Nk_1742062228_195800422_sentence_segment_close.wav,æɬ the sun set Lily hugging her new friend goodbye promising to return hɜɹ more adventures,"As the sun set, Lily hugged her new friend goodbye, promising to return for more adventures."
processed_audio/annotated_sentence_segments/uid_ihIoefKsGwTDai7fGs9x3DyNvju2_sid_vz4P5gfXi01dxE4IBzaZ_1742503828_195800423_sentence_segment_close.wav,In the bright school morning the bell ɹɪ əm soon rang,"In the bright school room, the bell soon rang."
processed_audio/annotated_sentence_segments/uid_ihIoefKsGwTDai7fGs9x3DyNvju2_sid_vz4P5gfXi01dxE4IBzaZ_1742503828_195800424_sentence_segment_close.wav,ʌm Moon the raccoon had art class to ʌm look forward to,Moon the raccoon had art class to look forward to.
processed_audio/annotated_sentence_segments/uid_ihIoefKsGwTDai7fGs9x3DyNvju2_sid_vz4P5gfXi01dxE4IBzaZ_1742503828_195800425_sentence_segment_close.wav,He took his blue pen and began to draw adding loops and slu əm swoops,"He took his blue pencil and began to draw, adding loops and swoops."
processed_audio/annotated_sentence_segments/uid_ihIoefKsGwTDai7fGs9x3DyNvju2_sid_vz4P5gfXi01dxE4IBzaZ_1742503828_195800426_sentence_segment_close.wav,He ʃ əm st He stu əm slowly ah|ard to Mrs Bloom,"He stood, showing his art to Miss Bloom."
processed_audio/annotated_sentence_segments/uid_ihIoefKsGwTDai7fGs9x3DyNvju2_sid_vz4P5gfXi01dxE4IBzaZ_1742503828_195800427_sentence_segment_close.wav,Good work əm Moon she said,"""Good work, Moon,"" she said."
processed_audio/annotated_sentence_segments/uid_ihIoefKsGwTDai7fGs9x3DyNvju2_sid_vz4P5gfXi01dxE4IBzaZ_1742503828_195800428_sentence_segment_close.wav,At lunchtime Moon and his friends took their food to the school nook,"At lunchtime, Moon and his friends took their food to the school nook."
processed_audio/annotated_sentence_segments/uid_ihIoefKsGwTDai7fGs9x3DyNvju2_sid_vz4P5gfXi01dxE4IBzaZ_1742503828_195800429_sentence_segment_close.wav,They sk s scurried skəɹ scooped scooped əɹ soup talking laughing and felt felt the st əm soon sun,"They scooped their soup, talked, laughed, and felt the noon sun."
processed_audio/annotated_sentence_segments/uid_ihIoefKsGwTDai7fGs9x3DyNvju2_sid_vz4P5gfXi01dxE4IBzaZ_1742503828_195800430_sentence_segment_close.wav,The school day ends too soon but Moon felt full of joy,"The school day ended too soon, but Moon felt full of joy."
processed_audio/annotated_sentence_segments/uid_ihIoefKsGwTDai7fGs9x3DyNvju2_sid_vz4P5gfXi01dxE4IBzaZ_1742503828_195800431_sentence_segment_close.wav,He ʌm He took at He took He took at the moon bibəl as he w.wɔkt home excited excited for another school day,"He looked at the moon above as he walked home, excited for another day of school."
processed_audio/annotated_sentence_segments/uid_mHWscHBXcoabM7fdw88AliGuPWw1_sid_J17TeyjOef2geydR6U4o_1742933737_195800432_sentence_segment_close.wav,Pam had a book with a cover,Pam had a book with a red cover.
processed_audio/annotated_sentence_segments/uid_mHWscHBXcoabM7fdw88AliGuPWw1_sid_J17TeyjOef2geydR6U4o_1742933737_195800433_sentence_segment_close.wav,Is there a jukʊn in this book Sam asked,"""Is there a unicorn in this book?"" asked Sam."
processed_audio/annotated_sentence_segments/uid_mHWscHBXcoabM7fdw88AliGuPWw1_sid_J17TeyjOef2geydR6U4o_1742933737_195800434_sentence_segment_close.wav,No said Pam but ɪt.ɪts still good,"""No,"" said Pam, ""but it's still good!"""
processed_audio/annotated_sentence_segments/uid_mHWscHBXcoabM7fdw88AliGuPWw1_sid_J17TeyjOef2geydR6U4o_1742933737_195800435_sentence_segment_close.wav,Sam said sat at look,Sam sat to look.
processed_audio/annotated_sentence_segments/uid_mHWscHBXcoabM7fdw88AliGuPWw1_sid_J17TeyjOef2geydR6U4o_1742933737_195800436_sentence_segment_close.wav,The book has t|eɪlz of a big kæ|t and a small fwo:g,The book had tales of a big cat and a small frog.
processed_audio/annotated_sentence_segments/uid_mHWscHBXcoabM7fdw88AliGuPWw1_sid_J17TeyjOef2geydR6U4o_1742933737_195800437_sentence_segment_close.wav,pæ:m æn Sam l:.looked at the run dog and the fast fox,Pam and Sam laughed at the fun dog and the fast fox.
processed_audio/annotated_sentence_segments/uid_mHWscHBXcoabM7fdw88AliGuPWw1_sid_J17TeyjOef2geydR6U4o_1742933737_195800438_sentence_segment_close.wav,Can I see it tus asked his pal,"""Can I see it too?"" asked his pal."
processed_audio/annotated_sentence_segments/uid_mHWscHBXcoabM7fdw88AliGuPWw1_sid_J17TeyjOef2geydR6U4o_1742933737_195800439_sentence_segment_close.wav,Pam spɐɪld and said Yes let's sit and read fʌm the stɐt to the end,"Pam smiled and said, ""Yes, let's sit and read from the start to the end."""
processed_audio/annotated_sentence_segments/uid_mHWscHBXcoabM7fdw88AliGuPWw1_sid_J17TeyjOef2geydR6U4o_1742933737_195800440_sentence_segment_close.wav,The pals loved widiŋ ivənd without udiko:ns,"The pals loved reading, even without unicorns."
processed_audio/annotated_sentence_segments/uid_kTMUXkYb5leGiYEcapITFVWKLCu1_sid_Iu3AOF9xPMBhAAOttGnK_1743030433_195800441_sentence_segment_close.wav,In a quiet tɐʊd Roy and Joy loved to play with toys,"In a quiet town, Roy and Joy loved to play with toys."
processed_audio/annotated_sentence_segments/uid_kTMUXkYb5leGiYEcapITFVWKLCu1_sid_Iu3AOF9xPMBhAAOttGnK_1743030433_195800442_sentence_segment_close.wav,One sunny day they f:ɐʊnd an old coin in the yard,"One sunny day, they found an old coin in the yard."
processed_audio/annotated_sentence_segments/uid_kTMUXkYb5leGiYEcapITFVWKLCu1_sid_Iu3AOF9xPMBhAAOttGnK_1743030433_195800443_sentence_segment_close.wav,lɛs see what treasure we could find said Roy,"""Let's see what treasure we could find!"" said Roy."
processed_audio/annotated_sentence_segments/uid_kTMUXkYb5leGiYEcapITFVWKLCu1_sid_Iu3AOF9xPMBhAAOttGnK_1743030433_195800444_sentence_segment_close.wav,They ʒ.dʒɔɪfəli d|ʌg and sit discovered box filt a f.box filled with more shiny coins and n.noʊ|t dæt read For those who si|k and enjo ænd ənʃɔɪ,"They joyfully dug and discovered a box filled with more shiny coins and a note that read, ""For those who seek and enjoy."""
processed_audio/annotated_sentence_segments/uid_kTMUXkYb5leGiYEcapITFVWKLCu1_sid_Iu3AOF9xPMBhAAOttGnK_1743030433_195800445_sentence_segment_close.wav,Overjoyed they took the coins home knowing they had found something special,"Overjoyed, they took the coins home, knowing they had found something special."
processed_audio/annotated_sentence_segments/uid_kTMUXkYb5leGiYEcapITFVWKLCu1_sid_Iu3AOF9xPMBhAAOttGnK_1743030433_195800446_sentence_segment_close.wav,They've Their playful adventure brought them more than just toys it taught them the joy of discovery,Their playful adventure brought them more than just toys; it taught them the joy of discovery.
processed_audio/annotated_sentence_segments/uid_kTMUXkYb5leGiYEcapITFVWKLCu1_sid_Iu3AOF9xPMBhAAOttGnK_1743030433_195800447_sentence_segment_close.wav,That night Roy and Joy dreamt dreams of more exciting quests to kæs together,"That night, Roy and Joy dreamt of more exciting quests to chase together."
processed_audio/annotated_sentence_segments/uid_Om0JhZ6RmTNQ5wDLPHKIC3LtY4g2_sid_U7uX4X90MbmmVfoqou8L_1741560506_195800448_sentence_segment_close.wav,Once up a time in a faraway land there's a park where kitties played under a magic rainbow,"Once upon a time, in a faraway land, there was a park where kitties played under a magical rainbow."
processed_audio/annotated_sentence_segments/uid_Om0JhZ6RmTNQ5wDLPHKIC3LtY4g2_sid_U7uX4X90MbmmVfoqou8L_1741560506_195800449_sentence_segment_close.wav,The kitties liked to explore and adore the bright kʌləɹfəɹ arc above them,"The kitties liked to explore and adore the bright, colorful arc above them."
processed_audio/annotated_sentence_segments/uid_Om0JhZ6RmTNQ5wDLPHKIC3LtY4g2_sid_U7uX4X90MbmmVfoqou8L_1741560506_195800450_sentence_segment_close.wav,Every morning they form a sɜɹl and start their day chasing each other across the soft grass,"Every morning, they would form a circle and start their day, chasing each other across the soft grass."
processed_audio/annotated_sentence_segments/uid_Om0JhZ6RmTNQ5wDLPHKIC3LtY4g2_sid_U7uX4X90MbmmVfoqou8L_1741560506_195800451_sentence_segment_close.wav,One day a little orange kitty named Ore wanted to reach the rainbow,"One day, a little orange kitty named Ore wanted to reach the rainbow."
processed_audio/annotated_sentence_segments/uid_Om0JhZ6RmTNQ5wDLPHKIC3LtY4g2_sid_U7uX4X90MbmmVfoqou8L_1741560506_195800452_sentence_segment_close.wav,He asked his friends Can we climb into sky to touch the colors,"He asked his kitty friends, ""Can we climb into the sky and touch the colors?"""
processed_audio/annotated_sentence_segments/uid_Om0JhZ6RmTNQ5wDLPHKIC3LtY4g2_sid_U7uX4X90MbmmVfoqou8L_1741560506_195800453_sentence_segment_close.wav,The kitties agreed and began build the began to build build a tower of their furry bodies,The kitties agreed and began to build a tower of their furry bodies.
processed_audio/annotated_sentence_segments/uid_Om0JhZ6RmTNQ5wDLPHKIC3LtY4g2_sid_U7uX4X90MbmmVfoqou8L_1741560506_195800454_sentence_segment_close.wav,The kitties climbed higher and higher nearly reaching the golden ɑɹ|tʃ but alas it was too far for their little paws,"The kitties climbed higher and higher, nearly reaching the golden arch, but alas, it was too far for their little paws."
processed_audio/annotated_sentence_segments/uid_Om0JhZ6RmTNQ5wDLPHKIC3LtY4g2_sid_U7uX4X90MbmmVfoqou8L_1741560506_195800455_sentence_segment_close.wav,they laughed and tumbled bæ down to the ground knowing the  ɹeɪmbə would ɑlweɪ be there foɹɾə the for them to əmaɪɹ,"They laughed and tumbled back down to the ground, knowing the rainbow would always be there for them to admire."
processed_audio/annotated_sentence_segments/uid_Om0JhZ6RmTNQ5wDLPHKIC3LtY4g2_sid_U7uX4X90MbmmVfoqou8L_1741560506_195800456_sentence_segment_close.wav,in the end oɹə and his friends realize that being together and sharing dʒɔ was the real treasure,"In the end, Ore and his friends realized that being together and sharing joy was the real treasure."
processed_audio/annotated_sentence_segments/uid_mHWscHBXcoabM7fdw88AliGuPWw1_sid_QslrRQCYeqmaq122JWCv_1741648357_195800457_sentence_segment_close.wav,once upon a time there was a skilled storyteller named chip,"Once upon a time, there was a skilled storyteller named Chip."
processed_audio/annotated_sentence_segments/uid_mHWscHBXcoabM7fdw88AliGuPWw1_sid_QslrRQCYeqmaq122JWCv_1741648357_195800458_sentence_segment_close.wav,chip loved to tell trills about bweɪv knights and sly fox,Chip loved to tell tales about brave knights and sly foxes.
processed_audio/annotated_sentence_segments/uid_mHWscHBXcoabM7fdw88AliGuPWw1_sid_QslrRQCYeqmaq122JWCv_1741648357_195800459_sentence_segment_close.wav,once one day chip gathered a small group of kids under a tall oak tree,"One day, Chip gathered a small group of kids under a tall oak tree."
processed_audio/annotated_sentence_segments/uid_mHWscHBXcoabM7fdw88AliGuPWw1_sid_QslrRQCYeqmaq122JWCv_1741648357_195800460_sentence_segment_close.wav,sæl we begin chip ass,"""Shall we begin?"" Chip asked."
processed_audio/annotated_sentence_segments/uid_mHWscHBXcoabM7fdw88AliGuPWw1_sid_QslrRQCYeqmaq122JWCv_1741648357_195800461_sentence_segment_close.wav,the tʃɪdz nodded agree for a teɪl:,"The kids nodded, eager for a tale."
processed_audio/annotated_sentence_segments/uid_mHWscHBXcoabM7fdw88AliGuPWw1_sid_QslrRQCYeqmaq122JWCv_1741648357_195800462_sentence_segment_close.wav,tʃ:ɪp stɑɾɪd Once upon a chip a bweɪv duck had to find off a pack of wild dogs,"Chip started, ""Once upon a ship, a brave duck had to fend off a pack of wild dogs."""
processed_audio/annotated_sentence_segments/uid_mHWscHBXcoabM7fdw88AliGuPWw1_sid_QslrRQCYeqmaq122JWCv_1741648357_195800463_sentence_segment_close.wav,The children gasped and laughed,The children gasped and laughed.
processed_audio/annotated_sentence_segments/uid_mHWscHBXcoabM7fdw88AliGuPWw1_sid_QslrRQCYeqmaq122JWCv_1741648357_195800464_sentence_segment_close.wav,Chip's stories were filled with magic and dreams,Chip's stories were filled with magic and dreams.
processed_audio/annotated_sentence_segments/uid_mHWscHBXcoabM7fdw88AliGuPWw1_sid_QslrRQCYeqmaq122JWCv_1741648357_195800465_sentence_segment_close.wav,At the set sʌn set Chip ended the tale s::eɪɪŋ The bweɪv duck saved the day,"As the sun set, Chip ended the tale, saying, ""The brave duck saved the day."""
processed_audio/annotated_sentence_segments/uid_Om0JhZ6RmTNQ5wDLPHKIC3LtY4g2_sid_50YLxFXG6ZlS1xBYeDyY_1741219844_195800466_sentence_segment_close.wav,In the vibrant forest there was a Pokemon named Charmer,"In the vibrant forest, there was a Pokemon named Charmer."
processed_audio/annotated_sentence_segments/uid_Om0JhZ6RmTNQ5wDLPHKIC3LtY4g2_sid_50YLxFXG6ZlS1xBYeDyY_1741219844_195800467_sentence_segment_close.wav,Charmer a joyful creature had the best time under the sun,"Charmer, a joyful creature, had the best time under the sun."
processed_audio/annotated_sentence_segments/uid_Om0JhZ6RmTNQ5wDLPHKIC3LtY4g2_sid_50YLxFXG6ZlS1xBYeDyY_1741219844_195800468_sentence_segment_close.wav,Every morning Charm Charmer gathered with her Pokemon pals near the river,"Every morning, Charmer gathered with her Pokemon pals near the river."
processed_audio/annotated_sentence_segments/uid_Om0JhZ6RmTNQ5wDLPHKIC3LtY4g2_sid_50YLxFXG6ZlS1xBYeDyY_1741219844_195800469_sentence_segment_close.wav,They would chatter and play forgotten the world around them,"They would chatter and play, forgetting the world around them."
processed_audio/annotated_sentence_segments/uid_Om0JhZ6RmTNQ5wDLPHKIC3LtY4g2_sid_50YLxFXG6ZlS1xBYeDyY_1741219844_195800470_sentence_segment_close.wav,One fine day  they decided to have a game,"One fine day, they decided to have a game."
processed_audio/annotated_sentence_segments/uid_Om0JhZ6RmTNQ5wDLPHKIC3LtY4g2_sid_50YLxFXG6ZlS1xBYeDyY_1741219844_195800471_sentence_segment_close.wav,Charmander sə|ɡdʒɛstɪd a race,Charmer suggested a race.
processed_audio/annotated_sentence_segments/uid_Om0JhZ6RmTNQ5wDLPHKIC3LtY4g2_sid_50YLxFXG6ZlS1xBYeDyY_1741219844_195800472_sentence_segment_close.wav,Together we'll see who's faster she said with a pay| playful grin,"""Together, we'll see who's faster!"" she said with a playful grin."
processed_audio/annotated_sentence_segments/uid_Om0JhZ6RmTNQ5wDLPHKIC3LtY4g2_sid_50YLxFXG6ZlS1xBYeDyY_1741219844_195800473_sentence_segment_close.wav,Off they went running over the soft earth their laughing echoing,"Off they went, running over the soft earth, their laughter echoing."
processed_audio/annotated_sentence_segments/uid_Om0JhZ6RmTNQ5wDLPHKIC3LtY4g2_sid_50YLxFXG6ZlS1xBYeDyY_1741219844_195800474_sentence_segment_close.wav,As the day ɛn| the day ended Charmer sat by the water under the silver moonlight,"As the day ended, Charmer sat by the water, under the silver moonlight."
processed_audio/annotated_sentence_segments/uid_Om0JhZ6RmTNQ5wDLPHKIC3LtY4g2_sid_50YLxFXG6ZlS1xBYeDyY_1741219844_195800475_sentence_segment_close.wav,"""There's no better feeling she thought than fun friends with","""There's no better feeling,"" she thought, ""than fun with friends."""
processed_audio/annotated_sentence_segments/uid_Om0JhZ6RmTNQ5wDLPHKIC3LtY4g2_sid_50YLxFXG6ZlS1xBYeDyY_1741219844_195800476_sentence_segment_close.wav,The Pokemon went to dreaming of the dʒ|ɔɪ coming tomorrow,"The Pokemon then rested, dreaming of the joy to come tomorrow."
processed_audio/annotated_sentence_segments/uid_ovpeape9PZbAq7VLrirwGOYrvsh1_sid_ifSoKKyuVEYsVfxqWLTI_1742389868_195800477_sentence_segment_close.wav,Eevee loved playing in the forest,Eevee loved playing in the forest.
processed_audio/annotated_sentence_segments/uid_ovpeape9PZbAq7VLrirwGOYrvsh1_sid_ifSoKKyuVEYsVfxqWLTI_1742389868_195800478_sentence_segment_close.wav,One day Eevee found a shiny Pokeball under big tree,"One day, Eevee found a shiny Pokeball under a big tree."
processed_audio/annotated_sentence_segments/uid_ovpeape9PZbAq7VLrirwGOYrvsh1_sid_ifSoKKyuVEYsVfxqWLTI_1742389868_195800479_sentence_segment_close.wav,Curious Eevee tapped the Pokeball and ænd with a bright flash it opened,"Curious, Eevee tapped the Pokeball, and with a bright flash, it opened!"
processed_audio/annotated_sentence_segments/uid_ovpeape9PZbAq7VLrirwGOYrvsh1_sid_ifSoKKyuVEYsVfxqWLTI_1742389868_195800480_sentence_segment_close.wav,Inside was friendly pik.pikətʃu,Inside was a friendly Pikachu.
processed_audio/annotated_sentence_segments/uid_ovpeape9PZbAq7VLrirwGOYrvsh1_sid_ifSoKKyuVEYsVfxqWLTI_1742389868_195800481_sentence_segment_close.wav,Eevee and Pikachu started a fun adventure together,Eevee and Pikachu started a fun adventure together.
processed_audio/annotated_sentence_segments/uid_ovpeape9PZbAq7VLrirwGOYrvsh1_sid_ifSoKKyuVEYsVfxqWLTI_1742389868_195800482_sentence_segment_close.wav,They leaped over rocks and splashed in puddles playing under the sunny sky,"They leaped over rocks, and splashed in puddles, playing under the sunny sky."
processed_audio/annotated_sentence_segments/uid_ovpeape9PZbAq7VLrirwGOYrvsh1_sid_ifSoKKyuVEYsVfxqWLTI_1742389868_195800483_sentence_segment_close.wav,Then.the Pikachu inro.introduced Eevee twis best friend Jigglypuff,"The Pikachu introduced Eevee to its best friend, Jigglypuff."
processed_audio/annotated_sentence_segments/uid_ovpeape9PZbAq7VLrirwGOYrvsh1_sid_ifSoKKyuVEYsVfxqWLTI_1742389868_195800484_sentence_segment_close.wav,By the end of the day they're tired but happy,"By the end of the day, they were tired but happy."
processed_audio/annotated_sentence_segments/uid_ovpeape9PZbAq7VLrirwGOYrvsh1_sid_ifSoKKyuVEYsVfxqWLTI_1742389868_195800485_sentence_segment_close.wav,Eevee took the Pokeball home and placed it safely on the shelf grateful for new friend and day full of laugh,"Eevee took the Pokeball home and placed it safely on a shelf, grateful for the new friends and a day full of laughter."
processed_audio/annotated_sentence_segments/uid_tHP0GvI5hccNGBzYfgE2pkEHXiW2_sid_Lf3VBeOK4sAugmVABgUl_1743376662_195800486_sentence_segment_close.wav,Max the cat sat on a mat,Max the cat sat on a mat.
processed_audio/annotated_sentence_segments/uid_tHP0GvI5hccNGBzYfgE2pkEHXiW2_sid_Lf3VBeOK4sAugmVABgUl_1743376662_195800487_sentence_segment_close.wav,hi: had a hat and a bat,He had a hat and a bat.
processed_audio/annotated_sentence_segments/uid_tHP0GvI5hccNGBzYfgE2pkEHXiW2_sid_Lf3VBeOK4sAugmVABgUl_1743376662_195800488_sentence_segment_close.wav,Pam his pal ca:m toʊ: tʃ|æ:t ch|a|t chat,"Pam, his pal, came to chat."
processed_audio/annotated_sentence_segments/uid_tHP0GvI5hccNGBzYfgE2pkEHXiW2_sid_Lf3VBeOK4sAugmVABgUl_1743376662_195800489_sentence_segment_close.wav,Can I have the bat asked Pam,"""Can I have the bat?"" asked Pam."
processed_audio/annotated_sentence_segments/uid_tHP0GvI5hccNGBzYfgE2pkEHXiW2_sid_Lf3VBeOK4sAugmVABgUl_1743376662_195800490_sentence_segment_close.wav,Yes you can have ð:ə bat said Max,"""Yes, you can have the bat,"" said Max."
processed_audio/annotated_sentence_segments/uid_tHP0GvI5hccNGBzYfgE2pkEHXiW2_sid_Lf3VBeOK4sAugmVABgUl_1743376662_195800491_sentence_segment_close.wav,Pam was glad,Pam was glad.
processed_audio/annotated_sentence_segments/uid_tHP0GvI5hccNGBzYfgE2pkEHXiW2_sid_Lf3VBeOK4sAugmVABgUl_1743376662_195800492_sentence_segment_close.wav,Max and Pam sat on the mat,Max and Pam sat on the mat.
processed_audio/annotated_sentence_segments/uid_tHP0GvI5hccNGBzYfgE2pkEHXiW2_sid_Lf3VBeOK4sAugmVABgUl_1743376662_195800493_sentence_segment_close.wav,They played with ð:ə hat and bat,They played with the hat and bat.
processed_audio/annotated_sentence_segments/uid_tHP0GvI5hccNGBzYfgE2pkEHXiW2_sid_Lf3VBeOK4sAugmVABgUl_1743376662_195800494_sentence_segment_close.wav,They had fun,They had fun.
processed_audio/annotated_sentence_segments/uid_uJ59YClhDZUuJsN0vsDR1GRv6pu1_sid_l4KsF2Kn1Z5FS1xqlcev_1741229832_195800495_sentence_segment_close.wav,Britten and James liked to pleɪ: games in late afternoon ɪn the ðə late æftəɹnun,Britten and James liked to play games in the late afternoon.
processed_audio/annotated_sentence_segments/uid_uJ59YClhDZUuJsN0vsDR1GRv6pu1_sid_l4KsF2Kn1Z5FS1xqlcev_1741229832_195800496_sentence_segment_close.wav,They would race bikes and play on the swi:ng,They would race bikes and play on the swing.
processed_audio/annotated_sentence_segments/uid_uJ59YClhDZUuJsN0vsDR1GRv6pu1_sid_l4KsF2Kn1Z5FS1xqlcev_1741229832_195800497_sentence_segment_close.wav,One day James gave Britten a plæn to fly,"One day, James gave Britten a plane to fly."
processed_audio/annotated_sentence_segments/uid_uJ59YClhDZUuJsN0vsDR1GRv6pu1_sid_l4KsF2Kn1Z5FS1xqlcev_1741229832_195800498_sentence_segment_close.wav,They took turns and it glide well,"They took turns, and it glided well."
processed_audio/annotated_sentence_segments/uid_uJ59YClhDZUuJsN0vsDR1GRv6pu1_sid_l4KsF2Kn1Z5FS1xqlcev_1741229832_195800499_sentence_segment_close.wav,Then an idea came,"Then, an idea came."
processed_audio/annotated_sentence_segments/uid_uJ59YClhDZUuJsN0vsDR1GRv6pu1_sid_l4KsF2Kn1Z5FS1xqlcev_1741229832_195800500_sentence_segment_close.wav,Let's make a kite Britten said,"""Let's make a kite!"" Britten said."
processed_audio/annotated_sentence_segments/uid_uJ59YClhDZUuJsN0vsDR1GRv6pu1_sid_l4KsF2Kn1Z5FS1xqlcev_1741229832_195800501_sentence_segment_close.wav,They got some sɪn string paper and sticks,"They got some thin string, paper, and sticks."
processed_audio/annotated_sentence_segments/uid_uJ59YClhDZUuJsN0vsDR1GRv6pu1_sid_l4KsF2Kn1Z5FS1xqlcev_1741229832_195800502_sentence_segment_close.wav,With careful steps the craft began to take shape,"With careful steps, the craft began to take shape."
processed_audio/annotated_sentence_segments/uid_uJ59YClhDZUuJsN0vsDR1GRv6pu1_sid_l4KsF2Kn1Z5FS1xqlcev_1741229832_195800503_sentence_segment_close.wav,stɔft wind helped their kite soar high,Soft wind helped their kite soar high.
processed_audio/annotated_sentence_segments/uid_uJ59YClhDZUuJsN0vsDR1GRv6pu1_sid_l4KsF2Kn1Z5FS1xqlcev_1741229832_195800504_sentence_segment_close.wav,They smiled as as it dance with the sky,They smiled as it danced with the sky.
processed_audio/annotated_sentence_segments/uid_uJ59YClhDZUuJsN0vsDR1GRv6pu1_sid_l4KsF2Kn1Z5FS1xqlcev_1741229832_195800505_sentence_segment_close.wav,But night the stars blɪnt above,"By night, the stars blinked above."
processed_audio/annotated_sentence_segments/uid_uJ59YClhDZUuJsN0vsDR1GRv6pu1_sid_l4KsF2Kn1Z5FS1xqlcev_1741229832_195800506_sentence_segment_close.wav,Hap blinked above Happy and tired both boys went to sleep dɹimin of their next əvɛntʃəɹ,"Happy and tired, both boys went to sleep, dreaming of their next adventure."
processed_audio/annotated_sentence_segments/uid_sHl4il5Li8NKe5aMecUSJyXBFco2_sid_oLcyGGiO0bJZhCkDVMro_1743380548_195800507_sentence_segment_close.wav,a young dog name Max found himself feeling curious about one an unusual sound he had heard in the yard,"One day, a young dog named Max found himself feeling curious about an unusual sound he had heard in the yard."
processed_audio/annotated_sentence_segments/uid_sHl4il5Li8NKe5aMecUSJyXBFco2_sid_oLcyGGiO0bJZhCkDVMro_1743380548_195800508_sentence_segment_close.wav,It was a clear and bright dawn,It was a clear and bright dawn.
processed_audio/annotated_sentence_segments/uid_sHl4il5Li8NKe5aMecUSJyXBFco2_sid_oLcyGGiO0bJZhCkDVMro_1743380548_195800509_sentence_segment_close.wav,Max started around the lawn his paws making soft thuds on the ground,"Max sauntered across the lawn, his paws making soft thuds on the ground."
processed_audio/annotated_sentence_segments/uid_sHl4il5Li8NKe5aMecUSJyXBFco2_sid_oLcyGGiO0bJZhCkDVMro_1743380548_195800510_sentence_segment_close.wav,As he approached the fence Max saw a little fawn who was caught in the straw,"As he approached the fence, Max saw a little fawn, who was caught in the straw."
processed_audio/annotated_sentence_segments/uid_sHl4il5Li8NKe5aMecUSJyXBFco2_sid_oLcyGGiO0bJZhCkDVMro_1743380548_195800511_sentence_segment_close.wav,The fawn was trying hard to escape,The fawn was trying hard to escape.
processed_audio/annotated_sentence_segments/uid_sHl4il5Li8NKe5aMecUSJyXBFco2_sid_oLcyGGiO0bJZhCkDVMro_1743380548_195800512_sentence_segment_close.wav,Max with his brave heart nju: he had to help,"Max, with his brave heart, knew he had to help."
processed_audio/annotated_sentence_segments/uid_sHl4il5Li8NKe5aMecUSJyXBFco2_sid_oLcyGGiO0bJZhCkDVMro_1743380548_195800513_sentence_segment_close.wav,Max began to paw at the straw and carefully finesse at the thick bits watching as the fawn slowly began to move,"Max began to paw at the straw and carefully gnaw at the thick bits, watching as the fawn slowly began to move."
processed_audio/annotated_sentence_segments/uid_sHl4il5Li8NKe5aMecUSJyXBFco2_sid_oLcyGGiO0bJZhCkDVMro_1743380548_195800514_sentence_segment_close.wav,After several minutes of careful work the fawn was free,"After several minutes of careful work, the fawn was free!"
processed_audio/annotated_sentence_segments/uid_sHl4il5Li8NKe5aMecUSJyXBFco2_sid_oLcyGGiO0bJZhCkDVMro_1743380548_195800515_sentence_segment_close.wav,The grateful fawn wag its tail and gave Max a kind nug before bounding back into the forest,The grateful fawn wagged its tail and gave Max a kind nudge before bounding back into the forest.
processed_audio/annotated_sentence_segments/uid_sHl4il5Li8NKe5aMecUSJyXBFco2_sid_oLcyGGiO0bJZhCkDVMro_1743380548_195800516_sentence_segment_close.wav,With a proud feeling inside Max trotted back to his cozy nook his tail wagging wɪʃ joy,"With a proud feeling inside, Max trotted back to his cozy nook, his tail wagging with joy."
processed_audio/annotated_sentence_segments/uid_sHl4il5Li8NKe5aMecUSJyXBFco2_sid_oLcyGGiO0bJZhCkDVMro_1743380548_195800517_sentence_segment_close.wav,From then on Max always listened for the sounds of the wind ready to help whenever he could,"From then on, Max always listened for the sounds on the wind, ready to help whenever he could."
processed_audio/annotated_sentence_segments/uid_Om0JhZ6RmTNQ5wDLPHKIC3LtY4g2_sid_Lihsn8Z5KIcriQ30GHYW_1742166957_195800518_sentence_segment_close.wav,Once əp| a time I meant an day otter in a park,"Once upon a time, I met an otter in a park."
processed_audio/annotated_sentence_segments/uid_Om0JhZ6RmTNQ5wDLPHKIC3LtY4g2_sid_Lihsn8Z5KIcriQ30GHYW_1742166957_195800519_sentence_segment_close.wav,The otter was charming and smart,The otter was charming and smart.
processed_audio/annotated_sentence_segments/uid_Om0JhZ6RmTNQ5wDLPHKIC3LtY4g2_sid_Lihsn8Z5KIcriQ30GHYW_1742166957_195800520_sentence_segment_close.wav,It had a little hat and small cart filled with jars,It had a little hat and a small cart filled with jars.
processed_audio/annotated_sentence_segments/uid_Om0JhZ6RmTNQ5wDLPHKIC3LtY4g2_sid_Lihsn8Z5KIcriQ30GHYW_1742166957_195800521_sentence_segment_close.wav,We sat together on a bench gazing at the bright stars in the dark sky,"We sat together on a bench, gazing at the bright stars in the dark sky."
processed_audio/annotated_sentence_segments/uid_Om0JhZ6RmTNQ5wDLPHKIC3LtY4g2_sid_Lihsn8Z5KIcriQ30GHYW_1742166957_195800522_sentence_segment_close.wav,ether The eh|aw The otter opened a jar and gave me a tart,The otter opened a jar and gave me a tart.
processed_audio/annotated_sentence_segments/uid_Om0JhZ6RmTNQ5wDLPHKIC3LtY4g2_sid_Lihsn8Z5KIcriQ30GHYW_1742166957_195800523_sentence_segment_close.wav,It was so sweet it warmed my heart,"It was so sweet, it warmed my heart."
processed_audio/annotated_sentence_segments/uid_Om0JhZ6RmTNQ5wDLPHKIC3LtY4g2_sid_Lihsn8Z5KIcriQ30GHYW_1742166957_195800524_sentence_segment_close.wav,At the night grew colder the otter and I part with a promise to mi again at the pɑɹ,"As the night grew colder, the otter and I parted with a promise to meet again at the park."
processed_audio/annotated_sentence_segments/uid_Om0JhZ6RmTNQ5wDLPHKIC3LtY4g2_sid_Lihsn8Z5KIcriQ30GHYW_1742166957_195800525_sentence_segment_close.wav,My new friend waved from afar its tiny hat tittled just right,"My new friend waved from afar, its tiny hat tilted just right."
processed_audio/annotated_sentence_segments/uid_Sn3Nw7A3OmOkiMXEFjEyRusLuuo2_sid_1wzrLwplXHDGocpfUMAY_1741737570_195800526_sentence_segment_close.wav,Mewia had a cute dog,Melia had a cute dog.
processed_audio/annotated_sentence_segments/uid_Sn3Nw7A3OmOkiMXEFjEyRusLuuo2_sid_1wzrLwplXHDGocpfUMAY_1741737570_195800527_sentence_segment_close.wav,His name was eɪk,His name was Ace.
processed_audio/annotated_sentence_segments/uid_Sn3Nw7A3OmOkiMXEFjEyRusLuuo2_sid_1wzrLwplXHDGocpfUMAY_1741737570_195800528_sentence_segment_close.wav,Mr. Ryan had Melieh gave Melia a cake to celebrate Ak|s birthday,Mr. Ryan gave Melia a cake to celebrate Ace's birthday.
processed_audio/annotated_sentence_segments/uid_Sn3Nw7A3OmOkiMXEFjEyRusLuuo2_sid_1wzrLwplXHDGocpfUMAY_1741737570_195800529_sentence_segment_close.wav,Melia had æk played outside all ev:vr:i: ni:ght noo:n mhm,Melia and Ace played outside all afternoon.
processed_audio/annotated_sentence_segments/uid_Sn3Nw7A3OmOkiMXEFjEyRusLuuo2_sid_1wzrLwplXHDGocpfUMAY_1741737570_195800530_sentence_segment_close.wav,They rah reb read and had fun,They raced and had fun.
processed_audio/annotated_sentence_segments/uid_Sn3Nw7A3OmOkiMXEFjEyRusLuuo2_sid_1wzrLwplXHDGocpfUMAY_1741737570_195800531_sentence_segment_close.wav,As the sun set æk let bai: Melia's side happy and  tread,"As the sun set, Ace lay by Melia's side, happy and tired."
processed_audio/annotated_sentence_segments/uid_vrDD6j0aEnQfytObzHmMJYKTeFf2_sid_8EF8UF8JxXiWOyBQl5p9_1743006091_195800533_sentence_segment_close.wav,Sam sat on a mæk,Sam sat on a mat.
processed_audio/annotated_sentence_segments/uid_vrDD6j0aEnQfytObzHmMJYKTeFf2_sid_8EF8UF8JxXiWOyBQl5p9_1743006091_195800534_sentence_segment_close.wav,The sun was hot but the mat w.wʌz cold kʊl,"The sun was hot, but the mat was cool."
processed_audio/annotated_sentence_segments/uid_vrDD6j0aEnQfytObzHmMJYKTeFf2_sid_8EF8UF8JxXiWOyBQl5p9_1743006091_195800535_sentence_segment_close.wav,Ma Max gives Sam a pat,Max gave Sam a pat.
processed_audio/annotated_sentence_segments/uid_vrDD6j0aEnQfytObzHmMJYKTeFf2_sid_8EF8UF8JxXiWOyBQl5p9_1743006091_195800536_sentence_segment_close.wav,Sam was g.|ɡlæd,Sam was glad.
processed_audio/annotated_sentence_segments/uid_vrDD6j0aEnQfytObzHmMJYKTeFf2_sid_8EF8UF8JxXiWOyBQl5p9_1743006091_195800537_sentence_segment_close.wav,Then mæk and sæɹm runned to də park,"Then, Max and Sam ran to the park."
processed_audio/annotated_sentence_segments/uid_vrDD6j0aEnQfytObzHmMJYKTeFf2_sid_8EF8UF8JxXiWOyBQl5p9_1743006091_195800538_sentence_segment_close.wav,They had lots of fun,They had lots of fun.
processed_audio/annotated_sentence_segments/uid_vrDD6j0aEnQfytObzHmMJYKTeFf2_sid_8EF8UF8JxXiWOyBQl5p9_1743006091_195800539_sentence_segment_close.wav,When the sun s|ɛt set ð.ðeɪ eh went back,"When the sun set, they went back."
processed_audio/annotated_sentence_segments/uid_vrDD6j0aEnQfytObzHmMJYKTeFf2_sid_8EF8UF8JxXiWOyBQl5p9_1743006091_195800540_sentence_segment_close.wav,Sam was happy with Max,Sam was happy with Max.
processed_audio/annotated_sentence_segments/uid_HGLxgWVfJZWhAsqMf761d40h3eQ2_sid_8NjhrfiTbM1zGBfZZuu4_1742427758_195800541_sentence_segment_close.wav,Once up Once upon a a time in a village o lived village there was a purple tree named  Sound it out T|um|b|l|i,"Once upon a time, in a little village, there was a purple turtle named Tumble."
processed_audio/annotated_sentence_segments/uid_HGLxgWVfJZWhAsqMf761d40h3eQ2_sid_8NjhrfiTbM1zGBfZZuu4_1742427758_195800542_sentence_segment_close.wav,tɹʌmbli loved to dʒʌɡəl: alpukskulls apples,Tumble loved to juggle apples.
processed_audio/annotated_sentence_segments/uid_HGLxgWVfJZWhAsqMf761d40h3eQ2_sid_8NjhrfiTbM1zGBfZZuu4_1742427758_195800543_sentence_segment_close.wav,One deɪ: a branch went  be louder so they can hear fɛl waddled loud voice t|ʌ|m|b|l Tumble and  smel:|t,"One day, a butterfly watched Tumble and smiled."
processed_audio/annotated_sentence_segments/uid_HGLxgWVfJZWhAsqMf761d40h3eQ2_sid_8NjhrfiTbM1zGBfZZuu4_1742427758_195800544_sentence_segment_close.wav,She asked if t|ʌ|m|b|l Tumble could oʊ almost done t|e|ow|ch tap tætʃ here to dʒ|ʌ|ɡəl,She asked if Tumble could teach her to juggle.
processed_audio/annotated_sentence_segments/uid_HGLxgWVfJZWhAsqMf761d40h3eQ2_sid_8NjhrfiTbM1zGBfZZuu4_1742427758_195800545_sentence_segment_close.wav,wɪf a j|i|gg|le Tumble ansewd,"With a giggle, Tumble agreed."
processed_audio/annotated_sentence_segments/uid_HGLxgWVfJZWhAsqMf761d40h3eQ2_sid_8NjhrfiTbM1zGBfZZuu4_1742427758_195800546_sentence_segment_close.wav,t|awg|e|th|el they'll painted use a big voice painted ə:|n:|t|ɪl until the berry could juggle too,"Together, they practiced until the butterfly could juggle too."
processed_audio/annotated_sentence_segments/uid_HGLxgWVfJZWhAsqMf761d40h3eQ2_sid_8NjhrfiTbM1zGBfZZuu4_1742427758_195800547_sentence_segment_close.wav,They:'ll:  They'll twisted in the zeɪliŋ sun happy wɪf their nest sky,"They twinkled in the evening sun, happy with their new skill."
processed_audio/annotated_sentence_segments/uid_HGLxgWVfJZWhAsqMf761d40h3eQ2_sid_8NjhrfiTbM1zGBfZZuu4_1742427758_195800548_sentence_segment_close.wav,In time the village m.|maveled at ð.ðə dos dʒʌkəli s.|s|p|ɛ|k|t|æ|k|l spæklt,"In time, the village marveled at the duo's juggling spectacle."
processed_audio/annotated_sentence_segments/uid_ejZWulX03uRlAA3C5VqYK6jKNYs1_sid_jGy3WfcxdVQLXa94QWkg_1741212613_195800549_sentence_segment_close.wav,Once upon a time there was a little girl named Lily,"Once upon a time, there was a little girl named Lily."
processed_audio/annotated_sentence_segments/uid_ejZWulX03uRlAA3C5VqYK6jKNYs1_sid_jGy3WfcxdVQLXa94QWkg_1741212613_195800550_sentence_segment_close.wav,She was excited planning her birthday party,She was excitedly planning her birthday party.
processed_audio/annotated_sentence_segments/uid_ejZWulX03uRlAA3C5VqYK6jKNYs1_sid_jGy3WfcxdVQLXa94QWkg_1741212613_195800551_sentence_segment_close.wav,Her favorite fruit was watermelon so she w.wɑntɪd to have a watermelon themed birthday party,"Her favorite fruit was watermelon, so she wanted to have a watermelon-themed birthday party."
processed_audio/annotated_sentence_segments/uid_ejZWulX03uRlAA3C5VqYK6jKNYs1_sid_jGy3WfcxdVQLXa94QWkg_1741212613_195800552_sentence_segment_close.wav,As the day As the day of the party came closer Lily's mom helped her set up decorations,"As the day of the party came closer, Lily's mom helped her set up decorations."
processed_audio/annotated_sentence_segments/uid_ejZWulX03uRlAA3C5VqYK6jKNYs1_sid_jGy3WfcxdVQLXa94QWkg_1741212613_195800553_sentence_segment_close.wav,Bright green and pink balloons were hung happily around the yard,Bright green and pink balloons were hung happily around the yard.
processed_audio/annotated_sentence_segments/uid_ejZWulX03uRlAA3C5VqYK6jKNYs1_sid_jGy3WfcxdVQLXa94QWkg_1741212613_195800554_sentence_segment_close.wav,On the table there were water there were w.wɜɹ watermelon shape plates and cups,"On the table, there were watermelon-shaped plates and cups."
processed_audio/annotated_sentence_segments/uid_ejZWulX03uRlAA3C5VqYK6jKNYs1_sid_jGy3WfcxdVQLXa94QWkg_1741212613_195800555_sentence_segment_close.wav,Lily carefully put some watermelon slices on each plate for for her friends,Lily carefully put some watermelon slices on each plate for her friends.
processed_audio/annotated_sentence_segments/uid_ejZWulX03uRlAA3C5VqYK6jKNYs1_sid_jGy3WfcxdVQLXa94QWkg_1741212613_195800556_sentence_segment_close.wav,Finally the big day arri əɹaɪvt,"Finally, the big day arrived."
processed_audio/annotated_sentence_segments/uid_ejZWulX03uRlAA3C5VqYK6jKNYs1_sid_jGy3WfcxdVQLXa94QWkg_1741212613_195800557_sentence_segment_close.wav,Lily's friends Lucy and Tommy came early to help her get ready,"Lily's friends, Lucy and Tommy, came early to help her get ready."
processed_audio/annotated_sentence_segments/uid_ejZWulX03uRlAA3C5VqYK6jKNYs1_sid_jGy3WfcxdVQLXa94QWkg_1741212613_195800558_sentence_segment_close.wav,They laughed loudly as they blew up more balloons,They laughed loudly as they blew up more balloons.
processed_audio/annotated_sentence_segments/uid_ejZWulX03uRlAA3C5VqYK6jKNYs1_sid_jGy3WfcxdVQLXa94QWkg_1741212613_195800559_sentence_segment_close.wav,Then When the other friends began to arrive the yard was filled with giggles and chatter,"When the other friends began to arrive, the yard was filled with giggles and chatter."
processed_audio/annotated_sentence_segments/uid_ejZWulX03uRlAA3C5VqYK6jKNYs1_sid_jGy3WfcxdVQLXa94QWkg_1741212613_195800560_sentence_segment_close.wav,The games began quickly,The games began quickly.
processed_audio/annotated_sentence_segments/uid_ejZWulX03uRlAA3C5VqYK6jKNYs1_sid_jGy3WfcxdVQLXa94QWkg_1741212613_195800561_sentence_segment_close.wav,First they played a game of Pin the Seed on the Watermelon,"First, they played a game of 'Pin the Seed on the Watermelon.'"
processed_audio/annotated_sentence_segments/uid_ejZWulX03uRlAA3C5VqYK6jKNYs1_sid_jGy3WfcxdVQLXa94QWkg_1741212613_195800562_sentence_segment_close.wav,Everyone took turns trying to place the paper seeds laughing as they wore the blindfolds clumsily,"Everyone took turns trying to place the paper seeds, laughing as they wore their blindfolds clumsily."
processed_audio/annotated_sentence_segments/uid_ejZWulX03uRlAA3C5VqYK6jKNYs1_sid_jGy3WfcxdVQLXa94QWkg_1741212613_195800563_sentence_segment_close.wav,Next they played musical chairs dancing freely until the music stopped,"Next, they played musical chairs, dancing freely until the music stopped."
processed_audio/annotated_sentence_segments/uid_ejZWulX03uRlAA3C5VqYK6jKNYs1_sid_jGy3WfcxdVQLXa94QWkg_1741212613_195800564_sentence_segment_close.wav,Later it was time for watermelon cake,"Later, it was time for watermelon cake."
processed_audio/annotated_sentence_segments/uid_ejZWulX03uRlAA3C5VqYK6jKNYs1_sid_jGy3WfcxdVQLXa94QWkg_1741212613_195800565_sentence_segment_close.wav,Lily's mom brought out the cake shaped like a giant watermelon,Lily's mom brought out a cake shaped just like a giant watermelon.
processed_audio/annotated_sentence_segments/uid_ejZWulX03uRlAA3C5VqYK6jKNYs1_sid_jGy3WfcxdVQLXa94QWkg_1741212613_195800566_sentence_segment_close.wav,Everyone sang the happy birthday song cheerfully and Lily made a wish before blowing out the candles,"Everyone sang the birthday song cheerfully, and Lily made a big wish before blowing out the candles."
processed_audio/annotated_sentence_segments/uid_ejZWulX03uRlAA3C5VqYK6jKNYs1_sid_jGy3WfcxdVQLXa94QWkg_1741212613_195800567_sentence_segment_close.wav,As the sun began to set Lily and her friends sat quietly on the grass watching the sky turn shades of pink and orange,"As the sun began to set, Lily and her friends sat quietly on the grass, watching the sky turn shades of pink and orange."
processed_audio/annotated_sentence_segments/uid_ejZWulX03uRlAA3C5VqYK6jKNYs1_sid_jGy3WfcxdVQLXa94QWkg_1741212613_195800568_sentence_segment_close.wav,They talked about their favorite part of the day,They talked about their favorite part of the day.
processed_audio/annotated_sentence_segments/uid_ejZWulX03uRlAA3C5VqYK6jKNYs1_sid_jGy3WfcxdVQLXa94QWkg_1741212613_195800569_sentence_segment_close.wav,Lucy loves the watermelon keɪp while Tommy enjoyed playing the games,"Lucy loved the watermelon cake, while Tommy enjoyed playing the games."
processed_audio/annotated_sentence_segments/uid_ejZWulX03uRlAA3C5VqYK6jKNYs1_sid_jGy3WfcxdVQLXa94QWkg_1741212613_195800570_sentence_segment_close.wav,As the party came to an end Lily thanked her friend for coming,"As the party came to an end, Lily thanked her friends for coming."
processed_audio/annotated_sentence_segments/uid_ejZWulX03uRlAA3C5VqYK6jKNYs1_sid_jGy3WfcxdVQLXa94QWkg_1741212613_195800571_sentence_segment_close.wav,They hugged tightly promise to play together soon,"They hugged tightly, promising to play together soon."
processed_audio/annotated_sentence_segments/uid_ejZWulX03uRlAA3C5VqYK6jKNYs1_sid_jGy3WfcxdVQLXa94QWkg_1741212613_195800572_sentence_segment_close.wav,The watermelon birthday party was a wonderful success and Lily went to bed that night with ə: big smile on her face dreaming about the fun she'd had with her friends,"The watermelon birthday party was a wonderful success, and Lily went to bed that night with a big smile on her face, dreaming about all the fun she'd had with her friends."
processed_audio/annotated_sentence_segments/uid_CjlD9aGvoSfMhsnUwRIQlMr4IFp1_sid_DVtfSCJyJu3nQjtuoanM_1741661150_195800573_sentence_segment_close.wav,Mario can run fast,Mario can run fast.
processed_audio/annotated_sentence_segments/uid_CjlD9aGvoSfMhsnUwRIQlMr4IFp1_sid_DVtfSCJyJu3nQjtuoanM_1741661150_195800574_sentence_segment_close.wav,He wins the cup in the sun,He wins the cup in the sun.
processed_audio/annotated_sentence_segments/uid_CjlD9aGvoSfMhsnUwRIQlMr4IFp1_sid_DVtfSCJyJu3nQjtuoanM_1741661150_195800575_sentence_segment_close.wav,But then he must jump over mud,"But then, he must jump over mud."
processed_audio/annotated_sentence_segments/uid_CjlD9aGvoSfMhsnUwRIQlMr4IFp1_sid_DVtfSCJyJu3nQjtuoanM_1741661150_195800576_sentence_segment_close.wav,His fun trip will not end,His fun trip will not end.
processed_audio/annotated_sentence_segments/uid_CjlD9aGvoSfMhsnUwRIQlMr4IFp1_sid_DVtfSCJyJu3nQjtuoanM_1741661150_195800577_sentence_segment_close.wav,Mario runs jumps and gets the cup,"Mario runs, jumps, and gets the cup."
processed_audio/annotated_sentence_segments/uid_CjlD9aGvoSfMhsnUwRIQlMr4IFp1_sid_DVtfSCJyJu3nQjtuoanM_1741661150_195800578_sentence_segment_close.wav,Everyone is glad,Everyone is glad.
processed_audio/annotated_sentence_segments/uid_mHWscHBXcoabM7fdw88AliGuPWw1_sid_oXQeJ78zBQRTcUylPSUq_1741174732_195800579_sentence_segment_close.wav,In a magical land a junokɔn named Stell glute thought a t|ɔl h.hɔl,"In a magical land, a unicorn named Stell galloped through a tall hall."
processed_audio/annotated_sentence_segments/uid_mHWscHBXcoabM7fdw88AliGuPWw1_sid_oXQeJ78zBQRTcUylPSUq_1741174732_195800580_sentence_segment_close.wav,And She was bɛst the bɛst detective and could s:love s:love s:elvuh.elv any call,Stell was the best detective and could solve any call.
processed_audio/annotated_sentence_segments/uid_mHWscHBXcoabM7fdw88AliGuPWw1_sid_oXQeJ78zBQRTcUylPSUq_1741174732_195800581_sentence_segment_close.wav,One day s:|tɛl got the eɪ got a call about a lost doll,"One day, Stell got a call about a lost doll."
processed_audio/annotated_sentence_segments/uid_CjlD9aGvoSfMhsnUwRIQlMr4IFp1_sid_QcXsX1SJo3pZJaO8Ox6u_1742180382_195800582_sentence_segment_close.wav,Godzilla met a big pig,Godzilla met a big pig.
processed_audio/annotated_sentence_segments/uid_CjlD9aGvoSfMhsnUwRIQlMr4IFp1_sid_QcXsX1SJo3pZJaO8Ox6u_1742180382_195800583_sentence_segment_close.wav,The pig sat on a log,The pig sat on a log.
processed_audio/annotated_sentence_segments/uid_CjlD9aGvoSfMhsnUwRIQlMr4IFp1_sid_QcXsX1SJo3pZJaO8Ox6u_1742180382_195800584_sentence_segment_close.wav,Sit with me said the pig,"""Sit with me,"" said the pig."
processed_audio/annotated_sentence_segments/uid_CjlD9aGvoSfMhsnUwRIQlMr4IFp1_sid_QcXsX1SJo3pZJaO8Ox6u_1742180382_195800585_sentence_segment_close.wav,Godzilla did sit,Godzilla did sit.
processed_audio/annotated_sentence_segments/uid_CjlD9aGvoSfMhsnUwRIQlMr4IFp1_sid_QcXsX1SJo3pZJaO8Ox6u_1742180382_195800586_sentence_segment_close.wav,A red fox ran to them,A red fox ran to them.
processed_audio/annotated_sentence_segments/uid_CjlD9aGvoSfMhsnUwRIQlMr4IFp1_sid_QcXsX1SJo3pZJaO8Ox6u_1742180382_195800587_sentence_segment_close.wav,Can I sit asked the fox,"""Can I sit?"" asked the fox."
processed_audio/annotated_sentence_segments/uid_CjlD9aGvoSfMhsnUwRIQlMr4IFp1_sid_QcXsX1SJo3pZJaO8Ox6u_1742180382_195800588_sentence_segment_close.wav,Godzilla the pig and the fox were glad,"Godzilla, the pig, and the fox were glad."
processed_audio/annotated_sentence_segments/uid_CjlD9aGvoSfMhsnUwRIQlMr4IFp1_sid_QcXsX1SJo3pZJaO8Ox6u_1742180382_195800589_sentence_segment_close.wav,They s:at and had fun in the sun,They sat and had fun in the sun.
processed_audio/annotated_sentence_segments/uid_CjlD9aGvoSfMhsnUwRIQlMr4IFp1_sid_QcXsX1SJo3pZJaO8Ox6u_1742180382_195800590_sentence_segment_close.wav,ðɛn: Godzilla had to go,"Then, Godzilla had to go."
processed_audio/annotated_sentence_segments/uid_CjlD9aGvoSfMhsnUwRIQlMr4IFp1_sid_QcXsX1SJo3pZJaO8Ox6u_1742180382_195800591_sentence_segment_close.wav,Bye said the pig and fox,"""Bye,"" said the pig and fox."
processed_audio/annotated_sentence_segments/uid_CjlD9aGvoSfMhsnUwRIQlMr4IFp1_sid_QcXsX1SJo3pZJaO8Ox6u_1742180382_195800592_sentence_segment_close.wav,Godzilla /wuh:/ waved and ran far,Godzilla waved and ran far.
processed_audio/annotated_sentence_segments/uid_CjlD9aGvoSfMhsnUwRIQlMr4IFp1_sid_QcXsX1SJo3pZJaO8Ox6u_1742180382_195800593_sentence_segment_close.wav,It was a fun day for all,It was a fun day for all.
processed_audio/annotated_sentence_segments/uid_l10DBTU0vaSPzKuDElOBDPPpe2H3_sid_FiHLIt9wxFP1gibLS6Ng_1742249143_195800594_sentence_segment_close.wav,In a lush greens forest there lived a family of red pandas,"In a lush, green forest, there lived a family of red pandas."
processed_audio/annotated_sentence_segments/uid_l10DBTU0vaSPzKuDElOBDPPpe2H3_sid_FiHLIt9wxFP1gibLS6Ng_1742249143_195800595_sentence_segment_close.wav,Among them were two baby red pandas named Fuzzy and Cozy,Among them were two baby red pandas named Fuzzy and Cozy.
processed_audio/annotated_sentence_segments/uid_l10DBTU0vaSPzKuDElOBDPPpe2H3_sid_FiHLIt9wxFP1gibLS6Ng_1742249143_195800596_sentence_segment_close.wav,They love to explore the forest using their little paws to climb trees and sniff around for tasty bamboo snacks,"They loved to explore the forest, using their little paws to climb trees and sniff around for tasty bamboo snacks."
processed_audio/annotated_sentence_segments/uid_l10DBTU0vaSPzKuDElOBDPPpe2H3_sid_FiHLIt9wxFP1gibLS6Ng_1742249143_195800597_sentence_segment_close.wav,One sunny day Fuzzy and Cozy decided to have an adventure,"One sunny day, Fuzzy and Cozy decided to have an adventure."
processed_audio/annotated_sentence_segments/uid_l10DBTU0vaSPzKuDElOBDPPpe2H3_sid_FiHLIt9wxFP1gibLS6Ng_1742249143_195800598_sentence_segment_close.wav,They playfully tumbled down a gentle hill giggling as they went,"They playfully tumbled down a gentle hill, giggling as they went."
processed_audio/annotated_sentence_segments/uid_l10DBTU0vaSPzKuDElOBDPPpe2H3_sid_FiHLIt9wxFP1gibLS6Ng_1742249143_195800599_sentence_segment_close.wav,Fuzzy noticed a patch of bright flowers and said Look Cozy,"Fuzzy noticed a patch of bright flowers and said, ""Look, Cozy!"
processed_audio/annotated_sentence_segments/uid_l10DBTU0vaSPzKuDElOBDPPpe2H3_sid_FiHLIt9wxFP1gibLS6Ng_1742249143_195800600_sentence_segment_close.wav,Let's pick these flowers and a surprise ænd səɹpɹaɪz Mama with these wɪθ a beautiful bouquet,"Let's pick these flowers and surprise Mama with a beautiful bouquet."""
processed_audio/annotated_sentence_segments/uid_l10DBTU0vaSPzKuDElOBDPPpe2H3_sid_FiHLIt9wxFP1gibLS6Ng_1742249143_195800601_sentence_segment_close.wav,Cozy nodded excitedly and they carefully gathered a handful of blossoms,"Cozy nodded excitedly, and they carefully gathered a handful of blossoms."
processed_audio/annotated_sentence_segments/uid_l10DBTU0vaSPzKuDElOBDPPpe2H3_sid_FiHLIt9wxFP1gibLS6Ng_1742249143_195800602_sentence_segment_close.wav,As they returned home the baby red pandas saw a wise old owl perched on a branch,"As they returned home, the baby red pandas saw a wise old owl perched on a branch."
processed_audio/annotated_sentence_segments/uid_l10DBTU0vaSPzKuDElOBDPPpe2H3_sid_FiHLIt9wxFP1gibLS6Ng_1742249143_195800603_sentence_segment_close.wav,Hello little ones the owl hooted,"""Hello, little ones,"" the owl hooted."
processed_audio/annotated_sentence_segments/uid_l10DBTU0vaSPzKuDElOBDPPpe2H3_sid_FiHLIt9wxFP1gibLS6Ng_1742249143_195800604_sentence_segment_close.wav,Be careful with your bouquet,"""Be careful with your bouquet."
processed_audio/annotated_sentence_segments/uid_l10DBTU0vaSPzKuDElOBDPPpe2H3_sid_FiHLIt9wxFP1gibLS6Ng_1742249143_195800606_sentence_segment_close.wav,Fuzzy and Cozy thanked the owl and held the flowers tightly,Fuzzy and Cozy thanked the owl and held the flowers tightly.
processed_audio/annotated_sentence_segments/uid_l10DBTU0vaSPzKuDElOBDPPpe2H3_sid_FiHLIt9wxFP1gibLS6Ng_1742249143_195800607_sentence_segment_close.wav,When they reached the tree they were ðeɪ proudly presented the bu.bouquet to their mother,"When they reached their tree, they proudly presented the bouquet to their mother."
processed_audio/annotated_sentence_segments/uid_l10DBTU0vaSPzKuDElOBDPPpe2H3_sid_FiHLIt9wxFP1gibLS6Ng_1742249143_195800608_sentence_segment_close.wav,She smiled warmly and said What a lovely surprise,"She smiled warmly and said, ""What a lovely surprise!"
processed_audio/annotated_sentence_segments/uid_l10DBTU0vaSPzKuDElOBDPPpe2H3_sid_FiHLIt9wxFP1gibLS6Ng_1742249143_195800609_sentence_segment_close.wav,You both are thoughtful n kind,"You both are thoughtful and kind."""
processed_audio/annotated_sentence_segments/uid_l10DBTU0vaSPzKuDElOBDPPpe2H3_sid_FiHLIt9wxFP1gibLS6Ng_1742249143_195800610_sentence_segment_close.wav,Fuzzy and Cozy beamed with happiness knowing their little aventure had brought joy to their family,"Fuzzy and Cozy beamed with happiness, knowing their little adventure had brought joy to their family."
processed_audio/annotated_sentence_segments/uid_ukKF4sCANzgmD16fyjMyO7VwR2A2_sid_3O9WRfkAoyuKpN0iRre5_1741315925_195800611_sentence_segment_close.wav,In the lush green ɛkspænɪʃ of a the jungle a small band of gorillas was at play,"In the lush, green expanse of the jungle, a small band of gorillas was at play."
processed_audio/annotated_sentence_segments/uid_ukKF4sCANzgmD16fyjMyO7VwR2A2_sid_3O9WRfkAoyuKpN0iRre5_1741315925_195800612_sentence_segment_close.wav,They were ðə: mightiest creatures in the wild pɹeɪdɪs praydice paradise but today they weren't f:ɪɹd kings today they were playing playful friends enjoyed enjoying a game of tag,"They were the mightiest creatures in this wild paradise, but today they weren't feared kings—today, they were playful friends enjoying a game of tag."
processed_audio/annotated_sentence_segments/uid_ukKF4sCANzgmD16fyjMyO7VwR2A2_sid_3O9WRfkAoyuKpN0iRre5_1741315925_195800613_sentence_segment_close.wav,And the center of the group was a young gorilla named Jake,At the center of the group was a young gorilla named Jake.
processed_audio/annotated_sentence_segments/uid_ukKF4sCANzgmD16fyjMyO7VwR2A2_sid_3O9WRfkAoyuKpN0iRre5_1741315925_195800614_sentence_segment_close.wav,Jake was full of energy and lədəɹ always ready to take on a challenge,"Jake was full of energy and laughter, always ready to take on a challenge."
processed_audio/annotated_sentence_segments/uid_ukKF4sCANzgmD16fyjMyO7VwR2A2_sid_3O9WRfkAoyuKpN0iRre5_1741315925_195800615_sentence_segment_close.wav,He love games and tag was his favorite,"He loved games, and tag was his favorite."
processed_audio/annotated_sentence_segments/uid_ukKF4sCANzgmD16fyjMyO7VwR2A2_sid_3O9WRfkAoyuKpN0iRre5_1741315925_195800616_sentence_segment_close.wav,He was swift and clear able to dodge and wave around the thick trees with ease,"He was swift and clever, able to dodge and weave around the thick trees with ease."
processed_audio/annotated_sentence_segments/uid_ukKF4sCANzgmD16fyjMyO7VwR2A2_sid_3O9WRfkAoyuKpN0iRre5_1741315925_195800617_sentence_segment_close.wav,Jake called out to his friends Who wants to play tag,"Jake called out to his friends, ""Who wants to play tag?"
processed_audio/annotated_sentence_segments/uid_ukKF4sCANzgmD16fyjMyO7VwR2A2_sid_3O9WRfkAoyuKpN0iRre5_1741315925_195800618_sentence_segment_close.wav,I'll be it first,"I'll be 'it' first!"""
processed_audio/annotated_sentence_segments/uid_ukKF4sCANzgmD16fyjMyO7VwR2A2_sid_3O9WRfkAoyuKpN0iRre5_1741315925_195800619_sentence_segment_close.wav,The gori off ðə other gorillas cheered and quickly agreed,The other gorillas cheered and quickly agreed.
processed_audio/annotated_sentence_segments/uid_ukKF4sCANzgmD16fyjMyO7VwR2A2_sid_3O9WRfkAoyuKpN0iRre5_1741315925_195800620_sentence_segment_close.wav,Among the them was Nate Jake best friend Jake's  bɛs  fɹɛnd,"Among them was Nate, Jake's best friend."
processed_audio/annotated_sentence_segments/uid_ukKF4sCANzgmD16fyjMyO7VwR2A2_sid_3O9WRfkAoyuKpN0iRre5_1741315925_195800621_sentence_segment_close.wav,Nate was ɑsoʊl up for a game though he wasn't as fæs as Jake,"Nate was always up for a game, though he wasn't as fast as Jake."
processed_audio/annotated_sentence_segments/uid_ukKF4sCANzgmD16fyjMyO7VwR2A2_sid_3O9WRfkAoyuKpN0iRre5_1741315925_195800622_sentence_segment_close.wav,He love to θɹɑ uhs thrill of the chase and the lədəɹ it brought,He loved the thrill of the chase and the laughter it brought.
processed_audio/annotated_sentence_segments/uid_ukKF4sCANzgmD16fyjMyO7VwR2A2_sid_3O9WRfkAoyuKpN0iRre5_1741315925_195800623_sentence_segment_close.wav,The junkle f ðə jungle filled with the sound of jumping feet and dʒ:ɔj:əs cries the gorillas n.darted in and out of the f:foluh fuelage,The jungle filled with the sound of thumping feet and joyous cries as the gorillas darted in and out of the foliage.
processed_audio/annotated_sentence_segments/uid_ukKF4sCANzgmD16fyjMyO7VwR2A2_sid_3O9WRfkAoyuKpN0iRre5_1741315925_195800624_sentence_segment_close.wav,Nate chased after Jake with der|t deternm|mination,Nate chased after Jake with determination.
processed_audio/annotated_sentence_segments/uid_ukKF4sCANzgmD16fyjMyO7VwR2A2_sid_3O9WRfkAoyuKpN0iRre5_1741315925_195800625_sentence_segment_close.wav,Nate shouted his voice a blumɪŋ echo in ə forest,"Nate shouted, his voice a booming echo in the forest."
processed_audio/annotated_sentence_segments/uid_ukKF4sCANzgmD16fyjMyO7VwR2A2_sid_3O9WRfkAoyuKpN0iRre5_1741315925_195800626_sentence_segment_close.wav,Jake spɐɪld and dæst away his long arms swinging him uhfort|less|ly through the vines,"Jake smiled and dashed away, his long arms swinging him effortlessly through the vines."
processed_audio/annotated_sentence_segments/uid_ukKF4sCANzgmD16fyjMyO7VwR2A2_sid_3O9WRfkAoyuKpN0iRre5_1741315925_195800627_sentence_segment_close.wav,Yet Nate was smart,"Yet, Nate was smart."
processed_audio/annotated_sentence_segments/uid_ukKF4sCANzgmD16fyjMyO7VwR2A2_sid_3O9WRfkAoyuKpN0iRre5_1741315925_195800628_sentence_segment_close.wav,He knew the jungle pæs well and took a kwɪt chance to cut Jake off,"He knew the jungle paths well, and took a quick chance to cut Jake off."
processed_audio/annotated_sentence_segments/uid_ukKF4sCANzgmD16fyjMyO7VwR2A2_sid_3O9WRfkAoyuKpN0iRre5_1741315925_195800629_sentence_segment_close.wav,Suddenly Jake found himself cornered by the mighty Nate,"Suddenly, Jake found himself cornered by the mighty Nate."
processed_audio/annotated_sentence_segments/uid_ukKF4sCANzgmD16fyjMyO7VwR2A2_sid_3O9WRfkAoyuKpN0iRre5_1741315925_195800630_sentence_segment_close.wav,With a playful roar Nate tagged Jake,"With a playful roar, Nate tagged Jake."
processed_audio/annotated_sentence_segments/uid_ukKF4sCANzgmD16fyjMyO7VwR2A2_sid_3O9WRfkAoyuKpN0iRre5_1741315925_195800631_sentence_segment_close.wav,Got you Jake Nate əks.əkskleɪmd his eyes bright with victory,"""Got you, Jake!"" Nate exclaimed, his eyes bright with victory."
processed_audio/annotated_sentence_segments/uid_ukKF4sCANzgmD16fyjMyO7VwR2A2_sid_3O9WRfkAoyuKpN0iRre5_1741315925_195800632_sentence_segment_close.wav,Jake laughed heartl hɐɹ|təl|i and said You are the new champion Nate,"Jake laughed heartily and said, ""You are the new champion, Nate!"
processed_audio/annotated_sentence_segments/uid_ukKF4sCANzgmD16fyjMyO7VwR2A2_sid_3O9WRfkAoyuKpN0iRre5_1741315925_195800633_sentence_segment_close.wav,lɛs play again,"Let's play again!"""
processed_audio/annotated_sentence_segments/uid_ukKF4sCANzgmD16fyjMyO7VwR2A2_sid_3O9WRfkAoyuKpN0iRre5_1741315925_195800634_sentence_segment_close.wav,The other gorillas clapped their hands in joy eager for mɐɹ fun,"The other gorillas clapped their hands in joy, eager for more fun."
processed_audio/annotated_sentence_segments/uid_ukKF4sCANzgmD16fyjMyO7VwR2A2_sid_3O9WRfkAoyuKpN0iRre5_1741315925_195800635_sentence_segment_close.wav,As the sun dipped low panting the sxɐɪ with shades of ɔndʒ and pink the gorillas decided ihwas time to rest,"As the sun dipped low, painting the sky with shades of orange and pink, the gorillas decided it was time to rest."
processed_audio/annotated_sentence_segments/uid_ukKF4sCANzgmD16fyjMyO7VwR2A2_sid_3O9WRfkAoyuKpN0iRre5_1741315925_195800636_sentence_segment_close.wav,They gathered ɛn a circle sharing tales of their playful ex|m|pades and dreams of future game,"They gathered in a circle, sharing tales of their playful escapades and dreams of future games."
processed_audio/annotated_sentence_segments/uid_ukKF4sCANzgmD16fyjMyO7VwR2A2_sid_3O9WRfkAoyuKpN0iRre5_1741315925_195800637_sentence_segment_close.wav,In that magical dʒʌndəl the day ended with smiles proving once more that even in the wild friendship and play create s ɛ s a special bɑn that stands the tɛs of time,"In that magical jungle, the day ended with smiles, proving once more that even in the wild, friendship and play create a special bond that stands the test of time."
processed_audio/annotated_sentence_segments/uid_I5PkY0CN4APYEiJFCl7sORsrQxu2_sid_u73KbIfuyhgqDxJR2ONu_1743017516_195800638_sentence_segment_close.wav,A big red dragon hid in a dim cave,A big red dragon hid in a dim cave.
processed_audio/annotated_sentence_segments/uid_I5PkY0CN4APYEiJFCl7sORsrQxu2_sid_u73KbIfuyhgqDxJR2ONu_1743017516_195800639_sentence_segment_close.wav,At had a tan flah flag and a muh mug,It had a tan flag and a mug.
processed_audio/annotated_sentence_segments/uid_I5PkY0CN4APYEiJFCl7sORsrQxu2_sid_u73KbIfuyhgqDxJR2ONu_1743017516_195800640_sentence_segment_close.wav,The dragon did a jig and had fun,The dragon did a jig and had fun.
processed_audio/annotated_sentence_segments/uid_I5PkY0CN4APYEiJFCl7sORsrQxu2_sid_u73KbIfuyhgqDxJR2ONu_1743017516_195800641_sentence_segment_close.wav,A cat A fæ|t cat keh came too,"A fat cat came, too."
processed_audio/annotated_sentence_segments/uid_I5PkY0CN4APYEiJFCl7sORsrQxu2_sid_u73KbIfuyhgqDxJR2ONu_1743017516_195800642_sentence_segment_close.wav,The cat sah sat and hid,The cat sat and hid.
processed_audio/annotated_sentence_segments/uid_I5PkY0CN4APYEiJFCl7sORsrQxu2_sid_u73KbIfuyhgqDxJR2ONu_1743017516_195800643_sentence_segment_close.wav,The dragon saw the k cat and said Hop on,"The dragon saw the cat and said, ""Hop on!"""
processed_audio/annotated_sentence_segments/uid_I5PkY0CN4APYEiJFCl7sORsrQxu2_sid_u73KbIfuyhgqDxJR2ONu_1743017516_195800644_sentence_segment_close.wav,The cat and the dragon ran too the sun,The cat and the dragon ran to the sun.
processed_audio/annotated_sentence_segments/uid_I5PkY0CN4APYEiJFCl7sORsrQxu2_sid_u73KbIfuyhgqDxJR2ONu_1743017516_195800645_sentence_segment_close.wav,Soon they got hot,"Soon, they got hot."
processed_audio/annotated_sentence_segments/uid_I5PkY0CN4APYEiJFCl7sORsrQxu2_sid_u73KbIfuyhgqDxJR2ONu_1743017516_195800646_sentence_segment_close.wav,They s saw sat guh glad and calm by the sun,"They sat, glad and calm, by the sun."
processed_audio/annotated_sentence_segments/uid_I5PkY0CN4APYEiJFCl7sORsrQxu2_sid_u73KbIfuyhgqDxJR2ONu_1743017516_195800647_sentence_segment_close.wav,At It was the best end,It was the best end.
processed_audio/annotated_sentence_segments/uid_EOwDjm2STZfXSXQJzWXadFRGRzn1_sid_xZRepD4163UebtWqte7m_1744243968_195800648_sentence_segment_close.wav,In the middle əu a try your best deow meɪdaʊ kay day deɪn saw eɪ apple tree,"In the middle of a meadow, Dean saw an apple tree."
processed_audio/annotated_sentence_segments/uid_EOwDjm2STZfXSXQJzWXadFRGRzn1_sid_xZRepD4163UebtWqte7m_1744243968_195800649_sentence_segment_close.wav,As he r:|ay|ch|t rate rate reached for the fruit a frog hopped out,"As he reached for the fruit, a frog hopped out."
processed_audio/annotated_sentence_segments/uid_EOwDjm2STZfXSXQJzWXadFRGRzn1_sid_xZRepD4163UebtWqte7m_1744243968_195800650_sentence_segment_close.wav,Dean was glad it was not a snack,Dean was glad it was not a snake!
processed_audio/annotated_sentence_segments/uid_EOwDjm2STZfXSXQJzWXadFRGRzn1_sid_xZRepD4163UebtWqte7m_1744243968_195800651_sentence_segment_close.wav,He took eɪ apple and t are with a t ɡɹ|ɪn grin,He took an apple and ate with a grin.
processed_audio/annotated_sentence_segments/uid_EOwDjm2STZfXSXQJzWXadFRGRzn1_sid_xZRepD4163UebtWqte7m_1744243968_195800652_sentence_segment_close.wav,After learning back on the grass he closed his eyes,"After leaning back on the grass, he closed his eyes."
processed_audio/annotated_sentence_segments/uid_EOwDjm2STZfXSXQJzWXadFRGRzn1_sid_xZRepD4163UebtWqte7m_1744243968_195800653_sentence_segment_close.wav,A gl:. gə|eh|n|t|l gealed guilt,A gentle breeze brushed his cheek.
processed_audio/annotated_sentence_segments/uid_EOwDjm2STZfXSXQJzWXadFRGRzn1_sid_xZRepD4163UebtWqte7m_1744243968_195800654_sentence_segment_close.wav,he closed his eyes,"After leaning back on the grass, he closed his eyes."
processed_audio/annotated_sentence_segments/uid_EOwDjm2STZfXSXQJzWXadFRGRzn1_sid_xZRepD4163UebtWqte7m_1744243968_195800655_sentence_segment_close.wav,A gland breeze bush he cheeked,A gentle breeze brushed his cheek.
processed_audio/annotated_sentence_segments/uid_EOwDjm2STZfXSXQJzWXadFRGRzn1_sid_xZRepD4163UebtWqte7m_1744243968_195800656_sentence_segment_close.wav,He took a deep breath syowled to  of the day he'd ɹ:ɪtɜɹn,"He took a deep breath, smiled, and thought of the day he'd return."
processed_audio/annotated_sentence_segments/uid_ihIoefKsGwTDai7fGs9x3DyNvju2_sid_10xCCcbdjIomuhvXNQHm_1743725869_195800657_sentence_segment_close.wav,Mark had a wɐ:bəli tooth,Mark had a wobbly tooth.
processed_audio/annotated_sentence_segments/uid_ihIoefKsGwTDai7fGs9x3DyNvju2_sid_10xCCcbdjIomuhvXNQHm_1743725869_195800658_sentence_segment_close.wav,It made h. əm his smile look funny,It made his smile look funny.
processed_audio/annotated_sentence_segments/uid_ihIoefKsGwTDai7fGs9x3DyNvju2_sid_10xCCcbdjIomuhvXNQHm_1743725869_195800659_sentence_segment_close.wav,His mʌlɪ said Don't worry Mark Soon it will fall out,"His mother said, ""Don't worry, Mark. Soon it will fall out."""
processed_audio/annotated_sentence_segments/uid_ihIoefKsGwTDai7fGs9x3DyNvju2_sid_10xCCcbdjIomuhvXNQHm_1743725869_195800660_sentence_segment_close.wav,Mark was excited and a bit skæɹ,Mark was excited and a bit scared.
processed_audio/annotated_sentence_segments/uid_ihIoefKsGwTDai7fGs9x3DyNvju2_sid_10xCCcbdjIomuhvXNQHm_1743725869_195800661_sentence_segment_close.wav,At school he told his fɹɛndz ə C|a:r|t Cartely C:alr Carter and his əb.əbɐʊt his tooth,"At school, he told his friend, Carter, about the tooth."
processed_audio/annotated_sentence_segments/uid_ihIoefKsGwTDai7fGs9x3DyNvju2_sid_10xCCcbdjIomuhvXNQHm_1743725869_195800663_sentence_segment_close.wav,ʌm That made Mark feel better,That made Mark feel better.
processed_audio/annotated_sentence_segments/uid_ihIoefKsGwTDai7fGs9x3DyNvju2_sid_10xCCcbdjIomuhvXNQHm_1743725869_195800664_sentence_segment_close.wav,ʌm During ar ʌm During art class he felt something in his mouth,"During art class, he felt something in his mouth."
processed_audio/annotated_sentence_segments/uid_ihIoefKsGwTDai7fGs9x3DyNvju2_sid_10xCCcbdjIomuhvXNQHm_1743725869_195800665_sentence_segment_close.wav,H|ah həʔɑ My tooth came out he ɪkskpleɪmd,"""Hurrah! My tooth came out!"" he exclaimed."
processed_audio/annotated_sentence_segments/uid_ihIoefKsGwTDai7fGs9x3DyNvju2_sid_10xCCcbdjIomuhvXNQHm_1743725869_195800666_sentence_segment_close.wav,His teacher Mrs. ʌm pɔɹ|təɹ Mrs. Porter smiled and said he could go to the bæθuɹoʊ,"His teacher, Mrs. Porter, smiled and said he could go to the bathroom."
processed_audio/annotated_sentence_segments/uid_ihIoefKsGwTDai7fGs9x3DyNvju2_sid_10xCCcbdjIomuhvXNQHm_1743725869_195800667_sentence_segment_close.wav,Mark looked in  the mirror he saw a grih gap there is too there there has tooth where has his tooth been,Mark looked in the mirror and saw a gap where his tooth had been.
processed_audio/annotated_sentence_segments/uid_ihIoefKsGwTDai7fGs9x3DyNvju2_sid_10xCCcbdjIomuhvXNQHm_1743725869_195800668_sentence_segment_close.wav,Miss was ɡ.|gɔn ,It was gone forever.
processed_audio/annotated_sentence_segments/uid_d4lLmJzVbJaLpyCuafResXOry3t2_sid_347SDDo7x4Ng9F7qLswv_1741968394_195800669_sentence_segment_close.wav,Jade the unicorn lived on a lush green hill,"Jade the unicorn lived on a lush, green hill."
processed_audio/annotated_sentence_segments/uid_d4lLmJzVbJaLpyCuafResXOry3t2_sid_347SDDo7x4Ng9F7qLswv_1741968394_195800670_sentence_segment_close.wav,She had a white mane that shone like a bright star,She had a white mane that shone like a bright star.
processed_audio/annotated_sentence_segments/uid_d4lLmJzVbJaLpyCuafResXOry3t2_sid_347SDDo7x4Ng9F7qLswv_1741968394_195800671_sentence_segment_close.wav,One fine day Jade decided to ride her bike to explore the vast wæl land,"One fine day, Jade decided to ride her bike to explore the vast, wide land."
processed_audio/annotated_sentence_segments/uid_d4lLmJzVbJaLpyCuafResXOry3t2_sid_347SDDo7x4Ng9F7qLswv_1741968394_195800672_sentence_segment_close.wav,As she rode she saw a lake shunning shutting under the sun,"As she rode, she saw a lake shining under the sun."
processed_audio/annotated_sentence_segments/uid_d4lLmJzVbJaLpyCuafResXOry3t2_sid_347SDDo7x4Ng9F7qLswv_1741968394_195800673_sentence_segment_close.wav,hæp|i Happy and full of glee Jade returned home dreaming of more adventures to take,"Happy and full of glee, Jade returned home, dreaming of more adventures to take."
processed_audio/annotated_sentence_segments/uid_gUfM3yODstSdwltidtEzSlIo0q93_sid_853IyPwR7vltu7WOC7hM_1743376400_195800674_sentence_segment_close.wav,Kate had a cup pet maʊf meɪmd Mike,Kate had a cute pet mouse named Mike.
processed_audio/annotated_sentence_segments/uid_gUfM3yODstSdwltidtEzSlIo0q93_sid_853IyPwR7vltu7WOC7hM_1743376400_195800675_sentence_segment_close.wav,Mike laɪvd in a naɪf keɪŋ nɑɹ the big window,Mike lived in a nice cage near the big window.
processed_audio/annotated_sentence_segments/uid_gUfM3yODstSdwltidtEzSlIo0q93_sid_853IyPwR7vltu7WOC7hM_1743376400_195800676_sentence_segment_close.wav,One day Kate a|de made a small cake for Mike's irth birthday,"One day, Kate made a small cake for Mike's birthday."
processed_audio/annotated_sentence_segments/uid_gUfM3yODstSdwltidtEzSlIo0q93_sid_853IyPwR7vltu7WOC7hM_1743376400_195800677_sentence_segment_close.wav,She pl|ey|k|t plate played the cake in a  keɪŋk,She placed the cake in the cage.
processed_audio/annotated_sentence_segments/uid_gUfM3yODstSdwltidtEzSlIo0q93_sid_853IyPwR7vltu7WOC7hM_1743376400_195800678_sentence_segment_close.wav,Mike was so happy ænə did a laɪtəl dance,Mike was so happy and did a little dance.
processed_audio/annotated_sentence_segments/uid_gUfM3yODstSdwltidtEzSlIo0q93_sid_853IyPwR7vltu7WOC7hM_1743376400_195800679_sentence_segment_close.wav,Kate smiled and ɡ.|eɪv Mike a l:ɪtəl kɪθ on his nose,Kate smiled and gave Mike a little kiss on his nose.
processed_audio/annotated_sentence_segments/uid_gUfM3yODstSdwltidtEzSlIo0q93_sid_853IyPwR7vltu7WOC7hM_1743376400_195800680_sentence_segment_close.wav,They had a fun day eən ʃɑɹd a Which one I don't know what that Do I skip Do I skip time,They had a fun day and shared a special time.
processed_audio/annotated_sentence_segments/uid_gUfM3yODstSdwltidtEzSlIo0q93_sid_853IyPwR7vltu7WOC7hM_1743376400_195800681_sentence_segment_close.wav,At the  end of the day Mike wɛn to sleep,"At the end of the day, Mike went to sleep."
processed_audio/annotated_sentence_segments/uid_u2hytH2KWIS6ewdShfEZisygqIo2_sid_uT0uMpgfuX83tNaCUSSQ_1741311801_195800682_sentence_segment_close.wav,In a snowy town Max and Lily wanted to try roller skating in the snow,"In a snowy town, Max and Lily wanted to try roller skating in the snow."
processed_audio/annotated_sentence_segments/uid_u2hytH2KWIS6ewdShfEZisygqIo2_sid_uT0uMpgfuX83tNaCUSSQ_1741311801_195800683_sentence_segment_close.wav,Iwas very cold but they were bɹeɪf,"It was very cold, but they were brave."
processed_audio/annotated_sentence_segments/uid_u2hytH2KWIS6ewdShfEZisygqIo2_sid_uT0uMpgfuX83tNaCUSSQ_1741311801_195800684_sentence_segment_close.wav,At first they fell and giggle making funny ʃ.|ʃeɪps in the snow,"At first, they fell and giggled, making funny shapes in the snow."
processed_audio/annotated_sentence_segments/uid_u2hytH2KWIS6ewdShfEZisygqIo2_sid_uT0uMpgfuX83tNaCUSSQ_1741311801_195800685_sentence_segment_close.wav,m|æks rolled to rolled over to Lily and said We need to go faster,"Max rolled over to Lily and said, ""We need to go faster!"""
processed_audio/annotated_sentence_segments/uid_u2hytH2KWIS6ewdShfEZisygqIo2_sid_uT0uMpgfuX83tNaCUSSQ_1741311801_195800686_sentence_segment_close.wav,Lily nodded with a grin,Lily nodded with a grin.
processed_audio/annotated_sentence_segments/uid_u2hytH2KWIS6ewdShfEZisygqIo2_sid_uT0uMpgfuX83tNaCUSSQ_1741311801_195800687_sentence_segment_close.wav,They boʊf pushed off and skated dow aʊn the s|mɔl hill,They both pushed off and skated down the small hill.
processed_audio/annotated_sentence_segments/uid_u2hytH2KWIS6ewdShfEZisygqIo2_sid_uT0uMpgfuX83tNaCUSSQ_1741311801_195800689_sentence_segment_close.wav,Suddenly a dʒɛn|tl snowstorm began,"Suddenly, a gentle snowstorm began."
processed_audio/annotated_sentence_segments/uid_u2hytH2KWIS6ewdShfEZisygqIo2_sid_uT0uMpgfuX83tNaCUSSQ_1741311801_195800690_sentence_segment_close.wav,The world around them turned white and a the kids felt like they were on a snow adventure,"The world around them turned white, and the kids felt like they were on a snowy adventure."
processed_audio/annotated_sentence_segments/uid_u2hytH2KWIS6ewdShfEZisygqIo2_sid_uT0uMpgfuX83tNaCUSSQ_1741311801_195800691_sentence_segment_close.wav,When they finally stopped they looked at each other each other and l|læ:. l|æ:|f|d ænd l:|æ:.,"When they finally stopped, they looked at each other and laughed."
processed_audio/annotated_sentence_segments/uid_u2hytH2KWIS6ewdShfEZisygqIo2_sid_uT0uMpgfuX83tNaCUSSQ_1741311801_195800692_sentence_segment_close.wav,Even then they were wet and chilly the fʌ|n was worth it wɜɹθ ət,"Even though they were wet and chilly, the fun was worth it."
processed_audio/annotated_sentence_segments/uid_u2hytH2KWIS6ewdShfEZisygqIo2_sid_uT0uMpgfuX83tNaCUSSQ_1741311801_195800693_sentence_segment_close.wav,Max smiled and said Let's do it again,"Max smiled and said, ""Let's do it again!"""
processed_audio/annotated_sentence_segments/uid_ovpeape9PZbAq7VLrirwGOYrvsh1_sid_B47w0vhU8iVP2M8bfsQr_1742389444_195800695_sentence_segment_close.wav,A unicorn daɪnəso named far Fern lived in a lush forest,A unicorn dinosaur named Fern lived in a lush forest.
processed_audio/annotated_sentence_segments/uid_ovpeape9PZbAq7VLrirwGOYrvsh1_sid_B47w0vhU8iVP2M8bfsQr_1742389444_195800696_sentence_segment_close.wav,Her horn sparkled brighter than any star,Her horn sparkled brighter than any star.
processed_audio/annotated_sentence_segments/uid_ovpeape9PZbAq7VLrirwGOYrvsh1_sid_B47w0vhU8iVP2M8bfsQr_1742389444_195800697_sentence_segment_close.wav,Fern liked to explore different parts of the land,Fern liked to explore different parts of the land.
processed_audio/annotated_sentence_segments/uid_ovpeape9PZbAq7VLrirwGOYrvsh1_sid_B47w0vhU8iVP2M8bfsQr_1742389444_195800698_sentence_segment_close.wav,One day fifsh she found a hidden garden fid with kʌləɹfəɹ ferns and ripe corn,"One day, she found a hidden garden filled with colorful ferns and ripe corn."
processed_audio/annotated_sentence_segments/uid_ovpeape9PZbAq7VLrirwGOYrvsh1_sid_B47w0vhU8iVP2M8bfsQr_1742389444_195800699_sentence_segment_close.wav,Her heart raced with joy,Her heart raced with joy.
processed_audio/annotated_sentence_segments/uid_ovpeape9PZbAq7VLrirwGOYrvsh1_sid_B47w0vhU8iVP2M8bfsQr_1742389444_195800700_sentence_segment_close.wav,She dance and twirled under the warm sun her kʌləɹfəɹ tail swishing,"She danced and twirled under the warm sun, her colorful tail swishing."
processed_audio/annotated_sentence_segments/uid_ovpeape9PZbAq7VLrirwGOYrvsh1_sid_B47w0vhU8iVP2M8bfsQr_1742389444_195800701_sentence_segment_close.wav,As day turned into night Fern returned to əɹ nɛs tired but happy,"As day turned into night, Fern returned to her nest, tired but happy."
processed_audio/annotated_sentence_segments/uid_ovpeape9PZbAq7VLrirwGOYrvsh1_sid_B47w0vhU8iVP2M8bfsQr_1742389444_195800702_sentence_segment_close.wav,She knew the forest held secrets to uncover,She knew the forest held secrets to uncover.
processed_audio/annotated_sentence_segments/uid_ovpeape9PZbAq7VLrirwGOYrvsh1_sid_B47w0vhU8iVP2M8bfsQr_1742389444_195800703_sentence_segment_close.wav,Each day promised new adventure,Each day promised a new adventure.
processed_audio/annotated_sentence_segments/uid_ovpeape9PZbAq7VLrirwGOYrvsh1_sid_B47w0vhU8iVP2M8bfsQr_1742389444_195800704_sentence_segment_close.wav,Fern kəɹd up under the star dreaming of the of her nɛks big faɪn,"Fern curled up under the stars, dreaming of her next big find."
processed_audio/annotated_sentence_segments/uid_4w6SC0KmlKV4YmJTalgWiZalQHi2_sid_a8SztO9S5jDHFpWqzsw5_1742336384_195800705_sentence_segment_close.wav,Once upon a wʌnt pɔn a time in a quiet town lived a bright kaɪ|t name Spike,"Once upon a time, in a quiet town, lived a bright kite named Spike."
