audio_id	uid	total_duration
195798231	TzE1wYChYkTUAVNeVtZjXuO8cBi2	13.961463414634146
195798232	TzE1wYChYkTUAVNeVtZjXuO8cBi2	15.571219512195118
195798233	TzE1wYChYkTUAVNeVtZjXuO8cBi2	13.325084341463409
195798234	TzE1wYChYkTUAVNeVtZjXuO8cBi2	22.117560975609763
195798235	TzE1wYChYkTUAVNeVtZjXuO8cBi2	17.697917000000018
195798236	TzE1wYChYkTUAVNeVtZjXuO8cBi2	10.215121951219501
195798237	ukKF4sCANzgmD16fyjMyO7VwR2A2	1.7298963414634143
195798238	ukKF4sCANzgmD16fyjMyO7VwR2A2	6.724984664874116
195798239	ukKF4sCANzgmD16fyjMyO7VwR2A2	7.539534288725548
195798240	ukKF4sCANzgmD16fyjMyO7VwR2A2	8.227639019575065
195798241	ukKF4sCANzgmD16fyjMyO7VwR2A2	4.08845895088033
195798242	ukKF4sCANzgmD16fyjMyO7VwR2A2	6.361306160834502
195798243	ukKF4sCANzgmD16fyjMyO7VwR2A2	9.326386890884024
195798244	ukKF4sCANzgmD16fyjMyO7VwR2A2	5.4772445560062195
195798245	ukKF4sCANzgmD16fyjMyO7VwR2A2	7.06842742553318
195798246	ukKF4sCANzgmD16fyjMyO7VwR2A2	10.316030740094767
195798247	ukKF4sCANzgmD16fyjMyO7VwR2A2	16.43587325820741
195798248	ukKF4sCANzgmD16fyjMyO7VwR2A2	4.501007487032027
195798249	ukKF4sCANzgmD16fyjMyO7VwR2A2	1.333610799781951
195798250	ukKF4sCANzgmD16fyjMyO7VwR2A2	8.643097936596604
195798251	ukKF4sCANzgmD16fyjMyO7VwR2A2	3.4396609051727296
195798252	ukKF4sCANzgmD16fyjMyO7VwR2A2	5.461234721503331
195798253	ukKF4sCANzgmD16fyjMyO7VwR2A2	7.47699301229062
195798254	gUfM3yODstSdwltidtEzSlIo0q93	86.59226959012844
195798255	gUfM3yODstSdwltidtEzSlIo0q93	27.076780771982115
195798256	gUfM3yODstSdwltidtEzSlIo0q93	46.74045009082701
195798257	tHP0GvI5hccNGBzYfgE2pkEHXiW2	6.0539059685770225
195798258	tHP0GvI5hccNGBzYfgE2pkEHXiW2	15.0442654156873
195798259	tHP0GvI5hccNGBzYfgE2pkEHXiW2	13.011828217187126
195798260	tHP0GvI5hccNGBzYfgE2pkEHXiW2	12.00140142903286
195798261	tHP0GvI5hccNGBzYfgE2pkEHXiW2	3.8167725438998517
195798262	tHP0GvI5hccNGBzYfgE2pkEHXiW2	15.820428601058332
195798263	tHP0GvI5hccNGBzYfgE2pkEHXiW2	4.551722321152397
195798264	tHP0GvI5hccNGBzYfgE2pkEHXiW2	7.124947352004895
195798265	tHP0GvI5hccNGBzYfgE2pkEHXiW2	123.32695328759849
195798266	H7rAk5StNLc0VysmHcZQZTQFpBx2	4.4391581232313495
195798267	H7rAk5StNLc0VysmHcZQZTQFpBx2	6.45044494474501
195798268	H7rAk5StNLc0VysmHcZQZTQFpBx2	4.3417959990165205
195798269	H7rAk5StNLc0VysmHcZQZTQFpBx2	5.054024007389472
195798270	H7rAk5StNLc0VysmHcZQZTQFpBx2	6.70342419308815
195798271	H7rAk5StNLc0VysmHcZQZTQFpBx2	5.884199460980792
195798272	H7rAk5StNLc0VysmHcZQZTQFpBx2	12.930932257599359
195798273	XmxSYUZAj4dRqSczt2clQkDf31M2	6.078434850395345
195798274	XmxSYUZAj4dRqSczt2clQkDf31M2	7.606458642697698
195798275	XmxSYUZAj4dRqSczt2clQkDf31M2	11.268858240544873
195798276	XmxSYUZAj4dRqSczt2clQkDf31M2	16.4974256985802
195798277	XmxSYUZAj4dRqSczt2clQkDf31M2	22.696474749613287
195798278	XmxSYUZAj4dRqSczt2clQkDf31M2	6.5750765520076015
195798279	XmxSYUZAj4dRqSczt2clQkDf31M2	6.397113860140024
195798280	XmxSYUZAj4dRqSczt2clQkDf31M2	11.448167827666794
195798281	XmxSYUZAj4dRqSczt2clQkDf31M2	16.91714712945506
195798282	XmxSYUZAj4dRqSczt2clQkDf31M2	21.31785720175803
195798283	21Dw9jLeIqWjrAuRHI1RG1qPz853	6.446724100896361
195798284	21Dw9jLeIqWjrAuRHI1RG1qPz853	10.926286239006089
195798285	21Dw9jLeIqWjrAuRHI1RG1qPz853	6.173892199328741
195798286	21Dw9jLeIqWjrAuRHI1RG1qPz853	5.451794470812882
195798287	21Dw9jLeIqWjrAuRHI1RG1qPz853	4.542521415153214
195798288	21Dw9jLeIqWjrAuRHI1RG1qPz853	11.46323250159515
195798289	21Dw9jLeIqWjrAuRHI1RG1qPz853	8.329494262369138
195798290	TQTGm3pFYchsl1S1E0j0Pz15qno1	13.037317971980737
195798291	TQTGm3pFYchsl1S1E0j0Pz15qno1	17.42137779433681
195798292	TQTGm3pFYchsl1S1E0j0Pz15qno1	25.635858928464984
195798293	TQTGm3pFYchsl1S1E0j0Pz15qno1	21.695310036575236
195798294	TQTGm3pFYchsl1S1E0j0Pz15qno1	42.7149814001956
195798295	mHWscHBXcoabM7fdw88AliGuPWw1	4.235396590452333
195798296	mHWscHBXcoabM7fdw88AliGuPWw1	9.657673362048262
195798297	mHWscHBXcoabM7fdw88AliGuPWw1	5.81061413232819
195798298	mHWscHBXcoabM7fdw88AliGuPWw1	8.151214490114889
195798299	mHWscHBXcoabM7fdw88AliGuPWw1	5.671441753176403
195798300	mHWscHBXcoabM7fdw88AliGuPWw1	7.789984516659068
195798301	mHWscHBXcoabM7fdw88AliGuPWw1	4.606115726092341
195798302	mHWscHBXcoabM7fdw88AliGuPWw1	4.926869401444719
195798303	mHWscHBXcoabM7fdw88AliGuPWw1	11.963324104071262
195798304	WU2CHNrkg8hTa41RUFdbv0AtTC42	6.946880544849996
195798305	WU2CHNrkg8hTa41RUFdbv0AtTC42	3.5758561195127765
195798306	WU2CHNrkg8hTa41RUFdbv0AtTC42	3.9459181644612293
195798307	WU2CHNrkg8hTa41RUFdbv0AtTC42	11.236891793417382
195798308	WU2CHNrkg8hTa41RUFdbv0AtTC42	6.770649890105435
195798309	WU2CHNrkg8hTa41RUFdbv0AtTC42	6.976199057875867
195798310	WU2CHNrkg8hTa41RUFdbv0AtTC42	11.440893963261665
195798311	WU2CHNrkg8hTa41RUFdbv0AtTC42	7.108660441705176
195798312	WU2CHNrkg8hTa41RUFdbv0AtTC42	17.92541053058318
195798313	4w6SC0KmlKV4YmJTalgWiZalQHi2	25.943143906280298
195798314	4w6SC0KmlKV4YmJTalgWiZalQHi2	16.24332340270536
195798315	4w6SC0KmlKV4YmJTalgWiZalQHi2	9.901357213028035
195798316	4w6SC0KmlKV4YmJTalgWiZalQHi2	25.360436786820834
195798317	4w6SC0KmlKV4YmJTalgWiZalQHi2	17.093243491686806
195798318	4w6SC0KmlKV4YmJTalgWiZalQHi2	29.931193867422778
195798319	4w6SC0KmlKV4YmJTalgWiZalQHi2	29.26651571736224
195798320	4w6SC0KmlKV4YmJTalgWiZalQHi2	29.830016437991276
195798321	4w6SC0KmlKV4YmJTalgWiZalQHi2	22.356173437114336
195798322	4w6SC0KmlKV4YmJTalgWiZalQHi2	28.89415336546594
195798323	4w6SC0KmlKV4YmJTalgWiZalQHi2	11.336233850256576
195798324	tHP0GvI5hccNGBzYfgE2pkEHXiW2	3.7138564195230996
195798325	tHP0GvI5hccNGBzYfgE2pkEHXiW2	9.57162258124364
195798326	tHP0GvI5hccNGBzYfgE2pkEHXiW2	5.886353124506584
195798327	tHP0GvI5hccNGBzYfgE2pkEHXiW2	3.651330505216098
195798328	tHP0GvI5hccNGBzYfgE2pkEHXiW2	4.4545499137440245
195798329	tHP0GvI5hccNGBzYfgE2pkEHXiW2	4.359715831830336
195798330	tHP0GvI5hccNGBzYfgE2pkEHXiW2	5.930270909294741
195798331	tHP0GvI5hccNGBzYfgE2pkEHXiW2	3.495196363636367
195798332	tHP0GvI5hccNGBzYfgE2pkEHXiW2	4.144666542473921
195798333	tHP0GvI5hccNGBzYfgE2pkEHXiW2	6.644539691505209
195798334	tHP0GvI5hccNGBzYfgE2pkEHXiW2	2.4099629925484294
195798335	tHP0GvI5hccNGBzYfgE2pkEHXiW2	1.9081662878236472
195798336	tHP0GvI5hccNGBzYfgE2pkEHXiW2	6.721057648893122
195798337	tHP0GvI5hccNGBzYfgE2pkEHXiW2	6.979351516538273
195798338	4w6SC0KmlKV4YmJTalgWiZalQHi2	6.842631851373837
195798339	4w6SC0KmlKV4YmJTalgWiZalQHi2	3.197736884858984
195798340	4w6SC0KmlKV4YmJTalgWiZalQHi2	4.037412941132374
195798341	4w6SC0KmlKV4YmJTalgWiZalQHi2	3.3031999602951103
195798342	4w6SC0KmlKV4YmJTalgWiZalQHi2	3.4151215891890097
195798343	4w6SC0KmlKV4YmJTalgWiZalQHi2	13.382773931084795
195798344	4w6SC0KmlKV4YmJTalgWiZalQHi2	5.226554071744722
195798345	4w6SC0KmlKV4YmJTalgWiZalQHi2	8.78807544119708
195798346	4w6SC0KmlKV4YmJTalgWiZalQHi2	10.739642155826537
195798347	4w6SC0KmlKV4YmJTalgWiZalQHi2	8.32669778387833
195798348	4w6SC0KmlKV4YmJTalgWiZalQHi2	11.430211262258652
195798349	4w6SC0KmlKV4YmJTalgWiZalQHi2	4.921237472318623
195798350	H7rAk5StNLc0VysmHcZQZTQFpBx2	1.8926580034591332
195798351	H7rAk5StNLc0VysmHcZQZTQFpBx2	4.546750775528073
195798352	H7rAk5StNLc0VysmHcZQZTQFpBx2	2.612180472068851
195798353	H7rAk5StNLc0VysmHcZQZTQFpBx2	1.8693675422897744
195798354	H7rAk5StNLc0VysmHcZQZTQFpBx2	3.4097160066714096
195798355	H7rAk5StNLc0VysmHcZQZTQFpBx2	3.2353368209273867
195798356	H7rAk5StNLc0VysmHcZQZTQFpBx2	2.662934266984781
195798357	H7rAk5StNLc0VysmHcZQZTQFpBx2	1.850740259513703
195798358	H7rAk5StNLc0VysmHcZQZTQFpBx2	5.329288779112176
195798359	H7rAk5StNLc0VysmHcZQZTQFpBx2	8.463480287664595
195798360	HGLxgWVfJZWhAsqMf761d40h3eQ2	9.600594201687244
195798361	HGLxgWVfJZWhAsqMf761d40h3eQ2	27.531291940479424
195798362	HGLxgWVfJZWhAsqMf761d40h3eQ2	28.936294704176433
195798363	HGLxgWVfJZWhAsqMf761d40h3eQ2	28.549971539111382
195798364	HGLxgWVfJZWhAsqMf761d40h3eQ2	18.832713391017478
195798365	HGLxgWVfJZWhAsqMf761d40h3eQ2	46.866897083749365
195798366	CanxAhhjiePs6niCtdVzPqVIzXt1	2.296522360666607
195798367	CanxAhhjiePs6niCtdVzPqVIzXt1	6.00277437996002
195798368	CanxAhhjiePs6niCtdVzPqVIzXt1	10.603760199735198
195798369	CanxAhhjiePs6niCtdVzPqVIzXt1	6.556699107121041
195798370	CanxAhhjiePs6niCtdVzPqVIzXt1	4.858730427301321
195798371	CanxAhhjiePs6niCtdVzPqVIzXt1	4.247743090892392
195798372	CanxAhhjiePs6niCtdVzPqVIzXt1	7.730851452266826
195798373	CanxAhhjiePs6niCtdVzPqVIzXt1	5.730300285778156
195798374	CanxAhhjiePs6niCtdVzPqVIzXt1	5.010224871644532
195798375	CanxAhhjiePs6niCtdVzPqVIzXt1	10.16679745809904
195798376	gUfM3yODstSdwltidtEzSlIo0q93	4.125849667711009
195798377	gUfM3yODstSdwltidtEzSlIo0q93	8.057541937149148
195798378	gUfM3yODstSdwltidtEzSlIo0q93	11.094288786397389
195798379	gUfM3yODstSdwltidtEzSlIo0q93	19.769637592228566
195798380	gUfM3yODstSdwltidtEzSlIo0q93	27.176052353945224
195798381	gUfM3yODstSdwltidtEzSlIo0q93	22.15521771444513
195798382	gUfM3yODstSdwltidtEzSlIo0q93	26.190366117487827
195798383	8AhIEcEU81Sn83Fyb0gnFvpiNij2	6.242034286238367
195798384	8AhIEcEU81Sn83Fyb0gnFvpiNij2	5.266152906098464
195798385	8AhIEcEU81Sn83Fyb0gnFvpiNij2	13.7185489699264
195798386	8AhIEcEU81Sn83Fyb0gnFvpiNij2	13.568552685322512
195798387	8AhIEcEU81Sn83Fyb0gnFvpiNij2	17.54371987447766
195798388	8AhIEcEU81Sn83Fyb0gnFvpiNij2	23.76305526282202
195798389	8AhIEcEU81Sn83Fyb0gnFvpiNij2	38.869164300639
195798390	FUCVnaPJeyV5kzao6jmObtdzLUE2	2.151049643845173
195798391	FUCVnaPJeyV5kzao6jmObtdzLUE2	6.274481579453265
195798392	FUCVnaPJeyV5kzao6jmObtdzLUE2	8.867878639921635
195798393	FUCVnaPJeyV5kzao6jmObtdzLUE2	5.4195317139434565
195798394	FUCVnaPJeyV5kzao6jmObtdzLUE2	3.6986834618880167
195798395	FUCVnaPJeyV5kzao6jmObtdzLUE2	14.246551294696914
195798396	22lbfrTq0OP1g1mwv7RZwXUl6eW2	5.983243198917341
195798397	22lbfrTq0OP1g1mwv7RZwXUl6eW2	4.044364591315493
195798398	22lbfrTq0OP1g1mwv7RZwXUl6eW2	4.456225594093519
195798399	22lbfrTq0OP1g1mwv7RZwXUl6eW2	5.2285664241126675
195798400	22lbfrTq0OP1g1mwv7RZwXUl6eW2	2.898485535065838
195798401	22lbfrTq0OP1g1mwv7RZwXUl6eW2	0.947391919010073
195798402	22lbfrTq0OP1g1mwv7RZwXUl6eW2	1.498899163832565
195798403	22lbfrTq0OP1g1mwv7RZwXUl6eW2	2.4105768132840595
195798404	22lbfrTq0OP1g1mwv7RZwXUl6eW2	7.315531615869617
195798405	22lbfrTq0OP1g1mwv7RZwXUl6eW2	0.7015475409836043
195798406	22lbfrTq0OP1g1mwv7RZwXUl6eW2	4.642642398563531
195798407	22lbfrTq0OP1g1mwv7RZwXUl6eW2	4.02420463778882
195798408	22lbfrTq0OP1g1mwv7RZwXUl6eW2	2.0993740849153895
195798409	22lbfrTq0OP1g1mwv7RZwXUl6eW2	4.841799014510478
195798410	u2hytH2KWIS6ewdShfEZisygqIo2	8.406609234489535
195798411	u2hytH2KWIS6ewdShfEZisygqIo2	6.113604278300889
195798412	u2hytH2KWIS6ewdShfEZisygqIo2	11.34981776958012
195798413	u2hytH2KWIS6ewdShfEZisygqIo2	10.994256441171792
195798414	u2hytH2KWIS6ewdShfEZisygqIo2	13.160819138329671
195798415	u2hytH2KWIS6ewdShfEZisygqIo2	8.623491271820455
195798416	u2hytH2KWIS6ewdShfEZisygqIo2	4.854764057758487
195798417	u2hytH2KWIS6ewdShfEZisygqIo2	10.400793915089423
195798418	u2hytH2KWIS6ewdShfEZisygqIo2	14.85790523690773
195798419	u2hytH2KWIS6ewdShfEZisygqIo2	6.452276131779751
195798420	u2hytH2KWIS6ewdShfEZisygqIo2	17.779609140584043
195798421	u2hytH2KWIS6ewdShfEZisygqIo2	7.5335685333033595
195798422	u2hytH2KWIS6ewdShfEZisygqIo2	7.303291281260115
195798423	u2hytH2KWIS6ewdShfEZisygqIo2	16.701422369526
195798424	ZegJLYO9QiacSJTQWx7CWauRcQr1	6.88297986031353
195798425	ZegJLYO9QiacSJTQWx7CWauRcQr1	8.726695300176647
195798426	ZegJLYO9QiacSJTQWx7CWauRcQr1	6.43677519336055
195798427	ZegJLYO9QiacSJTQWx7CWauRcQr1	6.297108009692064
195798428	ZegJLYO9QiacSJTQWx7CWauRcQr1	10.566668721648874
195798429	ZegJLYO9QiacSJTQWx7CWauRcQr1	5.511085997007214
195798430	ZegJLYO9QiacSJTQWx7CWauRcQr1	9.977631365001734
195798431	EOwDjm2STZfXSXQJzWXadFRGRzn1	9.26448852908553
195798432	EOwDjm2STZfXSXQJzWXadFRGRzn1	8.764154097127758
195798433	EOwDjm2STZfXSXQJzWXadFRGRzn1	22.8475694215787
195798434	EOwDjm2STZfXSXQJzWXadFRGRzn1	4.801579533217385
195798435	EOwDjm2STZfXSXQJzWXadFRGRzn1	24.177558176475358
195798436	EOwDjm2STZfXSXQJzWXadFRGRzn1	8.599055028300441
195798437	EOwDjm2STZfXSXQJzWXadFRGRzn1	25.136487586891818
195798438	EfKQNmht2ebtDnNadrezErlhcDF3	2.900200664401501
195798439	EfKQNmht2ebtDnNadrezErlhcDF3	3.98882524712299
195798440	EfKQNmht2ebtDnNadrezErlhcDF3	5.2416936928675515
195798441	EfKQNmht2ebtDnNadrezErlhcDF3	3.822467365971013
195798442	EfKQNmht2ebtDnNadrezErlhcDF3	2.159621436408976
195798443	EfKQNmht2ebtDnNadrezErlhcDF3	0.943383750702818
195798444	EfKQNmht2ebtDnNadrezErlhcDF3	1.4877615929276757
195798445	EfKQNmht2ebtDnNadrezErlhcDF3	2.3037050333554063
195798446	EfKQNmht2ebtDnNadrezErlhcDF3	3.012556558275339
195798447	EfKQNmht2ebtDnNadrezErlhcDF3	3.4893309915984183
195798448	EfKQNmht2ebtDnNadrezErlhcDF3	4.313430733380727
195798449	EfKQNmht2ebtDnNadrezErlhcDF3	5.941089751145583
195798450	EfKQNmht2ebtDnNadrezErlhcDF3	3.6450975961426977
195798451	EfKQNmht2ebtDnNadrezErlhcDF3	3.649864980952181
195798452	4w6SC0KmlKV4YmJTalgWiZalQHi2	10.123868965695054
195798453	4w6SC0KmlKV4YmJTalgWiZalQHi2	16.043757855925755
195798454	4w6SC0KmlKV4YmJTalgWiZalQHi2	4.570968237841306
195798455	4w6SC0KmlKV4YmJTalgWiZalQHi2	6.970982624846499
195798456	4w6SC0KmlKV4YmJTalgWiZalQHi2	12.181375472404333
195798457	4w6SC0KmlKV4YmJTalgWiZalQHi2	11.808192372283266
195798458	4w6SC0KmlKV4YmJTalgWiZalQHi2	10.63091908048419
195798459	4w6SC0KmlKV4YmJTalgWiZalQHi2	8.907224021549737
195798460	ECPqsmdUcMhqkJwXAfhhs3XTgoa2	5.107901629470554
195798461	ECPqsmdUcMhqkJwXAfhhs3XTgoa2	3.5301602231718316
195798462	ECPqsmdUcMhqkJwXAfhhs3XTgoa2	5.33768687508169
195798463	ECPqsmdUcMhqkJwXAfhhs3XTgoa2	3.443981713335237
195798464	ECPqsmdUcMhqkJwXAfhhs3XTgoa2	3.291142662053897
195798465	ECPqsmdUcMhqkJwXAfhhs3XTgoa2	7.421515267987836
195798466	ECPqsmdUcMhqkJwXAfhhs3XTgoa2	9.004925116934949
195798467	ECPqsmdUcMhqkJwXAfhhs3XTgoa2	4.961581904842035
195798468	mHWscHBXcoabM7fdw88AliGuPWw1	3.825506874534302
195798469	mHWscHBXcoabM7fdw88AliGuPWw1	5.366932045281687
195798470	mHWscHBXcoabM7fdw88AliGuPWw1	7.456919094001185
195798471	mHWscHBXcoabM7fdw88AliGuPWw1	7.205966698844247
195798472	mHWscHBXcoabM7fdw88AliGuPWw1	12.278188709409566
195798473	mHWscHBXcoabM7fdw88AliGuPWw1	3.7848762793305255
195798474	mHWscHBXcoabM7fdw88AliGuPWw1	3.568982307716844
195798475	mHWscHBXcoabM7fdw88AliGuPWw1	4.4626491803278725
195798476	mHWscHBXcoabM7fdw88AliGuPWw1	6.80395253617754
195798477	mHWscHBXcoabM7fdw88AliGuPWw1	11.66451972353478
195798478	mHWscHBXcoabM7fdw88AliGuPWw1	11.516433351810193
195798479	mHWscHBXcoabM7fdw88AliGuPWw1	9.732483665826635
195798480	u2hytH2KWIS6ewdShfEZisygqIo2	15.64559912825738
195798481	u2hytH2KWIS6ewdShfEZisygqIo2	11.647511025006718
195798482	u2hytH2KWIS6ewdShfEZisygqIo2	8.651061984164869
195798483	u2hytH2KWIS6ewdShfEZisygqIo2	10.205175574161984
195798484	u2hytH2KWIS6ewdShfEZisygqIo2	3.2112339093912112
195798485	u2hytH2KWIS6ewdShfEZisygqIo2	7.73391487215865
195798486	u2hytH2KWIS6ewdShfEZisygqIo2	7.37302391079497
195798487	u2hytH2KWIS6ewdShfEZisygqIo2	11.737780852917851
195798488	1w0NU0CL8KMbltxDo7mrkTKhgpD2	7.980104606654041
195798489	1w0NU0CL8KMbltxDo7mrkTKhgpD2	6.542885277613227
195798490	1w0NU0CL8KMbltxDo7mrkTKhgpD2	4.437629500338527
195798491	1w0NU0CL8KMbltxDo7mrkTKhgpD2	2.654523220508562
195798492	1w0NU0CL8KMbltxDo7mrkTKhgpD2	3.408973662226906
195798493	1w0NU0CL8KMbltxDo7mrkTKhgpD2	7.990309657587581
195798494	1w0NU0CL8KMbltxDo7mrkTKhgpD2	9.79022246481405
195798495	1w0NU0CL8KMbltxDo7mrkTKhgpD2	9.34926640886421
195798496	1w0NU0CL8KMbltxDo7mrkTKhgpD2	6.165368337727031
195798497	1w0NU0CL8KMbltxDo7mrkTKhgpD2	4.962439351075901
195798498	1w0NU0CL8KMbltxDo7mrkTKhgpD2	7.362642847675971
195798499	1w0NU0CL8KMbltxDo7mrkTKhgpD2	10.169732459447829
195798500	1w0NU0CL8KMbltxDo7mrkTKhgpD2	6.58445598485568
195798501	1w0NU0CL8KMbltxDo7mrkTKhgpD2	3.1499016792025714
195798502	1w0NU0CL8KMbltxDo7mrkTKhgpD2	4.658224100316403
195798503	1w0NU0CL8KMbltxDo7mrkTKhgpD2	4.983336385979243
195798504	1w0NU0CL8KMbltxDo7mrkTKhgpD2	5.970961322661452
195798505	1w0NU0CL8KMbltxDo7mrkTKhgpD2	7.866603693996382
195798506	1w0NU0CL8KMbltxDo7mrkTKhgpD2	12.938178834178416
195798507	1w0NU0CL8KMbltxDo7mrkTKhgpD2	11.425355176190266
195798508	CanxAhhjiePs6niCtdVzPqVIzXt1	7.9172957453789845
195798509	CanxAhhjiePs6niCtdVzPqVIzXt1	8.637352287250632
195798510	CanxAhhjiePs6niCtdVzPqVIzXt1	7.384921030756445
195798511	CanxAhhjiePs6niCtdVzPqVIzXt1	10.912923384492355
195798512	CanxAhhjiePs6niCtdVzPqVIzXt1	5.658028099384218
195798513	CanxAhhjiePs6niCtdVzPqVIzXt1	4.922476855183959
195798514	CanxAhhjiePs6niCtdVzPqVIzXt1	11.227812101331722
195798515	CanxAhhjiePs6niCtdVzPqVIzXt1	6.483443247182301
195798516	CanxAhhjiePs6niCtdVzPqVIzXt1	4.661711910017516
195798517	CanxAhhjiePs6niCtdVzPqVIzXt1	6.298329914078437
195798518	gUfM3yODstSdwltidtEzSlIo0q93	12.74230486578451
195798519	gUfM3yODstSdwltidtEzSlIo0q93	16.698367023845005
195798520	gUfM3yODstSdwltidtEzSlIo0q93	17.151282837029676
195798521	gUfM3yODstSdwltidtEzSlIo0q93	30.416688003183154
195798522	gUfM3yODstSdwltidtEzSlIo0q93	30.72656691604324
195798523	gUfM3yODstSdwltidtEzSlIo0q93	6.763994448322137
195798524	gUfM3yODstSdwltidtEzSlIo0q93	28.980931005818775
195798525	gUfM3yODstSdwltidtEzSlIo0q93	8.925247308524575
195798526	Om0JhZ6RmTNQ5wDLPHKIC3LtY4g2	3.6006924533117197
195798527	Om0JhZ6RmTNQ5wDLPHKIC3LtY4g2	8.180410194601851
195798528	Om0JhZ6RmTNQ5wDLPHKIC3LtY4g2	7.622962291241592
195798529	Om0JhZ6RmTNQ5wDLPHKIC3LtY4g2	4.047187788224516
195798530	Om0JhZ6RmTNQ5wDLPHKIC3LtY4g2	5.836383356202354
195798531	Om0JhZ6RmTNQ5wDLPHKIC3LtY4g2	3.1756478384426075
195798532	Om0JhZ6RmTNQ5wDLPHKIC3LtY4g2	5.5489673590663955
195798533	Om0JhZ6RmTNQ5wDLPHKIC3LtY4g2	5.377188327728177
195798534	Om0JhZ6RmTNQ5wDLPHKIC3LtY4g2	8.327781007340661
195798535	Om0JhZ6RmTNQ5wDLPHKIC3LtY4g2	6.45416863765341
195798536	Om0JhZ6RmTNQ5wDLPHKIC3LtY4g2	8.746887324254644
195798537	1w0NU0CL8KMbltxDo7mrkTKhgpD2	5.597347852603865
195798538	1w0NU0CL8KMbltxDo7mrkTKhgpD2	5.701975557884735
195798539	1w0NU0CL8KMbltxDo7mrkTKhgpD2	7.23284712081197
195798540	1w0NU0CL8KMbltxDo7mrkTKhgpD2	8.735686417558117
195798541	1w0NU0CL8KMbltxDo7mrkTKhgpD2	10.851107934654923
195798542	1w0NU0CL8KMbltxDo7mrkTKhgpD2	11.169913023176314
195798543	1w0NU0CL8KMbltxDo7mrkTKhgpD2	3.2364648567727485
195798544	1w0NU0CL8KMbltxDo7mrkTKhgpD2	7.289167600784097
195798545	1w0NU0CL8KMbltxDo7mrkTKhgpD2	6.290832785338893
195798546	1w0NU0CL8KMbltxDo7mrkTKhgpD2	8.638186500320856
195798547	1w0NU0CL8KMbltxDo7mrkTKhgpD2	9.042414490507028
195798548	1w0NU0CL8KMbltxDo7mrkTKhgpD2	2.089725250902916
195798549	1w0NU0CL8KMbltxDo7mrkTKhgpD2	3.8461511366043624
195798550	1w0NU0CL8KMbltxDo7mrkTKhgpD2	6.268055302211124
195798551	1w0NU0CL8KMbltxDo7mrkTKhgpD2	18.998973385019013
195798552	1w0NU0CL8KMbltxDo7mrkTKhgpD2	6.317683579233687
195798553	1w0NU0CL8KMbltxDo7mrkTKhgpD2	3.0569827588604426
195798554	1w0NU0CL8KMbltxDo7mrkTKhgpD2	12.637150450389186
195798555	1w0NU0CL8KMbltxDo7mrkTKhgpD2	5.539065879266076
195798556	1w0NU0CL8KMbltxDo7mrkTKhgpD2	8.07653350223896
195798557	b7tT96cSBaaiNnMJ2KcuOQPRkO83	14.726577607753768
195798558	b7tT96cSBaaiNnMJ2KcuOQPRkO83	9.193803558901774
195798559	b7tT96cSBaaiNnMJ2KcuOQPRkO83	15.311286962008708
195798560	b7tT96cSBaaiNnMJ2KcuOQPRkO83	6.894342013418033
195798561	b7tT96cSBaaiNnMJ2KcuOQPRkO83	7.117093198932018
195798562	b7tT96cSBaaiNnMJ2KcuOQPRkO83	9.129988309497179
195798563	b7tT96cSBaaiNnMJ2KcuOQPRkO83	7.637651793433093
195798564	b7tT96cSBaaiNnMJ2KcuOQPRkO83	11.767540265513617
195798565	ECPqsmdUcMhqkJwXAfhhs3XTgoa2	3.8250036198109107
195798566	ECPqsmdUcMhqkJwXAfhhs3XTgoa2	3.7386125963485934
195798567	ECPqsmdUcMhqkJwXAfhhs3XTgoa2	5.665983180198181
195798568	ECPqsmdUcMhqkJwXAfhhs3XTgoa2	2.4736382147528424
195798569	ECPqsmdUcMhqkJwXAfhhs3XTgoa2	2.392056180837148
195798570	ECPqsmdUcMhqkJwXAfhhs3XTgoa2	7.204322459453053
195798571	ECPqsmdUcMhqkJwXAfhhs3XTgoa2	3.8009219325300663
195798572	ECPqsmdUcMhqkJwXAfhhs3XTgoa2	4.812865270530921
195798573	ECPqsmdUcMhqkJwXAfhhs3XTgoa2	3.9841263735932486
195798574	tHP0GvI5hccNGBzYfgE2pkEHXiW2	7.151121941975715
195798575	tHP0GvI5hccNGBzYfgE2pkEHXiW2	2.89468792308371
195798576	tHP0GvI5hccNGBzYfgE2pkEHXiW2	9.586915759235666
195798577	tHP0GvI5hccNGBzYfgE2pkEHXiW2	27.478889305042408
195798578	tHP0GvI5hccNGBzYfgE2pkEHXiW2	16.190848866009276
195798579	tHP0GvI5hccNGBzYfgE2pkEHXiW2	42.525063660102475
195798580	tHP0GvI5hccNGBzYfgE2pkEHXiW2	11.41698975693599
195798581	tHP0GvI5hccNGBzYfgE2pkEHXiW2	62.329620576528356
195798582	tHP0GvI5hccNGBzYfgE2pkEHXiW2	5.643498390470768
195798583	FUCVnaPJeyV5kzao6jmObtdzLUE2	2.975103995825933
195798584	FUCVnaPJeyV5kzao6jmObtdzLUE2	6.752035204724097
195798585	FUCVnaPJeyV5kzao6jmObtdzLUE2	7.2655425822746835
195798586	FUCVnaPJeyV5kzao6jmObtdzLUE2	6.436426336375259
195798587	FUCVnaPJeyV5kzao6jmObtdzLUE2	7.487778988437142
195798588	FUCVnaPJeyV5kzao6jmObtdzLUE2	5.787856104523485
195798589	FUCVnaPJeyV5kzao6jmObtdzLUE2	8.031306443828385
195798590	FUCVnaPJeyV5kzao6jmObtdzLUE2	3.552056991569536
195798591	FUCVnaPJeyV5kzao6jmObtdzLUE2	15.179835427580969
195798592	FUCVnaPJeyV5kzao6jmObtdzLUE2	8.762071881606772
195798593	THJAu4lbjHRa32ysgvSU3Etlb0d2	17.151480239539797
195798594	THJAu4lbjHRa32ysgvSU3Etlb0d2	62.699704016913316
195798595	THJAu4lbjHRa32ysgvSU3Etlb0d2	13.847544523039389
195798596	THJAu4lbjHRa32ysgvSU3Etlb0d2	88.80704254169432
195798597	THJAu4lbjHRa32ysgvSU3Etlb0d2	19.188562368091198
195798598	uJ59YClhDZUuJsN0vsDR1GRv6pu1	4.154026520857858
195798599	uJ59YClhDZUuJsN0vsDR1GRv6pu1	8.039795845152891
195798600	uJ59YClhDZUuJsN0vsDR1GRv6pu1	7.96972074446945
195798601	uJ59YClhDZUuJsN0vsDR1GRv6pu1	8.819041325591979
195798602	uJ59YClhDZUuJsN0vsDR1GRv6pu1	5.980451308109529
195798603	uJ59YClhDZUuJsN0vsDR1GRv6pu1	13.485773220470264
195798604	uJ59YClhDZUuJsN0vsDR1GRv6pu1	6.402869460864338
195798605	uJ59YClhDZUuJsN0vsDR1GRv6pu1	4.905265769118671
195798606	uJ59YClhDZUuJsN0vsDR1GRv6pu1	8.758753664033506
195798607	THJAu4lbjHRa32ysgvSU3Etlb0d2	7.328217690539991
195798608	THJAu4lbjHRa32ysgvSU3Etlb0d2	11.04749950894803
195798609	THJAu4lbjHRa32ysgvSU3Etlb0d2	34.84867701663721
195798610	THJAu4lbjHRa32ysgvSU3Etlb0d2	39.36559829325951
195798613	HGLxgWVfJZWhAsqMf761d40h3eQ2	21.327063510960944
195798614	HGLxgWVfJZWhAsqMf761d40h3eQ2	77.98443999665153
195798615	HGLxgWVfJZWhAsqMf761d40h3eQ2	24.17013148042848
195798616	HGLxgWVfJZWhAsqMf761d40h3eQ2	45.58154873335613
195798617	HGLxgWVfJZWhAsqMf761d40h3eQ2	52.56259460139162
195798618	HGLxgWVfJZWhAsqMf761d40h3eQ2	98.41175524078835
195798619	mHWscHBXcoabM7fdw88AliGuPWw1	4.606256164083178
195798620	mHWscHBXcoabM7fdw88AliGuPWw1	9.1404402068552
195798621	mHWscHBXcoabM7fdw88AliGuPWw1	7.884077494567578
195798622	mHWscHBXcoabM7fdw88AliGuPWw1	7.113220805576148
195798623	mHWscHBXcoabM7fdw88AliGuPWw1	6.542197931116462
195798624	mHWscHBXcoabM7fdw88AliGuPWw1	2.955351919701272
195798625	mHWscHBXcoabM7fdw88AliGuPWw1	7.439866746006082
195798626	mHWscHBXcoabM7fdw88AliGuPWw1	17.45403687019642
195798627	mHWscHBXcoabM7fdw88AliGuPWw1	7.405167055820002
195798628	RMEYcjWuQJRINI73hdlEKDjPREw2	7.0308107479393165
195798629	RMEYcjWuQJRINI73hdlEKDjPREw2	5.3156039212975115
195798630	RMEYcjWuQJRINI73hdlEKDjPREw2	15.70749325098052
195798631	RMEYcjWuQJRINI73hdlEKDjPREw2	14.290536375291168
195798632	RMEYcjWuQJRINI73hdlEKDjPREw2	8.819863654266015
195798633	RMEYcjWuQJRINI73hdlEKDjPREw2	24.359880035213273
195798634	RMEYcjWuQJRINI73hdlEKDjPREw2	43.59862571022252
195798635	RMEYcjWuQJRINI73hdlEKDjPREw2	48.41770979967251
195798636	flpss45kNMRJ1OyjEiJaPFx5rCo2	10.342988784976988
195798637	flpss45kNMRJ1OyjEiJaPFx5rCo2	4.525191410435426
195798638	flpss45kNMRJ1OyjEiJaPFx5rCo2	5.966591010078325
195798639	flpss45kNMRJ1OyjEiJaPFx5rCo2	3.557624305435155
195798640	flpss45kNMRJ1OyjEiJaPFx5rCo2	5.165329026343965
195798641	flpss45kNMRJ1OyjEiJaPFx5rCo2	7.733684771322352
195798642	flpss45kNMRJ1OyjEiJaPFx5rCo2	2.5563476559265155
195798643	flpss45kNMRJ1OyjEiJaPFx5rCo2	7.656361491405221
195798644	flpss45kNMRJ1OyjEiJaPFx5rCo2	4.65805004015354
195798645	flpss45kNMRJ1OyjEiJaPFx5rCo2	2.1682965531387524
195798646	flpss45kNMRJ1OyjEiJaPFx5rCo2	5.390505628813585
195798647	flpss45kNMRJ1OyjEiJaPFx5rCo2	3.960573972428989
195798648	flpss45kNMRJ1OyjEiJaPFx5rCo2	2.128467701711898
195798649	flpss45kNMRJ1OyjEiJaPFx5rCo2	4.920000853800161
195798650	flpss45kNMRJ1OyjEiJaPFx5rCo2	2.5639189066181274
195798651	flpss45kNMRJ1OyjEiJaPFx5rCo2	5.769669229073614
195798652	flpss45kNMRJ1OyjEiJaPFx5rCo2	4.5849712454472495
195798653	flpss45kNMRJ1OyjEiJaPFx5rCo2	2.9981990107136767
195798654	flpss45kNMRJ1OyjEiJaPFx5rCo2	5.224911108783928
195798655	flpss45kNMRJ1OyjEiJaPFx5rCo2	1.8020653287057655
195798656	flpss45kNMRJ1OyjEiJaPFx5rCo2	7.536319966705619
195798657	flpss45kNMRJ1OyjEiJaPFx5rCo2	6.389133303662646
195798658	ovpeape9PZbAq7VLrirwGOYrvsh1	3.9469387056350493
195798659	ovpeape9PZbAq7VLrirwGOYrvsh1	3.3324960163741277
195798660	ovpeape9PZbAq7VLrirwGOYrvsh1	2.8985588349643745
195798661	ovpeape9PZbAq7VLrirwGOYrvsh1	1.0675947772292655
195798662	ovpeape9PZbAq7VLrirwGOYrvsh1	2.017803903067408
195798663	ovpeape9PZbAq7VLrirwGOYrvsh1	4.481577662542605
195798664	ovpeape9PZbAq7VLrirwGOYrvsh1	3.981530171646252
195798665	ovpeape9PZbAq7VLrirwGOYrvsh1	5.966510493073692
195798666	ovpeape9PZbAq7VLrirwGOYrvsh1	2.894874299227123
195798667	mHWscHBXcoabM7fdw88AliGuPWw1	2.63845961580955
195798668	mHWscHBXcoabM7fdw88AliGuPWw1	6.187690623068608
195798669	mHWscHBXcoabM7fdw88AliGuPWw1	6.700052391475342
195798670	mHWscHBXcoabM7fdw88AliGuPWw1	15.060502686516546
195798671	mHWscHBXcoabM7fdw88AliGuPWw1	7.25039004295742
195798672	mHWscHBXcoabM7fdw88AliGuPWw1	6.926690094912644
195798673	mHWscHBXcoabM7fdw88AliGuPWw1	6.406437334164281
195798674	mHWscHBXcoabM7fdw88AliGuPWw1	9.47456961337204
195798675	mHWscHBXcoabM7fdw88AliGuPWw1	4.1220630305938215
195798676	mHWscHBXcoabM7fdw88AliGuPWw1	4.334671212185043
195798677	mHWscHBXcoabM7fdw88AliGuPWw1	11.84435102230772
195798678	mHWscHBXcoabM7fdw88AliGuPWw1	10.698213520747018
195798679	b7tT96cSBaaiNnMJ2KcuOQPRkO83	2.8766564352754473
195798680	b7tT96cSBaaiNnMJ2KcuOQPRkO83	5.222346385193052
195798681	b7tT96cSBaaiNnMJ2KcuOQPRkO83	6.023912141623381
195798682	b7tT96cSBaaiNnMJ2KcuOQPRkO83	6.820408449073383
195798683	b7tT96cSBaaiNnMJ2KcuOQPRkO83	4.1346988203532185
195798684	b7tT96cSBaaiNnMJ2KcuOQPRkO83	11.772117101618829
195798685	b7tT96cSBaaiNnMJ2KcuOQPRkO83	9.536647424411193
195798686	b7tT96cSBaaiNnMJ2KcuOQPRkO83	12.115355764183533
195798687	b7tT96cSBaaiNnMJ2KcuOQPRkO83	3.967352948462178
195798688	b7tT96cSBaaiNnMJ2KcuOQPRkO83	3.63773248696441
195798689	b7tT96cSBaaiNnMJ2KcuOQPRkO83	5.164608696969694
195798690	mHWscHBXcoabM7fdw88AliGuPWw1	3.1715784573863637
195798691	mHWscHBXcoabM7fdw88AliGuPWw1	3.2310248489583318
195798692	mHWscHBXcoabM7fdw88AliGuPWw1	2.5279701408617417
195798693	mHWscHBXcoabM7fdw88AliGuPWw1	4.758995409011998
195798694	mHWscHBXcoabM7fdw88AliGuPWw1	5.992345969328063
195798695	mHWscHBXcoabM7fdw88AliGuPWw1	1.8472569147826121
195798696	mHWscHBXcoabM7fdw88AliGuPWw1	3.1336066798419004
195798697	mHWscHBXcoabM7fdw88AliGuPWw1	13.25659192284585
195798698	mHWscHBXcoabM7fdw88AliGuPWw1	5.469882690909088
195798699	mHWscHBXcoabM7fdw88AliGuPWw1	4.364062185612646
195798700	mHWscHBXcoabM7fdw88AliGuPWw1	7.446015400474309
195798701	mHWscHBXcoabM7fdw88AliGuPWw1	5.897011805347532
195798702	mHWscHBXcoabM7fdw88AliGuPWw1	8.32634984686048
195798703	mHWscHBXcoabM7fdw88AliGuPWw1	14.138134427612101
195798704	flpss45kNMRJ1OyjEiJaPFx5rCo2	12.279339511419053
195798705	flpss45kNMRJ1OyjEiJaPFx5rCo2	7.4985559394129755
195798706	flpss45kNMRJ1OyjEiJaPFx5rCo2	6.802882423429772
195798707	flpss45kNMRJ1OyjEiJaPFx5rCo2	6.265083695975807
195798708	flpss45kNMRJ1OyjEiJaPFx5rCo2	6.634801491938248
195798709	flpss45kNMRJ1OyjEiJaPFx5rCo2	5.661884021250991
195798710	flpss45kNMRJ1OyjEiJaPFx5rCo2	8.084008398791923
195798711	flpss45kNMRJ1OyjEiJaPFx5rCo2	3.7732502758871433
195798712	flpss45kNMRJ1OyjEiJaPFx5rCo2	4.4830946159946805
195798713	flpss45kNMRJ1OyjEiJaPFx5rCo2	3.4701364011319384
195798714	flpss45kNMRJ1OyjEiJaPFx5rCo2	9.058437074642598
195798715	flpss45kNMRJ1OyjEiJaPFx5rCo2	11.659985093155186
195798716	flpss45kNMRJ1OyjEiJaPFx5rCo2	9.637093100984274
195798717	flpss45kNMRJ1OyjEiJaPFx5rCo2	5.329970126227153
195798718	flpss45kNMRJ1OyjEiJaPFx5rCo2	6.7088782291477
195798719	flpss45kNMRJ1OyjEiJaPFx5rCo2	6.881610487767375
195798720	flpss45kNMRJ1OyjEiJaPFx5rCo2	8.973114301841619
195798721	IGe7nmfoeKQG1oyWJEMIv6KIP5Q2	16.388214448916642
195798722	IGe7nmfoeKQG1oyWJEMIv6KIP5Q2	11.637502348450361
195798723	IGe7nmfoeKQG1oyWJEMIv6KIP5Q2	25.71685319936949
195798724	IGe7nmfoeKQG1oyWJEMIv6KIP5Q2	7.389778917510455
195798725	IGe7nmfoeKQG1oyWJEMIv6KIP5Q2	6.844820187507295
195798726	IGe7nmfoeKQG1oyWJEMIv6KIP5Q2	19.954689902400958
195798727	IGe7nmfoeKQG1oyWJEMIv6KIP5Q2	22.420280600110573
195798728	IGe7nmfoeKQG1oyWJEMIv6KIP5Q2	11.294232802840213
195798729	IGe7nmfoeKQG1oyWJEMIv6KIP5Q2	15.699351103571189
195798730	IGe7nmfoeKQG1oyWJEMIv6KIP5Q2	22.88110718652618
195798731	IGe7nmfoeKQG1oyWJEMIv6KIP5Q2	12.605015699149334
195798732	IGe7nmfoeKQG1oyWJEMIv6KIP5Q2	5.463602590527017
195798733	IGe7nmfoeKQG1oyWJEMIv6KIP5Q2	28.27985319700241
195798734	IGe7nmfoeKQG1oyWJEMIv6KIP5Q2	15.502490269471679
195798735	IGe7nmfoeKQG1oyWJEMIv6KIP5Q2	21.9954955594406
195798736	IGe7nmfoeKQG1oyWJEMIv6KIP5Q2	2.3040025603385175
195798737	IGe7nmfoeKQG1oyWJEMIv6KIP5Q2	9.712968864815878
195798738	IGe7nmfoeKQG1oyWJEMIv6KIP5Q2	39.44334565922139
195798739	eQ9VyOzVOCQWR7uTGBGzvfh3rUJ2	8.091424622675312
195798740	eQ9VyOzVOCQWR7uTGBGzvfh3rUJ2	5.666469192411064
195798741	eQ9VyOzVOCQWR7uTGBGzvfh3rUJ2	5.507240833833993
195798742	eQ9VyOzVOCQWR7uTGBGzvfh3rUJ2	7.209079692648217
195798743	eQ9VyOzVOCQWR7uTGBGzvfh3rUJ2	3.303709841027672
195798744	eQ9VyOzVOCQWR7uTGBGzvfh3rUJ2	15.731429138303255
195798745	eQ9VyOzVOCQWR7uTGBGzvfh3rUJ2	4.5579109331858945
195798746	eQ9VyOzVOCQWR7uTGBGzvfh3rUJ2	4.853160627826085
195798747	eQ9VyOzVOCQWR7uTGBGzvfh3rUJ2	6.156871500395262
195798748	eQ9VyOzVOCQWR7uTGBGzvfh3rUJ2	11.849195266798418
195798749	eQ9VyOzVOCQWR7uTGBGzvfh3rUJ2	6.6668987965217354
195798750	eQ9VyOzVOCQWR7uTGBGzvfh3rUJ2	7.738806000478348
195798751	eQ9VyOzVOCQWR7uTGBGzvfh3rUJ2	3.6654852666570434
195798752	ihIoefKsGwTDai7fGs9x3DyNvju2	2.5707793403952564
195798753	ihIoefKsGwTDai7fGs9x3DyNvju2	6.115896487826086
195798754	ihIoefKsGwTDai7fGs9x3DyNvju2	6.345221926877471
195798755	ihIoefKsGwTDai7fGs9x3DyNvju2	1.8841223449802378
195798756	ihIoefKsGwTDai7fGs9x3DyNvju2	5.752198578972333
195798757	ihIoefKsGwTDai7fGs9x3DyNvju2	4.281671844664029
195798758	uJ59YClhDZUuJsN0vsDR1GRv6pu1	3.115878356996047
195798759	uJ59YClhDZUuJsN0vsDR1GRv6pu1	2.9613944909090906
195798760	uJ59YClhDZUuJsN0vsDR1GRv6pu1	7.750631884901189
195798761	uJ59YClhDZUuJsN0vsDR1GRv6pu1	8.257356192885375
195798762	uJ59YClhDZUuJsN0vsDR1GRv6pu1	5.802377736600793
195798763	uJ59YClhDZUuJsN0vsDR1GRv6pu1	7.1207386509090895
195798764	uJ59YClhDZUuJsN0vsDR1GRv6pu1	3.7145936262527712
195798765	uJ59YClhDZUuJsN0vsDR1GRv6pu1	9.42449834084961
195798766	XmxSYUZAj4dRqSczt2clQkDf31M2	24.415104793972212
195798767	XmxSYUZAj4dRqSczt2clQkDf31M2	13.233745582448606
195798768	Om0JhZ6RmTNQ5wDLPHKIC3LtY4g2	7.371553752118216
195798769	Om0JhZ6RmTNQ5wDLPHKIC3LtY4g2	5.708659949902341
195798770	Om0JhZ6RmTNQ5wDLPHKIC3LtY4g2	5.0981889779954095
195798771	Om0JhZ6RmTNQ5wDLPHKIC3LtY4g2	12.520383886276736
195798772	Om0JhZ6RmTNQ5wDLPHKIC3LtY4g2	7.6336896680062765
195798773	Om0JhZ6RmTNQ5wDLPHKIC3LtY4g2	5.8675647107886135
195798774	Om0JhZ6RmTNQ5wDLPHKIC3LtY4g2	7.585037819684381
195798775	jWPmLFrSHDZItPTjjPUB8KAsjlq2	8.556023772654454
195798776	jWPmLFrSHDZItPTjjPUB8KAsjlq2	6.2015967362032
195798777	jWPmLFrSHDZItPTjjPUB8KAsjlq2	6.225963723881351
195798778	jWPmLFrSHDZItPTjjPUB8KAsjlq2	7.304542105059387
195798779	jWPmLFrSHDZItPTjjPUB8KAsjlq2	6.273670368976834
195798780	jWPmLFrSHDZItPTjjPUB8KAsjlq2	6.565801507760533
195798781	jWPmLFrSHDZItPTjjPUB8KAsjlq2	2.8541756541019936
195798782	jWPmLFrSHDZItPTjjPUB8KAsjlq2	10.128613281957747
195798783	Sn3Nw7A3OmOkiMXEFjEyRusLuuo2	20.737563180739677
195798784	Sn3Nw7A3OmOkiMXEFjEyRusLuuo2	29.26280724400673
195798785	Sn3Nw7A3OmOkiMXEFjEyRusLuuo2	15.720868706954356
195798786	Sn3Nw7A3OmOkiMXEFjEyRusLuuo2	53.177973238439435
195798787	Sn3Nw7A3OmOkiMXEFjEyRusLuuo2	21.532039151465412
195798788	Sn3Nw7A3OmOkiMXEFjEyRusLuuo2	4.720044109632852
195798789	Sn3Nw7A3OmOkiMXEFjEyRusLuuo2	31.94370095625905
195798790	ihIoefKsGwTDai7fGs9x3DyNvju2	4.368558767405672
195798791	ihIoefKsGwTDai7fGs9x3DyNvju2	4.523272076040742
195798792	ihIoefKsGwTDai7fGs9x3DyNvju2	5.527451564572624
195798793	ihIoefKsGwTDai7fGs9x3DyNvju2	8.173463521796695
195798794	ihIoefKsGwTDai7fGs9x3DyNvju2	5.6703025531367075
195798795	ihIoefKsGwTDai7fGs9x3DyNvju2	6.2849665203909915
195798796	ihIoefKsGwTDai7fGs9x3DyNvju2	3.661154781630785
195798797	ihIoefKsGwTDai7fGs9x3DyNvju2	8.461006222209384
195798798	ihIoefKsGwTDai7fGs9x3DyNvju2	15.001885327279801
195798799	ihIoefKsGwTDai7fGs9x3DyNvju2	8.086300533569855
195798800	1w0NU0CL8KMbltxDo7mrkTKhgpD2	10.521694702793791
195798801	1w0NU0CL8KMbltxDo7mrkTKhgpD2	11.16522973531429
195798802	1w0NU0CL8KMbltxDo7mrkTKhgpD2	12.752288251141568
195798803	1w0NU0CL8KMbltxDo7mrkTKhgpD2	12.737191865687997
195798804	1w0NU0CL8KMbltxDo7mrkTKhgpD2	9.430507059393285
195798805	1w0NU0CL8KMbltxDo7mrkTKhgpD2	12.372938809088296
195798806	1w0NU0CL8KMbltxDo7mrkTKhgpD2	28.93107945676276
195798807	1w0NU0CL8KMbltxDo7mrkTKhgpD2	12.821243880975615
195798808	1w0NU0CL8KMbltxDo7mrkTKhgpD2	15.22687917034419
195798809	1w0NU0CL8KMbltxDo7mrkTKhgpD2	9.775819544352288
195798810	1w0NU0CL8KMbltxDo7mrkTKhgpD2	14.018379773476568
195798811	1w0NU0CL8KMbltxDo7mrkTKhgpD2	10.179838877254639
195798812	1w0NU0CL8KMbltxDo7mrkTKhgpD2	14.945364094763391
195798813	1w0NU0CL8KMbltxDo7mrkTKhgpD2	18.786937949141873
195798814	1w0NU0CL8KMbltxDo7mrkTKhgpD2	6.307317279854175
195798815	1w0NU0CL8KMbltxDo7mrkTKhgpD2	11.076246521672743
195798816	1w0NU0CL8KMbltxDo7mrkTKhgpD2	15.413872790644888
195798817	1w0NU0CL8KMbltxDo7mrkTKhgpD2	14.53912967196058
195798818	b7tT96cSBaaiNnMJ2KcuOQPRkO83	5.948067432196567
195798819	b7tT96cSBaaiNnMJ2KcuOQPRkO83	3.6995025735011513
195798820	b7tT96cSBaaiNnMJ2KcuOQPRkO83	8.852737003021314
195798821	b7tT96cSBaaiNnMJ2KcuOQPRkO83	9.6950024794134
195798822	b7tT96cSBaaiNnMJ2KcuOQPRkO83	11.257358036816598
195798823	b7tT96cSBaaiNnMJ2KcuOQPRkO83	7.8922549351824
195798824	b7tT96cSBaaiNnMJ2KcuOQPRkO83	9.947329421325449
195798825	b7tT96cSBaaiNnMJ2KcuOQPRkO83	3.4997235473737334
195798826	b7tT96cSBaaiNnMJ2KcuOQPRkO83	3.977447923128537
195798827	b7tT96cSBaaiNnMJ2KcuOQPRkO83	8.72328987091791
195798828	CjlD9aGvoSfMhsnUwRIQlMr4IFp1	9.192295365567267
195798829	CjlD9aGvoSfMhsnUwRIQlMr4IFp1	9.265475923715542
195798830	CjlD9aGvoSfMhsnUwRIQlMr4IFp1	9.097982659172889
195798831	CjlD9aGvoSfMhsnUwRIQlMr4IFp1	9.30460073421196
195798832	CjlD9aGvoSfMhsnUwRIQlMr4IFp1	8.744996692490709
195798833	CjlD9aGvoSfMhsnUwRIQlMr4IFp1	12.82604840914562
195798834	CjlD9aGvoSfMhsnUwRIQlMr4IFp1	4.930644778543041
195798835	tHP0GvI5hccNGBzYfgE2pkEHXiW2	3.9165528706249555
195798836	tHP0GvI5hccNGBzYfgE2pkEHXiW2	2.887239481778945
195798837	tHP0GvI5hccNGBzYfgE2pkEHXiW2	7.100005254404639
195798838	tHP0GvI5hccNGBzYfgE2pkEHXiW2	2.322338246279241
195798839	tHP0GvI5hccNGBzYfgE2pkEHXiW2	20.755785035052643
195798840	tHP0GvI5hccNGBzYfgE2pkEHXiW2	3.767461597955098
195798841	tHP0GvI5hccNGBzYfgE2pkEHXiW2	17.967508317090108
195798842	H7rAk5StNLc0VysmHcZQZTQFpBx2	6.434896285771991
195798843	H7rAk5StNLc0VysmHcZQZTQFpBx2	4.962667397689726
195798844	H7rAk5StNLc0VysmHcZQZTQFpBx2	2.4124054868533857
195798845	H7rAk5StNLc0VysmHcZQZTQFpBx2	8.021645550452213
195798846	H7rAk5StNLc0VysmHcZQZTQFpBx2	1.9937419292286265
195798847	H7rAk5StNLc0VysmHcZQZTQFpBx2	1.521149632645571
195798848	H7rAk5StNLc0VysmHcZQZTQFpBx2	1.1329228483274463
195798849	H7rAk5StNLc0VysmHcZQZTQFpBx2	3.2996819783845908
195798850	H7rAk5StNLc0VysmHcZQZTQFpBx2	4.597585122338266
195798851	H7rAk5StNLc0VysmHcZQZTQFpBx2	3.1068542093959053
195798852	H7rAk5StNLc0VysmHcZQZTQFpBx2	2.980946502043075
195798853	H7rAk5StNLc0VysmHcZQZTQFpBx2	3.8369257488557906
195798854	H7rAk5StNLc0VysmHcZQZTQFpBx2	8.664878616628386
195798855	H7rAk5StNLc0VysmHcZQZTQFpBx2	2.3167804271844687
195798856	H7rAk5StNLc0VysmHcZQZTQFpBx2	5.1734210172109485
195798857	H7rAk5StNLc0VysmHcZQZTQFpBx2	5.697484782700798
195798858	H7rAk5StNLc0VysmHcZQZTQFpBx2	4.911105803177406
195798859	H7rAk5StNLc0VysmHcZQZTQFpBx2	6.314648706266553
195798860	H7rAk5StNLc0VysmHcZQZTQFpBx2	2.5726369373344937
195798861	H7rAk5StNLc0VysmHcZQZTQFpBx2	1.9329912621359284
195798862	H7rAk5StNLc0VysmHcZQZTQFpBx2	4.105870563901135
195798863	H7rAk5StNLc0VysmHcZQZTQFpBx2	11.9213920150044
195798864	H7rAk5StNLc0VysmHcZQZTQFpBx2	4.089313037246242
195798865	H7rAk5StNLc0VysmHcZQZTQFpBx2	10.716870688084725
195798866	H7rAk5StNLc0VysmHcZQZTQFpBx2	8.12366663724626
195798867	WXRuAJyMuAViHCpYPRVffOrexB03	8.21263140829656
195798868	WXRuAJyMuAViHCpYPRVffOrexB03	8.605751583671669
195798869	WXRuAJyMuAViHCpYPRVffOrexB03	11.80386154015887
195798870	WXRuAJyMuAViHCpYPRVffOrexB03	12.704830173706021
195798871	WXRuAJyMuAViHCpYPRVffOrexB03	8.434335814125845
195798872	WXRuAJyMuAViHCpYPRVffOrexB03	3.8460324481086374
195798873	WXRuAJyMuAViHCpYPRVffOrexB03	33.84952296658925
195798874	WXRuAJyMuAViHCpYPRVffOrexB03	6.849529496688746
195798875	tHP0GvI5hccNGBzYfgE2pkEHXiW2	6.995476046317076
195798876	tHP0GvI5hccNGBzYfgE2pkEHXiW2	6.550128535054554
195798877	tHP0GvI5hccNGBzYfgE2pkEHXiW2	4.719355908782706
195798878	tHP0GvI5hccNGBzYfgE2pkEHXiW2	11.00759060482958
195798879	tHP0GvI5hccNGBzYfgE2pkEHXiW2	4.023588056353006
195798880	tHP0GvI5hccNGBzYfgE2pkEHXiW2	25.495813443445897
195798881	tHP0GvI5hccNGBzYfgE2pkEHXiW2	4.552084356141094
195798882	tHP0GvI5hccNGBzYfgE2pkEHXiW2	17.02651672721045
195798883	tHP0GvI5hccNGBzYfgE2pkEHXiW2	5.4114248983411395
195798884	tHP0GvI5hccNGBzYfgE2pkEHXiW2	1.2954274214656998
195798885	tHP0GvI5hccNGBzYfgE2pkEHXiW2	4.972272354743051
195798886	tHP0GvI5hccNGBzYfgE2pkEHXiW2	17.51060004736376
195798887	tHP0GvI5hccNGBzYfgE2pkEHXiW2	14.031329359967565
195798888	tHP0GvI5hccNGBzYfgE2pkEHXiW2	13.485502043423864
195798889	tHP0GvI5hccNGBzYfgE2pkEHXiW2	4.09507316957415
195798890	EfKQNmht2ebtDnNadrezErlhcDF3	4.369948142385773
195798891	EfKQNmht2ebtDnNadrezErlhcDF3	8.58709559440105
195798892	EfKQNmht2ebtDnNadrezErlhcDF3	6.019432656569506
195798893	EfKQNmht2ebtDnNadrezErlhcDF3	3.5076292936412052
195798894	EfKQNmht2ebtDnNadrezErlhcDF3	1.7655857764850929
195798895	EfKQNmht2ebtDnNadrezErlhcDF3	4.802336009463044
195798896	EfKQNmht2ebtDnNadrezErlhcDF3	3.359799269237193
195798897	EfKQNmht2ebtDnNadrezErlhcDF3	2.633967452163972
195798898	EfKQNmht2ebtDnNadrezErlhcDF3	1.850198149335725
195798899	EfKQNmht2ebtDnNadrezErlhcDF3	5.279065896757629
195798900	EfKQNmht2ebtDnNadrezErlhcDF3	11.763673015029894
195798901	CanxAhhjiePs6niCtdVzPqVIzXt1	7.975457246798853
195798902	CanxAhhjiePs6niCtdVzPqVIzXt1	5.390225969191279
195798903	CanxAhhjiePs6niCtdVzPqVIzXt1	6.7805715984455865
195798904	CanxAhhjiePs6niCtdVzPqVIzXt1	2.4059415546592042
195798905	CanxAhhjiePs6niCtdVzPqVIzXt1	6.553233518816718
195798906	CanxAhhjiePs6niCtdVzPqVIzXt1	11.865974709868517
195798907	CanxAhhjiePs6niCtdVzPqVIzXt1	8.590209284797666
195798908	CanxAhhjiePs6niCtdVzPqVIzXt1	11.240068845353008
195798909	CanxAhhjiePs6niCtdVzPqVIzXt1	11.4272722922288
195798910	mHWscHBXcoabM7fdw88AliGuPWw1	11.267080448051379
195798911	mHWscHBXcoabM7fdw88AliGuPWw1	10.970484183464027
195798912	mHWscHBXcoabM7fdw88AliGuPWw1	17.234763788562447
195798913	mHWscHBXcoabM7fdw88AliGuPWw1	12.235025503377031
195798914	mHWscHBXcoabM7fdw88AliGuPWw1	24.69147241580177
195798915	mHWscHBXcoabM7fdw88AliGuPWw1	15.549552074123525
195798916	mHWscHBXcoabM7fdw88AliGuPWw1	18.322207856877284
195798917	THJAu4lbjHRa32ysgvSU3Etlb0d2	10.549367084284416
195798918	THJAu4lbjHRa32ysgvSU3Etlb0d2	11.17586454881086
195798919	THJAu4lbjHRa32ysgvSU3Etlb0d2	18.593490105588383
195798920	THJAu4lbjHRa32ysgvSU3Etlb0d2	17.14650581685347
195798921	THJAu4lbjHRa32ysgvSU3Etlb0d2	31.112135733729346
195798922	THJAu4lbjHRa32ysgvSU3Etlb0d2	67.49828996280938
195798923	b7tT96cSBaaiNnMJ2KcuOQPRkO83	4.336994589722951
195798924	b7tT96cSBaaiNnMJ2KcuOQPRkO83	11.340285803019057
195798925	b7tT96cSBaaiNnMJ2KcuOQPRkO83	4.075660006486093
195798926	b7tT96cSBaaiNnMJ2KcuOQPRkO83	8.00481024767259
195798927	b7tT96cSBaaiNnMJ2KcuOQPRkO83	9.168420300946678
195798928	b7tT96cSBaaiNnMJ2KcuOQPRkO83	5.912254222046556
195798929	b7tT96cSBaaiNnMJ2KcuOQPRkO83	1.8200033616992357
195798930	b7tT96cSBaaiNnMJ2KcuOQPRkO83	8.785013626560172
195798931	b7tT96cSBaaiNnMJ2KcuOQPRkO83	12.725278013669346
195798932	tHP0GvI5hccNGBzYfgE2pkEHXiW2	21.87003256642893
195798933	tHP0GvI5hccNGBzYfgE2pkEHXiW2	18.212494244805676
195798934	tHP0GvI5hccNGBzYfgE2pkEHXiW2	8.687714137828124
195798935	tHP0GvI5hccNGBzYfgE2pkEHXiW2	10.880750937673575
195798936	tHP0GvI5hccNGBzYfgE2pkEHXiW2	0.9264736601307249
195798937	ZegJLYO9QiacSJTQWx7CWauRcQr1	3.6186879729396138
195798938	ZegJLYO9QiacSJTQWx7CWauRcQr1	9.015178913017808
195798939	ZegJLYO9QiacSJTQWx7CWauRcQr1	4.6633034109747875
195798940	ZegJLYO9QiacSJTQWx7CWauRcQr1	7.631527924212634
195798941	ZegJLYO9QiacSJTQWx7CWauRcQr1	3.160684609227804
195798942	ZegJLYO9QiacSJTQWx7CWauRcQr1	1.4598986077777667
195798943	ZegJLYO9QiacSJTQWx7CWauRcQr1	3.765875967631615
195798944	ZegJLYO9QiacSJTQWx7CWauRcQr1	9.325823819786386
195798945	ZegJLYO9QiacSJTQWx7CWauRcQr1	8.543005181360215
195798946	b7tT96cSBaaiNnMJ2KcuOQPRkO83	13.306336757705843
195798947	b7tT96cSBaaiNnMJ2KcuOQPRkO83	5.53795966548352
195798948	b7tT96cSBaaiNnMJ2KcuOQPRkO83	9.366414852133634
195798949	b7tT96cSBaaiNnMJ2KcuOQPRkO83	6.328427428321305
195798950	b7tT96cSBaaiNnMJ2KcuOQPRkO83	13.522262142087186
195798951	b7tT96cSBaaiNnMJ2KcuOQPRkO83	7.8349801920272455
195798952	b7tT96cSBaaiNnMJ2KcuOQPRkO83	10.311219673356192
195798953	b7tT96cSBaaiNnMJ2KcuOQPRkO83	22.22625798882504
195798954	b7tT96cSBaaiNnMJ2KcuOQPRkO83	11.374892399978108
195798955	Gt0cspsUtRSvEXXHZKUWlVAfyVq2	3.28385026822477
195798956	Gt0cspsUtRSvEXXHZKUWlVAfyVq2	6.310871179471181
195798957	Gt0cspsUtRSvEXXHZKUWlVAfyVq2	5.233143594008416
195798958	Gt0cspsUtRSvEXXHZKUWlVAfyVq2	4.331663460338113
195798959	Gt0cspsUtRSvEXXHZKUWlVAfyVq2	4.671512457195817
195798960	Gt0cspsUtRSvEXXHZKUWlVAfyVq2	4.091585858034183
195798961	Gt0cspsUtRSvEXXHZKUWlVAfyVq2	1.900998642773576
195798962	Gt0cspsUtRSvEXXHZKUWlVAfyVq2	7.6654845217700895
195798963	FecxEEwWTpW5fnBaHIGu821YiLh2	37.15383423675326
195798964	FecxEEwWTpW5fnBaHIGu821YiLh2	13.966140456933985
195798965	FecxEEwWTpW5fnBaHIGu821YiLh2	30.381403599492053
195798966	FecxEEwWTpW5fnBaHIGu821YiLh2	30.863381227226824
195798967	FecxEEwWTpW5fnBaHIGu821YiLh2	60.60752946761795
195798968	FecxEEwWTpW5fnBaHIGu821YiLh2	54.01325323569819
195798969	FecxEEwWTpW5fnBaHIGu821YiLh2	87.35292733406499
195798970	ECPqsmdUcMhqkJwXAfhhs3XTgoa2	4.256697468024916
195798971	ECPqsmdUcMhqkJwXAfhhs3XTgoa2	0.9339196085983437
195798972	ECPqsmdUcMhqkJwXAfhhs3XTgoa2	2.3535025655793946
195798973	ECPqsmdUcMhqkJwXAfhhs3XTgoa2	1.1098975806798155
195798974	ECPqsmdUcMhqkJwXAfhhs3XTgoa2	4.4882941196095825
195798975	ECPqsmdUcMhqkJwXAfhhs3XTgoa2	1.286039281081571
195798976	ECPqsmdUcMhqkJwXAfhhs3XTgoa2	2.6942386987526348
195798977	ECPqsmdUcMhqkJwXAfhhs3XTgoa2	2.72296227679238
195798978	ECPqsmdUcMhqkJwXAfhhs3XTgoa2	1.179426498378966
195798979	ECPqsmdUcMhqkJwXAfhhs3XTgoa2	2.9960189278822824
195798980	ECPqsmdUcMhqkJwXAfhhs3XTgoa2	2.6280625064924727
195798981	flpss45kNMRJ1OyjEiJaPFx5rCo2	4.412402525002522
195798982	flpss45kNMRJ1OyjEiJaPFx5rCo2	2.499423047264804
195798983	flpss45kNMRJ1OyjEiJaPFx5rCo2	5.197824010899108
195798984	flpss45kNMRJ1OyjEiJaPFx5rCo2	6.9173075510284345
195798985	flpss45kNMRJ1OyjEiJaPFx5rCo2	6.337767727948155
195798986	flpss45kNMRJ1OyjEiJaPFx5rCo2	4.0722281953313875
195798987	flpss45kNMRJ1OyjEiJaPFx5rCo2	5.9110039635086125
195798988	flpss45kNMRJ1OyjEiJaPFx5rCo2	5.110546786740166
195798989	flpss45kNMRJ1OyjEiJaPFx5rCo2	7.371055566857699
195798990	flpss45kNMRJ1OyjEiJaPFx5rCo2	10.330623438604853
195798991	xxUUDYlSFESUIRvPTLDLReqO44G3	5.066953504349743
195798992	xxUUDYlSFESUIRvPTLDLReqO44G3	4.026323097758657
195798993	xxUUDYlSFESUIRvPTLDLReqO44G3	4.24336343959391
195798994	xxUUDYlSFESUIRvPTLDLReqO44G3	3.9103696716051743
195798995	xxUUDYlSFESUIRvPTLDLReqO44G3	4.564242048075183
195798996	xxUUDYlSFESUIRvPTLDLReqO44G3	4.923877864449661
195798997	xxUUDYlSFESUIRvPTLDLReqO44G3	5.398603403217063
195798998	xxUUDYlSFESUIRvPTLDLReqO44G3	4.513345859027652
195798999	xxUUDYlSFESUIRvPTLDLReqO44G3	12.916569947406465
195799000	ejZWulX03uRlAA3C5VqYK6jKNYs1	4.174870633291162
195799001	ejZWulX03uRlAA3C5VqYK6jKNYs1	3.1408660871136806
195799002	ejZWulX03uRlAA3C5VqYK6jKNYs1	2.515243015362371
195799003	ejZWulX03uRlAA3C5VqYK6jKNYs1	4.981262651997104
195799004	ejZWulX03uRlAA3C5VqYK6jKNYs1	6.724674273359835
195799005	ejZWulX03uRlAA3C5VqYK6jKNYs1	6.1454360687692
195799006	ejZWulX03uRlAA3C5VqYK6jKNYs1	9.555583647749863
195799007	ejZWulX03uRlAA3C5VqYK6jKNYs1	6.048753892011568
195799008	ejZWulX03uRlAA3C5VqYK6jKNYs1	3.1005118939099745
195799009	ejZWulX03uRlAA3C5VqYK6jKNYs1	28.246670505551897
195799010	ejZWulX03uRlAA3C5VqYK6jKNYs1	3.4959565039850844
195799011	ejZWulX03uRlAA3C5VqYK6jKNYs1	4.982409753903468
195799012	ejZWulX03uRlAA3C5VqYK6jKNYs1	4.628106639145372
195799013	ejZWulX03uRlAA3C5VqYK6jKNYs1	8.87198193514753
195799014	ejZWulX03uRlAA3C5VqYK6jKNYs1	7.884794094667484
195799015	lEq1lXM2xafR8w5blWO2OCG8VE93	6.252631931020103
195799016	lEq1lXM2xafR8w5blWO2OCG8VE93	6.170016378045011
195799017	lEq1lXM2xafR8w5blWO2OCG8VE93	5.821555731518966
195799018	lEq1lXM2xafR8w5blWO2OCG8VE93	13.27864535022971
195799019	lEq1lXM2xafR8w5blWO2OCG8VE93	4.189293575695082
195799020	lEq1lXM2xafR8w5blWO2OCG8VE93	10.147490213602275
195799021	lEq1lXM2xafR8w5blWO2OCG8VE93	11.667682631498309
195799022	lEq1lXM2xafR8w5blWO2OCG8VE93	16.03480190816245
195799023	lEq1lXM2xafR8w5blWO2OCG8VE93	4.6298244205831764
195799024	EOwDjm2STZfXSXQJzWXadFRGRzn1	3.999917200414404
195799025	EOwDjm2STZfXSXQJzWXadFRGRzn1	12.247906623586367
195799026	EOwDjm2STZfXSXQJzWXadFRGRzn1	15.050905145196584
195799027	EOwDjm2STZfXSXQJzWXadFRGRzn1	28.58025762841571
195799028	EOwDjm2STZfXSXQJzWXadFRGRzn1	8.062228911578984
195799029	EOwDjm2STZfXSXQJzWXadFRGRzn1	38.79332772625226
195799030	WXRuAJyMuAViHCpYPRVffOrexB03	8.221369212268499
195799031	WXRuAJyMuAViHCpYPRVffOrexB03	10.139311850352597
195799032	WXRuAJyMuAViHCpYPRVffOrexB03	11.698289148857523
195799033	WXRuAJyMuAViHCpYPRVffOrexB03	25.525596794252998
195799034	WXRuAJyMuAViHCpYPRVffOrexB03	15.876453375744568
195799035	WXRuAJyMuAViHCpYPRVffOrexB03	14.089834213717396
195799036	WXRuAJyMuAViHCpYPRVffOrexB03	17.216017783788757
195799037	WXRuAJyMuAViHCpYPRVffOrexB03	14.474344443221923
195799038	uJ59YClhDZUuJsN0vsDR1GRv6pu1	8.03674074417047
195799039	uJ59YClhDZUuJsN0vsDR1GRv6pu1	10.315084182241316
195799040	uJ59YClhDZUuJsN0vsDR1GRv6pu1	20.919006538409207
195799041	uJ59YClhDZUuJsN0vsDR1GRv6pu1	4.335137767024904
195799042	uJ59YClhDZUuJsN0vsDR1GRv6pu1	8.963128881867249
195799043	uJ59YClhDZUuJsN0vsDR1GRv6pu1	4.271562056131181
195799044	uJ59YClhDZUuJsN0vsDR1GRv6pu1	11.36294646884712
195799045	uJ59YClhDZUuJsN0vsDR1GRv6pu1	16.249957778226445
195799046	uJ59YClhDZUuJsN0vsDR1GRv6pu1	7.882562304094236
195799047	THJAu4lbjHRa32ysgvSU3Etlb0d2	4.691362400709529
195799048	THJAu4lbjHRa32ysgvSU3Etlb0d2	4.7701517986992865
195799049	THJAu4lbjHRa32ysgvSU3Etlb0d2	3.115524006778287
195799050	THJAu4lbjHRa32ysgvSU3Etlb0d2	5.7203158189842895
195799051	THJAu4lbjHRa32ysgvSU3Etlb0d2	25.98692391792326
195799052	THJAu4lbjHRa32ysgvSU3Etlb0d2	5.860674869367394
195799053	THJAu4lbjHRa32ysgvSU3Etlb0d2	8.651905097150987
195799054	EfKQNmht2ebtDnNadrezErlhcDF3	4.634785572302371
195799055	EfKQNmht2ebtDnNadrezErlhcDF3	3.2094895706800894
195799056	EfKQNmht2ebtDnNadrezErlhcDF3	5.435358144947191
195799057	EfKQNmht2ebtDnNadrezErlhcDF3	5.5585708861937135
195799058	EfKQNmht2ebtDnNadrezErlhcDF3	3.895320735852323
195799059	EfKQNmht2ebtDnNadrezErlhcDF3	4.805440759119421
195799060	EfKQNmht2ebtDnNadrezErlhcDF3	7.559177145576385
195799061	EfKQNmht2ebtDnNadrezErlhcDF3	7.326950769201559
195799062	CanxAhhjiePs6niCtdVzPqVIzXt1	3.938709465692409
195799063	CanxAhhjiePs6niCtdVzPqVIzXt1	6.8720472060284905
195799064	CanxAhhjiePs6niCtdVzPqVIzXt1	5.640949880789048
195799065	CanxAhhjiePs6niCtdVzPqVIzXt1	4.067634582074906
195799066	CanxAhhjiePs6niCtdVzPqVIzXt1	3.2581568257203593
195799067	CanxAhhjiePs6niCtdVzPqVIzXt1	9.893275473940417
195799068	CanxAhhjiePs6niCtdVzPqVIzXt1	2.4618028525006537
195799069	CanxAhhjiePs6niCtdVzPqVIzXt1	7.122701988612121
195799070	CanxAhhjiePs6niCtdVzPqVIzXt1	4.235176387482795
195799071	CanxAhhjiePs6niCtdVzPqVIzXt1	2.2403764481123076
195799072	CanxAhhjiePs6niCtdVzPqVIzXt1	6.54373375133185
195799073	CanxAhhjiePs6niCtdVzPqVIzXt1	1.1679959350208762
195799074	CanxAhhjiePs6niCtdVzPqVIzXt1	5.870154777934566
195799075	flpss45kNMRJ1OyjEiJaPFx5rCo2	6.003204766107679
195799076	flpss45kNMRJ1OyjEiJaPFx5rCo2	2.190982894575235
195799077	flpss45kNMRJ1OyjEiJaPFx5rCo2	4.440547324197658
195799078	flpss45kNMRJ1OyjEiJaPFx5rCo2	8.698879921442217
195799079	flpss45kNMRJ1OyjEiJaPFx5rCo2	6.895025812356575
195799080	flpss45kNMRJ1OyjEiJaPFx5rCo2	5.712596126654219
195799081	flpss45kNMRJ1OyjEiJaPFx5rCo2	4.113442362047664
195799082	flpss45kNMRJ1OyjEiJaPFx5rCo2	7.523849938834957
195799083	flpss45kNMRJ1OyjEiJaPFx5rCo2	6.228334483204989
195799084	EfKQNmht2ebtDnNadrezErlhcDF3	4.314490020388349
195799085	EfKQNmht2ebtDnNadrezErlhcDF3	4.677785621182702
195799086	EfKQNmht2ebtDnNadrezErlhcDF3	4.200724234245369
195799087	EfKQNmht2ebtDnNadrezErlhcDF3	6.4435471351606814
195799088	EfKQNmht2ebtDnNadrezErlhcDF3	4.042438157844767
195799089	EfKQNmht2ebtDnNadrezErlhcDF3	6.090710421500077
195799090	EfKQNmht2ebtDnNadrezErlhcDF3	7.311615047391335
195799091	EfKQNmht2ebtDnNadrezErlhcDF3	7.025468181644726
195799092	EfKQNmht2ebtDnNadrezErlhcDF3	4.168388703181215
195799093	mHWscHBXcoabM7fdw88AliGuPWw1	9.965960750933114
195799094	mHWscHBXcoabM7fdw88AliGuPWw1	5.873264431714016
195799095	mHWscHBXcoabM7fdw88AliGuPWw1	8.596170337852467
195799096	mHWscHBXcoabM7fdw88AliGuPWw1	11.553410466614412
195799097	mHWscHBXcoabM7fdw88AliGuPWw1	5.826136527328728
195799098	mHWscHBXcoabM7fdw88AliGuPWw1	3.173989683485118
195799099	mHWscHBXcoabM7fdw88AliGuPWw1	12.760904624081569
195799100	mHWscHBXcoabM7fdw88AliGuPWw1	8.058168886108305
195799101	mHWscHBXcoabM7fdw88AliGuPWw1	11.251694048676697
195799102	u2hytH2KWIS6ewdShfEZisygqIo2	3.091070962560994
195799103	u2hytH2KWIS6ewdShfEZisygqIo2	5.231239554694186
195799104	u2hytH2KWIS6ewdShfEZisygqIo2	9.445557013846443
195799105	u2hytH2KWIS6ewdShfEZisygqIo2	3.9006545426674784
195799106	u2hytH2KWIS6ewdShfEZisygqIo2	6.777852992668365
195799107	u2hytH2KWIS6ewdShfEZisygqIo2	3.223990151275771
195799108	u2hytH2KWIS6ewdShfEZisygqIo2	2.863040337721273
195799109	u2hytH2KWIS6ewdShfEZisygqIo2	3.392202327482771
195799110	u2hytH2KWIS6ewdShfEZisygqIo2	2.680926630434783
195799111	u2hytH2KWIS6ewdShfEZisygqIo2	6.480672683609868
195799112	u2hytH2KWIS6ewdShfEZisygqIo2	4.1972814735349715
195799113	u2hytH2KWIS6ewdShfEZisygqIo2	5.037731159563506
195799114	u2hytH2KWIS6ewdShfEZisygqIo2	10.535478247397194
195799115	b7tT96cSBaaiNnMJ2KcuOQPRkO83	3.605101273844303
195799116	b7tT96cSBaaiNnMJ2KcuOQPRkO83	4.5546798659563486
195799117	b7tT96cSBaaiNnMJ2KcuOQPRkO83	6.241277431001889
195799118	b7tT96cSBaaiNnMJ2KcuOQPRkO83	11.97280084894312
195799119	b7tT96cSBaaiNnMJ2KcuOQPRkO83	10.698190689981097
195799120	b7tT96cSBaaiNnMJ2KcuOQPRkO83	4.31216682884282
195799121	b7tT96cSBaaiNnMJ2KcuOQPRkO83	10.29106097216016
195799122	b7tT96cSBaaiNnMJ2KcuOQPRkO83	12.843529816119613
195799123	b7tT96cSBaaiNnMJ2KcuOQPRkO83	3.7348952696457047
195799124	b7tT96cSBaaiNnMJ2KcuOQPRkO83	3.5055265340264725
195799125	b7tT96cSBaaiNnMJ2KcuOQPRkO83	9.84592015904488
195799126	bKduvdIsrbbqPZ7Z3lCfQlF8WBn1	5.935085955714345
195799127	bKduvdIsrbbqPZ7Z3lCfQlF8WBn1	1.4216370356120525
195799128	bKduvdIsrbbqPZ7Z3lCfQlF8WBn1	5.136338006933171
195799129	bKduvdIsrbbqPZ7Z3lCfQlF8WBn1	6.696857038438715
195799130	bKduvdIsrbbqPZ7Z3lCfQlF8WBn1	17.846339726762274
195799131	bKduvdIsrbbqPZ7Z3lCfQlF8WBn1	5.209491725415525
195799132	bKduvdIsrbbqPZ7Z3lCfQlF8WBn1	6.992312428151571
195799133	bKduvdIsrbbqPZ7Z3lCfQlF8WBn1	8.341528945353424
195799134	bKduvdIsrbbqPZ7Z3lCfQlF8WBn1	4.288311332200593
195799135	bKduvdIsrbbqPZ7Z3lCfQlF8WBn1	2.901862478368841
195799136	bKduvdIsrbbqPZ7Z3lCfQlF8WBn1	4.07851510771745
195799137	bKduvdIsrbbqPZ7Z3lCfQlF8WBn1	2.0832540539377646
195799138	bKduvdIsrbbqPZ7Z3lCfQlF8WBn1	2.4141229931191788
195799139	bKduvdIsrbbqPZ7Z3lCfQlF8WBn1	2.2220955056682783
195799140	bKduvdIsrbbqPZ7Z3lCfQlF8WBn1	6.659002995473813
195799141	bKduvdIsrbbqPZ7Z3lCfQlF8WBn1	7.719796889148952
195799142	tHP0GvI5hccNGBzYfgE2pkEHXiW2	3.396877364127595
195799143	tHP0GvI5hccNGBzYfgE2pkEHXiW2	3.6137270070267364
195799144	tHP0GvI5hccNGBzYfgE2pkEHXiW2	3.990343516812736
195799145	tHP0GvI5hccNGBzYfgE2pkEHXiW2	3.2236825760625063
195799146	tHP0GvI5hccNGBzYfgE2pkEHXiW2	7.380405097410616
195799147	tHP0GvI5hccNGBzYfgE2pkEHXiW2	3.756708242163061
195799148	tHP0GvI5hccNGBzYfgE2pkEHXiW2	4.836299997566982
195799149	tHP0GvI5hccNGBzYfgE2pkEHXiW2	4.3899759181759705
195799150	tHP0GvI5hccNGBzYfgE2pkEHXiW2	6.213700388655248
195799151	tHP0GvI5hccNGBzYfgE2pkEHXiW2	5.785995463954563
195799152	tHP0GvI5hccNGBzYfgE2pkEHXiW2	4.534428301180206
195799153	tHP0GvI5hccNGBzYfgE2pkEHXiW2	5.502396090966499
195799154	Om0JhZ6RmTNQ5wDLPHKIC3LtY4g2	8.462777951505375
195799155	Om0JhZ6RmTNQ5wDLPHKIC3LtY4g2	14.507359302249304
195799156	Om0JhZ6RmTNQ5wDLPHKIC3LtY4g2	13.628048450095626
195799157	Om0JhZ6RmTNQ5wDLPHKIC3LtY4g2	3.9583824570174855
195799158	Om0JhZ6RmTNQ5wDLPHKIC3LtY4g2	8.881898349494747
195799159	Om0JhZ6RmTNQ5wDLPHKIC3LtY4g2	10.102806785834268
195799160	Om0JhZ6RmTNQ5wDLPHKIC3LtY4g2	13.086212315713752
195799161	Om0JhZ6RmTNQ5wDLPHKIC3LtY4g2	4.139234895754242
195799162	Om0JhZ6RmTNQ5wDLPHKIC3LtY4g2	7.286943019454526
195799163	ILoW3cdKuQPYK9GCBc6aoCHzooz2	10.904625
195799164	ILoW3cdKuQPYK9GCBc6aoCHzooz2	2.639246440890714
195799165	ILoW3cdKuQPYK9GCBc6aoCHzooz2	1.570319480197302
195799166	ILoW3cdKuQPYK9GCBc6aoCHzooz2	1.3650573063764035
195799167	ILoW3cdKuQPYK9GCBc6aoCHzooz2	1.5369192800337963
195799168	ILoW3cdKuQPYK9GCBc6aoCHzooz2	1.2341701215844694
195799169	ILoW3cdKuQPYK9GCBc6aoCHzooz2	2.109290462203191
195799170	ILoW3cdKuQPYK9GCBc6aoCHzooz2	0.6042153498232068
195799171	ihIoefKsGwTDai7fGs9x3DyNvju2	10.964592285444237
195799172	ihIoefKsGwTDai7fGs9x3DyNvju2	5.598438124766128
195799173	ihIoefKsGwTDai7fGs9x3DyNvju2	8.367341228332684
195799174	ihIoefKsGwTDai7fGs9x3DyNvju2	14.651954397490979
195799175	ihIoefKsGwTDai7fGs9x3DyNvju2	11.754812359650352
195799176	ihIoefKsGwTDai7fGs9x3DyNvju2	8.048068052930056
195799177	ihIoefKsGwTDai7fGs9x3DyNvju2	5.42779014289799
195799178	ihIoefKsGwTDai7fGs9x3DyNvju2	19.5974980102755
195799179	xxUUDYlSFESUIRvPTLDLReqO44G3	4.264616498817187
195799180	xxUUDYlSFESUIRvPTLDLReqO44G3	10.208944966591869
195799181	xxUUDYlSFESUIRvPTLDLReqO44G3	6.107381100274701
195799182	xxUUDYlSFESUIRvPTLDLReqO44G3	12.108065295029146
195799183	xxUUDYlSFESUIRvPTLDLReqO44G3	9.184751583240264
195799184	xxUUDYlSFESUIRvPTLDLReqO44G3	13.742707441378506
195799185	xxUUDYlSFESUIRvPTLDLReqO44G3	14.258422929355461
195799186	xxUUDYlSFESUIRvPTLDLReqO44G3	9.6747875170648
195799187	xxUUDYlSFESUIRvPTLDLReqO44G3	8.322739439229025
195799188	xxUUDYlSFESUIRvPTLDLReqO44G3	9.088131105786857
195799189	xxUUDYlSFESUIRvPTLDLReqO44G3	16.818470232989483
195799190	ZegJLYO9QiacSJTQWx7CWauRcQr1	1.4203613148985017
195799191	ZegJLYO9QiacSJTQWx7CWauRcQr1	3.3751307288372034
195799192	ZegJLYO9QiacSJTQWx7CWauRcQr1	6.716507533201568
195799193	ZegJLYO9QiacSJTQWx7CWauRcQr1	5.802018802606025
195799194	ZegJLYO9QiacSJTQWx7CWauRcQr1	2.567520625925365
195799195	ZegJLYO9QiacSJTQWx7CWauRcQr1	11.478285118648706
195799196	ZegJLYO9QiacSJTQWx7CWauRcQr1	5.200924320031618
195799197	ZegJLYO9QiacSJTQWx7CWauRcQr1	3.1089760719103054
195799198	ZegJLYO9QiacSJTQWx7CWauRcQr1	4.532934022712553
195799199	ZegJLYO9QiacSJTQWx7CWauRcQr1	2.251739518374869
195799200	ZegJLYO9QiacSJTQWx7CWauRcQr1	4.811416150439932
195799201	CanxAhhjiePs6niCtdVzPqVIzXt1	5.126297780541396
195799202	CanxAhhjiePs6niCtdVzPqVIzXt1	6.797110786211391
195799203	CanxAhhjiePs6niCtdVzPqVIzXt1	5.390033709699106
195799204	CanxAhhjiePs6niCtdVzPqVIzXt1	9.573993013746062
195799205	CanxAhhjiePs6niCtdVzPqVIzXt1	8.821960978518614
195799206	CanxAhhjiePs6niCtdVzPqVIzXt1	16.04636680832406
195799207	CanxAhhjiePs6niCtdVzPqVIzXt1	13.409411833707061
195799208	CanxAhhjiePs6niCtdVzPqVIzXt1	5.890575684577811
195799209	CanxAhhjiePs6niCtdVzPqVIzXt1	7.76714849037721
195799210	CanxAhhjiePs6niCtdVzPqVIzXt1	3.419666609892957
195799211	u2hytH2KWIS6ewdShfEZisygqIo2	8.215822175270807
195799212	u2hytH2KWIS6ewdShfEZisygqIo2	15.921336167801806
195799213	u2hytH2KWIS6ewdShfEZisygqIo2	11.774035122159958
195799214	u2hytH2KWIS6ewdShfEZisygqIo2	4.712028371580686
195799215	u2hytH2KWIS6ewdShfEZisygqIo2	2.9904179669464312
195799216	u2hytH2KWIS6ewdShfEZisygqIo2	5.940359912379819
195799217	u2hytH2KWIS6ewdShfEZisygqIo2	1.5600625221278221
195799218	u2hytH2KWIS6ewdShfEZisygqIo2	9.279291534984466
195799219	Sn3Nw7A3OmOkiMXEFjEyRusLuuo2	26.66676938203356
195799220	Sn3Nw7A3OmOkiMXEFjEyRusLuuo2	30.56506772798238
195799221	Sn3Nw7A3OmOkiMXEFjEyRusLuuo2	18.5222956237885
195799222	Sn3Nw7A3OmOkiMXEFjEyRusLuuo2	29.932351881924433
195799223	Sn3Nw7A3OmOkiMXEFjEyRusLuuo2	36.48303323609453
195799224	Sn3Nw7A3OmOkiMXEFjEyRusLuuo2	30.24825143245178
195799225	Sn3Nw7A3OmOkiMXEFjEyRusLuuo2	29.678376087865104
195799226	jWPmLFrSHDZItPTjjPUB8KAsjlq2	3.507179631365388
195799227	jWPmLFrSHDZItPTjjPUB8KAsjlq2	2.9613636608125677
195799228	jWPmLFrSHDZItPTjjPUB8KAsjlq2	7.689095564830669
195799229	jWPmLFrSHDZItPTjjPUB8KAsjlq2	4.64986289366008
195799230	jWPmLFrSHDZItPTjjPUB8KAsjlq2	7.347883096768733
195799231	jWPmLFrSHDZItPTjjPUB8KAsjlq2	9.859778604147028
195799232	tHP0GvI5hccNGBzYfgE2pkEHXiW2	4.2758742009008275
195799233	tHP0GvI5hccNGBzYfgE2pkEHXiW2	4.673451196153602
195799234	tHP0GvI5hccNGBzYfgE2pkEHXiW2	3.0855150357834216
195799235	tHP0GvI5hccNGBzYfgE2pkEHXiW2	5.306283168440558
195799236	tHP0GvI5hccNGBzYfgE2pkEHXiW2	6.708975562039559
195799237	tHP0GvI5hccNGBzYfgE2pkEHXiW2	36.606402156003156
195799238	ihIoefKsGwTDai7fGs9x3DyNvju2	2.1978169057362638
195799239	ihIoefKsGwTDai7fGs9x3DyNvju2	4.624700373276768
195799240	ihIoefKsGwTDai7fGs9x3DyNvju2	6.9485075973366754
195799241	ihIoefKsGwTDai7fGs9x3DyNvju2	8.302385687711551
195799242	ihIoefKsGwTDai7fGs9x3DyNvju2	5.149477372214623
195799243	ihIoefKsGwTDai7fGs9x3DyNvju2	10.693599515605651
195799244	ihIoefKsGwTDai7fGs9x3DyNvju2	9.379795547859153
195799245	ihIoefKsGwTDai7fGs9x3DyNvju2	14.683107650580759
195799246	tHP0GvI5hccNGBzYfgE2pkEHXiW2	8.946784913491152
195799247	tHP0GvI5hccNGBzYfgE2pkEHXiW2	3.6125494156420075
195799248	tHP0GvI5hccNGBzYfgE2pkEHXiW2	7.372103130707782
195799249	tHP0GvI5hccNGBzYfgE2pkEHXiW2	5.443811035952141
195799250	tHP0GvI5hccNGBzYfgE2pkEHXiW2	16.102178777625383
195799251	tHP0GvI5hccNGBzYfgE2pkEHXiW2	6.663676041232414
195799252	tHP0GvI5hccNGBzYfgE2pkEHXiW2	2.8022237207381195
195799253	tHP0GvI5hccNGBzYfgE2pkEHXiW2	0.9063105336887247
195799254	M3RVTGHWrAMCChSiCDrpejluqjQ2	6.180042793774716
195799255	M3RVTGHWrAMCChSiCDrpejluqjQ2	6.643157971676952
195799256	M3RVTGHWrAMCChSiCDrpejluqjQ2	7.77218649038252
195799257	M3RVTGHWrAMCChSiCDrpejluqjQ2	6.872137308856885
195799258	M3RVTGHWrAMCChSiCDrpejluqjQ2	3.9738926558200767
195799259	M3RVTGHWrAMCChSiCDrpejluqjQ2	7.876772311540222
195799260	M3RVTGHWrAMCChSiCDrpejluqjQ2	10.272863444394254
195799261	M3RVTGHWrAMCChSiCDrpejluqjQ2	5.75276752975752
195799262	M3RVTGHWrAMCChSiCDrpejluqjQ2	3.6935551371379347
195799263	M3RVTGHWrAMCChSiCDrpejluqjQ2	5.2688400208707264
195799264	M3RVTGHWrAMCChSiCDrpejluqjQ2	7.9931195191208815
195799265	M3RVTGHWrAMCChSiCDrpejluqjQ2	8.987916999999996
195799266	XmxSYUZAj4dRqSczt2clQkDf31M2	7.657129416253044
195799267	XmxSYUZAj4dRqSczt2clQkDf31M2	10.673650073555399
195799268	XmxSYUZAj4dRqSczt2clQkDf31M2	16.36628713433363
195799269	XmxSYUZAj4dRqSczt2clQkDf31M2	22.137266529972543
195799270	XmxSYUZAj4dRqSczt2clQkDf31M2	9.422682107225597
195799271	XmxSYUZAj4dRqSczt2clQkDf31M2	11.999697654956194
195799272	XmxSYUZAj4dRqSczt2clQkDf31M2	12.479702376618206
195799273	XmxSYUZAj4dRqSczt2clQkDf31M2	8.730506716981893
195799274	XmxSYUZAj4dRqSczt2clQkDf31M2	3.6187909153254765
195799275	tHP0GvI5hccNGBzYfgE2pkEHXiW2	12.920447371728606
195799276	tHP0GvI5hccNGBzYfgE2pkEHXiW2	3.989687974169616
195799277	tHP0GvI5hccNGBzYfgE2pkEHXiW2	11.369965470941334
195799278	tHP0GvI5hccNGBzYfgE2pkEHXiW2	16.99865329832614
195799279	tHP0GvI5hccNGBzYfgE2pkEHXiW2	8.643781358146803
195799280	tHP0GvI5hccNGBzYfgE2pkEHXiW2	5.25442072591288
195799281	tHP0GvI5hccNGBzYfgE2pkEHXiW2	5.716966565496875
195799282	Gt0cspsUtRSvEXXHZKUWlVAfyVq2	7.5295171921070505
195799283	Gt0cspsUtRSvEXXHZKUWlVAfyVq2	7.007994881964988
195799284	Gt0cspsUtRSvEXXHZKUWlVAfyVq2	7.452038797631793
195799285	Gt0cspsUtRSvEXXHZKUWlVAfyVq2	9.360360700236747
195799286	Gt0cspsUtRSvEXXHZKUWlVAfyVq2	4.879387467891966
195799287	Gt0cspsUtRSvEXXHZKUWlVAfyVq2	12.209896503659387
195799288	Gt0cspsUtRSvEXXHZKUWlVAfyVq2	8.582839613662657
195799289	Gt0cspsUtRSvEXXHZKUWlVAfyVq2	9.643227298613994
195799290	ECPqsmdUcMhqkJwXAfhhs3XTgoa2	6.071910428306779
195799291	ECPqsmdUcMhqkJwXAfhhs3XTgoa2	5.545983609258281
195799292	ECPqsmdUcMhqkJwXAfhhs3XTgoa2	14.604916236336308
195799293	ECPqsmdUcMhqkJwXAfhhs3XTgoa2	9.86516208967343
195799294	ECPqsmdUcMhqkJwXAfhhs3XTgoa2	3.334350789224949
195799295	ECPqsmdUcMhqkJwXAfhhs3XTgoa2	8.311185917855305
195799296	ECPqsmdUcMhqkJwXAfhhs3XTgoa2	6.447492507905139
195799297	ECPqsmdUcMhqkJwXAfhhs3XTgoa2	10.336851692730711
195799298	ECPqsmdUcMhqkJwXAfhhs3XTgoa2	2.771571593572787
195799299	ECPqsmdUcMhqkJwXAfhhs3XTgoa2	8.934391413473108
195799300	ECPqsmdUcMhqkJwXAfhhs3XTgoa2	6.958345807325699
195799301	ZegJLYO9QiacSJTQWx7CWauRcQr1	5.450636991395649
195799302	ZegJLYO9QiacSJTQWx7CWauRcQr1	4.050339643667296
195799303	ZegJLYO9QiacSJTQWx7CWauRcQr1	4.742767074325487
195799304	ZegJLYO9QiacSJTQWx7CWauRcQr1	2.9089172323423256
195799305	ZegJLYO9QiacSJTQWx7CWauRcQr1	4.031894929369308
195799306	ZegJLYO9QiacSJTQWx7CWauRcQr1	7.5947452201409185
195799307	ZegJLYO9QiacSJTQWx7CWauRcQr1	3.749190392507302
195799308	ZegJLYO9QiacSJTQWx7CWauRcQr1	8.735270690840352
195799309	ZegJLYO9QiacSJTQWx7CWauRcQr1	3.3511879745807605
195799310	4w6SC0KmlKV4YmJTalgWiZalQHi2	5.84190630793633
195799311	4w6SC0KmlKV4YmJTalgWiZalQHi2	5.877975206091232
195799312	4w6SC0KmlKV4YmJTalgWiZalQHi2	9.97523060868443
195799313	4w6SC0KmlKV4YmJTalgWiZalQHi2	6.472301256764144
195799314	4w6SC0KmlKV4YmJTalgWiZalQHi2	19.351764705882353
195799315	4w6SC0KmlKV4YmJTalgWiZalQHi2	24.37505046805309
195799316	4w6SC0KmlKV4YmJTalgWiZalQHi2	28.31828922109443
195799317	4w6SC0KmlKV4YmJTalgWiZalQHi2	5.599985996557805
195799318	4w6SC0KmlKV4YmJTalgWiZalQHi2	31.917870722683162
195799319	4w6SC0KmlKV4YmJTalgWiZalQHi2	13.98715859111411
195799320	4w6SC0KmlKV4YmJTalgWiZalQHi2	8.807241675569173
195799321	4w6SC0KmlKV4YmJTalgWiZalQHi2	12.795125715570464
195799322	4w6SC0KmlKV4YmJTalgWiZalQHi2	10.822643774227714
195799323	4w6SC0KmlKV4YmJTalgWiZalQHi2	36.25389774616272
195799324	4w6SC0KmlKV4YmJTalgWiZalQHi2	1.5635201955869036
195799325	jWPmLFrSHDZItPTjjPUB8KAsjlq2	4.970961926037069
195799326	jWPmLFrSHDZItPTjjPUB8KAsjlq2	2.625456702912623
195799327	jWPmLFrSHDZItPTjjPUB8KAsjlq2	4.118853661782881
195799328	jWPmLFrSHDZItPTjjPUB8KAsjlq2	6.64723168578994
195799329	jWPmLFrSHDZItPTjjPUB8KAsjlq2	6.003727123212705
195799330	jWPmLFrSHDZItPTjjPUB8KAsjlq2	6.264736870785523
195799331	jWPmLFrSHDZItPTjjPUB8KAsjlq2	3.3765267039717557
195799332	jWPmLFrSHDZItPTjjPUB8KAsjlq2	4.332851066548983
195799333	jWPmLFrSHDZItPTjjPUB8KAsjlq2	2.367540516151813
195799334	jWPmLFrSHDZItPTjjPUB8KAsjlq2	3.731900135216236
195799335	jWPmLFrSHDZItPTjjPUB8KAsjlq2	3.444925170068025
195799336	jWPmLFrSHDZItPTjjPUB8KAsjlq2	6.426170734679388
195799337	jWPmLFrSHDZItPTjjPUB8KAsjlq2	3.5332887156086557
195799338	ihIoefKsGwTDai7fGs9x3DyNvju2	3.5850053475935812
195799339	ihIoefKsGwTDai7fGs9x3DyNvju2	2.0044912772732486
195799340	ihIoefKsGwTDai7fGs9x3DyNvju2	2.1339251336898375
195799341	ihIoefKsGwTDai7fGs9x3DyNvju2	4.533162658976245
195799342	ihIoefKsGwTDai7fGs9x3DyNvju2	3.458299477380466
195799343	ihIoefKsGwTDai7fGs9x3DyNvju2	2.982262694155118
195799344	ihIoefKsGwTDai7fGs9x3DyNvju2	3.138931915385477
195799345	ihIoefKsGwTDai7fGs9x3DyNvju2	2.672398647623325
195799346	ihIoefKsGwTDai7fGs9x3DyNvju2	4.546998098558717
195799347	ihIoefKsGwTDai7fGs9x3DyNvju2	4.219684911588907
195799348	22lbfrTq0OP1g1mwv7RZwXUl6eW2	1.8742263695141248
195799349	22lbfrTq0OP1g1mwv7RZwXUl6eW2	2.9895073100509033
195799350	22lbfrTq0OP1g1mwv7RZwXUl6eW2	4.347646091161123
195799351	22lbfrTq0OP1g1mwv7RZwXUl6eW2	8.630449226789553
195799352	22lbfrTq0OP1g1mwv7RZwXUl6eW2	8.518931945933463
195799353	22lbfrTq0OP1g1mwv7RZwXUl6eW2	5.848442632689402
195799354	22lbfrTq0OP1g1mwv7RZwXUl6eW2	5.037070454795753
195799355	22lbfrTq0OP1g1mwv7RZwXUl6eW2	1.3684034360779265
195799356	22lbfrTq0OP1g1mwv7RZwXUl6eW2	7.9798970766488395
195799357	22lbfrTq0OP1g1mwv7RZwXUl6eW2	7.105767468444341
195799358	vrDD6j0aEnQfytObzHmMJYKTeFf2	11.50331322636335
195799359	vrDD6j0aEnQfytObzHmMJYKTeFf2	18.445092678237053
195799360	vrDD6j0aEnQfytObzHmMJYKTeFf2	43.037106475322226
195799361	vrDD6j0aEnQfytObzHmMJYKTeFf2	25.701980375613843
195799362	vrDD6j0aEnQfytObzHmMJYKTeFf2	7.463401574501461
195799363	vrDD6j0aEnQfytObzHmMJYKTeFf2	13.20504193655212
195799364	vrDD6j0aEnQfytObzHmMJYKTeFf2	27.221524698040895
195799365	EfKQNmht2ebtDnNadrezErlhcDF3	2.8779763980460884
195799366	EfKQNmht2ebtDnNadrezErlhcDF3	4.449085929423595
195799367	EfKQNmht2ebtDnNadrezErlhcDF3	3.1535051617222614
195799368	EfKQNmht2ebtDnNadrezErlhcDF3	7.588961659853906
195799369	EfKQNmht2ebtDnNadrezErlhcDF3	6.605706371440725
195799370	EfKQNmht2ebtDnNadrezErlhcDF3	5.408193843537411
195799371	EfKQNmht2ebtDnNadrezErlhcDF3	12.154543344370232
195799372	EfKQNmht2ebtDnNadrezErlhcDF3	8.994754093973846
195799373	EfKQNmht2ebtDnNadrezErlhcDF3	3.195010809364419
195799374	EfKQNmht2ebtDnNadrezErlhcDF3	6.33326263484679
195799375	M3RVTGHWrAMCChSiCDrpejluqjQ2	3.6249496791403226
195799376	M3RVTGHWrAMCChSiCDrpejluqjQ2	2.3238704401224783
195799377	M3RVTGHWrAMCChSiCDrpejluqjQ2	1.579272741013428
195799378	M3RVTGHWrAMCChSiCDrpejluqjQ2	2.387159683015618
195799379	M3RVTGHWrAMCChSiCDrpejluqjQ2	2.1779780744032777
195799380	M3RVTGHWrAMCChSiCDrpejluqjQ2	3.4238843077466115
195799381	M3RVTGHWrAMCChSiCDrpejluqjQ2	1.7570449066632357
195799382	M3RVTGHWrAMCChSiCDrpejluqjQ2	1.8664269824065052
195799383	M3RVTGHWrAMCChSiCDrpejluqjQ2	2.652264113383893
195799384	M3RVTGHWrAMCChSiCDrpejluqjQ2	2.3125371608343706
195799385	M3RVTGHWrAMCChSiCDrpejluqjQ2	2.7948774517521002
195799386	M3RVTGHWrAMCChSiCDrpejluqjQ2	7.38497050265763
195799387	M3RVTGHWrAMCChSiCDrpejluqjQ2	2.533947177066956
195799388	M3RVTGHWrAMCChSiCDrpejluqjQ2	4.531184162246461
195799389	M3RVTGHWrAMCChSiCDrpejluqjQ2	3.296327267017567
195799390	M3RVTGHWrAMCChSiCDrpejluqjQ2	2.6011272065206725
195799391	M3RVTGHWrAMCChSiCDrpejluqjQ2	6.302558386829986
195799392	M3RVTGHWrAMCChSiCDrpejluqjQ2	3.9126500589112254
195799393	M3RVTGHWrAMCChSiCDrpejluqjQ2	8.007496051859846
195799394	M3RVTGHWrAMCChSiCDrpejluqjQ2	2.5295879150807536
195799395	M3RVTGHWrAMCChSiCDrpejluqjQ2	3.482261884964572
195799396	M3RVTGHWrAMCChSiCDrpejluqjQ2	2.1540383569093535
195799397	M3RVTGHWrAMCChSiCDrpejluqjQ2	9.839269252575775
195799398	M3RVTGHWrAMCChSiCDrpejluqjQ2	2.462986005001028
195799399	M3RVTGHWrAMCChSiCDrpejluqjQ2	1.91045650410814
195799400	M3RVTGHWrAMCChSiCDrpejluqjQ2	7.219393553494115
195799401	M3RVTGHWrAMCChSiCDrpejluqjQ2	3.8034427074830006
195799402	M3RVTGHWrAMCChSiCDrpejluqjQ2	3.716725652524005
195799403	M3RVTGHWrAMCChSiCDrpejluqjQ2	8.969159335454506
195799404	l10DBTU0vaSPzKuDElOBDPPpe2H3	2.7650094174397033
195799405	l10DBTU0vaSPzKuDElOBDPPpe2H3	3.113313240887461
195799406	l10DBTU0vaSPzKuDElOBDPPpe2H3	4.90511275510204
195799407	l10DBTU0vaSPzKuDElOBDPPpe2H3	3.3853488799771263
195799408	l10DBTU0vaSPzKuDElOBDPPpe2H3	5.087334810672321
195799409	l10DBTU0vaSPzKuDElOBDPPpe2H3	3.0999234917395526
195799410	l10DBTU0vaSPzKuDElOBDPPpe2H3	2.396468365039734
195799411	l10DBTU0vaSPzKuDElOBDPPpe2H3	6.84834537573991
195799412	l10DBTU0vaSPzKuDElOBDPPpe2H3	1.3149062986873261
195799413	l10DBTU0vaSPzKuDElOBDPPpe2H3	4.228107986571253
195799414	l10DBTU0vaSPzKuDElOBDPPpe2H3	2.502871280042605
195799415	l10DBTU0vaSPzKuDElOBDPPpe2H3	4.792309303648729
195799416	l10DBTU0vaSPzKuDElOBDPPpe2H3	1.976627237221578
195799417	tHP0GvI5hccNGBzYfgE2pkEHXiW2	33.22099563158825
195799418	tHP0GvI5hccNGBzYfgE2pkEHXiW2	21.528311951561193
195799419	tHP0GvI5hccNGBzYfgE2pkEHXiW2	50.478192628533336
195799420	tHP0GvI5hccNGBzYfgE2pkEHXiW2	4.9576948968850445
195799421	tHP0GvI5hccNGBzYfgE2pkEHXiW2	1.673800305741068
195799422	tHP0GvI5hccNGBzYfgE2pkEHXiW2	18.553759968532532
195799423	0FdMSMtn95PJ9tLFeW3F4sFLPMh1	3.2527089244112695
195799424	0FdMSMtn95PJ9tLFeW3F4sFLPMh1	3.524117938484255
195799425	0FdMSMtn95PJ9tLFeW3F4sFLPMh1	4.736715207656454
195799426	0FdMSMtn95PJ9tLFeW3F4sFLPMh1	4.0255762181728585
195799427	0FdMSMtn95PJ9tLFeW3F4sFLPMh1	6.736667340882857
195799428	0FdMSMtn95PJ9tLFeW3F4sFLPMh1	5.732246388656858
195799429	0FdMSMtn95PJ9tLFeW3F4sFLPMh1	9.878863460266516
195799430	0FdMSMtn95PJ9tLFeW3F4sFLPMh1	4.044160833411141
195799431	0FdMSMtn95PJ9tLFeW3F4sFLPMh1	7.298012999387282
195799432	aKXkeU8QguUwr1lDK1mxXri9hqN2	6.249484951846124
195799433	aKXkeU8QguUwr1lDK1mxXri9hqN2	6.475207283420795
195799434	aKXkeU8QguUwr1lDK1mxXri9hqN2	11.878957014393103
195799435	aKXkeU8QguUwr1lDK1mxXri9hqN2	10.760887812679911
195799436	aKXkeU8QguUwr1lDK1mxXri9hqN2	9.63488071211787
195799437	aKXkeU8QguUwr1lDK1mxXri9hqN2	7.206727414268862
195799438	aKXkeU8QguUwr1lDK1mxXri9hqN2	9.090436993935015
195799439	TzE1wYChYkTUAVNeVtZjXuO8cBi2	2.9502184239723306
195799440	TzE1wYChYkTUAVNeVtZjXuO8cBi2	3.313985360697867
195799441	TzE1wYChYkTUAVNeVtZjXuO8cBi2	5.488200301362042
195799442	TzE1wYChYkTUAVNeVtZjXuO8cBi2	4.931547600755238
195799443	TzE1wYChYkTUAVNeVtZjXuO8cBi2	8.980685573671728
195799444	TzE1wYChYkTUAVNeVtZjXuO8cBi2	10.891005485726012
195799445	TzE1wYChYkTUAVNeVtZjXuO8cBi2	6.080093670867342
195799446	TzE1wYChYkTUAVNeVtZjXuO8cBi2	6.447515559152215
195799447	EfKQNmht2ebtDnNadrezErlhcDF3	4.436205262584687
195799448	EfKQNmht2ebtDnNadrezErlhcDF3	8.341573260981768
195799449	EfKQNmht2ebtDnNadrezErlhcDF3	5.303725598740131
195799450	EfKQNmht2ebtDnNadrezErlhcDF3	5.669670962007466
195799451	EfKQNmht2ebtDnNadrezErlhcDF3	7.4611815223430895
195799452	EfKQNmht2ebtDnNadrezErlhcDF3	6.0732364489510005
195799453	EfKQNmht2ebtDnNadrezErlhcDF3	6.76356260401392
195799454	CjlD9aGvoSfMhsnUwRIQlMr4IFp1	7.014950278647597
195799455	CjlD9aGvoSfMhsnUwRIQlMr4IFp1	7.2305648053175435
195799456	CjlD9aGvoSfMhsnUwRIQlMr4IFp1	6.23669479953384
195799457	CjlD9aGvoSfMhsnUwRIQlMr4IFp1	4.572537316909777
195799458	CjlD9aGvoSfMhsnUwRIQlMr4IFp1	24.060564718206734
195799459	l10DBTU0vaSPzKuDElOBDPPpe2H3	8.668163709278474
195799460	l10DBTU0vaSPzKuDElOBDPPpe2H3	5.257251982358671
195799461	l10DBTU0vaSPzKuDElOBDPPpe2H3	8.373064256039353
195799462	l10DBTU0vaSPzKuDElOBDPPpe2H3	5.911997277145261
195799463	l10DBTU0vaSPzKuDElOBDPPpe2H3	2.4600068042122203
195799464	l10DBTU0vaSPzKuDElOBDPPpe2H3	7.805300955283265
195799465	l10DBTU0vaSPzKuDElOBDPPpe2H3	12.392482565020863
195799466	l10DBTU0vaSPzKuDElOBDPPpe2H3	3.3953267856002256
195799467	l10DBTU0vaSPzKuDElOBDPPpe2H3	7.243903208195576
195799468	l10DBTU0vaSPzKuDElOBDPPpe2H3	4.337030638077067
195799469	l10DBTU0vaSPzKuDElOBDPPpe2H3	6.911395323790785
195799470	l10DBTU0vaSPzKuDElOBDPPpe2H3	4.36140711960887
195799471	l10DBTU0vaSPzKuDElOBDPPpe2H3	3.9341290896595495
195799472	l10DBTU0vaSPzKuDElOBDPPpe2H3	9.068626846903697
195799473	l10DBTU0vaSPzKuDElOBDPPpe2H3	4.338368058384731
195799474	l10DBTU0vaSPzKuDElOBDPPpe2H3	3.8767884501510537
195799475	l10DBTU0vaSPzKuDElOBDPPpe2H3	2.3743570383972212
195799476	l10DBTU0vaSPzKuDElOBDPPpe2H3	2.694824310393159
195799477	l10DBTU0vaSPzKuDElOBDPPpe2H3	14.701723723492222
195799478	l10DBTU0vaSPzKuDElOBDPPpe2H3	3.353350396255138
195799479	l10DBTU0vaSPzKuDElOBDPPpe2H3	6.612726508807526
195799480	l10DBTU0vaSPzKuDElOBDPPpe2H3	8.697514324671886
195799481	d4lLmJzVbJaLpyCuafResXOry3t2	8.790364220287312
195799482	d4lLmJzVbJaLpyCuafResXOry3t2	9.7180693166972
195799483	d4lLmJzVbJaLpyCuafResXOry3t2	6.142647565222084
195799484	d4lLmJzVbJaLpyCuafResXOry3t2	10.3118783997941
195799485	d4lLmJzVbJaLpyCuafResXOry3t2	6.9114764115523215
195799486	d4lLmJzVbJaLpyCuafResXOry3t2	8.565955121883405
195799487	d4lLmJzVbJaLpyCuafResXOry3t2	6.1378842462938294
195799488	d4lLmJzVbJaLpyCuafResXOry3t2	10.479953614534878
195799489	d4lLmJzVbJaLpyCuafResXOry3t2	21.256656141385463
195799490	d4lLmJzVbJaLpyCuafResXOry3t2	12.086431853192096
195799491	Gt0cspsUtRSvEXXHZKUWlVAfyVq2	3.433351349997418
195799492	Gt0cspsUtRSvEXXHZKUWlVAfyVq2	5.161294894413362
195799493	Gt0cspsUtRSvEXXHZKUWlVAfyVq2	11.949188639910183
195799494	Gt0cspsUtRSvEXXHZKUWlVAfyVq2	5.542371175672596
195799495	Gt0cspsUtRSvEXXHZKUWlVAfyVq2	2.8529403739177397
195799496	Gt0cspsUtRSvEXXHZKUWlVAfyVq2	5.695149817424273
195799497	Gt0cspsUtRSvEXXHZKUWlVAfyVq2	3.229448310486376
195799498	Gt0cspsUtRSvEXXHZKUWlVAfyVq2	3.743539323215977
195799499	Gt0cspsUtRSvEXXHZKUWlVAfyVq2	2.8281896507653457
195799500	Gt0cspsUtRSvEXXHZKUWlVAfyVq2	7.406721399007502
195799501	d4lLmJzVbJaLpyCuafResXOry3t2	4.4314386138672335
195799502	d4lLmJzVbJaLpyCuafResXOry3t2	3.5949189192748117
195799503	d4lLmJzVbJaLpyCuafResXOry3t2	6.214308103272604
195799504	d4lLmJzVbJaLpyCuafResXOry3t2	11.787808461970407
195799505	d4lLmJzVbJaLpyCuafResXOry3t2	7.984516851029177
195799506	d4lLmJzVbJaLpyCuafResXOry3t2	5.349341009816065
195799507	ihIoefKsGwTDai7fGs9x3DyNvju2	1.5490235227272728
195799508	ihIoefKsGwTDai7fGs9x3DyNvju2	7.378788158825608
195799509	ihIoefKsGwTDai7fGs9x3DyNvju2	7.509925224038483
195799510	ihIoefKsGwTDai7fGs9x3DyNvju2	5.914683312875841
195799511	ihIoefKsGwTDai7fGs9x3DyNvju2	6.041813930756987
195799512	ihIoefKsGwTDai7fGs9x3DyNvju2	10.152772807923597
195799513	ihIoefKsGwTDai7fGs9x3DyNvju2	5.922790051556419
195799514	ihIoefKsGwTDai7fGs9x3DyNvju2	6.577115015387335
195799515	ihIoefKsGwTDai7fGs9x3DyNvju2	12.674058981252216
195799516	ihIoefKsGwTDai7fGs9x3DyNvju2	15.24137103590381
195799517	ZegJLYO9QiacSJTQWx7CWauRcQr1	2.041343780582524
195799518	ZegJLYO9QiacSJTQWx7CWauRcQr1	4.881997866061515
195799519	ZegJLYO9QiacSJTQWx7CWauRcQr1	6.877728877638374
195799520	ZegJLYO9QiacSJTQWx7CWauRcQr1	4.423269864601039
195799521	ZegJLYO9QiacSJTQWx7CWauRcQr1	4.453616261762882
195799522	ZegJLYO9QiacSJTQWx7CWauRcQr1	6.119436184964094
195799523	ZegJLYO9QiacSJTQWx7CWauRcQr1	10.752092200876135
195799524	ZegJLYO9QiacSJTQWx7CWauRcQr1	5.977763016815651
195799525	ZegJLYO9QiacSJTQWx7CWauRcQr1	2.092188753163235
195799526	OtcDpDEzSOUb5LMT2xljtrgVWe22	35.08781155978661
195799527	OtcDpDEzSOUb5LMT2xljtrgVWe22	15.205466681932549
195799528	OtcDpDEzSOUb5LMT2xljtrgVWe22	42.374220908794754
195799529	OtcDpDEzSOUb5LMT2xljtrgVWe22	41.21333946961205
195799530	OtcDpDEzSOUb5LMT2xljtrgVWe22	29.559029321057437
195799531	OtcDpDEzSOUb5LMT2xljtrgVWe22	50.64816735151325
195799532	OtcDpDEzSOUb5LMT2xljtrgVWe22	84.58183395132335
195799533	jWPmLFrSHDZItPTjjPUB8KAsjlq2	4.917540352125336
195799534	jWPmLFrSHDZItPTjjPUB8KAsjlq2	4.184741427272728
195799535	jWPmLFrSHDZItPTjjPUB8KAsjlq2	2.703446432656664
195799536	jWPmLFrSHDZItPTjjPUB8KAsjlq2	2.1863478817299207
195799537	jWPmLFrSHDZItPTjjPUB8KAsjlq2	2.1890719235657556
195799538	jWPmLFrSHDZItPTjjPUB8KAsjlq2	5.538391284024712
195799539	jWPmLFrSHDZItPTjjPUB8KAsjlq2	4.453658474227712
195799540	jWPmLFrSHDZItPTjjPUB8KAsjlq2	3.582683627537513
195799541	jWPmLFrSHDZItPTjjPUB8KAsjlq2	3.9078236985165447
195799542	jWPmLFrSHDZItPTjjPUB8KAsjlq2	2.6894660194174804
195799543	jWPmLFrSHDZItPTjjPUB8KAsjlq2	5.122907713592234
195799544	jWPmLFrSHDZItPTjjPUB8KAsjlq2	8.683108097969992
195799545	FojhPyqH69TyqkGfzc6ZwW0tn2C2	4.476763396293029
195799546	FojhPyqH69TyqkGfzc6ZwW0tn2C2	8.738574066888049
195799547	FojhPyqH69TyqkGfzc6ZwW0tn2C2	4.6852858009708775
195799548	FojhPyqH69TyqkGfzc6ZwW0tn2C2	4.4121693671068165
195799549	FojhPyqH69TyqkGfzc6ZwW0tn2C2	1.8620393074951238
195799550	FojhPyqH69TyqkGfzc6ZwW0tn2C2	13.810662837616984
195799551	FojhPyqH69TyqkGfzc6ZwW0tn2C2	12.22310161533779
195799552	FojhPyqH69TyqkGfzc6ZwW0tn2C2	5.984228693083331
195799553	FojhPyqH69TyqkGfzc6ZwW0tn2C2	10.828861120759214
195799554	FojhPyqH69TyqkGfzc6ZwW0tn2C2	7.052000423635377
195799555	0FdMSMtn95PJ9tLFeW3F4sFLPMh1	8.707171006552063
195799556	0FdMSMtn95PJ9tLFeW3F4sFLPMh1	7.469635136214086
195799557	0FdMSMtn95PJ9tLFeW3F4sFLPMh1	12.14299470250787
195799558	0FdMSMtn95PJ9tLFeW3F4sFLPMh1	8.097422143323143
195799559	0FdMSMtn95PJ9tLFeW3F4sFLPMh1	2.8761655189510904
195799560	0FdMSMtn95PJ9tLFeW3F4sFLPMh1	3.609761588869567
195799561	0FdMSMtn95PJ9tLFeW3F4sFLPMh1	1.3229377286559014
195799562	0FdMSMtn95PJ9tLFeW3F4sFLPMh1	8.902946698397898
195799563	0FdMSMtn95PJ9tLFeW3F4sFLPMh1	3.6188933631058404
195799564	0FdMSMtn95PJ9tLFeW3F4sFLPMh1	5.439425049953655
195799565	0FdMSMtn95PJ9tLFeW3F4sFLPMh1	9.802083709966922
195799566	0FdMSMtn95PJ9tLFeW3F4sFLPMh1	6.783732252466905
195799567	0FdMSMtn95PJ9tLFeW3F4sFLPMh1	18.341654056594237
195799568	0FdMSMtn95PJ9tLFeW3F4sFLPMh1	7.022116878145681
195799569	0FdMSMtn95PJ9tLFeW3F4sFLPMh1	1.8599189227044377
195799570	0FdMSMtn95PJ9tLFeW3F4sFLPMh1	3.6421323029294967
195799571	0FdMSMtn95PJ9tLFeW3F4sFLPMh1	8.120886228471164
195799572	mHWscHBXcoabM7fdw88AliGuPWw1	15.0586167849041
195799573	mHWscHBXcoabM7fdw88AliGuPWw1	7.895359903226979
195799574	mHWscHBXcoabM7fdw88AliGuPWw1	10.004886185905693
195799575	mHWscHBXcoabM7fdw88AliGuPWw1	6.2852651548893235
195799576	mHWscHBXcoabM7fdw88AliGuPWw1	8.362239370601635
195799577	mHWscHBXcoabM7fdw88AliGuPWw1	3.822206692724599
195799578	mHWscHBXcoabM7fdw88AliGuPWw1	9.08947561553397
195799579	mHWscHBXcoabM7fdw88AliGuPWw1	8.581344808384813
195799580	jWPmLFrSHDZItPTjjPUB8KAsjlq2	7.041719902912621
195799581	jWPmLFrSHDZItPTjjPUB8KAsjlq2	2.2708876737864063
195799582	jWPmLFrSHDZItPTjjPUB8KAsjlq2	3.6787429136804928
195799583	jWPmLFrSHDZItPTjjPUB8KAsjlq2	1.8216559223301
195799584	jWPmLFrSHDZItPTjjPUB8KAsjlq2	2.6606181676963807
195799585	jWPmLFrSHDZItPTjjPUB8KAsjlq2	8.365147228167533
195799586	UHGZEyBQklbC0GB3JZMa5l8yuGT2	8.18955459858782
195799587	UHGZEyBQklbC0GB3JZMa5l8yuGT2	15.385541659311562
195799588	UHGZEyBQklbC0GB3JZMa5l8yuGT2	4.877311747484558
195799589	UHGZEyBQklbC0GB3JZMa5l8yuGT2	14.756992303971757
195799590	UHGZEyBQklbC0GB3JZMa5l8yuGT2	10.99522353497165
195799591	UHGZEyBQklbC0GB3JZMa5l8yuGT2	9.766507472399937
195799592	aKXkeU8QguUwr1lDK1mxXri9hqN2	4.324056427962826
195799593	aKXkeU8QguUwr1lDK1mxXri9hqN2	6.6012520904880585
195799594	aKXkeU8QguUwr1lDK1mxXri9hqN2	7.125883962689967
195799595	aKXkeU8QguUwr1lDK1mxXri9hqN2	7.613394154891189
195799596	aKXkeU8QguUwr1lDK1mxXri9hqN2	14.192077335509282
195799597	aKXkeU8QguUwr1lDK1mxXri9hqN2	8.283806543872622
195799598	XmxSYUZAj4dRqSczt2clQkDf31M2	8.830501844413387
195799599	XmxSYUZAj4dRqSczt2clQkDf31M2	18.683946759863144
195799600	XmxSYUZAj4dRqSczt2clQkDf31M2	18.011056226479813
195799601	XmxSYUZAj4dRqSczt2clQkDf31M2	4.211495416566422
195799602	XmxSYUZAj4dRqSczt2clQkDf31M2	13.675071308128551
195799603	XmxSYUZAj4dRqSczt2clQkDf31M2	9.898943122959267
195799604	XmxSYUZAj4dRqSczt2clQkDf31M2	17.244865132325145
195799605	XmxSYUZAj4dRqSczt2clQkDf31M2	17.610132017356932
195799606	XmxSYUZAj4dRqSczt2clQkDf31M2	6.2127473325313645
195799607	XmxSYUZAj4dRqSczt2clQkDf31M2	8.009278022770218
195799608	flpss45kNMRJ1OyjEiJaPFx5rCo2	5.578506336483932
195799609	flpss45kNMRJ1OyjEiJaPFx5rCo2	5.112768671016887
195799610	flpss45kNMRJ1OyjEiJaPFx5rCo2	5.038927640864889
195799611	flpss45kNMRJ1OyjEiJaPFx5rCo2	8.214621236380818
195799612	flpss45kNMRJ1OyjEiJaPFx5rCo2	5.511442709158295
195799613	flpss45kNMRJ1OyjEiJaPFx5rCo2	5.266995019848771
195799614	flpss45kNMRJ1OyjEiJaPFx5rCo2	2.630780374634817
195799615	flpss45kNMRJ1OyjEiJaPFx5rCo2	14.593525695213394
195799616	XmxSYUZAj4dRqSczt2clQkDf31M2	11.72164163816807
195799617	XmxSYUZAj4dRqSczt2clQkDf31M2	4.997803082830998
195799618	XmxSYUZAj4dRqSczt2clQkDf31M2	21.016112329953604
195799619	mHWscHBXcoabM7fdw88AliGuPWw1	2.981284134641894
195799620	mHWscHBXcoabM7fdw88AliGuPWw1	1.4529716841381681
195799621	mHWscHBXcoabM7fdw88AliGuPWw1	0.9893422739820235
195799622	mHWscHBXcoabM7fdw88AliGuPWw1	1.2985022502250212
195799623	mHWscHBXcoabM7fdw88AliGuPWw1	3.3683688972332018
195799624	mHWscHBXcoabM7fdw88AliGuPWw1	4.86608298403546
195799625	mHWscHBXcoabM7fdw88AliGuPWw1	1.9769187970441706
195799626	mHWscHBXcoabM7fdw88AliGuPWw1	1.6479502495274083
195799627	mHWscHBXcoabM7fdw88AliGuPWw1	1.5860593089752086
195799628	mHWscHBXcoabM7fdw88AliGuPWw1	0.9933324392507288
195799629	IxbpyVeneRWBOVT8zPZO9dPynyX2	6.303446359082316
195799630	IxbpyVeneRWBOVT8zPZO9dPynyX2	10.805572413934765
195799631	IxbpyVeneRWBOVT8zPZO9dPynyX2	9.774556926275991
195799632	IxbpyVeneRWBOVT8zPZO9dPynyX2	11.227580484962424
195799633	IxbpyVeneRWBOVT8zPZO9dPynyX2	7.234169402290654
195799634	IxbpyVeneRWBOVT8zPZO9dPynyX2	8.199128186526025
195799635	IxbpyVeneRWBOVT8zPZO9dPynyX2	10.761446260331368
195799636	IxbpyVeneRWBOVT8zPZO9dPynyX2	8.029986625025828
195799637	IxbpyVeneRWBOVT8zPZO9dPynyX2	9.844038965694509
195799638	IxbpyVeneRWBOVT8zPZO9dPynyX2	1.1532091396764628
195799639	IxbpyVeneRWBOVT8zPZO9dPynyX2	12.82756378578786
195799640	IxbpyVeneRWBOVT8zPZO9dPynyX2	5.872120521323083
195799641	IxbpyVeneRWBOVT8zPZO9dPynyX2	11.72554285052962
195799642	IxbpyVeneRWBOVT8zPZO9dPynyX2	6.7335158263907715
195799643	u2hytH2KWIS6ewdShfEZisygqIo2	3.8911404877268123
195799644	u2hytH2KWIS6ewdShfEZisygqIo2	4.824860486048604
195799645	u2hytH2KWIS6ewdShfEZisygqIo2	7.068399432670844
195799646	u2hytH2KWIS6ewdShfEZisygqIo2	5.950663515257947
195799647	u2hytH2KWIS6ewdShfEZisygqIo2	8.55719610214701
195799648	u2hytH2KWIS6ewdShfEZisygqIo2	6.40563917646918
195799649	u2hytH2KWIS6ewdShfEZisygqIo2	5.595616742181605
195799650	u2hytH2KWIS6ewdShfEZisygqIo2	6.779009407928562
195799651	qgT735VZ7OPJmWzvIgZGZAchHgD2	3.9727416741674153
195799652	qgT735VZ7OPJmWzvIgZGZAchHgD2	6.041554447805772
195799653	qgT735VZ7OPJmWzvIgZGZAchHgD2	13.25562181931421
195799654	qgT735VZ7OPJmWzvIgZGZAchHgD2	3.0859971287937995
195799655	qgT735VZ7OPJmWzvIgZGZAchHgD2	3.9744765842268492
195799656	qgT735VZ7OPJmWzvIgZGZAchHgD2	7.116982408692792
195799657	qgT735VZ7OPJmWzvIgZGZAchHgD2	10.71522406158845
195799658	qgT735VZ7OPJmWzvIgZGZAchHgD2	6.740706679364791
195799659	qgT735VZ7OPJmWzvIgZGZAchHgD2	10.248126777363666
195799660	qgT735VZ7OPJmWzvIgZGZAchHgD2	3.1177811820545003
195799661	qgT735VZ7OPJmWzvIgZGZAchHgD2	5.667469373893596
195799662	qgT735VZ7OPJmWzvIgZGZAchHgD2	5.752487614782467
195799663	qgT735VZ7OPJmWzvIgZGZAchHgD2	5.420791616845335
195799664	qgT735VZ7OPJmWzvIgZGZAchHgD2	0.8878019801979917
195799665	qgT735VZ7OPJmWzvIgZGZAchHgD2	5.787245897580888
195799666	qgT735VZ7OPJmWzvIgZGZAchHgD2	18.929765985119587
195799667	qgT735VZ7OPJmWzvIgZGZAchHgD2	16.673259944670974
195799668	sHl4il5Li8NKe5aMecUSJyXBFco2	5.723275792401712
195799669	sHl4il5Li8NKe5aMecUSJyXBFco2	7.160554517183762
195799670	sHl4il5Li8NKe5aMecUSJyXBFco2	4.235483478096775
195799671	sHl4il5Li8NKe5aMecUSJyXBFco2	6.717184503359682
195799672	sHl4il5Li8NKe5aMecUSJyXBFco2	7.638406094668909
195799673	sHl4il5Li8NKe5aMecUSJyXBFco2	3.3655736151571674
195799674	sHl4il5Li8NKe5aMecUSJyXBFco2	6.743290195492094
195799675	sHl4il5Li8NKe5aMecUSJyXBFco2	3.3065880815085507
195799676	sHl4il5Li8NKe5aMecUSJyXBFco2	2.8242354986434037
195799677	sHl4il5Li8NKe5aMecUSJyXBFco2	4.7034267771009866
195799678	sHl4il5Li8NKe5aMecUSJyXBFco2	8.518413446911616
195799679	sHl4il5Li8NKe5aMecUSJyXBFco2	11.978536252794541
195799680	sHl4il5Li8NKe5aMecUSJyXBFco2	11.465651664151054
195799681	WXRuAJyMuAViHCpYPRVffOrexB03	12.514076088779648
195799682	WXRuAJyMuAViHCpYPRVffOrexB03	15.263180242087556
195799683	WXRuAJyMuAViHCpYPRVffOrexB03	49.10480876702621
195799684	WXRuAJyMuAViHCpYPRVffOrexB03	13.531825872370348
195799685	WXRuAJyMuAViHCpYPRVffOrexB03	18.041930399826825
195799686	WXRuAJyMuAViHCpYPRVffOrexB03	40.47478554673013
195799687	ejZWulX03uRlAA3C5VqYK6jKNYs1	1.8962533681025278
195799688	ejZWulX03uRlAA3C5VqYK6jKNYs1	3.1981044570792214
195799689	ejZWulX03uRlAA3C5VqYK6jKNYs1	7.4832266633998685
195799690	ejZWulX03uRlAA3C5VqYK6jKNYs1	2.0329973552347056
195799691	ejZWulX03uRlAA3C5VqYK6jKNYs1	3.5005022060034143
195799692	ejZWulX03uRlAA3C5VqYK6jKNYs1	4.9952576192760425
195799693	ejZWulX03uRlAA3C5VqYK6jKNYs1	2.559047711873742
195799694	ejZWulX03uRlAA3C5VqYK6jKNYs1	4.9718724198866795
195799695	ejZWulX03uRlAA3C5VqYK6jKNYs1	5.057784809320182
195799696	ejZWulX03uRlAA3C5VqYK6jKNYs1	2.4181412138487843
195799697	ejZWulX03uRlAA3C5VqYK6jKNYs1	4.003797375167295
195799698	ejZWulX03uRlAA3C5VqYK6jKNYs1	3.478365580596474
195799699	ejZWulX03uRlAA3C5VqYK6jKNYs1	5.580204349567694
195799700	ejZWulX03uRlAA3C5VqYK6jKNYs1	2.670515771212095
195799701	ejZWulX03uRlAA3C5VqYK6jKNYs1	7.019985854129445
195799702	ejZWulX03uRlAA3C5VqYK6jKNYs1	9.562833759907491
195799703	ejZWulX03uRlAA3C5VqYK6jKNYs1	0.7462483050966426
195799704	sHl4il5Li8NKe5aMecUSJyXBFco2	2.3987719295322707
195799705	sHl4il5Li8NKe5aMecUSJyXBFco2	3.704794309322488
195799706	sHl4il5Li8NKe5aMecUSJyXBFco2	4.253153551904942
195799707	sHl4il5Li8NKe5aMecUSJyXBFco2	5.9597784291259615
195799708	sHl4il5Li8NKe5aMecUSJyXBFco2	7.885076996793664
195799709	sHl4il5Li8NKe5aMecUSJyXBFco2	3.5664357624128513
195799710	sHl4il5Li8NKe5aMecUSJyXBFco2	3.453773362232333
195799711	sHl4il5Li8NKe5aMecUSJyXBFco2	5.5558011435632935
195799712	sHl4il5Li8NKe5aMecUSJyXBFco2	2.555095593739445
195799713	sHl4il5Li8NKe5aMecUSJyXBFco2	4.005212095632686
195799714	sHl4il5Li8NKe5aMecUSJyXBFco2	3.719668071383829
195799715	sHl4il5Li8NKe5aMecUSJyXBFco2	7.913289599378842
195799716	sHl4il5Li8NKe5aMecUSJyXBFco2	6.748018971563873
195799717	sHl4il5Li8NKe5aMecUSJyXBFco2	3.5899197112503174
195799718	sHl4il5Li8NKe5aMecUSJyXBFco2	3.5796814607099634
195799719	sHl4il5Li8NKe5aMecUSJyXBFco2	2.4646356752768384
195799720	sHl4il5Li8NKe5aMecUSJyXBFco2	9.396016950061352
195799721	sHl4il5Li8NKe5aMecUSJyXBFco2	7.218267436993955
195799722	Sn3Nw7A3OmOkiMXEFjEyRusLuuo2	14.390581388657399
195799723	Sn3Nw7A3OmOkiMXEFjEyRusLuuo2	7.96456168778796
195799724	Sn3Nw7A3OmOkiMXEFjEyRusLuuo2	17.50848324856861
195799725	Sn3Nw7A3OmOkiMXEFjEyRusLuuo2	25.207898855689578
195799726	Sn3Nw7A3OmOkiMXEFjEyRusLuuo2	25.353367103460613
195799727	Sn3Nw7A3OmOkiMXEFjEyRusLuuo2	26.589943180924436
195799728	Sn3Nw7A3OmOkiMXEFjEyRusLuuo2	7.469236005403701
195799729	Sn3Nw7A3OmOkiMXEFjEyRusLuuo2	9.169748950135784
195799730	Sn3Nw7A3OmOkiMXEFjEyRusLuuo2	8.969678597440833
195799731	Sn3Nw7A3OmOkiMXEFjEyRusLuuo2	40.0433063900868
195799732	Sn3Nw7A3OmOkiMXEFjEyRusLuuo2	1.8183967474560632
195799733	TuMLdL1f2yNIrFrzMedBpwdsxCA3	14.708490190022012
195799734	TuMLdL1f2yNIrFrzMedBpwdsxCA3	36.34649038750344
195799735	TuMLdL1f2yNIrFrzMedBpwdsxCA3	78.82068888184139
195799736	TuMLdL1f2yNIrFrzMedBpwdsxCA3	46.082320808752286
195799737	TuMLdL1f2yNIrFrzMedBpwdsxCA3	21.812452955205885
195799738	TuMLdL1f2yNIrFrzMedBpwdsxCA3	11.641501489438014
195799739	mHWscHBXcoabM7fdw88AliGuPWw1	7.769267914442788
195799740	mHWscHBXcoabM7fdw88AliGuPWw1	10.88551364341771
195799741	mHWscHBXcoabM7fdw88AliGuPWw1	12.545664129612547
195799742	mHWscHBXcoabM7fdw88AliGuPWw1	8.885275689822805
195799743	mHWscHBXcoabM7fdw88AliGuPWw1	16.871994138289402
195799744	mHWscHBXcoabM7fdw88AliGuPWw1	10.675770829429219
195799745	mHWscHBXcoabM7fdw88AliGuPWw1	14.537844752698973
195799746	mHWscHBXcoabM7fdw88AliGuPWw1	7.76704814905446
195799747	jWPmLFrSHDZItPTjjPUB8KAsjlq2	4.627009048475567
195799748	jWPmLFrSHDZItPTjjPUB8KAsjlq2	5.127116176901994
195799749	jWPmLFrSHDZItPTjjPUB8KAsjlq2	17.243055526312162
195799750	jWPmLFrSHDZItPTjjPUB8KAsjlq2	14.397916833807855
195799751	jWPmLFrSHDZItPTjjPUB8KAsjlq2	5.294470310544121
195799752	jWPmLFrSHDZItPTjjPUB8KAsjlq2	3.4180815510883846
195799753	jWPmLFrSHDZItPTjjPUB8KAsjlq2	3.5162777202643056
195799754	jWPmLFrSHDZItPTjjPUB8KAsjlq2	6.4026891584443675
195799755	jWPmLFrSHDZItPTjjPUB8KAsjlq2	4.517212912422764
195799756	jWPmLFrSHDZItPTjjPUB8KAsjlq2	5.051062159269662
195799757	jWPmLFrSHDZItPTjjPUB8KAsjlq2	5.912265224398112
195799758	eQ9VyOzVOCQWR7uTGBGzvfh3rUJ2	3.3042220246945444
195799759	eQ9VyOzVOCQWR7uTGBGzvfh3rUJ2	2.376598393618913
195799760	eQ9VyOzVOCQWR7uTGBGzvfh3rUJ2	13.323189676109639
195799761	eQ9VyOzVOCQWR7uTGBGzvfh3rUJ2	16.503335367530774
195799762	eQ9VyOzVOCQWR7uTGBGzvfh3rUJ2	21.519063769925232
195799763	eQ9VyOzVOCQWR7uTGBGzvfh3rUJ2	19.724944397236555
195799764	eQ9VyOzVOCQWR7uTGBGzvfh3rUJ2	7.297257054758717
195799765	eQ9VyOzVOCQWR7uTGBGzvfh3rUJ2	10.111960766686792
195799766	UHGZEyBQklbC0GB3JZMa5l8yuGT2	10.97817192623012
195799767	UHGZEyBQklbC0GB3JZMa5l8yuGT2	16.630800430276775
195799768	UHGZEyBQklbC0GB3JZMa5l8yuGT2	20.58410617536323
195799769	UHGZEyBQklbC0GB3JZMa5l8yuGT2	12.791348016778166
195799770	UHGZEyBQklbC0GB3JZMa5l8yuGT2	21.286759171477073
195799771	UHGZEyBQklbC0GB3JZMa5l8yuGT2	17.584985029636485
195799772	UHGZEyBQklbC0GB3JZMa5l8yuGT2	43.744075354806114
195799773	21Dw9jLeIqWjrAuRHI1RG1qPz853	3.9531683050113204
195799774	21Dw9jLeIqWjrAuRHI1RG1qPz853	5.17691793544853
195799775	21Dw9jLeIqWjrAuRHI1RG1qPz853	7.62603382978037
195799776	21Dw9jLeIqWjrAuRHI1RG1qPz853	6.6813118846261155
195799777	21Dw9jLeIqWjrAuRHI1RG1qPz853	7.982865950874984
195799778	21Dw9jLeIqWjrAuRHI1RG1qPz853	8.169265797400428
195799779	21Dw9jLeIqWjrAuRHI1RG1qPz853	19.91625319289765
195799780	21Dw9jLeIqWjrAuRHI1RG1qPz853	5.067754676473406
195799781	21Dw9jLeIqWjrAuRHI1RG1qPz853	11.824274738539899
195799782	21Dw9jLeIqWjrAuRHI1RG1qPz853	10.875151495851554
195799783	21Dw9jLeIqWjrAuRHI1RG1qPz853	9.364215853713503
195799784	21Dw9jLeIqWjrAuRHI1RG1qPz853	2.7183995793115656
195799785	21Dw9jLeIqWjrAuRHI1RG1qPz853	8.114148135109517
195799786	eQ9VyOzVOCQWR7uTGBGzvfh3rUJ2	1.4763850500848892
195799787	eQ9VyOzVOCQWR7uTGBGzvfh3rUJ2	2.9841988658743634
195799788	eQ9VyOzVOCQWR7uTGBGzvfh3rUJ2	5.760469545840408
195799789	eQ9VyOzVOCQWR7uTGBGzvfh3rUJ2	3.2609233514431235
195799790	eQ9VyOzVOCQWR7uTGBGzvfh3rUJ2	4.769275679117147
195799791	eQ9VyOzVOCQWR7uTGBGzvfh3rUJ2	14.259199985514446
195799792	eQ9VyOzVOCQWR7uTGBGzvfh3rUJ2	7.568817243175758
195799793	eQ9VyOzVOCQWR7uTGBGzvfh3rUJ2	4.744081636157837
195799794	eQ9VyOzVOCQWR7uTGBGzvfh3rUJ2	3.005753675006744
195799795	eQ9VyOzVOCQWR7uTGBGzvfh3rUJ2	5.566799186957432
195799796	eQ9VyOzVOCQWR7uTGBGzvfh3rUJ2	3.607487662865637
195799797	eyem3EvRZrZsMzdS2HOEHLIsGTs1	2.740388969439728
195799798	eyem3EvRZrZsMzdS2HOEHLIsGTs1	3.7841553480475376
195799799	eyem3EvRZrZsMzdS2HOEHLIsGTs1	4.462240448151624
195799800	eyem3EvRZrZsMzdS2HOEHLIsGTs1	9.369006782331903
195799801	eyem3EvRZrZsMzdS2HOEHLIsGTs1	10.75757742160923
195799802	eyem3EvRZrZsMzdS2HOEHLIsGTs1	6.179200266053385
195799803	eyem3EvRZrZsMzdS2HOEHLIsGTs1	6.11982751533327
195799804	eyem3EvRZrZsMzdS2HOEHLIsGTs1	5.254264479626485
195799805	eyem3EvRZrZsMzdS2HOEHLIsGTs1	11.805298435702234
195799806	eyem3EvRZrZsMzdS2HOEHLIsGTs1	2.830569826310523
195799807	UHGZEyBQklbC0GB3JZMa5l8yuGT2	14.985972641199625
195799808	UHGZEyBQklbC0GB3JZMa5l8yuGT2	16.70497178088006
195799809	UHGZEyBQklbC0GB3JZMa5l8yuGT2	16.983792348561884
195799810	UHGZEyBQklbC0GB3JZMa5l8yuGT2	16.355394392372872
195799811	UHGZEyBQklbC0GB3JZMa5l8yuGT2	19.95776669719602
195799812	Sn3Nw7A3OmOkiMXEFjEyRusLuuo2	10.797140324481342
195799813	Sn3Nw7A3OmOkiMXEFjEyRusLuuo2	5.12447121261434
195799814	Sn3Nw7A3OmOkiMXEFjEyRusLuuo2	5.826650798493297
195799815	Sn3Nw7A3OmOkiMXEFjEyRusLuuo2	16.660422754657695
195799816	Sn3Nw7A3OmOkiMXEFjEyRusLuuo2	22.618554646309498
195799817	EfKQNmht2ebtDnNadrezErlhcDF3	2.9348088416875378
195799818	EfKQNmht2ebtDnNadrezErlhcDF3	1.6640704584040744
195799819	EfKQNmht2ebtDnNadrezErlhcDF3	4.925387899001256
195799820	EfKQNmht2ebtDnNadrezErlhcDF3	4.33969277164686
195799821	EfKQNmht2ebtDnNadrezErlhcDF3	4.346158546017978
195799822	EfKQNmht2ebtDnNadrezErlhcDF3	3.993280882852293
195799823	EfKQNmht2ebtDnNadrezErlhcDF3	3.789296774193545
195799824	EfKQNmht2ebtDnNadrezErlhcDF3	5.780267153867687
195799825	EfKQNmht2ebtDnNadrezErlhcDF3	5.0382273391291434
195799826	EfKQNmht2ebtDnNadrezErlhcDF3	6.655824965538606
195799827	ihIoefKsGwTDai7fGs9x3DyNvju2	14.758955894313956
195799828	ihIoefKsGwTDai7fGs9x3DyNvju2	9.488849094791926
195799829	ihIoefKsGwTDai7fGs9x3DyNvju2	6.862492964346348
195799830	ihIoefKsGwTDai7fGs9x3DyNvju2	11.414016747443078
195799831	ihIoefKsGwTDai7fGs9x3DyNvju2	11.948123091261323
195799832	ihIoefKsGwTDai7fGs9x3DyNvju2	4.574664868798401
195799833	ihIoefKsGwTDai7fGs9x3DyNvju2	8.87845648719884
195799834	ihIoefKsGwTDai7fGs9x3DyNvju2	10.700983665869032
195799835	ihIoefKsGwTDai7fGs9x3DyNvju2	2.947000731474944
195799836	jWPmLFrSHDZItPTjjPUB8KAsjlq2	5.146481388923206
195799837	jWPmLFrSHDZItPTjjPUB8KAsjlq2	3.5528418469749106
195799838	jWPmLFrSHDZItPTjjPUB8KAsjlq2	5.205416819666237
195799839	jWPmLFrSHDZItPTjjPUB8KAsjlq2	3.678836157360406
195799840	jWPmLFrSHDZItPTjjPUB8KAsjlq2	3.0113306544474057
195799841	jWPmLFrSHDZItPTjjPUB8KAsjlq2	1.8327783209899913
195799842	jWPmLFrSHDZItPTjjPUB8KAsjlq2	1.8007696707706415
195799843	jWPmLFrSHDZItPTjjPUB8KAsjlq2	9.27439688897853
195799844	jWPmLFrSHDZItPTjjPUB8KAsjlq2	6.53854817051635
195799846	jWPmLFrSHDZItPTjjPUB8KAsjlq2	3.210032096778697
195799847	jWPmLFrSHDZItPTjjPUB8KAsjlq2	4.401629019415964
195799848	jWPmLFrSHDZItPTjjPUB8KAsjlq2	1.7107355333945833
195799849	jWPmLFrSHDZItPTjjPUB8KAsjlq2	1.1705076010682944
195799850	jWPmLFrSHDZItPTjjPUB8KAsjlq2	2.2819840316649618
195799851	jWPmLFrSHDZItPTjjPUB8KAsjlq2	3.417556538505835
195799852	jWPmLFrSHDZItPTjjPUB8KAsjlq2	6.5780885595196
195799853	XmxSYUZAj4dRqSczt2clQkDf31M2	8.476162555896432
195799854	XmxSYUZAj4dRqSczt2clQkDf31M2	6.224142416002275
195799855	bKduvdIsrbbqPZ7Z3lCfQlF8WBn1	5.170768177012099
195799856	bKduvdIsrbbqPZ7Z3lCfQlF8WBn1	5.739238472486884
195799857	bKduvdIsrbbqPZ7Z3lCfQlF8WBn1	3.0129085831869347
195799858	bKduvdIsrbbqPZ7Z3lCfQlF8WBn1	5.99623024841269
195799859	bKduvdIsrbbqPZ7Z3lCfQlF8WBn1	4.6195117832055885
195799860	bKduvdIsrbbqPZ7Z3lCfQlF8WBn1	11.320579407372733
195799861	bKduvdIsrbbqPZ7Z3lCfQlF8WBn1	7.530110939146773
195799862	bKduvdIsrbbqPZ7Z3lCfQlF8WBn1	3.4960701783282175
195799863	bKduvdIsrbbqPZ7Z3lCfQlF8WBn1	9.38761308326503
195799864	bKduvdIsrbbqPZ7Z3lCfQlF8WBn1	4.4845848536822785
195799865	bKduvdIsrbbqPZ7Z3lCfQlF8WBn1	6.883128649086075
195799866	bKduvdIsrbbqPZ7Z3lCfQlF8WBn1	9.453785634580157
195799867	ihIoefKsGwTDai7fGs9x3DyNvju2	4.100611844242945
195799868	ihIoefKsGwTDai7fGs9x3DyNvju2	12.297573327040949
195799869	ihIoefKsGwTDai7fGs9x3DyNvju2	7.76564759042644
195799870	ihIoefKsGwTDai7fGs9x3DyNvju2	11.141738281239238
195799871	ihIoefKsGwTDai7fGs9x3DyNvju2	15.315720529705459
195799872	ihIoefKsGwTDai7fGs9x3DyNvju2	3.0359210910255072
195799873	ihIoefKsGwTDai7fGs9x3DyNvju2	16.43629506008164
195799874	ihIoefKsGwTDai7fGs9x3DyNvju2	24.443476171331767
195799875	mHWscHBXcoabM7fdw88AliGuPWw1	6.937540776082324
195799876	mHWscHBXcoabM7fdw88AliGuPWw1	7.810539736226998
195799877	mHWscHBXcoabM7fdw88AliGuPWw1	11.416866815089822
195799878	mHWscHBXcoabM7fdw88AliGuPWw1	4.528049513220857
195799879	mHWscHBXcoabM7fdw88AliGuPWw1	8.146227828523216
195799880	mHWscHBXcoabM7fdw88AliGuPWw1	2.784759058762589
195799881	lEq1lXM2xafR8w5blWO2OCG8VE93	4.035287968760966
195799882	lEq1lXM2xafR8w5blWO2OCG8VE93	15.19966723573295
195799883	lEq1lXM2xafR8w5blWO2OCG8VE93	6.823596245044037
195799884	lEq1lXM2xafR8w5blWO2OCG8VE93	11.31553522172937
195799885	lEq1lXM2xafR8w5blWO2OCG8VE93	2.3981405051848412
195799886	lEq1lXM2xafR8w5blWO2OCG8VE93	6.29746988946313
195799887	lEq1lXM2xafR8w5blWO2OCG8VE93	7.111792370986926
195799888	lEq1lXM2xafR8w5blWO2OCG8VE93	6.844729150693311
195799889	lEq1lXM2xafR8w5blWO2OCG8VE93	4.003359700221566
195799890	lEq1lXM2xafR8w5blWO2OCG8VE93	11.780529021261657
195799891	lEq1lXM2xafR8w5blWO2OCG8VE93	4.230790395731717
195799892	lEq1lXM2xafR8w5blWO2OCG8VE93	10.096527922901558
195799893	CjlD9aGvoSfMhsnUwRIQlMr4IFp1	2.916990867320287
195799894	CjlD9aGvoSfMhsnUwRIQlMr4IFp1	3.6136965163852732
195799895	CjlD9aGvoSfMhsnUwRIQlMr4IFp1	2.0728244247751615
195799896	CjlD9aGvoSfMhsnUwRIQlMr4IFp1	4.894512282921831
195799897	CjlD9aGvoSfMhsnUwRIQlMr4IFp1	2.226532006174608
195799898	CjlD9aGvoSfMhsnUwRIQlMr4IFp1	4.218864026019727
195799899	CjlD9aGvoSfMhsnUwRIQlMr4IFp1	8.45518440059169
195799900	MxRr8Ht6WZT2EokHSRsT2U2Pq3h1	5.579868360344839
195799901	MxRr8Ht6WZT2EokHSRsT2U2Pq3h1	10.921926177504202
195799902	MxRr8Ht6WZT2EokHSRsT2U2Pq3h1	7.195895646161869
195799903	MxRr8Ht6WZT2EokHSRsT2U2Pq3h1	4.622288221186189
195799904	MxRr8Ht6WZT2EokHSRsT2U2Pq3h1	20.236213791172936
195799905	MxRr8Ht6WZT2EokHSRsT2U2Pq3h1	6.787734255413298
195799906	mHWscHBXcoabM7fdw88AliGuPWw1	15.841195753870384
195799907	mHWscHBXcoabM7fdw88AliGuPWw1	4.293314249459296
195799908	mHWscHBXcoabM7fdw88AliGuPWw1	8.445073573424501
195799909	mHWscHBXcoabM7fdw88AliGuPWw1	8.074424404077625
195799910	mHWscHBXcoabM7fdw88AliGuPWw1	4.134749411134052
195799911	mHWscHBXcoabM7fdw88AliGuPWw1	3.8679248493814598
195799912	mHWscHBXcoabM7fdw88AliGuPWw1	5.334017786189683
195799913	mHWscHBXcoabM7fdw88AliGuPWw1	1.8539991681974755
195799914	mHWscHBXcoabM7fdw88AliGuPWw1	11.249838388563518
195799915	mHWscHBXcoabM7fdw88AliGuPWw1	7.715485970183735
195799916	mHWscHBXcoabM7fdw88AliGuPWw1	3.9674791781329333
195799917	mHWscHBXcoabM7fdw88AliGuPWw1	6.262826385363823
195799918	eQ9VyOzVOCQWR7uTGBGzvfh3rUJ2	7.44758266482366
195799919	eQ9VyOzVOCQWR7uTGBGzvfh3rUJ2	10.981613214970675
195799920	eQ9VyOzVOCQWR7uTGBGzvfh3rUJ2	16.16869363403305
195799921	eQ9VyOzVOCQWR7uTGBGzvfh3rUJ2	15.900496252072635
195799923	eQ9VyOzVOCQWR7uTGBGzvfh3rUJ2	6.212293531409173
195799925	eQ9VyOzVOCQWR7uTGBGzvfh3rUJ2	24.593040434536974
195799926	ihIoefKsGwTDai7fGs9x3DyNvju2	9.898710349751742
195799927	XmxSYUZAj4dRqSczt2clQkDf31M2	13.913838604452785
195799928	XmxSYUZAj4dRqSczt2clQkDf31M2	5.347263352340633
195799929	XmxSYUZAj4dRqSczt2clQkDf31M2	14.645040520902601
195799930	XmxSYUZAj4dRqSczt2clQkDf31M2	12.0846544743627
195799931	XmxSYUZAj4dRqSczt2clQkDf31M2	16.326871928645517
195799932	XmxSYUZAj4dRqSczt2clQkDf31M2	13.96773926026475
195799933	XmxSYUZAj4dRqSczt2clQkDf31M2	20.90675472494783
195799934	XmxSYUZAj4dRqSczt2clQkDf31M2	27.829800509236733
195799935	d4lLmJzVbJaLpyCuafResXOry3t2	12.418420166932615
195799936	d4lLmJzVbJaLpyCuafResXOry3t2	7.48965860475538
195799937	d4lLmJzVbJaLpyCuafResXOry3t2	15.662056838297037
195799938	d4lLmJzVbJaLpyCuafResXOry3t2	21.30590703404033
195799939	d4lLmJzVbJaLpyCuafResXOry3t2	8.612929290726463
195799940	d4lLmJzVbJaLpyCuafResXOry3t2	15.471778850294129
195799941	d4lLmJzVbJaLpyCuafResXOry3t2	15.493865433725048
195799942	d4lLmJzVbJaLpyCuafResXOry3t2	2.0900789223173746
195799943	d4lLmJzVbJaLpyCuafResXOry3t2	10.298912862497474
195799944	0FdMSMtn95PJ9tLFeW3F4sFLPMh1	6.176320769224354
195799945	0FdMSMtn95PJ9tLFeW3F4sFLPMh1	5.640572955382761
195799946	0FdMSMtn95PJ9tLFeW3F4sFLPMh1	7.222443024579036
195799947	0FdMSMtn95PJ9tLFeW3F4sFLPMh1	10.809093283719104
195799948	0FdMSMtn95PJ9tLFeW3F4sFLPMh1	6.965012332769135
195799949	0FdMSMtn95PJ9tLFeW3F4sFLPMh1	7.184915021899236
195799950	0FdMSMtn95PJ9tLFeW3F4sFLPMh1	8.394401631082644
195799951	0FdMSMtn95PJ9tLFeW3F4sFLPMh1	5.410121229629631
195799952	0FdMSMtn95PJ9tLFeW3F4sFLPMh1	5.336237175217391
195799953	0FdMSMtn95PJ9tLFeW3F4sFLPMh1	2.53028439607489
195799954	0FdMSMtn95PJ9tLFeW3F4sFLPMh1	15.214870027481183
195799955	0FdMSMtn95PJ9tLFeW3F4sFLPMh1	9.603389002681183
195799956	0FdMSMtn95PJ9tLFeW3F4sFLPMh1	2.06645604975904
195799957	0FdMSMtn95PJ9tLFeW3F4sFLPMh1	4.6425473292348585
195799958	0FdMSMtn95PJ9tLFeW3F4sFLPMh1	0.7668819217790599
195799959	0FdMSMtn95PJ9tLFeW3F4sFLPMh1	3.7255136572526055
195799960	0FdMSMtn95PJ9tLFeW3F4sFLPMh1	11.878639585525391
195799961	0FdMSMtn95PJ9tLFeW3F4sFLPMh1	5.97271610442354
195799962	0FdMSMtn95PJ9tLFeW3F4sFLPMh1	5.1697461027926295
195799963	qgT735VZ7OPJmWzvIgZGZAchHgD2	1.9448096988090895
195799964	qgT735VZ7OPJmWzvIgZGZAchHgD2	8.391645565771253
195799965	qgT735VZ7OPJmWzvIgZGZAchHgD2	5.270095388766915
195799966	qgT735VZ7OPJmWzvIgZGZAchHgD2	4.1285088636363625
195799967	qgT735VZ7OPJmWzvIgZGZAchHgD2	9.886296946281181
195799968	qgT735VZ7OPJmWzvIgZGZAchHgD2	17.506429217258194
195799969	qgT735VZ7OPJmWzvIgZGZAchHgD2	5.69795263839471
195799970	qgT735VZ7OPJmWzvIgZGZAchHgD2	6.778883377552347
195799971	qgT735VZ7OPJmWzvIgZGZAchHgD2	3.9624067228359934
195799972	qgT735VZ7OPJmWzvIgZGZAchHgD2	17.692528699093828
195799973	qgT735VZ7OPJmWzvIgZGZAchHgD2	5.240899672054411
195799974	qgT735VZ7OPJmWzvIgZGZAchHgD2	7.642351970358561
195799975	qgT735VZ7OPJmWzvIgZGZAchHgD2	3.479333231330614
195799976	qgT735VZ7OPJmWzvIgZGZAchHgD2	3.710525393053615
195799977	Sn3Nw7A3OmOkiMXEFjEyRusLuuo2	12.23597911149762
195799978	Sn3Nw7A3OmOkiMXEFjEyRusLuuo2	34.94135555766971
195799979	Sn3Nw7A3OmOkiMXEFjEyRusLuuo2	16.40001949754673
195799980	Sn3Nw7A3OmOkiMXEFjEyRusLuuo2	25.729220812112914
195799981	Sn3Nw7A3OmOkiMXEFjEyRusLuuo2	19.242164652021287
195799982	Sn3Nw7A3OmOkiMXEFjEyRusLuuo2	21.024463514591645
195799983	Sn3Nw7A3OmOkiMXEFjEyRusLuuo2	48.04553323219841
195799984	zIPazMYB9WUmRZJJLlrBka2GK663	6.566501661963939
195799985	zIPazMYB9WUmRZJJLlrBka2GK663	5.069585854880024
195799986	zIPazMYB9WUmRZJJLlrBka2GK663	9.163860800095476
195799987	zIPazMYB9WUmRZJJLlrBka2GK663	3.824575232643422
195799988	zIPazMYB9WUmRZJJLlrBka2GK663	10.203507279788816
195799989	zIPazMYB9WUmRZJJLlrBka2GK663	12.750648495858421
195799990	zIPazMYB9WUmRZJJLlrBka2GK663	7.012947366132927
195799991	zIPazMYB9WUmRZJJLlrBka2GK663	6.402687461981756
195799992	zIPazMYB9WUmRZJJLlrBka2GK663	4.645521163189002
195799993	zIPazMYB9WUmRZJJLlrBka2GK663	6.963664770549187
195799994	zIPazMYB9WUmRZJJLlrBka2GK663	24.249550399322757
195799995	zIPazMYB9WUmRZJJLlrBka2GK663	9.716137307682843
195799996	zIPazMYB9WUmRZJJLlrBka2GK663	8.28631901354602
195799997	zIPazMYB9WUmRZJJLlrBka2GK663	9.482775221250975
195799998	mHWscHBXcoabM7fdw88AliGuPWw1	8.834854080025607
195799999	mHWscHBXcoabM7fdw88AliGuPWw1	5.201220822114228
195800000	mHWscHBXcoabM7fdw88AliGuPWw1	4.319018813335489
195800001	mHWscHBXcoabM7fdw88AliGuPWw1	10.392666682671951
195800002	mHWscHBXcoabM7fdw88AliGuPWw1	9.05587418581684
195800003	mHWscHBXcoabM7fdw88AliGuPWw1	6.008474411538444
195800004	mHWscHBXcoabM7fdw88AliGuPWw1	2.8780780461585067
195800005	mHWscHBXcoabM7fdw88AliGuPWw1	7.903570860516282
195800006	mHWscHBXcoabM7fdw88AliGuPWw1	1.798264174266265
195800007	mHWscHBXcoabM7fdw88AliGuPWw1	5.58646274375036
195800008	mHWscHBXcoabM7fdw88AliGuPWw1	2.4524137860510535
195800009	mHWscHBXcoabM7fdw88AliGuPWw1	11.522770613307145
195800010	jWPmLFrSHDZItPTjjPUB8KAsjlq2	5.109038811943383
195800011	jWPmLFrSHDZItPTjjPUB8KAsjlq2	1.2870684009451985
195800012	jWPmLFrSHDZItPTjjPUB8KAsjlq2	6.8714320858314615
195800013	jWPmLFrSHDZItPTjjPUB8KAsjlq2	5.8616291788417865
195800014	jWPmLFrSHDZItPTjjPUB8KAsjlq2	4.773839003270631
195800015	jWPmLFrSHDZItPTjjPUB8KAsjlq2	9.414945985810686
195800016	FUCVnaPJeyV5kzao6jmObtdzLUE2	9.488431345719551
195800017	FUCVnaPJeyV5kzao6jmObtdzLUE2	5.952428480161553
195800018	FUCVnaPJeyV5kzao6jmObtdzLUE2	10.055965536041526
195800019	FUCVnaPJeyV5kzao6jmObtdzLUE2	4.870095355227452
195800020	FUCVnaPJeyV5kzao6jmObtdzLUE2	37.24478536029815
195800021	FUCVnaPJeyV5kzao6jmObtdzLUE2	5.646598417593637
195800022	FUCVnaPJeyV5kzao6jmObtdzLUE2	5.3378575053534405
195800023	FUCVnaPJeyV5kzao6jmObtdzLUE2	7.391193315094867
195800024	FUCVnaPJeyV5kzao6jmObtdzLUE2	2.963360937531803
195800025	xxUUDYlSFESUIRvPTLDLReqO44G3	4.074357808036276
195800026	xxUUDYlSFESUIRvPTLDLReqO44G3	4.257221333857699
195800027	xxUUDYlSFESUIRvPTLDLReqO44G3	2.495837795152312
195800028	xxUUDYlSFESUIRvPTLDLReqO44G3	3.8914937468478836
195800029	xxUUDYlSFESUIRvPTLDLReqO44G3	4.099562229610402
195800030	xxUUDYlSFESUIRvPTLDLReqO44G3	4.756619913108096
195800031	xxUUDYlSFESUIRvPTLDLReqO44G3	5.977548535037876
195800032	xxUUDYlSFESUIRvPTLDLReqO44G3	5.251284499523486
195800033	xxUUDYlSFESUIRvPTLDLReqO44G3	7.272839746478866
195800034	xxUUDYlSFESUIRvPTLDLReqO44G3	7.6939424529983285
195800035	xxUUDYlSFESUIRvPTLDLReqO44G3	3.9519857259923157
195800036	xxUUDYlSFESUIRvPTLDLReqO44G3	5.0914568758002545
195800037	xxUUDYlSFESUIRvPTLDLReqO44G3	3.74682507106273
195800038	xxUUDYlSFESUIRvPTLDLReqO44G3	4.2348445319985615
195800039	xxUUDYlSFESUIRvPTLDLReqO44G3	8.274018805429805
195800040	xxUUDYlSFESUIRvPTLDLReqO44G3	3.2384638618943598
195800041	xxUUDYlSFESUIRvPTLDLReqO44G3	5.366302102433707
195800042	xxUUDYlSFESUIRvPTLDLReqO44G3	5.062296083381526
195800043	xxUUDYlSFESUIRvPTLDLReqO44G3	6.626658531121848
195800044	xxUUDYlSFESUIRvPTLDLReqO44G3	7.61575511182069
195800045	UHGZEyBQklbC0GB3JZMa5l8yuGT2	9.835090493562408
195800046	UHGZEyBQklbC0GB3JZMa5l8yuGT2	10.167688552104686
195800047	UHGZEyBQklbC0GB3JZMa5l8yuGT2	10.25330260036839
195800048	UHGZEyBQklbC0GB3JZMa5l8yuGT2	4.914026349745328
195800049	UHGZEyBQklbC0GB3JZMa5l8yuGT2	16.19489421033537
195800050	UHGZEyBQklbC0GB3JZMa5l8yuGT2	8.414616612505533
195800051	21Dw9jLeIqWjrAuRHI1RG1qPz853	6.195088209342392
195800052	21Dw9jLeIqWjrAuRHI1RG1qPz853	5.555368954061524
195800053	21Dw9jLeIqWjrAuRHI1RG1qPz853	12.588996158150406
195800054	21Dw9jLeIqWjrAuRHI1RG1qPz853	6.735199031817217
195800055	21Dw9jLeIqWjrAuRHI1RG1qPz853	7.918329505974896
195800056	21Dw9jLeIqWjrAuRHI1RG1qPz853	6.947587285126843
195800057	21Dw9jLeIqWjrAuRHI1RG1qPz853	6.18659286543199
195800058	21Dw9jLeIqWjrAuRHI1RG1qPz853	5.7382694642644765
195800059	Om0JhZ6RmTNQ5wDLPHKIC3LtY4g2	6.053489440643292
195800060	Om0JhZ6RmTNQ5wDLPHKIC3LtY4g2	12.287315112621016
195800061	Om0JhZ6RmTNQ5wDLPHKIC3LtY4g2	12.57087016982203
195800062	Om0JhZ6RmTNQ5wDLPHKIC3LtY4g2	4.205413180530371
195800063	Om0JhZ6RmTNQ5wDLPHKIC3LtY4g2	7.454792979869673
195800064	Om0JhZ6RmTNQ5wDLPHKIC3LtY4g2	16.369995663338784
195800065	UHGZEyBQklbC0GB3JZMa5l8yuGT2	7.565183874117191
195800066	UHGZEyBQklbC0GB3JZMa5l8yuGT2	5.905331794942009
195800067	UHGZEyBQklbC0GB3JZMa5l8yuGT2	10.664494543838805
195800068	UHGZEyBQklbC0GB3JZMa5l8yuGT2	18.328333279896096
195800069	UHGZEyBQklbC0GB3JZMa5l8yuGT2	11.580880722251322
195800070	UHGZEyBQklbC0GB3JZMa5l8yuGT2	7.577916283094751
195800071	UHGZEyBQklbC0GB3JZMa5l8yuGT2	7.478943682349822
195800072	UHGZEyBQklbC0GB3JZMa5l8yuGT2	8.209966704145373
195800073	uJ59YClhDZUuJsN0vsDR1GRv6pu1	3.864668378373924
195800074	uJ59YClhDZUuJsN0vsDR1GRv6pu1	2.034246341279288
195800075	uJ59YClhDZUuJsN0vsDR1GRv6pu1	4.1607767403349865
195800076	uJ59YClhDZUuJsN0vsDR1GRv6pu1	4.030359926403753
195800077	uJ59YClhDZUuJsN0vsDR1GRv6pu1	3.46210526814599
195800078	uJ59YClhDZUuJsN0vsDR1GRv6pu1	8.86332259538608
195800079	uJ59YClhDZUuJsN0vsDR1GRv6pu1	5.068073046103439
195800080	uJ59YClhDZUuJsN0vsDR1GRv6pu1	7.1217984081709815
195800081	uJ59YClhDZUuJsN0vsDR1GRv6pu1	6.404020152113432
195800082	uJ59YClhDZUuJsN0vsDR1GRv6pu1	4.036003722199396
195800083	mHWscHBXcoabM7fdw88AliGuPWw1	9.10283664711706
195800084	mHWscHBXcoabM7fdw88AliGuPWw1	13.565771197179085
195800085	mHWscHBXcoabM7fdw88AliGuPWw1	10.725437346883883
195800086	mHWscHBXcoabM7fdw88AliGuPWw1	11.010148564423638
195800087	mHWscHBXcoabM7fdw88AliGuPWw1	9.5406440610505
195800088	mHWscHBXcoabM7fdw88AliGuPWw1	4.222867616422469
195800089	mHWscHBXcoabM7fdw88AliGuPWw1	6.859629767350825
195800090	mHWscHBXcoabM7fdw88AliGuPWw1	8.508022691712853
195800091	u2hytH2KWIS6ewdShfEZisygqIo2	10.604046105842219
195800092	u2hytH2KWIS6ewdShfEZisygqIo2	4.285802743517488
195800093	u2hytH2KWIS6ewdShfEZisygqIo2	11.841128127122232
195800094	u2hytH2KWIS6ewdShfEZisygqIo2	10.108875950076715
195800095	u2hytH2KWIS6ewdShfEZisygqIo2	17.095870869708087
195800096	u2hytH2KWIS6ewdShfEZisygqIo2	28.661314352027887
195800097	u2hytH2KWIS6ewdShfEZisygqIo2	11.860678929810916
195800098	u2hytH2KWIS6ewdShfEZisygqIo2	26.103441048880512
195800099	u2hytH2KWIS6ewdShfEZisygqIo2	21.742871620654313
195800100	u2hytH2KWIS6ewdShfEZisygqIo2	6.251208166699911
195800101	u2hytH2KWIS6ewdShfEZisygqIo2	5.459923657268092
195800102	u2hytH2KWIS6ewdShfEZisygqIo2	4.582838285779957
195800103	u2hytH2KWIS6ewdShfEZisygqIo2	27.06348280763521
195800104	u2hytH2KWIS6ewdShfEZisygqIo2	17.832358554915203
195800105	u2hytH2KWIS6ewdShfEZisygqIo2	5.4829936000800785
195800106	u2hytH2KWIS6ewdShfEZisygqIo2	19.5464920225032
195800107	u2hytH2KWIS6ewdShfEZisygqIo2	20.34278667684049
195800108	d4lLmJzVbJaLpyCuafResXOry3t2	8.855548847010967
195800109	d4lLmJzVbJaLpyCuafResXOry3t2	16.984914633764298
195800110	d4lLmJzVbJaLpyCuafResXOry3t2	10.961071881267987
195800111	d4lLmJzVbJaLpyCuafResXOry3t2	5.769569047141438
195800112	d4lLmJzVbJaLpyCuafResXOry3t2	11.570547618533311
195800113	d4lLmJzVbJaLpyCuafResXOry3t2	18.373556743150402
195800114	lEq1lXM2xafR8w5blWO2OCG8VE93	5.477577260202409
195800115	lEq1lXM2xafR8w5blWO2OCG8VE93	8.07276371211911
195800116	lEq1lXM2xafR8w5blWO2OCG8VE93	6.650723829476025
195800117	lEq1lXM2xafR8w5blWO2OCG8VE93	16.69592040776464
195800118	lEq1lXM2xafR8w5blWO2OCG8VE93	5.547603917335181
195800119	lEq1lXM2xafR8w5blWO2OCG8VE93	12.837969763221544
195800120	lEq1lXM2xafR8w5blWO2OCG8VE93	7.04059922024517
195800121	lEq1lXM2xafR8w5blWO2OCG8VE93	14.980081332749961
195800122	aKXkeU8QguUwr1lDK1mxXri9hqN2	6.022300088992963
195800123	aKXkeU8QguUwr1lDK1mxXri9hqN2	2.261060534944182
195800124	aKXkeU8QguUwr1lDK1mxXri9hqN2	18.74187908658132
195800125	aKXkeU8QguUwr1lDK1mxXri9hqN2	3.0216911777736932
195800126	aKXkeU8QguUwr1lDK1mxXri9hqN2	2.444404828444185
195800127	aKXkeU8QguUwr1lDK1mxXri9hqN2	5.764946550628856
195800128	aKXkeU8QguUwr1lDK1mxXri9hqN2	7.579062624462587
195800129	4w6SC0KmlKV4YmJTalgWiZalQHi2	7.943577074444087
195800130	4w6SC0KmlKV4YmJTalgWiZalQHi2	7.667921295791036
195800131	4w6SC0KmlKV4YmJTalgWiZalQHi2	8.092977393394314
195800132	4w6SC0KmlKV4YmJTalgWiZalQHi2	7.520530678678437
195800133	4w6SC0KmlKV4YmJTalgWiZalQHi2	7.355248071122013
195800134	4w6SC0KmlKV4YmJTalgWiZalQHi2	9.740526042120791
195800135	4w6SC0KmlKV4YmJTalgWiZalQHi2	15.062261110287523
195800136	4w6SC0KmlKV4YmJTalgWiZalQHi2	4.0684812469259555
195800137	4w6SC0KmlKV4YmJTalgWiZalQHi2	5.783411801881513
195800138	4w6SC0KmlKV4YmJTalgWiZalQHi2	12.959676180795313
195800139	4w6SC0KmlKV4YmJTalgWiZalQHi2	11.794034772552095
195800140	4w6SC0KmlKV4YmJTalgWiZalQHi2	10.502462713948404
195800141	4w6SC0KmlKV4YmJTalgWiZalQHi2	24.817397772955275
195800142	4w6SC0KmlKV4YmJTalgWiZalQHi2	21.53162667739096
195800143	8AhIEcEU81Sn83Fyb0gnFvpiNij2	28.583536327997454
195800144	8AhIEcEU81Sn83Fyb0gnFvpiNij2	49.369695740376
195800145	8AhIEcEU81Sn83Fyb0gnFvpiNij2	68.27408213481391
195800146	8AhIEcEU81Sn83Fyb0gnFvpiNij2	47.90797155576411
195800147	8AhIEcEU81Sn83Fyb0gnFvpiNij2	57.50490039542902
195800148	8AhIEcEU81Sn83Fyb0gnFvpiNij2	48.365535834243985
195800149	u2hytH2KWIS6ewdShfEZisygqIo2	5.641782229565786
195800150	u2hytH2KWIS6ewdShfEZisygqIo2	6.5004085543908
195800151	u2hytH2KWIS6ewdShfEZisygqIo2	10.573297011065826
195800152	u2hytH2KWIS6ewdShfEZisygqIo2	12.312623408872533
195800153	u2hytH2KWIS6ewdShfEZisygqIo2	9.338639785305105
195800154	u2hytH2KWIS6ewdShfEZisygqIo2	13.006606792952162
195800155	u2hytH2KWIS6ewdShfEZisygqIo2	8.108209327799301
195800156	u2hytH2KWIS6ewdShfEZisygqIo2	8.428114377262688
195800157	u2hytH2KWIS6ewdShfEZisygqIo2	10.94585727432549
195800158	Gt0cspsUtRSvEXXHZKUWlVAfyVq2	6.848787751533673
195800159	Gt0cspsUtRSvEXXHZKUWlVAfyVq2	6.873932841129577
195800160	Gt0cspsUtRSvEXXHZKUWlVAfyVq2	2.7885039030549184
195800161	Gt0cspsUtRSvEXXHZKUWlVAfyVq2	3.7320837720457902
195800162	Gt0cspsUtRSvEXXHZKUWlVAfyVq2	2.682658282129392
195800163	Gt0cspsUtRSvEXXHZKUWlVAfyVq2	7.15418142956597
195800164	Gt0cspsUtRSvEXXHZKUWlVAfyVq2	3.2672071032950925
195800167	Gt0cspsUtRSvEXXHZKUWlVAfyVq2	7.546555339308576
195800168	EfKQNmht2ebtDnNadrezErlhcDF3	3.328143425394347
195800169	EfKQNmht2ebtDnNadrezErlhcDF3	1.9509814019956648
195800170	EfKQNmht2ebtDnNadrezErlhcDF3	3.3768989100169753
195800171	EfKQNmht2ebtDnNadrezErlhcDF3	2.100637421898572
195800172	EfKQNmht2ebtDnNadrezErlhcDF3	7.758221340097405
195800173	EfKQNmht2ebtDnNadrezErlhcDF3	3.55016128669552
195800174	EfKQNmht2ebtDnNadrezErlhcDF3	5.03060331033587
195800175	EfKQNmht2ebtDnNadrezErlhcDF3	3.569014046861888
195800176	EfKQNmht2ebtDnNadrezErlhcDF3	5.897979379399025
195800177	EfKQNmht2ebtDnNadrezErlhcDF3	3.8485609522546724
195800178	IxbpyVeneRWBOVT8zPZO9dPynyX2	4.081186179191381
195800179	IxbpyVeneRWBOVT8zPZO9dPynyX2	5.012383087794499
195800180	IxbpyVeneRWBOVT8zPZO9dPynyX2	5.32817153743528
195800181	IxbpyVeneRWBOVT8zPZO9dPynyX2	3.7091746801487773
195800182	IxbpyVeneRWBOVT8zPZO9dPynyX2	2.42477407740774
195800183	IxbpyVeneRWBOVT8zPZO9dPynyX2	6.867483994510522
195800184	IxbpyVeneRWBOVT8zPZO9dPynyX2	2.9864039332718377
195800185	IxbpyVeneRWBOVT8zPZO9dPynyX2	3.7105257064846526
195800186	IxbpyVeneRWBOVT8zPZO9dPynyX2	3.163771329429842
195800187	IxbpyVeneRWBOVT8zPZO9dPynyX2	5.040945266810354
195800188	IxbpyVeneRWBOVT8zPZO9dPynyX2	4.346455701601428
195800189	IxbpyVeneRWBOVT8zPZO9dPynyX2	6.037229977526877
195800190	IxbpyVeneRWBOVT8zPZO9dPynyX2	3.9938031607538136
195800191	eQ9VyOzVOCQWR7uTGBGzvfh3rUJ2	13.127270722938798
195800192	eQ9VyOzVOCQWR7uTGBGzvfh3rUJ2	8.791377410534222
195800193	eQ9VyOzVOCQWR7uTGBGzvfh3rUJ2	2.777084554678691
195800194	eQ9VyOzVOCQWR7uTGBGzvfh3rUJ2	2.011846742953775
195800195	WU2CHNrkg8hTa41RUFdbv0AtTC42	16.264301642105252
195800196	WU2CHNrkg8hTa41RUFdbv0AtTC42	9.383751556646647
195800197	WU2CHNrkg8hTa41RUFdbv0AtTC42	6.899777950772901
195800198	WU2CHNrkg8hTa41RUFdbv0AtTC42	11.353576883221812
195800199	WU2CHNrkg8hTa41RUFdbv0AtTC42	24.454986630317293
195800200	EfKQNmht2ebtDnNadrezErlhcDF3	4.9628139919719105
195800201	EfKQNmht2ebtDnNadrezErlhcDF3	3.5791034992772177
195800202	EfKQNmht2ebtDnNadrezErlhcDF3	6.5026278179017005
195800203	EfKQNmht2ebtDnNadrezErlhcDF3	7.877666887979423
195800204	EfKQNmht2ebtDnNadrezErlhcDF3	3.374251616899837
195800205	EfKQNmht2ebtDnNadrezErlhcDF3	7.069663098591551
195800206	EfKQNmht2ebtDnNadrezErlhcDF3	8.24809153119638
195800207	EfKQNmht2ebtDnNadrezErlhcDF3	5.716881171089
195800208	8AhIEcEU81Sn83Fyb0gnFvpiNij2	7.5881080152791425
195800209	8AhIEcEU81Sn83Fyb0gnFvpiNij2	19.389737412998883
195800210	8AhIEcEU81Sn83Fyb0gnFvpiNij2	33.187663463248356
195800211	8AhIEcEU81Sn83Fyb0gnFvpiNij2	33.31491078588465
195800212	8AhIEcEU81Sn83Fyb0gnFvpiNij2	19.3308885778565
195800213	8AhIEcEU81Sn83Fyb0gnFvpiNij2	22.245038548450935
195800214	8AhIEcEU81Sn83Fyb0gnFvpiNij2	33.07873491903038
195800215	R1EwS77TeuNWizrTF57TXCX3ufd2	14.464614392765728
195800216	R1EwS77TeuNWizrTF57TXCX3ufd2	13.594676692441272
195800217	R1EwS77TeuNWizrTF57TXCX3ufd2	0.699605756722157
195800218	R1EwS77TeuNWizrTF57TXCX3ufd2	7.407365696595463
195800219	R1EwS77TeuNWizrTF57TXCX3ufd2	21.768842895216977
195800220	R1EwS77TeuNWizrTF57TXCX3ufd2	23.421176474915868
195800221	R1EwS77TeuNWizrTF57TXCX3ufd2	25.3203094618695
195800222	R1EwS77TeuNWizrTF57TXCX3ufd2	41.29745428968471
195800223	R1EwS77TeuNWizrTF57TXCX3ufd2	35.43098878651543
195800224	aKXkeU8QguUwr1lDK1mxXri9hqN2	4.101423325238474
195800225	aKXkeU8QguUwr1lDK1mxXri9hqN2	6.982212393603943
195800226	aKXkeU8QguUwr1lDK1mxXri9hqN2	8.418191043715382
195800227	aKXkeU8QguUwr1lDK1mxXri9hqN2	8.390031069843417
195800228	aKXkeU8QguUwr1lDK1mxXri9hqN2	7.145185315938406
195800229	uJ59YClhDZUuJsN0vsDR1GRv6pu1	5.334967668181534
195800230	uJ59YClhDZUuJsN0vsDR1GRv6pu1	4.967089754481662
195800231	uJ59YClhDZUuJsN0vsDR1GRv6pu1	8.899625057514262
195800232	uJ59YClhDZUuJsN0vsDR1GRv6pu1	2.1182294000853474
195800233	uJ59YClhDZUuJsN0vsDR1GRv6pu1	4.198105779457805
195800234	uJ59YClhDZUuJsN0vsDR1GRv6pu1	11.70907413249055
195800235	uJ59YClhDZUuJsN0vsDR1GRv6pu1	12.440677225459389
195800236	uJ59YClhDZUuJsN0vsDR1GRv6pu1	12.38044400716602
195800237	uJ59YClhDZUuJsN0vsDR1GRv6pu1	1.6491167104121445
195800238	uJ59YClhDZUuJsN0vsDR1GRv6pu1	3.3784821752840486
195800239	u2hytH2KWIS6ewdShfEZisygqIo2	5.467394029258195
195800240	u2hytH2KWIS6ewdShfEZisygqIo2	17.945861050657555
195800241	u2hytH2KWIS6ewdShfEZisygqIo2	10.420065505634014
195800242	u2hytH2KWIS6ewdShfEZisygqIo2	11.081281072458218
195800243	u2hytH2KWIS6ewdShfEZisygqIo2	3.3139569590505147
195800244	u2hytH2KWIS6ewdShfEZisygqIo2	3.9990958227440387
195800245	u2hytH2KWIS6ewdShfEZisygqIo2	5.4848467938407595
195800246	Gt0cspsUtRSvEXXHZKUWlVAfyVq2	8.922955401996234
195800247	Gt0cspsUtRSvEXXHZKUWlVAfyVq2	3.687053503903611
195800248	Gt0cspsUtRSvEXXHZKUWlVAfyVq2	5.082584772501066
195800249	Gt0cspsUtRSvEXXHZKUWlVAfyVq2	6.809002136259743
195800250	Gt0cspsUtRSvEXXHZKUWlVAfyVq2	4.731406926994904
195800251	Gt0cspsUtRSvEXXHZKUWlVAfyVq2	4.542380932088285
195800252	Gt0cspsUtRSvEXXHZKUWlVAfyVq2	6.354654617147709
195800253	Gt0cspsUtRSvEXXHZKUWlVAfyVq2	6.913675703692427
195800254	Gt0cspsUtRSvEXXHZKUWlVAfyVq2	11.376254076216
195800255	Gt0cspsUtRSvEXXHZKUWlVAfyVq2	4.80555567868894
195800256	HGLxgWVfJZWhAsqMf761d40h3eQ2	27.214108171112038
195800257	HGLxgWVfJZWhAsqMf761d40h3eQ2	10.575759130624995
195800258	HGLxgWVfJZWhAsqMf761d40h3eQ2	74.11292061088992
195800259	HGLxgWVfJZWhAsqMf761d40h3eQ2	14.063709967779403
195800260	HGLxgWVfJZWhAsqMf761d40h3eQ2	96.09226450212336
195800261	HGLxgWVfJZWhAsqMf761d40h3eQ2	54.890903267604756
195800264	sHl4il5Li8NKe5aMecUSJyXBFco2	3.065941348078484
195800265	sHl4il5Li8NKe5aMecUSJyXBFco2	2.9556973534453874
195800266	sHl4il5Li8NKe5aMecUSJyXBFco2	5.49557764806023
195800267	sHl4il5Li8NKe5aMecUSJyXBFco2	4.95803333521669
195800268	sHl4il5Li8NKe5aMecUSJyXBFco2	3.258298922993493
195800269	sHl4il5Li8NKe5aMecUSJyXBFco2	1.805464723186482
195800270	sHl4il5Li8NKe5aMecUSJyXBFco2	2.429121064658048
195800271	sHl4il5Li8NKe5aMecUSJyXBFco2	1.340090728328569
195800272	sHl4il5Li8NKe5aMecUSJyXBFco2	13.333294088989668
195800273	sHl4il5Li8NKe5aMecUSJyXBFco2	3.6712060589596405
195800274	sHl4il5Li8NKe5aMecUSJyXBFco2	4.366065579908529
195800275	sHl4il5Li8NKe5aMecUSJyXBFco2	7.026595143930663
195800276	sHl4il5Li8NKe5aMecUSJyXBFco2	4.28948670754076
195800277	sHl4il5Li8NKe5aMecUSJyXBFco2	6.136518612075108
195800278	sHl4il5Li8NKe5aMecUSJyXBFco2	6.574402642958674
195800279	qgT735VZ7OPJmWzvIgZGZAchHgD2	14.126201351129964
195800280	qgT735VZ7OPJmWzvIgZGZAchHgD2	21.8666840489673
195800281	qgT735VZ7OPJmWzvIgZGZAchHgD2	16.55277380170523
195800282	Om0JhZ6RmTNQ5wDLPHKIC3LtY4g2	9.775154616966308
195800283	Om0JhZ6RmTNQ5wDLPHKIC3LtY4g2	5.731205288108933
195800284	Om0JhZ6RmTNQ5wDLPHKIC3LtY4g2	7.600405244599251
195800285	Om0JhZ6RmTNQ5wDLPHKIC3LtY4g2	6.184062079464184
195800286	Om0JhZ6RmTNQ5wDLPHKIC3LtY4g2	4.87148965362357
195800287	Om0JhZ6RmTNQ5wDLPHKIC3LtY4g2	7.169090170381374
195800288	Om0JhZ6RmTNQ5wDLPHKIC3LtY4g2	4.537990635607407
195800289	Om0JhZ6RmTNQ5wDLPHKIC3LtY4g2	3.0705460611733173
195800290	Om0JhZ6RmTNQ5wDLPHKIC3LtY4g2	4.564287585521022
195800291	Om0JhZ6RmTNQ5wDLPHKIC3LtY4g2	5.708888358170398
195800292	Om0JhZ6RmTNQ5wDLPHKIC3LtY4g2	10.101452133087648
195800293	ihIoefKsGwTDai7fGs9x3DyNvju2	3.57117332182706
195800294	ihIoefKsGwTDai7fGs9x3DyNvju2	9.335361154587229
195800295	ihIoefKsGwTDai7fGs9x3DyNvju2	4.2386045963897185
195800296	ihIoefKsGwTDai7fGs9x3DyNvju2	22.701374145872038
195800297	ihIoefKsGwTDai7fGs9x3DyNvju2	5.3447517125480175
195800298	ihIoefKsGwTDai7fGs9x3DyNvju2	7.563041356100875
195800299	ihIoefKsGwTDai7fGs9x3DyNvju2	11.059450937070437
195800300	ihIoefKsGwTDai7fGs9x3DyNvju2	16.994958164101675
195800301	ihIoefKsGwTDai7fGs9x3DyNvju2	14.145134229454172
195800302	CjlD9aGvoSfMhsnUwRIQlMr4IFp1	7.085125018631166
195800303	CjlD9aGvoSfMhsnUwRIQlMr4IFp1	9.079709038511037
195800304	CjlD9aGvoSfMhsnUwRIQlMr4IFp1	21.29328903034045
195800305	CjlD9aGvoSfMhsnUwRIQlMr4IFp1	24.68210787435951
195800306	CjlD9aGvoSfMhsnUwRIQlMr4IFp1	10.780881525406045
195800307	ovpeape9PZbAq7VLrirwGOYrvsh1	3.900858797290402
195800308	ovpeape9PZbAq7VLrirwGOYrvsh1	2.375245053737217
195800309	ovpeape9PZbAq7VLrirwGOYrvsh1	1.565739191708034
195800310	ovpeape9PZbAq7VLrirwGOYrvsh1	4.214379378328035
195800311	ovpeape9PZbAq7VLrirwGOYrvsh1	2.984208495278816
195800312	ovpeape9PZbAq7VLrirwGOYrvsh1	2.082544631759724
195800313	ovpeape9PZbAq7VLrirwGOYrvsh1	3.0352418659417957
195800314	ovpeape9PZbAq7VLrirwGOYrvsh1	5.094538540345617
195800315	ovpeape9PZbAq7VLrirwGOYrvsh1	3.477829677455123
195800316	ovpeape9PZbAq7VLrirwGOYrvsh1	3.6207296391035975
195800317	bKduvdIsrbbqPZ7Z3lCfQlF8WBn1	2.9323817239471306
195800318	bKduvdIsrbbqPZ7Z3lCfQlF8WBn1	4.977759062998949
195800319	bKduvdIsrbbqPZ7Z3lCfQlF8WBn1	6.32132863840806
195800320	bKduvdIsrbbqPZ7Z3lCfQlF8WBn1	5.271693362496164
195800321	bKduvdIsrbbqPZ7Z3lCfQlF8WBn1	7.657421183889081
195800322	bKduvdIsrbbqPZ7Z3lCfQlF8WBn1	10.119031620283959
195800323	ILoW3cdKuQPYK9GCBc6aoCHzooz2	2.9518961030248176
195800324	ILoW3cdKuQPYK9GCBc6aoCHzooz2	3.4130770483490718
195800325	ILoW3cdKuQPYK9GCBc6aoCHzooz2	3.1266200825770847
195800326	ILoW3cdKuQPYK9GCBc6aoCHzooz2	2.7651746756710427
195800327	ILoW3cdKuQPYK9GCBc6aoCHzooz2	1.774461439661895
195800328	ILoW3cdKuQPYK9GCBc6aoCHzooz2	2.9153758130781497
195800329	ILoW3cdKuQPYK9GCBc6aoCHzooz2	1.7189385009030396
195800330	ILoW3cdKuQPYK9GCBc6aoCHzooz2	1.7931340833479545
195800331	ILoW3cdKuQPYK9GCBc6aoCHzooz2	4.2442524676613544
195800332	ILoW3cdKuQPYK9GCBc6aoCHzooz2	3.5720670211598247
195800333	HGLxgWVfJZWhAsqMf761d40h3eQ2	23.16803810293129
195800334	HGLxgWVfJZWhAsqMf761d40h3eQ2	39.417985209986874
195800335	HGLxgWVfJZWhAsqMf761d40h3eQ2	24.392607124177715
195800336	HGLxgWVfJZWhAsqMf761d40h3eQ2	57.98929348865478
195800337	HGLxgWVfJZWhAsqMf761d40h3eQ2	52.32590752116468
195800338	mHWscHBXcoabM7fdw88AliGuPWw1	5.879314859137722
195800339	mHWscHBXcoabM7fdw88AliGuPWw1	5.3426188306365106
195800340	mHWscHBXcoabM7fdw88AliGuPWw1	5.169033462231214
195800341	mHWscHBXcoabM7fdw88AliGuPWw1	4.738535831458794
195800342	mHWscHBXcoabM7fdw88AliGuPWw1	12.541600191760978
195800343	mHWscHBXcoabM7fdw88AliGuPWw1	15.261769047097005
195800344	mHWscHBXcoabM7fdw88AliGuPWw1	10.108402238851731
195800345	mHWscHBXcoabM7fdw88AliGuPWw1	7.728475080498768
195800346	ILoW3cdKuQPYK9GCBc6aoCHzooz2	3.107078459444349
195800347	ILoW3cdKuQPYK9GCBc6aoCHzooz2	1.4078011455762205
195800348	ILoW3cdKuQPYK9GCBc6aoCHzooz2	2.5229616722424364
195800349	ILoW3cdKuQPYK9GCBc6aoCHzooz2	2.804079053777377
195800350	ILoW3cdKuQPYK9GCBc6aoCHzooz2	3.400321717429758
195800351	ILoW3cdKuQPYK9GCBc6aoCHzooz2	3.23930574626781
195800352	ILoW3cdKuQPYK9GCBc6aoCHzooz2	3.1591364718217143
195800353	ILoW3cdKuQPYK9GCBc6aoCHzooz2	3.580798348731129
195800354	ILoW3cdKuQPYK9GCBc6aoCHzooz2	15.948113460647829
195800355	0FdMSMtn95PJ9tLFeW3F4sFLPMh1	4.988420153540519
195800356	0FdMSMtn95PJ9tLFeW3F4sFLPMh1	7.207119443630106
195800357	0FdMSMtn95PJ9tLFeW3F4sFLPMh1	10.648436886290042
195800358	0FdMSMtn95PJ9tLFeW3F4sFLPMh1	2.9686096690354162
195800359	0FdMSMtn95PJ9tLFeW3F4sFLPMh1	5.283838257833779
195800360	0FdMSMtn95PJ9tLFeW3F4sFLPMh1	5.821150974127839
195800361	0FdMSMtn95PJ9tLFeW3F4sFLPMh1	9.361633473918253
195800362	0FdMSMtn95PJ9tLFeW3F4sFLPMh1	2.7933358370037666
195800363	0FdMSMtn95PJ9tLFeW3F4sFLPMh1	7.075601987614306
195800364	0FdMSMtn95PJ9tLFeW3F4sFLPMh1	9.401759031371768
195800365	0FdMSMtn95PJ9tLFeW3F4sFLPMh1	4.850477905686915
195800366	0FdMSMtn95PJ9tLFeW3F4sFLPMh1	21.17234871767505
195800367	0FdMSMtn95PJ9tLFeW3F4sFLPMh1	4.589559125144859
195800368	jWPmLFrSHDZItPTjjPUB8KAsjlq2	7.014904642765684
195800369	jWPmLFrSHDZItPTjjPUB8KAsjlq2	4.319954041414412
195800370	jWPmLFrSHDZItPTjjPUB8KAsjlq2	8.48327955231301
195800371	jWPmLFrSHDZItPTjjPUB8KAsjlq2	3.4140211322903866
195800372	jWPmLFrSHDZItPTjjPUB8KAsjlq2	3.143265695682693
195800373	jWPmLFrSHDZItPTjjPUB8KAsjlq2	1.9135984814340574
195800374	jWPmLFrSHDZItPTjjPUB8KAsjlq2	9.69041903227901
195800375	jWPmLFrSHDZItPTjjPUB8KAsjlq2	4.586990897035513
195800376	jWPmLFrSHDZItPTjjPUB8KAsjlq2	5.521280243813365
195800377	jWPmLFrSHDZItPTjjPUB8KAsjlq2	5.025090269892452
195800378	jWPmLFrSHDZItPTjjPUB8KAsjlq2	5.63202843013454
195800379	jWPmLFrSHDZItPTjjPUB8KAsjlq2	6.654177949800413
195800380	jWPmLFrSHDZItPTjjPUB8KAsjlq2	4.076089286436812
195800381	ukKF4sCANzgmD16fyjMyO7VwR2A2	4.3538072556644405
195800382	ukKF4sCANzgmD16fyjMyO7VwR2A2	7.2233704505066445
195800383	ukKF4sCANzgmD16fyjMyO7VwR2A2	6.952491743058772
195800384	ukKF4sCANzgmD16fyjMyO7VwR2A2	4.888035853920872
195800385	ukKF4sCANzgmD16fyjMyO7VwR2A2	4.276496276125609
195800386	ukKF4sCANzgmD16fyjMyO7VwR2A2	5.179227093942309
195800387	ukKF4sCANzgmD16fyjMyO7VwR2A2	4.000083154289371
195800388	ukKF4sCANzgmD16fyjMyO7VwR2A2	4.9118048706786155
195800389	ukKF4sCANzgmD16fyjMyO7VwR2A2	6.317869860168209
195800390	ukKF4sCANzgmD16fyjMyO7VwR2A2	2.356183448783611
195800391	ukKF4sCANzgmD16fyjMyO7VwR2A2	9.128889898695697
195800392	ukKF4sCANzgmD16fyjMyO7VwR2A2	6.613953944380285
195800393	ukKF4sCANzgmD16fyjMyO7VwR2A2	5.02614886300519
195800394	ukKF4sCANzgmD16fyjMyO7VwR2A2	6.129239547467165
195800395	ukKF4sCANzgmD16fyjMyO7VwR2A2	6.381829563644644
195800396	ukKF4sCANzgmD16fyjMyO7VwR2A2	13.040861778127606
195800397	vyxZfTTt3KcuCEMvCj18qbdqgti1	10.041259215741196
195800398	vyxZfTTt3KcuCEMvCj18qbdqgti1	9.643092431522
195800399	vyxZfTTt3KcuCEMvCj18qbdqgti1	3.2050863607809816
195800400	EOwDjm2STZfXSXQJzWXadFRGRzn1	31.123382506018537
195800401	EOwDjm2STZfXSXQJzWXadFRGRzn1	50.593855132078644
195800402	EOwDjm2STZfXSXQJzWXadFRGRzn1	74.79673806251719
195800403	EOwDjm2STZfXSXQJzWXadFRGRzn1	19.987014404808065
195800404	EOwDjm2STZfXSXQJzWXadFRGRzn1	6.708790825043508
195800405	EOwDjm2STZfXSXQJzWXadFRGRzn1	30.281635546173845
195800406	qgT735VZ7OPJmWzvIgZGZAchHgD2	25.176259176934085
195800407	qgT735VZ7OPJmWzvIgZGZAchHgD2	3.384473305084743
195800408	qgT735VZ7OPJmWzvIgZGZAchHgD2	27.73525344269232
195800409	qgT735VZ7OPJmWzvIgZGZAchHgD2	6.527181991525424
195800410	qgT735VZ7OPJmWzvIgZGZAchHgD2	15.659346109485313
195800411	qgT735VZ7OPJmWzvIgZGZAchHgD2	34.56725859398381
195800412	qgT735VZ7OPJmWzvIgZGZAchHgD2	15.387234830969959
195800413	qgT735VZ7OPJmWzvIgZGZAchHgD2	6.048613282236431
195800414	Gt0cspsUtRSvEXXHZKUWlVAfyVq2	5.5019800035441335
195800415	Gt0cspsUtRSvEXXHZKUWlVAfyVq2	6.772768124806322
195800416	Gt0cspsUtRSvEXXHZKUWlVAfyVq2	3.22441130903416
195800417	Gt0cspsUtRSvEXXHZKUWlVAfyVq2	4.344525757469814
195800418	Gt0cspsUtRSvEXXHZKUWlVAfyVq2	6.15265551204617
195800419	Gt0cspsUtRSvEXXHZKUWlVAfyVq2	5.86074677615202
195800420	Gt0cspsUtRSvEXXHZKUWlVAfyVq2	4.551383873358205
195800421	Gt0cspsUtRSvEXXHZKUWlVAfyVq2	7.240571043321943
195800422	Gt0cspsUtRSvEXXHZKUWlVAfyVq2	6.770011643323258
195800423	ihIoefKsGwTDai7fGs9x3DyNvju2	5.119279585183253
195800424	ihIoefKsGwTDai7fGs9x3DyNvju2	12.453750342989771
195800425	ihIoefKsGwTDai7fGs9x3DyNvju2	11.057036460265813
195800426	ihIoefKsGwTDai7fGs9x3DyNvju2	13.236335149674545
195800427	ihIoefKsGwTDai7fGs9x3DyNvju2	4.585116957357279
195800428	ihIoefKsGwTDai7fGs9x3DyNvju2	9.91392764976856
195800429	ihIoefKsGwTDai7fGs9x3DyNvju2	17.340066984494655
195800430	ihIoefKsGwTDai7fGs9x3DyNvju2	10.625687961666898
195800431	ihIoefKsGwTDai7fGs9x3DyNvju2	22.57765127761752
195800432	mHWscHBXcoabM7fdw88AliGuPWw1	3.114145248395131
195800433	mHWscHBXcoabM7fdw88AliGuPWw1	3.1086606408640893
195800434	mHWscHBXcoabM7fdw88AliGuPWw1	5.696647921692168
195800435	mHWscHBXcoabM7fdw88AliGuPWw1	4.280109408352448
195800436	mHWscHBXcoabM7fdw88AliGuPWw1	6.924147573797423
195800437	mHWscHBXcoabM7fdw88AliGuPWw1	10.764117150878043
195800438	mHWscHBXcoabM7fdw88AliGuPWw1	3.6754162001112363
195800439	mHWscHBXcoabM7fdw88AliGuPWw1	8.655694601705392
195800440	mHWscHBXcoabM7fdw88AliGuPWw1	3.657963402715893
195800441	kTMUXkYb5leGiYEcapITFVWKLCu1	4.995397412962073
195800442	kTMUXkYb5leGiYEcapITFVWKLCu1	4.671366294255643
195800443	kTMUXkYb5leGiYEcapITFVWKLCu1	3.7018757266992264
195800444	kTMUXkYb5leGiYEcapITFVWKLCu1	24.34057923976742
195800445	kTMUXkYb5leGiYEcapITFVWKLCu1	8.977922897779237
195800446	kTMUXkYb5leGiYEcapITFVWKLCu1	11.852165470280916
195800447	kTMUXkYb5leGiYEcapITFVWKLCu1	11.538761230401661
195800448	Om0JhZ6RmTNQ5wDLPHKIC3LtY4g2	7.298131579004508
195800449	Om0JhZ6RmTNQ5wDLPHKIC3LtY4g2	6.931112889391278
195800450	Om0JhZ6RmTNQ5wDLPHKIC3LtY4g2	8.818926623272016
195800451	Om0JhZ6RmTNQ5wDLPHKIC3LtY4g2	6.892097638899575
195800452	Om0JhZ6RmTNQ5wDLPHKIC3LtY4g2	5.022664742140428
195800453	Om0JhZ6RmTNQ5wDLPHKIC3LtY4g2	8.438509998514284
195800454	Om0JhZ6RmTNQ5wDLPHKIC3LtY4g2	12.389555219441085
195800455	Om0JhZ6RmTNQ5wDLPHKIC3LtY4g2	9.69489077437477
195800456	Om0JhZ6RmTNQ5wDLPHKIC3LtY4g2	8.187122390329122
195800457	mHWscHBXcoabM7fdw88AliGuPWw1	5.403591907810499
195800458	mHWscHBXcoabM7fdw88AliGuPWw1	6.88894678240994
195800459	mHWscHBXcoabM7fdw88AliGuPWw1	7.594684969547956
195800460	mHWscHBXcoabM7fdw88AliGuPWw1	2.062777688860436
195800461	mHWscHBXcoabM7fdw88AliGuPWw1	2.8882010140845047
195800462	mHWscHBXcoabM7fdw88AliGuPWw1	11.817660466066695
195800463	mHWscHBXcoabM7fdw88AliGuPWw1	3.2770714816934614
195800464	mHWscHBXcoabM7fdw88AliGuPWw1	5.067822108231326
195800465	mHWscHBXcoabM7fdw88AliGuPWw1	10.727168012571703
195800466	Om0JhZ6RmTNQ5wDLPHKIC3LtY4g2	5.7035806822702595
195800467	Om0JhZ6RmTNQ5wDLPHKIC3LtY4g2	3.983564924609226
195800468	Om0JhZ6RmTNQ5wDLPHKIC3LtY4g2	6.95395372180327
195800469	Om0JhZ6RmTNQ5wDLPHKIC3LtY4g2	4.245433660761083
195800470	Om0JhZ6RmTNQ5wDLPHKIC3LtY4g2	3.5699026341258353
195800471	Om0JhZ6RmTNQ5wDLPHKIC3LtY4g2	4.671125341256364
195800472	Om0JhZ6RmTNQ5wDLPHKIC3LtY4g2	7.247198320242795
195800473	Om0JhZ6RmTNQ5wDLPHKIC3LtY4g2	6.66785170038726
195800474	Om0JhZ6RmTNQ5wDLPHKIC3LtY4g2	8.15439637215939
195800475	Om0JhZ6RmTNQ5wDLPHKIC3LtY4g2	4.1654984182721435
195800476	Om0JhZ6RmTNQ5wDLPHKIC3LtY4g2	5.09245986859105
195800477	ovpeape9PZbAq7VLrirwGOYrvsh1	1.8237800933645585
195800478	ovpeape9PZbAq7VLrirwGOYrvsh1	3.219753135134904
195800479	ovpeape9PZbAq7VLrirwGOYrvsh1	4.581430169196885
195800480	ovpeape9PZbAq7VLrirwGOYrvsh1	2.391327006706991
195800481	ovpeape9PZbAq7VLrirwGOYrvsh1	2.9270453760969026
195800482	ovpeape9PZbAq7VLrirwGOYrvsh1	3.729032604503974
195800483	ovpeape9PZbAq7VLrirwGOYrvsh1	4.259095455805799
195800484	ovpeape9PZbAq7VLrirwGOYrvsh1	2.1515471040808123
195800485	ovpeape9PZbAq7VLrirwGOYrvsh1	5.197918207796338
195800486	tHP0GvI5hccNGBzYfgE2pkEHXiW2	4.59557031784934
195800487	tHP0GvI5hccNGBzYfgE2pkEHXiW2	5.056047955423953
195800488	tHP0GvI5hccNGBzYfgE2pkEHXiW2	18.043611887564516
195800489	tHP0GvI5hccNGBzYfgE2pkEHXiW2	7.115145466230032
195800490	tHP0GvI5hccNGBzYfgE2pkEHXiW2	6.966179671827604
195800491	tHP0GvI5hccNGBzYfgE2pkEHXiW2	5.780363996921189
195800492	tHP0GvI5hccNGBzYfgE2pkEHXiW2	5.188132043971898
195800493	tHP0GvI5hccNGBzYfgE2pkEHXiW2	8.749276022532229
195800494	tHP0GvI5hccNGBzYfgE2pkEHXiW2	1.9527502928416425
195800495	uJ59YClhDZUuJsN0vsDR1GRv6pu1	9.147841405843655
195800496	uJ59YClhDZUuJsN0vsDR1GRv6pu1	5.088352211863048
195800497	uJ59YClhDZUuJsN0vsDR1GRv6pu1	4.33780929609042
195800498	uJ59YClhDZUuJsN0vsDR1GRv6pu1	3.700522389678561
195800499	uJ59YClhDZUuJsN0vsDR1GRv6pu1	1.6404479799554572
195800500	uJ59YClhDZUuJsN0vsDR1GRv6pu1	3.428253757424258
195800501	uJ59YClhDZUuJsN0vsDR1GRv6pu1	5.254515633214801
195800502	uJ59YClhDZUuJsN0vsDR1GRv6pu1	6.387111261105488
195800503	uJ59YClhDZUuJsN0vsDR1GRv6pu1	4.668307315318749
195800504	uJ59YClhDZUuJsN0vsDR1GRv6pu1	5.879041301130073
195800505	uJ59YClhDZUuJsN0vsDR1GRv6pu1	4.344412107862546
195800506	uJ59YClhDZUuJsN0vsDR1GRv6pu1	9.72794428998985
195800507	sHl4il5Li8NKe5aMecUSJyXBFco2	8.926928101662995
195800508	sHl4il5Li8NKe5aMecUSJyXBFco2	3.035177170788968
195800509	sHl4il5Li8NKe5aMecUSJyXBFco2	4.712923696670712
195800510	sHl4il5Li8NKe5aMecUSJyXBFco2	4.203502922318574
195800511	sHl4il5Li8NKe5aMecUSJyXBFco2	2.298284286101115
195800512	sHl4il5Li8NKe5aMecUSJyXBFco2	4.275729892365284
195800513	sHl4il5Li8NKe5aMecUSJyXBFco2	9.756198786706513
195800514	sHl4il5Li8NKe5aMecUSJyXBFco2	3.470913460875366
195800515	sHl4il5Li8NKe5aMecUSJyXBFco2	7.37111686441289
195800516	sHl4il5Li8NKe5aMecUSJyXBFco2	7.365388530880509
195800517	sHl4il5Li8NKe5aMecUSJyXBFco2	5.832692153824269
195800518	Om0JhZ6RmTNQ5wDLPHKIC3LtY4g2	7.041800550637261
195800519	Om0JhZ6RmTNQ5wDLPHKIC3LtY4g2	2.978793382969929
195800520	Om0JhZ6RmTNQ5wDLPHKIC3LtY4g2	5.848451398981325
195800521	Om0JhZ6RmTNQ5wDLPHKIC3LtY4g2	7.6139486902758975
195800522	Om0JhZ6RmTNQ5wDLPHKIC3LtY4g2	7.497978005720022
195800523	Om0JhZ6RmTNQ5wDLPHKIC3LtY4g2	3.456131332878428
195800524	Om0JhZ6RmTNQ5wDLPHKIC3LtY4g2	6.538604138999418
195800525	Om0JhZ6RmTNQ5wDLPHKIC3LtY4g2	6.843167099320887
195800526	Sn3Nw7A3OmOkiMXEFjEyRusLuuo2	6.513740793926247
195800527	Sn3Nw7A3OmOkiMXEFjEyRusLuuo2	4.533029414316703
195800528	Sn3Nw7A3OmOkiMXEFjEyRusLuuo2	14.353736134418018
195800529	Sn3Nw7A3OmOkiMXEFjEyRusLuuo2	18.818196326280624
195800530	Sn3Nw7A3OmOkiMXEFjEyRusLuuo2	18.355603551433482
195800531	Sn3Nw7A3OmOkiMXEFjEyRusLuuo2	32.424046113077125
195800533	vrDD6j0aEnQfytObzHmMJYKTeFf2	3.456810881378699
195800534	vrDD6j0aEnQfytObzHmMJYKTeFf2	8.250257368353406
195800535	vrDD6j0aEnQfytObzHmMJYKTeFf2	6.042348269131221
195800536	vrDD6j0aEnQfytObzHmMJYKTeFf2	3.597011533512781
195800537	vrDD6j0aEnQfytObzHmMJYKTeFf2	6.491329351581555
195800538	vrDD6j0aEnQfytObzHmMJYKTeFf2	2.992620932754882
195800539	vrDD6j0aEnQfytObzHmMJYKTeFf2	7.755966641558885
195800540	vrDD6j0aEnQfytObzHmMJYKTeFf2	3.8849727162399006
195800541	HGLxgWVfJZWhAsqMf761d40h3eQ2	32.91450783101582
195800542	HGLxgWVfJZWhAsqMf761d40h3eQ2	10.19620463640328
195800543	HGLxgWVfJZWhAsqMf761d40h3eQ2	45.031517452648146
195800544	HGLxgWVfJZWhAsqMf761d40h3eQ2	40.82682091142654
195800545	HGLxgWVfJZWhAsqMf761d40h3eQ2	14.584969768689604
195800546	HGLxgWVfJZWhAsqMf761d40h3eQ2	31.295975882377206
195800547	HGLxgWVfJZWhAsqMf761d40h3eQ2	21.486974463795804
195800548	HGLxgWVfJZWhAsqMf761d40h3eQ2	44.31079956713367
195800549	ejZWulX03uRlAA3C5VqYK6jKNYs1	2.688501124092191
195800550	ejZWulX03uRlAA3C5VqYK6jKNYs1	2.3723321728601876
195800551	ejZWulX03uRlAA3C5VqYK6jKNYs1	4.919059122100317
195800552	ejZWulX03uRlAA3C5VqYK6jKNYs1	5.769960152067828
195800553	ejZWulX03uRlAA3C5VqYK6jKNYs1	3.466303933966003
195800554	ejZWulX03uRlAA3C5VqYK6jKNYs1	4.8314984858388925
195800555	ejZWulX03uRlAA3C5VqYK6jKNYs1	5.89069109012766
195800556	ejZWulX03uRlAA3C5VqYK6jKNYs1	3.4845082026263157
195800557	ejZWulX03uRlAA3C5VqYK6jKNYs1	4.4178135196819355
195800558	ejZWulX03uRlAA3C5VqYK6jKNYs1	4.749273236536993
195800559	ejZWulX03uRlAA3C5VqYK6jKNYs1	8.60778130221913
195800560	ejZWulX03uRlAA3C5VqYK6jKNYs1	2.6889292760982926
195800561	ejZWulX03uRlAA3C5VqYK6jKNYs1	4.584572852510696
195800562	ejZWulX03uRlAA3C5VqYK6jKNYs1	8.696706683152833
195800563	ejZWulX03uRlAA3C5VqYK6jKNYs1	5.046253025867799
195800564	ejZWulX03uRlAA3C5VqYK6jKNYs1	2.428262049826671
195800565	ejZWulX03uRlAA3C5VqYK6jKNYs1	5.4169282877009834
195800566	ejZWulX03uRlAA3C5VqYK6jKNYs1	7.611858160699853
195800567	ejZWulX03uRlAA3C5VqYK6jKNYs1	8.522998047260302
195800568	ejZWulX03uRlAA3C5VqYK6jKNYs1	2.269158325145881
195800569	ejZWulX03uRlAA3C5VqYK6jKNYs1	3.8453769906094095
195800570	ejZWulX03uRlAA3C5VqYK6jKNYs1	3.919790461988967
195800571	ejZWulX03uRlAA3C5VqYK6jKNYs1	2.6971748267543205
195800572	ejZWulX03uRlAA3C5VqYK6jKNYs1	12.99185114793849
195800573	CjlD9aGvoSfMhsnUwRIQlMr4IFp1	1.8914105963958596
195800574	CjlD9aGvoSfMhsnUwRIQlMr4IFp1	2.9953114140978077
195800575	CjlD9aGvoSfMhsnUwRIQlMr4IFp1	3.230754104096885
195800576	CjlD9aGvoSfMhsnUwRIQlMr4IFp1	3.8223940862529098
195800577	CjlD9aGvoSfMhsnUwRIQlMr4IFp1	3.520761885606909
195800578	CjlD9aGvoSfMhsnUwRIQlMr4IFp1	1.4282688598387772
195800579	mHWscHBXcoabM7fdw88AliGuPWw1	10.621851384809943
195800580	mHWscHBXcoabM7fdw88AliGuPWw1	16.980750160229753
195800581	mHWscHBXcoabM7fdw88AliGuPWw1	10.413844345897509
195800582	CjlD9aGvoSfMhsnUwRIQlMr4IFp1	3.291600033907407
195800583	CjlD9aGvoSfMhsnUwRIQlMr4IFp1	2.29819700597577
195800584	CjlD9aGvoSfMhsnUwRIQlMr4IFp1	2.8048935887092856
195800585	CjlD9aGvoSfMhsnUwRIQlMr4IFp1	5.875001354818783
195800586	CjlD9aGvoSfMhsnUwRIQlMr4IFp1	3.512585816638367
195800587	CjlD9aGvoSfMhsnUwRIQlMr4IFp1	5.363806286926998
195800588	CjlD9aGvoSfMhsnUwRIQlMr4IFp1	7.620461130730053
195800589	CjlD9aGvoSfMhsnUwRIQlMr4IFp1	5.862170007670855
195800590	CjlD9aGvoSfMhsnUwRIQlMr4IFp1	2.9622419087526666
195800591	CjlD9aGvoSfMhsnUwRIQlMr4IFp1	3.410755919012267
195800592	CjlD9aGvoSfMhsnUwRIQlMr4IFp1	11.62097241267113
195800593	CjlD9aGvoSfMhsnUwRIQlMr4IFp1	4.003737159592532
195800594	l10DBTU0vaSPzKuDElOBDPPpe2H3	4.278242994153799
195800595	l10DBTU0vaSPzKuDElOBDPPpe2H3	4.286254591421408
195800596	l10DBTU0vaSPzKuDElOBDPPpe2H3	8.578041926135354
195800597	l10DBTU0vaSPzKuDElOBDPPpe2H3	5.862718609344334
195800598	l10DBTU0vaSPzKuDElOBDPPpe2H3	5.16999598495233
195800599	l10DBTU0vaSPzKuDElOBDPPpe2H3	4.847000445945227
195800600	l10DBTU0vaSPzKuDElOBDPPpe2H3	9.494560059464398
195800601	l10DBTU0vaSPzKuDElOBDPPpe2H3	6.648680129044841
195800602	l10DBTU0vaSPzKuDElOBDPPpe2H3	5.228994585478709
195800603	l10DBTU0vaSPzKuDElOBDPPpe2H3	2.1035152026006756
195800604	l10DBTU0vaSPzKuDElOBDPPpe2H3	1.8017145360292943
195800606	l10DBTU0vaSPzKuDElOBDPPpe2H3	5.173102939570924
195800607	l10DBTU0vaSPzKuDElOBDPPpe2H3	6.919798589408302
195800608	l10DBTU0vaSPzKuDElOBDPPpe2H3	3.819771670727377
195800609	l10DBTU0vaSPzKuDElOBDPPpe2H3	2.324705500265466
195800610	l10DBTU0vaSPzKuDElOBDPPpe2H3	7.321222126553877
195800611	ukKF4sCANzgmD16fyjMyO7VwR2A2	9.541208177156273
195800612	ukKF4sCANzgmD16fyjMyO7VwR2A2	23.2957280292294
195800613	ukKF4sCANzgmD16fyjMyO7VwR2A2	5.478141595899963
195800614	ukKF4sCANzgmD16fyjMyO7VwR2A2	7.009094173524133
195800615	ukKF4sCANzgmD16fyjMyO7VwR2A2	3.2247458801168563
195800616	ukKF4sCANzgmD16fyjMyO7VwR2A2	9.597684777064877
195800617	ukKF4sCANzgmD16fyjMyO7VwR2A2	4.358638821140275
195800618	ukKF4sCANzgmD16fyjMyO7VwR2A2	1.713810632220202
195800619	ukKF4sCANzgmD16fyjMyO7VwR2A2	4.536054311848545
195800620	ukKF4sCANzgmD16fyjMyO7VwR2A2	5.557501369061853
195800621	ukKF4sCANzgmD16fyjMyO7VwR2A2	6.635993909298364
195800622	ukKF4sCANzgmD16fyjMyO7VwR2A2	7.952463587454815
195800623	ukKF4sCANzgmD16fyjMyO7VwR2A2	17.3313632595748
195800624	ukKF4sCANzgmD16fyjMyO7VwR2A2	7.518140002121314
195800625	ukKF4sCANzgmD16fyjMyO7VwR2A2	6.9929993492073805
195800626	ukKF4sCANzgmD16fyjMyO7VwR2A2	9.786398070427794
195800627	ukKF4sCANzgmD16fyjMyO7VwR2A2	1.4711941162019002
195800628	ukKF4sCANzgmD16fyjMyO7VwR2A2	5.415570050029146
195800629	ukKF4sCANzgmD16fyjMyO7VwR2A2	3.776504700901029
195800630	ukKF4sCANzgmD16fyjMyO7VwR2A2	3.3912361426314703
195800631	ukKF4sCANzgmD16fyjMyO7VwR2A2	7.032427811237653
195800632	ukKF4sCANzgmD16fyjMyO7VwR2A2	9.237859016839337
195800633	ukKF4sCANzgmD16fyjMyO7VwR2A2	0.8762961296129674
195800634	ukKF4sCANzgmD16fyjMyO7VwR2A2	5.510065530639508
195800635	ukKF4sCANzgmD16fyjMyO7VwR2A2	10.881679649441509
195800636	ukKF4sCANzgmD16fyjMyO7VwR2A2	12.712897319040678
195800637	ukKF4sCANzgmD16fyjMyO7VwR2A2	17.55874957260528
195800638	I5PkY0CN4APYEiJFCl7sORsrQxu2	10.851923298390462
195800639	I5PkY0CN4APYEiJFCl7sORsrQxu2	18.737789805172056
195800640	I5PkY0CN4APYEiJFCl7sORsrQxu2	8.680685657411502
195800641	I5PkY0CN4APYEiJFCl7sORsrQxu2	9.393713588105562
195800642	I5PkY0CN4APYEiJFCl7sORsrQxu2	8.606568097004399
195800643	I5PkY0CN4APYEiJFCl7sORsrQxu2	9.146706715651398
195800644	I5PkY0CN4APYEiJFCl7sORsrQxu2	7.063141982717013
195800645	I5PkY0CN4APYEiJFCl7sORsrQxu2	5.117224758215727
195800646	I5PkY0CN4APYEiJFCl7sORsrQxu2	14.415896679732029
195800647	I5PkY0CN4APYEiJFCl7sORsrQxu2	6.218237101597239
195800648	EOwDjm2STZfXSXQJzWXadFRGRzn1	31.643676876824262
195800649	EOwDjm2STZfXSXQJzWXadFRGRzn1	20.847137703912495
195800650	EOwDjm2STZfXSXQJzWXadFRGRzn1	9.464814733446524
195800651	EOwDjm2STZfXSXQJzWXadFRGRzn1	19.00835950540157
195800652	EOwDjm2STZfXSXQJzWXadFRGRzn1	24.9515606262743
195800653	EOwDjm2STZfXSXQJzWXadFRGRzn1	11.498193548387093
195800654	EOwDjm2STZfXSXQJzWXadFRGRzn1	2.3374222173174815
195800655	EOwDjm2STZfXSXQJzWXadFRGRzn1	14.133720701188423
195800656	EOwDjm2STZfXSXQJzWXadFRGRzn1	24.14904366632203
195800657	ihIoefKsGwTDai7fGs9x3DyNvju2	3.313749959003879
195800658	ihIoefKsGwTDai7fGs9x3DyNvju2	4.220195917992925
195800659	ihIoefKsGwTDai7fGs9x3DyNvju2	4.818691648823895
195800660	ihIoefKsGwTDai7fGs9x3DyNvju2	3.1207509087944665
195800661	ihIoefKsGwTDai7fGs9x3DyNvju2	12.610537609185641
195800662	ihIoefKsGwTDai7fGs9x3DyNvju2	3.6804650917525876
195800663	ihIoefKsGwTDai7fGs9x3DyNvju2	2.7890856033202738
195800664	ihIoefKsGwTDai7fGs9x3DyNvju2	7.221237858927957
195800665	ihIoefKsGwTDai7fGs9x3DyNvju2	8.288328636700044
195800666	ihIoefKsGwTDai7fGs9x3DyNvju2	13.641070416673713
195800667	ihIoefKsGwTDai7fGs9x3DyNvju2	15.66403061149741
195800668	ihIoefKsGwTDai7fGs9x3DyNvju2	3.1295500683297206
195800669	d4lLmJzVbJaLpyCuafResXOry3t2	3.2160722020844945
195800670	d4lLmJzVbJaLpyCuafResXOry3t2	3.5833664779417616
195800671	d4lLmJzVbJaLpyCuafResXOry3t2	7.943213206119712
195800672	d4lLmJzVbJaLpyCuafResXOry3t2	7.3409953137351245
195800673	d4lLmJzVbJaLpyCuafResXOry3t2	8.399456979276653
195800674	gUfM3yODstSdwltidtEzSlIo0q93	8.827463039259417
195800675	gUfM3yODstSdwltidtEzSlIo0q93	33.54972697101635
195800676	gUfM3yODstSdwltidtEzSlIo0q93	31.33343519129734
195800677	gUfM3yODstSdwltidtEzSlIo0q93	25.408190028286768
195800678	gUfM3yODstSdwltidtEzSlIo0q93	22.676545873157053
195800679	gUfM3yODstSdwltidtEzSlIo0q93	20.359527266506234
195800680	gUfM3yODstSdwltidtEzSlIo0q93	64.82455189772816
195800681	gUfM3yODstSdwltidtEzSlIo0q93	20.133232423653027
195800682	u2hytH2KWIS6ewdShfEZisygqIo2	12.876607920145204
195800683	u2hytH2KWIS6ewdShfEZisygqIo2	3.388535524428036
195800684	u2hytH2KWIS6ewdShfEZisygqIo2	8.114920681907101
195800685	u2hytH2KWIS6ewdShfEZisygqIo2	10.779835688620409
195800686	u2hytH2KWIS6ewdShfEZisygqIo2	4.364783815637196
195800687	u2hytH2KWIS6ewdShfEZisygqIo2	8.155847837176339
195800688	u2hytH2KWIS6ewdShfEZisygqIo2	12.645035381235317
195800689	u2hytH2KWIS6ewdShfEZisygqIo2	7.085550848896432
195800690	u2hytH2KWIS6ewdShfEZisygqIo2	12.02684987248449
195800691	u2hytH2KWIS6ewdShfEZisygqIo2	23.284177946671946
195800692	u2hytH2KWIS6ewdShfEZisygqIo2	13.392690451521759
195800693	u2hytH2KWIS6ewdShfEZisygqIo2	4.427837713995359
195800694	u2hytH2KWIS6ewdShfEZisygqIo2	7.169890566616459
195800695	ovpeape9PZbAq7VLrirwGOYrvsh1	5.428206781365792
195800696	ovpeape9PZbAq7VLrirwGOYrvsh1	2.648143078211424
195800697	ovpeape9PZbAq7VLrirwGOYrvsh1	3.231269592411902
195800698	ovpeape9PZbAq7VLrirwGOYrvsh1	6.09273451371055
195800699	ovpeape9PZbAq7VLrirwGOYrvsh1	2.0249400434557963
195800700	ovpeape9PZbAq7VLrirwGOYrvsh1	5.046291839040979
195800701	ovpeape9PZbAq7VLrirwGOYrvsh1	5.04518449004269
195800702	ovpeape9PZbAq7VLrirwGOYrvsh1	2.86913957903365
195800703	ovpeape9PZbAq7VLrirwGOYrvsh1	2.803552861502915
195800704	ovpeape9PZbAq7VLrirwGOYrvsh1	5.373096969925776
195800705	4w6SC0KmlKV4YmJTalgWiZalQHi2	10.20817901088225
195800706	4w6SC0KmlKV4YmJTalgWiZalQHi2	3.880388171006432
195800707	4w6SC0KmlKV4YmJTalgWiZalQHi2	5.9020127104634135
195800708	4w6SC0KmlKV4YmJTalgWiZalQHi2	10.420381130204113
195800709	4w6SC0KmlKV4YmJTalgWiZalQHi2	8.739774724321279
195800710	4w6SC0KmlKV4YmJTalgWiZalQHi2	14.019505554915462
195800711	4w6SC0KmlKV4YmJTalgWiZalQHi2	12.391841890770536
195800712	4w6SC0KmlKV4YmJTalgWiZalQHi2	16.908201686307493
195800713	4w6SC0KmlKV4YmJTalgWiZalQHi2	15.924684309748386
195800714	eQ9VyOzVOCQWR7uTGBGzvfh3rUJ2	6.558510645716338
195800715	eQ9VyOzVOCQWR7uTGBGzvfh3rUJ2	6.292093920518095
195800716	eQ9VyOzVOCQWR7uTGBGzvfh3rUJ2	12.136050074213037
195800717	eQ9VyOzVOCQWR7uTGBGzvfh3rUJ2	9.331073410040876
195800718	eQ9VyOzVOCQWR7uTGBGzvfh3rUJ2	4.820451749438313
195800719	eQ9VyOzVOCQWR7uTGBGzvfh3rUJ2	9.497037910480188
195800720	eQ9VyOzVOCQWR7uTGBGzvfh3rUJ2	5.3103290344160285
195800721	eQ9VyOzVOCQWR7uTGBGzvfh3rUJ2	2.595186699670812
195800722	eQ9VyOzVOCQWR7uTGBGzvfh3rUJ2	7.679849131336773
195800723	eQ9VyOzVOCQWR7uTGBGzvfh3rUJ2	6.792808687244133
195800724	eQ9VyOzVOCQWR7uTGBGzvfh3rUJ2	4.502927132313232
195800725	eQ9VyOzVOCQWR7uTGBGzvfh3rUJ2	9.582160057605776
195800726	EOwDjm2STZfXSXQJzWXadFRGRzn1	1.6984524381778743
195800727	EOwDjm2STZfXSXQJzWXadFRGRzn1	12.54399841578287
195800728	EOwDjm2STZfXSXQJzWXadFRGRzn1	60.92987267181665
195800729	EOwDjm2STZfXSXQJzWXadFRGRzn1	56.719025383882524
195800730	EOwDjm2STZfXSXQJzWXadFRGRzn1	50.44960735112795
195800731	EOwDjm2STZfXSXQJzWXadFRGRzn1	52.6695900139982
195800732	Sn3Nw7A3OmOkiMXEFjEyRusLuuo2	22.048833792480067
195800733	Sn3Nw7A3OmOkiMXEFjEyRusLuuo2	38.852781161752844
195800734	Sn3Nw7A3OmOkiMXEFjEyRusLuuo2	26.104539707104564
195800735	Sn3Nw7A3OmOkiMXEFjEyRusLuuo2	27.447015747129527
195800736	Sn3Nw7A3OmOkiMXEFjEyRusLuuo2	16.181004447653038
195800737	Sn3Nw7A3OmOkiMXEFjEyRusLuuo2	34.602557742880236
195800738	Sn3Nw7A3OmOkiMXEFjEyRusLuuo2	63.1195460763721
195800739	mHWscHBXcoabM7fdw88AliGuPWw1	8.310803975204525
195800740	mHWscHBXcoabM7fdw88AliGuPWw1	7.129138092094079
195800741	mHWscHBXcoabM7fdw88AliGuPWw1	7.970170891746594
195800742	mHWscHBXcoabM7fdw88AliGuPWw1	8.269344420583394
195800743	mHWscHBXcoabM7fdw88AliGuPWw1	11.391369103327293
195800744	mHWscHBXcoabM7fdw88AliGuPWw1	7.12221192760348
195800745	mHWscHBXcoabM7fdw88AliGuPWw1	15.114492156062731
195800746	mHWscHBXcoabM7fdw88AliGuPWw1	5.116809119694397
195800747	mHWscHBXcoabM7fdw88AliGuPWw1	3.27648986417657
195800748	mHWscHBXcoabM7fdw88AliGuPWw1	8.230649842381855
195800749	mHWscHBXcoabM7fdw88AliGuPWw1	3.45355878268251
195800750	mHWscHBXcoabM7fdw88AliGuPWw1	4.300340274193545
195800751	mHWscHBXcoabM7fdw88AliGuPWw1	3.902173068460492
195800752	mHWscHBXcoabM7fdw88AliGuPWw1	6.7614231349845895
195800753	mHWscHBXcoabM7fdw88AliGuPWw1	7.636268575220619
195800754	TzE1wYChYkTUAVNeVtZjXuO8cBi2	1.2408627894736843
195800755	TzE1wYChYkTUAVNeVtZjXuO8cBi2	1.5456514244482173
195800756	TzE1wYChYkTUAVNeVtZjXuO8cBi2	2.476006183311127
195800757	TzE1wYChYkTUAVNeVtZjXuO8cBi2	1.7082930382003392
195800758	TzE1wYChYkTUAVNeVtZjXuO8cBi2	1.8943700967741943
195800759	TzE1wYChYkTUAVNeVtZjXuO8cBi2	1.706714723259763
195800760	TzE1wYChYkTUAVNeVtZjXuO8cBi2	1.3286268421052654
195800761	TzE1wYChYkTUAVNeVtZjXuO8cBi2	5.367976764429249
195800762	TzE1wYChYkTUAVNeVtZjXuO8cBi2	1.6463887848784857
195800763	TzE1wYChYkTUAVNeVtZjXuO8cBi2	1.5946616825127329
195800764	TzE1wYChYkTUAVNeVtZjXuO8cBi2	1.212014235823581
195800765	xxUUDYlSFESUIRvPTLDLReqO44G3	3.550631750675067
195800766	xxUUDYlSFESUIRvPTLDLReqO44G3	4.062723315150428
195800767	xxUUDYlSFESUIRvPTLDLReqO44G3	2.4891779612698404
195800768	xxUUDYlSFESUIRvPTLDLReqO44G3	7.97917743562436
195800769	xxUUDYlSFESUIRvPTLDLReqO44G3	10.40239997280879
195800770	xxUUDYlSFESUIRvPTLDLReqO44G3	8.746498178901888
195800771	xxUUDYlSFESUIRvPTLDLReqO44G3	3.660579581494062
195800772	xxUUDYlSFESUIRvPTLDLReqO44G3	6.392554329371819
195800773	xxUUDYlSFESUIRvPTLDLReqO44G3	4.969001696138044
195800774	xxUUDYlSFESUIRvPTLDLReqO44G3	9.263893793488798
195800775	u2hytH2KWIS6ewdShfEZisygqIo2	15.647780482738753
195800776	u2hytH2KWIS6ewdShfEZisygqIo2	5.52966597451481
195800777	u2hytH2KWIS6ewdShfEZisygqIo2	6.042239419724638
195800778	u2hytH2KWIS6ewdShfEZisygqIo2	6.631217772495759
195800779	u2hytH2KWIS6ewdShfEZisygqIo2	4.293063422651713
195800780	u2hytH2KWIS6ewdShfEZisygqIo2	6.343180895149992
195800781	u2hytH2KWIS6ewdShfEZisygqIo2	3.903622859932085
195800782	u2hytH2KWIS6ewdShfEZisygqIo2	5.680337371816641
195800783	u2hytH2KWIS6ewdShfEZisygqIo2	5.446951146714682
195800784	HGLxgWVfJZWhAsqMf761d40h3eQ2	8.475183908319185
195800785	HGLxgWVfJZWhAsqMf761d40h3eQ2	22.75028308149406
195800786	HGLxgWVfJZWhAsqMf761d40h3eQ2	17.201529739441987
195800787	HGLxgWVfJZWhAsqMf761d40h3eQ2	17.090664032880838
195800788	HGLxgWVfJZWhAsqMf761d40h3eQ2	20.203609326573357
195800789	HGLxgWVfJZWhAsqMf761d40h3eQ2	19.01073903369938
195800790	HGLxgWVfJZWhAsqMf761d40h3eQ2	47.818700668553774
195800791	8AhIEcEU81Sn83Fyb0gnFvpiNij2	20.284596461126405
195800792	8AhIEcEU81Sn83Fyb0gnFvpiNij2	22.93929025836209
195800793	8AhIEcEU81Sn83Fyb0gnFvpiNij2	3.4693370944518023
195800794	8AhIEcEU81Sn83Fyb0gnFvpiNij2	29.155405993997043
195800795	8AhIEcEU81Sn83Fyb0gnFvpiNij2	25.29449933257807
195800796	8AhIEcEU81Sn83Fyb0gnFvpiNij2	13.07357038636738
195800797	8AhIEcEU81Sn83Fyb0gnFvpiNij2	7.006539265050719
195800798	8AhIEcEU81Sn83Fyb0gnFvpiNij2	15.225581867969026
195800799	8AhIEcEU81Sn83Fyb0gnFvpiNij2	10.512279524531635
195800800	8AhIEcEU81Sn83Fyb0gnFvpiNij2	4.987286655238336
195800801	UHGZEyBQklbC0GB3JZMa5l8yuGT2	13.294697684205387
195800802	UHGZEyBQklbC0GB3JZMa5l8yuGT2	18.955674660742943
195800803	UHGZEyBQklbC0GB3JZMa5l8yuGT2	16.062353478891843
195800804	UHGZEyBQklbC0GB3JZMa5l8yuGT2	36.924957593624555
195800805	UHGZEyBQklbC0GB3JZMa5l8yuGT2	14.95806378355121
195800806	lEq1lXM2xafR8w5blWO2OCG8VE93	7.468201545454544
195800807	lEq1lXM2xafR8w5blWO2OCG8VE93	8.574792338086299
195800808	lEq1lXM2xafR8w5blWO2OCG8VE93	10.345964347256373
195800809	lEq1lXM2xafR8w5blWO2OCG8VE93	15.441615069753126
195800810	lEq1lXM2xafR8w5blWO2OCG8VE93	8.723356234330545
195800811	lEq1lXM2xafR8w5blWO2OCG8VE93	14.822101512402185
195800812	lEq1lXM2xafR8w5blWO2OCG8VE93	6.442318440396605
195800813	lEq1lXM2xafR8w5blWO2OCG8VE93	13.74958691983467
195800814	TuMLdL1f2yNIrFrzMedBpwdsxCA3	22.274297470189634
195800815	TuMLdL1f2yNIrFrzMedBpwdsxCA3	47.39978515536389
195800816	TuMLdL1f2yNIrFrzMedBpwdsxCA3	43.59550670196646
195800817	TuMLdL1f2yNIrFrzMedBpwdsxCA3	59.19300847549219
195800818	ejZWulX03uRlAA3C5VqYK6jKNYs1	8.358819815921562
195800819	ejZWulX03uRlAA3C5VqYK6jKNYs1	5.657935135878612
195800820	ejZWulX03uRlAA3C5VqYK6jKNYs1	8.729419143767517
195800821	ejZWulX03uRlAA3C5VqYK6jKNYs1	2.091329948740782
195800822	ejZWulX03uRlAA3C5VqYK6jKNYs1	5.075427133046382
195800823	ejZWulX03uRlAA3C5VqYK6jKNYs1	4.531716508892494
195800824	ejZWulX03uRlAA3C5VqYK6jKNYs1	12.139191631462204
195800825	ejZWulX03uRlAA3C5VqYK6jKNYs1	5.4629403279802915
195800826	ejZWulX03uRlAA3C5VqYK6jKNYs1	3.1335884084736563
195800827	ejZWulX03uRlAA3C5VqYK6jKNYs1	5.258660129874087
195800828	ejZWulX03uRlAA3C5VqYK6jKNYs1	7.585418117282316
195800829	ejZWulX03uRlAA3C5VqYK6jKNYs1	8.045016989928541
195800830	ejZWulX03uRlAA3C5VqYK6jKNYs1	3.036290017351263
195800831	ejZWulX03uRlAA3C5VqYK6jKNYs1	5.169033762310178
195800832	ejZWulX03uRlAA3C5VqYK6jKNYs1	6.532849607594372
195800833	ejZWulX03uRlAA3C5VqYK6jKNYs1	2.468827407402898
195800834	ejZWulX03uRlAA3C5VqYK6jKNYs1	7.980517172024705
195800835	ejZWulX03uRlAA3C5VqYK6jKNYs1	5.62267004853841
195800836	ejZWulX03uRlAA3C5VqYK6jKNYs1	15.62446828922296
195800837	ejZWulX03uRlAA3C5VqYK6jKNYs1	9.925516715488925
195800838	ukKF4sCANzgmD16fyjMyO7VwR2A2	6.359681532655546
195800839	ukKF4sCANzgmD16fyjMyO7VwR2A2	5.957588721029783
195800840	ukKF4sCANzgmD16fyjMyO7VwR2A2	5.6871367698451465
195800841	ukKF4sCANzgmD16fyjMyO7VwR2A2	3.2840587135331702
195800842	ukKF4sCANzgmD16fyjMyO7VwR2A2	3.565499580079205
195800843	ukKF4sCANzgmD16fyjMyO7VwR2A2	8.503662331254233
195800844	ukKF4sCANzgmD16fyjMyO7VwR2A2	7.629735720994333
195800845	ukKF4sCANzgmD16fyjMyO7VwR2A2	6.15643559577336
195800846	ukKF4sCANzgmD16fyjMyO7VwR2A2	9.9999090427305
195800847	ukKF4sCANzgmD16fyjMyO7VwR2A2	5.233269726434877
195800848	ukKF4sCANzgmD16fyjMyO7VwR2A2	17.139710692220675
195800849	ukKF4sCANzgmD16fyjMyO7VwR2A2	2.5897564145504646
195800850	ukKF4sCANzgmD16fyjMyO7VwR2A2	3.0875578873515366
195800851	ukKF4sCANzgmD16fyjMyO7VwR2A2	5.472828647445752
195800852	ukKF4sCANzgmD16fyjMyO7VwR2A2	7.290307936028185
195800853	ukKF4sCANzgmD16fyjMyO7VwR2A2	11.832843991807707
195800854	ukKF4sCANzgmD16fyjMyO7VwR2A2	6.785405860754366
195800855	XmxSYUZAj4dRqSczt2clQkDf31M2	17.998831602800806
195800856	Om0JhZ6RmTNQ5wDLPHKIC3LtY4g2	13.545339357231654
195800857	Om0JhZ6RmTNQ5wDLPHKIC3LtY4g2	9.509266721861087
195800858	Om0JhZ6RmTNQ5wDLPHKIC3LtY4g2	9.401973288024113
195800859	Om0JhZ6RmTNQ5wDLPHKIC3LtY4g2	11.721868255112597
195800860	Om0JhZ6RmTNQ5wDLPHKIC3LtY4g2	11.739987608023178
195800861	Om0JhZ6RmTNQ5wDLPHKIC3LtY4g2	12.699981750918177
195800862	Om0JhZ6RmTNQ5wDLPHKIC3LtY4g2	12.766813918977917
195800863	Om0JhZ6RmTNQ5wDLPHKIC3LtY4g2	10.123491502681873
195800864	mHWscHBXcoabM7fdw88AliGuPWw1	7.0754330557879825
195800865	mHWscHBXcoabM7fdw88AliGuPWw1	10.452043709141888
195800866	mHWscHBXcoabM7fdw88AliGuPWw1	18.025962188360282
195800867	mHWscHBXcoabM7fdw88AliGuPWw1	8.76198286842105
195800868	mHWscHBXcoabM7fdw88AliGuPWw1	21.365611083957006
195800869	mHWscHBXcoabM7fdw88AliGuPWw1	11.820722497453318
195800870	mHWscHBXcoabM7fdw88AliGuPWw1	7.540103211356495
195800871	mHWscHBXcoabM7fdw88AliGuPWw1	3.4738903636363574
195800872	mHWscHBXcoabM7fdw88AliGuPWw1	12.0793107560756
195800873	mHWscHBXcoabM7fdw88AliGuPWw1	16.55994215836855
195800874	mHWscHBXcoabM7fdw88AliGuPWw1	2.91226403556281
195800875	mHWscHBXcoabM7fdw88AliGuPWw1	11.334209695889232
195800876	mHWscHBXcoabM7fdw88AliGuPWw1	18.791007401055268
195800877	mHWscHBXcoabM7fdw88AliGuPWw1	2.821328018508467
195800878	mHWscHBXcoabM7fdw88AliGuPWw1	8.217745464554618
195800879	mHWscHBXcoabM7fdw88AliGuPWw1	5.105307772223483
195800880	mHWscHBXcoabM7fdw88AliGuPWw1	5.320825795658379
195800881	mHWscHBXcoabM7fdw88AliGuPWw1	13.96688299096897
195800882	mHWscHBXcoabM7fdw88AliGuPWw1	6.5955142344185305
195800883	Gt0cspsUtRSvEXXHZKUWlVAfyVq2	9.594982318700534
195800884	Gt0cspsUtRSvEXXHZKUWlVAfyVq2	4.757712190462776
195800885	Gt0cspsUtRSvEXXHZKUWlVAfyVq2	4.374338286824859
195800886	Gt0cspsUtRSvEXXHZKUWlVAfyVq2	6.283600212188155
195800887	Gt0cspsUtRSvEXXHZKUWlVAfyVq2	4.2398285132992335
195800888	Gt0cspsUtRSvEXXHZKUWlVAfyVq2	8.055281888268809
195800889	Gt0cspsUtRSvEXXHZKUWlVAfyVq2	7.575331825187014
195800890	Gt0cspsUtRSvEXXHZKUWlVAfyVq2	6.565946655320182
195800891	Gt0cspsUtRSvEXXHZKUWlVAfyVq2	4.5236449768180975
195800892	Gt0cspsUtRSvEXXHZKUWlVAfyVq2	3.9872358468229976
195800893	u2hytH2KWIS6ewdShfEZisygqIo2	3.3383947076649068
195800894	u2hytH2KWIS6ewdShfEZisygqIo2	3.3630261737342284
195800895	u2hytH2KWIS6ewdShfEZisygqIo2	5.187376476779326
195800896	u2hytH2KWIS6ewdShfEZisygqIo2	9.177463668050311
195800897	u2hytH2KWIS6ewdShfEZisygqIo2	7.730803172797664
195800898	u2hytH2KWIS6ewdShfEZisygqIo2	1.8078456477949416
195800899	u2hytH2KWIS6ewdShfEZisygqIo2	8.085714832536311
195800900	u2hytH2KWIS6ewdShfEZisygqIo2	6.980645686024054
195800901	u2hytH2KWIS6ewdShfEZisygqIo2	5.430930560818858
195800902	mHWscHBXcoabM7fdw88AliGuPWw1	6.027376386468456
195800903	mHWscHBXcoabM7fdw88AliGuPWw1	6.738632798029247
195800904	mHWscHBXcoabM7fdw88AliGuPWw1	10.390662351899724
195800905	mHWscHBXcoabM7fdw88AliGuPWw1	13.037320530889787
195800906	mHWscHBXcoabM7fdw88AliGuPWw1	10.59100450765348
195800907	mHWscHBXcoabM7fdw88AliGuPWw1	8.047057474285374
195800908	mHWscHBXcoabM7fdw88AliGuPWw1	8.434887593084795
195800909	mHWscHBXcoabM7fdw88AliGuPWw1	6.353407839645499
195800910	d4lLmJzVbJaLpyCuafResXOry3t2	5.218223249056662
195800911	d4lLmJzVbJaLpyCuafResXOry3t2	4.310438869486948
195800912	d4lLmJzVbJaLpyCuafResXOry3t2	5.826916459189759
195800913	d4lLmJzVbJaLpyCuafResXOry3t2	4.70790851202894
195800914	d4lLmJzVbJaLpyCuafResXOry3t2	9.591402084995053
195800915	d4lLmJzVbJaLpyCuafResXOry3t2	5.149504096894212
195800916	d4lLmJzVbJaLpyCuafResXOry3t2	9.502679089978145
195800917	d4lLmJzVbJaLpyCuafResXOry3t2	4.965205665166515
195800918	d4lLmJzVbJaLpyCuafResXOry3t2	3.0418299333933447
195800919	d4lLmJzVbJaLpyCuafResXOry3t2	4.615739277227725
195800920	d4lLmJzVbJaLpyCuafResXOry3t2	7.409428378937896
195800921	EOwDjm2STZfXSXQJzWXadFRGRzn1	2.1231304365436543
195800922	EOwDjm2STZfXSXQJzWXadFRGRzn1	3.8457098091809176
195800923	EOwDjm2STZfXSXQJzWXadFRGRzn1	36.9089332536426
195800924	EOwDjm2STZfXSXQJzWXadFRGRzn1	42.832226127620906
195800925	EOwDjm2STZfXSXQJzWXadFRGRzn1	32.65129748771736
195800926	EOwDjm2STZfXSXQJzWXadFRGRzn1	28.54380052288917
195800927	EOwDjm2STZfXSXQJzWXadFRGRzn1	13.382911651512842
195800928	EOwDjm2STZfXSXQJzWXadFRGRzn1	12.552352695094612
195800929	8AhIEcEU81Sn83Fyb0gnFvpiNij2	13.488168333721045
195800930	8AhIEcEU81Sn83Fyb0gnFvpiNij2	23.406809687045843
195800931	8AhIEcEU81Sn83Fyb0gnFvpiNij2	8.846596142275253
195800932	8AhIEcEU81Sn83Fyb0gnFvpiNij2	9.779654777789219
195800933	8AhIEcEU81Sn83Fyb0gnFvpiNij2	11.876892454977224
195800934	8AhIEcEU81Sn83Fyb0gnFvpiNij2	13.977809601521187
195800935	8AhIEcEU81Sn83Fyb0gnFvpiNij2	34.961314851695334
195800936	8AhIEcEU81Sn83Fyb0gnFvpiNij2	13.841342687361902
195800937	tHP0GvI5hccNGBzYfgE2pkEHXiW2	5.6313304569089775
195800938	tHP0GvI5hccNGBzYfgE2pkEHXiW2	11.624005597342622
195800939	tHP0GvI5hccNGBzYfgE2pkEHXiW2	9.878019630161997
195800940	tHP0GvI5hccNGBzYfgE2pkEHXiW2	5.89793192627824
195800941	tHP0GvI5hccNGBzYfgE2pkEHXiW2	18.572674333714417
195800942	tHP0GvI5hccNGBzYfgE2pkEHXiW2	8.126840006498746
195800943	tHP0GvI5hccNGBzYfgE2pkEHXiW2	1.862899444823654
195800944	tHP0GvI5hccNGBzYfgE2pkEHXiW2	11.093430451098357
195800945	jWPmLFrSHDZItPTjjPUB8KAsjlq2	3.404161984189043
195800946	jWPmLFrSHDZItPTjjPUB8KAsjlq2	1.9945324005307965
195800947	jWPmLFrSHDZItPTjjPUB8KAsjlq2	6.2340838446047435
195800948	jWPmLFrSHDZItPTjjPUB8KAsjlq2	3.3749612239824813
195800949	jWPmLFrSHDZItPTjjPUB8KAsjlq2	3.1962579536724682
195800950	jWPmLFrSHDZItPTjjPUB8KAsjlq2	4.438592221832703
195800951	jWPmLFrSHDZItPTjjPUB8KAsjlq2	12.666670212771177
195800952	jWPmLFrSHDZItPTjjPUB8KAsjlq2	3.6221912694580283
195800953	jWPmLFrSHDZItPTjjPUB8KAsjlq2	6.194138534609415
195800954	jWPmLFrSHDZItPTjjPUB8KAsjlq2	17.408083245952454
195800956	FUCVnaPJeyV5kzao6jmObtdzLUE2	8.892317572986556
195800957	FUCVnaPJeyV5kzao6jmObtdzLUE2	5.920722372136241
195800958	FUCVnaPJeyV5kzao6jmObtdzLUE2	29.99945217202345
195800959	FUCVnaPJeyV5kzao6jmObtdzLUE2	7.595467639409485
195800960	FUCVnaPJeyV5kzao6jmObtdzLUE2	7.444419634293325
195800961	FUCVnaPJeyV5kzao6jmObtdzLUE2	11.533542706241803
195800962	FUCVnaPJeyV5kzao6jmObtdzLUE2	4.919623338603216
195800963	FUCVnaPJeyV5kzao6jmObtdzLUE2	8.306410182193147
195800964	FUCVnaPJeyV5kzao6jmObtdzLUE2	15.777293497874936
195800965	FUCVnaPJeyV5kzao6jmObtdzLUE2	10.109350040560997
195800966	FUCVnaPJeyV5kzao6jmObtdzLUE2	8.288085286864003
195800967	FUCVnaPJeyV5kzao6jmObtdzLUE2	5.345838499151114
195800968	xxUUDYlSFESUIRvPTLDLReqO44G3	7.7956359122433145
195800969	xxUUDYlSFESUIRvPTLDLReqO44G3	5.144435360642946
195800970	xxUUDYlSFESUIRvPTLDLReqO44G3	9.863226075479872
195800971	xxUUDYlSFESUIRvPTLDLReqO44G3	4.008100797962648
195800972	xxUUDYlSFESUIRvPTLDLReqO44G3	13.121231732472399
195800973	xxUUDYlSFESUIRvPTLDLReqO44G3	10.33509200987762
195800974	xxUUDYlSFESUIRvPTLDLReqO44G3	9.516688169590687
195800975	xxUUDYlSFESUIRvPTLDLReqO44G3	5.480499188244295
195800976	xxUUDYlSFESUIRvPTLDLReqO44G3	13.155623028123657
195800977	M3RVTGHWrAMCChSiCDrpejluqjQ2	2.997634704989154
195800978	M3RVTGHWrAMCChSiCDrpejluqjQ2	2.7898009779286927
195800979	M3RVTGHWrAMCChSiCDrpejluqjQ2	8.974583565848603
195800980	M3RVTGHWrAMCChSiCDrpejluqjQ2	10.191887393998094
195800981	M3RVTGHWrAMCChSiCDrpejluqjQ2	8.296045212607456
195800982	M3RVTGHWrAMCChSiCDrpejluqjQ2	0.9083320908319124
195800983	M3RVTGHWrAMCChSiCDrpejluqjQ2	3.420529073005092
195800984	M3RVTGHWrAMCChSiCDrpejluqjQ2	6.528118223259767
195800985	M3RVTGHWrAMCChSiCDrpejluqjQ2	6.190766675222086
195800986	M3RVTGHWrAMCChSiCDrpejluqjQ2	13.665406139106473
195800987	d4lLmJzVbJaLpyCuafResXOry3t2	4.080063394058002
195800988	d4lLmJzVbJaLpyCuafResXOry3t2	5.202485988457436
195800989	d4lLmJzVbJaLpyCuafResXOry3t2	15.871912134326676
195800990	d4lLmJzVbJaLpyCuafResXOry3t2	6.799607571975294
195800991	d4lLmJzVbJaLpyCuafResXOry3t2	14.880434721735682
195800992	d4lLmJzVbJaLpyCuafResXOry3t2	15.282139555708532
195800993	d4lLmJzVbJaLpyCuafResXOry3t2	6.378384941176478
195800994	jWPmLFrSHDZItPTjjPUB8KAsjlq2	3.551317421515025
195800995	jWPmLFrSHDZItPTjjPUB8KAsjlq2	5.690082076333298
195800996	jWPmLFrSHDZItPTjjPUB8KAsjlq2	5.141933300662341
195800997	jWPmLFrSHDZItPTjjPUB8KAsjlq2	2.777475199324712
195800998	jWPmLFrSHDZItPTjjPUB8KAsjlq2	3.2545791870672147
195800999	jWPmLFrSHDZItPTjjPUB8KAsjlq2	3.7298531492035707
195801000	jWPmLFrSHDZItPTjjPUB8KAsjlq2	5.041201946298759
195801001	jWPmLFrSHDZItPTjjPUB8KAsjlq2	7.294783327778632
195801002	mHWscHBXcoabM7fdw88AliGuPWw1	7.301441409371136
195801003	mHWscHBXcoabM7fdw88AliGuPWw1	4.178977096694711
195801004	mHWscHBXcoabM7fdw88AliGuPWw1	10.069194436577119
195801005	mHWscHBXcoabM7fdw88AliGuPWw1	1.263240556149725
195801006	mHWscHBXcoabM7fdw88AliGuPWw1	6.421014860306997
195801007	mHWscHBXcoabM7fdw88AliGuPWw1	13.591133834814443
195801008	mHWscHBXcoabM7fdw88AliGuPWw1	6.46141957244383
195801009	mHWscHBXcoabM7fdw88AliGuPWw1	8.556144143757528
195801010	mHWscHBXcoabM7fdw88AliGuPWw1	15.78149654848393
195801011	ECPqsmdUcMhqkJwXAfhhs3XTgoa2	4.296711552653348
195801012	ECPqsmdUcMhqkJwXAfhhs3XTgoa2	3.223910679719358
195801013	ECPqsmdUcMhqkJwXAfhhs3XTgoa2	6.143135725557457
195801014	ECPqsmdUcMhqkJwXAfhhs3XTgoa2	2.5222880543293726
195801015	ECPqsmdUcMhqkJwXAfhhs3XTgoa2	5.398978989813237
195801016	ECPqsmdUcMhqkJwXAfhhs3XTgoa2	5.541773784108006
195801017	ECPqsmdUcMhqkJwXAfhhs3XTgoa2	7.455021830668599
195801018	TzE1wYChYkTUAVNeVtZjXuO8cBi2	3.730153584347956
195801019	TzE1wYChYkTUAVNeVtZjXuO8cBi2	3.8595370505908466
195801020	TzE1wYChYkTUAVNeVtZjXuO8cBi2	4.855345657438765
195801021	TzE1wYChYkTUAVNeVtZjXuO8cBi2	2.9109709099125425
195801022	TzE1wYChYkTUAVNeVtZjXuO8cBi2	3.2982981608032915
195801023	TzE1wYChYkTUAVNeVtZjXuO8cBi2	4.177839738514571
195801024	TzE1wYChYkTUAVNeVtZjXuO8cBi2	4.603597602716466
195801025	TzE1wYChYkTUAVNeVtZjXuO8cBi2	2.9466153904923615
195801026	TzE1wYChYkTUAVNeVtZjXuO8cBi2	2.326725686424574
195801027	TzE1wYChYkTUAVNeVtZjXuO8cBi2	6.900935570227965
195801028	d4lLmJzVbJaLpyCuafResXOry3t2	9.662992164258409
195801029	d4lLmJzVbJaLpyCuafResXOry3t2	9.411752454481936
195801030	d4lLmJzVbJaLpyCuafResXOry3t2	20.221931997516158
195801031	d4lLmJzVbJaLpyCuafResXOry3t2	13.228233547665397
195801032	0FdMSMtn95PJ9tLFeW3F4sFLPMh1	3.071356199139104
195801033	0FdMSMtn95PJ9tLFeW3F4sFLPMh1	2.923361953821275
195801034	0FdMSMtn95PJ9tLFeW3F4sFLPMh1	5.2746394963356265
195801035	0FdMSMtn95PJ9tLFeW3F4sFLPMh1	9.600423301735868
195801036	0FdMSMtn95PJ9tLFeW3F4sFLPMh1	8.882240545590392
195801037	0FdMSMtn95PJ9tLFeW3F4sFLPMh1	3.2152299516070215
195801038	0FdMSMtn95PJ9tLFeW3F4sFLPMh1	4.812968924172303
195801039	0FdMSMtn95PJ9tLFeW3F4sFLPMh1	2.4929617659766024
195801040	0FdMSMtn95PJ9tLFeW3F4sFLPMh1	8.302989107892238
195801041	0FdMSMtn95PJ9tLFeW3F4sFLPMh1	9.521906864086418
195801042	0FdMSMtn95PJ9tLFeW3F4sFLPMh1	11.26564370032527
195801043	0FdMSMtn95PJ9tLFeW3F4sFLPMh1	12.311898473184257
195801044	tHP0GvI5hccNGBzYfgE2pkEHXiW2	6.948037234091915
195801045	tHP0GvI5hccNGBzYfgE2pkEHXiW2	6.692596903225807
195801046	tHP0GvI5hccNGBzYfgE2pkEHXiW2	5.394408044142612
195801047	tHP0GvI5hccNGBzYfgE2pkEHXiW2	15.346886161290325
195801048	tHP0GvI5hccNGBzYfgE2pkEHXiW2	12.735974497270952
195801049	tHP0GvI5hccNGBzYfgE2pkEHXiW2	11.833717691001695
195801050	tHP0GvI5hccNGBzYfgE2pkEHXiW2	2.59217937436334
195801051	tHP0GvI5hccNGBzYfgE2pkEHXiW2	2.9448519660441406
195801052	u2hytH2KWIS6ewdShfEZisygqIo2	6.635891026690362
195801053	u2hytH2KWIS6ewdShfEZisygqIo2	6.624870245156934
195801054	u2hytH2KWIS6ewdShfEZisygqIo2	6.677600255433127
195801055	u2hytH2KWIS6ewdShfEZisygqIo2	4.4869742478777574
195801056	u2hytH2KWIS6ewdShfEZisygqIo2	9.031429493208819
195801057	u2hytH2KWIS6ewdShfEZisygqIo2	22.52561253990371
195801058	u2hytH2KWIS6ewdShfEZisygqIo2	17.675763070618416
195801059	u2hytH2KWIS6ewdShfEZisygqIo2	7.2454257926020915
195801060	M3RVTGHWrAMCChSiCDrpejluqjQ2	5.970225100869242
195801061	M3RVTGHWrAMCChSiCDrpejluqjQ2	7.92143321181199
195801062	M3RVTGHWrAMCChSiCDrpejluqjQ2	16.328063189193642
195801063	M3RVTGHWrAMCChSiCDrpejluqjQ2	4.7391764155783775
195801064	M3RVTGHWrAMCChSiCDrpejluqjQ2	5.398376485568761
195801065	M3RVTGHWrAMCChSiCDrpejluqjQ2	4.54910148471987
195801066	M3RVTGHWrAMCChSiCDrpejluqjQ2	11.783032374635091
195801067	M3RVTGHWrAMCChSiCDrpejluqjQ2	3.8073569202037305
195801068	M3RVTGHWrAMCChSiCDrpejluqjQ2	8.078174125990401
195801069	M3RVTGHWrAMCChSiCDrpejluqjQ2	6.504785726853484
195801070	M3RVTGHWrAMCChSiCDrpejluqjQ2	8.190024538144584
195801071	M3RVTGHWrAMCChSiCDrpejluqjQ2	8.758640017220486
195801072	M3RVTGHWrAMCChSiCDrpejluqjQ2	3.1867671176637486
195801073	M3RVTGHWrAMCChSiCDrpejluqjQ2	4.7302545154884825
195801074	XmxSYUZAj4dRqSczt2clQkDf31M2	3.5631823131089133
195801075	XmxSYUZAj4dRqSczt2clQkDf31M2	10.857201621149535
195801076	XmxSYUZAj4dRqSczt2clQkDf31M2	16.18574724019183
195801077	XmxSYUZAj4dRqSczt2clQkDf31M2	36.88634517761945
195801078	XmxSYUZAj4dRqSczt2clQkDf31M2	34.160026274656985
195801079	XmxSYUZAj4dRqSczt2clQkDf31M2	5.80327965436544
195801080	XmxSYUZAj4dRqSczt2clQkDf31M2	13.646661412230074
195801081	XmxSYUZAj4dRqSczt2clQkDf31M2	19.683504341612803
195801082	lEq1lXM2xafR8w5blWO2OCG8VE93	2.9658620059688845
195801083	lEq1lXM2xafR8w5blWO2OCG8VE93	5.356663677199078
195801084	lEq1lXM2xafR8w5blWO2OCG8VE93	8.250355346622
195801085	lEq1lXM2xafR8w5blWO2OCG8VE93	9.193804856666475
195801086	lEq1lXM2xafR8w5blWO2OCG8VE93	5.527989166542071
195801087	lEq1lXM2xafR8w5blWO2OCG8VE93	4.703502357009846
195801088	lEq1lXM2xafR8w5blWO2OCG8VE93	9.924175033177
195801089	lEq1lXM2xafR8w5blWO2OCG8VE93	7.754298525355182
195801090	lEq1lXM2xafR8w5blWO2OCG8VE93	6.633538719873968
195801091	gUfM3yODstSdwltidtEzSlIo0q93	8.856597203682217
195801092	gUfM3yODstSdwltidtEzSlIo0q93	16.39607729093762
195801093	gUfM3yODstSdwltidtEzSlIo0q93	11.155009411447985
195801094	gUfM3yODstSdwltidtEzSlIo0q93	27.194144791736292
195801095	gUfM3yODstSdwltidtEzSlIo0q93	39.85091980801364
195801096	gUfM3yODstSdwltidtEzSlIo0q93	74.64028977878931
195801097	MxRr8Ht6WZT2EokHSRsT2U2Pq3h1	4.811508902595213
195801098	MxRr8Ht6WZT2EokHSRsT2U2Pq3h1	6.618958827636937
195801099	MxRr8Ht6WZT2EokHSRsT2U2Pq3h1	5.394265086650465
195801100	MxRr8Ht6WZT2EokHSRsT2U2Pq3h1	29.267297842334344
195801101	MxRr8Ht6WZT2EokHSRsT2U2Pq3h1	11.458123642190358
195801102	MxRr8Ht6WZT2EokHSRsT2U2Pq3h1	11.627115544979816
195801103	Om0JhZ6RmTNQ5wDLPHKIC3LtY4g2	5.531061242987759
195801104	Om0JhZ6RmTNQ5wDLPHKIC3LtY4g2	6.268720079525954
195801105	Om0JhZ6RmTNQ5wDLPHKIC3LtY4g2	2.6844390301695285
195801106	Om0JhZ6RmTNQ5wDLPHKIC3LtY4g2	7.617589465514964
195801107	Om0JhZ6RmTNQ5wDLPHKIC3LtY4g2	4.3674908980693665
195801108	Om0JhZ6RmTNQ5wDLPHKIC3LtY4g2	4.841839955343545
195801109	TzE1wYChYkTUAVNeVtZjXuO8cBi2	5.365154941600454
195801110	TzE1wYChYkTUAVNeVtZjXuO8cBi2	6.947404935679769
195801111	TzE1wYChYkTUAVNeVtZjXuO8cBi2	4.998621672180603
195801112	TzE1wYChYkTUAVNeVtZjXuO8cBi2	13.406498964697036
195801113	TzE1wYChYkTUAVNeVtZjXuO8cBi2	6.075664436177764
195801114	TzE1wYChYkTUAVNeVtZjXuO8cBi2	3.8392789896563073
195801115	TzE1wYChYkTUAVNeVtZjXuO8cBi2	14.804353562505156
195801116	TzE1wYChYkTUAVNeVtZjXuO8cBi2	8.934257817273256
195801117	TzE1wYChYkTUAVNeVtZjXuO8cBi2	9.455565496855158
195801118	0FdMSMtn95PJ9tLFeW3F4sFLPMh1	6.510051864285998
195801119	0FdMSMtn95PJ9tLFeW3F4sFLPMh1	9.030904177883215
195801120	0FdMSMtn95PJ9tLFeW3F4sFLPMh1	6.209345754549638
195801121	0FdMSMtn95PJ9tLFeW3F4sFLPMh1	3.3595376733910207
195801122	0FdMSMtn95PJ9tLFeW3F4sFLPMh1	4.371179497202693
195801123	0FdMSMtn95PJ9tLFeW3F4sFLPMh1	7.211650107459228
195801124	0FdMSMtn95PJ9tLFeW3F4sFLPMh1	14.01771981605419
195801125	0FdMSMtn95PJ9tLFeW3F4sFLPMh1	4.107849941613516
195801126	0FdMSMtn95PJ9tLFeW3F4sFLPMh1	10.528458910980483
195801127	0FdMSMtn95PJ9tLFeW3F4sFLPMh1	4.639968896434638
195801128	0FdMSMtn95PJ9tLFeW3F4sFLPMh1	4.994191648344426
195801129	0FdMSMtn95PJ9tLFeW3F4sFLPMh1	6.821370058024144
195801130	0FdMSMtn95PJ9tLFeW3F4sFLPMh1	10.041503503082964
195801131	0FdMSMtn95PJ9tLFeW3F4sFLPMh1	6.677196153305147
195801132	0FdMSMtn95PJ9tLFeW3F4sFLPMh1	8.67916485288194
195801133	4w6SC0KmlKV4YmJTalgWiZalQHi2	7.35155543246582
195801134	4w6SC0KmlKV4YmJTalgWiZalQHi2	23.398250238036184
195801135	4w6SC0KmlKV4YmJTalgWiZalQHi2	8.244912248238442
195801136	4w6SC0KmlKV4YmJTalgWiZalQHi2	25.72159352017109
195801137	4w6SC0KmlKV4YmJTalgWiZalQHi2	11.791061913883112
195801138	4w6SC0KmlKV4YmJTalgWiZalQHi2	27.132285248941315
195801139	4w6SC0KmlKV4YmJTalgWiZalQHi2	22.48081920661342
195801140	4w6SC0KmlKV4YmJTalgWiZalQHi2	22.243085143073813
195801141	4w6SC0KmlKV4YmJTalgWiZalQHi2	18.020443114148577
195801142	ejZWulX03uRlAA3C5VqYK6jKNYs1	15.376934820732032
195801143	ejZWulX03uRlAA3C5VqYK6jKNYs1	15.63392006861206
195801144	ejZWulX03uRlAA3C5VqYK6jKNYs1	11.729231132059788
195801145	ejZWulX03uRlAA3C5VqYK6jKNYs1	11.015248370149138
195801146	ejZWulX03uRlAA3C5VqYK6jKNYs1	12.917745959343577
195801147	ejZWulX03uRlAA3C5VqYK6jKNYs1	4.8121139541389795
195801148	ejZWulX03uRlAA3C5VqYK6jKNYs1	8.2198031367342
195801149	ejZWulX03uRlAA3C5VqYK6jKNYs1	6.077782246980718
195801150	ejZWulX03uRlAA3C5VqYK6jKNYs1	7.819092480313785
195801151	ejZWulX03uRlAA3C5VqYK6jKNYs1	5.793439019419367
195801152	ejZWulX03uRlAA3C5VqYK6jKNYs1	23.268061996610214
195801153	ejZWulX03uRlAA3C5VqYK6jKNYs1	12.306844393610476
195801154	ejZWulX03uRlAA3C5VqYK6jKNYs1	9.71589709266226
195801155	ejZWulX03uRlAA3C5VqYK6jKNYs1	12.000349538051438
195801156	XmxSYUZAj4dRqSczt2clQkDf31M2	12.400759848669376
195801157	XmxSYUZAj4dRqSczt2clQkDf31M2	14.764893640347978
195801158	XmxSYUZAj4dRqSczt2clQkDf31M2	19.005845471418773
195801159	XmxSYUZAj4dRqSczt2clQkDf31M2	18.333528074105217
195801160	XmxSYUZAj4dRqSczt2clQkDf31M2	13.991988471926305
195801161	XmxSYUZAj4dRqSczt2clQkDf31M2	16.21569275451479
195801162	XmxSYUZAj4dRqSczt2clQkDf31M2	28.168482216619935
195801163	XmxSYUZAj4dRqSczt2clQkDf31M2	20.26374241339488
195801164	qgT735VZ7OPJmWzvIgZGZAchHgD2	10.351829782344673
195801165	qgT735VZ7OPJmWzvIgZGZAchHgD2	15.231669634458932
195801166	qgT735VZ7OPJmWzvIgZGZAchHgD2	18.26748223012751
195801167	qgT735VZ7OPJmWzvIgZGZAchHgD2	14.025310677017586
195801168	qgT735VZ7OPJmWzvIgZGZAchHgD2	10.355885212547904
195801169	qgT735VZ7OPJmWzvIgZGZAchHgD2	36.4739120551985
195801170	qgT735VZ7OPJmWzvIgZGZAchHgD2	40.24524645584286
195801171	qgT735VZ7OPJmWzvIgZGZAchHgD2	18.496295454545447
195801172	MxRr8Ht6WZT2EokHSRsT2U2Pq3h1	4.907149200720072
195801173	MxRr8Ht6WZT2EokHSRsT2U2Pq3h1	20.57270515055037
195801174	MxRr8Ht6WZT2EokHSRsT2U2Pq3h1	15.724734900090013
195801175	MxRr8Ht6WZT2EokHSRsT2U2Pq3h1	8.630558603873183
195801176	MxRr8Ht6WZT2EokHSRsT2U2Pq3h1	8.913663827182724
195801177	WU2CHNrkg8hTa41RUFdbv0AtTC42	5.721676565256526
195801178	WU2CHNrkg8hTa41RUFdbv0AtTC42	23.33661713550419
195801179	WU2CHNrkg8hTa41RUFdbv0AtTC42	9.860131985193682
195801180	WU2CHNrkg8hTa41RUFdbv0AtTC42	14.458109880288028
195801181	WU2CHNrkg8hTa41RUFdbv0AtTC42	9.203122927092707
195801182	ILoW3cdKuQPYK9GCBc6aoCHzooz2	5.307069128712873
195801183	ILoW3cdKuQPYK9GCBc6aoCHzooz2	3.872842138613861
195801184	ILoW3cdKuQPYK9GCBc6aoCHzooz2	2.7767714851485135
195801185	ILoW3cdKuQPYK9GCBc6aoCHzooz2	5.930356978397837
195801186	ILoW3cdKuQPYK9GCBc6aoCHzooz2	5.285411580558055
195801187	ILoW3cdKuQPYK9GCBc6aoCHzooz2	6.034424405040507
195801188	ILoW3cdKuQPYK9GCBc6aoCHzooz2	8.439844412241222
195801189	ILoW3cdKuQPYK9GCBc6aoCHzooz2	11.220988138453833
195801190	ovpeape9PZbAq7VLrirwGOYrvsh1	2.7992782806580623
195801191	ovpeape9PZbAq7VLrirwGOYrvsh1	3.1169712425358473
195801192	ovpeape9PZbAq7VLrirwGOYrvsh1	3.361183599602933
195801193	ovpeape9PZbAq7VLrirwGOYrvsh1	5.130716210848211
195801194	ovpeape9PZbAq7VLrirwGOYrvsh1	2.659653164516879
195801195	ovpeape9PZbAq7VLrirwGOYrvsh1	8.227773098807795
195801196	ovpeape9PZbAq7VLrirwGOYrvsh1	5.4698510476547
195801197	ejZWulX03uRlAA3C5VqYK6jKNYs1	2.5984322095566985
195801198	ejZWulX03uRlAA3C5VqYK6jKNYs1	3.6188339394067555
195801199	ejZWulX03uRlAA3C5VqYK6jKNYs1	4.197024452482532
195801200	ejZWulX03uRlAA3C5VqYK6jKNYs1	10.640046577509747
195801201	ejZWulX03uRlAA3C5VqYK6jKNYs1	4.749336318327277
195801202	ejZWulX03uRlAA3C5VqYK6jKNYs1	4.926419993031871
195801203	ejZWulX03uRlAA3C5VqYK6jKNYs1	6.000778942136009
195801204	ejZWulX03uRlAA3C5VqYK6jKNYs1	5.424368956363466
195801205	ejZWulX03uRlAA3C5VqYK6jKNYs1	7.824228747832315
195801206	ejZWulX03uRlAA3C5VqYK6jKNYs1	8.09972727314193
195801207	ejZWulX03uRlAA3C5VqYK6jKNYs1	8.449595020407955
195801208	ejZWulX03uRlAA3C5VqYK6jKNYs1	6.190800105446328
195801209	ihIoefKsGwTDai7fGs9x3DyNvju2	1.6285813824411677
195801210	ihIoefKsGwTDai7fGs9x3DyNvju2	7.860232817664056
195801211	ihIoefKsGwTDai7fGs9x3DyNvju2	17.343484325067912
195801212	ihIoefKsGwTDai7fGs9x3DyNvju2	14.68050030910381
195801213	ihIoefKsGwTDai7fGs9x3DyNvju2	15.996451058505855
195801214	ihIoefKsGwTDai7fGs9x3DyNvju2	10.195858376237624
195801215	ihIoefKsGwTDai7fGs9x3DyNvju2	12.98013384441984
195801216	ihIoefKsGwTDai7fGs9x3DyNvju2	14.124163017706877
195801217	ihIoefKsGwTDai7fGs9x3DyNvju2	7.141681304241317
195801218	ejZWulX03uRlAA3C5VqYK6jKNYs1	4.721206212806033
195801219	ejZWulX03uRlAA3C5VqYK6jKNYs1	5.48155713147875
195801220	ejZWulX03uRlAA3C5VqYK6jKNYs1	3.7227493884628817
195801221	ejZWulX03uRlAA3C5VqYK6jKNYs1	7.500285419547556
195801222	ejZWulX03uRlAA3C5VqYK6jKNYs1	6.625023628509851
195801223	ejZWulX03uRlAA3C5VqYK6jKNYs1	10.1635309747384
195801224	ejZWulX03uRlAA3C5VqYK6jKNYs1	6.384146789117757
195801225	ejZWulX03uRlAA3C5VqYK6jKNYs1	7.334279339556559
195801226	ejZWulX03uRlAA3C5VqYK6jKNYs1	14.475821837675504
195801227	mHWscHBXcoabM7fdw88AliGuPWw1	4.336229690065576
195801228	mHWscHBXcoabM7fdw88AliGuPWw1	10.617161796557331
195801229	mHWscHBXcoabM7fdw88AliGuPWw1	3.645081470354114
195801230	mHWscHBXcoabM7fdw88AliGuPWw1	4.72114316298325
195801231	mHWscHBXcoabM7fdw88AliGuPWw1	2.4870777119858936
195801232	mHWscHBXcoabM7fdw88AliGuPWw1	9.22912812999747
195801233	mHWscHBXcoabM7fdw88AliGuPWw1	5.264782326546353
195801234	mHWscHBXcoabM7fdw88AliGuPWw1	3.555605317288446
195801235	mHWscHBXcoabM7fdw88AliGuPWw1	9.924078225270833
195801236	mHWscHBXcoabM7fdw88AliGuPWw1	10.399000410497294
195801237	mHWscHBXcoabM7fdw88AliGuPWw1	13.586878445454966
195801238	mHWscHBXcoabM7fdw88AliGuPWw1	15.093534039503846
195801239	mHWscHBXcoabM7fdw88AliGuPWw1	11.07047093338149
195801240	mHWscHBXcoabM7fdw88AliGuPWw1	15.222941401862094
195801241	mHWscHBXcoabM7fdw88AliGuPWw1	11.692281037284602
195801242	mHWscHBXcoabM7fdw88AliGuPWw1	2.0288423429541638
195801243	mHWscHBXcoabM7fdw88AliGuPWw1	7.658885218629223
195801244	mHWscHBXcoabM7fdw88AliGuPWw1	10.84047510577571
195801245	mHWscHBXcoabM7fdw88AliGuPWw1	19.427739618310667
195801246	bKduvdIsrbbqPZ7Z3lCfQlF8WBn1	1.74796564516129
195801247	bKduvdIsrbbqPZ7Z3lCfQlF8WBn1	8.80575395258094
195801248	bKduvdIsrbbqPZ7Z3lCfQlF8WBn1	7.598996888282205
195801249	bKduvdIsrbbqPZ7Z3lCfQlF8WBn1	3.251054384550084
195801250	bKduvdIsrbbqPZ7Z3lCfQlF8WBn1	8.693235486155054
195801251	bKduvdIsrbbqPZ7Z3lCfQlF8WBn1	11.324274337649356
195801252	bKduvdIsrbbqPZ7Z3lCfQlF8WBn1	4.562494591421405
195801253	bKduvdIsrbbqPZ7Z3lCfQlF8WBn1	11.245620194351865
195801254	bKduvdIsrbbqPZ7Z3lCfQlF8WBn1	17.15985443291995
195801255	bKduvdIsrbbqPZ7Z3lCfQlF8WBn1	5.605675457574662
