utterance_output_filename,close_utterance_start_time,close_utterance_end_time,utterance_start_time,utterance_end_time
"/home/michaelbennie/OneDrive/Leite,Walter's files - Storiza Corpus Spring 2025/Processed_Utterances/annotated_sentence_segments/uid_TzE1wYChYkTUAVNeVtZjXuO8cBi2_sid_xVtZiYDJKDrpbrcttqPg_1743434705_195798231_sentence_segment_close.wav",3.451260589888985,17.41272400452313,3.1734557118402047,18.345426558896467
"/home/michaelbennie/OneDrive/Leite,Walter's files - Storiza Corpus Spring 2025/Processed_Utterances/annotated_sentence_segments/uid_TzE1wYChYkTUAVNeVtZjXuO8cBi2_sid_xVtZiYDJKDrpbrcttqPg_1743434705_195798232_sentence_segment_close.wav",22.961278024268108,38.532497536463225,22.41030241451201,39.2403147289904
"/home/michaelbennie/OneDrive/Leite,Walter's files - Storiza Corpus Spring 2025/Processed_Utterances/annotated_sentence_segments/uid_TzE1wYChYkTUAVNeVtZjXuO8cBi2_sid_xVtZiYDJKDrpbrcttqPg_1743434705_195798233_sentence_segment_close.wav",41.532887631362456,54.857971972825865,41.41118031428928,55.682110145675125
"/home/michaelbennie/OneDrive/Leite,Walter's files - Storiza Corpus Spring 2025/Processed_Utterances/annotated_sentence_segments/uid_TzE1wYChYkTUAVNeVtZjXuO8cBi2_sid_xVtZiYDJKDrpbrcttqPg_1743434705_195798234_sentence_segment_close.wav",56.56887735695949,78.68643833256925,57.02277979598388,79.07180958205363
"/home/michaelbennie/OneDrive/Leite,Walter's files - Storiza Corpus Spring 2025/Processed_Utterances/annotated_sentence_segments/uid_TzE1wYChYkTUAVNeVtZjXuO8cBi2_sid_xVtZiYDJKDrpbrcttqPg_1743434705_195798235_sentence_segment_close.wav",79.49110608317203,97.18902308317203,79.39866705878178,99.07659514926412
"/home/michaelbennie/OneDrive/Leite,Walter's files - Storiza Corpus Spring 2025/Processed_Utterances/annotated_sentence_segments/uid_TzE1wYChYkTUAVNeVtZjXuO8cBi2_sid_xVtZiYDJKDrpbrcttqPg_1743434705_195798236_sentence_segment_close.wav",99.63860672152786,109.85372867274737,99.53641159957664,110.16
"/home/michaelbennie/OneDrive/Leite,Walter's files - Storiza Corpus Spring 2025/Processed_Utterances/annotated_sentence_segments/uid_ukKF4sCANzgmD16fyjMyO7VwR2A2_sid_BhiSjyPVnnE8LlbHAvww_1742164812_195798237_sentence_segment_close.wav",0.2656951219512195,1.9955914634146341,0.1136135754242066,2.006250537010425
"/home/michaelbennie/OneDrive/Leite,Walter's files - Storiza Corpus Spring 2025/Processed_Utterances/annotated_sentence_segments/uid_ukKF4sCANzgmD16fyjMyO7VwR2A2_sid_BhiSjyPVnnE8LlbHAvww_1742164812_195798238_sentence_segment_close.wav",1.9957565527185728,8.720741217592689,2.0201360979287384,8.748245307663913
"/home/michaelbennie/OneDrive/Leite,Walter's files - Storiza Corpus Spring 2025/Processed_Utterances/annotated_sentence_segments/uid_ukKF4sCANzgmD16fyjMyO7VwR2A2_sid_BhiSjyPVnnE8LlbHAvww_1742164812_195798239_sentence_segment_close.wav",8.707716460218816,16.247250748944364,8.760306278952708,16.325101990487262
"/home/michaelbennie/OneDrive/Leite,Walter's files - Storiza Corpus Spring 2025/Processed_Utterances/annotated_sentence_segments/uid_ukKF4sCANzgmD16fyjMyO7VwR2A2_sid_BhiSjyPVnnE8LlbHAvww_1742164812_195798240_sentence_segment_close.wav",16.646511832525704,24.87415085210077,16.6153531337708,25.06326925306517
"/home/michaelbennie/OneDrive/Leite,Walter's files - Storiza Corpus Spring 2025/Processed_Utterances/annotated_sentence_segments/uid_ukKF4sCANzgmD16fyjMyO7VwR2A2_sid_BhiSjyPVnnE8LlbHAvww_1742164812_195798241_sentence_segment_close.wav",25.400824591036354,29.48928354191668,25.344320930309053,29.49477126703516
"/home/michaelbennie/OneDrive/Leite,Walter's files - Storiza Corpus Spring 2025/Processed_Utterances/annotated_sentence_segments/uid_ukKF4sCANzgmD16fyjMyO7VwR2A2_sid_BhiSjyPVnnE8LlbHAvww_1742164812_195798242_sentence_segment_close.wav",29.9448397446962,36.3061459055307,29.90274950819564,36.367128036160814
"/home/michaelbennie/OneDrive/Leite,Walter's files - Storiza Corpus Spring 2025/Processed_Utterances/annotated_sentence_segments/uid_ukKF4sCANzgmD16fyjMyO7VwR2A2_sid_BhiSjyPVnnE8LlbHAvww_1742164812_195798243_sentence_segment_close.wav",37.99823365015918,47.3246205410432,37.99482083346767,47.34569551999613
"/home/michaelbennie/OneDrive/Leite,Walter's files - Storiza Corpus Spring 2025/Processed_Utterances/annotated_sentence_segments/uid_ukKF4sCANzgmD16fyjMyO7VwR2A2_sid_BhiSjyPVnnE8LlbHAvww_1742164812_195798244_sentence_segment_close.wav",47.9773974418252,53.454641997831416,47.93529007345238,53.85283475107396
"/home/michaelbennie/OneDrive/Leite,Walter's files - Storiza Corpus Spring 2025/Processed_Utterances/annotated_sentence_segments/uid_ukKF4sCANzgmD16fyjMyO7VwR2A2_sid_BhiSjyPVnnE8LlbHAvww_1742164812_195798245_sentence_segment_close.wav",54.019274155190715,61.087701580723895,53.97551450963506,61.05935398523162
"/home/michaelbennie/OneDrive/Leite,Walter's files - Storiza Corpus Spring 2025/Processed_Utterances/annotated_sentence_segments/uid_ukKF4sCANzgmD16fyjMyO7VwR2A2_sid_BhiSjyPVnnE8LlbHAvww_1742164812_195798246_sentence_segment_close.wav",61.08274971817442,71.39878045826919,61.07199832448545,71.4568781172877
"/home/michaelbennie/OneDrive/Leite,Walter's files - Storiza Corpus Spring 2025/Processed_Utterances/annotated_sentence_segments/uid_ukKF4sCANzgmD16fyjMyO7VwR2A2_sid_BhiSjyPVnnE8LlbHAvww_1742164812_195798247_sentence_segment_close.wav",71.4872643557709,87.92313761397831,71.47315026981474,87.97435762415346
"/home/michaelbennie/OneDrive/Leite,Walter's files - Storiza Corpus Spring 2025/Processed_Utterances/annotated_sentence_segments/uid_ukKF4sCANzgmD16fyjMyO7VwR2A2_sid_BhiSjyPVnnE8LlbHAvww_1742164812_195798248_sentence_segment_close.wav",88.45872318990713,92.95973067693915,88.44351397095882,93.0310026382299
"/home/michaelbennie/OneDrive/Leite,Walter's files - Storiza Corpus Spring 2025/Processed_Utterances/annotated_sentence_segments/uid_ukKF4sCANzgmD16fyjMyO7VwR2A2_sid_BhiSjyPVnnE8LlbHAvww_1742164812_195798249_sentence_segment_close.wav",94.98622308655553,96.31983388633748,94.92483423853756,96.58060529371257
"/home/michaelbennie/OneDrive/Leite,Walter's files - Storiza Corpus Spring 2025/Processed_Utterances/annotated_sentence_segments/uid_ukKF4sCANzgmD16fyjMyO7VwR2A2_sid_BhiSjyPVnnE8LlbHAvww_1742164812_195798250_sentence_segment_close.wav",96.6482665791055,105.2913645157021,96.68515268599988,105.29836620034808
"/home/michaelbennie/OneDrive/Leite,Walter's files - Storiza Corpus Spring 2025/Processed_Utterances/annotated_sentence_segments/uid_ukKF4sCANzgmD16fyjMyO7VwR2A2_sid_BhiSjyPVnnE8LlbHAvww_1742164812_195798251_sentence_segment_close.wav",105.30635633712845,108.74601724230115,105.31028206894229,108.7607821805838
"/home/michaelbennie/OneDrive/Leite,Walter's files - Storiza Corpus Spring 2025/Processed_Utterances/annotated_sentence_segments/uid_ukKF4sCANzgmD16fyjMyO7VwR2A2_sid_BhiSjyPVnnE8LlbHAvww_1742164812_195798252_sentence_segment_close.wav",108.73816783765021,114.19940255915351,108.77834197443168,114.21655562579193
"/home/michaelbennie/OneDrive/Leite,Walter's files - Storiza Corpus Spring 2025/Processed_Utterances/annotated_sentence_segments/uid_ukKF4sCANzgmD16fyjMyO7VwR2A2_sid_BhiSjyPVnnE8LlbHAvww_1742164812_195798253_sentence_segment_close.wav",114.25430945587182,121.73130246816243,114.24453401086004,121.55125619975696
"/home/michaelbennie/OneDrive/Leite,Walter's files - Storiza Corpus Spring 2025/Processed_Utterances/annotated_sentence_segments/uid_gUfM3yODstSdwltidtEzSlIo0q93_sid_YJYpGQOGORLj0onYXX3W_1742770181_195798254_sentence_segment_close.wav",1.805572987306553,88.39784257743499,1.7276445223289076,88.97369289993874
"/home/michaelbennie/OneDrive/Leite,Walter's files - Storiza Corpus Spring 2025/Processed_Utterances/annotated_sentence_segments/uid_gUfM3yODstSdwltidtEzSlIo0q93_sid_YJYpGQOGORLj0onYXX3W_1742770181_195798255_sentence_segment_close.wav",89.91600288503561,116.99278365701772,88.97369289993874,117.1601427975975
"/home/michaelbennie/OneDrive/Leite,Walter's files - Storiza Corpus Spring 2025/Processed_Utterances/annotated_sentence_segments/uid_gUfM3yODstSdwltidtEzSlIo0q93_sid_YJYpGQOGORLj0onYXX3W_1742770181_195798256_sentence_segment_close.wav",127.39956983258102,174.14001992340803,124.56317005991424,176.91079908648015
"/home/michaelbennie/OneDrive/Leite,Walter's files - Storiza Corpus Spring 2025/Processed_Utterances/annotated_sentence_segments/uid_tHP0GvI5hccNGBzYfgE2pkEHXiW2_sid_p6cLdVe7UtbfmSNky9ER_1743455830_195798257_sentence_segment_close.wav",0.364605139990186,6.418511108567208,0.3821966437281962,6.740535277832291
"/home/michaelbennie/OneDrive/Leite,Walter's files - Storiza Corpus Spring 2025/Processed_Utterances/annotated_sentence_segments/uid_tHP0GvI5hccNGBzYfgE2pkEHXiW2_sid_p6cLdVe7UtbfmSNky9ER_1743455830_195798258_sentence_segment_close.wav",7.3183090307582415,22.362574446445542,7.009382056093561,22.38291931097008
"/home/michaelbennie/OneDrive/Leite,Walter's files - Storiza Corpus Spring 2025/Processed_Utterances/annotated_sentence_segments/uid_tHP0GvI5hccNGBzYfgE2pkEHXiW2_sid_p6cLdVe7UtbfmSNky9ER_1743455830_195798259_sentence_segment_close.wav",24.797262164466265,37.80909038165339,24.75893985666024,38.169552772808586
"/home/michaelbennie/OneDrive/Leite,Walter's files - Storiza Corpus Spring 2025/Processed_Utterances/annotated_sentence_segments/uid_tHP0GvI5hccNGBzYfgE2pkEHXiW2_sid_p6cLdVe7UtbfmSNky9ER_1743455830_195798260_sentence_segment_close.wav",39.17911427640387,51.18051570543673,38.3613595706619,51.079267731362016
"/home/michaelbennie/OneDrive/Leite,Walter's files - Storiza Corpus Spring 2025/Processed_Utterances/annotated_sentence_segments/uid_tHP0GvI5hccNGBzYfgE2pkEHXiW2_sid_p6cLdVe7UtbfmSNky9ER_1743455830_195798261_sentence_segment_close.wav",52.50030202019556,56.317074564095414,52.21214868540344,56.32819582955576
"/home/michaelbennie/OneDrive/Leite,Walter's files - Storiza Corpus Spring 2025/Processed_Utterances/annotated_sentence_segments/uid_tHP0GvI5hccNGBzYfgE2pkEHXiW2_sid_p6cLdVe7UtbfmSNky9ER_1743455830_195798262_sentence_segment_close.wav",57.73725897053766,73.55768757159599,57.73384615384615,73.69715986811055
"/home/michaelbennie/OneDrive/Leite,Walter's files - Storiza Corpus Spring 2025/Processed_Utterances/annotated_sentence_segments/uid_tHP0GvI5hccNGBzYfgE2pkEHXiW2_sid_p6cLdVe7UtbfmSNky9ER_1743455830_195798263_sentence_segment_close.wav",74.91357191863179,79.46529423978419,74.8046511627907,79.41309925605401
"/home/michaelbennie/OneDrive/Leite,Walter's files - Storiza Corpus Spring 2025/Processed_Utterances/annotated_sentence_segments/uid_tHP0GvI5hccNGBzYfgE2pkEHXiW2_sid_p6cLdVe7UtbfmSNky9ER_1743455830_195798264_sentence_segment_close.wav",80.37611187791308,87.50105922991797,80.36566643529012,87.61861294480961
"/home/michaelbennie/OneDrive/Leite,Walter's files - Storiza Corpus Spring 2025/Processed_Utterances/annotated_sentence_segments/uid_tHP0GvI5hccNGBzYfgE2pkEHXiW2_sid_p6cLdVe7UtbfmSNky9ER_1743455830_195798265_sentence_segment_close.wav",88.70470690274641,212.0316601903449,88.8578422484134,212.88467815049864
"/home/michaelbennie/OneDrive/Leite,Walter's files - Storiza Corpus Spring 2025/Processed_Utterances/annotated_sentence_segments/uid_H7rAk5StNLc0VysmHcZQZTQFpBx2_sid_hjIbQ9OhnZrt82foK1t5_1743079725_195798266_sentence_segment_close.wav",1.5760226229868448,6.015180746218194,1.55520210776594,6.044257602862254
"/home/michaelbennie/OneDrive/Leite,Walter's files - Storiza Corpus Spring 2025/Processed_Utterances/annotated_sentence_segments/uid_H7rAk5StNLc0VysmHcZQZTQFpBx2_sid_hjIbQ9OhnZrt82foK1t5_1743079725_195798267_sentence_segment_close.wav",6.076182780540163,12.526627725285174,6.088980322003578,12.606762075134167
"/home/michaelbennie/OneDrive/Leite,Walter's files - Storiza Corpus Spring 2025/Processed_Utterances/annotated_sentence_segments/uid_H7rAk5StNLc0VysmHcZQZTQFpBx2_sid_hjIbQ9OhnZrt82foK1t5_1743079725_195798268_sentence_segment_close.wav",12.580312257498177,16.922108256514697,12.64964221824687,16.97528842301935
"/home/michaelbennie/OneDrive/Leite,Walter's files - Storiza Corpus Spring 2025/Processed_Utterances/annotated_sentence_segments/uid_H7rAk5StNLc0VysmHcZQZTQFpBx2_sid_hjIbQ9OhnZrt82foK1t5_1743079725_195798269_sentence_segment_close.wav",16.8893614702658,21.943385477655273,16.995753344675524,21.956382690239824
"/home/michaelbennie/OneDrive/Leite,Walter's files - Storiza Corpus Spring 2025/Processed_Utterances/annotated_sentence_segments/uid_H7rAk5StNLc0VysmHcZQZTQFpBx2_sid_hjIbQ9OhnZrt82foK1t5_1743079725_195798270_sentence_segment_close.wav",21.997322788315063,28.700746981403213,21.999964189387537,28.726043284131578
"/home/michaelbennie/OneDrive/Leite,Walter's files - Storiza Corpus Spring 2025/Processed_Utterances/annotated_sentence_segments/uid_H7rAk5StNLc0VysmHcZQZTQFpBx2_sid_hjIbQ9OhnZrt82foK1t5_1743079725_195798271_sentence_segment_close.wav",28.852323153881,34.73652261486179,28.837753176002344,34.739531331853115
"/home/michaelbennie/OneDrive/Leite,Walter's files - Storiza Corpus Spring 2025/Processed_Utterances/annotated_sentence_segments/uid_H7rAk5StNLc0VysmHcZQZTQFpBx2_sid_hjIbQ9OhnZrt82foK1t5_1743079725_195798272_sentence_segment_close.wav",34.98648727183669,47.917419529436046,34.95638281998842,47.30586403644638
"/home/michaelbennie/OneDrive/Leite,Walter's files - Storiza Corpus Spring 2025/Processed_Utterances/annotated_sentence_segments/uid_XmxSYUZAj4dRqSczt2clQkDf31M2_sid_qaLzxMtHTyjMeYNVaGNP_1741316108_195798273_sentence_segment_close.wav",0.012486169691844655,6.0909210200871895,0.0422034618914378,6.05552727415148
"/home/michaelbennie/OneDrive/Leite,Walter's files - Storiza Corpus Spring 2025/Processed_Utterances/annotated_sentence_segments/uid_XmxSYUZAj4dRqSczt2clQkDf31M2_sid_qaLzxMtHTyjMeYNVaGNP_1741316108_195798274_sentence_segment_close.wav",5.468468238937833,13.07492688163553,6.468468238937833,12.99361799087584
"/home/michaelbennie/OneDrive/Leite,Walter's files - Storiza Corpus Spring 2025/Processed_Utterances/annotated_sentence_segments/uid_XmxSYUZAj4dRqSczt2clQkDf31M2_sid_qaLzxMtHTyjMeYNVaGNP_1741316108_195798275_sentence_segment_close.wav",13.050515083585928,24.3193733241308,13.083126316262806,24.34107560568245
"/home/michaelbennie/OneDrive/Leite,Walter's files - Storiza Corpus Spring 2025/Processed_Utterances/annotated_sentence_segments/uid_XmxSYUZAj4dRqSczt2clQkDf31M2_sid_qaLzxMtHTyjMeYNVaGNP_1741316108_195798276_sentence_segment_close.wav",26.198333763398406,42.69575946197861,26.06161145808377,42.68982949534172
"/home/michaelbennie/OneDrive/Leite,Walter's files - Storiza Corpus Spring 2025/Processed_Utterances/annotated_sentence_segments/uid_XmxSYUZAj4dRqSczt2clQkDf31M2_sid_qaLzxMtHTyjMeYNVaGNP_1741316108_195798277_sentence_segment_close.wav",44.597019469524085,67.29349421913737,44.60279185144121,67.21026858467904
"/home/michaelbennie/OneDrive/Leite,Walter's files - Storiza Corpus Spring 2025/Processed_Utterances/annotated_sentence_segments/uid_XmxSYUZAj4dRqSczt2clQkDf31M2_sid_qaLzxMtHTyjMeYNVaGNP_1741316108_195798278_sentence_segment_close.wav",67.51086369277692,74.08594024478452,67.7053119799564,74.07545737284661
"/home/michaelbennie/OneDrive/Leite,Walter's files - Storiza Corpus Spring 2025/Processed_Utterances/annotated_sentence_segments/uid_XmxSYUZAj4dRqSczt2clQkDf31M2_sid_qaLzxMtHTyjMeYNVaGNP_1741316108_195798279_sentence_segment_close.wav",74.45188415566582,80.84899801580585,74.49250972541671,80.83023783781493
"/home/michaelbennie/OneDrive/Leite,Walter's files - Storiza Corpus Spring 2025/Processed_Utterances/annotated_sentence_segments/uid_XmxSYUZAj4dRqSczt2clQkDf31M2_sid_qaLzxMtHTyjMeYNVaGNP_1741316108_195798280_sentence_segment_close.wav",81.22608470341028,92.67425253107707,81.18846565579123,92.88962836327389
"/home/michaelbennie/OneDrive/Leite,Walter's files - Storiza Corpus Spring 2025/Processed_Utterances/annotated_sentence_segments/uid_XmxSYUZAj4dRqSczt2clQkDf31M2_sid_qaLzxMtHTyjMeYNVaGNP_1741316108_195798281_sentence_segment_close.wav",93.74198166731264,110.6591287967677,93.73856885062114,110.69168673199782
"/home/michaelbennie/OneDrive/Leite,Walter's files - Storiza Corpus Spring 2025/Processed_Utterances/annotated_sentence_segments/uid_XmxSYUZAj4dRqSczt2clQkDf31M2_sid_qaLzxMtHTyjMeYNVaGNP_1741316108_195798282_sentence_segment_close.wav",111.25270518131921,132.57056238307723,111.21448216377436,132.57790256106026
"/home/michaelbennie/OneDrive/Leite,Walter's files - Storiza Corpus Spring 2025/Processed_Utterances/annotated_sentence_segments/uid_21Dw9jLeIqWjrAuRHI1RG1qPz853_sid_DGdDPHDvbqcU25UYdwyt_1741208782_195798283_sentence_segment_close.wav",1.6349223895727882,8.081646490469149,1.685388388991664,8.078032710378752
"/home/michaelbennie/OneDrive/Leite,Walter's files - Storiza Corpus Spring 2025/Processed_Utterances/annotated_sentence_segments/uid_21Dw9jLeIqWjrAuRHI1RG1qPz853_sid_DGdDPHDvbqcU25UYdwyt_1741208782_195798284_sentence_segment_close.wav",8.46559190797742,19.391878146983508,8.45083403925956,19.30867183730918
"/home/michaelbennie/OneDrive/Leite,Walter's files - Storiza Corpus Spring 2025/Processed_Utterances/annotated_sentence_segments/uid_21Dw9jLeIqWjrAuRHI1RG1qPz853_sid_DGdDPHDvbqcU25UYdwyt_1741208782_195798285_sentence_segment_close.wav",19.441918035049316,25.615810234378056,19.37069440867569,25.70895502050415
"/home/michaelbennie/OneDrive/Leite,Walter's files - Storiza Corpus Spring 2025/Processed_Utterances/annotated_sentence_segments/uid_21Dw9jLeIqWjrAuRHI1RG1qPz853_sid_DGdDPHDvbqcU25UYdwyt_1741208782_195798286_sentence_segment_close.wav",25.622125945290367,31.07392041610325,25.73910144474625,31.07508025319208
"/home/michaelbennie/OneDrive/Leite,Walter's files - Storiza Corpus Spring 2025/Processed_Utterances/annotated_sentence_segments/uid_21Dw9jLeIqWjrAuRHI1RG1qPz853_sid_DGdDPHDvbqcU25UYdwyt_1741208782_195798287_sentence_segment_close.wav",31.117510859755754,35.660032274908964,31.10780039451136,35.70580884141777
"/home/michaelbennie/OneDrive/Leite,Walter's files - Storiza Corpus Spring 2025/Processed_Utterances/annotated_sentence_segments/uid_21Dw9jLeIqWjrAuRHI1RG1qPz853_sid_DGdDPHDvbqcU25UYdwyt_1741208782_195798288_sentence_segment_close.wav",35.64693212725585,47.110164628851,35.72641714931059,46.79447117422772
"/home/michaelbennie/OneDrive/Leite,Walter's files - Storiza Corpus Spring 2025/Processed_Utterances/annotated_sentence_segments/uid_21Dw9jLeIqWjrAuRHI1RG1qPz853_sid_DGdDPHDvbqcU25UYdwyt_1741208782_195798289_sentence_segment_close.wav",47.49682672162106,55.8263209839902,47.40498431800758,56.122509502310166
"/home/michaelbennie/OneDrive/Leite,Walter's files - Storiza Corpus Spring 2025/Processed_Utterances/annotated_sentence_segments/uid_TQTGm3pFYchsl1S1E0j0Pz15qno1_sid_7SHXQ4irDDmOvLPgsKxh_1741139454_195798290_sentence_segment_close.wav",1.2418628912071532,14.279180863187893,0.004720379506339,14.74152162777592
"/home/michaelbennie/OneDrive/Leite,Walter's files - Storiza Corpus Spring 2025/Processed_Utterances/annotated_sentence_segments/uid_TQTGm3pFYchsl1S1E0j0Pz15qno1_sid_7SHXQ4irDDmOvLPgsKxh_1741139454_195798291_sentence_segment_close.wav",14.873051260877839,32.29442905521465,15.853245001563383,32.31273614086408
"/home/michaelbennie/OneDrive/Leite,Walter's files - Storiza Corpus Spring 2025/Processed_Utterances/annotated_sentence_segments/uid_TQTGm3pFYchsl1S1E0j0Pz15qno1_sid_7SHXQ4irDDmOvLPgsKxh_1741139454_195798292_sentence_segment_close.wav",33.659479222887256,59.29533815135224,33.141908433021385,60.38668013418844
"/home/michaelbennie/OneDrive/Leite,Walter's files - Storiza Corpus Spring 2025/Processed_Utterances/annotated_sentence_segments/uid_TQTGm3pFYchsl1S1E0j0Pz15qno1_sid_7SHXQ4irDDmOvLPgsKxh_1741139454_195798293_sentence_segment_close.wav",62.82816451963724,84.52347455621248,62.1590290250404,85.50848261188793
"/home/michaelbennie/OneDrive/Leite,Walter's files - Storiza Corpus Spring 2025/Processed_Utterances/annotated_sentence_segments/uid_TQTGm3pFYchsl1S1E0j0Pz15qno1_sid_7SHXQ4irDDmOvLPgsKxh_1741139454_195798294_sentence_segment_close.wav",86.30408365475819,129.01906505495378,85.98025355043627,129.5011226315213
"/home/michaelbennie/OneDrive/Leite,Walter's files - Storiza Corpus Spring 2025/Processed_Utterances/annotated_sentence_segments/uid_mHWscHBXcoabM7fdw88AliGuPWw1_sid_xe2N8wvoGE6N1yF3J1u5_1741215857_195798295_sentence_segment_close.wav",0.8066943999999999,5.0420909904523326,0.742397137745975,5.125223613595708
"/home/michaelbennie/OneDrive/Leite,Walter's files - Storiza Corpus Spring 2025/Processed_Utterances/annotated_sentence_segments/uid_mHWscHBXcoabM7fdw88AliGuPWw1_sid_xe2N8wvoGE6N1yF3J1u5_1741215857_195798296_sentence_segment_close.wav",6.3793006218587625,16.036973983907025,6.341681574239715,16.04651162790698
"/home/michaelbennie/OneDrive/Leite,Walter's files - Storiza Corpus Spring 2025/Processed_Utterances/annotated_sentence_segments/uid_mHWscHBXcoabM7fdw88AliGuPWw1_sid_xe2N8wvoGE6N1yF3J1u5_1741215857_195798297_sentence_segment_close.wav",18.52882323947215,24.33943737180034,18.434704830053672,24.946332737030417
"/home/michaelbennie/OneDrive/Leite,Walter's files - Storiza Corpus Spring 2025/Processed_Utterances/annotated_sentence_segments/uid_mHWscHBXcoabM7fdw88AliGuPWw1_sid_xe2N8wvoGE6N1yF3J1u5_1741215857_195798298_sentence_segment_close.wav",26.66408535041017,34.81529984052506,26.556350626118068,34.8747763864043
"/home/michaelbennie/OneDrive/Leite,Walter's files - Storiza Corpus Spring 2025/Processed_Utterances/annotated_sentence_segments/uid_mHWscHBXcoabM7fdw88AliGuPWw1_sid_xe2N8wvoGE6N1yF3J1u5_1741215857_195798299_sentence_segment_close.wav",36.79843225149205,42.469874004668455,36.80679785330949,42.97853309481217
"/home/michaelbennie/OneDrive/Leite,Walter's files - Storiza Corpus Spring 2025/Processed_Utterances/annotated_sentence_segments/uid_mHWscHBXcoabM7fdw88AliGuPWw1_sid_xe2N8wvoGE6N1yF3J1u5_1741215857_195798300_sentence_segment_close.wav",44.90018174312625,52.690166259785315,44.77340343386629,52.68038017805234
"/home/michaelbennie/OneDrive/Leite,Walter's files - Storiza Corpus Spring 2025/Processed_Utterances/annotated_sentence_segments/uid_mHWscHBXcoabM7fdw88AliGuPWw1_sid_xe2N8wvoGE6N1yF3J1u5_1741215857_195798301_sentence_segment_close.wav",54.582382346589746,59.18849807268209,54.55277280858677,59.39177101967801
"/home/michaelbennie/OneDrive/Leite,Walter's files - Storiza Corpus Spring 2025/Processed_Utterances/annotated_sentence_segments/uid_mHWscHBXcoabM7fdw88AliGuPWw1_sid_xe2N8wvoGE6N1yF3J1u5_1741215857_195798302_sentence_segment_close.wav",60.966377135603025,65.89324653704774,61.00477187919277,66.58330464963345
"/home/michaelbennie/OneDrive/Leite,Walter's files - Storiza Corpus Spring 2025/Processed_Utterances/annotated_sentence_segments/uid_mHWscHBXcoabM7fdw88AliGuPWw1_sid_xe2N8wvoGE6N1yF3J1u5_1741215857_195798303_sentence_segment_close.wav",67.7238866743707,79.68721077844197,67.31189145664229,79.7448073779303
"/home/michaelbennie/OneDrive/Leite,Walter's files - Storiza Corpus Spring 2025/Processed_Utterances/annotated_sentence_segments/uid_WU2CHNrkg8hTa41RUFdbv0AtTC42_sid_9JaVWFblrYlOX7TNJfzJ_1741134609_195798304_sentence_segment_close.wav",2.2491547269118914,9.196035271761888,2.125819825528985,9.505068483847412
"/home/michaelbennie/OneDrive/Leite,Walter's files - Storiza Corpus Spring 2025/Processed_Utterances/annotated_sentence_segments/uid_WU2CHNrkg8hTa41RUFdbv0AtTC42_sid_9JaVWFblrYlOX7TNJfzJ_1741134609_195798305_sentence_segment_close.wav",9.554935117655639,13.130791237168417,9.534883720930232,13.193191957888608
"/home/michaelbennie/OneDrive/Leite,Walter's files - Storiza Corpus Spring 2025/Processed_Utterances/annotated_sentence_segments/uid_WU2CHNrkg8hTa41RUFdbv0AtTC42_sid_9JaVWFblrYlOX7TNJfzJ_1741134609_195798306_sentence_segment_close.wav",13.187643438587441,17.13356160304867,13.207927839199002,17.148240440392023
"/home/michaelbennie/OneDrive/Leite,Walter's files - Storiza Corpus Spring 2025/Processed_Utterances/annotated_sentence_segments/uid_WU2CHNrkg8hTa41RUFdbv0AtTC42_sid_9JaVWFblrYlOX7TNJfzJ_1741134609_195798307_sentence_segment_close.wav",17.382628985461867,28.61952077887925,17.382229445019007,28.63446558097608
"/home/michaelbennie/OneDrive/Leite,Walter's files - Storiza Corpus Spring 2025/Processed_Utterances/annotated_sentence_segments/uid_WU2CHNrkg8hTa41RUFdbv0AtTC42_sid_9JaVWFblrYlOX7TNJfzJ_1741134609_195798308_sentence_segment_close.wav",28.583550468896068,35.3542003590015,28.66300729508504,35.40719334159666
"/home/michaelbennie/OneDrive/Leite,Walter's files - Storiza Corpus Spring 2025/Processed_Utterances/annotated_sentence_segments/uid_WU2CHNrkg8hTa41RUFdbv0AtTC42_sid_9JaVWFblrYlOX7TNJfzJ_1741134609_195798309_sentence_segment_close.wav",36.404931174156005,43.38113023203187,36.38640429338104,43.40787119856887
"/home/michaelbennie/OneDrive/Leite,Walter's files - Storiza Corpus Spring 2025/Processed_Utterances/annotated_sentence_segments/uid_WU2CHNrkg8hTa41RUFdbv0AtTC42_sid_9JaVWFblrYlOX7TNJfzJ_1741134609_195798310_sentence_segment_close.wav",43.652614188798964,55.09350815206062,43.67024594001566,55.1282065840228
"/home/michaelbennie/OneDrive/Leite,Walter's files - Storiza Corpus Spring 2025/Processed_Utterances/annotated_sentence_segments/uid_WU2CHNrkg8hTa41RUFdbv0AtTC42_sid_9JaVWFblrYlOX7TNJfzJ_1741134609_195798311_sentence_segment_close.wav",55.279619238234204,62.38827967993939,55.265355911855664,62.30853438438231
"/home/michaelbennie/OneDrive/Leite,Walter's files - Storiza Corpus Spring 2025/Processed_Utterances/annotated_sentence_segments/uid_WU2CHNrkg8hTa41RUFdbv0AtTC42_sid_9JaVWFblrYlOX7TNJfzJ_1741134609_195798312_sentence_segment_close.wav",62.36140323261736,80.28681376320054,62.42098840703264,80.6276357519709
"/home/michaelbennie/OneDrive/Leite,Walter's files - Storiza Corpus Spring 2025/Processed_Utterances/annotated_sentence_segments/uid_4w6SC0KmlKV4YmJTalgWiZalQHi2_sid_WFBJxSGh2uCXWoF0Nr92_1742511762_195798313_sentence_segment_close.wav",2.2607690314140587,28.203912937694362,2.235312885711557,28.43949239432515
"/home/michaelbennie/OneDrive/Leite,Walter's files - Storiza Corpus Spring 2025/Processed_Utterances/annotated_sentence_segments/uid_4w6SC0KmlKV4YmJTalgWiZalQHi2_sid_WFBJxSGh2uCXWoF0Nr92_1742511762_195798314_sentence_segment_close.wav",29.693906998174704,45.93723040088007,29.32402337390205,46.07046199618786
"/home/michaelbennie/OneDrive/Leite,Walter's files - Storiza Corpus Spring 2025/Processed_Utterances/annotated_sentence_segments/uid_4w6SC0KmlKV4YmJTalgWiZalQHi2_sid_WFBJxSGh2uCXWoF0Nr92_1742511762_195798315_sentence_segment_close.wav",48.92021994677383,58.82157715980186,48.882838400639166,59.10967114707324
"/home/michaelbennie/OneDrive/Leite,Walter's files - Storiza Corpus Spring 2025/Processed_Utterances/annotated_sentence_segments/uid_4w6SC0KmlKV4YmJTalgWiZalQHi2_sid_WFBJxSGh2uCXWoF0Nr92_1742511762_195798316_sentence_segment_close.wav",59.27714946452837,84.6375862513492,59.2730181262075,84.96793540162312
"/home/michaelbennie/OneDrive/Leite,Walter's files - Storiza Corpus Spring 2025/Processed_Utterances/annotated_sentence_segments/uid_4w6SC0KmlKV4YmJTalgWiZalQHi2_sid_WFBJxSGh2uCXWoF0Nr92_1742511762_195798317_sentence_segment_close.wav",85.35060036767771,102.44384385936452,85.30882982650425,102.56661008611177
"/home/michaelbennie/OneDrive/Leite,Walter's files - Storiza Corpus Spring 2025/Processed_Utterances/annotated_sentence_segments/uid_4w6SC0KmlKV4YmJTalgWiZalQHi2_sid_WFBJxSGh2uCXWoF0Nr92_1742511762_195798318_sentence_segment_close.wav",103.84467508467226,133.77586895209504,103.79721423504236,133.95020307673133
"/home/michaelbennie/OneDrive/Leite,Walter's files - Storiza Corpus Spring 2025/Processed_Utterances/annotated_sentence_segments/uid_4w6SC0KmlKV4YmJTalgWiZalQHi2_sid_WFBJxSGh2uCXWoF0Nr92_1742511762_195798319_sentence_segment_close.wav",134.55902762461037,163.8255433419726,134.5183569837758,164.73012538886647
"/home/michaelbennie/OneDrive/Leite,Walter's files - Storiza Corpus Spring 2025/Processed_Utterances/annotated_sentence_segments/uid_4w6SC0KmlKV4YmJTalgWiZalQHi2_sid_WFBJxSGh2uCXWoF0Nr92_1742511762_195798320_sentence_segment_close.wav",164.99278873362172,194.822805171613,164.95028983935964,195.1833641460053
"/home/michaelbennie/OneDrive/Leite,Walter's files - Storiza Corpus Spring 2025/Processed_Utterances/annotated_sentence_segments/uid_4w6SC0KmlKV4YmJTalgWiZalQHi2_sid_WFBJxSGh2uCXWoF0Nr92_1742511762_195798321_sentence_segment_close.wav",196.35464184556807,218.7108152826824,196.5753427787552,219.1809043286855
"/home/michaelbennie/OneDrive/Leite,Walter's files - Storiza Corpus Spring 2025/Processed_Utterances/annotated_sentence_segments/uid_4w6SC0KmlKV4YmJTalgWiZalQHi2_sid_WFBJxSGh2uCXWoF0Nr92_1742511762_195798322_sentence_segment_close.wav",220.64860276493766,249.54275613040363,220.82145874842595,249.90401437109784
"/home/michaelbennie/OneDrive/Leite,Walter's files - Storiza Corpus Spring 2025/Processed_Utterances/annotated_sentence_segments/uid_4w6SC0KmlKV4YmJTalgWiZalQHi2_sid_WFBJxSGh2uCXWoF0Nr92_1742511762_195798323_sentence_segment_close.wav",250.55691612874767,261.89314997900425,250.3656491736392,262.01997732426304
"/home/michaelbennie/OneDrive/Leite,Walter's files - Storiza Corpus Spring 2025/Processed_Utterances/annotated_sentence_segments/uid_tHP0GvI5hccNGBzYfgE2pkEHXiW2_sid_rLPnR4znaTm5MBeGpUC3_1743543079_195798324_sentence_segment_close.wav",0.45124344709388975,4.165099866616989,0.3905784166776217,4.245676806659733
"/home/michaelbennie/OneDrive/Leite,Walter's files - Storiza Corpus Spring 2025/Processed_Utterances/annotated_sentence_segments/uid_tHP0GvI5hccNGBzYfgE2pkEHXiW2_sid_rLPnR4znaTm5MBeGpUC3_1743543079_195798325_sentence_segment_close.wav",5.012379941423591,14.58400252266723,5.0834827730182255,14.56469923097887
"/home/michaelbennie/OneDrive/Leite,Walter's files - Storiza Corpus Spring 2025/Processed_Utterances/annotated_sentence_segments/uid_tHP0GvI5hccNGBzYfgE2pkEHXiW2_sid_rLPnR4znaTm5MBeGpUC3_1743543079_195798326_sentence_segment_close.wav",15.988543772921538,21.874896897428123,15.963028854888751,22.38521132358285
"/home/michaelbennie/OneDrive/Leite,Walter's files - Storiza Corpus Spring 2025/Processed_Utterances/annotated_sentence_segments/uid_tHP0GvI5hccNGBzYfgE2pkEHXiW2_sid_rLPnR4znaTm5MBeGpUC3_1743543079_195798327_sentence_segment_close.wav",23.031521943616053,26.68285244883215,22.92486583184258,26.82468694096601
"/home/michaelbennie/OneDrive/Leite,Walter's files - Storiza Corpus Spring 2025/Processed_Utterances/annotated_sentence_segments/uid_tHP0GvI5hccNGBzYfgE2pkEHXiW2_sid_rLPnR4znaTm5MBeGpUC3_1743543079_195798328_sentence_segment_close.wav",27.47295938902306,31.927509302767078,27.45676876607224,32.412046046930904
"/home/michaelbennie/OneDrive/Leite,Walter's files - Storiza Corpus Spring 2025/Processed_Utterances/annotated_sentence_segments/uid_tHP0GvI5hccNGBzYfgE2pkEHXiW2_sid_rLPnR4znaTm5MBeGpUC3_1743543079_195798329_sentence_segment_close.wav",34.021397948213,38.381113780043336,34.004174848362034,38.89684032242285
"/home/michaelbennie/OneDrive/Leite,Walter's files - Storiza Corpus Spring 2025/Processed_Utterances/annotated_sentence_segments/uid_tHP0GvI5hccNGBzYfgE2pkEHXiW2_sid_rLPnR4znaTm5MBeGpUC3_1743543079_195798330_sentence_segment_close.wav",39.95052474171647,45.88079565101121,39.92844364937389,46.67262969588552
"/home/michaelbennie/OneDrive/Leite,Walter's files - Storiza Corpus Spring 2025/Processed_Utterances/annotated_sentence_segments/uid_tHP0GvI5hccNGBzYfgE2pkEHXiW2_sid_rLPnR4znaTm5MBeGpUC3_1743543079_195798331_sentence_segment_close.wav",47.03488036949098,50.530076733127345,46.96779964221825,51.1449016100179
"/home/michaelbennie/OneDrive/Leite,Walter's files - Storiza Corpus Spring 2025/Processed_Utterances/annotated_sentence_segments/uid_tHP0GvI5hccNGBzYfgE2pkEHXiW2_sid_rLPnR4znaTm5MBeGpUC3_1743543079_195798332_sentence_segment_close.wav",53.78928044744047,57.93394698991439,53.604651162790695,58.20214669051878
"/home/michaelbennie/OneDrive/Leite,Walter's files - Storiza Corpus Spring 2025/Processed_Utterances/annotated_sentence_segments/uid_tHP0GvI5hccNGBzYfgE2pkEHXiW2_sid_rLPnR4znaTm5MBeGpUC3_1743543079_195798333_sentence_segment_close.wav",58.64878899249245,65.29332868399766,58.53309481216458,65.68872987477639
"/home/michaelbennie/OneDrive/Leite,Walter's files - Storiza Corpus Spring 2025/Processed_Utterances/annotated_sentence_segments/uid_tHP0GvI5hccNGBzYfgE2pkEHXiW2_sid_rLPnR4znaTm5MBeGpUC3_1743543079_195798334_sentence_segment_close.wav",68.6623856992713,71.07234869181973,68.63744636767666,71.41025495443874
"/home/michaelbennie/OneDrive/Leite,Walter's files - Storiza Corpus Spring 2025/Processed_Utterances/annotated_sentence_segments/uid_tHP0GvI5hccNGBzYfgE2pkEHXiW2_sid_rLPnR4znaTm5MBeGpUC3_1743543079_195798335_sentence_segment_close.wav",73.22140531668359,75.12957160450723,73.20512966094589,75.37865381121424
"/home/michaelbennie/OneDrive/Leite,Walter's files - Storiza Corpus Spring 2025/Processed_Utterances/annotated_sentence_segments/uid_tHP0GvI5hccNGBzYfgE2pkEHXiW2_sid_rLPnR4znaTm5MBeGpUC3_1743543079_195798336_sentence_segment_close.wav",76.22448936905272,82.94554701794584,76.14788021299195,83.12462439903847
"/home/michaelbennie/OneDrive/Leite,Walter's files - Storiza Corpus Spring 2025/Processed_Utterances/annotated_sentence_segments/uid_tHP0GvI5hccNGBzYfgE2pkEHXiW2_sid_rLPnR4znaTm5MBeGpUC3_1743543079_195798337_sentence_segment_close.wav",84.12698444738302,91.1063359639213,84.06386404293382,91.40733452593918
"/home/michaelbennie/OneDrive/Leite,Walter's files - Storiza Corpus Spring 2025/Processed_Utterances/annotated_sentence_segments/uid_4w6SC0KmlKV4YmJTalgWiZalQHi2_sid_YEGwiBRYmGj8UEfBKjEL_1742332995_195798338_sentence_segment_close.wav",0.0,6.842631851373837,0.0,7.01550383047469
"/home/michaelbennie/OneDrive/Leite,Walter's files - Storiza Corpus Spring 2025/Processed_Utterances/annotated_sentence_segments/uid_4w6SC0KmlKV4YmJTalgWiZalQHi2_sid_YEGwiBRYmGj8UEfBKjEL_1742332995_195798339_sentence_segment_close.wav",7.485119341917234,10.682856226776218,7.3017290964962545,10.908634641140312
"/home/michaelbennie/OneDrive/Leite,Walter's files - Storiza Corpus Spring 2025/Processed_Utterances/annotated_sentence_segments/uid_4w6SC0KmlKV4YmJTalgWiZalQHi2_sid_YEGwiBRYmGj8UEfBKjEL_1742332995_195798340_sentence_segment_close.wav",12.036886704609294,16.074299645741668,11.976744186046512,15.61717352415027
"/home/michaelbennie/OneDrive/Leite,Walter's files - Storiza Corpus Spring 2025/Processed_Utterances/annotated_sentence_segments/uid_4w6SC0KmlKV4YmJTalgWiZalQHi2_sid_YEGwiBRYmGj8UEfBKjEL_1742332995_195798341_sentence_segment_close.wav",16.778297922610115,20.081497882905225,15.649970912762749,21.61939565614435
"/home/michaelbennie/OneDrive/Leite,Walter's files - Storiza Corpus Spring 2025/Processed_Utterances/annotated_sentence_segments/uid_4w6SC0KmlKV4YmJTalgWiZalQHi2_sid_YEGwiBRYmGj8UEfBKjEL_1742332995_195798342_sentence_segment_close.wav",22.943283241678643,26.358404830867652,22.924865831842578,26.627906976744185
"/home/michaelbennie/OneDrive/Leite,Walter's files - Storiza Corpus Spring 2025/Processed_Utterances/annotated_sentence_segments/uid_4w6SC0KmlKV4YmJTalgWiZalQHi2_sid_YEGwiBRYmGj8UEfBKjEL_1742332995_195798343_sentence_segment_close.wav",26.817674926704147,40.20044885778894,26.779964221824688,40.27898930124834
"/home/michaelbennie/OneDrive/Leite,Walter's files - Storiza Corpus Spring 2025/Processed_Utterances/annotated_sentence_segments/uid_4w6SC0KmlKV4YmJTalgWiZalQHi2_sid_YEGwiBRYmGj8UEfBKjEL_1742332995_195798344_sentence_segment_close.wav",40.17676653860307,45.40332061034779,40.373514642726,45.66816559467522
"/home/michaelbennie/OneDrive/Leite,Walter's files - Storiza Corpus Spring 2025/Processed_Utterances/annotated_sentence_segments/uid_4w6SC0KmlKV4YmJTalgWiZalQHi2_sid_YEGwiBRYmGj8UEfBKjEL_1742332995_195798345_sentence_segment_close.wav",45.93084438283111,54.71891982402819,45.87488667271079,54.87760652765186
"/home/michaelbennie/OneDrive/Leite,Walter's files - Storiza Corpus Spring 2025/Processed_Utterances/annotated_sentence_segments/uid_4w6SC0KmlKV4YmJTalgWiZalQHi2_sid_YEGwiBRYmGj8UEfBKjEL_1742332995_195798346_sentence_segment_close.wav",55.55317716340432,66.29281931923086,55.53943789664551,66.57298277425204
"/home/michaelbennie/OneDrive/Leite,Walter's files - Storiza Corpus Spring 2025/Processed_Utterances/annotated_sentence_segments/uid_4w6SC0KmlKV4YmJTalgWiZalQHi2_sid_YEGwiBRYmGj8UEfBKjEL_1742332995_195798347_sentence_segment_close.wav",67.07657055241278,75.4032683362911,67.02629193109699,75.6572982774252
"/home/michaelbennie/OneDrive/Leite,Walter's files - Storiza Corpus Spring 2025/Processed_Utterances/annotated_sentence_segments/uid_4w6SC0KmlKV4YmJTalgWiZalQHi2_sid_YEGwiBRYmGj8UEfBKjEL_1742332995_195798348_sentence_segment_close.wav",76.21231460875195,87.6425258710106,76.20731633896193,87.93895731810969
"/home/michaelbennie/OneDrive/Leite,Walter's files - Storiza Corpus Spring 2025/Processed_Utterances/annotated_sentence_segments/uid_4w6SC0KmlKV4YmJTalgWiZalQHi2_sid_YEGwiBRYmGj8UEfBKjEL_1742332995_195798349_sentence_segment_close.wav",89.452821846606,94.37405931892462,89.40163191296465,94.60562103354488
"/home/michaelbennie/OneDrive/Leite,Walter's files - Storiza Corpus Spring 2025/Processed_Utterances/annotated_sentence_segments/uid_H7rAk5StNLc0VysmHcZQZTQFpBx2_sid_hKhEKuriIzZEkkdDTX5X_1742907257_195798350_sentence_segment_close.wav",1.1274926989696985,3.0201507024288317,1.073345259391771,3.050089445438282
"/home/michaelbennie/OneDrive/Leite,Walter's files - Storiza Corpus Spring 2025/Processed_Utterances/annotated_sentence_segments/uid_H7rAk5StNLc0VysmHcZQZTQFpBx2_sid_hKhEKuriIzZEkkdDTX5X_1742907257_195798351_sentence_segment_close.wav",3.234170869487982,7.780921645016055,3.097793770177633,7.963625612753661
"/home/michaelbennie/OneDrive/Leite,Walter's files - Storiza Corpus Spring 2025/Processed_Utterances/annotated_sentence_segments/uid_H7rAk5StNLc0VysmHcZQZTQFpBx2_sid_hKhEKuriIzZEkkdDTX5X_1742907257_195798352_sentence_segment_close.wav",7.999382775539279,10.61156324760813,8.005366726296959,10.65925610097729
"/home/michaelbennie/OneDrive/Leite,Walter's files - Storiza Corpus Spring 2025/Processed_Utterances/annotated_sentence_segments/uid_H7rAk5StNLc0VysmHcZQZTQFpBx2_sid_hKhEKuriIzZEkkdDTX5X_1742907257_195798353_sentence_segment_close.wav",10.677053783391962,12.546421325681736,10.695237170575504,12.576955590060216
"/home/michaelbennie/OneDrive/Leite,Walter's files - Storiza Corpus Spring 2025/Processed_Utterances/annotated_sentence_segments/uid_H7rAk5StNLc0VysmHcZQZTQFpBx2_sid_hKhEKuriIzZEkkdDTX5X_1742907257_195798354_sentence_segment_close.wav",12.564936915798322,15.974652922469733,12.613347328498223,16.140201110965066
"/home/michaelbennie/OneDrive/Leite,Walter's files - Storiza Corpus Spring 2025/Processed_Utterances/annotated_sentence_segments/uid_H7rAk5StNLc0VysmHcZQZTQFpBx2_sid_hKhEKuriIzZEkkdDTX5X_1742907257_195798355_sentence_segment_close.wav",16.592240217853345,19.82757703878073,16.559332504681908,20.07453822918996
"/home/michaelbennie/OneDrive/Leite,Walter's files - Storiza Corpus Spring 2025/Processed_Utterances/annotated_sentence_segments/uid_H7rAk5StNLc0VysmHcZQZTQFpBx2_sid_hKhEKuriIzZEkkdDTX5X_1742907257_195798356_sentence_segment_close.wav",20.245040144764516,22.907974411749294,20.244483470063727,23.09154069081637
"/home/michaelbennie/OneDrive/Leite,Walter's files - Storiza Corpus Spring 2025/Processed_Utterances/annotated_sentence_segments/uid_H7rAk5StNLc0VysmHcZQZTQFpBx2_sid_hKhEKuriIzZEkkdDTX5X_1742907257_195798357_sentence_segment_close.wav",23.32712234393328,25.177862603446986,23.216238506669946,25.424599945815388
"/home/michaelbennie/OneDrive/Leite,Walter's files - Storiza Corpus Spring 2025/Processed_Utterances/annotated_sentence_segments/uid_H7rAk5StNLc0VysmHcZQZTQFpBx2_sid_hKhEKuriIzZEkkdDTX5X_1742907257_195798358_sentence_segment_close.wav",25.71043907008199,31.039727849194165,25.658915456591004,31.22242171777168
"/home/michaelbennie/OneDrive/Leite,Walter's files - Storiza Corpus Spring 2025/Processed_Utterances/annotated_sentence_segments/uid_H7rAk5StNLc0VysmHcZQZTQFpBx2_sid_hKhEKuriIzZEkkdDTX5X_1742907257_195798359_sentence_segment_close.wav",31.045144952877216,39.50862524054181,31.255216922657645,39.94931352373099
"/home/michaelbennie/OneDrive/Leite,Walter's files - Storiza Corpus Spring 2025/Processed_Utterances/annotated_sentence_segments/uid_HGLxgWVfJZWhAsqMf761d40h3eQ2_sid_DmEr4pqsDFri8xozTdsS_1743276724_195798360_sentence_segment_close.wav",0.27247452843412673,9.873068730121373,0.2146690518783542,10.25939177101968
"/home/michaelbennie/OneDrive/Leite,Walter's files - Storiza Corpus Spring 2025/Processed_Utterances/annotated_sentence_segments/uid_HGLxgWVfJZWhAsqMf761d40h3eQ2_sid_DmEr4pqsDFri8xozTdsS_1743276724_195798361_sentence_segment_close.wav",10.698562450325023,38.22985439080445,10.680246503976289,38.837260014459225
"/home/michaelbennie/OneDrive/Leite,Walter's files - Storiza Corpus Spring 2025/Processed_Utterances/annotated_sentence_segments/uid_HGLxgWVfJZWhAsqMf761d40h3eQ2_sid_DmEr4pqsDFri8xozTdsS_1743276724_195798362_sentence_segment_close.wav",41.24023119352883,70.17652589770526,40.80223902088232,73.53650103306938
"/home/michaelbennie/OneDrive/Leite,Walter's files - Storiza Corpus Spring 2025/Processed_Utterances/annotated_sentence_segments/uid_HGLxgWVfJZWhAsqMf761d40h3eQ2_sid_DmEr4pqsDFri8xozTdsS_1743276724_195798363_sentence_segment_close.wav",74.23156100248397,102.78153254159537,73.72144177744671,103.85603962348982
"/home/michaelbennie/OneDrive/Leite,Walter's files - Storiza Corpus Spring 2025/Processed_Utterances/annotated_sentence_segments/uid_HGLxgWVfJZWhAsqMf761d40h3eQ2_sid_DmEr4pqsDFri8xozTdsS_1743276724_195798364_sentence_segment_close.wav",107.72166227759128,126.55437566860877,107.11467270978204,127.35385128603116
"/home/michaelbennie/OneDrive/Leite,Walter's files - Storiza Corpus Spring 2025/Processed_Utterances/annotated_sentence_segments/uid_HGLxgWVfJZWhAsqMf761d40h3eQ2_sid_DmEr4pqsDFri8xozTdsS_1743276724_195798365_sentence_segment_close.wav",132.3849801450444,179.25187722879377,131.7566151489763,179.83866213151927
"/home/michaelbennie/OneDrive/Leite,Walter's files - Storiza Corpus Spring 2025/Processed_Utterances/annotated_sentence_segments/uid_CanxAhhjiePs6niCtdVzPqVIzXt1_sid_bVQ0d0KM1E5YVtD60k0Q_1742072744_195798366_sentence_segment_close.wav",1.1608885641398374,3.4574109248064446,1.073345259391771,3.407871198568873
"/home/michaelbennie/OneDrive/Leite,Walter's files - Storiza Corpus Spring 2025/Processed_Utterances/annotated_sentence_segments/uid_CanxAhhjiePs6niCtdVzPqVIzXt1_sid_bVQ0d0KM1E5YVtD60k0Q_1742072744_195798367_sentence_segment_close.wav",3.476681257906331,9.479455637866353,3.450303126608778,9.43555153470745
"/home/michaelbennie/OneDrive/Leite,Walter's files - Storiza Corpus Spring 2025/Processed_Utterances/annotated_sentence_segments/uid_CanxAhhjiePs6niCtdVzPqVIzXt1_sid_bVQ0d0KM1E5YVtD60k0Q_1742072744_195798368_sentence_segment_close.wav",10.10532407872067,20.70908427845587,10.035522184043856,20.88550983899821
"/home/michaelbennie/OneDrive/Leite,Walter's files - Storiza Corpus Spring 2025/Processed_Utterances/annotated_sentence_segments/uid_CanxAhhjiePs6niCtdVzPqVIzXt1_sid_bVQ0d0KM1E5YVtD60k0Q_1742072744_195798369_sentence_segment_close.wav",21.164965040078243,27.721664147199284,21.141920823317307,28.011330483424643
"/home/michaelbennie/OneDrive/Leite,Walter's files - Storiza Corpus Spring 2025/Processed_Utterances/annotated_sentence_segments/uid_CanxAhhjiePs6niCtdVzPqVIzXt1_sid_bVQ0d0KM1E5YVtD60k0Q_1742072744_195798370_sentence_segment_close.wav",28.68247456066158,33.5412049879629,28.66726296958855,33.85509838998211
"/home/michaelbennie/OneDrive/Leite,Walter's files - Storiza Corpus Spring 2025/Processed_Utterances/annotated_sentence_segments/uid_CanxAhhjiePs6niCtdVzPqVIzXt1_sid_bVQ0d0KM1E5YVtD60k0Q_1742072744_195798371_sentence_segment_close.wav",34.184449993727526,38.43219308461992,34.14728754961426,38.42090394330257
"/home/michaelbennie/OneDrive/Leite,Walter's files - Storiza Corpus Spring 2025/Processed_Utterances/annotated_sentence_segments/uid_CanxAhhjiePs6niCtdVzPqVIzXt1_sid_bVQ0d0KM1E5YVtD60k0Q_1742072744_195798372_sentence_segment_close.wav",38.4299856251479,46.160837077414726,38.44199207420802,46.234347048300535
"/home/michaelbennie/OneDrive/Leite,Walter's files - Storiza Corpus Spring 2025/Processed_Utterances/annotated_sentence_segments/uid_CanxAhhjiePs6niCtdVzPqVIzXt1_sid_bVQ0d0KM1E5YVtD60k0Q_1742072744_195798373_sentence_segment_close.wav",46.22499938168921,51.955299667467365,46.25819770935823,51.94692758413461
"/home/michaelbennie/OneDrive/Leite,Walter's files - Storiza Corpus Spring 2025/Processed_Utterances/annotated_sentence_segments/uid_CanxAhhjiePs6niCtdVzPqVIzXt1_sid_bVQ0d0KM1E5YVtD60k0Q_1742072744_195798374_sentence_segment_close.wav",51.981566660562265,56.991791532206804,51.95885509838998,57.28085867620751
"/home/michaelbennie/OneDrive/Leite,Walter's files - Storiza Corpus Spring 2025/Processed_Utterances/annotated_sentence_segments/uid_CanxAhhjiePs6niCtdVzPqVIzXt1_sid_bVQ0d0KM1E5YVtD60k0Q_1742072744_195798375_sentence_segment_close.wav",57.889840093295724,68.05663755139477,57.83418125986232,68.50502204698218
"/home/michaelbennie/OneDrive/Leite,Walter's files - Storiza Corpus Spring 2025/Processed_Utterances/annotated_sentence_segments/uid_gUfM3yODstSdwltidtEzSlIo0q93_sid_cUohhv5ng1lLHzPTf1Oq_1743206693_195798376_sentence_segment_close.wav",1.7224061618993105,5.848255829610319,1.6785927705986554,6.079308334104917
"/home/michaelbennie/OneDrive/Leite,Walter's files - Storiza Corpus Spring 2025/Processed_Utterances/annotated_sentence_segments/uid_gUfM3yODstSdwltidtEzSlIo0q93_sid_cUohhv5ng1lLHzPTf1Oq_1743206693_195798377_sentence_segment_close.wav",6.487245796574143,14.544787733723293,6.46392330927158,14.594513649164243
"/home/michaelbennie/OneDrive/Leite,Walter's files - Storiza Corpus Spring 2025/Processed_Utterances/annotated_sentence_segments/uid_gUfM3yODstSdwltidtEzSlIo0q93_sid_cUohhv5ng1lLHzPTf1Oq_1743206693_195798378_sentence_segment_close.wav",14.666673394775119,25.76096218117251,14.672032665054786,26.103159677577143
"/home/michaelbennie/OneDrive/Leite,Walter's files - Storiza Corpus Spring 2025/Processed_Utterances/annotated_sentence_segments/uid_gUfM3yODstSdwltidtEzSlIo0q93_sid_cUohhv5ng1lLHzPTf1Oq_1743206693_195798379_sentence_segment_close.wav",29.254024721403592,49.02366231363216,29.32075760179741,49.05187835420394
"/home/michaelbennie/OneDrive/Leite,Walter's files - Storiza Corpus Spring 2025/Processed_Utterances/annotated_sentence_segments/uid_gUfM3yODstSdwltidtEzSlIo0q93_sid_cUohhv5ng1lLHzPTf1Oq_1743206693_195798380_sentence_segment_close.wav",49.50480116024808,76.6808535141933,49.42374042032962,76.786671497709
"/home/michaelbennie/OneDrive/Leite,Walter's files - Storiza Corpus Spring 2025/Processed_Utterances/annotated_sentence_segments/uid_gUfM3yODstSdwltidtEzSlIo0q93_sid_cUohhv5ng1lLHzPTf1Oq_1743206693_195798381_sentence_segment_close.wav",79.63113892657523,101.78635664102035,79.58813256238088,102.14476912779936
"/home/michaelbennie/OneDrive/Leite,Walter's files - Storiza Corpus Spring 2025/Processed_Utterances/annotated_sentence_segments/uid_gUfM3yODstSdwltidtEzSlIo0q93_sid_cUohhv5ng1lLHzPTf1Oq_1743206693_195798382_sentence_segment_close.wav",108.48637051662138,134.6767366341092,108.25941075507146,134.92210173074344
"/home/michaelbennie/OneDrive/Leite,Walter's files - Storiza Corpus Spring 2025/Processed_Utterances/annotated_sentence_segments/uid_8AhIEcEU81Sn83Fyb0gnFvpiNij2_sid_5MQZoq9AQEsDcN4s2Te5_1742342125_195798383_sentence_segment_close.wav",2.4046715092550617,8.646705795493428,2.3822302639164525,8.858079995580137
"/home/michaelbennie/OneDrive/Leite,Walter's files - Storiza Corpus Spring 2025/Processed_Utterances/annotated_sentence_segments/uid_8AhIEcEU81Sn83Fyb0gnFvpiNij2_sid_5MQZoq9AQEsDcN4s2Te5_1742342125_195798384_sentence_segment_close.wav",9.100890342105176,14.367043248203641,9.087656529516996,14.481216457960643
"/home/michaelbennie/OneDrive/Leite,Walter's files - Storiza Corpus Spring 2025/Processed_Utterances/annotated_sentence_segments/uid_8AhIEcEU81Sn83Fyb0gnFvpiNij2_sid_5MQZoq9AQEsDcN4s2Te5_1742342125_195798385_sentence_segment_close.wav",14.682062862771705,28.400611832698104,14.618367397867384,28.598689401445203
"/home/michaelbennie/OneDrive/Leite,Walter's files - Storiza Corpus Spring 2025/Processed_Utterances/annotated_sentence_segments/uid_8AhIEcEU81Sn83Fyb0gnFvpiNij2_sid_5MQZoq9AQEsDcN4s2Te5_1742342125_195798386_sentence_segment_close.wav",31.539376684485052,45.107929369807565,31.52951699463328,45.16100178890877
"/home/michaelbennie/OneDrive/Leite,Walter's files - Storiza Corpus Spring 2025/Processed_Utterances/annotated_sentence_segments/uid_8AhIEcEU81Sn83Fyb0gnFvpiNij2_sid_5MQZoq9AQEsDcN4s2Te5_1742342125_195798387_sentence_segment_close.wav",46.31825193568548,63.86197181016314,46.29695885509839,63.79248658318426
"/home/michaelbennie/OneDrive/Leite,Walter's files - Storiza Corpus Spring 2025/Processed_Utterances/annotated_sentence_segments/uid_8AhIEcEU81Sn83Fyb0gnFvpiNij2_sid_5MQZoq9AQEsDcN4s2Te5_1742342125_195798388_sentence_segment_close.wav",65.29917584371054,89.06223110653256,64.84397437850907,89.15026833631485
"/home/michaelbennie/OneDrive/Leite,Walter's files - Storiza Corpus Spring 2025/Processed_Utterances/annotated_sentence_segments/uid_8AhIEcEU81Sn83Fyb0gnFvpiNij2_sid_5MQZoq9AQEsDcN4s2Te5_1742342125_195798389_sentence_segment_close.wav",93.6251518102606,132.4943161108996,93.65023757065173,132.44717184543725
"/home/michaelbennie/OneDrive/Leite,Walter's files - Storiza Corpus Spring 2025/Processed_Utterances/annotated_sentence_segments/uid_FUCVnaPJeyV5kzao6jmObtdzLUE2_sid_uEGWjuJKqljXyeCQVcjs_1742905123_195798390_sentence_segment_close.wav",1.5682205897300336,3.7192702335752066,1.48479427549195,3.89087656529517
"/home/michaelbennie/OneDrive/Leite,Walter's files - Storiza Corpus Spring 2025/Processed_Utterances/annotated_sentence_segments/uid_FUCVnaPJeyV5kzao6jmObtdzLUE2_sid_uEGWjuJKqljXyeCQVcjs_1742905123_195798391_sentence_segment_close.wav",4.05154166185232,10.326023241305583,4.045915415973698,10.316040639587294
"/home/michaelbennie/OneDrive/Leite,Walter's files - Storiza Corpus Spring 2025/Processed_Utterances/annotated_sentence_segments/uid_FUCVnaPJeyV5kzao6jmObtdzLUE2_sid_uEGWjuJKqljXyeCQVcjs_1742905123_195798392_sentence_segment_close.wav",19.717605359709058,28.585483999630693,19.68992175271132,28.786522826056576
"/home/michaelbennie/OneDrive/Leite,Walter's files - Storiza Corpus Spring 2025/Processed_Utterances/annotated_sentence_segments/uid_FUCVnaPJeyV5kzao6jmObtdzLUE2_sid_uEGWjuJKqljXyeCQVcjs_1742905123_195798393_sentence_segment_close.wav",29.334492153341493,34.75402386728495,29.296361824267667,35.06559259349844
"/home/michaelbennie/OneDrive/Leite,Walter's files - Storiza Corpus Spring 2025/Processed_Utterances/annotated_sentence_segments/uid_FUCVnaPJeyV5kzao6jmObtdzLUE2_sid_uEGWjuJKqljXyeCQVcjs_1742905123_195798394_sentence_segment_close.wav",36.855047848561064,40.55373131044908,36.80679785330948,40.93023255813954
"/home/michaelbennie/OneDrive/Leite,Walter's files - Storiza Corpus Spring 2025/Processed_Utterances/annotated_sentence_segments/uid_FUCVnaPJeyV5kzao6jmObtdzLUE2_sid_uEGWjuJKqljXyeCQVcjs_1742905123_195798395_sentence_segment_close.wav",40.88686926344262,55.133420558139534,40.93023255813954,54.123434704830046
"/home/michaelbennie/OneDrive/Leite,Walter's files - Storiza Corpus Spring 2025/Processed_Utterances/annotated_sentence_segments/uid_22lbfrTq0OP1g1mwv7RZwXUl6eW2_sid_qg1jtaFG5XEfPNYgcLP8_1742503280_195798396_sentence_segment_close.wav",0.24641696713858563,6.229660166055926,0.2355394721670949,6.416219257498043
"/home/michaelbennie/OneDrive/Leite,Walter's files - Storiza Corpus Spring 2025/Processed_Utterances/annotated_sentence_segments/uid_22lbfrTq0OP1g1mwv7RZwXUl6eW2_sid_qg1jtaFG5XEfPNYgcLP8_1742503280_195798397_sentence_segment_close.wav",7.300689049423268,11.345053640738762,6.899224624224341,11.505664695780691
"/home/michaelbennie/OneDrive/Leite,Walter's files - Storiza Corpus Spring 2025/Processed_Utterances/annotated_sentence_segments/uid_22lbfrTq0OP1g1mwv7RZwXUl6eW2_sid_qg1jtaFG5XEfPNYgcLP8_1742503280_195798398_sentence_segment_close.wav",11.704727459977883,16.160953054071403,11.696481448806464,16.5354796598977
"/home/michaelbennie/OneDrive/Leite,Walter's files - Storiza Corpus Spring 2025/Processed_Utterances/annotated_sentence_segments/uid_22lbfrTq0OP1g1mwv7RZwXUl6eW2_sid_qg1jtaFG5XEfPNYgcLP8_1742503280_195798399_sentence_segment_close.wav",17.34345662681955,22.572023050932216,17.316636851520574,22.692307692307693
"/home/michaelbennie/OneDrive/Leite,Walter's files - Storiza Corpus Spring 2025/Processed_Utterances/annotated_sentence_segments/uid_22lbfrTq0OP1g1mwv7RZwXUl6eW2_sid_qg1jtaFG5XEfPNYgcLP8_1742503280_195798400_sentence_segment_close.wav",22.571822999032566,25.470308534098407,22.71645278335266,25.58737513561333
"/home/michaelbennie/OneDrive/Leite,Walter's files - Storiza Corpus Spring 2025/Processed_Utterances/annotated_sentence_segments/uid_22lbfrTq0OP1g1mwv7RZwXUl6eW2_sid_qg1jtaFG5XEfPNYgcLP8_1742503280_195798401_sentence_segment_close.wav",25.74912885818959,26.696520777199662,25.760286225402503,26.679088290202923
"/home/michaelbennie/OneDrive/Leite,Walter's files - Storiza Corpus Spring 2025/Processed_Utterances/annotated_sentence_segments/uid_22lbfrTq0OP1g1mwv7RZwXUl6eW2_sid_qg1jtaFG5XEfPNYgcLP8_1742503280_195798402_sentence_segment_close.wav",27.909025485481486,29.407924649314054,27.874179355573567,29.40961063531763
"/home/michaelbennie/OneDrive/Leite,Walter's files - Storiza Corpus Spring 2025/Processed_Utterances/annotated_sentence_segments/uid_22lbfrTq0OP1g1mwv7RZwXUl6eW2_sid_qg1jtaFG5XEfPNYgcLP8_1742503280_195798403_sentence_segment_close.wav",29.41768140823683,31.82825822152089,29.44293140823683,31.804420963186875
"/home/michaelbennie/OneDrive/Leite,Walter's files - Storiza Corpus Spring 2025/Processed_Utterances/annotated_sentence_segments/uid_22lbfrTq0OP1g1mwv7RZwXUl6eW2_sid_qg1jtaFG5XEfPNYgcLP8_1742503280_195798404_sentence_segment_close.wav",31.97098279273986,39.28651440860948,31.96779964221825,39.2174052211439
"/home/michaelbennie/OneDrive/Leite,Walter's files - Storiza Corpus Spring 2025/Processed_Utterances/annotated_sentence_segments/uid_22lbfrTq0OP1g1mwv7RZwXUl6eW2_sid_qg1jtaFG5XEfPNYgcLP8_1742503280_195798405_sentence_segment_close.wav",40.54059937241562,41.242146913399225,40.50089445438283,41.251384660796624
"/home/michaelbennie/OneDrive/Leite,Walter's files - Storiza Corpus Spring 2025/Processed_Utterances/annotated_sentence_segments/uid_22lbfrTq0OP1g1mwv7RZwXUl6eW2_sid_qg1jtaFG5XEfPNYgcLP8_1742503280_195798406_sentence_segment_close.wav",41.19484717121928,45.83748956978281,41.26714225318649,45.83683739128668
"/home/michaelbennie/OneDrive/Leite,Walter's files - Storiza Corpus Spring 2025/Processed_Utterances/annotated_sentence_segments/uid_22lbfrTq0OP1g1mwv7RZwXUl6eW2_sid_qg1jtaFG5XEfPNYgcLP8_1742503280_195798407_sentence_segment_close.wav",45.86217285074593,49.88637748853475,45.90041595622764,49.93012386528413
"/home/michaelbennie/OneDrive/Leite,Walter's files - Storiza Corpus Spring 2025/Processed_Utterances/annotated_sentence_segments/uid_22lbfrTq0OP1g1mwv7RZwXUl6eW2_sid_qg1jtaFG5XEfPNYgcLP8_1742503280_195798408_sentence_segment_close.wav",52.027585111144184,54.12695919605957,51.994633273703045,54.04058596917098
"/home/michaelbennie/OneDrive/Leite,Walter's files - Storiza Corpus Spring 2025/Processed_Utterances/annotated_sentence_segments/uid_22lbfrTq0OP1g1mwv7RZwXUl6eW2_sid_qg1jtaFG5XEfPNYgcLP8_1742503280_195798409_sentence_segment_close.wav",54.2004603873158,59.04225940182628,54.19731186642079,59.21091114112614
"/home/michaelbennie/OneDrive/Leite,Walter's files - Storiza Corpus Spring 2025/Processed_Utterances/annotated_sentence_segments/uid_u2hytH2KWIS6ewdShfEZisygqIo2_sid_RxGwyd4cqfpuxwAp2VR4_1741140582_195798410_sentence_segment_close.wav",1.6358852867830425,10.042494521272575,0.3069197227124467,10.456655407403082
"/home/michaelbennie/OneDrive/Leite,Walter's files - Storiza Corpus Spring 2025/Processed_Utterances/annotated_sentence_segments/uid_u2hytH2KWIS6ewdShfEZisygqIo2_sid_RxGwyd4cqfpuxwAp2VR4_1741140582_195798411_sentence_segment_close.wav",12.209602433894704,18.323206712195592,12.167561485003912,18.616577585182803
"/home/michaelbennie/OneDrive/Leite,Walter's files - Storiza Corpus Spring 2025/Processed_Utterances/annotated_sentence_segments/uid_u2hytH2KWIS6ewdShfEZisygqIo2_sid_RxGwyd4cqfpuxwAp2VR4_1741140582_195798412_sentence_segment_close.wav",19.959848146205747,31.309665915785867,19.789520277353287,31.329756243710857
"/home/michaelbennie/OneDrive/Leite,Walter's files - Storiza Corpus Spring 2025/Processed_Utterances/annotated_sentence_segments/uid_u2hytH2KWIS6ewdShfEZisygqIo2_sid_RxGwyd4cqfpuxwAp2VR4_1741140582_195798413_sentence_segment_close.wav",42.3677583453527,53.36201478652449,42.37924865831842,53.148479427549184
"/home/michaelbennie/OneDrive/Leite,Walter's files - Storiza Corpus Spring 2025/Processed_Utterances/annotated_sentence_segments/uid_u2hytH2KWIS6ewdShfEZisygqIo2_sid_RxGwyd4cqfpuxwAp2VR4_1741140582_195798414_sentence_segment_close.wav",55.65540563261874,68.81622477094841,55.76923076923076,68.94454382826474
"/home/michaelbennie/OneDrive/Leite,Walter's files - Storiza Corpus Spring 2025/Processed_Utterances/annotated_sentence_segments/uid_u2hytH2KWIS6ewdShfEZisygqIo2_sid_RxGwyd4cqfpuxwAp2VR4_1741140582_195798415_sentence_segment_close.wav",69.95640455904025,78.5798958308607,69.99383598048664,78.5509838998211
"/home/michaelbennie/OneDrive/Leite,Walter's files - Storiza Corpus Spring 2025/Processed_Utterances/annotated_sentence_segments/uid_u2hytH2KWIS6ewdShfEZisygqIo2_sid_RxGwyd4cqfpuxwAp2VR4_1741140582_195798416_sentence_segment_close.wav",80.61524586648282,85.47000992424131,80.5217621450134,85.52176214501341
"/home/michaelbennie/OneDrive/Leite,Walter's files - Storiza Corpus Spring 2025/Processed_Utterances/annotated_sentence_segments/uid_u2hytH2KWIS6ewdShfEZisygqIo2_sid_RxGwyd4cqfpuxwAp2VR4_1741140582_195798417_sentence_segment_close.wav",89.95495355702022,100.35574747210964,89.93440959022809,100.35480315015651
"/home/michaelbennie/OneDrive/Leite,Walter's files - Storiza Corpus Spring 2025/Processed_Utterances/annotated_sentence_segments/uid_u2hytH2KWIS6ewdShfEZisygqIo2_sid_JWzwJL0aqbRtvTCiTdCm_1743194311_195798418_sentence_segment_close.wav",2.0950642353842968,16.952969472292025,1.8332437865064912,17.467303611122457
"/home/michaelbennie/OneDrive/Leite,Walter's files - Storiza Corpus Spring 2025/Processed_Utterances/annotated_sentence_segments/uid_u2hytH2KWIS6ewdShfEZisygqIo2_sid_JWzwJL0aqbRtvTCiTdCm_1743194311_195798419_sentence_segment_close.wav",18.270618885969018,24.722895017748765,18.10232275728126,24.793195978585704
"/home/michaelbennie/OneDrive/Leite,Walter's files - Storiza Corpus Spring 2025/Processed_Utterances/annotated_sentence_segments/uid_u2hytH2KWIS6ewdShfEZisygqIo2_sid_JWzwJL0aqbRtvTCiTdCm_1743194311_195798420_sentence_segment_close.wav",37.918900168138805,55.69850930872285,37.99993841950492,55.6320332602985
"/home/michaelbennie/OneDrive/Leite,Walter's files - Storiza Corpus Spring 2025/Processed_Utterances/annotated_sentence_segments/uid_u2hytH2KWIS6ewdShfEZisygqIo2_sid_JWzwJL0aqbRtvTCiTdCm_1743194311_195798421_sentence_segment_close.wav",55.65457877156909,63.18814730487245,55.65765425912812,63.19362802611078
"/home/michaelbennie/OneDrive/Leite,Walter's files - Storiza Corpus Spring 2025/Processed_Utterances/annotated_sentence_segments/uid_u2hytH2KWIS6ewdShfEZisygqIo2_sid_JWzwJL0aqbRtvTCiTdCm_1743194311_195798422_sentence_segment_close.wav",64.26756214405455,71.57085342531467,64.26880261527664,71.55427540414057
"/home/michaelbennie/OneDrive/Leite,Walter's files - Storiza Corpus Spring 2025/Processed_Utterances/annotated_sentence_segments/uid_u2hytH2KWIS6ewdShfEZisygqIo2_sid_JWzwJL0aqbRtvTCiTdCm_1743194311_195798423_sentence_segment_close.wav",71.64232447811949,88.34374684764549,71.6380333607693,88.36905255681702
"/home/michaelbennie/OneDrive/Leite,Walter's files - Storiza Corpus Spring 2025/Processed_Utterances/annotated_sentence_segments/uid_ZegJLYO9QiacSJTQWx7CWauRcQr1_sid_IP7PfaQTWmDEPd4AN0QI_1742611439_195798424_sentence_segment_close.wav",3.142580352965834,10.025560213279363,3.120138288677615,10.052991225147952
"/home/michaelbennie/OneDrive/Leite,Walter's files - Storiza Corpus Spring 2025/Processed_Utterances/annotated_sentence_segments/uid_ZegJLYO9QiacSJTQWx7CWauRcQr1_sid_IP7PfaQTWmDEPd4AN0QI_1742611439_195798425_sentence_segment_close.wav",10.528457604905416,19.255152905082063,10.524893180992912,19.262240719741005
"/home/michaelbennie/OneDrive/Leite,Walter's files - Storiza Corpus Spring 2025/Processed_Utterances/annotated_sentence_segments/uid_ZegJLYO9QiacSJTQWx7CWauRcQr1_sid_IP7PfaQTWmDEPd4AN0QI_1742611439_195798426_sentence_segment_close.wav",19.361650622969687,25.798425816330237,19.54582112334924,25.83584642730044
"/home/michaelbennie/OneDrive/Leite,Walter's files - Storiza Corpus Spring 2025/Processed_Utterances/annotated_sentence_segments/uid_ZegJLYO9QiacSJTQWx7CWauRcQr1_sid_IP7PfaQTWmDEPd4AN0QI_1742611439_195798427_sentence_segment_close.wav",25.92072309877285,32.217831108464914,25.89457237639108,33.812258782840885
"/home/michaelbennie/OneDrive/Leite,Walter's files - Storiza Corpus Spring 2025/Processed_Utterances/annotated_sentence_segments/uid_ZegJLYO9QiacSJTQWx7CWauRcQr1_sid_IP7PfaQTWmDEPd4AN0QI_1742611439_195798428_sentence_segment_close.wav",34.06423821066381,44.63090693231268,34.08723907148825,44.6079134916852
"/home/michaelbennie/OneDrive/Leite,Walter's files - Storiza Corpus Spring 2025/Processed_Utterances/annotated_sentence_segments/uid_ZegJLYO9QiacSJTQWx7CWauRcQr1_sid_IP7PfaQTWmDEPd4AN0QI_1742611439_195798429_sentence_segment_close.wav",44.648161873534065,50.15924787054128,44.65156115654987,50.37972197460687
"/home/michaelbennie/OneDrive/Leite,Walter's files - Storiza Corpus Spring 2025/Processed_Utterances/annotated_sentence_segments/uid_ZegJLYO9QiacSJTQWx7CWauRcQr1_sid_IP7PfaQTWmDEPd4AN0QI_1742611439_195798430_sentence_segment_close.wav",50.38680558992437,60.364436954926106,50.4805084007489,60.39963863972014
"/home/michaelbennie/OneDrive/Leite,Walter's files - Storiza Corpus Spring 2025/Processed_Utterances/annotated_sentence_segments/uid_EOwDjm2STZfXSXQJzWXadFRGRzn1_sid_WEYdsWeS5fhAJrS4XVw0_1743029787_195798431_sentence_segment_close.wav",1.1878318577966203,10.45232038688215,1.1288357061630174,10.649146855687652
"/home/michaelbennie/OneDrive/Leite,Walter's files - Storiza Corpus Spring 2025/Processed_Utterances/annotated_sentence_segments/uid_EOwDjm2STZfXSXQJzWXadFRGRzn1_sid_WEYdsWeS5fhAJrS4XVw0_1743029787_195798432_sentence_segment_close.wav",11.222540174364593,19.986694271492354,11.198308564750608,19.959923876057587
"/home/michaelbennie/OneDrive/Leite,Walter's files - Storiza Corpus Spring 2025/Processed_Utterances/annotated_sentence_segments/uid_EOwDjm2STZfXSXQJzWXadFRGRzn1_sid_WEYdsWeS5fhAJrS4XVw0_1743029787_195798433_sentence_segment_close.wav",21.717955567256436,44.565524988835136,21.69372395764245,44.65193267735002
"/home/michaelbennie/OneDrive/Leite,Walter's files - Storiza Corpus Spring 2025/Processed_Utterances/annotated_sentence_segments/uid_EOwDjm2STZfXSXQJzWXadFRGRzn1_sid_WEYdsWeS5fhAJrS4XVw0_1743029787_195798434_sentence_segment_close.wav",44.49257897078062,49.294158503998005,44.66123854475269,49.81295930956068
"/home/michaelbennie/OneDrive/Leite,Walter's files - Storiza Corpus Spring 2025/Processed_Utterances/annotated_sentence_segments/uid_EOwDjm2STZfXSXQJzWXadFRGRzn1_sid_WEYdsWeS5fhAJrS4XVw0_1743029787_195798435_sentence_segment_close.wav",49.95933913875763,74.13689731523299,50.08316221408352,80.47029184298067
"/home/michaelbennie/OneDrive/Leite,Walter's files - Storiza Corpus Spring 2025/Processed_Utterances/annotated_sentence_segments/uid_EOwDjm2STZfXSXQJzWXadFRGRzn1_sid_WEYdsWeS5fhAJrS4XVw0_1743029787_195798436_sentence_segment_close.wav",80.52842277123524,89.12747779953568,80.54635927917175,89.13473505102955
"/home/michaelbennie/OneDrive/Leite,Walter's files - Storiza Corpus Spring 2025/Processed_Utterances/annotated_sentence_segments/uid_EOwDjm2STZfXSXQJzWXadFRGRzn1_sid_WEYdsWeS5fhAJrS4XVw0_1743029787_195798437_sentence_segment_close.wav",89.99723304916934,115.13372063606116,90.0892002622841,115.0157746503227
"/home/michaelbennie/OneDrive/Leite,Walter's files - Storiza Corpus Spring 2025/Processed_Utterances/annotated_sentence_segments/uid_EfKQNmht2ebtDnNadrezErlhcDF3_sid_WbzHVYfLznidwbd3NQZn_1743544365_195798438_sentence_segment_close.wav",1.5559011555980626,4.456101819999564,1.5384615384615383,4.477095937770095
"/home/michaelbennie/OneDrive/Leite,Walter's files - Storiza Corpus Spring 2025/Processed_Utterances/annotated_sentence_segments/uid_EfKQNmht2ebtDnNadrezErlhcDF3_sid_WbzHVYfLznidwbd3NQZn_1743544365_195798439_sentence_segment_close.wav",4.744309952032377,8.733135199155367,4.635802453827162,8.777119312579424
"/home/michaelbennie/OneDrive/Leite,Walter's files - Storiza Corpus Spring 2025/Processed_Utterances/annotated_sentence_segments/uid_EfKQNmht2ebtDnNadrezErlhcDF3_sid_WbzHVYfLznidwbd3NQZn_1743544365_195798440_sentence_segment_close.wav",9.206872695749665,14.448566388617216,8.81462312354258,14.49479769614947
"/home/michaelbennie/OneDrive/Leite,Walter's files - Storiza Corpus Spring 2025/Processed_Utterances/annotated_sentence_segments/uid_EfKQNmht2ebtDnNadrezErlhcDF3_sid_WbzHVYfLznidwbd3NQZn_1743544365_195798441_sentence_segment_close.wav",14.675843898596273,18.498311264567285,14.664429611361273,18.730606402467657
"/home/michaelbennie/OneDrive/Leite,Walter's files - Storiza Corpus Spring 2025/Processed_Utterances/annotated_sentence_segments/uid_EfKQNmht2ebtDnNadrezErlhcDF3_sid_WbzHVYfLznidwbd3NQZn_1743544365_195798442_sentence_segment_close.wav",18.77629210868002,20.935913545088997,18.77426167476481,20.986960333483434
"/home/michaelbennie/OneDrive/Leite,Walter's files - Storiza Corpus Spring 2025/Processed_Utterances/annotated_sentence_segments/uid_EfKQNmht2ebtDnNadrezErlhcDF3_sid_WbzHVYfLznidwbd3NQZn_1743544365_195798443_sentence_segment_close.wav",21.76014561450079,22.703529365203607,21.7964538112221,23.07617693627583
"/home/michaelbennie/OneDrive/Leite,Walter's files - Storiza Corpus Spring 2025/Processed_Utterances/annotated_sentence_segments/uid_EfKQNmht2ebtDnNadrezErlhcDF3_sid_WbzHVYfLznidwbd3NQZn_1743544365_195798444_sentence_segment_close.wav",23.374975035985667,24.862736628913346,23.351828798495003,25.07059923350868
"/home/michaelbennie/OneDrive/Leite,Walter's files - Storiza Corpus Spring 2025/Processed_Utterances/annotated_sentence_segments/uid_EfKQNmht2ebtDnNadrezErlhcDF3_sid_WbzHVYfLznidwbd3NQZn_1743544365_195798445_sentence_segment_close.wav",25.043605384283737,27.347310417639143,25.241478442214685,27.558949754446484
"/home/michaelbennie/OneDrive/Leite,Walter's files - Storiza Corpus Spring 2025/Processed_Utterances/annotated_sentence_segments/uid_EfKQNmht2ebtDnNadrezErlhcDF3_sid_WbzHVYfLznidwbd3NQZn_1743544365_195798446_sentence_segment_close.wav",28.44338433755424,31.455940895829574,28.437044374366387,31.43304334744538
"/home/michaelbennie/OneDrive/Leite,Walter's files - Storiza Corpus Spring 2025/Processed_Utterances/annotated_sentence_segments/uid_EfKQNmht2ebtDnNadrezErlhcDF3_sid_WbzHVYfLznidwbd3NQZn_1743544365_195798447_sentence_segment_close.wav",31.68831487305884,35.17764586465726,31.97312143043589,35.12877397077306
"/home/michaelbennie/OneDrive/Leite,Walter's files - Storiza Corpus Spring 2025/Processed_Utterances/annotated_sentence_segments/uid_EfKQNmht2ebtDnNadrezErlhcDF3_sid_WbzHVYfLznidwbd3NQZn_1743544365_195798448_sentence_segment_close.wav",35.46266205681893,39.776092790199655,35.46304907092496,39.83107088762881
"/home/michaelbennie/OneDrive/Leite,Walter's files - Storiza Corpus Spring 2025/Processed_Utterances/annotated_sentence_segments/uid_EfKQNmht2ebtDnNadrezErlhcDF3_sid_WbzHVYfLznidwbd3NQZn_1743544365_195798449_sentence_segment_close.wav",40.64890246431436,46.589992215459944,40.56198443152748,46.68370090108273
"/home/michaelbennie/OneDrive/Leite,Walter's files - Storiza Corpus Spring 2025/Processed_Utterances/annotated_sentence_segments/uid_EfKQNmht2ebtDnNadrezErlhcDF3_sid_WbzHVYfLznidwbd3NQZn_1743544365_195798450_sentence_segment_close.wav",47.35369216518654,50.998789761329235,47.32356246360959,51.337352927959394
"/home/michaelbennie/OneDrive/Leite,Walter's files - Storiza Corpus Spring 2025/Processed_Utterances/annotated_sentence_segments/uid_EfKQNmht2ebtDnNadrezErlhcDF3_sid_WbzHVYfLznidwbd3NQZn_1743544365_195798451_sentence_segment_close.wav",52.169070640497104,55.818935621449285,52.09820195942408,56.07706820593616
"/home/michaelbennie/OneDrive/Leite,Walter's files - Storiza Corpus Spring 2025/Processed_Utterances/annotated_sentence_segments/uid_4w6SC0KmlKV4YmJTalgWiZalQHi2_sid_NgaO9D2P5AKhZ1oZBupY_1742421508_195798452_sentence_segment_close.wav",1.7016495550358146,11.825518520730869,1.6975401210557035,11.844858140393972
"/home/michaelbennie/OneDrive/Leite,Walter's files - Storiza Corpus Spring 2025/Processed_Utterances/annotated_sentence_segments/uid_4w6SC0KmlKV4YmJTalgWiZalQHi2_sid_NgaO9D2P5AKhZ1oZBupY_1742421508_195798453_sentence_segment_close.wav",12.352356730552017,28.396114586477772,12.345837059129988,28.39110964053526
"/home/michaelbennie/OneDrive/Leite,Walter's files - Storiza Corpus Spring 2025/Processed_Utterances/annotated_sentence_segments/uid_4w6SC0KmlKV4YmJTalgWiZalQHi2_sid_NgaO9D2P5AKhZ1oZBupY_1742421508_195798454_sentence_segment_close.wav",28.469509559119516,33.04047779696082,28.47037666324398,33.78133102852204
"/home/michaelbennie/OneDrive/Leite,Walter's files - Storiza Corpus Spring 2025/Processed_Utterances/annotated_sentence_segments/uid_4w6SC0KmlKV4YmJTalgWiZalQHi2_sid_NgaO9D2P5AKhZ1oZBupY_1742421508_195798455_sentence_segment_close.wav",33.914127456413695,40.885110081260194,33.89801210025929,41.16681071737252
"/home/michaelbennie/OneDrive/Leite,Walter's files - Storiza Corpus Spring 2025/Processed_Utterances/annotated_sentence_segments/uid_4w6SC0KmlKV4YmJTalgWiZalQHi2_sid_NgaO9D2P5AKhZ1oZBupY_1742421508_195798456_sentence_segment_close.wav",41.496134164357706,53.67750963676204,41.33102852203976,53.75108038029386
"/home/michaelbennie/OneDrive/Leite,Walter's files - Storiza Corpus Spring 2025/Processed_Utterances/annotated_sentence_segments/uid_4w6SC0KmlKV4YmJTalgWiZalQHi2_sid_NgaO9D2P5AKhZ1oZBupY_1742421508_195798457_sentence_segment_close.wav",54.261079578611024,66.06927195089429,54.36041486603285,66.1408815903198
"/home/michaelbennie/OneDrive/Leite,Walter's files - Storiza Corpus Spring 2025/Processed_Utterances/annotated_sentence_segments/uid_4w6SC0KmlKV4YmJTalgWiZalQHi2_sid_NgaO9D2P5AKhZ1oZBupY_1742421508_195798458_sentence_segment_close.wav",66.84256650741607,77.47348558790026,66.71564390665515,77.54537597234227
"/home/michaelbennie/OneDrive/Leite,Walter's files - Storiza Corpus Spring 2025/Processed_Utterances/annotated_sentence_segments/uid_4w6SC0KmlKV4YmJTalgWiZalQHi2_sid_NgaO9D2P5AKhZ1oZBupY_1742421508_195798459_sentence_segment_close.wav",78.25252187300514,87.15974589455487,78.14174589455487,87.0181503889369
"/home/michaelbennie/OneDrive/Leite,Walter's files - Storiza Corpus Spring 2025/Processed_Utterances/annotated_sentence_segments/uid_ECPqsmdUcMhqkJwXAfhhs3XTgoa2_sid_ad4vlPTbFapt9rOhL5sG_1742508027_195798460_sentence_segment_close.wav",0.8965076882738529,6.004409317744407,0.8842292309654479,6.408556616806722
"/home/michaelbennie/OneDrive/Leite,Walter's files - Storiza Corpus Spring 2025/Processed_Utterances/annotated_sentence_segments/uid_ECPqsmdUcMhqkJwXAfhhs3XTgoa2_sid_ad4vlPTbFapt9rOhL5sG_1742508027_195798461_sentence_segment_close.wav",6.505623494856858,10.03578371802869,6.488558309132167,10.084423848391657
"/home/michaelbennie/OneDrive/Leite,Walter's files - Storiza Corpus Spring 2025/Processed_Utterances/annotated_sentence_segments/uid_ECPqsmdUcMhqkJwXAfhhs3XTgoa2_sid_ad4vlPTbFapt9rOhL5sG_1742508027_195798462_sentence_segment_close.wav",12.21390753994238,17.55159441502407,12.22762707963648,17.743533234706653
"/home/michaelbennie/OneDrive/Leite,Walter's files - Storiza Corpus Spring 2025/Processed_Utterances/annotated_sentence_segments/uid_ECPqsmdUcMhqkJwXAfhhs3XTgoa2_sid_ad4vlPTbFapt9rOhL5sG_1742508027_195798463_sentence_segment_close.wav",17.78795521888853,21.231936932223768,17.764586311634403,21.92467431255756
"/home/michaelbennie/OneDrive/Leite,Walter's files - Storiza Corpus Spring 2025/Processed_Utterances/annotated_sentence_segments/uid_ECPqsmdUcMhqkJwXAfhhs3XTgoa2_sid_ad4vlPTbFapt9rOhL5sG_1742508027_195798464_sentence_segment_close.wav",26.77267166340331,30.06381432545721,26.78372446748197,30.40485369905476
"/home/michaelbennie/OneDrive/Leite,Walter's files - Storiza Corpus Spring 2025/Processed_Utterances/annotated_sentence_segments/uid_ECPqsmdUcMhqkJwXAfhhs3XTgoa2_sid_ad4vlPTbFapt9rOhL5sG_1742508027_195798465_sentence_segment_close.wav",30.490105512436664,37.9116207804245,30.47222354522355,38.127122316153
"/home/michaelbennie/OneDrive/Leite,Walter's files - Storiza Corpus Spring 2025/Processed_Utterances/annotated_sentence_segments/uid_ECPqsmdUcMhqkJwXAfhhs3XTgoa2_sid_ad4vlPTbFapt9rOhL5sG_1742508027_195798466_sentence_segment_close.wav",40.11759534670485,49.1225204636398,40.13558585506024,49.08735416473901
"/home/michaelbennie/OneDrive/Leite,Walter's files - Storiza Corpus Spring 2025/Processed_Utterances/annotated_sentence_segments/uid_ECPqsmdUcMhqkJwXAfhhs3XTgoa2_sid_ad4vlPTbFapt9rOhL5sG_1742508027_195798467_sentence_segment_close.wav",49.4940190177182,54.45560092256024,49.50826892148103,54.93154153806911
"/home/michaelbennie/OneDrive/Leite,Walter's files - Storiza Corpus Spring 2025/Processed_Utterances/annotated_sentence_segments/uid_mHWscHBXcoabM7fdw88AliGuPWw1_sid_7n1Handdit8pBvWWWmNt_1741993555_195798468_sentence_segment_close.wav",0.6447147540983607,4.470221628632663,0.4905536216187224,4.464037956730374
"/home/michaelbennie/OneDrive/Leite,Walter's files - Storiza Corpus Spring 2025/Processed_Utterances/annotated_sentence_segments/uid_mHWscHBXcoabM7fdw88AliGuPWw1_sid_7n1Handdit8pBvWWWmNt_1741993555_195798469_sentence_segment_close.wav",4.9993908056198455,10.366322850901533,4.948459658078862,10.503979422910897
"/home/michaelbennie/OneDrive/Leite,Walter's files - Storiza Corpus Spring 2025/Processed_Utterances/annotated_sentence_segments/uid_mHWscHBXcoabM7fdw88AliGuPWw1_sid_7n1Handdit8pBvWWWmNt_1741993555_195798470_sentence_segment_close.wav",12.468332784219273,19.925251878220458,12.527513112088124,21.29615909852279
"/home/michaelbennie/OneDrive/Leite,Walter's files - Storiza Corpus Spring 2025/Processed_Utterances/annotated_sentence_segments/uid_mHWscHBXcoabM7fdw88AliGuPWw1_sid_7n1Handdit8pBvWWWmNt_1741993555_195798471_sentence_segment_close.wav",21.272698481124632,28.478665179968882,21.504644387710744,28.409186611994265
"/home/michaelbennie/OneDrive/Leite,Walter's files - Storiza Corpus Spring 2025/Processed_Utterances/annotated_sentence_segments/uid_mHWscHBXcoabM7fdw88AliGuPWw1_sid_7n1Handdit8pBvWWWmNt_1741993555_195798472_sentence_segment_close.wav",28.371071802519786,40.64926051192935,28.452110053885907,40.56878450786835
"/home/michaelbennie/OneDrive/Leite,Walter's files - Storiza Corpus Spring 2025/Processed_Utterances/annotated_sentence_segments/uid_mHWscHBXcoabM7fdw88AliGuPWw1_sid_7n1Handdit8pBvWWWmNt_1741993555_195798473_sentence_segment_close.wav",42.201042491222196,45.985918770552715,42.09563265515662,45.88515938216125
"/home/michaelbennie/OneDrive/Leite,Walter's files - Storiza Corpus Spring 2025/Processed_Utterances/annotated_sentence_segments/uid_mHWscHBXcoabM7fdw88AliGuPWw1_sid_7n1Handdit8pBvWWWmNt_1741993555_195798474_sentence_segment_close.wav",48.60064266318259,52.169624970899434,48.49735741728095,52.74064624428289
"/home/michaelbennie/OneDrive/Leite,Walter's files - Storiza Corpus Spring 2025/Processed_Utterances/annotated_sentence_segments/uid_mHWscHBXcoabM7fdw88AliGuPWw1_sid_7n1Handdit8pBvWWWmNt_1741993555_195798475_sentence_segment_close.wav",53.1812569180072,57.64390609833507,53.05950609833507,57.44996101182263
"/home/michaelbennie/OneDrive/Leite,Walter's files - Storiza Corpus Spring 2025/Processed_Utterances/annotated_sentence_segments/uid_mHWscHBXcoabM7fdw88AliGuPWw1_sid_7n1Handdit8pBvWWWmNt_1741993555_195798476_sentence_segment_close.wav",58.137995120125446,64.94194765630299,58.240978726682826,64.94929950231885
"/home/michaelbennie/OneDrive/Leite,Walter's files - Storiza Corpus Spring 2025/Processed_Utterances/annotated_sentence_segments/uid_mHWscHBXcoabM7fdw88AliGuPWw1_sid_7n1Handdit8pBvWWWmNt_1741993555_195798477_sentence_segment_close.wav",66.98164646028874,78.64616618382352,67.09547159690077,78.99139692115479
"/home/michaelbennie/OneDrive/Leite,Walter's files - Storiza Corpus Spring 2025/Processed_Utterances/annotated_sentence_segments/uid_mHWscHBXcoabM7fdw88AliGuPWw1_sid_7n1Handdit8pBvWWWmNt_1741993555_195798478_sentence_segment_close.wav",78.96045456204153,90.47688791385171,79.07111188466781,90.68496887649108
"/home/michaelbennie/OneDrive/Leite,Walter's files - Storiza Corpus Spring 2025/Processed_Utterances/annotated_sentence_segments/uid_mHWscHBXcoabM7fdw88AliGuPWw1_sid_7n1Handdit8pBvWWWmNt_1741993555_195798479_sentence_segment_close.wav",91.36917129680259,101.10165496262923,91.26479090276402,101.23529326216456
"/home/michaelbennie/OneDrive/Leite,Walter's files - Storiza Corpus Spring 2025/Processed_Utterances/annotated_sentence_segments/uid_u2hytH2KWIS6ewdShfEZisygqIo2_sid_8sraqBTHXNRWlPEsIVVs_1741312064_195798480_sentence_segment_close.wav",0.9793470382593272,16.624946166516708,0.9288931487453516,17.087313503664497
"/home/michaelbennie/OneDrive/Leite,Walter's files - Storiza Corpus Spring 2025/Processed_Utterances/annotated_sentence_segments/uid_u2hytH2KWIS6ewdShfEZisygqIo2_sid_8sraqBTHXNRWlPEsIVVs_1741312064_195798481_sentence_segment_close.wav",20.888713459352783,32.5362244843595,20.849868089368865,32.47591375958256
"/home/michaelbennie/OneDrive/Leite,Walter's files - Storiza Corpus Spring 2025/Processed_Utterances/annotated_sentence_segments/uid_u2hytH2KWIS6ewdShfEZisygqIo2_sid_8sraqBTHXNRWlPEsIVVs_1741312064_195798482_sentence_segment_close.wav",32.53506574237372,41.18612772653859,32.54154477477933,41.27099002655415
"/home/michaelbennie/OneDrive/Leite,Walter's files - Storiza Corpus Spring 2025/Processed_Utterances/annotated_sentence_segments/uid_u2hytH2KWIS6ewdShfEZisygqIo2_sid_8sraqBTHXNRWlPEsIVVs_1741312064_195798483_sentence_segment_close.wav",48.76639362024926,58.971569194411245,48.71155018545815,59.28542712958047
"/home/michaelbennie/OneDrive/Leite,Walter's files - Storiza Corpus Spring 2025/Processed_Utterances/annotated_sentence_segments/uid_u2hytH2KWIS6ewdShfEZisygqIo2_sid_8sraqBTHXNRWlPEsIVVs_1741312064_195798484_sentence_segment_close.wav",59.296902625122314,62.508136534513525,59.291830365517576,62.72396482780032
"/home/michaelbennie/OneDrive/Leite,Walter's files - Storiza Corpus Spring 2025/Processed_Utterances/annotated_sentence_segments/uid_u2hytH2KWIS6ewdShfEZisygqIo2_sid_8sraqBTHXNRWlPEsIVVs_1741312064_195798485_sentence_segment_close.wav",63.171525710733505,70.90544058289215,63.08894927621472,70.98200477467341
"/home/michaelbennie/OneDrive/Leite,Walter's files - Storiza Corpus Spring 2025/Processed_Utterances/annotated_sentence_segments/uid_u2hytH2KWIS6ewdShfEZisygqIo2_sid_8sraqBTHXNRWlPEsIVVs_1741312064_195798486_sentence_segment_close.wav",73.57185168527549,80.94487559607046,73.95737507344339,81.0137410761217
"/home/michaelbennie/OneDrive/Leite,Walter's files - Storiza Corpus Spring 2025/Processed_Utterances/annotated_sentence_segments/uid_u2hytH2KWIS6ewdShfEZisygqIo2_sid_8sraqBTHXNRWlPEsIVVs_1741312064_195798487_sentence_segment_close.wav",81.29430874585331,93.03208959877117,81.28481139745872,93.08791181522167
"/home/michaelbennie/OneDrive/Leite,Walter's files - Storiza Corpus Spring 2025/Processed_Utterances/annotated_sentence_segments/uid_1w0NU0CL8KMbltxDo7mrkTKhgpD2_sid_rRZvUWqkJ1hLNL8pytmJ_1741561799_195798488_sentence_segment_close.wav",0.005582428576873057,7.985687035230914,0.0163813098499047,7.970677335539389
"/home/michaelbennie/OneDrive/Leite,Walter's files - Storiza Corpus Spring 2025/Processed_Utterances/annotated_sentence_segments/uid_1w0NU0CL8KMbltxDo7mrkTKhgpD2_sid_rRZvUWqkJ1hLNL8pytmJ_1741561799_195798489_sentence_segment_close.wav",7.977464161050506,14.520349438663732,7.973900443770731,14.584768265647908
"/home/michaelbennie/OneDrive/Leite,Walter's files - Storiza Corpus Spring 2025/Processed_Utterances/annotated_sentence_segments/uid_1w0NU0CL8KMbltxDo7mrkTKhgpD2_sid_rRZvUWqkJ1hLNL8pytmJ_1741561799_195798490_sentence_segment_close.wav",14.907583756710334,19.34521325704886,14.884826969296606,19.41124443497591
"/home/michaelbennie/OneDrive/Leite,Walter's files - Storiza Corpus Spring 2025/Processed_Utterances/annotated_sentence_segments/uid_1w0NU0CL8KMbltxDo7mrkTKhgpD2_sid_rRZvUWqkJ1hLNL8pytmJ_1741561799_195798491_sentence_segment_close.wav",21.18478819303339,23.839311413541953,20.7072426656288,23.813169459779687
"/home/michaelbennie/OneDrive/Leite,Walter's files - Storiza Corpus Spring 2025/Processed_Utterances/annotated_sentence_segments/uid_1w0NU0CL8KMbltxDo7mrkTKhgpD2_sid_rRZvUWqkJ1hLNL8pytmJ_1741561799_195798492_sentence_segment_close.wav",23.824521726796124,27.23349538902303,23.81955368751689,27.232483806537445
"/home/michaelbennie/OneDrive/Leite,Walter's files - Storiza Corpus Spring 2025/Processed_Utterances/annotated_sentence_segments/uid_1w0NU0CL8KMbltxDo7mrkTKhgpD2_sid_rRZvUWqkJ1hLNL8pytmJ_1741561799_195798493_sentence_segment_close.wav",27.231264323438158,35.22157398102574,27.2420859199348,35.46598113711558
"/home/michaelbennie/OneDrive/Leite,Walter's files - Storiza Corpus Spring 2025/Processed_Utterances/annotated_sentence_segments/uid_1w0NU0CL8KMbltxDo7mrkTKhgpD2_sid_rRZvUWqkJ1hLNL8pytmJ_1741561799_195798494_sentence_segment_close.wav",36.8624555349844,46.65267799979845,36.81350875175687,46.72832141570278
"/home/michaelbennie/OneDrive/Leite,Walter's files - Storiza Corpus Spring 2025/Processed_Utterances/annotated_sentence_segments/uid_1w0NU0CL8KMbltxDo7mrkTKhgpD2_sid_rRZvUWqkJ1hLNL8pytmJ_1741561799_195798495_sentence_segment_close.wav",46.81192964954585,56.16119605841006,46.79505573171011,56.38573028933471
"/home/michaelbennie/OneDrive/Leite,Walter's files - Storiza Corpus Spring 2025/Processed_Utterances/annotated_sentence_segments/uid_1w0NU0CL8KMbltxDo7mrkTKhgpD2_sid_rRZvUWqkJ1hLNL8pytmJ_1741561799_195798496_sentence_segment_close.wav",56.58026429147322,62.74563262920025,56.45723134219971,62.84465873147256
"/home/michaelbennie/OneDrive/Leite,Walter's files - Storiza Corpus Spring 2025/Processed_Utterances/annotated_sentence_segments/uid_1w0NU0CL8KMbltxDo7mrkTKhgpD2_sid_rRZvUWqkJ1hLNL8pytmJ_1741561799_195798497_sentence_segment_close.wav",64.92950037559665,69.89193972667255,64.83238800111941,70.11393243941367
"/home/michaelbennie/OneDrive/Leite,Walter's files - Storiza Corpus Spring 2025/Processed_Utterances/annotated_sentence_segments/uid_1w0NU0CL8KMbltxDo7mrkTKhgpD2_sid_rRZvUWqkJ1hLNL8pytmJ_1741561799_195798498_sentence_segment_close.wav",70.19281830455851,77.55546115223449,70.19973370285167,77.59230904190666
"/home/michaelbennie/OneDrive/Leite,Walter's files - Storiza Corpus Spring 2025/Processed_Utterances/annotated_sentence_segments/uid_1w0NU0CL8KMbltxDo7mrkTKhgpD2_sid_rRZvUWqkJ1hLNL8pytmJ_1741561799_195798499_sentence_segment_close.wav",77.53896715028077,87.7086996097286,77.6053061877073,87.95237287977014
"/home/michaelbennie/OneDrive/Leite,Walter's files - Storiza Corpus Spring 2025/Processed_Utterances/annotated_sentence_segments/uid_1w0NU0CL8KMbltxDo7mrkTKhgpD2_sid_rRZvUWqkJ1hLNL8pytmJ_1741561799_195798500_sentence_segment_close.wav",90.45329898824707,97.03775497310276,90.36380336963693,97.0361481693836
"/home/michaelbennie/OneDrive/Leite,Walter's files - Storiza Corpus Spring 2025/Processed_Utterances/annotated_sentence_segments/uid_1w0NU0CL8KMbltxDo7mrkTKhgpD2_sid_rRZvUWqkJ1hLNL8pytmJ_1741561799_195798501_sentence_segment_close.wav",97.38489854258415,100.53480022178671,97.04541102657898,100.89875961986162
"/home/michaelbennie/OneDrive/Leite,Walter's files - Storiza Corpus Spring 2025/Processed_Utterances/annotated_sentence_segments/uid_1w0NU0CL8KMbltxDo7mrkTKhgpD2_sid_rRZvUWqkJ1hLNL8pytmJ_1741561799_195798502_sentence_segment_close.wav",100.9636122708932,105.62183637120961,100.9497053344363,105.6644996468903
"/home/michaelbennie/OneDrive/Leite,Walter's files - Storiza Corpus Spring 2025/Processed_Utterances/annotated_sentence_segments/uid_1w0NU0CL8KMbltxDo7mrkTKhgpD2_sid_rRZvUWqkJ1hLNL8pytmJ_1741561799_195798503_sentence_segment_close.wav",107.62240214799033,112.60573853396956,107.60506853208744,112.81192495070223
"/home/michaelbennie/OneDrive/Leite,Walter's files - Storiza Corpus Spring 2025/Processed_Utterances/annotated_sentence_segments/uid_1w0NU0CL8KMbltxDo7mrkTKhgpD2_sid_rRZvUWqkJ1hLNL8pytmJ_1741561799_195798504_sentence_segment_close.wav",112.8757050310253,118.84666635368677,112.84954985015564,119.21760353327991
"/home/michaelbennie/OneDrive/Leite,Walter's files - Storiza Corpus Spring 2025/Processed_Utterances/annotated_sentence_segments/uid_1w0NU0CL8KMbltxDo7mrkTKhgpD2_sid_rRZvUWqkJ1hLNL8pytmJ_1741561799_195798505_sentence_segment_close.wav",119.30313847371106,127.16974216770743,119.28834670963856,127.60025322672932
"/home/michaelbennie/OneDrive/Leite,Walter's files - Storiza Corpus Spring 2025/Processed_Utterances/annotated_sentence_segments/uid_1w0NU0CL8KMbltxDo7mrkTKhgpD2_sid_rRZvUWqkJ1hLNL8pytmJ_1741561799_195798506_sentence_segment_close.wav",128.08495713898887,141.02313597316729,128.12301464289854,141.15719928605134
"/home/michaelbennie/OneDrive/Leite,Walter's files - Storiza Corpus Spring 2025/Processed_Utterances/annotated_sentence_segments/uid_1w0NU0CL8KMbltxDo7mrkTKhgpD2_sid_rRZvUWqkJ1hLNL8pytmJ_1741561799_195798507_sentence_segment_close.wav",142.0346628071227,153.46001798331295,141.9849048616526,153.74703672546028
"/home/michaelbennie/OneDrive/Leite,Walter's files - Storiza Corpus Spring 2025/Processed_Utterances/annotated_sentence_segments/uid_CanxAhhjiePs6niCtdVzPqVIzXt1_sid_WKFhHRQhcWQKJAHw9Ib4_1742072366_195798508_sentence_segment_close.wav",0.5286010922693266,8.445896837648311,0.4937361827560795,8.817243920412674
"/home/michaelbennie/OneDrive/Leite,Walter's files - Storiza Corpus Spring 2025/Processed_Utterances/annotated_sentence_segments/uid_CanxAhhjiePs6niCtdVzPqVIzXt1_sid_WKFhHRQhcWQKJAHw9Ib4_1742072366_195798509_sentence_segment_close.wav",8.928028016532917,17.56538030378355,8.861459100957994,16.842299189388356
"/home/michaelbennie/OneDrive/Leite,Walter's files - Storiza Corpus Spring 2025/Processed_Utterances/annotated_sentence_segments/uid_CanxAhhjiePs6niCtdVzPqVIzXt1_sid_WKFhHRQhcWQKJAHw9Ib4_1742072366_195798510_sentence_segment_close.wav",17.71228970683093,25.097210737587375,17.02652910832719,25.28002947678703
"/home/michaelbennie/OneDrive/Leite,Walter's files - Storiza Corpus Spring 2025/Processed_Utterances/annotated_sentence_segments/uid_CanxAhhjiePs6niCtdVzPqVIzXt1_sid_WKFhHRQhcWQKJAHw9Ib4_1742072366_195798511_sentence_segment_close.wav",25.59720264860898,36.510126033101336,25.379513633014,36.49226234340457
"/home/michaelbennie/OneDrive/Leite,Walter's files - Storiza Corpus Spring 2025/Processed_Utterances/annotated_sentence_segments/uid_CanxAhhjiePs6niCtdVzPqVIzXt1_sid_WKFhHRQhcWQKJAHw9Ib4_1742072366_195798512_sentence_segment_close.wav",36.49384870989906,42.15187680928328,36.49376720446805,42.31392778187177
"/home/michaelbennie/OneDrive/Leite,Walter's files - Storiza Corpus Spring 2025/Processed_Utterances/annotated_sentence_segments/uid_CanxAhhjiePs6niCtdVzPqVIzXt1_sid_WKFhHRQhcWQKJAHw9Ib4_1742072366_195798513_sentence_segment_close.wav",43.56613313436079,48.488609989544756,43.24981577008106,48.887251289609424
"/home/michaelbennie/OneDrive/Leite,Walter's files - Storiza Corpus Spring 2025/Processed_Utterances/annotated_sentence_segments/uid_CanxAhhjiePs6niCtdVzPqVIzXt1_sid_WKFhHRQhcWQKJAHw9Ib4_1742072366_195798514_sentence_segment_close.wav",48.986779286844985,60.21459138817671,48.93883566691229,60.42741341193809
"/home/michaelbennie/OneDrive/Leite,Walter's files - Storiza Corpus Spring 2025/Processed_Utterances/annotated_sentence_segments/uid_CanxAhhjiePs6niCtdVzPqVIzXt1_sid_WKFhHRQhcWQKJAHw9Ib4_1742072366_195798515_sentence_segment_close.wav",60.27446182188428,66.75790506906658,60.42839941836265,66.8017686072218
"/home/michaelbennie/OneDrive/Leite,Walter's files - Storiza Corpus Spring 2025/Processed_Utterances/annotated_sentence_segments/uid_CanxAhhjiePs6niCtdVzPqVIzXt1_sid_WKFhHRQhcWQKJAHw9Ib4_1742072366_195798516_sentence_segment_close.wav",67.38180972344172,72.04352163345924,67.26602800294766,72.26234340456888
"/home/michaelbennie/OneDrive/Leite,Walter's files - Storiza Corpus Spring 2025/Processed_Utterances/annotated_sentence_segments/uid_CanxAhhjiePs6niCtdVzPqVIzXt1_sid_WKFhHRQhcWQKJAHw9Ib4_1742072366_195798517_sentence_segment_close.wav",72.0808418580048,78.37917177208324,72.27298175077289,78.4340456890199
"/home/michaelbennie/OneDrive/Leite,Walter's files - Storiza Corpus Spring 2025/Processed_Utterances/annotated_sentence_segments/uid_gUfM3yODstSdwltidtEzSlIo0q93_sid_yYkurtcTpL0BYwYKWgIi_1742427844_195798518_sentence_segment_close.wav",4.520452233344111,17.26275709912862,4.442523768366465,17.25151253241141
"/home/michaelbennie/OneDrive/Leite,Walter's files - Storiza Corpus Spring 2025/Processed_Utterances/annotated_sentence_segments/uid_gUfM3yODstSdwltidtEzSlIo0q93_sid_yYkurtcTpL0BYwYKWgIi_1742427844_195798519_sentence_segment_close.wav",18.629027393678342,35.32739441752335,18.543647363872083,35.34572169403631
"/home/michaelbennie/OneDrive/Leite,Walter's files - Storiza Corpus Spring 2025/Processed_Utterances/annotated_sentence_segments/uid_gUfM3yODstSdwltidtEzSlIo0q93_sid_yYkurtcTpL0BYwYKWgIi_1742427844_195798520_sentence_segment_close.wav",37.9122202910805,55.06350312811018,37.817631806395845,55.03457216940362
"/home/michaelbennie/OneDrive/Leite,Walter's files - Storiza Corpus Spring 2025/Processed_Utterances/annotated_sentence_segments/uid_gUfM3yODstSdwltidtEzSlIo0q93_sid_yYkurtcTpL0BYwYKWgIi_1742427844_195798521_sentence_segment_close.wav",66.18561769547377,96.60230569865692,66.08470181503888,96.68971477960244
"/home/michaelbennie/OneDrive/Leite,Walter's files - Storiza Corpus Spring 2025/Processed_Utterances/annotated_sentence_segments/uid_gUfM3yODstSdwltidtEzSlIo0q93_sid_yYkurtcTpL0BYwYKWgIi_1742427844_195798522_sentence_segment_close.wav",98.77483638210725,129.50140329815048,98.7208297320657,129.49870354364737
"/home/michaelbennie/OneDrive/Leite,Walter's files - Storiza Corpus Spring 2025/Processed_Utterances/annotated_sentence_segments/uid_gUfM3yODstSdwltidtEzSlIo0q93_sid_yYkurtcTpL0BYwYKWgIi_1742427844_195798523_sentence_segment_close.wav",129.7805712721706,136.54456572049273,129.71910112359552,136.6248919619706
"/home/michaelbennie/OneDrive/Leite,Walter's files - Storiza Corpus Spring 2025/Processed_Utterances/annotated_sentence_segments/uid_gUfM3yODstSdwltidtEzSlIo0q93_sid_yYkurtcTpL0BYwYKWgIi_1742427844_195798524_sentence_segment_close.wav",140.42100545955768,169.40193646537645,140.35868625756265,169.580812445981
"/home/michaelbennie/OneDrive/Leite,Walter's files - Storiza Corpus Spring 2025/Processed_Utterances/annotated_sentence_segments/uid_gUfM3yODstSdwltidtEzSlIo0q93_sid_yYkurtcTpL0BYwYKWgIi_1742427844_195798525_sentence_segment_close.wav",171.8958526663979,180.82109997492248,171.2143474503025,180.9464131374244
"/home/michaelbennie/OneDrive/Leite,Walter's files - Storiza Corpus Spring 2025/Processed_Utterances/annotated_sentence_segments/uid_Om0JhZ6RmTNQ5wDLPHKIC3LtY4g2_sid_p6XNcnqG8pfuIOhP5p97_1742244670_195798526_sentence_segment_close.wav",0.49069482141228205,4.091387274724002,0.4754789241743648,4.084171568341653
"/home/michaelbennie/OneDrive/Leite,Walter's files - Storiza Corpus Spring 2025/Processed_Utterances/annotated_sentence_segments/uid_Om0JhZ6RmTNQ5wDLPHKIC3LtY4g2_sid_p6XNcnqG8pfuIOhP5p97_1742244670_195798527_sentence_segment_close.wav",4.557292992989028,12.737703187590881,4.551405193252879,12.741735794637892
"/home/michaelbennie/OneDrive/Leite,Walter's files - Storiza Corpus Spring 2025/Processed_Utterances/annotated_sentence_segments/uid_Om0JhZ6RmTNQ5wDLPHKIC3LtY4g2_sid_p6XNcnqG8pfuIOhP5p97_1742244670_195798528_sentence_segment_close.wav",13.097675495401047,20.72063778664264,12.752729526988745,21.632916833389743
"/home/michaelbennie/OneDrive/Leite,Walter's files - Storiza Corpus Spring 2025/Processed_Utterances/annotated_sentence_segments/uid_Om0JhZ6RmTNQ5wDLPHKIC3LtY4g2_sid_p6XNcnqG8pfuIOhP5p97_1742244670_195798529_sentence_segment_close.wav",22.81508516660372,26.862272954828235,22.79000716331696,26.90990836179888
"/home/michaelbennie/OneDrive/Leite,Walter's files - Storiza Corpus Spring 2025/Processed_Utterances/annotated_sentence_segments/uid_Om0JhZ6RmTNQ5wDLPHKIC3LtY4g2_sid_p6XNcnqG8pfuIOhP5p97_1742244670_195798530_sentence_segment_close.wav",27.354283765534653,33.19066712173701,27.297437427166425,33.60509136346797
"/home/michaelbennie/OneDrive/Leite,Walter's files - Storiza Corpus Spring 2025/Processed_Utterances/annotated_sentence_segments/uid_Om0JhZ6RmTNQ5wDLPHKIC3LtY4g2_sid_p6XNcnqG8pfuIOhP5p97_1742244670_195798531_sentence_segment_close.wav",34.988402567582405,38.16405040602501,34.90362198610042,38.255710532184494
"/home/michaelbennie/OneDrive/Leite,Walter's files - Storiza Corpus Spring 2025/Processed_Utterances/annotated_sentence_segments/uid_Om0JhZ6RmTNQ5wDLPHKIC3LtY4g2_sid_p6XNcnqG8pfuIOhP5p97_1742244670_195798532_sentence_segment_close.wav",38.38333594673675,43.932303305803146,38.3437028565192,44.26013914035759
"/home/michaelbennie/OneDrive/Leite,Walter's files - Storiza Corpus Spring 2025/Processed_Utterances/annotated_sentence_segments/uid_Om0JhZ6RmTNQ5wDLPHKIC3LtY4g2_sid_p6XNcnqG8pfuIOhP5p97_1742244670_195798533_sentence_segment_close.wav",44.3282307714368,49.70541909916498,44.28946991513583,49.71147313842681
"/home/michaelbennie/OneDrive/Leite,Walter's files - Storiza Corpus Spring 2025/Processed_Utterances/annotated_sentence_segments/uid_Om0JhZ6RmTNQ5wDLPHKIC3LtY4g2_sid_p6XNcnqG8pfuIOhP5p97_1742244670_195798534_sentence_segment_close.wav",50.893614931015705,59.221395938356366,50.81812539285573,59.20672697943112
"/home/michaelbennie/OneDrive/Leite,Walter's files - Storiza Corpus Spring 2025/Processed_Utterances/annotated_sentence_segments/uid_Om0JhZ6RmTNQ5wDLPHKIC3LtY4g2_sid_p6XNcnqG8pfuIOhP5p97_1742244670_195798535_sentence_segment_close.wav",59.41140363335508,65.86557227100849,59.23559471998819,66.09061579673012
"/home/michaelbennie/OneDrive/Leite,Walter's files - Storiza Corpus Spring 2025/Processed_Utterances/annotated_sentence_segments/uid_Om0JhZ6RmTNQ5wDLPHKIC3LtY4g2_sid_p6XNcnqG8pfuIOhP5p97_1742244670_195798536_sentence_segment_close.wav",66.14312106024482,74.89000838449947,66.13615438449946,74.86205847686452
"/home/michaelbennie/OneDrive/Leite,Walter's files - Storiza Corpus Spring 2025/Processed_Utterances/annotated_sentence_segments/uid_1w0NU0CL8KMbltxDo7mrkTKhgpD2_sid_PfrCS74Glv4OjfyMyKM8_1742503726_195798537_sentence_segment_close.wav",0.25395213836384595,5.851299990967711,0.1555747623163353,5.916162489196196
"/home/michaelbennie/OneDrive/Leite,Walter's files - Storiza Corpus Spring 2025/Processed_Utterances/annotated_sentence_segments/uid_1w0NU0CL8KMbltxDo7mrkTKhgpD2_sid_PfrCS74Glv4OjfyMyKM8_1742503726_195798538_sentence_segment_close.wav",6.092981624360247,11.794957182244982,6.084701815038892,12.212618841832324
"/home/michaelbennie/OneDrive/Leite,Walter's files - Storiza Corpus Spring 2025/Processed_Utterances/annotated_sentence_segments/uid_1w0NU0CL8KMbltxDo7mrkTKhgpD2_sid_PfrCS74Glv4OjfyMyKM8_1742503726_195798539_sentence_segment_close.wav",12.29808833535372,19.530935456165686,12.26879861711322,19.56352636127917
"/home/michaelbennie/OneDrive/Leite,Walter's files - Storiza Corpus Spring 2025/Processed_Utterances/annotated_sentence_segments/uid_1w0NU0CL8KMbltxDo7mrkTKhgpD2_sid_PfrCS74Glv4OjfyMyKM8_1742503726_195798540_sentence_segment_close.wav",20.821103781519795,29.556790199077913,20.782195332757126,29.580812445980985
"/home/michaelbennie/OneDrive/Leite,Walter's files - Storiza Corpus Spring 2025/Processed_Utterances/annotated_sentence_segments/uid_1w0NU0CL8KMbltxDo7mrkTKhgpD2_sid_PfrCS74Glv4OjfyMyKM8_1742503726_195798541_sentence_segment_close.wav",29.80087543727033,40.651983371925255,29.801210025929123,40.700086430423504
"/home/michaelbennie/OneDrive/Leite,Walter's files - Storiza Corpus Spring 2025/Processed_Utterances/annotated_sentence_segments/uid_1w0NU0CL8KMbltxDo7mrkTKhgpD2_sid_PfrCS74Glv4OjfyMyKM8_1742503726_195798542_sentence_segment_close.wav",40.72658487103851,51.896497894214825,40.72957991956971,52.22558340535868
"/home/michaelbennie/OneDrive/Leite,Walter's files - Storiza Corpus Spring 2025/Processed_Utterances/annotated_sentence_segments/uid_1w0NU0CL8KMbltxDo7mrkTKhgpD2_sid_PfrCS74Glv4OjfyMyKM8_1742503726_195798543_sentence_segment_close.wav",52.41671909347682,55.65318395024957,52.34658599827138,55.71737251512532
"/home/michaelbennie/OneDrive/Leite,Walter's files - Storiza Corpus Spring 2025/Processed_Utterances/annotated_sentence_segments/uid_1w0NU0CL8KMbltxDo7mrkTKhgpD2_sid_PfrCS74Glv4OjfyMyKM8_1742503726_195798544_sentence_segment_close.wav",56.155124523752114,63.444292124536204,56.12359550561796,63.841832324978384
"/home/michaelbennie/OneDrive/Leite,Walter's files - Storiza Corpus Spring 2025/Processed_Utterances/annotated_sentence_segments/uid_1w0NU0CL8KMbltxDo7mrkTKhgpD2_sid_PfrCS74Glv4OjfyMyKM8_1742503726_195798545_sentence_segment_close.wav",63.942662906985944,70.23349569232484,63.91097666378564,70.36732929991356
"/home/michaelbennie/OneDrive/Leite,Walter's files - Storiza Corpus Spring 2025/Processed_Utterances/annotated_sentence_segments/uid_1w0NU0CL8KMbltxDo7mrkTKhgpD2_sid_PfrCS74Glv4OjfyMyKM8_1742503726_195798546_sentence_segment_close.wav",73.62046799468692,82.25865449500778,73.24114088159031,82.47191011235954
"/home/michaelbennie/OneDrive/Leite,Walter's files - Storiza Corpus Spring 2025/Processed_Utterances/annotated_sentence_segments/uid_1w0NU0CL8KMbltxDo7mrkTKhgpD2_sid_PfrCS74Glv4OjfyMyKM8_1742503726_195798547_sentence_segment_close.wav",82.61310148129813,91.65551597180516,82.56266205704408,91.75021607605878
"/home/michaelbennie/OneDrive/Leite,Walter's files - Storiza Corpus Spring 2025/Processed_Utterances/annotated_sentence_segments/uid_1w0NU0CL8KMbltxDo7mrkTKhgpD2_sid_PfrCS74Glv4OjfyMyKM8_1742503726_195798548_sentence_segment_close.wav",92.42205732251549,94.5117825734184,92.35090751944684,94.92653414001728
"/home/michaelbennie/OneDrive/Leite,Walter's files - Storiza Corpus Spring 2025/Processed_Utterances/annotated_sentence_segments/uid_1w0NU0CL8KMbltxDo7mrkTKhgpD2_sid_PfrCS74Glv4OjfyMyKM8_1742503726_195798549_sentence_segment_close.wav",96.01809661161597,99.86424774822031,95.885911840968,99.94814174589452
"/home/michaelbennie/OneDrive/Leite,Walter's files - Storiza Corpus Spring 2025/Processed_Utterances/annotated_sentence_segments/uid_1w0NU0CL8KMbltxDo7mrkTKhgpD2_sid_PfrCS74Glv4OjfyMyKM8_1742503726_195798550_sentence_segment_close.wav",100.2628987460337,106.53095404824482,100.19878997407086,106.60328435609333
"/home/michaelbennie/OneDrive/Leite,Walter's files - Storiza Corpus Spring 2025/Processed_Utterances/annotated_sentence_segments/uid_1w0NU0CL8KMbltxDo7mrkTKhgpD2_sid_PfrCS74Glv4OjfyMyKM8_1742503726_195798551_sentence_segment_close.wav",107.31393184450894,126.31290522952797,107.30769230769228,126.5729561460017
"/home/michaelbennie/OneDrive/Leite,Walter's files - Storiza Corpus Spring 2025/Processed_Utterances/annotated_sentence_segments/uid_1w0NU0CL8KMbltxDo7mrkTKhgpD2_sid_PfrCS74Glv4OjfyMyKM8_1742503726_195798552_sentence_segment_close.wav",128.01737357137839,134.3350571506121,127.93863439930855,134.3344857389801
"/home/michaelbennie/OneDrive/Leite,Walter's files - Storiza Corpus Spring 2025/Processed_Utterances/annotated_sentence_segments/uid_1w0NU0CL8KMbltxDo7mrkTKhgpD2_sid_PfrCS74Glv4OjfyMyKM8_1742503726_195798553_sentence_segment_close.wav",134.42241205915485,137.47939481801527,134.3517727229499,137.5669844774875
"/home/michaelbennie/OneDrive/Leite,Walter's files - Storiza Corpus Spring 2025/Processed_Utterances/annotated_sentence_segments/uid_1w0NU0CL8KMbltxDo7mrkTKhgpD2_sid_PfrCS74Glv4OjfyMyKM8_1742503726_195798554_sentence_segment_close.wav",137.4954019949875,150.1325524453767,137.59177696664926,150.15989628349178
"/home/michaelbennie/OneDrive/Leite,Walter's files - Storiza Corpus Spring 2025/Processed_Utterances/annotated_sentence_segments/uid_1w0NU0CL8KMbltxDo7mrkTKhgpD2_sid_PfrCS74Glv4OjfyMyKM8_1742503726_195798555_sentence_segment_close.wav",150.9481489239929,156.48721480325898,150.92048401037164,156.53846153846152
"/home/michaelbennie/OneDrive/Leite,Walter's files - Storiza Corpus Spring 2025/Processed_Utterances/annotated_sentence_segments/uid_1w0NU0CL8KMbltxDo7mrkTKhgpD2_sid_PfrCS74Glv4OjfyMyKM8_1742503726_195798556_sentence_segment_close.wav",157.0399803113236,165.11651381356256,156.9706136560069,165.18924266566322
"/home/michaelbennie/OneDrive/Leite,Walter's files - Storiza Corpus Spring 2025/Processed_Utterances/annotated_sentence_segments/uid_b7tT96cSBaaiNnMJ2KcuOQPRkO83_sid_wiXBDUMrozUZIj8NMjzp_1741563277_195798557_sentence_segment_close.wav",1.5534312150602645,16.280008822814032,1.5384615384615383,16.365600691443387
"/home/michaelbennie/OneDrive/Leite,Walter's files - Storiza Corpus Spring 2025/Processed_Utterances/annotated_sentence_segments/uid_b7tT96cSBaaiNnMJ2KcuOQPRkO83_sid_wiXBDUMrozUZIj8NMjzp_1741563277_195798558_sentence_segment_close.wav",17.087367247297657,26.281170806199434,17.052722558340538,26.283491789109767
"/home/michaelbennie/OneDrive/Leite,Walter's files - Storiza Corpus Spring 2025/Processed_Utterances/annotated_sentence_segments/uid_b7tT96cSBaaiNnMJ2KcuOQPRkO83_sid_wiXBDUMrozUZIj8NMjzp_1741563277_195798559_sentence_segment_close.wav",27.156499163559673,42.46778612556838,27.07865168539325,42.49783923941228
"/home/michaelbennie/OneDrive/Leite,Walter's files - Storiza Corpus Spring 2025/Processed_Utterances/annotated_sentence_segments/uid_b7tT96cSBaaiNnMJ2KcuOQPRkO83_sid_wiXBDUMrozUZIj8NMjzp_1741563277_195798560_sentence_segment_close.wav",42.87686064755655,49.77120266097458,42.77441659464132,49.87035436473639
"/home/michaelbennie/OneDrive/Leite,Walter's files - Storiza Corpus Spring 2025/Processed_Utterances/annotated_sentence_segments/uid_b7tT96cSBaaiNnMJ2KcuOQPRkO83_sid_wiXBDUMrozUZIj8NMjzp_1741563277_195798561_sentence_segment_close.wav",50.37781239134403,57.49490559027605,50.14693171996542,57.57130509939498
"/home/michaelbennie/OneDrive/Leite,Walter's files - Storiza Corpus Spring 2025/Processed_Utterances/annotated_sentence_segments/uid_b7tT96cSBaaiNnMJ2KcuOQPRkO83_sid_wiXBDUMrozUZIj8NMjzp_1741563277_195798562_sentence_segment_close.wav",58.22144208634468,67.35143039584186,58.12878133102853,67.54969749351773
"/home/michaelbennie/OneDrive/Leite,Walter's files - Storiza Corpus Spring 2025/Processed_Utterances/annotated_sentence_segments/uid_b7tT96cSBaaiNnMJ2KcuOQPRkO83_sid_wiXBDUMrozUZIj8NMjzp_1741563277_195798563_sentence_segment_close.wav",68.68603846750001,76.3236902609331,68.62143474503026,76.50388936905792
"/home/michaelbennie/OneDrive/Leite,Walter's files - Storiza Corpus Spring 2025/Processed_Utterances/annotated_sentence_segments/uid_b7tT96cSBaaiNnMJ2KcuOQPRkO83_sid_wiXBDUMrozUZIj8NMjzp_1741563277_195798564_sentence_segment_close.wav",76.86247762817696,88.63001789369058,76.81503889369058,88.61997732426303
"/home/michaelbennie/OneDrive/Leite,Walter's files - Storiza Corpus Spring 2025/Processed_Utterances/annotated_sentence_segments/uid_ECPqsmdUcMhqkJwXAfhhs3XTgoa2_sid_Yk8oZKJauqjoxKGql8it_1742507735_195798565_sentence_segment_close.wav",1.139493446204928,4.964497066015839,0.8643042350907518,5.125324114088159
"/home/michaelbennie/OneDrive/Leite,Walter's files - Storiza Corpus Spring 2025/Processed_Utterances/annotated_sentence_segments/uid_ECPqsmdUcMhqkJwXAfhhs3XTgoa2_sid_Yk8oZKJauqjoxKGql8it_1742507735_195798566_sentence_segment_close.wav",5.231226810099484,8.969839406448077,5.185825410544511,8.980121002592913
"/home/michaelbennie/OneDrive/Leite,Walter's files - Storiza Corpus Spring 2025/Processed_Utterances/annotated_sentence_segments/uid_ECPqsmdUcMhqkJwXAfhhs3XTgoa2_sid_Yk8oZKJauqjoxKGql8it_1742507735_195798567_sentence_segment_close.wav",10.303289572974029,15.96927275317221,10.237683664649955,15.97666378565255
"/home/michaelbennie/OneDrive/Leite,Walter's files - Storiza Corpus Spring 2025/Processed_Utterances/annotated_sentence_segments/uid_ECPqsmdUcMhqkJwXAfhhs3XTgoa2_sid_Yk8oZKJauqjoxKGql8it_1742507735_195798568_sentence_segment_close.wav",17.377074143090052,19.850712357842898,16.901469317199652,20.133967156439063
"/home/michaelbennie/OneDrive/Leite,Walter's files - Storiza Corpus Spring 2025/Processed_Utterances/annotated_sentence_segments/uid_ECPqsmdUcMhqkJwXAfhhs3XTgoa2_sid_Yk8oZKJauqjoxKGql8it_1742507735_195798569_sentence_segment_close.wav",22.34634109554659,24.73839727638374,22.35286315399933,24.71794501539449
"/home/michaelbennie/OneDrive/Leite,Walter's files - Storiza Corpus Spring 2025/Processed_Utterances/annotated_sentence_segments/uid_ECPqsmdUcMhqkJwXAfhhs3XTgoa2_sid_Yk8oZKJauqjoxKGql8it_1742507735_195798570_sentence_segment_close.wav",24.9633410444023,32.16766350385535,24.72160896870417,32.155770234034605
"/home/michaelbennie/OneDrive/Leite,Walter's files - Storiza Corpus Spring 2025/Processed_Utterances/annotated_sentence_segments/uid_ECPqsmdUcMhqkJwXAfhhs3XTgoa2_sid_Yk8oZKJauqjoxKGql8it_1742507735_195798571_sentence_segment_close.wav",33.97441623546925,37.775338167999315,33.92362770595276,37.80925019086303
"/home/michaelbennie/OneDrive/Leite,Walter's files - Storiza Corpus Spring 2025/Processed_Utterances/annotated_sentence_segments/uid_ECPqsmdUcMhqkJwXAfhhs3XTgoa2_sid_Yk8oZKJauqjoxKGql8it_1742507735_195798572_sentence_segment_close.wav",37.843217304361595,42.656082574892515,37.8523016422517,42.67956012774842
"/home/michaelbennie/OneDrive/Leite,Walter's files - Storiza Corpus Spring 2025/Processed_Utterances/annotated_sentence_segments/uid_ECPqsmdUcMhqkJwXAfhhs3XTgoa2_sid_Yk8oZKJauqjoxKGql8it_1742507735_195798573_sentence_segment_close.wav",44.195894209201256,48.180020582794505,44.17170511311353,48.20205375375596
"/home/michaelbennie/OneDrive/Leite,Walter's files - Storiza Corpus Spring 2025/Processed_Utterances/annotated_sentence_segments/uid_tHP0GvI5hccNGBzYfgE2pkEHXiW2_sid_ZtswbSGXVeetSumC3jZp_1743456209_195798574_sentence_segment_close.wav",0.6033811390716876,7.754503081047402,0.5445116681071737,7.865168539325842
"/home/michaelbennie/OneDrive/Leite,Walter's files - Storiza Corpus Spring 2025/Processed_Utterances/annotated_sentence_segments/uid_tHP0GvI5hccNGBzYfgE2pkEHXiW2_sid_ZtswbSGXVeetSumC3jZp_1743456209_195798575_sentence_segment_close.wav",10.13093241910451,13.02562034218822,9.49438202247191,13.029386343993083
"/home/michaelbennie/OneDrive/Leite,Walter's files - Storiza Corpus Spring 2025/Processed_Utterances/annotated_sentence_segments/uid_tHP0GvI5hccNGBzYfgE2pkEHXiW2_sid_ZtswbSGXVeetSumC3jZp_1743456209_195798576_sentence_segment_close.wav",16.27776931326175,25.864685072497416,14.152981849611065,25.88159031979257
"/home/michaelbennie/OneDrive/Leite,Walter's files - Storiza Corpus Spring 2025/Processed_Utterances/annotated_sentence_segments/uid_tHP0GvI5hccNGBzYfgE2pkEHXiW2_sid_ZtswbSGXVeetSumC3jZp_1743456209_195798577_sentence_segment_close.wav",26.265589692768206,53.74447899781062,25.950734658599824,54.524632670700086
"/home/michaelbennie/OneDrive/Leite,Walter's files - Storiza Corpus Spring 2025/Processed_Utterances/annotated_sentence_segments/uid_tHP0GvI5hccNGBzYfgE2pkEHXiW2_sid_ZtswbSGXVeetSumC3jZp_1743456209_195798578_sentence_segment_close.wav",56.662282874407296,72.85313174041657,55.514261019879,72.92999135695766
"/home/michaelbennie/OneDrive/Leite,Walter's files - Storiza Corpus Spring 2025/Processed_Utterances/annotated_sentence_segments/uid_tHP0GvI5hccNGBzYfgE2pkEHXiW2_sid_ZtswbSGXVeetSumC3jZp_1743456209_195798579_sentence_segment_close.wav",76.94961083701244,119.47467449711493,76.94468452895418,119.45116681071738
"/home/michaelbennie/OneDrive/Leite,Walter's files - Storiza Corpus Spring 2025/Processed_Utterances/annotated_sentence_segments/uid_tHP0GvI5hccNGBzYfgE2pkEHXiW2_sid_ZtswbSGXVeetSumC3jZp_1743456209_195798580_sentence_segment_close.wav",119.65565314554458,131.07264290248057,119.68020703324036,131.0803798940874
"/home/michaelbennie/OneDrive/Leite,Walter's files - Storiza Corpus Spring 2025/Processed_Utterances/annotated_sentence_segments/uid_tHP0GvI5hccNGBzYfgE2pkEHXiW2_sid_ZtswbSGXVeetSumC3jZp_1743456209_195798581_sentence_segment_close.wav",133.58561254632772,195.91523312285608,133.2753399684859,195.96363231381213
"/home/michaelbennie/OneDrive/Leite,Walter's files - Storiza Corpus Spring 2025/Processed_Utterances/annotated_sentence_segments/uid_tHP0GvI5hccNGBzYfgE2pkEHXiW2_sid_ZtswbSGXVeetSumC3jZp_1743456209_195798582_sentence_segment_close.wav",197.753802643429,203.39730103389974,197.59465085777265,203.85444416713725
"/home/michaelbennie/OneDrive/Leite,Walter's files - Storiza Corpus Spring 2025/Processed_Utterances/annotated_sentence_segments/uid_FUCVnaPJeyV5kzao6jmObtdzLUE2_sid_VP8ZqGQAw050ePA4KqWb_1742904863_195798583_sentence_segment_close.wav",0.7100728091094837,3.6851768049354168,0.5669529179234981,3.687637729079994
"/home/michaelbennie/OneDrive/Leite,Walter's files - Storiza Corpus Spring 2025/Processed_Utterances/annotated_sentence_segments/uid_FUCVnaPJeyV5kzao6jmObtdzLUE2_sid_VP8ZqGQAw050ePA4KqWb_1742904863_195798584_sentence_segment_close.wav",4.3717075231908655,11.123742727914962,4.3621162004027765,11.243751617956962
"/home/michaelbennie/OneDrive/Leite,Walter's files - Storiza Corpus Spring 2025/Processed_Utterances/annotated_sentence_segments/uid_FUCVnaPJeyV5kzao6jmObtdzLUE2_sid_VP8ZqGQAw050ePA4KqWb_1742904863_195798585_sentence_segment_close.wav",12.107019199908702,19.372561782183386,12.07218783922694,19.462125872850464
"/home/michaelbennie/OneDrive/Leite,Walter's files - Storiza Corpus Spring 2025/Processed_Utterances/annotated_sentence_segments/uid_FUCVnaPJeyV5kzao6jmObtdzLUE2_sid_VP8ZqGQAw050ePA4KqWb_1742904863_195798586_sentence_segment_close.wav",19.69153253670328,26.12795887307854,19.506112891661044,26.17269720241666
"/home/michaelbennie/OneDrive/Leite,Walter's files - Storiza Corpus Spring 2025/Processed_Utterances/annotated_sentence_segments/uid_FUCVnaPJeyV5kzao6jmObtdzLUE2_sid_VP8ZqGQAw050ePA4KqWb_1742904863_195798587_sentence_segment_close.wav",36.53880108758001,44.026580076017154,36.52203171709776,44.180783634219495
"/home/michaelbennie/OneDrive/Leite,Walter's files - Storiza Corpus Spring 2025/Processed_Utterances/annotated_sentence_segments/uid_FUCVnaPJeyV5kzao6jmObtdzLUE2_sid_VP8ZqGQAw050ePA4KqWb_1742904863_195798588_sentence_segment_close.wav",44.683686383402474,50.47154248792596,44.34940325205019,50.88402438363396
"/home/michaelbennie/OneDrive/Leite,Walter's files - Storiza Corpus Spring 2025/Processed_Utterances/annotated_sentence_segments/uid_FUCVnaPJeyV5kzao6jmObtdzLUE2_sid_VP8ZqGQAw050ePA4KqWb_1742904863_195798589_sentence_segment_close.wav",50.90326999125207,58.934576435080444,50.90846200940652,59.10484169352468
"/home/michaelbennie/OneDrive/Leite,Walter's files - Storiza Corpus Spring 2025/Processed_Utterances/annotated_sentence_segments/uid_FUCVnaPJeyV5kzao6jmObtdzLUE2_sid_VP8ZqGQAw050ePA4KqWb_1742904863_195798590_sentence_segment_close.wav",60.20981660224427,63.7618735938138,59.84774551701064,63.689340288457785
"/home/michaelbennie/OneDrive/Leite,Walter's files - Storiza Corpus Spring 2025/Processed_Utterances/annotated_sentence_segments/uid_FUCVnaPJeyV5kzao6jmObtdzLUE2_sid_VP8ZqGQAw050ePA4KqWb_1742904863_195798591_sentence_segment_close.wav",64.77727383229076,79.95710925987173,64.76703958502789,83.3885104237221
"/home/michaelbennie/OneDrive/Leite,Walter's files - Storiza Corpus Spring 2025/Processed_Utterances/annotated_sentence_segments/uid_FUCVnaPJeyV5kzao6jmObtdzLUE2_sid_VP8ZqGQAw050ePA4KqWb_1742904863_195798592_sentence_segment_close.wav",84.30675674888033,93.0688286304871,84.33669030369761,93.11957300635731
"/home/michaelbennie/OneDrive/Leite,Walter's files - Storiza Corpus Spring 2025/Processed_Utterances/annotated_sentence_segments/uid_THJAu4lbjHRa32ysgvSU3Etlb0d2_sid_p7OiDOqVvL4ONZUx2IeK_1742425632_195798593_sentence_segment_close.wav",0.7896295706245103,17.941109810164306,0.0901356094096327,18.08721228819964
"/home/michaelbennie/OneDrive/Leite,Walter's files - Storiza Corpus Spring 2025/Processed_Utterances/annotated_sentence_segments/uid_THJAu4lbjHRa32ysgvSU3Etlb0d2_sid_p7OiDOqVvL4ONZUx2IeK_1742425632_195798594_sentence_segment_close.wav",19.48875979492677,82.1884638118401,19.551915941106174,82.51163911373466
"/home/michaelbennie/OneDrive/Leite,Walter's files - Storiza Corpus Spring 2025/Processed_Utterances/annotated_sentence_segments/uid_THJAu4lbjHRa32ysgvSU3Etlb0d2_sid_p7OiDOqVvL4ONZUx2IeK_1742425632_195798595_sentence_segment_close.wav",85.73461129112093,99.58215581416033,85.68280034572169,99.34745030250647
"/home/michaelbennie/OneDrive/Leite,Walter's files - Storiza Corpus Spring 2025/Processed_Utterances/annotated_sentence_segments/uid_THJAu4lbjHRa32ysgvSU3Etlb0d2_sid_p7OiDOqVvL4ONZUx2IeK_1742425632_195798596_sentence_segment_close.wav",105.88359008077204,194.69063262246635,105.73465859982711,194.7752808988764
"/home/michaelbennie/OneDrive/Leite,Walter's files - Storiza Corpus Spring 2025/Processed_Utterances/annotated_sentence_segments/uid_THJAu4lbjHRa32ysgvSU3Etlb0d2_sid_p7OiDOqVvL4ONZUx2IeK_1742425632_195798597_sentence_segment_close.wav",197.92922286003335,217.11778522812457,197.57994814174583,217.44
"/home/michaelbennie/OneDrive/Leite,Walter's files - Storiza Corpus Spring 2025/Processed_Utterances/annotated_sentence_segments/uid_uJ59YClhDZUuJsN0vsDR1GRv6pu1_sid_3rjs7JkT5laydQme92To_1741230422_195798598_sentence_segment_close.wav",0.8536281125730993,5.007654633430957,0.8210890233362143,4.848746758859117
"/home/michaelbennie/OneDrive/Leite,Walter's files - Storiza Corpus Spring 2025/Processed_Utterances/annotated_sentence_segments/uid_uJ59YClhDZUuJsN0vsDR1GRv6pu1_sid_3rjs7JkT5laydQme92To_1741230422_195798599_sentence_segment_close.wav",5.543191543842093,13.582987388994983,5.535868625756266,13.582541054451166
"/home/michaelbennie/OneDrive/Leite,Walter's files - Storiza Corpus Spring 2025/Processed_Utterances/annotated_sentence_segments/uid_uJ59YClhDZUuJsN0vsDR1GRv6pu1_sid_3rjs7JkT5laydQme92To_1741230422_195798600_sentence_segment_close.wav",13.855005270903963,21.824726015373418,13.837510803802935,21.780466724286946
"/home/michaelbennie/OneDrive/Leite,Walter's files - Storiza Corpus Spring 2025/Processed_Utterances/annotated_sentence_segments/uid_uJ59YClhDZUuJsN0vsDR1GRv6pu1_sid_3rjs7JkT5laydQme92To_1741230422_195798601_sentence_segment_close.wav",22.06002396632875,30.87906529192073,21.82800345721694,30.859982713915294
"/home/michaelbennie/OneDrive/Leite,Walter's files - Storiza Corpus Spring 2025/Processed_Utterances/annotated_sentence_segments/uid_uJ59YClhDZUuJsN0vsDR1GRv6pu1_sid_3rjs7JkT5laydQme92To_1741230422_195798602_sentence_segment_close.wav",32.128110002820875,38.108561310930405,32.091616248919614,38.15038893690578
"/home/michaelbennie/OneDrive/Leite,Walter's files - Storiza Corpus Spring 2025/Processed_Utterances/annotated_sentence_segments/uid_uJ59YClhDZUuJsN0vsDR1GRv6pu1_sid_3rjs7JkT5laydQme92To_1741230422_195798603_sentence_segment_close.wav",38.55010768685932,52.035880907329584,38.52636127917026,52.06136560069144
"/home/michaelbennie/OneDrive/Leite,Walter's files - Storiza Corpus Spring 2025/Processed_Utterances/annotated_sentence_segments/uid_uJ59YClhDZUuJsN0vsDR1GRv6pu1_sid_3rjs7JkT5laydQme92To_1741230422_195798604_sentence_segment_close.wav",52.41442894295592,58.81729840382026,52.43733794295592,58.82454624027657
"/home/michaelbennie/OneDrive/Leite,Walter's files - Storiza Corpus Spring 2025/Processed_Utterances/annotated_sentence_segments/uid_uJ59YClhDZUuJsN0vsDR1GRv6pu1_sid_3rjs7JkT5laydQme92To_1741230422_195798605_sentence_segment_close.wav",59.316500645302455,64.22176641442113,58.88072601555746,64.23941227312014
"/home/michaelbennie/OneDrive/Leite,Walter's files - Storiza Corpus Spring 2025/Processed_Utterances/annotated_sentence_segments/uid_uJ59YClhDZUuJsN0vsDR1GRv6pu1_sid_3rjs7JkT5laydQme92To_1741230422_195798606_sentence_segment_close.wav",64.73206087769438,73.49081454172789,64.70267681121322,73.51538272030946
"/home/michaelbennie/OneDrive/Leite,Walter's files - Storiza Corpus Spring 2025/Processed_Utterances/annotated_sentence_segments/uid_THJAu4lbjHRa32ysgvSU3Etlb0d2_sid_aKReQ5zqSuEu7cmAruHn_1743033103_195798607_sentence_segment_close.wav",1.6763707225148206,9.004588413054812,1.3166861556579843,9.906495837807697
"/home/michaelbennie/OneDrive/Leite,Walter's files - Storiza Corpus Spring 2025/Processed_Utterances/annotated_sentence_segments/uid_THJAu4lbjHRa32ysgvSU3Etlb0d2_sid_aKReQ5zqSuEu7cmAruHn_1743033103_195798608_sentence_segment_close.wav",13.591046025132504,24.638545534080535,13.605756941799171,24.95433761675609
"/home/michaelbennie/OneDrive/Leite,Walter's files - Storiza Corpus Spring 2025/Processed_Utterances/annotated_sentence_segments/uid_THJAu4lbjHRa32ysgvSU3Etlb0d2_sid_aKReQ5zqSuEu7cmAruHn_1743033103_195798609_sentence_segment_close.wav",32.87852706590577,67.72720408254298,32.66635652846714,68.09148404974148
"/home/michaelbennie/OneDrive/Leite,Walter's files - Storiza Corpus Spring 2025/Processed_Utterances/annotated_sentence_segments/uid_THJAu4lbjHRa32ysgvSU3Etlb0d2_sid_aKReQ5zqSuEu7cmAruHn_1743033103_195798610_sentence_segment_close.wav",70.04853616221969,109.4141344554792,69.95156576748285,110.01644450393296
"/home/michaelbennie/OneDrive/Leite,Walter's files - Storiza Corpus Spring 2025/Processed_Utterances/annotated_sentence_segments/uid_HGLxgWVfJZWhAsqMf761d40h3eQ2_sid_tSrnapQ6hgyliWaApJ36_1743467290_195798613_sentence_segment_close.wav",0.9455895150370361,22.27265302599798,0.8849557522123894,22.24486224950745
"/home/michaelbennie/OneDrive/Leite,Walter's files - Storiza Corpus Spring 2025/Processed_Utterances/annotated_sentence_segments/uid_HGLxgWVfJZWhAsqMf761d40h3eQ2_sid_tSrnapQ6hgyliWaApJ36_1743467290_195798614_sentence_segment_close.wav",23.924067377979753,101.90850737463128,23.602507374631266,100.87389380530972
"/home/michaelbennie/OneDrive/Leite,Walter's files - Storiza Corpus Spring 2025/Processed_Utterances/annotated_sentence_segments/uid_HGLxgWVfJZWhAsqMf761d40h3eQ2_sid_tSrnapQ6hgyliWaApJ36_1743467290_195798615_sentence_segment_close.wav",100.93852470882564,125.10865618925412,100.88495575221238,125.98820058997048
"/home/michaelbennie/OneDrive/Leite,Walter's files - Storiza Corpus Spring 2025/Processed_Utterances/annotated_sentence_segments/uid_HGLxgWVfJZWhAsqMf761d40h3eQ2_sid_tSrnapQ6hgyliWaApJ36_1743467290_195798616_sentence_segment_close.wav",127.27475828066812,172.85630701402425,126.61873156342185,172.91500125178248
"/home/michaelbennie/OneDrive/Leite,Walter's files - Storiza Corpus Spring 2025/Processed_Utterances/annotated_sentence_segments/uid_HGLxgWVfJZWhAsqMf761d40h3eQ2_sid_tSrnapQ6hgyliWaApJ36_1743467290_195798617_sentence_segment_close.wav",178.04001151348146,230.60260611487308,176.05088495575222,230.6157817109145
"/home/michaelbennie/OneDrive/Leite,Walter's files - Storiza Corpus Spring 2025/Processed_Utterances/annotated_sentence_segments/uid_HGLxgWVfJZWhAsqMf761d40h3eQ2_sid_tSrnapQ6hgyliWaApJ36_1743467290_195798618_sentence_segment_close.wav",238.85499639201626,337.2667516328046,238.8517073554714,337.56231155190244
"/home/michaelbennie/OneDrive/Leite,Walter's files - Storiza Corpus Spring 2025/Processed_Utterances/annotated_sentence_segments/uid_mHWscHBXcoabM7fdw88AliGuPWw1_sid_I9JIDKsVbN5Sjmsyg1ln_1742933350_195798619_sentence_segment_close.wav",0.4412438177339902,5.047499981817168,0.5453205600589536,5.106853352984525
"/home/michaelbennie/OneDrive/Leite,Walter's files - Storiza Corpus Spring 2025/Processed_Utterances/annotated_sentence_segments/uid_mHWscHBXcoabM7fdw88AliGuPWw1_sid_I9JIDKsVbN5Sjmsyg1ln_1742933350_195798620_sentence_segment_close.wav",5.34412866184234,14.484568868697538,5.327929255711128,20.06632277081798
"/home/michaelbennie/OneDrive/Leite,Walter's files - Storiza Corpus Spring 2025/Processed_Utterances/annotated_sentence_segments/uid_mHWscHBXcoabM7fdw88AliGuPWw1_sid_I9JIDKsVbN5Sjmsyg1ln_1742933350_195798621_sentence_segment_close.wav",21.90149678575345,29.78557428032103,21.8349299926308,29.926308032424465
"/home/michaelbennie/OneDrive/Leite,Walter's files - Storiza Corpus Spring 2025/Processed_Utterances/annotated_sentence_segments/uid_mHWscHBXcoabM7fdw88AliGuPWw1_sid_I9JIDKsVbN5Sjmsyg1ln_1742933350_195798622_sentence_segment_close.wav",34.31426200663392,41.427482812210066,34.21886514369934,41.742815033161385
"/home/michaelbennie/OneDrive/Leite,Walter's files - Storiza Corpus Spring 2025/Processed_Utterances/annotated_sentence_segments/uid_mHWscHBXcoabM7fdw88AliGuPWw1_sid_I9JIDKsVbN5Sjmsyg1ln_1742933350_195798623_sentence_segment_close.wav",41.82293545349743,48.36513338461389,41.75307709641467,48.38535417821275
"/home/michaelbennie/OneDrive/Leite,Walter's files - Storiza Corpus Spring 2025/Processed_Utterances/annotated_sentence_segments/uid_mHWscHBXcoabM7fdw88AliGuPWw1_sid_I9JIDKsVbN5Sjmsyg1ln_1742933350_195798624_sentence_segment_close.wav",48.461568398637404,51.41692031833868,48.43036109064112,51.69491525423729
"/home/michaelbennie/OneDrive/Leite,Walter's files - Storiza Corpus Spring 2025/Processed_Utterances/annotated_sentence_segments/uid_mHWscHBXcoabM7fdw88AliGuPWw1_sid_I9JIDKsVbN5Sjmsyg1ln_1742933350_195798625_sentence_segment_close.wav",51.73558368101343,59.17545042701951,51.72807663964628,59.620486366986015
"/home/michaelbennie/OneDrive/Leite,Walter's files - Storiza Corpus Spring 2025/Processed_Utterances/annotated_sentence_segments/uid_mHWscHBXcoabM7fdw88AliGuPWw1_sid_I9JIDKsVbN5Sjmsyg1ln_1742933350_195798626_sentence_segment_close.wav",59.71960168690079,77.1736385570972,59.67943994104643,77.11048313915602
"/home/michaelbennie/OneDrive/Leite,Walter's files - Storiza Corpus Spring 2025/Processed_Utterances/annotated_sentence_segments/uid_mHWscHBXcoabM7fdw88AliGuPWw1_sid_I9JIDKsVbN5Sjmsyg1ln_1742933350_195798627_sentence_segment_close.wav",77.24803802787808,84.65320508369808,77.21055195892738,84.69786293294031
"/home/michaelbennie/OneDrive/Leite,Walter's files - Storiza Corpus Spring 2025/Processed_Utterances/annotated_sentence_segments/uid_RMEYcjWuQJRINI73hdlEKDjPREw2_sid_dpvscQzXHmVYLvi0LDkc_1741134211_195798628_sentence_segment_close.wav",0.5793852520033571,7.610195999942674,0.5737208731910719,7.639854484840294
"/home/michaelbennie/OneDrive/Leite,Walter's files - Storiza Corpus Spring 2025/Processed_Utterances/annotated_sentence_segments/uid_RMEYcjWuQJRINI73hdlEKDjPREw2_sid_1VgvJXZB45xk11mYvRbT_1741133876_195798629_sentence_segment_close.wav",1.225149310679375,6.540753231976886,2.0674915617724747,6.650075951268165
"/home/michaelbennie/OneDrive/Leite,Walter's files - Storiza Corpus Spring 2025/Processed_Utterances/annotated_sentence_segments/uid_RMEYcjWuQJRINI73hdlEKDjPREw2_sid_1VgvJXZB45xk11mYvRbT_1741133876_195798630_sentence_segment_close.wav",6.667365271571622,22.37485852255214,6.799276373251746,22.6571497955066
"/home/michaelbennie/OneDrive/Leite,Walter's files - Storiza Corpus Spring 2025/Processed_Utterances/annotated_sentence_segments/uid_RMEYcjWuQJRINI73hdlEKDjPREw2_sid_1VgvJXZB45xk11mYvRbT_1741133876_195798631_sentence_segment_close.wav",24.9388343693061,39.22937074459727,24.75711588844053,39.431540095660594
"/home/michaelbennie/OneDrive/Leite,Walter's files - Storiza Corpus Spring 2025/Processed_Utterances/annotated_sentence_segments/uid_RMEYcjWuQJRINI73hdlEKDjPREw2_sid_1VgvJXZB45xk11mYvRbT_1741133876_195798632_sentence_segment_close.wav",40.942129896732574,49.76199355099859,40.79565823951048,49.76899790452297
"/home/michaelbennie/OneDrive/Leite,Walter's files - Storiza Corpus Spring 2025/Processed_Utterances/annotated_sentence_segments/uid_RMEYcjWuQJRINI73hdlEKDjPREw2_sid_1VgvJXZB45xk11mYvRbT_1741133876_195798633_sentence_segment_close.wav",49.958849605455136,74.31872964066841,49.83311806857857,74.62663236689606
"/home/michaelbennie/OneDrive/Leite,Walter's files - Storiza Corpus Spring 2025/Processed_Utterances/annotated_sentence_segments/uid_RMEYcjWuQJRINI73hdlEKDjPREw2_sid_1VgvJXZB45xk11mYvRbT_1741133876_195798634_sentence_segment_close.wav",77.4092886063194,121.00791431654191,77.12854324999842,126.92870909157963
"/home/michaelbennie/OneDrive/Leite,Walter's files - Storiza Corpus Spring 2025/Processed_Utterances/annotated_sentence_segments/uid_RMEYcjWuQJRINI73hdlEKDjPREw2_sid_1VgvJXZB45xk11mYvRbT_1741133876_195798635_sentence_segment_close.wav",127.86682393873191,176.28453373840443,127.84348067469912,176.51065759637189
"/home/michaelbennie/OneDrive/Leite,Walter's files - Storiza Corpus Spring 2025/Processed_Utterances/annotated_sentence_segments/uid_flpss45kNMRJ1OyjEiJaPFx5rCo2_sid_87GmGKiM3e8FJdv1vF3b_1743380663_195798636_sentence_segment_close.wav",1.1740082631355344,11.516997048112522,1.1430678466076696,11.78834808259587
"/home/michaelbennie/OneDrive/Leite,Walter's files - Storiza Corpus Spring 2025/Processed_Utterances/annotated_sentence_segments/uid_flpss45kNMRJ1OyjEiJaPFx5rCo2_sid_87GmGKiM3e8FJdv1vF3b_1743380663_195798637_sentence_segment_close.wav",11.885508317980305,16.41069972841573,11.858407079646016,16.511799410029496
"/home/michaelbennie/OneDrive/Leite,Walter's files - Storiza Corpus Spring 2025/Processed_Utterances/annotated_sentence_segments/uid_flpss45kNMRJ1OyjEiJaPFx5rCo2_sid_87GmGKiM3e8FJdv1vF3b_1743380663_195798638_sentence_segment_close.wav",16.545286657802812,22.511877667881137,16.533923303834808,22.839233038348084
"/home/michaelbennie/OneDrive/Leite,Walter's files - Storiza Corpus Spring 2025/Processed_Utterances/annotated_sentence_segments/uid_flpss45kNMRJ1OyjEiJaPFx5rCo2_sid_87GmGKiM3e8FJdv1vF3b_1743380663_195798639_sentence_segment_close.wav",22.912842576601932,26.470466882037087,22.9019174041298,26.714601769911503
"/home/michaelbennie/OneDrive/Leite,Walter's files - Storiza Corpus Spring 2025/Processed_Utterances/annotated_sentence_segments/uid_flpss45kNMRJ1OyjEiJaPFx5rCo2_sid_87GmGKiM3e8FJdv1vF3b_1743380663_195798640_sentence_segment_close.wav",26.777526427316143,31.94285545366011,26.751474926253685,32.34882005899705
"/home/michaelbennie/OneDrive/Leite,Walter's files - Storiza Corpus Spring 2025/Processed_Utterances/annotated_sentence_segments/uid_flpss45kNMRJ1OyjEiJaPFx5rCo2_sid_87GmGKiM3e8FJdv1vF3b_1743380663_195798641_sentence_segment_close.wav",32.406458271036655,40.14014304235901,32.370943952802364,40.46091445427729
"/home/michaelbennie/OneDrive/Leite,Walter's files - Storiza Corpus Spring 2025/Processed_Utterances/annotated_sentence_segments/uid_flpss45kNMRJ1OyjEiJaPFx5rCo2_sid_87GmGKiM3e8FJdv1vF3b_1743380663_195798642_sentence_segment_close.wav",40.50602799452698,43.0623756504535,40.49778761061947,43.31489675516224
"/home/michaelbennie/OneDrive/Leite,Walter's files - Storiza Corpus Spring 2025/Processed_Utterances/annotated_sentence_segments/uid_flpss45kNMRJ1OyjEiJaPFx5rCo2_sid_87GmGKiM3e8FJdv1vF3b_1743380663_195798643_sentence_segment_close.wav",43.37691034113388,51.0332718325391,43.35914454277286,51.41961651917404
"/home/michaelbennie/OneDrive/Leite,Walter's files - Storiza Corpus Spring 2025/Processed_Utterances/annotated_sentence_segments/uid_flpss45kNMRJ1OyjEiJaPFx5rCo2_sid_87GmGKiM3e8FJdv1vF3b_1743380663_195798644_sentence_segment_close.wav",51.46657001141369,56.12462005156723,51.456489675516224,56.34587020648968
"/home/michaelbennie/OneDrive/Leite,Walter's files - Storiza Corpus Spring 2025/Processed_Utterances/annotated_sentence_segments/uid_flpss45kNMRJ1OyjEiJaPFx5rCo2_sid_87GmGKiM3e8FJdv1vF3b_1743380663_195798645_sentence_segment_close.wav",56.396985731959695,58.56528228509845,56.367994100294986,61.4712389380531
"/home/michaelbennie/OneDrive/Leite,Walter's files - Storiza Corpus Spring 2025/Processed_Utterances/annotated_sentence_segments/uid_flpss45kNMRJ1OyjEiJaPFx5rCo2_sid_87GmGKiM3e8FJdv1vF3b_1743380663_195798646_sentence_segment_close.wav",61.6172941982788,67.00779982709238,61.55436882008976,66.99999089355764
"/home/michaelbennie/OneDrive/Leite,Walter's files - Storiza Corpus Spring 2025/Processed_Utterances/annotated_sentence_segments/uid_flpss45kNMRJ1OyjEiJaPFx5rCo2_sid_87GmGKiM3e8FJdv1vF3b_1743380663_195798647_sentence_segment_close.wav",66.93602070451017,70.89659467693916,67.00444114314095,71.38942039924858
"/home/michaelbennie/OneDrive/Leite,Walter's files - Storiza Corpus Spring 2025/Processed_Utterances/annotated_sentence_segments/uid_flpss45kNMRJ1OyjEiJaPFx5rCo2_sid_87GmGKiM3e8FJdv1vF3b_1743380663_195798648_sentence_segment_close.wav",71.42657742912259,73.55504513083449,71.43318118681798,73.65364438508524
"/home/michaelbennie/OneDrive/Leite,Walter's files - Storiza Corpus Spring 2025/Processed_Utterances/annotated_sentence_segments/uid_flpss45kNMRJ1OyjEiJaPFx5rCo2_sid_87GmGKiM3e8FJdv1vF3b_1743380663_195798649_sentence_segment_close.wav",73.57192194783819,78.49192280163835,73.66943160244121,78.9414939421592
"/home/michaelbennie/OneDrive/Leite,Walter's files - Storiza Corpus Spring 2025/Processed_Utterances/annotated_sentence_segments/uid_flpss45kNMRJ1OyjEiJaPFx5rCo2_sid_87GmGKiM3e8FJdv1vF3b_1743380663_195798650_sentence_segment_close.wav",78.99562447377873,81.55954338039686,78.99786377021472,81.57455827896267
"/home/michaelbennie/OneDrive/Leite,Walter's files - Storiza Corpus Spring 2025/Processed_Utterances/annotated_sentence_segments/uid_flpss45kNMRJ1OyjEiJaPFx5rCo2_sid_87GmGKiM3e8FJdv1vF3b_1743380663_195798651_sentence_segment_close.wav",82.23841305834875,88.00808228742237,82.24580425778157,88.02222821694365
"/home/michaelbennie/OneDrive/Leite,Walter's files - Storiza Corpus Spring 2025/Processed_Utterances/annotated_sentence_segments/uid_flpss45kNMRJ1OyjEiJaPFx5rCo2_sid_87GmGKiM3e8FJdv1vF3b_1743380663_195798652_sentence_segment_close.wav",88.05238158412277,92.63735282957002,88.04670458965195,93.20899410631452
"/home/michaelbennie/OneDrive/Leite,Walter's files - Storiza Corpus Spring 2025/Processed_Utterances/annotated_sentence_segments/uid_flpss45kNMRJ1OyjEiJaPFx5rCo2_sid_87GmGKiM3e8FJdv1vF3b_1743380663_195798653_sentence_segment_close.wav",92.62916338037405,95.62736239108773,93.2727810170089,95.63289671270144
"/home/michaelbennie/OneDrive/Leite,Walter's files - Storiza Corpus Spring 2025/Processed_Utterances/annotated_sentence_segments/uid_flpss45kNMRJ1OyjEiJaPFx5rCo2_sid_87GmGKiM3e8FJdv1vF3b_1743380663_195798654_sentence_segment_close.wav",95.63577518335221,100.86068629213612,95.63957208707644,101.17123231915537
"/home/michaelbennie/OneDrive/Leite,Walter's files - Storiza Corpus Spring 2025/Processed_Utterances/annotated_sentence_segments/uid_flpss45kNMRJ1OyjEiJaPFx5rCo2_sid_87GmGKiM3e8FJdv1vF3b_1743380663_195798655_sentence_segment_close.wav",101.23611721570003,103.03818254440579,101.24021118769696,103.04256226894552
"/home/michaelbennie/OneDrive/Leite,Walter's files - Storiza Corpus Spring 2025/Processed_Utterances/annotated_sentence_segments/uid_flpss45kNMRJ1OyjEiJaPFx5rCo2_sid_87GmGKiM3e8FJdv1vF3b_1743380663_195798656_sentence_segment_close.wav",103.501124589173,111.03744455587862,103.5009379760285,111.27997424768895
"/home/michaelbennie/OneDrive/Leite,Walter's files - Storiza Corpus Spring 2025/Processed_Utterances/annotated_sentence_segments/uid_flpss45kNMRJ1OyjEiJaPFx5rCo2_sid_87GmGKiM3e8FJdv1vF3b_1743380663_195798657_sentence_segment_close.wav",112.15774304409264,118.54687634775529,112.15964024866048,118.57541673129424
"/home/michaelbennie/OneDrive/Leite,Walter's files - Storiza Corpus Spring 2025/Processed_Utterances/annotated_sentence_segments/uid_ovpeape9PZbAq7VLrirwGOYrvsh1_sid_lpp0jgK2wIWbfNSaJuy1_1742389582_195798658_sentence_segment_close.wav",0.7969212449814832,4.743859950616533,0.7975882429043355,4.745036225606937
"/home/michaelbennie/OneDrive/Leite,Walter's files - Storiza Corpus Spring 2025/Processed_Utterances/annotated_sentence_segments/uid_ovpeape9PZbAq7VLrirwGOYrvsh1_sid_lpp0jgK2wIWbfNSaJuy1_1742389582_195798659_sentence_segment_close.wav",5.839840184640904,9.172336201015032,5.83969960131853,9.16287494552425
"/home/michaelbennie/OneDrive/Leite,Walter's files - Storiza Corpus Spring 2025/Processed_Utterances/annotated_sentence_segments/uid_ovpeape9PZbAq7VLrirwGOYrvsh1_sid_lpp0jgK2wIWbfNSaJuy1_1742389582_195798660_sentence_segment_close.wav",9.259355949122309,12.157914784086682,9.26562889741661,12.178638204169667
"/home/michaelbennie/OneDrive/Leite,Walter's files - Storiza Corpus Spring 2025/Processed_Utterances/annotated_sentence_segments/uid_ovpeape9PZbAq7VLrirwGOYrvsh1_sid_lpp0jgK2wIWbfNSaJuy1_1742389582_195798661_sentence_segment_close.wav",12.434615623472544,13.50221040070181,12.413171346882892,13.491622030494913
"/home/michaelbennie/OneDrive/Leite,Walter's files - Storiza Corpus Spring 2025/Processed_Utterances/annotated_sentence_segments/uid_ovpeape9PZbAq7VLrirwGOYrvsh1_sid_lpp0jgK2wIWbfNSaJuy1_1742389582_195798662_sentence_segment_close.wav",13.510320169021277,15.528124072088684,13.629278431293558,15.620074771799109
"/home/michaelbennie/OneDrive/Leite,Walter's files - Storiza Corpus Spring 2025/Processed_Utterances/annotated_sentence_segments/uid_ovpeape9PZbAq7VLrirwGOYrvsh1_sid_lpp0jgK2wIWbfNSaJuy1_1742389582_195798663_sentence_segment_close.wav",16.091691890390365,20.57326955293297,16.095207935518165,20.5784839295368
"/home/michaelbennie/OneDrive/Leite,Walter's files - Storiza Corpus Spring 2025/Processed_Utterances/annotated_sentence_segments/uid_ovpeape9PZbAq7VLrirwGOYrvsh1_sid_lpp0jgK2wIWbfNSaJuy1_1742389582_195798664_sentence_segment_close.wav",20.98284460718473,24.964374778830983,20.982177405981155,24.985823764300985
"/home/michaelbennie/OneDrive/Leite,Walter's files - Storiza Corpus Spring 2025/Processed_Utterances/annotated_sentence_segments/uid_ovpeape9PZbAq7VLrirwGOYrvsh1_sid_lpp0jgK2wIWbfNSaJuy1_1742389582_195798665_sentence_segment_close.wav",25.045828428467317,31.01233892154101,25.04454690052307,30.99049338210694
"/home/michaelbennie/OneDrive/Leite,Walter's files - Storiza Corpus Spring 2025/Processed_Utterances/annotated_sentence_segments/uid_ovpeape9PZbAq7VLrirwGOYrvsh1_sid_lpp0jgK2wIWbfNSaJuy1_1742389582_195798666_sentence_segment_close.wav",31.102535176986112,33.997409476213235,31.11447326661401,34.00399092970522
"/home/michaelbennie/OneDrive/Leite,Walter's files - Storiza Corpus Spring 2025/Processed_Utterances/annotated_sentence_segments/uid_mHWscHBXcoabM7fdw88AliGuPWw1_sid_lz3I7DDQoORrxWnoDM8h_1741216155_195798667_sentence_segment_close.wav",6.485900551797764,9.124360167607314,6.471238938053098,9.22197640117994
"/home/michaelbennie/OneDrive/Leite,Walter's files - Storiza Corpus Spring 2025/Processed_Utterances/annotated_sentence_segments/uid_mHWscHBXcoabM7fdw88AliGuPWw1_sid_lz3I7DDQoORrxWnoDM8h_1741216155_195798668_sentence_segment_close.wav",11.688322781377316,17.876013404445924,11.183628318584072,18.307522123893804
"/home/michaelbennie/OneDrive/Leite,Walter's files - Storiza Corpus Spring 2025/Processed_Utterances/annotated_sentence_segments/uid_mHWscHBXcoabM7fdw88AliGuPWw1_sid_lz3I7DDQoORrxWnoDM8h_1741216155_195798669_sentence_segment_close.wav",19.617562186283248,26.31761457775859,18.488200589970504,26.747787610619472
"/home/michaelbennie/OneDrive/Leite,Walter's files - Storiza Corpus Spring 2025/Processed_Utterances/annotated_sentence_segments/uid_mHWscHBXcoabM7fdw88AliGuPWw1_sid_lz3I7DDQoORrxWnoDM8h_1741216155_195798670_sentence_segment_close.wav",27.532313526750844,42.59281621326739,26.91740412979352,43.10471976401181
"/home/michaelbennie/OneDrive/Leite,Walter's files - Storiza Corpus Spring 2025/Processed_Utterances/annotated_sentence_segments/uid_mHWscHBXcoabM7fdw88AliGuPWw1_sid_lz3I7DDQoORrxWnoDM8h_1741216155_195798671_sentence_segment_close.wav",44.139064549968566,51.389454592925986,44.067109144542776,51.42699115044248
"/home/michaelbennie/OneDrive/Leite,Walter's files - Storiza Corpus Spring 2025/Processed_Utterances/annotated_sentence_segments/uid_mHWscHBXcoabM7fdw88AliGuPWw1_sid_lz3I7DDQoORrxWnoDM8h_1741216155_195798672_sentence_segment_close.wav",53.92262334992208,60.84931344483472,53.81268436578173,60.97345132743364
"/home/michaelbennie/OneDrive/Leite,Walter's files - Storiza Corpus Spring 2025/Processed_Utterances/annotated_sentence_segments/uid_mHWscHBXcoabM7fdw88AliGuPWw1_sid_lz3I7DDQoORrxWnoDM8h_1741216155_195798673_sentence_segment_close.wav",62.644680864645295,69.05111819880958,62.74336283185841,68.96017699115045
"/home/michaelbennie/OneDrive/Leite,Walter's files - Storiza Corpus Spring 2025/Processed_Utterances/annotated_sentence_segments/uid_mHWscHBXcoabM7fdw88AliGuPWw1_sid_lz3I7DDQoORrxWnoDM8h_1741216155_195798674_sentence_segment_close.wav",70.49514857673422,79.96971819010626,70.3834808259587,80.08849557522124
"/home/michaelbennie/OneDrive/Leite,Walter's files - Storiza Corpus Spring 2025/Processed_Utterances/annotated_sentence_segments/uid_mHWscHBXcoabM7fdw88AliGuPWw1_sid_lz3I7DDQoORrxWnoDM8h_1741216155_195798675_sentence_segment_close.wav",82.02763880265003,86.14970183324385,81.96165191740413,86.1283185840708
"/home/michaelbennie/OneDrive/Leite,Walter's files - Storiza Corpus Spring 2025/Processed_Utterances/annotated_sentence_segments/uid_mHWscHBXcoabM7fdw88AliGuPWw1_sid_lz3I7DDQoORrxWnoDM8h_1741216155_195798676_sentence_segment_close.wav",87.91740970066252,92.25208091284757,87.99041297935104,92.12758112094396
"/home/michaelbennie/OneDrive/Leite,Walter's files - Storiza Corpus Spring 2025/Processed_Utterances/annotated_sentence_segments/uid_mHWscHBXcoabM7fdw88AliGuPWw1_sid_lz3I7DDQoORrxWnoDM8h_1741216155_195798677_sentence_segment_close.wav",93.78450971497088,105.62886073727861,93.04572271386432,105.83333333333334
"/home/michaelbennie/OneDrive/Leite,Walter's files - Storiza Corpus Spring 2025/Processed_Utterances/annotated_sentence_segments/uid_mHWscHBXcoabM7fdw88AliGuPWw1_sid_lz3I7DDQoORrxWnoDM8h_1741216155_195798678_sentence_segment_close.wav",110.0551388558441,120.75335237659112,110.20648967551624,120.8407079646018
"/home/michaelbennie/OneDrive/Leite,Walter's files - Storiza Corpus Spring 2025/Processed_Utterances/annotated_sentence_segments/uid_b7tT96cSBaaiNnMJ2KcuOQPRkO83_sid_5hkZcPiSBPzGIpag8Xeo_1742423396_195798679_sentence_segment_close.wav",1.3056880508588717,4.182344486134319,1.3097866077998528,4.208977189109639
"/home/michaelbennie/OneDrive/Leite,Walter's files - Storiza Corpus Spring 2025/Processed_Utterances/annotated_sentence_segments/uid_b7tT96cSBaaiNnMJ2KcuOQPRkO83_sid_5hkZcPiSBPzGIpag8Xeo_1742423396_195798680_sentence_segment_close.wav",4.344810417495988,9.567156802689041,4.385577630610742,9.49963208241354
"/home/michaelbennie/OneDrive/Leite,Walter's files - Storiza Corpus Spring 2025/Processed_Utterances/annotated_sentence_segments/uid_b7tT96cSBaaiNnMJ2KcuOQPRkO83_sid_5hkZcPiSBPzGIpag8Xeo_1742423396_195798681_sentence_segment_close.wav",10.245665131718079,16.26957727334146,10.34093726286562,16.198185239318892
"/home/michaelbennie/OneDrive/Leite,Walter's files - Storiza Corpus Spring 2025/Processed_Utterances/annotated_sentence_segments/uid_b7tT96cSBaaiNnMJ2KcuOQPRkO83_sid_5hkZcPiSBPzGIpag8Xeo_1742423396_195798682_sentence_segment_close.wav",16.93562041410142,23.756028863174805,17.17929910262601,23.58106510704102
"/home/michaelbennie/OneDrive/Leite,Walter's files - Storiza Corpus Spring 2025/Processed_Utterances/annotated_sentence_segments/uid_b7tT96cSBaaiNnMJ2KcuOQPRkO83_sid_5hkZcPiSBPzGIpag8Xeo_1742423396_195798683_sentence_segment_close.wav",24.153438420246324,28.288137240599546,24.275202354672555,28.21192052980133
"/home/michaelbennie/OneDrive/Leite,Walter's files - Storiza Corpus Spring 2025/Processed_Utterances/annotated_sentence_segments/uid_b7tT96cSBaaiNnMJ2KcuOQPRkO83_sid_5hkZcPiSBPzGIpag8Xeo_1742423396_195798684_sentence_segment_close.wav",29.924958173198707,41.697075274817536,30.154525386313463,41.3392200147167
"/home/michaelbennie/OneDrive/Leite,Walter's files - Storiza Corpus Spring 2025/Processed_Utterances/annotated_sentence_segments/uid_b7tT96cSBaaiNnMJ2KcuOQPRkO83_sid_5hkZcPiSBPzGIpag8Xeo_1742423396_195798685_sentence_segment_close.wav",42.17016374142795,51.70681116583914,42.35232379375592,51.73657100809418
"/home/michaelbennie/OneDrive/Leite,Walter's files - Storiza Corpus Spring 2025/Processed_Utterances/annotated_sentence_segments/uid_b7tT96cSBaaiNnMJ2KcuOQPRkO83_sid_5hkZcPiSBPzGIpag8Xeo_1742423396_195798686_sentence_segment_close.wav",51.9252065967262,64.04056236090973,51.920529801324506,64.08772863450017
"/home/michaelbennie/OneDrive/Leite,Walter's files - Storiza Corpus Spring 2025/Processed_Utterances/annotated_sentence_segments/uid_b7tT96cSBaaiNnMJ2KcuOQPRkO83_sid_5hkZcPiSBPzGIpag8Xeo_1742423396_195798687_sentence_segment_close.wav",65.95389193700467,69.92124488546685,65.91856517889993,69.9067918161332
"/home/michaelbennie/OneDrive/Leite,Walter's files - Storiza Corpus Spring 2025/Processed_Utterances/annotated_sentence_segments/uid_b7tT96cSBaaiNnMJ2KcuOQPRkO83_sid_5hkZcPiSBPzGIpag8Xeo_1742423396_195798688_sentence_segment_close.wav",70.53062895398803,74.16836144095244,70.47829286239882,74.28256070640177
"/home/michaelbennie/OneDrive/Leite,Walter's files - Storiza Corpus Spring 2025/Processed_Utterances/annotated_sentence_segments/uid_b7tT96cSBaaiNnMJ2KcuOQPRkO83_sid_5hkZcPiSBPzGIpag8Xeo_1742423396_195798689_sentence_segment_close.wav",74.55198155003065,79.71659024700034,74.49573891366701,79.85997732426304
"/home/michaelbennie/OneDrive/Leite,Walter's files - Storiza Corpus Spring 2025/Processed_Utterances/annotated_sentence_segments/uid_mHWscHBXcoabM7fdw88AliGuPWw1_sid_zNwobTQRQ5zMd2Rabg7s_1743380602_195798690_sentence_segment_close.wav",1.651260565340909,4.822839022727273,0.8306581440155428,4.983948864093257
"/home/michaelbennie/OneDrive/Leite,Walter's files - Storiza Corpus Spring 2025/Processed_Utterances/annotated_sentence_segments/uid_mHWscHBXcoabM7fdw88AliGuPWw1_sid_zNwobTQRQ5zMd2Rabg7s_1743380602_195798691_sentence_segment_close.wav",5.216158774614775,8.447183623573107,5.09470328329533,8.472713068958537
"/home/michaelbennie/OneDrive/Leite,Walter's files - Storiza Corpus Spring 2025/Processed_Utterances/annotated_sentence_segments/uid_mHWscHBXcoabM7fdw88AliGuPWw1_sid_zNwobTQRQ5zMd2Rabg7s_1743380602_195798692_sentence_segment_close.wav",9.001332002469452,11.529302143331194,8.86035353616579,11.739968435419671
"/home/michaelbennie/OneDrive/Leite,Walter's files - Storiza Corpus Spring 2025/Processed_Utterances/annotated_sentence_segments/uid_mHWscHBXcoabM7fdw88AliGuPWw1_sid_zNwobTQRQ5zMd2Rabg7s_1743380602_195798693_sentence_segment_close.wav",16.47432828519901,21.233323694211006,16.391654041906712,21.43098011560101
"/home/michaelbennie/OneDrive/Leite,Walter's files - Storiza Corpus Spring 2025/Processed_Utterances/annotated_sentence_segments/uid_mHWscHBXcoabM7fdw88AliGuPWw1_sid_zNwobTQRQ5zMd2Rabg7s_1743380602_195798694_sentence_segment_close.wav",21.693908478633368,27.68625444796143,21.59711174440412,28.20780888157976
"/home/michaelbennie/OneDrive/Leite,Walter's files - Storiza Corpus Spring 2025/Processed_Utterances/annotated_sentence_segments/uid_mHWscHBXcoabM7fdw88AliGuPWw1_sid_zNwobTQRQ5zMd2Rabg7s_1743380602_195798695_sentence_segment_close.wav",28.383942570951994,30.231199485734603,28.388580627473733,30.295740135739287
"/home/michaelbennie/OneDrive/Leite,Walter's files - Storiza Corpus Spring 2025/Processed_Utterances/annotated_sentence_segments/uid_mHWscHBXcoabM7fdw88AliGuPWw1_sid_zNwobTQRQ5zMd2Rabg7s_1743380602_195798696_sentence_segment_close.wav",31.72637019287718,34.85997687271908,32.00802714939892,35.05377367745591
"/home/michaelbennie/OneDrive/Leite,Walter's files - Storiza Corpus Spring 2025/Processed_Utterances/annotated_sentence_segments/uid_mHWscHBXcoabM7fdw88AliGuPWw1_sid_zNwobTQRQ5zMd2Rabg7s_1743380602_195798697_sentence_segment_close.wav",35.376650625645404,48.63324254849125,35.38456782540825,48.528894398711664
"/home/michaelbennie/OneDrive/Leite,Walter's files - Storiza Corpus Spring 2025/Processed_Utterances/annotated_sentence_segments/uid_mHWscHBXcoabM7fdw88AliGuPWw1_sid_zNwobTQRQ5zMd2Rabg7s_1743380602_195798698_sentence_segment_close.wav",49.12280519272626,54.59268788363535,48.91653571090808,54.78651992861792
"/home/michaelbennie/OneDrive/Leite,Walter's files - Storiza Corpus Spring 2025/Processed_Utterances/annotated_sentence_segments/uid_mHWscHBXcoabM7fdw88AliGuPWw1_sid_zNwobTQRQ5zMd2Rabg7s_1743380602_195798699_sentence_segment_close.wav",55.85360906294805,60.2176712485607,55.8571448542524,60.2873216223353
"/home/michaelbennie/OneDrive/Leite,Walter's files - Storiza Corpus Spring 2025/Processed_Utterances/annotated_sentence_segments/uid_mHWscHBXcoabM7fdw88AliGuPWw1_sid_zNwobTQRQ5zMd2Rabg7s_1743380602_195798700_sentence_segment_close.wav",60.69392607329024,68.13994147376455,60.61454071605704,68.36735006020211
"/home/michaelbennie/OneDrive/Leite,Walter's files - Storiza Corpus Spring 2025/Processed_Utterances/annotated_sentence_segments/uid_mHWscHBXcoabM7fdw88AliGuPWw1_sid_zNwobTQRQ5zMd2Rabg7s_1743380602_195798701_sentence_segment_close.wav",68.42031461137444,74.31732641672197,68.47810447940418,73.90259882344854
"/home/michaelbennie/OneDrive/Leite,Walter's files - Storiza Corpus Spring 2025/Processed_Utterances/annotated_sentence_segments/uid_mHWscHBXcoabM7fdw88AliGuPWw1_sid_zNwobTQRQ5zMd2Rabg7s_1743380602_195798702_sentence_segment_close.wav",74.41727001481068,82.74361986167116,75.40025567953371,82.66617990718784
"/home/michaelbennie/OneDrive/Leite,Walter's files - Storiza Corpus Spring 2025/Processed_Utterances/annotated_sentence_segments/uid_mHWscHBXcoabM7fdw88AliGuPWw1_sid_zNwobTQRQ5zMd2Rabg7s_1743380602_195798703_sentence_segment_close.wav",83.12844768562326,97.26658211323537,83.21117709100811,97.20836754462054
"/home/michaelbennie/OneDrive/Leite,Walter's files - Storiza Corpus Spring 2025/Processed_Utterances/annotated_sentence_segments/uid_flpss45kNMRJ1OyjEiJaPFx5rCo2_sid_cqG7XCJHLAa4J12lsMtP_1743380445_195798704_sentence_segment_close.wav",1.456868384647079,13.736207896066132,1.451731761238025,13.750921149594694
"/home/michaelbennie/OneDrive/Leite,Walter's files - Storiza Corpus Spring 2025/Processed_Utterances/annotated_sentence_segments/uid_flpss45kNMRJ1OyjEiJaPFx5rCo2_sid_cqG7XCJHLAa4J12lsMtP_1743380445_195798705_sentence_segment_close.wav",14.266829414641284,21.76538535405426,14.1930729550479,21.945467943994107
"/home/michaelbennie/OneDrive/Leite,Walter's files - Storiza Corpus Spring 2025/Processed_Utterances/annotated_sentence_segments/uid_flpss45kNMRJ1OyjEiJaPFx5rCo2_sid_cqG7XCJHLAa4J12lsMtP_1743380445_195798706_sentence_segment_close.wav",22.001469237798606,28.80435166122838,21.98231392778187,29.086219602063373
"/home/michaelbennie/OneDrive/Leite,Walter's files - Storiza Corpus Spring 2025/Processed_Utterances/annotated_sentence_segments/uid_flpss45kNMRJ1OyjEiJaPFx5rCo2_sid_cqG7XCJHLAa4J12lsMtP_1743380445_195798707_sentence_segment_close.wav",29.13660141602607,35.40168511200188,29.123065585851144,35.33529845246868
"/home/michaelbennie/OneDrive/Leite,Walter's files - Storiza Corpus Spring 2025/Processed_Utterances/annotated_sentence_segments/uid_flpss45kNMRJ1OyjEiJaPFx5rCo2_sid_cqG7XCJHLAa4J12lsMtP_1743380445_195798708_sentence_segment_close.wav",35.396565828654246,42.031367320592494,35.357406042741346,42.23286661753869
"/home/michaelbennie/OneDrive/Leite,Walter's files - Storiza Corpus Spring 2025/Processed_Utterances/annotated_sentence_segments/uid_flpss45kNMRJ1OyjEiJaPFx5rCo2_sid_cqG7XCJHLAa4J12lsMtP_1743380445_195798709_sentence_segment_close.wav",42.28457226889404,47.94645629014503,42.28445099484156,48.34193072955048
"/home/michaelbennie/OneDrive/Leite,Walter's files - Storiza Corpus Spring 2025/Processed_Utterances/annotated_sentence_segments/uid_flpss45kNMRJ1OyjEiJaPFx5rCo2_sid_cqG7XCJHLAa4J12lsMtP_1743380445_195798710_sentence_segment_close.wav",48.59153706006647,56.675545458858394,48.57406042741341,56.643330876934414
"/home/michaelbennie/OneDrive/Leite,Walter's files - Storiza Corpus Spring 2025/Processed_Utterances/annotated_sentence_segments/uid_flpss45kNMRJ1OyjEiJaPFx5rCo2_sid_cqG7XCJHLAa4J12lsMtP_1743380445_195798711_sentence_segment_close.wav",57.27575711240153,61.04900738828867,57.26661528951523,61.02077442507052
"/home/michaelbennie/OneDrive/Leite,Walter's files - Storiza Corpus Spring 2025/Processed_Utterances/annotated_sentence_segments/uid_flpss45kNMRJ1OyjEiJaPFx5rCo2_sid_cqG7XCJHLAa4J12lsMtP_1743380445_195798712_sentence_segment_close.wav",61.014698745282054,65.49779336127673,61.05584277491101,65.70332198008713
"/home/michaelbennie/OneDrive/Leite,Walter's files - Storiza Corpus Spring 2025/Processed_Utterances/annotated_sentence_segments/uid_flpss45kNMRJ1OyjEiJaPFx5rCo2_sid_cqG7XCJHLAa4J12lsMtP_1743380445_195798713_sentence_segment_close.wav",65.7454979736013,69.21563437473324,65.73469892468124,69.20461985626626
"/home/michaelbennie/OneDrive/Leite,Walter's files - Storiza Corpus Spring 2025/Processed_Utterances/annotated_sentence_segments/uid_flpss45kNMRJ1OyjEiJaPFx5rCo2_sid_cqG7XCJHLAa4J12lsMtP_1743380445_195798714_sentence_segment_close.wav",69.23638373057413,78.29482080521673,69.23599680086039,78.23933419674964
"/home/michaelbennie/OneDrive/Leite,Walter's files - Storiza Corpus Spring 2025/Processed_Utterances/annotated_sentence_segments/uid_flpss45kNMRJ1OyjEiJaPFx5rCo2_sid_cqG7XCJHLAa4J12lsMtP_1743380445_195798715_sentence_segment_close.wav",78.39513649405266,90.05512158720785,78.42575016169116,90.42281721238407
"/home/michaelbennie/OneDrive/Leite,Walter's files - Storiza Corpus Spring 2025/Processed_Utterances/annotated_sentence_segments/uid_flpss45kNMRJ1OyjEiJaPFx5rCo2_sid_cqG7XCJHLAa4J12lsMtP_1743380445_195798716_sentence_segment_close.wav",90.65004504610496,100.28713814708924,90.67383276913704,100.6480097448208
"/home/michaelbennie/OneDrive/Leite,Walter's files - Storiza Corpus Spring 2025/Processed_Utterances/annotated_sentence_segments/uid_flpss45kNMRJ1OyjEiJaPFx5rCo2_sid_cqG7XCJHLAa4J12lsMtP_1743380445_195798717_sentence_segment_close.wav",100.71696876221431,106.04693888844149,100.7052265261395,106.05407272812536
"/home/michaelbennie/OneDrive/Leite,Walter's files - Storiza Corpus Spring 2025/Processed_Utterances/annotated_sentence_segments/uid_flpss45kNMRJ1OyjEiJaPFx5rCo2_sid_cqG7XCJHLAa4J12lsMtP_1743380445_195798718_sentence_segment_close.wav",106.04080545770707,112.74968368685478,106.07991256484992,113.14157080115008
"/home/michaelbennie/OneDrive/Leite,Walter's files - Storiza Corpus Spring 2025/Processed_Utterances/annotated_sentence_segments/uid_flpss45kNMRJ1OyjEiJaPFx5rCo2_sid_cqG7XCJHLAa4J12lsMtP_1743380445_195798719_sentence_segment_close.wav",113.15589820201679,120.03750868978418,113.16187353000512,120.34534813943536
"/home/michaelbennie/OneDrive/Leite,Walter's files - Storiza Corpus Spring 2025/Processed_Utterances/annotated_sentence_segments/uid_flpss45kNMRJ1OyjEiJaPFx5rCo2_sid_cqG7XCJHLAa4J12lsMtP_1743380445_195798720_sentence_segment_close.wav",120.42975719138038,129.402871493222,120.40256492075406,129.3946067594276
"/home/michaelbennie/OneDrive/Leite,Walter's files - Storiza Corpus Spring 2025/Processed_Utterances/annotated_sentence_segments/uid_IGe7nmfoeKQG1oyWJEMIv6KIP5Q2_sid_OJ3hCvb3pokTxqbvhJuh_1742508917_195798721_sentence_segment_close.wav",1.301165514890387,17.689379963807028,0.0,18.170880180834047
"/home/michaelbennie/OneDrive/Leite,Walter's files - Storiza Corpus Spring 2025/Processed_Utterances/annotated_sentence_segments/uid_IGe7nmfoeKQG1oyWJEMIv6KIP5Q2_sid_OJ3hCvb3pokTxqbvhJuh_1742508917_195798722_sentence_segment_close.wav",38.72480063704035,50.362302985490714,38.76708785132607,50.31507432364468
"/home/michaelbennie/OneDrive/Leite,Walter's files - Storiza Corpus Spring 2025/Processed_Utterances/annotated_sentence_segments/uid_IGe7nmfoeKQG1oyWJEMIv6KIP5Q2_sid_OJ3hCvb3pokTxqbvhJuh_1742508917_195798723_sentence_segment_close.wav",50.822136176104046,76.53898937547353,50.80940910618416,76.34282699743582
"/home/michaelbennie/OneDrive/Leite,Walter's files - Storiza Corpus Spring 2025/Processed_Utterances/annotated_sentence_segments/uid_IGe7nmfoeKQG1oyWJEMIv6KIP5Q2_sid_OJ3hCvb3pokTxqbvhJuh_1742508917_195798724_sentence_segment_close.wav",77.96853449659247,85.35831341410292,76.9789272441761,85.7425155882074
"/home/michaelbennie/OneDrive/Leite,Walter's files - Storiza Corpus Spring 2025/Processed_Utterances/annotated_sentence_segments/uid_IGe7nmfoeKQG1oyWJEMIv6KIP5Q2_sid_OJ3hCvb3pokTxqbvhJuh_1742508917_195798725_sentence_segment_close.wav",85.94013471452199,92.78495490202928,85.8236599247262,92.74797664099783
"/home/michaelbennie/OneDrive/Leite,Walter's files - Storiza Corpus Spring 2025/Processed_Utterances/annotated_sentence_segments/uid_IGe7nmfoeKQG1oyWJEMIv6KIP5Q2_sid_OJ3hCvb3pokTxqbvhJuh_1742508917_195798726_sentence_segment_close.wav",93.24069480466986,113.19538470707082,92.99140965055427,113.81845602371509
"/home/michaelbennie/OneDrive/Leite,Walter's files - Storiza Corpus Spring 2025/Processed_Utterances/annotated_sentence_segments/uid_IGe7nmfoeKQG1oyWJEMIv6KIP5Q2_sid_OJ3hCvb3pokTxqbvhJuh_1742508917_195798727_sentence_segment_close.wav",114.35641873692843,136.77669933703902,114.30532204282792,136.9983024108788
"/home/michaelbennie/OneDrive/Leite,Walter's files - Storiza Corpus Spring 2025/Processed_Utterances/annotated_sentence_segments/uid_IGe7nmfoeKQG1oyWJEMIv6KIP5Q2_sid_OJ3hCvb3pokTxqbvhJuh_1742508917_195798728_sentence_segment_close.wav",137.16616377017104,148.46039657301125,137.133928716786,148.69523888291906
"/home/michaelbennie/OneDrive/Leite,Walter's files - Storiza Corpus Spring 2025/Processed_Utterances/annotated_sentence_segments/uid_IGe7nmfoeKQG1oyWJEMIv6KIP5Q2_sid_OJ3hCvb3pokTxqbvhJuh_1742508917_195798729_sentence_segment_close.wav",149.0953501369617,164.7947012405329,149.12056455866602,165.6426389470606
"/home/michaelbennie/OneDrive/Leite,Walter's files - Storiza Corpus Spring 2025/Processed_Utterances/annotated_sentence_segments/uid_IGe7nmfoeKQG1oyWJEMIv6KIP5Q2_sid_OJ3hCvb3pokTxqbvhJuh_1742508917_195798730_sentence_segment_close.wav",167.1365453541545,190.01765254068067,165.88607195661703,190.53908639463464
"/home/michaelbennie/OneDrive/Leite,Walter's files - Storiza Corpus Spring 2025/Processed_Utterances/annotated_sentence_segments/uid_IGe7nmfoeKQG1oyWJEMIv6KIP5Q2_sid_OJ3hCvb3pokTxqbvhJuh_1742508917_195798731_sentence_segment_close.wav",190.59133991610256,203.1963556152519,190.63587429046527,203.69933277438167
"/home/michaelbennie/OneDrive/Leite,Walter's files - Storiza Corpus Spring 2025/Processed_Utterances/annotated_sentence_segments/uid_IGe7nmfoeKQG1oyWJEMIv6KIP5Q2_sid_OJ3hCvb3pokTxqbvhJuh_1742508917_195798732_sentence_segment_close.wav",204.01811350477078,209.48171609529783,203.78048150331412,209.785162405706
"/home/michaelbennie/OneDrive/Leite,Walter's files - Storiza Corpus Spring 2025/Processed_Utterances/annotated_sentence_segments/uid_IGe7nmfoeKQG1oyWJEMIv6KIP5Q2_sid_OJ3hCvb3pokTxqbvhJuh_1742508917_195798733_sentence_segment_close.wav",210.88991367867848,239.16976687568086,210.0015429106758,239.48398517917613
"/home/michaelbennie/OneDrive/Leite,Walter's files - Storiza Corpus Spring 2025/Processed_Utterances/annotated_sentence_segments/uid_IGe7nmfoeKQG1oyWJEMIv6KIP5Q2_sid_OJ3hCvb3pokTxqbvhJuh_1742508917_195798734_sentence_segment_close.wav",240.29722799826038,255.7997182677321,239.88970686177012,256.06434714132405
"/home/michaelbennie/OneDrive/Leite,Walter's files - Storiza Corpus Spring 2025/Processed_Utterances/annotated_sentence_segments/uid_IGe7nmfoeKQG1oyWJEMIv6KIP5Q2_sid_OJ3hCvb3pokTxqbvhJuh_1742508917_195798735_sentence_segment_close.wav",256.1722975898657,278.1677931493063,256.179316229212,277.94640508150496
"/home/michaelbennie/OneDrive/Leite,Walter's files - Storiza Corpus Spring 2025/Processed_Utterances/annotated_sentence_segments/uid_IGe7nmfoeKQG1oyWJEMIv6KIP5Q2_sid_OJ3hCvb3pokTxqbvhJuh_1742508917_195798736_sentence_segment_close.wav",279.5857965435873,281.88979910392584,278.18983369864765,281.92264194654587
"/home/michaelbennie/OneDrive/Leite,Walter's files - Storiza Corpus Spring 2025/Processed_Utterances/annotated_sentence_segments/uid_IGe7nmfoeKQG1oyWJEMIv6KIP5Q2_sid_OJ3hCvb3pokTxqbvhJuh_1742508917_195798737_sentence_segment_close.wav",282.2701097949972,291.9830786598131,282.32194430846056,292.75501521902623
"/home/michaelbennie/OneDrive/Leite,Walter's files - Storiza Corpus Spring 2025/Processed_Utterances/annotated_sentence_segments/uid_IGe7nmfoeKQG1oyWJEMIv6KIP5Q2_sid_OJ3hCvb3pokTxqbvhJuh_1742508917_195798738_sentence_segment_close.wav",293.02763485247897,332.47098051170036,292.90323523063984,333.0434051853621
"/home/michaelbennie/OneDrive/Leite,Walter's files - Storiza Corpus Spring 2025/Processed_Utterances/annotated_sentence_segments/uid_eQ9VyOzVOCQWR7uTGBGzvfh3rUJ2_sid_i8ZL8hdudVu5SxNk90X4_1743022443_195798739_sentence_segment_close.wav",0.8113657152345809,8.902790337909893,0.8022707102423285,9.102686904672574
"/home/michaelbennie/OneDrive/Leite,Walter's files - Storiza Corpus Spring 2025/Processed_Utterances/annotated_sentence_segments/uid_eQ9VyOzVOCQWR7uTGBGzvfh3rUJ2_sid_i8ZL8hdudVu5SxNk90X4_1743022443_195798740_sentence_segment_close.wav",9.018165734891559,14.684634927302625,9.103651494021994,14.864186617805254
"/home/michaelbennie/OneDrive/Leite,Walter's files - Storiza Corpus Spring 2025/Processed_Utterances/annotated_sentence_segments/uid_eQ9VyOzVOCQWR7uTGBGzvfh3rUJ2_sid_i8ZL8hdudVu5SxNk90X4_1743022443_195798741_sentence_segment_close.wav",14.850063682320181,20.357304516154173,14.869226176233225,20.67376269657926
"/home/michaelbennie/OneDrive/Leite,Walter's files - Storiza Corpus Spring 2025/Processed_Utterances/annotated_sentence_segments/uid_eQ9VyOzVOCQWR7uTGBGzvfh3rUJ2_sid_i8ZL8hdudVu5SxNk90X4_1743022443_195798742_sentence_segment_close.wav",20.617574038834277,27.826653731482498,20.68933454476313,27.819129774969603
"/home/michaelbennie/OneDrive/Leite,Walter's files - Storiza Corpus Spring 2025/Processed_Utterances/annotated_sentence_segments/uid_eQ9VyOzVOCQWR7uTGBGzvfh3rUJ2_sid_i8ZL8hdudVu5SxNk90X4_1743022443_195798743_sentence_segment_close.wav",28.535945893844985,31.839655734872654,28.559680163410203,31.9596880051343
"/home/michaelbennie/OneDrive/Leite,Walter's files - Storiza Corpus Spring 2025/Processed_Utterances/annotated_sentence_segments/uid_eQ9VyOzVOCQWR7uTGBGzvfh3rUJ2_sid_i8ZL8hdudVu5SxNk90X4_1743022443_195798744_sentence_segment_close.wav",31.942873899641754,47.67430303794501,31.962580808176043,47.68207253698667
"/home/michaelbennie/OneDrive/Leite,Walter's files - Storiza Corpus Spring 2025/Processed_Utterances/annotated_sentence_segments/uid_eQ9VyOzVOCQWR7uTGBGzvfh3rUJ2_sid_i8ZL8hdudVu5SxNk90X4_1743022443_195798745_sentence_segment_close.wav",47.95392472633179,52.511835659517686,47.68629384386551,52.9730093003276
"/home/michaelbennie/OneDrive/Leite,Walter's files - Storiza Corpus Spring 2025/Processed_Utterances/annotated_sentence_segments/uid_eQ9VyOzVOCQWR7uTGBGzvfh3rUJ2_sid_i8ZL8hdudVu5SxNk90X4_1743022443_195798746_sentence_segment_close.wav",52.97412047449919,57.82728110232527,52.97508353015136,57.9235595724239
"/home/michaelbennie/OneDrive/Leite,Walter's files - Storiza Corpus Spring 2025/Processed_Utterances/annotated_sentence_segments/uid_eQ9VyOzVOCQWR7uTGBGzvfh3rUJ2_sid_i8ZL8hdudVu5SxNk90X4_1743022443_195798747_sentence_segment_close.wav",57.87326014342114,64.0301316438164,57.93030944618794,64.21540618820659
"/home/michaelbennie/OneDrive/Leite,Walter's files - Storiza Corpus Spring 2025/Processed_Utterances/annotated_sentence_segments/uid_eQ9VyOzVOCQWR7uTGBGzvfh3rUJ2_sid_i8ZL8hdudVu5SxNk90X4_1743022443_195798748_sentence_segment_close.wav",64.98496794112584,76.83416320792426,64.92607146879384,77.02570232470818
"/home/michaelbennie/OneDrive/Leite,Walter's files - Storiza Corpus Spring 2025/Processed_Utterances/annotated_sentence_segments/uid_eQ9VyOzVOCQWR7uTGBGzvfh3rUJ2_sid_i8ZL8hdudVu5SxNk90X4_1743022443_195798749_sentence_segment_close.wav",77.09687311625484,83.76377191277658,77.10477227451571,83.88357406899118
"/home/michaelbennie/OneDrive/Leite,Walter's files - Storiza Corpus Spring 2025/Processed_Utterances/annotated_sentence_segments/uid_eQ9VyOzVOCQWR7uTGBGzvfh3rUJ2_sid_i8ZL8hdudVu5SxNk90X4_1743022443_195798750_sentence_segment_close.wav",84.39810776108497,92.13691376156332,84.19213972677667,95.23879027549796
"/home/michaelbennie/OneDrive/Leite,Walter's files - Storiza Corpus Spring 2025/Processed_Utterances/annotated_sentence_segments/uid_eQ9VyOzVOCQWR7uTGBGzvfh3rUJ2_sid_i8ZL8hdudVu5SxNk90X4_1743022443_195798751_sentence_segment_close.wav",94.40340107636557,98.06888634302261,95.2434964934574,98.2357522123894
"/home/michaelbennie/OneDrive/Leite,Walter's files - Storiza Corpus Spring 2025/Processed_Utterances/annotated_sentence_segments/uid_ihIoefKsGwTDai7fGs9x3DyNvju2_sid_MeMarit6msvAMziBN7LA_1742773937_195798752_sentence_segment_close.wav",1.1233370816265826,3.6941164220218394,1.05379513633014,3.684598378776714
"/home/michaelbennie/OneDrive/Leite,Walter's files - Storiza Corpus Spring 2025/Processed_Utterances/annotated_sentence_segments/uid_ihIoefKsGwTDai7fGs9x3DyNvju2_sid_MeMarit6msvAMziBN7LA_1742773937_195798753_sentence_segment_close.wav",3.711233273161385,9.827129760987471,3.69933677229182,9.859985261606486
"/home/michaelbennie/OneDrive/Leite,Walter's files - Storiza Corpus Spring 2025/Processed_Utterances/annotated_sentence_segments/uid_ihIoefKsGwTDai7fGs9x3DyNvju2_sid_MeMarit6msvAMziBN7LA_1742773937_195798754_sentence_segment_close.wav",10.099884047531317,16.445105974408786,9.882092851879143,16.875460574797348
"/home/michaelbennie/OneDrive/Leite,Walter's files - Storiza Corpus Spring 2025/Processed_Utterances/annotated_sentence_segments/uid_ihIoefKsGwTDai7fGs9x3DyNvju2_sid_MeMarit6msvAMziBN7LA_1742773937_195798755_sentence_segment_close.wav",16.904915829535742,18.78903817451598,16.901252763448785,18.82621096562833
"/home/michaelbennie/OneDrive/Leite,Walter's files - Storiza Corpus Spring 2025/Processed_Utterances/annotated_sentence_segments/uid_ihIoefKsGwTDai7fGs9x3DyNvju2_sid_MeMarit6msvAMziBN7LA_1742773937_195798756_sentence_segment_close.wav",18.79590715018152,24.548105729153853,18.8280759261499,24.57842979294396
"/home/michaelbennie/OneDrive/Leite,Walter's files - Storiza Corpus Spring 2025/Processed_Utterances/annotated_sentence_segments/uid_ihIoefKsGwTDai7fGs9x3DyNvju2_sid_MeMarit6msvAMziBN7LA_1742773937_195798757_sentence_segment_close.wav",24.789235747774796,29.070907592438825,24.74792131836768,29.206285356687506
"/home/michaelbennie/OneDrive/Leite,Walter's files - Storiza Corpus Spring 2025/Processed_Utterances/annotated_sentence_segments/uid_uJ59YClhDZUuJsN0vsDR1GRv6pu1_sid_BgEKj3YsDOc1MjBj4yDv_1741917511_195798758_sentence_segment_close.wav",0.9161728139130435,4.0320511709090905,0.9345106696100072,4.120676968359088
"/home/michaelbennie/OneDrive/Leite,Walter's files - Storiza Corpus Spring 2025/Processed_Utterances/annotated_sentence_segments/uid_uJ59YClhDZUuJsN0vsDR1GRv6pu1_sid_BgEKj3YsDOc1MjBj4yDv_1741917511_195798759_sentence_segment_close.wav",4.5390476133490845,7.500442104258175,4.559725213349084,7.731174808639738
"/home/michaelbennie/OneDrive/Leite,Walter's files - Storiza Corpus Spring 2025/Processed_Utterances/annotated_sentence_segments/uid_uJ59YClhDZUuJsN0vsDR1GRv6pu1_sid_BgEKj3YsDOc1MjBj4yDv_1741917511_195798760_sentence_segment_close.wav",8.618914456362297,16.369546341263487,8.270787343635025,16.364974245768945
"/home/michaelbennie/OneDrive/Leite,Walter's files - Storiza Corpus Spring 2025/Processed_Utterances/annotated_sentence_segments/uid_uJ59YClhDZUuJsN0vsDR1GRv6pu1_sid_BgEKj3YsDOc1MjBj4yDv_1741917511_195798761_sentence_segment_close.wav",16.857578103704576,25.11493429658995,16.87760668172829,25.339711170322843
"/home/michaelbennie/OneDrive/Leite,Walter's files - Storiza Corpus Spring 2025/Processed_Utterances/annotated_sentence_segments/uid_uJ59YClhDZUuJsN0vsDR1GRv6pu1_sid_BgEKj3YsDOc1MjBj4yDv_1741917511_195798762_sentence_segment_close.wav",25.972815356917515,31.775193093518304,25.894039735099334,32.09713024282561
"/home/michaelbennie/OneDrive/Leite,Walter's files - Storiza Corpus Spring 2025/Processed_Utterances/annotated_sentence_segments/uid_uJ59YClhDZUuJsN0vsDR1GRv6pu1_sid_BgEKj3YsDOc1MjBj4yDv_1741917511_195798763_sentence_segment_close.wav",32.248894397409856,39.369633048318946,32.244297277409856,39.35982339955849
"/home/michaelbennie/OneDrive/Leite,Walter's files - Storiza Corpus Spring 2025/Processed_Utterances/annotated_sentence_segments/uid_uJ59YClhDZUuJsN0vsDR1GRv6pu1_sid_BgEKj3YsDOc1MjBj4yDv_1741917511_195798764_sentence_segment_close.wav",39.89583584779511,43.61042947404788,39.83321189178624,43.52710445985099
"/home/michaelbennie/OneDrive/Leite,Walter's files - Storiza Corpus Spring 2025/Processed_Utterances/annotated_sentence_segments/uid_uJ59YClhDZUuJsN0vsDR1GRv6pu1_sid_BgEKj3YsDOc1MjBj4yDv_1741917511_195798765_sentence_segment_close.wav",44.164730657284416,53.589228998134026,44.16301692420898,53.5890654893304
"/home/michaelbennie/OneDrive/Leite,Walter's files - Storiza Corpus Spring 2025/Processed_Utterances/annotated_sentence_segments/uid_XmxSYUZAj4dRqSczt2clQkDf31M2_sid_htmuP5C6ltf1uTEX9ux8_1742869165_195798766_sentence_segment_close.wav",0.3363673192833983,24.75147211325561,0.0442151805453205,25.60795873249816
"/home/michaelbennie/OneDrive/Leite,Walter's files - Storiza Corpus Spring 2025/Processed_Utterances/annotated_sentence_segments/uid_XmxSYUZAj4dRqSczt2clQkDf31M2_sid_htmuP5C6ltf1uTEX9ux8_1742869165_195798767_sentence_segment_close.wav",27.37656543903492,40.610311021483525,26.91967575534267,41.12748710390568
"/home/michaelbennie/OneDrive/Leite,Walter's files - Storiza Corpus Spring 2025/Processed_Utterances/annotated_sentence_segments/uid_Om0JhZ6RmTNQ5wDLPHKIC3LtY4g2_sid_4SyoJ5neD3pBMkPc5e6V_1741219404_195798768_sentence_segment_close.wav",5.946705531917083,13.3182592840353,5.264481826138495,13.576821551620329
"/home/michaelbennie/OneDrive/Leite,Walter's files - Storiza Corpus Spring 2025/Processed_Utterances/annotated_sentence_segments/uid_Om0JhZ6RmTNQ5wDLPHKIC3LtY4g2_sid_4SyoJ5neD3pBMkPc5e6V_1741219404_195798769_sentence_segment_close.wav",13.70001965321649,19.408679603118834,13.676877375319428,19.65714401115219
"/home/michaelbennie/OneDrive/Leite,Walter's files - Storiza Corpus Spring 2025/Processed_Utterances/annotated_sentence_segments/uid_Om0JhZ6RmTNQ5wDLPHKIC3LtY4g2_sid_4SyoJ5neD3pBMkPc5e6V_1741219404_195798770_sentence_segment_close.wav",19.784753594504178,24.882942572499587,19.71871701544857,25.09864800444098
"/home/michaelbennie/OneDrive/Leite,Walter's files - Storiza Corpus Spring 2025/Processed_Utterances/annotated_sentence_segments/uid_Om0JhZ6RmTNQ5wDLPHKIC3LtY4g2_sid_4SyoJ5neD3pBMkPc5e6V_1741219404_195798771_sentence_segment_close.wav",25.39127987717252,37.911663763449255,25.41420951933886,38.20597676355258
"/home/michaelbennie/OneDrive/Leite,Walter's files - Storiza Corpus Spring 2025/Processed_Utterances/annotated_sentence_segments/uid_Om0JhZ6RmTNQ5wDLPHKIC3LtY4g2_sid_4SyoJ5neD3pBMkPc5e6V_1741219404_195798772_sentence_segment_close.wav",38.2282191081501,45.861908776156376,38.24784463180397,45.867489380162326
"/home/michaelbennie/OneDrive/Leite,Walter's files - Storiza Corpus Spring 2025/Processed_Utterances/annotated_sentence_segments/uid_Om0JhZ6RmTNQ5wDLPHKIC3LtY4g2_sid_4SyoJ5neD3pBMkPc5e6V_1741219404_195798773_sentence_segment_close.wav",45.99171071679058,51.85927542757919,46.006028375587015,52.00938484399057
"/home/michaelbennie/OneDrive/Leite,Walter's files - Storiza Corpus Spring 2025/Processed_Utterances/annotated_sentence_segments/uid_Om0JhZ6RmTNQ5wDLPHKIC3LtY4g2_sid_4SyoJ5neD3pBMkPc5e6V_1741219404_195798774_sentence_segment_close.wav",52.40059774301254,59.98563556269692,52.37882216512309,60.644982225463366
"/home/michaelbennie/OneDrive/Leite,Walter's files - Storiza Corpus Spring 2025/Processed_Utterances/annotated_sentence_segments/uid_jWPmLFrSHDZItPTjjPUB8KAsjlq2_sid_5J7R2ZQimq5M6HJd9Q3L_1742768464_195798775_sentence_segment_close.wav",0.7697781201481765,9.32580189280263,0.7790596866567607,9.303705176869276
"/home/michaelbennie/OneDrive/Leite,Walter's files - Storiza Corpus Spring 2025/Processed_Utterances/annotated_sentence_segments/uid_jWPmLFrSHDZItPTjjPUB8KAsjlq2_sid_5J7R2ZQimq5M6HJd9Q3L_1742768464_195798776_sentence_segment_close.wav",9.292237473195483,15.493834209398685,9.355195636009553,15.478529159629124
"/home/michaelbennie/OneDrive/Leite,Walter's files - Storiza Corpus Spring 2025/Processed_Utterances/annotated_sentence_segments/uid_jWPmLFrSHDZItPTjjPUB8KAsjlq2_sid_5J7R2ZQimq5M6HJd9Q3L_1742768464_195798777_sentence_segment_close.wav",15.517475701088479,21.743439424969832,15.5411515135891,21.73780378884724
"/home/michaelbennie/OneDrive/Leite,Walter's files - Storiza Corpus Spring 2025/Processed_Utterances/annotated_sentence_segments/uid_jWPmLFrSHDZItPTjjPUB8KAsjlq2_sid_5J7R2ZQimq5M6HJd9Q3L_1742768464_195798778_sentence_segment_close.wav",21.953141912023803,29.25768401708319,21.9990194852603,29.33529615928532
"/home/michaelbennie/OneDrive/Leite,Walter's files - Storiza Corpus Spring 2025/Processed_Utterances/annotated_sentence_segments/uid_jWPmLFrSHDZItPTjjPUB8KAsjlq2_sid_5J7R2ZQimq5M6HJd9Q3L_1742768464_195798779_sentence_segment_close.wav",29.357692361994577,35.63136273097141,29.380978365090552,35.659109625068986
"/home/michaelbennie/OneDrive/Leite,Walter's files - Storiza Corpus Spring 2025/Processed_Utterances/annotated_sentence_segments/uid_jWPmLFrSHDZItPTjjPUB8KAsjlq2_sid_5J7R2ZQimq5M6HJd9Q3L_1742768464_195798780_sentence_segment_close.wav",36.30106439806135,42.86686590582188,36.3177922029394,42.94579467324319
"/home/michaelbennie/OneDrive/Leite,Walter's files - Storiza Corpus Spring 2025/Processed_Utterances/annotated_sentence_segments/uid_jWPmLFrSHDZItPTjjPUB8KAsjlq2_sid_5J7R2ZQimq5M6HJd9Q3L_1742768464_195798781_sentence_segment_close.wav",43.14670968547033,46.00088533957232,43.16032651473862,46.00056594310582
"/home/michaelbennie/OneDrive/Leite,Walter's files - Storiza Corpus Spring 2025/Processed_Utterances/annotated_sentence_segments/uid_jWPmLFrSHDZItPTjjPUB8KAsjlq2_sid_5J7R2ZQimq5M6HJd9Q3L_1742768464_195798782_sentence_segment_close.wav",46.01569081777911,56.14430409973686,46.0360706401766,56.12437086092715
"/home/michaelbennie/OneDrive/Leite,Walter's files - Storiza Corpus Spring 2025/Processed_Utterances/annotated_sentence_segments/uid_Sn3Nw7A3OmOkiMXEFjEyRusLuuo2_sid_eOMbjMl5depUgqb4lRbh_1743021158_195798783_sentence_segment_close.wav",0.9801170979357962,21.717680278675473,0.8841224489857176,21.89503241311688
"/home/michaelbennie/OneDrive/Leite,Walter's files - Storiza Corpus Spring 2025/Processed_Utterances/annotated_sentence_segments/uid_Sn3Nw7A3OmOkiMXEFjEyRusLuuo2_sid_eOMbjMl5depUgqb4lRbh_1743021158_195798784_sentence_segment_close.wav",23.466803234760583,52.72961047876731,22.631802178694223,52.84798705285316
"/home/michaelbennie/OneDrive/Leite,Walter's files - Storiza Corpus Spring 2025/Processed_Utterances/annotated_sentence_segments/uid_Sn3Nw7A3OmOkiMXEFjEyRusLuuo2_sid_eOMbjMl5depUgqb4lRbh_1743021158_195798785_sentence_segment_close.wav",53.053852528395176,68.77472123534953,52.85665280382157,68.87487129132751
"/home/michaelbennie/OneDrive/Leite,Walter's files - Storiza Corpus Spring 2025/Processed_Utterances/annotated_sentence_segments/uid_Sn3Nw7A3OmOkiMXEFjEyRusLuuo2_sid_eOMbjMl5depUgqb4lRbh_1743021158_195798786_sentence_segment_close.wav",70.13078432742968,123.30875756586913,70.0537022813977,123.80314645944117
"/home/michaelbennie/OneDrive/Leite,Walter's files - Storiza Corpus Spring 2025/Processed_Utterances/annotated_sentence_segments/uid_Sn3Nw7A3OmOkiMXEFjEyRusLuuo2_sid_eOMbjMl5depUgqb4lRbh_1743021158_195798787_sentence_segment_close.wav",125.36939029956868,146.9014294510341,125.2853517415643,147.2843985604442
"/home/michaelbennie/OneDrive/Leite,Walter's files - Storiza Corpus Spring 2025/Processed_Utterances/annotated_sentence_segments/uid_Sn3Nw7A3OmOkiMXEFjEyRusLuuo2_sid_eOMbjMl5depUgqb4lRbh_1743021158_195798788_sentence_segment_close.wav",162.73740551290453,167.45744962253738,162.57451620760895,167.54120408279343
"/home/michaelbennie/OneDrive/Leite,Walter's files - Storiza Corpus Spring 2025/Processed_Utterances/annotated_sentence_segments/uid_Sn3Nw7A3OmOkiMXEFjEyRusLuuo2_sid_eOMbjMl5depUgqb4lRbh_1743021158_195798789_sentence_segment_close.wav",174.36027744177187,206.30397839803092,171.30305419219917,206.69395575306865
"/home/michaelbennie/OneDrive/Leite,Walter's files - Storiza Corpus Spring 2025/Processed_Utterances/annotated_sentence_segments/uid_ihIoefKsGwTDai7fGs9x3DyNvju2_sid_ujKXyBlmQlDqdJspmTTx_1742944450_195798790_sentence_segment_close.wav",2.00255737182841,6.371116139234082,1.208548268238762,6.507000736919675
"/home/michaelbennie/OneDrive/Leite,Walter's files - Storiza Corpus Spring 2025/Processed_Utterances/annotated_sentence_segments/uid_ihIoefKsGwTDai7fGs9x3DyNvju2_sid_ujKXyBlmQlDqdJspmTTx_1742944450_195798791_sentence_segment_close.wav",6.516688976139855,11.039961052180598,6.514369933677228,11.466470154753132
"/home/michaelbennie/OneDrive/Leite,Walter's files - Storiza Corpus Spring 2025/Processed_Utterances/annotated_sentence_segments/uid_ihIoefKsGwTDai7fGs9x3DyNvju2_sid_ujKXyBlmQlDqdJspmTTx_1742944450_195798792_sentence_segment_close.wav",11.53235981692278,17.059811381495404,11.522160302009327,17.071831824588497
"/home/michaelbennie/OneDrive/Leite,Walter's files - Storiza Corpus Spring 2025/Processed_Utterances/annotated_sentence_segments/uid_ihIoefKsGwTDai7fGs9x3DyNvju2_sid_ujKXyBlmQlDqdJspmTTx_1742944450_195798793_sentence_segment_close.wav",17.096800323431097,25.27026384522779,17.113177423505658,25.302726431663675
"/home/michaelbennie/OneDrive/Leite,Walter's files - Storiza Corpus Spring 2025/Processed_Utterances/annotated_sentence_segments/uid_ihIoefKsGwTDai7fGs9x3DyNvju2_sid_ujKXyBlmQlDqdJspmTTx_1742944450_195798794_sentence_segment_close.wav",25.726250502114624,31.39655305525133,25.73178453363423,31.389110634526016
"/home/michaelbennie/OneDrive/Leite,Walter's files - Storiza Corpus Spring 2025/Processed_Utterances/annotated_sentence_segments/uid_ihIoefKsGwTDai7fGs9x3DyNvju2_sid_ujKXyBlmQlDqdJspmTTx_1742944450_195798795_sentence_segment_close.wav",31.40927140613171,37.6942379265227,31.41017348680457,37.6744217755747
"/home/michaelbennie/OneDrive/Leite,Walter's files - Storiza Corpus Spring 2025/Processed_Utterances/annotated_sentence_segments/uid_ihIoefKsGwTDai7fGs9x3DyNvju2_sid_ujKXyBlmQlDqdJspmTTx_1742944450_195798796_sentence_segment_close.wav",37.683392590248005,41.34454737187879,37.6744217755747,41.34403870588289
"/home/michaelbennie/OneDrive/Leite,Walter's files - Storiza Corpus Spring 2025/Processed_Utterances/annotated_sentence_segments/uid_ihIoefKsGwTDai7fGs9x3DyNvju2_sid_ujKXyBlmQlDqdJspmTTx_1742944450_195798797_sentence_segment_close.wav",41.43992482350634,49.90093104571572,41.34403870588289,50.059378915364825
"/home/michaelbennie/OneDrive/Leite,Walter's files - Storiza Corpus Spring 2025/Processed_Utterances/annotated_sentence_segments/uid_ihIoefKsGwTDai7fGs9x3DyNvju2_sid_ujKXyBlmQlDqdJspmTTx_1742944450_195798798_sentence_segment_close.wav",50.55468459320529,65.55656992048509,50.05937891536483,66.15139805618055
"/home/michaelbennie/OneDrive/Leite,Walter's files - Storiza Corpus Spring 2025/Processed_Utterances/annotated_sentence_segments/uid_ihIoefKsGwTDai7fGs9x3DyNvju2_sid_ujKXyBlmQlDqdJspmTTx_1742944450_195798799_sentence_segment_close.wav",67.60577194028451,75.69207247385437,67.42256637168141,75.67477876106194
"/home/michaelbennie/OneDrive/Leite,Walter's files - Storiza Corpus Spring 2025/Processed_Utterances/annotated_sentence_segments/uid_1w0NU0CL8KMbltxDo7mrkTKhgpD2_sid_WVnogOLLKWsUpfSCUTYy_1742504172_195798800_sentence_segment_close.wav",0.12000722465631929,10.64170192745011,0.0,10.633592401800556
"/home/michaelbennie/OneDrive/Leite,Walter's files - Storiza Corpus Spring 2025/Processed_Utterances/annotated_sentence_segments/uid_1w0NU0CL8KMbltxDo7mrkTKhgpD2_sid_WVnogOLLKWsUpfSCUTYy_1742504172_195798801_sentence_segment_close.wav",10.011561690376897,21.176791425691185,10.86609850891078,21.14672665208976
"/home/michaelbennie/OneDrive/Leite,Walter's files - Storiza Corpus Spring 2025/Processed_Utterances/annotated_sentence_segments/uid_1w0NU0CL8KMbltxDo7mrkTKhgpD2_sid_WVnogOLLKWsUpfSCUTYy_1742504172_195798802_sentence_segment_close.wav",21.83745931202473,34.5897475631663,21.84729443345163,35.129731746967195
"/home/michaelbennie/OneDrive/Leite,Walter's files - Storiza Corpus Spring 2025/Processed_Utterances/annotated_sentence_segments/uid_1w0NU0CL8KMbltxDo7mrkTKhgpD2_sid_WVnogOLLKWsUpfSCUTYy_1742504172_195798803_sentence_segment_close.wav",38.069347960013765,50.80653982570176,38.07468045667716,50.91788939216579
"/home/michaelbennie/OneDrive/Leite,Walter's files - Storiza Corpus Spring 2025/Processed_Utterances/annotated_sentence_segments/uid_1w0NU0CL8KMbltxDo7mrkTKhgpD2_sid_WVnogOLLKWsUpfSCUTYy_1742504172_195798804_sentence_segment_close.wav",51.21690621400604,60.64741327339932,51.222072413043925,60.99465289235368
"/home/michaelbennie/OneDrive/Leite,Walter's files - Storiza Corpus Spring 2025/Processed_Utterances/annotated_sentence_segments/uid_1w0NU0CL8KMbltxDo7mrkTKhgpD2_sid_WVnogOLLKWsUpfSCUTYy_1742504172_195798805_sentence_segment_close.wav",62.092131098399136,74.46506990748743,62.111261370372674,75.15747145598651
"/home/michaelbennie/OneDrive/Leite,Walter's files - Storiza Corpus Spring 2025/Processed_Utterances/annotated_sentence_segments/uid_1w0NU0CL8KMbltxDo7mrkTKhgpD2_sid_WVnogOLLKWsUpfSCUTYy_1742504172_195798806_sentence_segment_close.wav",76.42580886200902,105.35688831877178,76.32924369571191,105.36537434835508
"/home/michaelbennie/OneDrive/Leite,Walter's files - Storiza Corpus Spring 2025/Processed_Utterances/annotated_sentence_segments/uid_1w0NU0CL8KMbltxDo7mrkTKhgpD2_sid_WVnogOLLKWsUpfSCUTYy_1742504172_195798807_sentence_segment_close.wav",105.59460491556406,118.41584879653968,105.76411920620708,118.64083871900876
"/home/michaelbennie/OneDrive/Leite,Walter's files - Storiza Corpus Spring 2025/Processed_Utterances/annotated_sentence_segments/uid_1w0NU0CL8KMbltxDo7mrkTKhgpD2_sid_WVnogOLLKWsUpfSCUTYy_1742504172_195798808_sentence_segment_close.wav",119.58436840296963,134.81124757331384,119.6176824365089,134.80067845800883
"/home/michaelbennie/OneDrive/Leite,Walter's files - Storiza Corpus Spring 2025/Processed_Utterances/annotated_sentence_segments/uid_1w0NU0CL8KMbltxDo7mrkTKhgpD2_sid_WVnogOLLKWsUpfSCUTYy_1742504172_195798809_sentence_segment_close.wav",136.1917987866906,145.9676183310429,136.17165197848755,146.21374007293414
"/home/michaelbennie/OneDrive/Leite,Walter's files - Storiza Corpus Spring 2025/Processed_Utterances/annotated_sentence_segments/uid_1w0NU0CL8KMbltxDo7mrkTKhgpD2_sid_WVnogOLLKWsUpfSCUTYy_1742504172_195798810_sentence_segment_close.wav",146.32878152046501,160.34716129394155,146.3504506485982,160.39999980290565
"/home/michaelbennie/OneDrive/Leite,Walter's files - Storiza Corpus Spring 2025/Processed_Utterances/annotated_sentence_segments/uid_1w0NU0CL8KMbltxDo7mrkTKhgpD2_sid_WVnogOLLKWsUpfSCUTYy_1742504172_195798811_sentence_segment_close.wav",160.69787999708365,170.87771887433829,160.72418249383747,171.17639087218797
"/home/michaelbennie/OneDrive/Leite,Walter's files - Storiza Corpus Spring 2025/Processed_Utterances/annotated_sentence_segments/uid_1w0NU0CL8KMbltxDo7mrkTKhgpD2_sid_WVnogOLLKWsUpfSCUTYy_1742504172_195798812_sentence_segment_close.wav",173.10130764576724,188.04667174053063,172.96920239896778,188.2139592377952
"/home/michaelbennie/OneDrive/Leite,Walter's files - Storiza Corpus Spring 2025/Processed_Utterances/annotated_sentence_segments/uid_1w0NU0CL8KMbltxDo7mrkTKhgpD2_sid_WVnogOLLKWsUpfSCUTYy_1742504172_195798813_sentence_segment_close.wav",188.56806184690907,207.35499979605098,188.57823432557203,207.4193176899825
"/home/michaelbennie/OneDrive/Leite,Walter's files - Storiza Corpus Spring 2025/Processed_Utterances/annotated_sentence_segments/uid_1w0NU0CL8KMbltxDo7mrkTKhgpD2_sid_WVnogOLLKWsUpfSCUTYy_1742504172_195798814_sentence_segment_close.wav",207.57567115556282,213.88298843541696,207.58021603397387,214.0437214944457
"/home/michaelbennie/OneDrive/Leite,Walter's files - Storiza Corpus Spring 2025/Processed_Utterances/annotated_sentence_segments/uid_1w0NU0CL8KMbltxDo7mrkTKhgpD2_sid_WVnogOLLKWsUpfSCUTYy_1742504172_195798815_sentence_segment_close.wav",214.6816693495786,225.75791587125136,214.69633936960744,225.7622283739564
"/home/michaelbennie/OneDrive/Leite,Walter's files - Storiza Corpus Spring 2025/Processed_Utterances/annotated_sentence_segments/uid_1w0NU0CL8KMbltxDo7mrkTKhgpD2_sid_WVnogOLLKWsUpfSCUTYy_1742504172_195798816_sentence_segment_close.wav",227.06105107370567,242.47492386435056,227.0543068915888,242.59632270028217
"/home/michaelbennie/OneDrive/Leite,Walter's files - Storiza Corpus Spring 2025/Processed_Utterances/annotated_sentence_segments/uid_1w0NU0CL8KMbltxDo7mrkTKhgpD2_sid_WVnogOLLKWsUpfSCUTYy_1742504172_195798817_sentence_segment_close.wav",243.27347589008176,257.81260556204234,243.25144916913376,258.3886317028251
"/home/michaelbennie/OneDrive/Leite,Walter's files - Storiza Corpus Spring 2025/Processed_Utterances/annotated_sentence_segments/uid_b7tT96cSBaaiNnMJ2KcuOQPRkO83_sid_f7KR0agQx5Xn9Hgin229_1741215227_195798818_sentence_segment_close.wav",1.4604711983208751,7.408538630517443,1.2720851770685209,7.54770538393989
"/home/michaelbennie/OneDrive/Leite,Walter's files - Storiza Corpus Spring 2025/Processed_Utterances/annotated_sentence_segments/uid_b7tT96cSBaaiNnMJ2KcuOQPRkO83_sid_f7KR0agQx5Xn9Hgin229_1741215227_195798819_sentence_segment_close.wav",7.8776975637825934,11.577200137283743,7.802122419353594,11.787989307501627
"/home/michaelbennie/OneDrive/Leite,Walter's files - Storiza Corpus Spring 2025/Processed_Utterances/annotated_sentence_segments/uid_b7tT96cSBaaiNnMJ2KcuOQPRkO83_sid_f7KR0agQx5Xn9Hgin229_1741215227_195798820_sentence_segment_close.wav",12.146551272454772,20.999288275476086,12.042406342915331,21.116613939337444
"/home/michaelbennie/OneDrive/Leite,Walter's files - Storiza Corpus Spring 2025/Processed_Utterances/annotated_sentence_segments/uid_b7tT96cSBaaiNnMJ2KcuOQPRkO83_sid_f7KR0agQx5Xn9Hgin229_1741215227_195798821_sentence_segment_close.wav",21.680489886648346,31.375492366061742,21.5123742035472,31.561847102388512
"/home/michaelbennie/OneDrive/Leite,Walter's files - Storiza Corpus Spring 2025/Processed_Utterances/annotated_sentence_segments/uid_b7tT96cSBaaiNnMJ2KcuOQPRkO83_sid_f7KR0agQx5Xn9Hgin229_1741215227_195798822_sentence_segment_close.wav",31.774172507791118,43.03153054460772,31.60424994162413,43.09541937447643
"/home/michaelbennie/OneDrive/Leite,Walter's files - Storiza Corpus Spring 2025/Processed_Utterances/annotated_sentence_segments/uid_b7tT96cSBaaiNnMJ2KcuOQPRkO83_sid_f7KR0agQx5Xn9Hgin229_1741215227_195798823_sentence_segment_close.wav",43.49363991328104,51.38589484846344,43.279165442508095,51.50531625421787
"/home/michaelbennie/OneDrive/Leite,Walter's files - Storiza Corpus Spring 2025/Processed_Utterances/annotated_sentence_segments/uid_b7tT96cSBaaiNnMJ2KcuOQPRkO83_sid_f7KR0agQx5Xn9Hgin229_1741215227_195798824_sentence_segment_close.wav",52.61685639512544,62.56418581645089,52.41643528710077,62.63551954288455
"/home/michaelbennie/OneDrive/Leite,Walter's files - Storiza Corpus Spring 2025/Processed_Utterances/annotated_sentence_segments/uid_b7tT96cSBaaiNnMJ2KcuOQPRkO83_sid_f7KR0agQx5Xn9Hgin229_1741215227_195798825_sentence_segment_close.wav",63.12895616264862,66.62867971002235,62.93233941753387,66.96060914491753
"/home/michaelbennie/OneDrive/Leite,Walter's files - Storiza Corpus Spring 2025/Processed_Utterances/annotated_sentence_segments/uid_b7tT96cSBaaiNnMJ2KcuOQPRkO83_sid_f7KR0agQx5Xn9Hgin229_1741215227_195798826_sentence_segment_close.wav",68.1156335527126,72.09308147584113,68.10548580427918,72.21856121013407
"/home/michaelbennie/OneDrive/Leite,Walter's files - Storiza Corpus Spring 2025/Processed_Utterances/annotated_sentence_segments/uid_b7tT96cSBaaiNnMJ2KcuOQPRkO83_sid_f7KR0agQx5Xn9Hgin229_1741215227_195798827_sentence_segment_close.wav",72.41251771130787,81.13580758222578,72.43057540631216,81.41997732426304
"/home/michaelbennie/OneDrive/Leite,Walter's files - Storiza Corpus Spring 2025/Processed_Utterances/annotated_sentence_segments/uid_CjlD9aGvoSfMhsnUwRIQlMr4IFp1_sid_fPKMdj4jr6BedPXQV3mV_1742180701_195798828_sentence_segment_close.wav",2.033413676813597,11.225709042380865,1.994896610534105,11.33483510979691
"/home/michaelbennie/OneDrive/Leite,Walter's files - Storiza Corpus Spring 2025/Processed_Utterances/annotated_sentence_segments/uid_CjlD9aGvoSfMhsnUwRIQlMr4IFp1_sid_fPKMdj4jr6BedPXQV3mV_1742180701_195798829_sentence_segment_close.wav",12.305969747789407,21.57144567150495,12.277946565519498,21.67053651422424
"/home/michaelbennie/OneDrive/Leite,Walter's files - Storiza Corpus Spring 2025/Processed_Utterances/annotated_sentence_segments/uid_CjlD9aGvoSfMhsnUwRIQlMr4IFp1_sid_fPKMdj4jr6BedPXQV3mV_1742180701_195798830_sentence_segment_close.wav",22.35178456234934,31.44976722152223,22.34266990465488,31.61973243951015
"/home/michaelbennie/OneDrive/Leite,Walter's files - Storiza Corpus Spring 2025/Processed_Utterances/annotated_sentence_segments/uid_CjlD9aGvoSfMhsnUwRIQlMr4IFp1_sid_fPKMdj4jr6BedPXQV3mV_1742180701_195798831_sentence_segment_close.wav",32.89530093752181,42.19990167173377,32.89736933380778,42.4716623055631
"/home/michaelbennie/OneDrive/Leite,Walter's files - Storiza Corpus Spring 2025/Processed_Utterances/annotated_sentence_segments/uid_CjlD9aGvoSfMhsnUwRIQlMr4IFp1_sid_fPKMdj4jr6BedPXQV3mV_1742180701_195798832_sentence_segment_close.wav",42.74179182832919,51.4867885208199,42.75229167868842,51.641972333588576
"/home/michaelbennie/OneDrive/Leite,Walter's files - Storiza Corpus Spring 2025/Processed_Utterances/annotated_sentence_segments/uid_CjlD9aGvoSfMhsnUwRIQlMr4IFp1_sid_fPKMdj4jr6BedPXQV3mV_1742180701_195798833_sentence_segment_close.wav",53.69943190565521,66.52548031480083,53.663806390071,66.5745391887198
"/home/michaelbennie/OneDrive/Leite,Walter's files - Storiza Corpus Spring 2025/Processed_Utterances/annotated_sentence_segments/uid_CjlD9aGvoSfMhsnUwRIQlMr4IFp1_sid_fPKMdj4jr6BedPXQV3mV_1742180701_195798834_sentence_segment_close.wav",67.48559533981954,72.41624011836258,67.44453466032685,72.44079436869883
"/home/michaelbennie/OneDrive/Leite,Walter's files - Storiza Corpus Spring 2025/Processed_Utterances/annotated_sentence_segments/uid_tHP0GvI5hccNGBzYfgE2pkEHXiW2_sid_ifxAtA0WEnr7FI7ORW0r_1743456867_195798835_sentence_segment_close.wav",0.3539821526201214,4.270535023245077,0.1850205664642603,4.361199066657565
"/home/michaelbennie/OneDrive/Leite,Walter's files - Storiza Corpus Spring 2025/Processed_Utterances/annotated_sentence_segments/uid_tHP0GvI5hccNGBzYfgE2pkEHXiW2_sid_ifxAtA0WEnr7FI7ORW0r_1743456867_195798836_sentence_segment_close.wav",5.610987569648858,8.498227051427802,5.55061699392781,9.092439266243652
"/home/michaelbennie/OneDrive/Leite,Walter's files - Storiza Corpus Spring 2025/Processed_Utterances/annotated_sentence_segments/uid_tHP0GvI5hccNGBzYfgE2pkEHXiW2_sid_ifxAtA0WEnr7FI7ORW0r_1743456867_195798837_sentence_segment_close.wav",10.247134669083234,17.347139923487873,10.043973608059847,17.7355428710741
"/home/michaelbennie/OneDrive/Leite,Walter's files - Storiza Corpus Spring 2025/Processed_Utterances/annotated_sentence_segments/uid_tHP0GvI5hccNGBzYfgE2pkEHXiW2_sid_ifxAtA0WEnr7FI7ORW0r_1743456867_195798838_sentence_segment_close.wav",18.51768716811071,20.840025414389952,18.42276211794135,21.11877608642057
"/home/michaelbennie/OneDrive/Leite,Walter's files - Storiza Corpus Spring 2025/Processed_Utterances/annotated_sentence_segments/uid_tHP0GvI5hccNGBzYfgE2pkEHXiW2_sid_ifxAtA0WEnr7FI7ORW0r_1743456867_195798839_sentence_segment_close.wav",22.2472621969229,43.00304723197554,22.14079499130692,42.86309843530408
"/home/michaelbennie/OneDrive/Leite,Walter's files - Storiza Corpus Spring 2025/Processed_Utterances/annotated_sentence_segments/uid_tHP0GvI5hccNGBzYfgE2pkEHXiW2_sid_ifxAtA0WEnr7FI7ORW0r_1743456867_195798840_sentence_segment_close.wav",45.5690200092114,49.3364816071665,45.48862784071315,49.40049124595751
"/home/michaelbennie/OneDrive/Leite,Walter's files - Storiza Corpus Spring 2025/Processed_Utterances/annotated_sentence_segments/uid_tHP0GvI5hccNGBzYfgE2pkEHXiW2_sid_ifxAtA0WEnr7FI7ORW0r_1743456867_195798841_sentence_segment_close.wav",57.903400525282244,75.87090884237234,57.99073183179817,76.0170213073161
"/home/michaelbennie/OneDrive/Leite,Walter's files - Storiza Corpus Spring 2025/Processed_Utterances/annotated_sentence_segments/uid_H7rAk5StNLc0VysmHcZQZTQFpBx2_sid_1BvqAU3Y1VCwhTpvVr78_1741207795_195798842_sentence_segment_close.wav",2.0314577678136225,8.466354053585613,1.9749447310243184,8.924097273397201
"/home/michaelbennie/OneDrive/Leite,Walter's files - Storiza Corpus Spring 2025/Processed_Utterances/annotated_sentence_segments/uid_H7rAk5StNLc0VysmHcZQZTQFpBx2_sid_1BvqAU3Y1VCwhTpvVr78_1741207795_195798843_sentence_segment_close.wav",9.161941209539325,14.12460860722905,8.97936624907885,14.35887988209285
"/home/michaelbennie/OneDrive/Leite,Walter's files - Storiza Corpus Spring 2025/Processed_Utterances/annotated_sentence_segments/uid_H7rAk5StNLc0VysmHcZQZTQFpBx2_sid_1BvqAU3Y1VCwhTpvVr78_1741207795_195798844_sentence_segment_close.wav",14.422817809511951,16.83522329636534,14.369933677229184,17.28813559322034
"/home/michaelbennie/OneDrive/Leite,Walter's files - Storiza Corpus Spring 2025/Processed_Utterances/annotated_sentence_segments/uid_H7rAk5StNLc0VysmHcZQZTQFpBx2_sid_1BvqAU3Y1VCwhTpvVr78_1741207795_195798845_sentence_segment_close.wav",17.349672338524513,25.371317888976726,17.358142962417098,26.171702284451
"/home/michaelbennie/OneDrive/Leite,Walter's files - Storiza Corpus Spring 2025/Processed_Utterances/annotated_sentence_segments/uid_H7rAk5StNLc0VysmHcZQZTQFpBx2_sid_1BvqAU3Y1VCwhTpvVr78_1741207795_195798846_sentence_segment_close.wav",26.29952848963591,28.293270418864534,26.274871039056745,28.58142962417097
"/home/michaelbennie/OneDrive/Leite,Walter's files - Storiza Corpus Spring 2025/Processed_Utterances/annotated_sentence_segments/uid_H7rAk5StNLc0VysmHcZQZTQFpBx2_sid_1BvqAU3Y1VCwhTpvVr78_1741207795_195798847_sentence_segment_close.wav",28.855453325065298,30.376602957710865,28.780397936624908,30.73323507737657
"/home/michaelbennie/OneDrive/Leite,Walter's files - Storiza Corpus Spring 2025/Processed_Utterances/annotated_sentence_segments/uid_H7rAk5StNLc0VysmHcZQZTQFpBx2_sid_1BvqAU3Y1VCwhTpvVr78_1741207795_195798848_sentence_segment_close.wav",30.798438663200084,31.93136151152753,30.755342667649227,32.25865880619013
"/home/michaelbennie/OneDrive/Leite,Walter's files - Storiza Corpus Spring 2025/Processed_Utterances/annotated_sentence_segments/uid_H7rAk5StNLc0VysmHcZQZTQFpBx2_sid_1BvqAU3Y1VCwhTpvVr78_1741207795_195798849_sentence_segment_close.wav",32.64596450718988,35.94564648557447,32.28445099484156,35.96168017686072
"/home/michaelbennie/OneDrive/Leite,Walter's files - Storiza Corpus Spring 2025/Processed_Utterances/annotated_sentence_segments/uid_H7rAk5StNLc0VysmHcZQZTQFpBx2_sid_1BvqAU3Y1VCwhTpvVr78_1741207795_195798850_sentence_segment_close.wav",36.43856867892126,41.03615380125952,36.46278555637436,41.260132645541646
"/home/michaelbennie/OneDrive/Leite,Walter's files - Storiza Corpus Spring 2025/Processed_Utterances/annotated_sentence_segments/uid_H7rAk5StNLc0VysmHcZQZTQFpBx2_sid_1BvqAU3Y1VCwhTpvVr78_1741207795_195798851_sentence_segment_close.wav",41.34175644628918,44.44861065568509,41.28224023581429,44.48193477769298
"/home/michaelbennie/OneDrive/Leite,Walter's files - Storiza Corpus Spring 2025/Processed_Utterances/annotated_sentence_segments/uid_H7rAk5StNLc0VysmHcZQZTQFpBx2_sid_1BvqAU3Y1VCwhTpvVr78_1741207795_195798852_sentence_segment_close.wav",44.407809790811434,47.38875629285451,44.48733895022369,47.42589589667468
"/home/michaelbennie/OneDrive/Leite,Walter's files - Storiza Corpus Spring 2025/Processed_Utterances/annotated_sentence_segments/uid_H7rAk5StNLc0VysmHcZQZTQFpBx2_sid_1BvqAU3Y1VCwhTpvVr78_1741207795_195798853_sentence_segment_close.wav",48.04530902895817,51.88223477781396,47.91774802803229,51.89580482670488
"/home/michaelbennie/OneDrive/Leite,Walter's files - Storiza Corpus Spring 2025/Processed_Utterances/annotated_sentence_segments/uid_H7rAk5StNLc0VysmHcZQZTQFpBx2_sid_1BvqAU3Y1VCwhTpvVr78_1741207795_195798854_sentence_segment_close.wav",51.899283303875706,60.56416192050409,51.90931724789601,60.8194077813359
"/home/michaelbennie/OneDrive/Leite,Walter's files - Storiza Corpus Spring 2025/Processed_Utterances/annotated_sentence_segments/uid_H7rAk5StNLc0VysmHcZQZTQFpBx2_sid_1BvqAU3Y1VCwhTpvVr78_1741207795_195798855_sentence_segment_close.wav",60.87128930507917,63.18806973226364,60.87751119245782,63.25839980633725
"/home/michaelbennie/OneDrive/Leite,Walter's files - Storiza Corpus Spring 2025/Processed_Utterances/annotated_sentence_segments/uid_H7rAk5StNLc0VysmHcZQZTQFpBx2_sid_1BvqAU3Y1VCwhTpvVr78_1741207795_195798856_sentence_segment_close.wav",63.18148223966724,68.35490325687819,63.2624535326946,68.34582638480269
"/home/michaelbennie/OneDrive/Leite,Walter's files - Storiza Corpus Spring 2025/Processed_Utterances/annotated_sentence_segments/uid_H7rAk5StNLc0VysmHcZQZTQFpBx2_sid_1BvqAU3Y1VCwhTpvVr78_1741207795_195798857_sentence_segment_close.wav",68.44697585679111,74.14446063949191,68.34988011116005,74.16022122335166
"/home/michaelbennie/OneDrive/Leite,Walter's files - Storiza Corpus Spring 2025/Processed_Utterances/annotated_sentence_segments/uid_H7rAk5StNLc0VysmHcZQZTQFpBx2_sid_1BvqAU3Y1VCwhTpvVr78_1741207795_195798858_sentence_segment_close.wav",74.62823836160938,79.53934416478678,74.25345692957055,80.04758313633276
"/home/michaelbennie/OneDrive/Leite,Walter's files - Storiza Corpus Spring 2025/Processed_Utterances/annotated_sentence_segments/uid_H7rAk5StNLc0VysmHcZQZTQFpBx2_sid_1BvqAU3Y1VCwhTpvVr78_1741207795_195798859_sentence_segment_close.wav",80.64155625192501,86.95620495819156,80.45160452994796,87.33753436895458
"/home/michaelbennie/OneDrive/Leite,Walter's files - Storiza Corpus Spring 2025/Processed_Utterances/annotated_sentence_segments/uid_H7rAk5StNLc0VysmHcZQZTQFpBx2_sid_1BvqAU3Y1VCwhTpvVr78_1741207795_195798860_sentence_segment_close.wav",87.69029585104154,90.26293278837605,87.56994801344224,90.4994409276821
"/home/michaelbennie/OneDrive/Leite,Walter's files - Storiza Corpus Spring 2025/Processed_Utterances/annotated_sentence_segments/uid_H7rAk5StNLc0VysmHcZQZTQFpBx2_sid_1BvqAU3Y1VCwhTpvVr78_1741207795_195798861_sentence_segment_close.wav",90.72829784905014,92.66128911118606,90.65483377138024,93.01410251135388
"/home/michaelbennie/OneDrive/Leite,Walter's files - Storiza Corpus Spring 2025/Processed_Utterances/annotated_sentence_segments/uid_H7rAk5StNLc0VysmHcZQZTQFpBx2_sid_1BvqAU3Y1VCwhTpvVr78_1741207795_195798862_sentence_segment_close.wav",93.14005968724366,97.24593025114481,93.10328449121542,97.30294499742274
"/home/michaelbennie/OneDrive/Leite,Walter's files - Storiza Corpus Spring 2025/Processed_Utterances/annotated_sentence_segments/uid_H7rAk5StNLc0VysmHcZQZTQFpBx2_sid_1BvqAU3Y1VCwhTpvVr78_1741207795_195798863_sentence_segment_close.wav",98.4925546129476,110.41394662795201,97.96640487790788,111.4923384902423
"/home/michaelbennie/OneDrive/Leite,Walter's files - Storiza Corpus Spring 2025/Processed_Utterances/annotated_sentence_segments/uid_H7rAk5StNLc0VysmHcZQZTQFpBx2_sid_1BvqAU3Y1VCwhTpvVr78_1741207795_195798864_sentence_segment_close.wav",112.92201196401568,117.01132500126192,112.88411787293006,117.01351378894344
"/home/michaelbennie/OneDrive/Leite,Walter's files - Storiza Corpus Spring 2025/Processed_Utterances/annotated_sentence_segments/uid_H7rAk5StNLc0VysmHcZQZTQFpBx2_sid_1BvqAU3Y1VCwhTpvVr78_1741207795_195798865_sentence_segment_close.wav",117.02370119922718,127.7405718873119,117.0297286943728,127.95587246953129
"/home/michaelbennie/OneDrive/Leite,Walter's files - Storiza Corpus Spring 2025/Processed_Utterances/annotated_sentence_segments/uid_H7rAk5StNLc0VysmHcZQZTQFpBx2_sid_1BvqAU3Y1VCwhTpvVr78_1741207795_195798866_sentence_segment_close.wav",128.03085247234657,136.15451910959283,128.02613705972522,136.25520156513147
"/home/michaelbennie/OneDrive/Leite,Walter's files - Storiza Corpus Spring 2025/Processed_Utterances/annotated_sentence_segments/uid_WXRuAJyMuAViHCpYPRVffOrexB03_sid_Ttc81IXIedFGPCeX9A2y_1741217243_195798867_sentence_segment_close.wav",0.9983665237422772,9.210997932038836,0.8698646028645264,9.471859008969288
"/home/michaelbennie/OneDrive/Leite,Walter's files - Storiza Corpus Spring 2025/Processed_Utterances/annotated_sentence_segments/uid_WXRuAJyMuAViHCpYPRVffOrexB03_sid_Ttc81IXIedFGPCeX9A2y_1741217243_195798868_sentence_segment_close.wav",9.581140849542276,18.186892433213945,9.52018482023954,18.315482471425305
"/home/michaelbennie/OneDrive/Leite,Walter's files - Storiza Corpus Spring 2025/Processed_Utterances/annotated_sentence_segments/uid_WXRuAJyMuAViHCpYPRVffOrexB03_sid_Ttc81IXIedFGPCeX9A2y_1741217243_195798869_sentence_segment_close.wav",18.986469749325707,30.790331289484577,18.84706639539808,30.88019340169069
"/home/michaelbennie/OneDrive/Leite,Walter's files - Storiza Corpus Spring 2025/Processed_Utterances/annotated_sentence_segments/uid_WXRuAJyMuAViHCpYPRVffOrexB03_sid_Ttc81IXIedFGPCeX9A2y_1741217243_195798870_sentence_segment_close.wav",31.71472230544409,44.41955247915011,31.669514739973675,44.57250634913082
"/home/michaelbennie/OneDrive/Leite,Walter's files - Storiza Corpus Spring 2025/Processed_Utterances/annotated_sentence_segments/uid_WXRuAJyMuAViHCpYPRVffOrexB03_sid_Ttc81IXIedFGPCeX9A2y_1741217243_195798871_sentence_segment_close.wav",46.49260321430527,54.926939028431114,46.39277881944141,55.04309903681642
"/home/michaelbennie/OneDrive/Leite,Walter's files - Storiza Corpus Spring 2025/Processed_Utterances/annotated_sentence_segments/uid_WXRuAJyMuAViHCpYPRVffOrexB03_sid_Ttc81IXIedFGPCeX9A2y_1741217243_195798872_sentence_segment_close.wav",56.354860313351075,60.20089276145971,56.28346250927736,60.34283065597849
"/home/michaelbennie/OneDrive/Leite,Walter's files - Storiza Corpus Spring 2025/Processed_Utterances/annotated_sentence_segments/uid_WXRuAJyMuAViHCpYPRVffOrexB03_sid_Ttc81IXIedFGPCeX9A2y_1741217243_195798873_sentence_segment_close.wav",60.760423905353335,94.60994687194258,60.681111334870245,94.70248246912728
"/home/michaelbennie/OneDrive/Leite,Walter's files - Storiza Corpus Spring 2025/Processed_Utterances/annotated_sentence_segments/uid_WXRuAJyMuAViHCpYPRVffOrexB03_sid_Ttc81IXIedFGPCeX9A2y_1741217243_195798874_sentence_segment_close.wav",95.14186243971385,101.99139193640258,95.13741477055954,102.06
"/home/michaelbennie/OneDrive/Leite,Walter's files - Storiza Corpus Spring 2025/Processed_Utterances/annotated_sentence_segments/uid_tHP0GvI5hccNGBzYfgE2pkEHXiW2_sid_fekXGLlqzU2WnyoByMnJ_1743542906_195798875_sentence_segment_close.wav",0.25602232289845445,7.251498369215531,0.0818113190654388,7.772075311216691
"/home/michaelbennie/OneDrive/Leite,Walter's files - Storiza Corpus Spring 2025/Processed_Utterances/annotated_sentence_segments/uid_tHP0GvI5hccNGBzYfgE2pkEHXiW2_sid_fekXGLlqzU2WnyoByMnJ_1743542906_195798876_sentence_segment_close.wav",8.817044063698482,15.367172598753037,8.753811140001956,15.62596194149882
"/home/michaelbennie/OneDrive/Leite,Walter's files - Storiza Corpus Spring 2025/Processed_Utterances/annotated_sentence_segments/uid_tHP0GvI5hccNGBzYfgE2pkEHXiW2_sid_fekXGLlqzU2WnyoByMnJ_1743542906_195798877_sentence_segment_close.wav",16.598181650655505,21.31753755943821,16.446814350425488,21.92543350953761
"/home/michaelbennie/OneDrive/Leite,Walter's files - Storiza Corpus Spring 2025/Processed_Utterances/annotated_sentence_segments/uid_tHP0GvI5hccNGBzYfgE2pkEHXiW2_sid_fekXGLlqzU2WnyoByMnJ_1743542906_195798878_sentence_segment_close.wav",23.232798545763345,34.240389150592925,23.1526032955192,34.52437664561519
"/home/michaelbennie/OneDrive/Leite,Walter's files - Storiza Corpus Spring 2025/Processed_Utterances/annotated_sentence_segments/uid_tHP0GvI5hccNGBzYfgE2pkEHXiW2_sid_fekXGLlqzU2WnyoByMnJ_1743542906_195798879_sentence_segment_close.wav",37.10672944312744,41.13031749948045,36.76055228395664,41.75104274694841
"/home/michaelbennie/OneDrive/Leite,Walter's files - Storiza Corpus Spring 2025/Processed_Utterances/annotated_sentence_segments/uid_tHP0GvI5hccNGBzYfgE2pkEHXiW2_sid_fekXGLlqzU2WnyoByMnJ_1743542906_195798880_sentence_segment_close.wav",42.84640703097291,68.34222047441881,42.50345010098033,68.35582692565902
"/home/michaelbennie/OneDrive/Leite,Walter's files - Storiza Corpus Spring 2025/Processed_Utterances/annotated_sentence_segments/uid_tHP0GvI5hccNGBzYfgE2pkEHXiW2_sid_fekXGLlqzU2WnyoByMnJ_1743542906_195798881_sentence_segment_close.wav",70.15283929193556,74.70492364807666,70.07386462603323,75.06435508902499
"/home/michaelbennie/OneDrive/Leite,Walter's files - Storiza Corpus Spring 2025/Processed_Utterances/annotated_sentence_segments/uid_tHP0GvI5hccNGBzYfgE2pkEHXiW2_sid_fekXGLlqzU2WnyoByMnJ_1743542906_195798882_sentence_segment_close.wav",76.07105946707689,93.09757619428734,75.88246827967939,93.14465660248698
"/home/michaelbennie/OneDrive/Leite,Walter's files - Storiza Corpus Spring 2025/Processed_Utterances/annotated_sentence_segments/uid_tHP0GvI5hccNGBzYfgE2pkEHXiW2_sid_OXmhZeGNuXUOY3qvMpeu_1743378291_195798883_sentence_segment_close.wav",0.0,5.4114248983411395,0.0,5.474613686534218
"/home/michaelbennie/OneDrive/Leite,Walter's files - Storiza Corpus Spring 2025/Processed_Utterances/annotated_sentence_segments/uid_tHP0GvI5hccNGBzYfgE2pkEHXiW2_sid_OXmhZeGNuXUOY3qvMpeu_1743378291_195798884_sentence_segment_close.wav",6.248850408951167,7.544277830416867,6.232523914643121,7.696835908756439
"/home/michaelbennie/OneDrive/Leite,Walter's files - Storiza Corpus Spring 2025/Processed_Utterances/annotated_sentence_segments/uid_tHP0GvI5hccNGBzYfgE2pkEHXiW2_sid_OXmhZeGNuXUOY3qvMpeu_1743378291_195798885_sentence_segment_close.wav",8.473748410592549,13.4460207653356,8.49644361303693,13.485406085443111
"/home/michaelbennie/OneDrive/Leite,Walter's files - Storiza Corpus Spring 2025/Processed_Utterances/annotated_sentence_segments/uid_tHP0GvI5hccNGBzYfgE2pkEHXiW2_sid_OXmhZeGNuXUOY3qvMpeu_1743378291_195798886_sentence_segment_close.wav",14.880182276318127,32.39078232368189,14.82020795439752,32.873011603546175
"/home/michaelbennie/OneDrive/Leite,Walter's files - Storiza Corpus Spring 2025/Processed_Utterances/annotated_sentence_segments/uid_tHP0GvI5hccNGBzYfgE2pkEHXiW2_sid_OXmhZeGNuXUOY3qvMpeu_1743378291_195798887_sentence_segment_close.wav",33.33988093255376,47.371210292521326,33.23771369576434,48.035275718783794
"/home/michaelbennie/OneDrive/Leite,Walter's files - Storiza Corpus Spring 2025/Processed_Utterances/annotated_sentence_segments/uid_tHP0GvI5hccNGBzYfgE2pkEHXiW2_sid_OXmhZeGNuXUOY3qvMpeu_1743378291_195798888_sentence_segment_close.wav",49.28169714609001,62.767199189513875,49.20176320368918,63.45005038132304
"/home/michaelbennie/OneDrive/Leite,Walter's files - Storiza Corpus Spring 2025/Processed_Utterances/annotated_sentence_segments/uid_tHP0GvI5hccNGBzYfgE2pkEHXiW2_sid_OXmhZeGNuXUOY3qvMpeu_1743378291_195798889_sentence_segment_close.wav",64.96337019341127,69.05844336298541,64.84255314213891,69.11997732426303
"/home/michaelbennie/OneDrive/Leite,Walter's files - Storiza Corpus Spring 2025/Processed_Utterances/annotated_sentence_segments/uid_EfKQNmht2ebtDnNadrezErlhcDF3_sid_DHkzC6iHwVqz1EYkGumN_1743544680_195798890_sentence_segment_close.wav",0.752824199349392,5.122772341735165,0.6328182487122884,4.716094311634329
"/home/michaelbennie/OneDrive/Leite,Walter's files - Storiza Corpus Spring 2025/Processed_Utterances/annotated_sentence_segments/uid_EfKQNmht2ebtDnNadrezErlhcDF3_sid_DHkzC6iHwVqz1EYkGumN_1743544680_195798891_sentence_segment_close.wav",5.513555290921955,14.100650885323006,5.518834169842464,14.134873110457155
"/home/michaelbennie/OneDrive/Leite,Walter's files - Storiza Corpus Spring 2025/Processed_Utterances/annotated_sentence_segments/uid_EfKQNmht2ebtDnNadrezErlhcDF3_sid_DHkzC6iHwVqz1EYkGumN_1743544680_195798892_sentence_segment_close.wav",14.534729322167875,20.554161978737383,14.538322734119877,20.649988035492548
"/home/michaelbennie/OneDrive/Leite,Walter's files - Storiza Corpus Spring 2025/Processed_Utterances/annotated_sentence_segments/uid_EfKQNmht2ebtDnNadrezErlhcDF3_sid_DHkzC6iHwVqz1EYkGumN_1743544680_195798893_sentence_segment_close.wav",23.88449099595993,27.392120289601138,23.89341570568726,27.3963366419811
"/home/michaelbennie/OneDrive/Leite,Walter's files - Storiza Corpus Spring 2025/Processed_Utterances/annotated_sentence_segments/uid_EfKQNmht2ebtDnNadrezErlhcDF3_sid_DHkzC6iHwVqz1EYkGumN_1743544680_195798894_sentence_segment_close.wav",28.299384213309054,30.06496998979415,28.305185704345977,30.071042115525863
"/home/michaelbennie/OneDrive/Leite,Walter's files - Storiza Corpus Spring 2025/Processed_Utterances/annotated_sentence_segments/uid_EfKQNmht2ebtDnNadrezErlhcDF3_sid_DHkzC6iHwVqz1EYkGumN_1743544680_195798895_sentence_segment_close.wav",30.304558551798817,35.10689456126186,30.321695401362632,35.31027776340599
"/home/michaelbennie/OneDrive/Leite,Walter's files - Storiza Corpus Spring 2025/Processed_Utterances/annotated_sentence_segments/uid_EfKQNmht2ebtDnNadrezErlhcDF3_sid_DHkzC6iHwVqz1EYkGumN_1743544680_195798896_sentence_segment_close.wav",37.986514882342334,41.34631415157953,38.01814940328367,41.34307858720025
"/home/michaelbennie/OneDrive/Leite,Walter's files - Storiza Corpus Spring 2025/Processed_Utterances/annotated_sentence_segments/uid_EfKQNmht2ebtDnNadrezErlhcDF3_sid_DHkzC6iHwVqz1EYkGumN_1743544680_195798897_sentence_segment_close.wav",42.2836327223317,44.917600174495675,42.21826641082341,45.30845906734874
"/home/michaelbennie/OneDrive/Leite,Walter's files - Storiza Corpus Spring 2025/Processed_Utterances/annotated_sentence_segments/uid_EfKQNmht2ebtDnNadrezErlhcDF3_sid_DHkzC6iHwVqz1EYkGumN_1743544680_195798898_sentence_segment_close.wav",46.058489787145625,47.90868793648135,45.99951064086645,47.95683220083701
"/home/michaelbennie/OneDrive/Leite,Walter's files - Storiza Corpus Spring 2025/Processed_Utterances/annotated_sentence_segments/uid_EfKQNmht2ebtDnNadrezErlhcDF3_sid_DHkzC6iHwVqz1EYkGumN_1743544680_195798899_sentence_segment_close.wav",48.4375884709059,53.71665436766353,48.445694024303634,53.93426419357064
"/home/michaelbennie/OneDrive/Leite,Walter's files - Storiza Corpus Spring 2025/Processed_Utterances/annotated_sentence_segments/uid_EfKQNmht2ebtDnNadrezErlhcDF3_sid_DHkzC6iHwVqz1EYkGumN_1743544680_195798900_sentence_segment_close.wav",54.35662797064764,66.12030098567753,54.35859820525202,66.0965653291877
"/home/michaelbennie/OneDrive/Leite,Walter's files - Storiza Corpus Spring 2025/Processed_Utterances/annotated_sentence_segments/uid_CanxAhhjiePs6niCtdVzPqVIzXt1_sid_3EY5UYLqcjiMWbMo794r_1742766112_195798901_sentence_segment_close.wav",0.12440044337171353,8.099857690170566,0.135944144781816,8.074418535536761
"/home/michaelbennie/OneDrive/Leite,Walter's files - Storiza Corpus Spring 2025/Processed_Utterances/annotated_sentence_segments/uid_CanxAhhjiePs6niCtdVzPqVIzXt1_sid_3EY5UYLqcjiMWbMo794r_1742766112_195798902_sentence_segment_close.wav",8.501683598104739,13.891909567296018,8.49861654049191,13.895390546500533
"/home/michaelbennie/OneDrive/Leite,Walter's files - Storiza Corpus Spring 2025/Processed_Utterances/annotated_sentence_segments/uid_CanxAhhjiePs6niCtdVzPqVIzXt1_sid_3EY5UYLqcjiMWbMo794r_1742766112_195798903_sentence_segment_close.wav",14.608420363153233,21.38899196159882,14.61745691168432,21.357044896376298
"/home/michaelbennie/OneDrive/Leite,Walter's files - Storiza Corpus Spring 2025/Processed_Utterances/annotated_sentence_segments/uid_CanxAhhjiePs6niCtdVzPqVIzXt1_sid_3EY5UYLqcjiMWbMo794r_1742766112_195798904_sentence_segment_close.wav",21.394737553374522,23.800679108033723,21.366665413933333,23.77009832032273
"/home/michaelbennie/OneDrive/Leite,Walter's files - Storiza Corpus Spring 2025/Processed_Utterances/annotated_sentence_segments/uid_CanxAhhjiePs6niCtdVzPqVIzXt1_sid_3EY5UYLqcjiMWbMo794r_1742766112_195798905_sentence_segment_close.wav",23.811483327770723,30.36471684658744,23.821448696472373,30.423893849816515
"/home/michaelbennie/OneDrive/Leite,Walter's files - Storiza Corpus Spring 2025/Processed_Utterances/annotated_sentence_segments/uid_CanxAhhjiePs6niCtdVzPqVIzXt1_sid_3EY5UYLqcjiMWbMo794r_1742766112_195798906_sentence_segment_close.wav",30.655956864252737,42.521931574121254,30.663691589789533,42.51071168635884
"/home/michaelbennie/OneDrive/Leite,Walter's files - Storiza Corpus Spring 2025/Processed_Utterances/annotated_sentence_segments/uid_CanxAhhjiePs6niCtdVzPqVIzXt1_sid_3EY5UYLqcjiMWbMo794r_1742766112_195798907_sentence_segment_close.wav",42.682351421781696,51.27256070657936,42.69836136853559,51.405889608310666
"/home/michaelbennie/OneDrive/Leite,Walter's files - Storiza Corpus Spring 2025/Processed_Utterances/annotated_sentence_segments/uid_CanxAhhjiePs6niCtdVzPqVIzXt1_sid_3EY5UYLqcjiMWbMo794r_1742766112_195798908_sentence_segment_close.wav",51.91169874360716,63.15176758896017,51.95666699697114,63.07712474897304
"/home/michaelbennie/OneDrive/Leite,Walter's files - Storiza Corpus Spring 2025/Processed_Utterances/annotated_sentence_segments/uid_CanxAhhjiePs6niCtdVzPqVIzXt1_sid_3EY5UYLqcjiMWbMo794r_1742766112_195798909_sentence_segment_close.wav",63.138472602767315,74.56574489499612,63.10335224367115,74.64344991084293
"/home/michaelbennie/OneDrive/Leite,Walter's files - Storiza Corpus Spring 2025/Processed_Utterances/annotated_sentence_segments/uid_mHWscHBXcoabM7fdw88AliGuPWw1_sid_5Qzz5HgfBlyv7s5pQMxl_1743034049_195798910_sentence_segment_close.wav",1.0646818419251578,12.331762289976536,0.8923303834808258,12.876106194690264
"/home/michaelbennie/OneDrive/Leite,Walter's files - Storiza Corpus Spring 2025/Processed_Utterances/annotated_sentence_segments/uid_mHWscHBXcoabM7fdw88AliGuPWw1_sid_5Qzz5HgfBlyv7s5pQMxl_1743034049_195798911_sentence_segment_close.wav",12.350523758806272,23.3210079422703,13.071533923303832,23.639380530973444
"/home/michaelbennie/OneDrive/Leite,Walter's files - Storiza Corpus Spring 2025/Processed_Utterances/annotated_sentence_segments/uid_mHWscHBXcoabM7fdw88AliGuPWw1_sid_5Qzz5HgfBlyv7s5pQMxl_1743034049_195798912_sentence_segment_close.wav",24.690553014668552,41.925316803231,24.65339233038348,42.78023598820058
"/home/michaelbennie/OneDrive/Leite,Walter's files - Storiza Corpus Spring 2025/Processed_Utterances/annotated_sentence_segments/uid_mHWscHBXcoabM7fdw88AliGuPWw1_sid_5Qzz5HgfBlyv7s5pQMxl_1743034049_195798913_sentence_segment_close.wav",42.874489702787926,55.109515206164964,42.87979351032448,55.47566371681415
"/home/michaelbennie/OneDrive/Leite,Walter's files - Storiza Corpus Spring 2025/Processed_Utterances/annotated_sentence_segments/uid_mHWscHBXcoabM7fdw88AliGuPWw1_sid_5Qzz5HgfBlyv7s5pQMxl_1743034049_195798914_sentence_segment_close.wav",55.74877919938737,80.44025161518914,55.75589970501474,80.95501474926253
"/home/michaelbennie/OneDrive/Leite,Walter's files - Storiza Corpus Spring 2025/Processed_Utterances/annotated_sentence_segments/uid_mHWscHBXcoabM7fdw88AliGuPWw1_sid_5Qzz5HgfBlyv7s5pQMxl_1743034049_195798915_sentence_segment_close.wav",81.13831833269539,96.68787040681892,81.12831858407078,96.81415929203536
"/home/michaelbennie/OneDrive/Leite,Walter's files - Storiza Corpus Spring 2025/Processed_Utterances/annotated_sentence_segments/uid_mHWscHBXcoabM7fdw88AliGuPWw1_sid_5Qzz5HgfBlyv7s5pQMxl_1743034049_195798916_sentence_segment_close.wav",101.03408206908728,119.35628992596455,100.51622418879056,119.83038348082594
"/home/michaelbennie/OneDrive/Leite,Walter's files - Storiza Corpus Spring 2025/Processed_Utterances/annotated_sentence_segments/uid_THJAu4lbjHRa32ysgvSU3Etlb0d2_sid_db43viuwuV7v8UXvcdXG_1741218043_195798917_sentence_segment_close.wav",0.009085569392453885,10.55845265367687,0.0,10.62589024242638
"/home/michaelbennie/OneDrive/Leite,Walter's files - Storiza Corpus Spring 2025/Processed_Utterances/annotated_sentence_segments/uid_THJAu4lbjHRa32ysgvSU3Etlb0d2_sid_db43viuwuV7v8UXvcdXG_1741218043_195798918_sentence_segment_close.wav",14.16519780411559,25.34106235292645,14.097616268622142,25.626556673294388
"/home/michaelbennie/OneDrive/Leite,Walter's files - Storiza Corpus Spring 2025/Processed_Utterances/annotated_sentence_segments/uid_THJAu4lbjHRa32ysgvSU3Etlb0d2_sid_db43viuwuV7v8UXvcdXG_1741218043_195798919_sentence_segment_close.wav",27.93507466995114,46.52856477553952,27.773810046826338,46.61745676569012
"/home/michaelbennie/OneDrive/Leite,Walter's files - Storiza Corpus Spring 2025/Processed_Utterances/annotated_sentence_segments/uid_THJAu4lbjHRa32ysgvSU3Etlb0d2_sid_db43viuwuV7v8UXvcdXG_1741218043_195798920_sentence_segment_close.wav",49.41966714946408,66.56617296631755,49.2965037430926,66.81567689066244
"/home/michaelbennie/OneDrive/Leite,Walter's files - Storiza Corpus Spring 2025/Processed_Utterances/annotated_sentence_segments/uid_THJAu4lbjHRa32ysgvSU3Etlb0d2_sid_db43viuwuV7v8UXvcdXG_1741218043_195798921_sentence_segment_close.wav",68.97411038513587,100.08624611886522,68.99303239558432,100.26866968136622
"/home/michaelbennie/OneDrive/Leite,Walter's files - Storiza Corpus Spring 2025/Processed_Utterances/annotated_sentence_segments/uid_THJAu4lbjHRa32ysgvSU3Etlb0d2_sid_db43viuwuV7v8UXvcdXG_1741218043_195798922_sentence_segment_close.wav",105.11683348741236,172.61512345022174,105.0749057723329,172.77356626869812
"/home/michaelbennie/OneDrive/Leite,Walter's files - Storiza Corpus Spring 2025/Processed_Utterances/annotated_sentence_segments/uid_b7tT96cSBaaiNnMJ2KcuOQPRkO83_sid_qI8dUME97DjQJdv58X28_1741299346_195798923_sentence_segment_close.wav",1.5393506387608433,5.876345228483794,1.534969161053506,5.954225760645208
"/home/michaelbennie/OneDrive/Leite,Walter's files - Storiza Corpus Spring 2025/Processed_Utterances/annotated_sentence_segments/uid_b7tT96cSBaaiNnMJ2KcuOQPRkO83_sid_qI8dUME97DjQJdv58X28_1741299346_195798924_sentence_segment_close.wav",6.509764170016297,17.850049973035354,6.470985952022325,18.02727497252241
"/home/michaelbennie/OneDrive/Leite,Walter's files - Storiza Corpus Spring 2025/Processed_Utterances/annotated_sentence_segments/uid_b7tT96cSBaaiNnMJ2KcuOQPRkO83_sid_qI8dUME97DjQJdv58X28_1741299346_195798925_sentence_segment_close.wav",19.07764861982678,23.15330862631287,18.61293652274981,23.175737619946265
"/home/michaelbennie/OneDrive/Leite,Walter's files - Storiza Corpus Spring 2025/Processed_Utterances/annotated_sentence_segments/uid_b7tT96cSBaaiNnMJ2KcuOQPRkO83_sid_qI8dUME97DjQJdv58X28_1741299346_195798926_sentence_segment_close.wav",23.1929166381098,31.197726885782394,23.19679081292829,31.721420044015968
"/home/michaelbennie/OneDrive/Leite,Walter's files - Storiza Corpus Spring 2025/Processed_Utterances/annotated_sentence_segments/uid_b7tT96cSBaaiNnMJ2KcuOQPRkO83_sid_qI8dUME97DjQJdv58X28_1741299346_195798927_sentence_segment_close.wav",32.08974751121406,41.258167812160735,32.048701498554806,41.30827855737883
"/home/michaelbennie/OneDrive/Leite,Walter's files - Storiza Corpus Spring 2025/Processed_Utterances/annotated_sentence_segments/uid_b7tT96cSBaaiNnMJ2KcuOQPRkO83_sid_qI8dUME97DjQJdv58X28_1741299346_195798928_sentence_segment_close.wav",41.802812975160855,47.715067197207404,41.78484628942661,47.68356817766465
"/home/michaelbennie/OneDrive/Leite,Walter's files - Storiza Corpus Spring 2025/Processed_Utterances/annotated_sentence_segments/uid_b7tT96cSBaaiNnMJ2KcuOQPRkO83_sid_qI8dUME97DjQJdv58X28_1741299346_195798929_sentence_segment_close.wav",47.73054761630226,49.550550978001496,47.72758849026344,49.71424433711324
"/home/michaelbennie/OneDrive/Leite,Walter's files - Storiza Corpus Spring 2025/Processed_Utterances/annotated_sentence_segments/uid_b7tT96cSBaaiNnMJ2KcuOQPRkO83_sid_qI8dUME97DjQJdv58X28_1741299346_195798930_sentence_segment_close.wav",50.13963326939379,58.92464689595396,50.1257385635802,58.983391029110905
"/home/michaelbennie/OneDrive/Leite,Walter's files - Storiza Corpus Spring 2025/Processed_Utterances/annotated_sentence_segments/uid_b7tT96cSBaaiNnMJ2KcuOQPRkO83_sid_qI8dUME97DjQJdv58X28_1741299346_195798931_sentence_segment_close.wav",59.061326826655424,71.78660484032477,59.05037846132645,71.82392482151485
"/home/michaelbennie/OneDrive/Leite,Walter's files - Storiza Corpus Spring 2025/Processed_Utterances/annotated_sentence_segments/uid_tHP0GvI5hccNGBzYfgE2pkEHXiW2_sid_yM1c099hRczoiHMmEqH2_1743456350_195798932_sentence_segment_close.wav",1.9450493440144692,23.815081910443396,1.7838969083238476,24.54691004872677
"/home/michaelbennie/OneDrive/Leite,Walter's files - Storiza Corpus Spring 2025/Processed_Utterances/annotated_sentence_segments/uid_tHP0GvI5hccNGBzYfgE2pkEHXiW2_sid_yM1c099hRczoiHMmEqH2_1743456350_195798933_sentence_segment_close.wav",25.133396192385653,43.34589043719133,24.72310721983436,43.93054503878948
"/home/michaelbennie/OneDrive/Leite,Walter's files - Storiza Corpus Spring 2025/Processed_Utterances/annotated_sentence_segments/uid_tHP0GvI5hccNGBzYfgE2pkEHXiW2_sid_yM1c099hRczoiHMmEqH2_1743456350_195798934_sentence_segment_close.wav",44.40790349481455,53.09561763264267,44.00385587015954,53.42429770121196
"/home/michaelbennie/OneDrive/Leite,Walter's files - Storiza Corpus Spring 2025/Processed_Utterances/annotated_sentence_segments/uid_tHP0GvI5hccNGBzYfgE2pkEHXiW2_sid_yM1c099hRczoiHMmEqH2_1743456350_195798935_sentence_segment_close.wav",54.252764681503514,65.13351561917709,54.15740601491253,65.48392946158646
"/home/michaelbennie/OneDrive/Leite,Walter's files - Storiza Corpus Spring 2025/Processed_Utterances/annotated_sentence_segments/uid_tHP0GvI5hccNGBzYfgE2pkEHXiW2_sid_yM1c099hRczoiHMmEqH2_1743456350_195798936_sentence_segment_close.wav",65.71040336397799,66.63687702410871,65.63055112432657,67.49997732426304
"/home/michaelbennie/OneDrive/Leite,Walter's files - Storiza Corpus Spring 2025/Processed_Utterances/annotated_sentence_segments/uid_ZegJLYO9QiacSJTQWx7CWauRcQr1_sid_rh7dGMV1HRrdpbcJITsW_1742611583_195798937_sentence_segment_close.wav",1.0654978481967756,4.684185821136389,1.05379513633014,4.848931466470154
"/home/michaelbennie/OneDrive/Leite,Walter's files - Storiza Corpus Spring 2025/Processed_Utterances/annotated_sentence_segments/uid_ZegJLYO9QiacSJTQWx7CWauRcQr1_sid_rh7dGMV1HRrdpbcJITsW_1742611583_195798938_sentence_segment_close.wav",4.885820865507297,13.900999778525103,4.882092851879145,13.894620486366986
"/home/michaelbennie/OneDrive/Leite,Walter's files - Storiza Corpus Spring 2025/Processed_Utterances/annotated_sentence_segments/uid_ZegJLYO9QiacSJTQWx7CWauRcQr1_sid_rh7dGMV1HRrdpbcJITsW_1742611583_195798939_sentence_segment_close.wav",13.932017610293954,18.59532102126874,13.916728076639645,18.706705969049374
"/home/michaelbennie/OneDrive/Leite,Walter's files - Storiza Corpus Spring 2025/Processed_Utterances/annotated_sentence_segments/uid_ZegJLYO9QiacSJTQWx7CWauRcQr1_sid_rh7dGMV1HRrdpbcJITsW_1742611583_195798940_sentence_segment_close.wav",19.844600650259164,27.476128574471797,19.42151805453205,27.60869565217391
"/home/michaelbennie/OneDrive/Leite,Walter's files - Storiza Corpus Spring 2025/Processed_Utterances/annotated_sentence_segments/uid_ZegJLYO9QiacSJTQWx7CWauRcQr1_sid_rh7dGMV1HRrdpbcJITsW_1742611583_195798941_sentence_segment_close.wav",27.702201260951444,30.862885870179248,27.689756816507,30.86588061901253
"/home/michaelbennie/OneDrive/Leite,Walter's files - Storiza Corpus Spring 2025/Processed_Utterances/annotated_sentence_segments/uid_ZegJLYO9QiacSJTQWx7CWauRcQr1_sid_rh7dGMV1HRrdpbcJITsW_1742611583_195798942_sentence_segment_close.wav",32.197070462484305,33.65696907026207,31.838614591009577,33.90198968312453
"/home/michaelbennie/OneDrive/Leite,Walter's files - Storiza Corpus Spring 2025/Processed_Utterances/annotated_sentence_segments/uid_ZegJLYO9QiacSJTQWx7CWauRcQr1_sid_rh7dGMV1HRrdpbcJITsW_1742611583_195798943_sentence_segment_close.wav",34.01364261276417,37.77951858039579,33.94988946204864,37.8481945467944
"/home/michaelbennie/OneDrive/Leite,Walter's files - Storiza Corpus Spring 2025/Processed_Utterances/annotated_sentence_segments/uid_ZegJLYO9QiacSJTQWx7CWauRcQr1_sid_rh7dGMV1HRrdpbcJITsW_1742611583_195798944_sentence_segment_close.wav",37.85996554229867,47.18578936208505,37.87388320127651,48.09874723655122
"/home/michaelbennie/OneDrive/Leite,Walter's files - Storiza Corpus Spring 2025/Processed_Utterances/annotated_sentence_segments/uid_ZegJLYO9QiacSJTQWx7CWauRcQr1_sid_rh7dGMV1HRrdpbcJITsW_1742611583_195798945_sentence_segment_close.wav",48.799340939736666,57.34234612109688,48.75460574797346,57.56816507000737
"/home/michaelbennie/OneDrive/Leite,Walter's files - Storiza Corpus Spring 2025/Processed_Utterances/annotated_sentence_segments/uid_b7tT96cSBaaiNnMJ2KcuOQPRkO83_sid_t5g1aeUZwxH7esCXS9Pn_1743345755_195798946_sentence_segment_close.wav",0.6212712418300653,13.927607999535907,0.7235360752475499,13.987261137000983
"/home/michaelbennie/OneDrive/Leite,Walter's files - Storiza Corpus Spring 2025/Processed_Utterances/annotated_sentence_segments/uid_b7tT96cSBaaiNnMJ2KcuOQPRkO83_sid_t5g1aeUZwxH7esCXS9Pn_1743345755_195798947_sentence_segment_close.wav",17.03641614278477,22.574375808268286,17.049807706825206,22.64193983288644
"/home/michaelbennie/OneDrive/Leite,Walter's files - Storiza Corpus Spring 2025/Processed_Utterances/annotated_sentence_segments/uid_b7tT96cSBaaiNnMJ2KcuOQPRkO83_sid_t5g1aeUZwxH7esCXS9Pn_1743345755_195798948_sentence_segment_close.wav",23.232231912659355,32.59864676479299,23.23500403706078,32.45445477873515
"/home/michaelbennie/OneDrive/Leite,Walter's files - Storiza Corpus Spring 2025/Processed_Utterances/annotated_sentence_segments/uid_b7tT96cSBaaiNnMJ2KcuOQPRkO83_sid_t5g1aeUZwxH7esCXS9Pn_1743345755_195798949_sentence_segment_close.wav",32.721603881235204,39.05003130955651,32.751924996647915,39.08224950058439
"/home/michaelbennie/OneDrive/Leite,Walter's files - Storiza Corpus Spring 2025/Processed_Utterances/annotated_sentence_segments/uid_b7tT96cSBaaiNnMJ2KcuOQPRkO83_sid_t5g1aeUZwxH7esCXS9Pn_1743345755_195798950_sentence_segment_close.wav",39.09302549362885,52.61528763571604,39.10549296656784,52.56957002571854
"/home/michaelbennie/OneDrive/Leite,Walter's files - Storiza Corpus Spring 2025/Processed_Utterances/annotated_sentence_segments/uid_b7tT96cSBaaiNnMJ2KcuOQPRkO83_sid_t5g1aeUZwxH7esCXS9Pn_1743345755_195798951_sentence_segment_close.wav",53.21108686337613,61.04606705540338,53.25274325843786,61.05722551380435
"/home/michaelbennie/OneDrive/Leite,Walter's files - Storiza Corpus Spring 2025/Processed_Utterances/annotated_sentence_segments/uid_b7tT96cSBaaiNnMJ2KcuOQPRkO83_sid_t5g1aeUZwxH7esCXS9Pn_1743345755_195798952_sentence_segment_close.wav",61.48077313478166,71.79199280813785,62.106174915586905,71.73778671358889
"/home/michaelbennie/OneDrive/Leite,Walter's files - Storiza Corpus Spring 2025/Processed_Utterances/annotated_sentence_segments/uid_b7tT96cSBaaiNnMJ2KcuOQPRkO83_sid_t5g1aeUZwxH7esCXS9Pn_1743345755_195798953_sentence_segment_close.wav",72.16655908214142,94.39281707096646,72.19223975555232,94.51970110511492
"/home/michaelbennie/OneDrive/Leite,Walter's files - Storiza Corpus Spring 2025/Processed_Utterances/annotated_sentence_segments/uid_b7tT96cSBaaiNnMJ2KcuOQPRkO83_sid_t5g1aeUZwxH7esCXS9Pn_1743345755_195798954_sentence_segment_close.wav",95.3751272646431,106.75001966462119,95.3869776646212,106.74
"/home/michaelbennie/OneDrive/Leite,Walter's files - Storiza Corpus Spring 2025/Processed_Utterances/annotated_sentence_segments/uid_Gt0cspsUtRSvEXXHZKUWlVAfyVq2_sid_NB0tkgcxvGESuaQYdzod_1743619802_195798955_sentence_segment_close.wav",0.0,3.28385026822477,0.0,3.502632766817187
"/home/michaelbennie/OneDrive/Leite,Walter's files - Storiza Corpus Spring 2025/Processed_Utterances/annotated_sentence_segments/uid_Gt0cspsUtRSvEXXHZKUWlVAfyVq2_sid_NB0tkgcxvGESuaQYdzod_1743619802_195798956_sentence_segment_close.wav",4.203592038330908,10.514463217802088,4.163476235861772,10.66941635089232
"/home/michaelbennie/OneDrive/Leite,Walter's files - Storiza Corpus Spring 2025/Processed_Utterances/annotated_sentence_segments/uid_Gt0cspsUtRSvEXXHZKUWlVAfyVq2_sid_NB0tkgcxvGESuaQYdzod_1743619802_195798957_sentence_segment_close.wav",11.109935507940554,16.34307910194897,11.181659298790226,16.359464258433025
"/home/michaelbennie/OneDrive/Leite,Walter's files - Storiza Corpus Spring 2025/Processed_Utterances/annotated_sentence_segments/uid_Gt0cspsUtRSvEXXHZKUWlVAfyVq2_sid_NB0tkgcxvGESuaQYdzod_1743619802_195798958_sentence_segment_close.wav",16.722507413559676,21.05417087389779,16.724033131680482,21.04348539747875
"/home/michaelbennie/OneDrive/Leite,Walter's files - Storiza Corpus Spring 2025/Processed_Utterances/annotated_sentence_segments/uid_Gt0cspsUtRSvEXXHZKUWlVAfyVq2_sid_NB0tkgcxvGESuaQYdzod_1743619802_195798959_sentence_segment_close.wav",21.583405233396583,26.2549176905924,21.606490364519885,26.31358578237697
"/home/michaelbennie/OneDrive/Leite,Walter's files - Storiza Corpus Spring 2025/Processed_Utterances/annotated_sentence_segments/uid_Gt0cspsUtRSvEXXHZKUWlVAfyVq2_sid_NB0tkgcxvGESuaQYdzod_1743619802_195798960_sentence_segment_close.wav",26.593130794349843,30.684716652384026,26.57662934984545,30.854548420780286
"/home/michaelbennie/OneDrive/Leite,Walter's files - Storiza Corpus Spring 2025/Processed_Utterances/annotated_sentence_segments/uid_Gt0cspsUtRSvEXXHZKUWlVAfyVq2_sid_NB0tkgcxvGESuaQYdzod_1743619802_195798961_sentence_segment_close.wav",31.17261656991243,33.07361521268601,31.17823462552366,33.294573403074374
"/home/michaelbennie/OneDrive/Leite,Walter's files - Storiza Corpus Spring 2025/Processed_Utterances/annotated_sentence_segments/uid_Gt0cspsUtRSvEXXHZKUWlVAfyVq2_sid_NB0tkgcxvGESuaQYdzod_1743619802_195798962_sentence_segment_close.wav",33.478966998869836,41.144451520639926,33.50409353787658,41.21703753648056
"/home/michaelbennie/OneDrive/Leite,Walter's files - Storiza Corpus Spring 2025/Processed_Utterances/annotated_sentence_segments/uid_FecxEEwWTpW5fnBaHIGu821YiLh2_sid_5CDuMCZzZSESFX0X8vIr_1742344504_195798963_sentence_segment_close.wav",0.7871276592302767,37.94096189598354,0.5088495575221239,38.023598820059
"/home/michaelbennie/OneDrive/Leite,Walter's files - Storiza Corpus Spring 2025/Processed_Utterances/annotated_sentence_segments/uid_FecxEEwWTpW5fnBaHIGu821YiLh2_sid_5CDuMCZzZSESFX0X8vIr_1742344504_195798964_sentence_segment_close.wav",38.603011453753744,52.56915191068773,38.525073746312685,52.60324483775812
"/home/michaelbennie/OneDrive/Leite,Walter's files - Storiza Corpus Spring 2025/Processed_Utterances/annotated_sentence_segments/uid_FecxEEwWTpW5fnBaHIGu821YiLh2_sid_5CDuMCZzZSESFX0X8vIr_1742344504_195798965_sentence_segment_close.wav",54.529797085908484,84.91120068540053,54.46165191740414,84.98525073746313
"/home/michaelbennie/OneDrive/Leite,Walter's files - Storiza Corpus Spring 2025/Processed_Utterances/annotated_sentence_segments/uid_FecxEEwWTpW5fnBaHIGu821YiLh2_sid_5CDuMCZzZSESFX0X8vIr_1742344504_195798966_sentence_segment_close.wav",87.34208073699945,118.20546196422629,86.56342182890856,118.34808259587022
"/home/michaelbennie/OneDrive/Leite,Walter's files - Storiza Corpus Spring 2025/Processed_Utterances/annotated_sentence_segments/uid_FecxEEwWTpW5fnBaHIGu821YiLh2_sid_5CDuMCZzZSESFX0X8vIr_1742344504_195798967_sentence_segment_close.wav",118.87234527056715,179.47987473818512,118.77581120943954,180.14011799410034
"/home/michaelbennie/OneDrive/Leite,Walter's files - Storiza Corpus Spring 2025/Processed_Utterances/annotated_sentence_segments/uid_FecxEEwWTpW5fnBaHIGu821YiLh2_sid_5CDuMCZzZSESFX0X8vIr_1742344504_195798968_sentence_segment_close.wav",184.30163926369164,238.31489249938983,183.8716814159292,238.36283185840708
"/home/michaelbennie/OneDrive/Leite,Walter's files - Storiza Corpus Spring 2025/Processed_Utterances/annotated_sentence_segments/uid_FecxEEwWTpW5fnBaHIGu821YiLh2_sid_5CDuMCZzZSESFX0X8vIr_1742344504_195798969_sentence_segment_close.wav",240.72114964604154,328.0740769801065,240.1622418879056,328.0884157084663
"/home/michaelbennie/OneDrive/Leite,Walter's files - Storiza Corpus Spring 2025/Processed_Utterances/annotated_sentence_segments/uid_ECPqsmdUcMhqkJwXAfhhs3XTgoa2_sid_SuRsid6TUn8QnLIxxKUO_1741643049_195798970_sentence_segment_close.wav",0.8916658699761794,5.148363338001095,0.8356945827497179,5.2492065978966655
"/home/michaelbennie/OneDrive/Leite,Walter's files - Storiza Corpus Spring 2025/Processed_Utterances/annotated_sentence_segments/uid_ECPqsmdUcMhqkJwXAfhhs3XTgoa2_sid_SuRsid6TUn8QnLIxxKUO_1741643049_195798971_sentence_segment_close.wav",5.319378568629808,6.253298177228151,5.327552965029452,6.424402104888456
"/home/michaelbennie/OneDrive/Leite,Walter's files - Storiza Corpus Spring 2025/Processed_Utterances/annotated_sentence_segments/uid_ECPqsmdUcMhqkJwXAfhhs3XTgoa2_sid_SuRsid6TUn8QnLIxxKUO_1741643049_195798972_sentence_segment_close.wav",6.652038531761153,9.005541097340547,6.620268022720421,8.996774492414932
"/home/michaelbennie/OneDrive/Leite,Walter's files - Storiza Corpus Spring 2025/Processed_Utterances/annotated_sentence_segments/uid_ECPqsmdUcMhqkJwXAfhhs3XTgoa2_sid_SuRsid6TUn8QnLIxxKUO_1741643049_195798973_sentence_segment_close.wav",9.789303979806727,10.899201560486544,9.688834068754542,10.94237594287912
"/home/michaelbennie/OneDrive/Leite,Walter's files - Storiza Corpus Spring 2025/Processed_Utterances/annotated_sentence_segments/uid_ECPqsmdUcMhqkJwXAfhhs3XTgoa2_sid_SuRsid6TUn8QnLIxxKUO_1741643049_195798974_sentence_segment_close.wav",11.612975916362055,16.101270035971638,11.508210550955752,16.208992578922917
"/home/michaelbennie/OneDrive/Leite,Walter's files - Storiza Corpus Spring 2025/Processed_Utterances/annotated_sentence_segments/uid_ECPqsmdUcMhqkJwXAfhhs3XTgoa2_sid_SuRsid6TUn8QnLIxxKUO_1741643049_195798975_sentence_segment_close.wav",16.332163684215327,17.6182029652969,16.278634325472368,17.662753478151586
"/home/michaelbennie/OneDrive/Leite,Walter's files - Storiza Corpus Spring 2025/Processed_Utterances/annotated_sentence_segments/uid_ECPqsmdUcMhqkJwXAfhhs3XTgoa2_sid_SuRsid6TUn8QnLIxxKUO_1741643049_195798976_sentence_segment_close.wav",17.967728293346394,20.66196699209903,17.950022693991343,20.718260999349784
"/home/michaelbennie/OneDrive/Leite,Walter's files - Storiza Corpus Spring 2025/Processed_Utterances/annotated_sentence_segments/uid_ECPqsmdUcMhqkJwXAfhhs3XTgoa2_sid_SuRsid6TUn8QnLIxxKUO_1741643049_195798977_sentence_segment_close.wav",22.692231274609696,25.415193551402076,22.621422652365084,25.53329596413364
"/home/michaelbennie/OneDrive/Leite,Walter's files - Storiza Corpus Spring 2025/Processed_Utterances/annotated_sentence_segments/uid_ECPqsmdUcMhqkJwXAfhhs3XTgoa2_sid_SuRsid6TUn8QnLIxxKUO_1741643049_195798978_sentence_segment_close.wav",26.03160321688097,27.211029715259937,25.755277337676528,27.2699737689104
"/home/michaelbennie/OneDrive/Leite,Walter's files - Storiza Corpus Spring 2025/Processed_Utterances/annotated_sentence_segments/uid_ECPqsmdUcMhqkJwXAfhhs3XTgoa2_sid_SuRsid6TUn8QnLIxxKUO_1741643049_195798979_sentence_segment_close.wav",27.37276639178234,30.36878531966462,27.374435591754107,30.547463460631946
"/home/michaelbennie/OneDrive/Leite,Walter's files - Storiza Corpus Spring 2025/Processed_Utterances/annotated_sentence_segments/uid_ECPqsmdUcMhqkJwXAfhhs3XTgoa2_sid_SuRsid6TUn8QnLIxxKUO_1741643049_195798980_sentence_segment_close.wav",30.74612581487175,33.37418832136422,30.76944483417484,33.824953152353494
"/home/michaelbennie/OneDrive/Leite,Walter's files - Storiza Corpus Spring 2025/Processed_Utterances/annotated_sentence_segments/uid_flpss45kNMRJ1OyjEiJaPFx5rCo2_sid_Rcq8EeYY64iPD7qGRtyZ_1743380161_195798981_sentence_segment_close.wav",0.809687419256372,5.222089944258894,0.7385571214675284,5.366848415997374
"/home/michaelbennie/OneDrive/Leite,Walter's files - Storiza Corpus Spring 2025/Processed_Utterances/annotated_sentence_segments/uid_flpss45kNMRJ1OyjEiJaPFx5rCo2_sid_Rcq8EeYY64iPD7qGRtyZ_1743380161_195798982_sentence_segment_close.wav",5.522338469470261,8.021761516735065,5.489941269575295,8.074891194711645
"/home/michaelbennie/OneDrive/Leite,Walter's files - Storiza Corpus Spring 2025/Processed_Utterances/annotated_sentence_segments/uid_flpss45kNMRJ1OyjEiJaPFx5rCo2_sid_Rcq8EeYY64iPD7qGRtyZ_1743380161_195798983_sentence_segment_close.wav",8.39826563793994,13.596089648839047,8.321076901867487,14.03258530788304
"/home/michaelbennie/OneDrive/Leite,Walter's files - Storiza Corpus Spring 2025/Processed_Utterances/annotated_sentence_segments/uid_flpss45kNMRJ1OyjEiJaPFx5rCo2_sid_Rcq8EeYY64iPD7qGRtyZ_1743380161_195798984_sentence_segment_close.wav",14.158530412919314,21.075837963947748,14.08182244931421,21.1473522446869
"/home/michaelbennie/OneDrive/Leite,Walter's files - Storiza Corpus Spring 2025/Processed_Utterances/annotated_sentence_segments/uid_flpss45kNMRJ1OyjEiJaPFx5rCo2_sid_Rcq8EeYY64iPD7qGRtyZ_1743380161_195798985_sentence_segment_close.wav",21.6481527122598,27.985920440207956,21.641875458736312,27.98656120975085
"/home/michaelbennie/OneDrive/Leite,Walter's files - Storiza Corpus Spring 2025/Processed_Utterances/annotated_sentence_segments/uid_flpss45kNMRJ1OyjEiJaPFx5rCo2_sid_Rcq8EeYY64iPD7qGRtyZ_1743380161_195798986_sentence_segment_close.wav",27.99932462693312,32.07155282226451,27.99732171103781,35.426123259725784
"/home/michaelbennie/OneDrive/Leite,Walter's files - Storiza Corpus Spring 2025/Processed_Utterances/annotated_sentence_segments/uid_flpss45kNMRJ1OyjEiJaPFx5rCo2_sid_Rcq8EeYY64iPD7qGRtyZ_1743380161_195798987_sentence_segment_close.wav",35.49265503997821,41.40365900348682,35.458949022412106,41.44126170629908
"/home/michaelbennie/OneDrive/Leite,Walter's files - Storiza Corpus Spring 2025/Processed_Utterances/annotated_sentence_segments/uid_flpss45kNMRJ1OyjEiJaPFx5rCo2_sid_Rcq8EeYY64iPD7qGRtyZ_1743380161_195798988_sentence_segment_close.wav",41.79554588066468,46.90609266740485,41.72027017094463,46.94293868564981
"/home/michaelbennie/OneDrive/Leite,Walter's files - Storiza Corpus Spring 2025/Processed_Utterances/annotated_sentence_segments/uid_flpss45kNMRJ1OyjEiJaPFx5rCo2_sid_Rcq8EeYY64iPD7qGRtyZ_1743380161_195798989_sentence_segment_close.wav",47.46466980432472,54.83572537118242,47.004451637034734,54.94780228352548
"/home/michaelbennie/OneDrive/Leite,Walter's files - Storiza Corpus Spring 2025/Processed_Utterances/annotated_sentence_segments/uid_flpss45kNMRJ1OyjEiJaPFx5rCo2_sid_Rcq8EeYY64iPD7qGRtyZ_1743380161_195798990_sentence_segment_close.wav",54.960619287568214,65.29124272617307,54.96506121592897,65.40333519933671
"/home/michaelbennie/OneDrive/Leite,Walter's files - Storiza Corpus Spring 2025/Processed_Utterances/annotated_sentence_segments/uid_xxUUDYlSFESUIRvPTLDLReqO44G3_sid_EWrmt6kSmwKACKbLS43Q_1742751642_195798991_sentence_segment_close.wav",0.9404176626991754,6.007371167048919,0.2873986735445836,6.024318349299926
"/home/michaelbennie/OneDrive/Leite,Walter's files - Storiza Corpus Spring 2025/Processed_Utterances/annotated_sentence_segments/uid_xxUUDYlSFESUIRvPTLDLReqO44G3_sid_EWrmt6kSmwKACKbLS43Q_1742751642_195798992_sentence_segment_close.wav",6.567983910026466,10.594307007785122,6.543846720707442,10.589535740604274
"/home/michaelbennie/OneDrive/Leite,Walter's files - Storiza Corpus Spring 2025/Processed_Utterances/annotated_sentence_segments/uid_xxUUDYlSFESUIRvPTLDLReqO44G3_sid_EWrmt6kSmwKACKbLS43Q_1742751642_195798993_sentence_segment_close.wav",10.94699705974806,15.19036049934197,10.869565217391305,15.254237288135592
"/home/michaelbennie/OneDrive/Leite,Walter's files - Storiza Corpus Spring 2025/Processed_Utterances/annotated_sentence_segments/uid_xxUUDYlSFESUIRvPTLDLReqO44G3_sid_EWrmt6kSmwKACKbLS43Q_1742751642_195798994_sentence_segment_close.wav",16.192226026702624,20.1025956983078,15.729550478997789,20.151068533529845
"/home/michaelbennie/OneDrive/Leite,Walter's files - Storiza Corpus Spring 2025/Processed_Utterances/annotated_sentence_segments/uid_xxUUDYlSFESUIRvPTLDLReqO44G3_sid_EWrmt6kSmwKACKbLS43Q_1742751642_195798995_sentence_segment_close.wav",20.413019492560814,24.977261540636,20.338983050847457,25.033161385408988
"/home/michaelbennie/OneDrive/Leite,Walter's files - Storiza Corpus Spring 2025/Processed_Utterances/annotated_sentence_segments/uid_xxUUDYlSFESUIRvPTLDLReqO44G3_sid_EWrmt6kSmwKACKbLS43Q_1742751642_195798996_sentence_segment_close.wav",25.473159754601618,30.397037619051282,25.471628592483416,30.445836403831983
"/home/michaelbennie/OneDrive/Leite,Walter's files - Storiza Corpus Spring 2025/Processed_Utterances/annotated_sentence_segments/uid_xxUUDYlSFESUIRvPTLDLReqO44G3_sid_EWrmt6kSmwKACKbLS43Q_1742751642_195798997_sentence_segment_close.wav",30.7280566497374,36.12666005295446,30.69270449521002,36.16064848931466
"/home/michaelbennie/OneDrive/Leite,Walter's files - Storiza Corpus Spring 2025/Processed_Utterances/annotated_sentence_segments/uid_xxUUDYlSFESUIRvPTLDLReqO44G3_sid_EWrmt6kSmwKACKbLS43Q_1742751642_195798998_sentence_segment_close.wav",36.63833292498269,41.15167878401034,36.62490788504053,41.1864406779661
"/home/michaelbennie/OneDrive/Leite,Walter's files - Storiza Corpus Spring 2025/Processed_Utterances/annotated_sentence_segments/uid_xxUUDYlSFESUIRvPTLDLReqO44G3_sid_EWrmt6kSmwKACKbLS43Q_1742751642_195798999_sentence_segment_close.wav",41.50706758284607,54.423637530252535,41.49594694178335,54.200442151805454
"/home/michaelbennie/OneDrive/Leite,Walter's files - Storiza Corpus Spring 2025/Processed_Utterances/annotated_sentence_segments/uid_ejZWulX03uRlAA3C5VqYK6jKNYs1_sid_P6kAd6A5SfFBLSW9pJpN_1741135137_195799000_sentence_segment_close.wav",1.0076865619013196,5.182557195192482,0.9620388414480254,5.044943205976696
"/home/michaelbennie/OneDrive/Leite,Walter's files - Storiza Corpus Spring 2025/Processed_Utterances/annotated_sentence_segments/uid_ejZWulX03uRlAA3C5VqYK6jKNYs1_sid_P6kAd6A5SfFBLSW9pJpN_1741135137_195799001_sentence_segment_close.wav",5.556730199123729,8.69759628623741,5.114071745481944,8.766362916009179
"/home/michaelbennie/OneDrive/Leite,Walter's files - Storiza Corpus Spring 2025/Processed_Utterances/annotated_sentence_segments/uid_ejZWulX03uRlAA3C5VqYK6jKNYs1_sid_P6kAd6A5SfFBLSW9pJpN_1741135137_195799002_sentence_segment_close.wav",8.798112596496313,11.313355611858684,8.775003983447334,11.793616875176468
"/home/michaelbennie/OneDrive/Leite,Walter's files - Storiza Corpus Spring 2025/Processed_Utterances/annotated_sentence_segments/uid_ejZWulX03uRlAA3C5VqYK6jKNYs1_sid_P6kAd6A5SfFBLSW9pJpN_1741135137_195799003_sentence_segment_close.wav",11.828821322901359,16.810083974898465,11.820980255397291,16.82991901371501
"/home/michaelbennie/OneDrive/Leite,Walter's files - Storiza Corpus Spring 2025/Processed_Utterances/annotated_sentence_segments/uid_ejZWulX03uRlAA3C5VqYK6jKNYs1_sid_P6kAd6A5SfFBLSW9pJpN_1741135137_195799004_sentence_segment_close.wav",16.87575072845706,23.600425001816898,16.8832055962503,23.95447911647456
"/home/michaelbennie/OneDrive/Leite,Walter's files - Storiza Corpus Spring 2025/Processed_Utterances/annotated_sentence_segments/uid_ejZWulX03uRlAA3C5VqYK6jKNYs1_sid_P6kAd6A5SfFBLSW9pJpN_1741135137_195799005_sentence_segment_close.wav",23.982022079881837,30.127458148651037,23.999124631571696,30.11988073359881
"/home/michaelbennie/OneDrive/Leite,Walter's files - Storiza Corpus Spring 2025/Processed_Utterances/annotated_sentence_segments/uid_ejZWulX03uRlAA3C5VqYK6jKNYs1_sid_P6kAd6A5SfFBLSW9pJpN_1741135137_195799006_sentence_segment_close.wav",30.3725122020562,39.92809584980606,30.3963953374258,39.907330231022726
"/home/michaelbennie/OneDrive/Leite,Walter's files - Storiza Corpus Spring 2025/Processed_Utterances/annotated_sentence_segments/uid_ejZWulX03uRlAA3C5VqYK6jKNYs1_sid_P6kAd6A5SfFBLSW9pJpN_1741135137_195799007_sentence_segment_close.wav",39.905197771652716,45.953951663664284,39.979864498021776,46.02839128016033
"/home/michaelbennie/OneDrive/Leite,Walter's files - Storiza Corpus Spring 2025/Processed_Utterances/annotated_sentence_segments/uid_ejZWulX03uRlAA3C5VqYK6jKNYs1_sid_P6kAd6A5SfFBLSW9pJpN_1741135137_195799008_sentence_segment_close.wav",46.05847597910639,49.158987873016365,46.065080356246725,49.27280671027139
"/home/michaelbennie/OneDrive/Leite,Walter's files - Storiza Corpus Spring 2025/Processed_Utterances/annotated_sentence_segments/uid_ejZWulX03uRlAA3C5VqYK6jKNYs1_sid_P6kAd6A5SfFBLSW9pJpN_1741135137_195799009_sentence_segment_close.wav",49.21095551104707,77.45762601659897,49.27568706608412,77.3674242230844
"/home/michaelbennie/OneDrive/Leite,Walter's files - Storiza Corpus Spring 2025/Processed_Utterances/annotated_sentence_segments/uid_ejZWulX03uRlAA3C5VqYK6jKNYs1_sid_P6kAd6A5SfFBLSW9pJpN_1741135137_195799010_sentence_segment_close.wav",77.8971971250068,81.39315362899188,77.91218455613281,81.39058002949331
"/home/michaelbennie/OneDrive/Leite,Walter's files - Storiza Corpus Spring 2025/Processed_Utterances/annotated_sentence_segments/uid_ejZWulX03uRlAA3C5VqYK6jKNYs1_sid_P6kAd6A5SfFBLSW9pJpN_1741135137_195799011_sentence_segment_close.wav",82.18423691845713,87.1666466723606,82.17827395736485,87.17560638189633
"/home/michaelbennie/OneDrive/Leite,Walter's files - Storiza Corpus Spring 2025/Processed_Utterances/annotated_sentence_segments/uid_ejZWulX03uRlAA3C5VqYK6jKNYs1_sid_P6kAd6A5SfFBLSW9pJpN_1741135137_195799012_sentence_segment_close.wav",87.82997076867025,92.45807740781562,87.8983791745806,92.4442286958772
"/home/michaelbennie/OneDrive/Leite,Walter's files - Storiza Corpus Spring 2025/Processed_Utterances/annotated_sentence_segments/uid_ejZWulX03uRlAA3C5VqYK6jKNYs1_sid_P6kAd6A5SfFBLSW9pJpN_1741135137_195799013_sentence_segment_close.wav",92.99535313529508,101.86733507044259,93.0044583786609,101.8767449179519
"/home/michaelbennie/OneDrive/Leite,Walter's files - Storiza Corpus Spring 2025/Processed_Utterances/annotated_sentence_segments/uid_ejZWulX03uRlAA3C5VqYK6jKNYs1_sid_P6kAd6A5SfFBLSW9pJpN_1741135137_195799014_sentence_segment_close.wav",102.39618371977251,110.28097781444,102.408659844138,110.30322584806028
"/home/michaelbennie/OneDrive/Leite,Walter's files - Storiza Corpus Spring 2025/Processed_Utterances/annotated_sentence_segments/uid_lEq1lXM2xafR8w5blWO2OCG8VE93_sid_jYTizNYBKMXCSsVuEydP_1742757294_195799015_sentence_segment_close.wav",3.089932139129821,9.342564070149923,2.6639646278555635,9.392041267501842
"/home/michaelbennie/OneDrive/Leite,Walter's files - Storiza Corpus Spring 2025/Processed_Utterances/annotated_sentence_segments/uid_lEq1lXM2xafR8w5blWO2OCG8VE93_sid_jYTizNYBKMXCSsVuEydP_1742757294_195799016_sentence_segment_close.wav",9.676298720849946,15.846315098894957,9.521002210759026,15.829034635224758
"/home/michaelbennie/OneDrive/Leite,Walter's files - Storiza Corpus Spring 2025/Processed_Utterances/annotated_sentence_segments/uid_lEq1lXM2xafR8w5blWO2OCG8VE93_sid_jYTizNYBKMXCSsVuEydP_1742757294_195799017_sentence_segment_close.wav",16.031786821359383,21.85334255287835,15.856664516475956,21.8817518292408
"/home/michaelbennie/OneDrive/Leite,Walter's files - Storiza Corpus Spring 2025/Processed_Utterances/annotated_sentence_segments/uid_lEq1lXM2xafR8w5blWO2OCG8VE93_sid_jYTizNYBKMXCSsVuEydP_1742757294_195799018_sentence_segment_close.wav",23.60010127168615,36.87874662191586,23.009960943846835,37.24091024015129
"/home/michaelbennie/OneDrive/Leite,Walter's files - Storiza Corpus Spring 2025/Processed_Utterances/annotated_sentence_segments/uid_lEq1lXM2xafR8w5blWO2OCG8VE93_sid_jYTizNYBKMXCSsVuEydP_1742757294_195799019_sentence_segment_close.wav",37.71443275787349,41.90372633356857,37.557281384571965,41.91975185600175
"/home/michaelbennie/OneDrive/Leite,Walter's files - Storiza Corpus Spring 2025/Processed_Utterances/annotated_sentence_segments/uid_lEq1lXM2xafR8w5blWO2OCG8VE93_sid_jYTizNYBKMXCSsVuEydP_1742757294_195799020_sentence_segment_close.wav",42.60073044912219,52.748220662724464,41.988778287511714,53.17796283527704
"/home/michaelbennie/OneDrive/Leite,Walter's files - Storiza Corpus Spring 2025/Processed_Utterances/annotated_sentence_segments/uid_lEq1lXM2xafR8w5blWO2OCG8VE93_sid_jYTizNYBKMXCSsVuEydP_1742757294_195799021_sentence_segment_close.wav",54.695071886848716,66.36275451834703,54.3801731840756,66.93378019468791
"/home/michaelbennie/OneDrive/Leite,Walter's files - Storiza Corpus Spring 2025/Processed_Utterances/annotated_sentence_segments/uid_lEq1lXM2xafR8w5blWO2OCG8VE93_sid_jYTizNYBKMXCSsVuEydP_1742757294_195799022_sentence_segment_close.wav",67.02419086614815,83.0589927743106,67.02811631775153,83.30224798675094
"/home/michaelbennie/OneDrive/Leite,Walter's files - Storiza Corpus Spring 2025/Processed_Utterances/annotated_sentence_segments/uid_lEq1lXM2xafR8w5blWO2OCG8VE93_sid_jYTizNYBKMXCSsVuEydP_1742757294_195799023_sentence_segment_close.wav",83.40334143729326,88.03316585787644,83.40118587191522,88.18422534229343
"/home/michaelbennie/OneDrive/Leite,Walter's files - Storiza Corpus Spring 2025/Processed_Utterances/annotated_sentence_segments/uid_EOwDjm2STZfXSXQJzWXadFRGRzn1_sid_Er2vmZID4HCN6xXLufOo_1744244305_195799024_sentence_segment_close.wav",1.092936375703344,5.092853576117748,0.9690493736182756,5.169491525423729
"/home/michaelbennie/OneDrive/Leite,Walter's files - Storiza Corpus Spring 2025/Processed_Utterances/annotated_sentence_segments/uid_EOwDjm2STZfXSXQJzWXadFRGRzn1_sid_Er2vmZID4HCN6xXLufOo_1744244305_195799025_sentence_segment_close.wav",5.941152415618354,18.189059039204718,5.232129697862933,18.695652173913047
"/home/michaelbennie/OneDrive/Leite,Walter's files - Storiza Corpus Spring 2025/Processed_Utterances/annotated_sentence_segments/uid_EOwDjm2STZfXSXQJzWXadFRGRzn1_sid_Er2vmZID4HCN6xXLufOo_1744244305_195799026_sentence_segment_close.wav",20.991746075822928,36.04265122101951,20.77376565954311,36.19012527634488
"/home/michaelbennie/OneDrive/Leite,Walter's files - Storiza Corpus Spring 2025/Processed_Utterances/annotated_sentence_segments/uid_EOwDjm2STZfXSXQJzWXadFRGRzn1_sid_Er2vmZID4HCN6xXLufOo_1744244305_195799027_sentence_segment_close.wav",36.610432407167266,65.19069003558297,36.50700073691967,65.28371407516582
"/home/michaelbennie/OneDrive/Leite,Walter's files - Storiza Corpus Spring 2025/Processed_Utterances/annotated_sentence_segments/uid_EOwDjm2STZfXSXQJzWXadFRGRzn1_sid_Er2vmZID4HCN6xXLufOo_1744244305_195799028_sentence_segment_close.wav",67.54993486344087,75.61216377501985,67.42446573323508,75.6042741341194
"/home/michaelbennie/OneDrive/Leite,Walter's files - Storiza Corpus Spring 2025/Processed_Utterances/annotated_sentence_segments/uid_EOwDjm2STZfXSXQJzWXadFRGRzn1_sid_Er2vmZID4HCN6xXLufOo_1744244305_195799029_sentence_segment_close.wav",75.93258627359216,114.72591399984442,75.62638172439205,114.77155490051584
"/home/michaelbennie/OneDrive/Leite,Walter's files - Storiza Corpus Spring 2025/Processed_Utterances/annotated_sentence_segments/uid_WXRuAJyMuAViHCpYPRVffOrexB03_sid_H4UzBBUu9GcvIGFhnpPB_1742774655_195799030_sentence_segment_close.wav",1.29861647203684,9.519985684305341,1.2684365781710911,9.550147492625369
"/home/michaelbennie/OneDrive/Leite,Walter's files - Storiza Corpus Spring 2025/Processed_Utterances/annotated_sentence_segments/uid_WXRuAJyMuAViHCpYPRVffOrexB03_sid_H4UzBBUu9GcvIGFhnpPB_1742774655_195799031_sentence_segment_close.wav",10.416269931222468,20.555581781575064,10.21386430678466,20.84070796460177
"/home/michaelbennie/OneDrive/Leite,Walter's files - Storiza Corpus Spring 2025/Processed_Utterances/annotated_sentence_segments/uid_WXRuAJyMuAViHCpYPRVffOrexB03_sid_H4UzBBUu9GcvIGFhnpPB_1742774655_195799032_sentence_segment_close.wav",20.940036574647653,32.638325723505176,20.914454277286136,32.8023598820059
"/home/michaelbennie/OneDrive/Leite,Walter's files - Storiza Corpus Spring 2025/Processed_Utterances/annotated_sentence_segments/uid_WXRuAJyMuAViHCpYPRVffOrexB03_sid_H4UzBBUu9GcvIGFhnpPB_1742774655_195799033_sentence_segment_close.wav",34.29704092395258,59.82263771820558,34.233038348082594,60.0811209439528
"/home/michaelbennie/OneDrive/Leite,Walter's files - Storiza Corpus Spring 2025/Processed_Utterances/annotated_sentence_segments/uid_WXRuAJyMuAViHCpYPRVffOrexB03_sid_H4UzBBUu9GcvIGFhnpPB_1742774655_195799034_sentence_segment_close.wav",60.71627364074548,76.59272701649004,60.61946902654867,76.82890855457227
"/home/michaelbennie/OneDrive/Leite,Walter's files - Storiza Corpus Spring 2025/Processed_Utterances/annotated_sentence_segments/uid_WXRuAJyMuAViHCpYPRVffOrexB03_sid_H4UzBBUu9GcvIGFhnpPB_1742774655_195799035_sentence_segment_close.wav",78.44507858965845,92.53491280337585,78.39601769911505,92.74705014749262
"/home/michaelbennie/OneDrive/Leite,Walter's files - Storiza Corpus Spring 2025/Processed_Utterances/annotated_sentence_segments/uid_WXRuAJyMuAViHCpYPRVffOrexB03_sid_H4UzBBUu9GcvIGFhnpPB_1742774655_195799036_sentence_segment_close.wav",95.32795438230968,112.54397216609843,95.33554572271387,114.78244837758112
"/home/michaelbennie/OneDrive/Leite,Walter's files - Storiza Corpus Spring 2025/Processed_Utterances/annotated_sentence_segments/uid_WXRuAJyMuAViHCpYPRVffOrexB03_sid_H4UzBBUu9GcvIGFhnpPB_1742774655_195799037_sentence_segment_close.wav",113.80825958702064,128.28260403024257,114.80825958702064,128.4496927738647
"/home/michaelbennie/OneDrive/Leite,Walter's files - Storiza Corpus Spring 2025/Processed_Utterances/annotated_sentence_segments/uid_uJ59YClhDZUuJsN0vsDR1GRv6pu1_sid_9aQcNlrmXoeI8N7VSq3c_1742872549_195799038_sentence_segment_close.wav",0.6187132960388668,8.655454040209337,0.5955705761645511,8.79342438925308
"/home/michaelbennie/OneDrive/Leite,Walter's files - Storiza Corpus Spring 2025/Processed_Utterances/annotated_sentence_segments/uid_uJ59YClhDZUuJsN0vsDR1GRv6pu1_sid_9aQcNlrmXoeI8N7VSq3c_1742872549_195799039_sentence_segment_close.wav",9.516628618244487,19.831712800485803,9.470739768269905,19.91074163280145
"/home/michaelbennie/OneDrive/Leite,Walter's files - Storiza Corpus Spring 2025/Processed_Utterances/annotated_sentence_segments/uid_uJ59YClhDZUuJsN0vsDR1GRv6pu1_sid_9aQcNlrmXoeI8N7VSq3c_1742872549_195799040_sentence_segment_close.wav",20.5866185088221,41.505625047231305,20.553024517653984,41.53812893662846
"/home/michaelbennie/OneDrive/Leite,Walter's files - Storiza Corpus Spring 2025/Processed_Utterances/annotated_sentence_segments/uid_uJ59YClhDZUuJsN0vsDR1GRv6pu1_sid_9aQcNlrmXoeI8N7VSq3c_1742872549_195799041_sentence_segment_close.wav",42.154011046480086,46.48914881350499,42.08114702955831,46.512892787488646
"/home/michaelbennie/OneDrive/Leite,Walter's files - Storiza Corpus Spring 2025/Processed_Utterances/annotated_sentence_segments/uid_uJ59YClhDZUuJsN0vsDR1GRv6pu1_sid_9aQcNlrmXoeI8N7VSq3c_1742872549_195799042_sentence_segment_close.wav",47.55306066318694,56.51618954505419,47.48215755659905,57.011286775231866
"/home/michaelbennie/OneDrive/Leite,Walter's files - Storiza Corpus Spring 2025/Processed_Utterances/annotated_sentence_segments/uid_uJ59YClhDZUuJsN0vsDR1GRv6pu1_sid_9aQcNlrmXoeI8N7VSq3c_1742872549_195799043_sentence_segment_close.wav",57.25058492177233,61.52214697790351,57.23316315845056,61.57732500812141
"/home/michaelbennie/OneDrive/Leite,Walter's files - Storiza Corpus Spring 2025/Processed_Utterances/annotated_sentence_segments/uid_uJ59YClhDZUuJsN0vsDR1GRv6pu1_sid_9aQcNlrmXoeI8N7VSq3c_1742872549_195799044_sentence_segment_close.wav",62.04230014736401,73.40524661621113,62.00356954602294,73.44202796471272
"/home/michaelbennie/OneDrive/Leite,Walter's files - Storiza Corpus Spring 2025/Processed_Utterances/annotated_sentence_segments/uid_uJ59YClhDZUuJsN0vsDR1GRv6pu1_sid_9aQcNlrmXoeI8N7VSq3c_1742872549_195799045_sentence_segment_close.wav",75.06947997054189,91.31943774876834,75.0360550950355,91.48134146928086
"/home/michaelbennie/OneDrive/Leite,Walter's files - Storiza Corpus Spring 2025/Processed_Utterances/annotated_sentence_segments/uid_uJ59YClhDZUuJsN0vsDR1GRv6pu1_sid_9aQcNlrmXoeI8N7VSq3c_1742872549_195799046_sentence_segment_close.wav",92.26779559094273,100.15035789503696,92.21682330670669,100.14344070390408
"/home/michaelbennie/OneDrive/Leite,Walter's files - Storiza Corpus Spring 2025/Processed_Utterances/annotated_sentence_segments/uid_THJAu4lbjHRa32ysgvSU3Etlb0d2_sid_QP6RR2aVPvPDSrDB99cc_1743032180_195799047_sentence_segment_close.wav",1.5415521150494034,6.2329145157589325,1.5265486725663715,6.6113569321533925
"/home/michaelbennie/OneDrive/Leite,Walter's files - Storiza Corpus Spring 2025/Processed_Utterances/annotated_sentence_segments/uid_THJAu4lbjHRa32ysgvSU3Etlb0d2_sid_QP6RR2aVPvPDSrDB99cc_1743032180_195799048_sentence_segment_close.wav",7.559729053366958,12.329880852066244,7.522123893805309,12.448377581120942
"/home/michaelbennie/OneDrive/Leite,Walter's files - Storiza Corpus Spring 2025/Processed_Utterances/annotated_sentence_segments/uid_THJAu4lbjHRa32ysgvSU3Etlb0d2_sid_QP6RR2aVPvPDSrDB99cc_1743032180_195799049_sentence_segment_close.wav",16.772379470833677,19.887903477611964,16.65929203539823,19.97050147492625
"/home/michaelbennie/OneDrive/Leite,Walter's files - Storiza Corpus Spring 2025/Processed_Utterances/annotated_sentence_segments/uid_THJAu4lbjHRa32ysgvSU3Etlb0d2_sid_QP6RR2aVPvPDSrDB99cc_1743032180_195799050_sentence_segment_close.wav",22.874389416596397,28.594705235580687,22.90191740412979,28.727876106194685
"/home/michaelbennie/OneDrive/Leite,Walter's files - Storiza Corpus Spring 2025/Processed_Utterances/annotated_sentence_segments/uid_THJAu4lbjHRa32ysgvSU3Etlb0d2_sid_QP6RR2aVPvPDSrDB99cc_1743032180_195799051_sentence_segment_close.wav",31.360670112953148,57.34759403087641,31.371681415929206,57.40412979351032
"/home/michaelbennie/OneDrive/Leite,Walter's files - Storiza Corpus Spring 2025/Processed_Utterances/annotated_sentence_segments/uid_THJAu4lbjHRa32ysgvSU3Etlb0d2_sid_QP6RR2aVPvPDSrDB99cc_1743032180_195799052_sentence_segment_close.wav",62.689023002926355,68.54969787229375,62.55162241887906,68.99705014749263
"/home/michaelbennie/OneDrive/Leite,Walter's files - Storiza Corpus Spring 2025/Processed_Utterances/annotated_sentence_segments/uid_THJAu4lbjHRa32ysgvSU3Etlb0d2_sid_QP6RR2aVPvPDSrDB99cc_1743032180_195799053_sentence_segment_close.wav",73.37016610899995,82.02207120615094,73.37758112094394,82.18251419741938
"/home/michaelbennie/OneDrive/Leite,Walter's files - Storiza Corpus Spring 2025/Processed_Utterances/annotated_sentence_segments/uid_EfKQNmht2ebtDnNadrezErlhcDF3_sid_MrJqeNzcm0ADJEBm72gJ_1741214318_195799054_sentence_segment_close.wav",2.1876786972947606,6.822464269597131,2.1739130434782608,6.890198968312454
"/home/michaelbennie/OneDrive/Leite,Walter's files - Storiza Corpus Spring 2025/Processed_Utterances/annotated_sentence_segments/uid_EfKQNmht2ebtDnNadrezErlhcDF3_sid_MrJqeNzcm0ADJEBm72gJ_1741214318_195799055_sentence_segment_close.wav",7.181988874473289,10.391478445153378,7.159174649963154,10.666912306558586
"/home/michaelbennie/OneDrive/Leite,Walter's files - Storiza Corpus Spring 2025/Processed_Utterances/annotated_sentence_segments/uid_EfKQNmht2ebtDnNadrezErlhcDF3_sid_MrJqeNzcm0ADJEBm72gJ_1741214318_195799056_sentence_segment_close.wav",10.752428540119725,16.187786685066914,10.714812085482682,16.315401621223288
"/home/michaelbennie/OneDrive/Leite,Walter's files - Storiza Corpus Spring 2025/Processed_Utterances/annotated_sentence_segments/uid_EfKQNmht2ebtDnNadrezErlhcDF3_sid_MrJqeNzcm0ADJEBm72gJ_1741214318_195799057_sentence_segment_close.wav",17.82478367970276,23.383354565896475,17.089167280766397,23.559322033898304
"/home/michaelbennie/OneDrive/Leite,Walter's files - Storiza Corpus Spring 2025/Processed_Utterances/annotated_sentence_segments/uid_EfKQNmht2ebtDnNadrezErlhcDF3_sid_MrJqeNzcm0ADJEBm72gJ_1741214318_195799058_sentence_segment_close.wav",24.0816118752012,27.976932611053524,23.927781871775977,28.23097419899916
"/home/michaelbennie/OneDrive/Leite,Walter's files - Storiza Corpus Spring 2025/Processed_Utterances/annotated_sentence_segments/uid_EfKQNmht2ebtDnNadrezErlhcDF3_sid_MrJqeNzcm0ADJEBm72gJ_1741214318_195799059_sentence_segment_close.wav",28.282601532617036,33.08804229173646,28.25350036845984,33.13190862196021
"/home/michaelbennie/OneDrive/Leite,Walter's files - Storiza Corpus Spring 2025/Processed_Utterances/annotated_sentence_segments/uid_EfKQNmht2ebtDnNadrezErlhcDF3_sid_MrJqeNzcm0ADJEBm72gJ_1741214318_195799060_sentence_segment_close.wav",33.644054821347126,41.20323196692351,33.58879882092852,41.27487103905675
"/home/michaelbennie/OneDrive/Leite,Walter's files - Storiza Corpus Spring 2025/Processed_Utterances/annotated_sentence_segments/uid_EfKQNmht2ebtDnNadrezErlhcDF3_sid_MrJqeNzcm0ADJEBm72gJ_1741214318_195799061_sentence_segment_close.wav",41.7334816699586,49.06043243916016,41.30434782608695,49.18938835666913
"/home/michaelbennie/OneDrive/Leite,Walter's files - Storiza Corpus Spring 2025/Processed_Utterances/annotated_sentence_segments/uid_CanxAhhjiePs6niCtdVzPqVIzXt1_sid_gUXg6qMNfG1UwQvM5G7u_1742765846_195799062_sentence_segment_close.wav",0.8504647067600017,4.789174172452411,0.803834808259587,4.911504424778761
"/home/michaelbennie/OneDrive/Leite,Walter's files - Storiza Corpus Spring 2025/Processed_Utterances/annotated_sentence_segments/uid_CanxAhhjiePs6niCtdVzPqVIzXt1_sid_gUXg6qMNfG1UwQvM5G7u_1742765846_195799063_sentence_segment_close.wav",5.579571560011626,12.451618766040115,5.538348082595871,12.47787610619469
"/home/michaelbennie/OneDrive/Leite,Walter's files - Storiza Corpus Spring 2025/Processed_Utterances/annotated_sentence_segments/uid_CanxAhhjiePs6niCtdVzPqVIzXt1_sid_gUXg6qMNfG1UwQvM5G7u_1742765846_195799064_sentence_segment_close.wav",12.585763168072951,18.226713048862,12.54424778761062,18.2669616519174
"/home/michaelbennie/OneDrive/Leite,Walter's files - Storiza Corpus Spring 2025/Processed_Utterances/annotated_sentence_segments/uid_CanxAhhjiePs6niCtdVzPqVIzXt1_sid_gUXg6qMNfG1UwQvM5G7u_1742765846_195799065_sentence_segment_close.wav",18.684957815483234,22.75259239755814,18.60619469026549,22.876106194690266
"/home/michaelbennie/OneDrive/Leite,Walter's files - Storiza Corpus Spring 2025/Processed_Utterances/annotated_sentence_segments/uid_CanxAhhjiePs6niCtdVzPqVIzXt1_sid_gUXg6qMNfG1UwQvM5G7u_1742765846_195799066_sentence_segment_close.wav",23.063915714545644,26.322072540266007,23.03097345132744,26.401179941002948
"/home/michaelbennie/OneDrive/Leite,Walter's files - Storiza Corpus Spring 2025/Processed_Utterances/annotated_sentence_segments/uid_CanxAhhjiePs6niCtdVzPqVIzXt1_sid_gUXg6qMNfG1UwQvM5G7u_1742765846_195799067_sentence_segment_close.wav",27.23292599657643,37.12620147051685,27.10914454277286,37.16076696165192
"/home/michaelbennie/OneDrive/Leite,Walter's files - Storiza Corpus Spring 2025/Processed_Utterances/annotated_sentence_segments/uid_CanxAhhjiePs6niCtdVzPqVIzXt1_sid_gUXg6qMNfG1UwQvM5G7u_1742765846_195799068_sentence_segment_close.wav",37.580920982323796,40.04272383482444,37.57374631268437,40.01474926253688
"/home/michaelbennie/OneDrive/Leite,Walter's files - Storiza Corpus Spring 2025/Processed_Utterances/annotated_sentence_segments/uid_CanxAhhjiePs6niCtdVzPqVIzXt1_sid_gUXg6qMNfG1UwQvM5G7u_1742765846_195799069_sentence_segment_close.wav",40.03159734573419,47.15429933434631,40.03812560685488,47.15672974896408
"/home/michaelbennie/OneDrive/Leite,Walter's files - Storiza Corpus Spring 2025/Processed_Utterances/annotated_sentence_segments/uid_CanxAhhjiePs6niCtdVzPqVIzXt1_sid_gUXg6qMNfG1UwQvM5G7u_1742765846_195799070_sentence_segment_close.wav",47.15891120868048,51.394087596163274,47.16008739536746,51.42204561258482
"/home/michaelbennie/OneDrive/Leite,Walter's files - Storiza Corpus Spring 2025/Processed_Utterances/annotated_sentence_segments/uid_CanxAhhjiePs6niCtdVzPqVIzXt1_sid_gUXg6qMNfG1UwQvM5G7u_1742765846_195799071_sentence_segment_close.wav",51.76352277129832,54.00389921941063,51.70857524751608,54.12735974576226
"/home/michaelbennie/OneDrive/Leite,Walter's files - Storiza Corpus Spring 2025/Processed_Utterances/annotated_sentence_segments/uid_CanxAhhjiePs6niCtdVzPqVIzXt1_sid_gUXg6qMNfG1UwQvM5G7u_1742765846_195799072_sentence_segment_close.wav",54.38735326637579,60.93108701770764,54.34665708357453,60.97768747643257
"/home/michaelbennie/OneDrive/Leite,Walter's files - Storiza Corpus Spring 2025/Processed_Utterances/annotated_sentence_segments/uid_CanxAhhjiePs6niCtdVzPqVIzXt1_sid_gUXg6qMNfG1UwQvM5G7u_1742765846_195799073_sentence_segment_close.wav",61.36451891200218,62.53251484702306,61.28600650583199,62.56705036037889
"/home/michaelbennie/OneDrive/Leite,Walter's files - Storiza Corpus Spring 2025/Processed_Utterances/annotated_sentence_segments/uid_CanxAhhjiePs6niCtdVzPqVIzXt1_sid_gUXg6qMNfG1UwQvM5G7u_1742765846_195799074_sentence_segment_close.wav",62.513357411114235,68.3835121890488,62.56789883611516,68.4185981366567
"/home/michaelbennie/OneDrive/Leite,Walter's files - Storiza Corpus Spring 2025/Processed_Utterances/annotated_sentence_segments/uid_flpss45kNMRJ1OyjEiJaPFx5rCo2_sid_kugsV0n1o7Djk2ZJqtXt_1742679972_195799075_sentence_segment_close.wav",2.4214449262831845,8.424649692390863,2.3959603720025133,8.657961632025527
"/home/michaelbennie/OneDrive/Leite,Walter's files - Storiza Corpus Spring 2025/Processed_Utterances/annotated_sentence_segments/uid_flpss45kNMRJ1OyjEiJaPFx5rCo2_sid_kugsV0n1o7Djk2ZJqtXt_1742679972_195799076_sentence_segment_close.wav",8.684106479965308,10.875089374540543,8.677661203429452,11.174581878877088
"/home/michaelbennie/OneDrive/Leite,Walter's files - Storiza Corpus Spring 2025/Processed_Utterances/annotated_sentence_segments/uid_flpss45kNMRJ1OyjEiJaPFx5rCo2_sid_kugsV0n1o7Djk2ZJqtXt_1742679972_195799077_sentence_segment_close.wav",11.176011520783398,15.616558844981057,11.18443166457905,15.6242225697389
"/home/michaelbennie/OneDrive/Leite,Walter's files - Storiza Corpus Spring 2025/Processed_Utterances/annotated_sentence_segments/uid_flpss45kNMRJ1OyjEiJaPFx5rCo2_sid_kugsV0n1o7Djk2ZJqtXt_1742679972_195799078_sentence_segment_close.wav",16.25008880019305,24.948968721635268,16.260764970728257,24.980287763391058
"/home/michaelbennie/OneDrive/Leite,Walter's files - Storiza Corpus Spring 2025/Processed_Utterances/annotated_sentence_segments/uid_flpss45kNMRJ1OyjEiJaPFx5rCo2_sid_kugsV0n1o7Djk2ZJqtXt_1742679972_195799079_sentence_segment_close.wav",24.94035731246435,31.835383124820925,24.981518986603803,32.15955031690938
"/home/michaelbennie/OneDrive/Leite,Walter's files - Storiza Corpus Spring 2025/Processed_Utterances/annotated_sentence_segments/uid_flpss45kNMRJ1OyjEiJaPFx5rCo2_sid_kugsV0n1o7Djk2ZJqtXt_1742679972_195799080_sentence_segment_close.wav",32.224602029464165,37.937198156118384,32.23219248646136,38.16915081831959
"/home/michaelbennie/OneDrive/Leite,Walter's files - Storiza Corpus Spring 2025/Processed_Utterances/annotated_sentence_segments/uid_flpss45kNMRJ1OyjEiJaPFx5rCo2_sid_kugsV0n1o7Djk2ZJqtXt_1742679972_195799081_sentence_segment_close.wav",38.22919736871791,42.342639730765576,38.208549961127446,42.81332477679517
"/home/michaelbennie/OneDrive/Leite,Walter's files - Storiza Corpus Spring 2025/Processed_Utterances/annotated_sentence_segments/uid_flpss45kNMRJ1OyjEiJaPFx5rCo2_sid_kugsV0n1o7Djk2ZJqtXt_1742679972_195799082_sentence_segment_close.wav",42.83020338685763,50.35405332569259,42.836718017837335,50.36687918698809
"/home/michaelbennie/OneDrive/Leite,Walter's files - Storiza Corpus Spring 2025/Processed_Utterances/annotated_sentence_segments/uid_flpss45kNMRJ1OyjEiJaPFx5rCo2_sid_kugsV0n1o7Djk2ZJqtXt_1742679972_195799083_sentence_segment_close.wav",50.33313248207084,56.56146696527583,50.36687918698809,56.64611757198954
"/home/michaelbennie/OneDrive/Leite,Walter's files - Storiza Corpus Spring 2025/Processed_Utterances/annotated_sentence_segments/uid_EfKQNmht2ebtDnNadrezErlhcDF3_sid_2r0KTzHJ1z29iYVj6xTe_1741215438_195799084_sentence_segment_close.wav",1.2532978334895257,5.567787853877874,1.2663924857401878,5.576401889965893
"/home/michaelbennie/OneDrive/Leite,Walter's files - Storiza Corpus Spring 2025/Processed_Utterances/annotated_sentence_segments/uid_EfKQNmht2ebtDnNadrezErlhcDF3_sid_2r0KTzHJ1z29iYVj6xTe_1741215438_195799085_sentence_segment_close.wav",5.658768036842668,10.33655365802537,5.699434974618485,10.762160494259929
"/home/michaelbennie/OneDrive/Leite,Walter's files - Storiza Corpus Spring 2025/Processed_Utterances/annotated_sentence_segments/uid_EfKQNmht2ebtDnNadrezErlhcDF3_sid_2r0KTzHJ1z29iYVj6xTe_1741215438_195799086_sentence_segment_close.wav",12.316540501091989,16.517264735337356,12.317418937455626,16.484276504347193
"/home/michaelbennie/OneDrive/Leite,Walter's files - Storiza Corpus Spring 2025/Processed_Utterances/annotated_sentence_segments/uid_EfKQNmht2ebtDnNadrezErlhcDF3_sid_2r0KTzHJ1z29iYVj6xTe_1741215438_195799087_sentence_segment_close.wav",16.533843640978695,22.977390776139377,16.54124005780289,23.06447836610109
"/home/michaelbennie/OneDrive/Leite,Walter's files - Storiza Corpus Spring 2025/Processed_Utterances/annotated_sentence_segments/uid_EfKQNmht2ebtDnNadrezErlhcDF3_sid_2r0KTzHJ1z29iYVj6xTe_1741215438_195799088_sentence_segment_close.wav",27.918017678220373,31.96045583606514,27.951802379990543,31.9486848787508
"/home/michaelbennie/OneDrive/Leite,Walter's files - Storiza Corpus Spring 2025/Processed_Utterances/annotated_sentence_segments/uid_EfKQNmht2ebtDnNadrezErlhcDF3_sid_2r0KTzHJ1z29iYVj6xTe_1741215438_195799089_sentence_segment_close.wav",32.04855270147281,38.139263122972885,32.052429952749485,38.32865156476656
"/home/michaelbennie/OneDrive/Leite,Walter's files - Storiza Corpus Spring 2025/Processed_Utterances/annotated_sentence_segments/uid_EfKQNmht2ebtDnNadrezErlhcDF3_sid_2r0KTzHJ1z29iYVj6xTe_1741215438_195799090_sentence_segment_close.wav",40.40317067316169,47.714785720553024,40.41796417512813,47.72011204514408
"/home/michaelbennie/OneDrive/Leite,Walter's files - Storiza Corpus Spring 2025/Processed_Utterances/annotated_sentence_segments/uid_EfKQNmht2ebtDnNadrezErlhcDF3_sid_2r0KTzHJ1z29iYVj6xTe_1741215438_195799091_sentence_segment_close.wav",47.79863592861546,54.82410411026019,47.809673401142405,54.96338724631311
"/home/michaelbennie/OneDrive/Leite,Walter's files - Storiza Corpus Spring 2025/Processed_Utterances/annotated_sentence_segments/uid_EfKQNmht2ebtDnNadrezErlhcDF3_sid_2r0KTzHJ1z29iYVj6xTe_1741215438_195799092_sentence_segment_close.wav",56.75220051726423,60.92058922044544,56.763400275077466,61.29423790581954
"/home/michaelbennie/OneDrive/Leite,Walter's files - Storiza Corpus Spring 2025/Processed_Utterances/annotated_sentence_segments/uid_mHWscHBXcoabM7fdw88AliGuPWw1_sid_7XfLT0jT1wvkAI9zLj1M_1743381734_195799093_sentence_segment_close.wav",0.18543381775235057,10.151394568685465,0.1324503311258278,10.16188373804268
"/home/michaelbennie/OneDrive/Leite,Walter's files - Storiza Corpus Spring 2025/Processed_Utterances/annotated_sentence_segments/uid_mHWscHBXcoabM7fdw88AliGuPWw1_sid_7XfLT0jT1wvkAI9zLj1M_1743381734_195799094_sentence_segment_close.wav",10.92100564435432,16.794270076068337,10.808331644531355,16.989938865789647
"/home/michaelbennie/OneDrive/Leite,Walter's files - Storiza Corpus Spring 2025/Processed_Utterances/annotated_sentence_segments/uid_mHWscHBXcoabM7fdw88AliGuPWw1_sid_7XfLT0jT1wvkAI9zLj1M_1743381734_195799095_sentence_segment_close.wav",17.204012088514304,25.80018242636677,17.078428118659925,25.91471328769784
"/home/michaelbennie/OneDrive/Leite,Walter's files - Storiza Corpus Spring 2025/Processed_Utterances/annotated_sentence_segments/uid_mHWscHBXcoabM7fdw88AliGuPWw1_sid_7XfLT0jT1wvkAI9zLj1M_1743381734_195799096_sentence_segment_close.wav",27.006566156358254,38.55997662297267,26.938660893965416,38.73301577624349
"/home/michaelbennie/OneDrive/Leite,Walter's files - Storiza Corpus Spring 2025/Processed_Utterances/annotated_sentence_segments/uid_mHWscHBXcoabM7fdw88AliGuPWw1_sid_7XfLT0jT1wvkAI9zLj1M_1743381734_195799097_sentence_segment_close.wav",38.97890371615144,44.80504024348017,38.80886256026089,44.99046978151917
"/home/michaelbennie/OneDrive/Leite,Walter's files - Storiza Corpus Spring 2025/Processed_Utterances/annotated_sentence_segments/uid_mHWscHBXcoabM7fdw88AliGuPWw1_sid_7XfLT0jT1wvkAI9zLj1M_1743381734_195799098_sentence_segment_close.wav",45.226776921573325,48.40076660505844,45.06631772288431,48.74494287909322
"/home/michaelbennie/OneDrive/Leite,Walter's files - Storiza Corpus Spring 2025/Processed_Utterances/annotated_sentence_segments/uid_mHWscHBXcoabM7fdw88AliGuPWw1_sid_7XfLT0jT1wvkAI9zLj1M_1743381734_195799099_sentence_segment_close.wav",50.4971906143479,63.258095238429476,50.38831648513474,63.35831445857237
"/home/michaelbennie/OneDrive/Leite,Walter's files - Storiza Corpus Spring 2025/Processed_Utterances/annotated_sentence_segments/uid_mHWscHBXcoabM7fdw88AliGuPWw1_sid_7XfLT0jT1wvkAI9zLj1M_1743381734_195799100_sentence_segment_close.wav",64.23644022675735,72.29460911286566,64.11679155752822,72.34629319564507
"/home/michaelbennie/OneDrive/Leite,Walter's files - Storiza Corpus Spring 2025/Processed_Utterances/annotated_sentence_segments/uid_mHWscHBXcoabM7fdw88AliGuPWw1_sid_7XfLT0jT1wvkAI9zLj1M_1743381734_195799101_sentence_segment_close.wav",72.76258990063161,84.01428394930831,72.68760893178818,84.36819190201857
"/home/michaelbennie/OneDrive/Leite,Walter's files - Storiza Corpus Spring 2025/Processed_Utterances/annotated_sentence_segments/uid_u2hytH2KWIS6ewdShfEZisygqIo2_sid_2Zyx7IELFHpKDvjgVHnB_1742347977_195799102_sentence_segment_close.wav",1.4985456742087004,4.589616636769694,1.7146116743973636,4.59492084731942
"/home/michaelbennie/OneDrive/Leite,Walter's files - Storiza Corpus Spring 2025/Processed_Utterances/annotated_sentence_segments/uid_u2hytH2KWIS6ewdShfEZisygqIo2_sid_2Zyx7IELFHpKDvjgVHnB_1742347977_195799103_sentence_segment_close.wav",4.6242406766327715,9.855480231326958,4.631774300309295,9.89020988779068
"/home/michaelbennie/OneDrive/Leite,Walter's files - Storiza Corpus Spring 2025/Processed_Utterances/annotated_sentence_segments/uid_u2hytH2KWIS6ewdShfEZisygqIo2_sid_2Zyx7IELFHpKDvjgVHnB_1742347977_195799104_sentence_segment_close.wav",10.046133399774469,19.491690413620912,10.058446331719468,19.11318046595934
"/home/michaelbennie/OneDrive/Leite,Walter's files - Storiza Corpus Spring 2025/Processed_Utterances/annotated_sentence_segments/uid_u2hytH2KWIS6ewdShfEZisygqIo2_sid_2Zyx7IELFHpKDvjgVHnB_1742347977_195799105_sentence_segment_close.wav",22.677496560714978,26.578151103382453,22.69193027789441,26.62984888586678
"/home/michaelbennie/OneDrive/Leite,Walter's files - Storiza Corpus Spring 2025/Processed_Utterances/annotated_sentence_segments/uid_u2hytH2KWIS6ewdShfEZisygqIo2_sid_2Zyx7IELFHpKDvjgVHnB_1742347977_195799106_sentence_segment_close.wav",28.476835728158274,35.254688720826636,28.50129459974372,35.279075798799546
"/home/michaelbennie/OneDrive/Leite,Walter's files - Storiza Corpus Spring 2025/Processed_Utterances/annotated_sentence_segments/uid_u2hytH2KWIS6ewdShfEZisygqIo2_sid_2Zyx7IELFHpKDvjgVHnB_1742347977_195799107_sentence_segment_close.wav",35.81622983202842,39.04021998330419,35.908774859128386,39.20197571208365
"/home/michaelbennie/OneDrive/Leite,Walter's files - Storiza Corpus Spring 2025/Processed_Utterances/annotated_sentence_segments/uid_u2hytH2KWIS6ewdShfEZisygqIo2_sid_2Zyx7IELFHpKDvjgVHnB_1742347977_195799108_sentence_segment_close.wav",40.70642991362147,43.56947025134274,40.71658323370595,43.68093447556832
"/home/michaelbennie/OneDrive/Leite,Walter's files - Storiza Corpus Spring 2025/Processed_Utterances/annotated_sentence_segments/uid_u2hytH2KWIS6ewdShfEZisygqIo2_sid_2Zyx7IELFHpKDvjgVHnB_1742347977_195799109_sentence_segment_close.wav",43.94370796070067,47.33591028818344,43.93007922307277,47.35748117603829
"/home/michaelbennie/OneDrive/Leite,Walter's files - Storiza Corpus Spring 2025/Processed_Utterances/annotated_sentence_segments/uid_u2hytH2KWIS6ewdShfEZisygqIo2_sid_2Zyx7IELFHpKDvjgVHnB_1742347977_195799110_sentence_segment_close.wav",47.4185780613787,50.099504691813486,47.45810925230498,49.81548105468447
"/home/michaelbennie/OneDrive/Leite,Walter's files - Storiza Corpus Spring 2025/Processed_Utterances/annotated_sentence_segments/uid_u2hytH2KWIS6ewdShfEZisygqIo2_sid_2Zyx7IELFHpKDvjgVHnB_1742347977_195799111_sentence_segment_close.wav",52.20389373555568,58.68456641916555,52.20856826327347,58.63684753197997
"/home/michaelbennie/OneDrive/Leite,Walter's files - Storiza Corpus Spring 2025/Processed_Utterances/annotated_sentence_segments/uid_u2hytH2KWIS6ewdShfEZisygqIo2_sid_2Zyx7IELFHpKDvjgVHnB_1742347977_195799112_sentence_segment_close.wav",58.63325803466981,62.83053950820478,58.725653264864,62.8384610678988
"/home/michaelbennie/OneDrive/Leite,Walter's files - Storiza Corpus Spring 2025/Processed_Utterances/annotated_sentence_segments/uid_u2hytH2KWIS6ewdShfEZisygqIo2_sid_2Zyx7IELFHpKDvjgVHnB_1742347977_195799113_sentence_segment_close.wav",62.83350148343462,67.87123264299812,63.0650040104152,68.18216929562061
"/home/michaelbennie/OneDrive/Leite,Walter's files - Storiza Corpus Spring 2025/Processed_Utterances/annotated_sentence_segments/uid_u2hytH2KWIS6ewdShfEZisygqIo2_sid_2Zyx7IELFHpKDvjgVHnB_1742347977_195799114_sentence_segment_close.wav",70.81102672314837,81.34650497054557,70.97470477905817,81.75577537635742
"/home/michaelbennie/OneDrive/Leite,Walter's files - Storiza Corpus Spring 2025/Processed_Utterances/annotated_sentence_segments/uid_b7tT96cSBaaiNnMJ2KcuOQPRkO83_sid_cEhgSTuLtXQzTUpjt1kl_1741562634_195799115_sentence_segment_close.wav",1.8418263167820585,5.446927590626362,1.777553864900292,5.633478402607079
"/home/michaelbennie/OneDrive/Leite,Walter's files - Storiza Corpus Spring 2025/Processed_Utterances/annotated_sentence_segments/uid_b7tT96cSBaaiNnMJ2KcuOQPRkO83_sid_cEhgSTuLtXQzTUpjt1kl_1741562634_195799116_sentence_segment_close.wav",6.005800734380335,10.560480600336685,5.96164219305021,10.501241294180186
"/home/michaelbennie/OneDrive/Leite,Walter's files - Storiza Corpus Spring 2025/Processed_Utterances/annotated_sentence_segments/uid_b7tT96cSBaaiNnMJ2KcuOQPRkO83_sid_cEhgSTuLtXQzTUpjt1kl_1741562634_195799117_sentence_segment_close.wav",12.103086398180553,18.34436382918244,12.087366281321986,18.377172264815325
"/home/michaelbennie/OneDrive/Leite,Walter's files - Storiza Corpus Spring 2025/Processed_Utterances/annotated_sentence_segments/uid_b7tT96cSBaaiNnMJ2KcuOQPRkO83_sid_cEhgSTuLtXQzTUpjt1kl_1741562634_195799118_sentence_segment_close.wav",19.173530541116353,31.146331390059473,19.06996276727205,31.81365662948029
"/home/michaelbennie/OneDrive/Leite,Walter's files - Storiza Corpus Spring 2025/Processed_Utterances/annotated_sentence_segments/uid_b7tT96cSBaaiNnMJ2KcuOQPRkO83_sid_cEhgSTuLtXQzTUpjt1kl_1741562634_195799119_sentence_segment_close.wav",32.57345489709217,43.271645587073266,32.49733035833981,43.40877639057391
"/home/michaelbennie/OneDrive/Leite,Walter's files - Storiza Corpus Spring 2025/Processed_Utterances/annotated_sentence_segments/uid_b7tT96cSBaaiNnMJ2KcuOQPRkO83_sid_cEhgSTuLtXQzTUpjt1kl_1741562634_195799120_sentence_segment_close.wav",43.81550112274416,48.12766795158698,43.7460552854869,48.3130013691538
"/home/michaelbennie/OneDrive/Leite,Walter's files - Storiza Corpus Spring 2025/Processed_Utterances/annotated_sentence_segments/uid_b7tT96cSBaaiNnMJ2KcuOQPRkO83_sid_cEhgSTuLtXQzTUpjt1kl_1741562634_195799121_sentence_segment_close.wav",51.00873980012699,61.299800772287156,50.95654523989327,61.293704638851885
"/home/michaelbennie/OneDrive/Leite,Walter's files - Storiza Corpus Spring 2025/Processed_Utterances/annotated_sentence_segments/uid_b7tT96cSBaaiNnMJ2KcuOQPRkO83_sid_cEhgSTuLtXQzTUpjt1kl_1741562634_195799122_sentence_segment_close.wav",62.35800003735339,75.201529853473,62.460508114342566,75.14950801147695
"/home/michaelbennie/OneDrive/Leite,Walter's files - Storiza Corpus Spring 2025/Processed_Utterances/annotated_sentence_segments/uid_b7tT96cSBaaiNnMJ2KcuOQPRkO83_sid_cEhgSTuLtXQzTUpjt1kl_1741562634_195799123_sentence_segment_close.wav",76.64541324734104,80.38030851698674,76.26281027234296,80.60979108351997
"/home/michaelbennie/OneDrive/Leite,Walter's files - Storiza Corpus Spring 2025/Processed_Utterances/annotated_sentence_segments/uid_b7tT96cSBaaiNnMJ2KcuOQPRkO83_sid_cEhgSTuLtXQzTUpjt1kl_1741562634_195799124_sentence_segment_close.wav",80.72532110991531,84.23084764394179,80.6469074860968,84.25670918097124
"/home/michaelbennie/OneDrive/Leite,Walter's files - Storiza Corpus Spring 2025/Processed_Utterances/annotated_sentence_segments/uid_b7tT96cSBaaiNnMJ2KcuOQPRkO83_sid_cEhgSTuLtXQzTUpjt1kl_1741562634_195799125_sentence_segment_close.wav",84.51057748754434,94.35649764658922,84.4207910761928,94.73060349261448
"/home/michaelbennie/OneDrive/Leite,Walter's files - Storiza Corpus Spring 2025/Processed_Utterances/annotated_sentence_segments/uid_bKduvdIsrbbqPZ7Z3lCfQlF8WBn1_sid_vlZFDeWdkcL846ISBtph_1742517940_195799126_sentence_segment_close.wav",2.14354634824078,8.078632303955125,2.115992307225175,8.405646532239896
"/home/michaelbennie/OneDrive/Leite,Walter's files - Storiza Corpus Spring 2025/Processed_Utterances/annotated_sentence_segments/uid_bKduvdIsrbbqPZ7Z3lCfQlF8WBn1_sid_vlZFDeWdkcL846ISBtph_1742517940_195799127_sentence_segment_close.wav",8.9264319731959,10.348069008807952,8.92737648660057,10.491310359976731
"/home/michaelbennie/OneDrive/Leite,Walter's files - Storiza Corpus Spring 2025/Processed_Utterances/annotated_sentence_segments/uid_bKduvdIsrbbqPZ7Z3lCfQlF8WBn1_sid_vlZFDeWdkcL846ISBtph_1742517940_195799128_sentence_segment_close.wav",10.864823093113769,16.00116110004694,10.8647794049287,16.185756549641585
"/home/michaelbennie/OneDrive/Leite,Walter's files - Storiza Corpus Spring 2025/Processed_Utterances/annotated_sentence_segments/uid_bKduvdIsrbbqPZ7Z3lCfQlF8WBn1_sid_vlZFDeWdkcL846ISBtph_1742517940_195799129_sentence_segment_close.wav",16.762532363404386,23.4593894018431,16.697143739213594,23.66873675157733
"/home/michaelbennie/OneDrive/Leite,Walter's files - Storiza Corpus Spring 2025/Processed_Utterances/annotated_sentence_segments/uid_bKduvdIsrbbqPZ7Z3lCfQlF8WBn1_sid_vlZFDeWdkcL846ISBtph_1742517940_195799130_sentence_segment_close.wav",23.872564706230555,41.71890443299283,23.700013098581383,41.78583672144176
"/home/michaelbennie/OneDrive/Leite,Walter's files - Storiza Corpus Spring 2025/Processed_Utterances/annotated_sentence_segments/uid_bKduvdIsrbbqPZ7Z3lCfQlF8WBn1_sid_vlZFDeWdkcL846ISBtph_1742517940_195799131_sentence_segment_close.wav",41.87691966590218,47.086411391317704,41.88817339776909,47.11278358462703
"/home/michaelbennie/OneDrive/Leite,Walter's files - Storiza Corpus Spring 2025/Processed_Utterances/annotated_sentence_segments/uid_bKduvdIsrbbqPZ7Z3lCfQlF8WBn1_sid_vlZFDeWdkcL846ISBtph_1742517940_195799132_sentence_segment_close.wav",47.63795053995159,54.63026296810316,47.63559181637106,54.64177093199928
"/home/michaelbennie/OneDrive/Leite,Walter's files - Storiza Corpus Spring 2025/Processed_Utterances/annotated_sentence_segments/uid_bKduvdIsrbbqPZ7Z3lCfQlF8WBn1_sid_vlZFDeWdkcL846ISBtph_1742517940_195799133_sentence_segment_close.wav",55.66282752896516,64.00435647431858,55.66316029590071,64.03087070375578
"/home/michaelbennie/OneDrive/Leite,Walter's files - Storiza Corpus Spring 2025/Processed_Utterances/annotated_sentence_segments/uid_bKduvdIsrbbqPZ7Z3lCfQlF8WBn1_sid_vlZFDeWdkcL846ISBtph_1742517940_195799134_sentence_segment_close.wav",64.564843355602,68.85315468780259,64.55098680507157,69.04358762402632
"/home/michaelbennie/OneDrive/Leite,Walter's files - Storiza Corpus Spring 2025/Processed_Utterances/annotated_sentence_segments/uid_bKduvdIsrbbqPZ7Z3lCfQlF8WBn1_sid_vlZFDeWdkcL846ISBtph_1742517940_195799135_sentence_segment_close.wav",69.44119883673147,72.34306131510031,69.438987450638,72.77334891590024
"/home/michaelbennie/OneDrive/Leite,Walter's files - Storiza Corpus Spring 2025/Processed_Utterances/annotated_sentence_segments/uid_bKduvdIsrbbqPZ7Z3lCfQlF8WBn1_sid_vlZFDeWdkcL846ISBtph_1742517940_195799136_sentence_segment_close.wav",72.89874645442109,76.97726156213854,72.90098366416981,77.03943004499772
"/home/michaelbennie/OneDrive/Leite,Walter's files - Storiza Corpus Spring 2025/Processed_Utterances/annotated_sentence_segments/uid_bKduvdIsrbbqPZ7Z3lCfQlF8WBn1_sid_vlZFDeWdkcL846ISBtph_1742517940_195799137_sentence_segment_close.wav",77.85039477013075,79.93364882406851,77.75732388228177,79.94969956818213
"/home/michaelbennie/OneDrive/Leite,Walter's files - Storiza Corpus Spring 2025/Processed_Utterances/annotated_sentence_segments/uid_bKduvdIsrbbqPZ7Z3lCfQlF8WBn1_sid_vlZFDeWdkcL846ISBtph_1742517940_195799138_sentence_segment_close.wav",80.64273734987717,83.05686034299634,80.62889030643684,83.23154084263795
"/home/michaelbennie/OneDrive/Leite,Walter's files - Storiza Corpus Spring 2025/Processed_Utterances/annotated_sentence_segments/uid_bKduvdIsrbbqPZ7Z3lCfQlF8WBn1_sid_vlZFDeWdkcL846ISBtph_1742517940_195799139_sentence_segment_close.wav",83.45627105613829,85.67836656180657,83.45423257009804,86.17547192521769
"/home/michaelbennie/OneDrive/Leite,Walter's files - Storiza Corpus Spring 2025/Processed_Utterances/annotated_sentence_segments/uid_bKduvdIsrbbqPZ7Z3lCfQlF8WBn1_sid_vlZFDeWdkcL846ISBtph_1742517940_195799140_sentence_segment_close.wav",86.43715667505619,93.09615967053001,86.46562376063358,93.1639988320062
"/home/michaelbennie/OneDrive/Leite,Walter's files - Storiza Corpus Spring 2025/Processed_Utterances/annotated_sentence_segments/uid_bKduvdIsrbbqPZ7Z3lCfQlF8WBn1_sid_vlZFDeWdkcL846ISBtph_1742517940_195799141_sentence_segment_close.wav",93.23785754764623,100.9576544367952,93.30865428985246,101.4953630374248
"/home/michaelbennie/OneDrive/Leite,Walter's files - Storiza Corpus Spring 2025/Processed_Utterances/annotated_sentence_segments/uid_tHP0GvI5hccNGBzYfgE2pkEHXiW2_sid_YLXuurDAeYQaKiiuD7UK_1743542725_195799142_sentence_segment_close.wav",0.4509791061020545,3.8478564702296496,0.4056047197640118,4.041297935103245
"/home/michaelbennie/OneDrive/Leite,Walter's files - Storiza Corpus Spring 2025/Processed_Utterances/annotated_sentence_segments/uid_tHP0GvI5hccNGBzYfgE2pkEHXiW2_sid_YLXuurDAeYQaKiiuD7UK_1743542725_195799143_sentence_segment_close.wav",4.853734367651557,8.467461374678294,4.830383480825958,8.488200589970502
"/home/michaelbennie/OneDrive/Leite,Walter's files - Storiza Corpus Spring 2025/Processed_Utterances/annotated_sentence_segments/uid_tHP0GvI5hccNGBzYfgE2pkEHXiW2_sid_YLXuurDAeYQaKiiuD7UK_1743542725_195799144_sentence_segment_close.wav",10.119808095098746,14.110151611911482,9.948377581120942,14.306784660766962
"/home/michaelbennie/OneDrive/Leite,Walter's files - Storiza Corpus Spring 2025/Processed_Utterances/annotated_sentence_segments/uid_tHP0GvI5hccNGBzYfgE2pkEHXiW2_sid_YLXuurDAeYQaKiiuD7UK_1743542725_195799145_sentence_segment_close.wav",15.021855251062977,18.245537827125478,14.941002949852509,18.547197640118
"/home/michaelbennie/OneDrive/Leite,Walter's files - Storiza Corpus Spring 2025/Processed_Utterances/annotated_sentence_segments/uid_tHP0GvI5hccNGBzYfgE2pkEHXiW2_sid_YLXuurDAeYQaKiiuD7UK_1743542725_195799146_sentence_segment_close.wav",19.75202486334473,27.132429960755346,19.41371681415929,27.32669616519174
"/home/michaelbennie/OneDrive/Leite,Walter's files - Storiza Corpus Spring 2025/Processed_Utterances/annotated_sentence_segments/uid_tHP0GvI5hccNGBzYfgE2pkEHXiW2_sid_YLXuurDAeYQaKiiuD7UK_1743542725_195799147_sentence_segment_close.wav",28.76980499118312,32.52651323334618,28.72418879056047,32.94985250737463
"/home/michaelbennie/OneDrive/Leite,Walter's files - Storiza Corpus Spring 2025/Processed_Utterances/annotated_sentence_segments/uid_tHP0GvI5hccNGBzYfgE2pkEHXiW2_sid_YLXuurDAeYQaKiiuD7UK_1743542725_195799148_sentence_segment_close.wav",35.94780961088385,40.784109608450834,35.53466218991305,41.07301027250893
"/home/michaelbennie/OneDrive/Leite,Walter's files - Storiza Corpus Spring 2025/Processed_Utterances/annotated_sentence_segments/uid_tHP0GvI5hccNGBzYfgE2pkEHXiW2_sid_YLXuurDAeYQaKiiuD7UK_1743542725_195799149_sentence_segment_close.wav",43.843176225847316,48.23315214402328,43.77581120943952,48.392330383480825
"/home/michaelbennie/OneDrive/Leite,Walter's files - Storiza Corpus Spring 2025/Processed_Utterances/annotated_sentence_segments/uid_tHP0GvI5hccNGBzYfgE2pkEHXiW2_sid_YLXuurDAeYQaKiiuD7UK_1743542725_195799150_sentence_segment_close.wav",49.26870157610852,55.48240196476377,49.21828908554572,56.017699115044245
"/home/michaelbennie/OneDrive/Leite,Walter's files - Storiza Corpus Spring 2025/Processed_Utterances/annotated_sentence_segments/uid_tHP0GvI5hccNGBzYfgE2pkEHXiW2_sid_YLXuurDAeYQaKiiuD7UK_1743542725_195799151_sentence_segment_close.wav",56.806720996244,62.59271646019857,56.751474926253685,62.8429203539823
"/home/michaelbennie/OneDrive/Leite,Walter's files - Storiza Corpus Spring 2025/Processed_Utterances/annotated_sentence_segments/uid_tHP0GvI5hccNGBzYfgE2pkEHXiW2_sid_YLXuurDAeYQaKiiuD7UK_1743542725_195799152_sentence_segment_close.wav",63.67425212855054,68.20868042973075,63.55825958702065,68.71312684365782
"/home/michaelbennie/OneDrive/Leite,Walter's files - Storiza Corpus Spring 2025/Processed_Utterances/annotated_sentence_segments/uid_tHP0GvI5hccNGBzYfgE2pkEHXiW2_sid_YLXuurDAeYQaKiiuD7UK_1743542725_195799153_sentence_segment_close.wav",69.31638025789977,74.81877634886627,69.32345815022174,75.25266169004475
"/home/michaelbennie/OneDrive/Leite,Walter's files - Storiza Corpus Spring 2025/Processed_Utterances/annotated_sentence_segments/uid_Om0JhZ6RmTNQ5wDLPHKIC3LtY4g2_sid_TWfFvKRseCHS844V1CEb_1741737067_195799154_sentence_segment_close.wav",1.6872471467824417,10.150025098287816,1.6359616801768608,10.30213706705969
"/home/michaelbennie/OneDrive/Leite,Walter's files - Storiza Corpus Spring 2025/Processed_Utterances/annotated_sentence_segments/uid_Om0JhZ6RmTNQ5wDLPHKIC3LtY4g2_sid_TWfFvKRseCHS844V1CEb_1741737067_195799155_sentence_segment_close.wav",10.35923322845946,24.866592530708765,10.338983050847457,24.922623434045686
"/home/michaelbennie/OneDrive/Leite,Walter's files - Storiza Corpus Spring 2025/Processed_Utterances/annotated_sentence_segments/uid_Om0JhZ6RmTNQ5wDLPHKIC3LtY4g2_sid_TWfFvKRseCHS844V1CEb_1741737067_195799156_sentence_segment_close.wav",25.052945027613696,38.68099347770932,24.99263080324245,38.78039793662491
"/home/michaelbennie/OneDrive/Leite,Walter's files - Storiza Corpus Spring 2025/Processed_Utterances/annotated_sentence_segments/uid_Om0JhZ6RmTNQ5wDLPHKIC3LtY4g2_sid_TWfFvKRseCHS844V1CEb_1741737067_195799157_sentence_segment_close.wav",41.53550304844838,45.493885505465876,41.45173176123802,45.91009579955784
"/home/michaelbennie/OneDrive/Leite,Walter's files - Storiza Corpus Spring 2025/Processed_Utterances/annotated_sentence_segments/uid_Om0JhZ6RmTNQ5wDLPHKIC3LtY4g2_sid_TWfFvKRseCHS844V1CEb_1741737067_195799158_sentence_segment_close.wav",46.00204899215305,54.8839473416478,45.932203389830505,55.2542372881356
"/home/michaelbennie/OneDrive/Leite,Walter's files - Storiza Corpus Spring 2025/Processed_Utterances/annotated_sentence_segments/uid_Om0JhZ6RmTNQ5wDLPHKIC3LtY4g2_sid_TWfFvKRseCHS844V1CEb_1741737067_195799159_sentence_segment_close.wav",55.286442608430384,65.38924939426465,55.29476787030214,65.43478260869566
"/home/michaelbennie/OneDrive/Leite,Walter's files - Storiza Corpus Spring 2025/Processed_Utterances/annotated_sentence_segments/uid_Om0JhZ6RmTNQ5wDLPHKIC3LtY4g2_sid_TWfFvKRseCHS844V1CEb_1741737067_195799160_sentence_segment_close.wav",68.2917478968597,81.37796021257346,68.21665438467207,81.56963890935889
"/home/michaelbennie/OneDrive/Leite,Walter's files - Storiza Corpus Spring 2025/Processed_Utterances/annotated_sentence_segments/uid_Om0JhZ6RmTNQ5wDLPHKIC3LtY4g2_sid_TWfFvKRseCHS844V1CEb_1741737067_195799161_sentence_segment_close.wav",81.8761852642299,86.01542015998415,81.76860722181283,86.21960206337509
"/home/michaelbennie/OneDrive/Leite,Walter's files - Storiza Corpus Spring 2025/Processed_Utterances/annotated_sentence_segments/uid_Om0JhZ6RmTNQ5wDLPHKIC3LtY4g2_sid_TWfFvKRseCHS844V1CEb_1741737067_195799162_sentence_segment_close.wav",88.98638848015295,96.27333149960748,87.78002947678704,96.35040530582168
"/home/michaelbennie/OneDrive/Leite,Walter's files - Storiza Corpus Spring 2025/Processed_Utterances/annotated_sentence_segments/uid_ILoW3cdKuQPYK9GCBc6aoCHzooz2_sid_DgY2XxtkUEMBV3Z2dlwK_1742518688_195799163_sentence_segment_close.wav",3.5099484156226968,14.414573415622696,4.509948415622697,13.404568901989682
"/home/michaelbennie/OneDrive/Leite,Walter's files - Storiza Corpus Spring 2025/Processed_Utterances/annotated_sentence_segments/uid_ILoW3cdKuQPYK9GCBc6aoCHzooz2_sid_DgY2XxtkUEMBV3Z2dlwK_1742518688_195799164_sentence_segment_close.wav",15.042354507114462,17.681600948005176,14.904200442151804,17.778187177597637
"/home/michaelbennie/OneDrive/Leite,Walter's files - Storiza Corpus Spring 2025/Processed_Utterances/annotated_sentence_segments/uid_ILoW3cdKuQPYK9GCBc6aoCHzooz2_sid_DgY2XxtkUEMBV3Z2dlwK_1742518688_195799165_sentence_segment_close.wav",18.194901876139177,19.765221356336482,18.165070007369195,19.926308032424465
"/home/michaelbennie/OneDrive/Leite,Walter's files - Storiza Corpus Spring 2025/Processed_Utterances/annotated_sentence_segments/uid_ILoW3cdKuQPYK9GCBc6aoCHzooz2_sid_DgY2XxtkUEMBV3Z2dlwK_1742518688_195799166_sentence_segment_close.wav",19.95155932642119,21.316616632797594,19.96059289450846,21.31433817977184
"/home/michaelbennie/OneDrive/Leite,Walter's files - Storiza Corpus Spring 2025/Processed_Utterances/annotated_sentence_segments/uid_ILoW3cdKuQPYK9GCBc6aoCHzooz2_sid_DgY2XxtkUEMBV3Z2dlwK_1742518688_195799167_sentence_segment_close.wav",21.759911149656286,23.296830429690083,21.321488242898223,23.309205792034952
"/home/michaelbennie/OneDrive/Leite,Walter's files - Storiza Corpus Spring 2025/Processed_Utterances/annotated_sentence_segments/uid_ILoW3cdKuQPYK9GCBc6aoCHzooz2_sid_DgY2XxtkUEMBV3Z2dlwK_1742518688_195799168_sentence_segment_close.wav",23.617408102454252,24.851578224038718,23.33780604454052,25.010920816116027
"/home/michaelbennie/OneDrive/Leite,Walter's files - Storiza Corpus Spring 2025/Processed_Utterances/annotated_sentence_segments/uid_ILoW3cdKuQPYK9GCBc6aoCHzooz2_sid_DgY2XxtkUEMBV3Z2dlwK_1742518688_195799169_sentence_segment_close.wav",25.006441032424352,27.115731494627543,25.01330417049149,26.92475437961337
"/home/michaelbennie/OneDrive/Leite,Walter's files - Storiza Corpus Spring 2025/Processed_Utterances/annotated_sentence_segments/uid_ILoW3cdKuQPYK9GCBc6aoCHzooz2_sid_DgY2XxtkUEMBV3Z2dlwK_1742518688_195799170_sentence_segment_close.wav",27.387390749747254,27.99160609957046,26.95335463211894,28.04493093608131
"/home/michaelbennie/OneDrive/Leite,Walter's files - Storiza Corpus Spring 2025/Processed_Utterances/annotated_sentence_segments/uid_ihIoefKsGwTDai7fGs9x3DyNvju2_sid_HdBPi4ofhPdCgvkijIIy_1742945079_195799171_sentence_segment_close.wav",0.6310064896030246,11.595598775047259,0.5713565361894276,11.55898223213996
"/home/michaelbennie/OneDrive/Leite,Walter's files - Storiza Corpus Spring 2025/Processed_Utterances/annotated_sentence_segments/uid_ihIoefKsGwTDai7fGs9x3DyNvju2_sid_HdBPi4ofhPdCgvkijIIy_1742945079_195799172_sentence_segment_close.wav",13.20363531206784,18.802073436833968,13.19980077919142,18.86941563830189
"/home/michaelbennie/OneDrive/Leite,Walter's files - Storiza Corpus Spring 2025/Processed_Utterances/annotated_sentence_segments/uid_ihIoefKsGwTDai7fGs9x3DyNvju2_sid_HdBPi4ofhPdCgvkijIIy_1742945079_195799173_sentence_segment_close.wav",20.09396483260936,28.461306060942043,20.056079884096004,28.49457641858601
"/home/michaelbennie/OneDrive/Leite,Walter's files - Storiza Corpus Spring 2025/Processed_Utterances/annotated_sentence_segments/uid_ihIoefKsGwTDai7fGs9x3DyNvju2_sid_HdBPi4ofhPdCgvkijIIy_1742945079_195799174_sentence_segment_close.wav",30.152258173178883,44.80421257066986,28.92675680971437,44.77091306327503
"/home/michaelbennie/OneDrive/Leite,Walter's files - Storiza Corpus Spring 2025/Processed_Utterances/annotated_sentence_segments/uid_ihIoefKsGwTDai7fGs9x3DyNvju2_sid_HdBPi4ofhPdCgvkijIIy_1742945079_195799175_sentence_segment_close.wav",45.75641877036893,57.51123113001928,45.33494362149189,57.53120814399698
"/home/michaelbennie/OneDrive/Leite,Walter's files - Storiza Corpus Spring 2025/Processed_Utterances/annotated_sentence_segments/uid_ihIoefKsGwTDai7fGs9x3DyNvju2_sid_HdBPi4ofhPdCgvkijIIy_1742945079_195799176_sentence_segment_close.wav",57.97580008432775,66.02386813725781,57.96338987638824,65.96238138304022
"/home/michaelbennie/OneDrive/Leite,Walter's files - Storiza Corpus Spring 2025/Processed_Utterances/annotated_sentence_segments/uid_ihIoefKsGwTDai7fGs9x3DyNvju2_sid_HdBPi4ofhPdCgvkijIIy_1742945079_195799177_sentence_segment_close.wav",66.83760004366471,72.2653901865627,66.78278897998733,72.3425275821383
"/home/michaelbennie/OneDrive/Leite,Walter's files - Storiza Corpus Spring 2025/Processed_Utterances/annotated_sentence_segments/uid_ihIoefKsGwTDai7fGs9x3DyNvju2_sid_HdBPi4ofhPdCgvkijIIy_1742945079_195799178_sentence_segment_close.wav",73.0525178210199,92.65001583129539,73.01607783129539,92.63997732426304
"/home/michaelbennie/OneDrive/Leite,Walter's files - Storiza Corpus Spring 2025/Processed_Utterances/annotated_sentence_segments/uid_xxUUDYlSFESUIRvPTLDLReqO44G3_sid_Ghzut1tFF70il3mOLP49_1741822392_195799179_sentence_segment_close.wav",0.5487116424032209,4.813328141220408,0.5011920107838072,4.851538664387253
"/home/michaelbennie/OneDrive/Leite,Walter's files - Storiza Corpus Spring 2025/Processed_Utterances/annotated_sentence_segments/uid_xxUUDYlSFESUIRvPTLDLReqO44G3_sid_Ghzut1tFF70il3mOLP49_1741822392_195799180_sentence_segment_close.wav",5.239072234315184,15.448017200907053,5.192349231720242,15.456761612572611
"/home/michaelbennie/OneDrive/Leite,Walter's files - Storiza Corpus Spring 2025/Processed_Utterances/annotated_sentence_segments/uid_xxUUDYlSFESUIRvPTLDLReqO44G3_sid_Ghzut1tFF70il3mOLP49_1741822392_195799181_sentence_segment_close.wav",15.72145874494542,21.82883984522012,15.72938212206894,21.87870211468468
"/home/michaelbennie/OneDrive/Leite,Walter's files - Storiza Corpus Spring 2025/Processed_Utterances/annotated_sentence_segments/uid_xxUUDYlSFESUIRvPTLDLReqO44G3_sid_Ghzut1tFF70il3mOLP49_1741822392_195799182_sentence_segment_close.wav",22.387898528824696,34.49596382385384,22.399941194093188,34.58893089635538
"/home/michaelbennie/OneDrive/Leite,Walter's files - Storiza Corpus Spring 2025/Processed_Utterances/annotated_sentence_segments/uid_xxUUDYlSFESUIRvPTLDLReqO44G3_sid_Ghzut1tFF70il3mOLP49_1741822392_195799183_sentence_segment_close.wav",35.03409974858227,44.218851331822535,35.02329771357245,44.18508767070043
"/home/michaelbennie/OneDrive/Leite,Walter's files - Storiza Corpus Spring 2025/Processed_Utterances/annotated_sentence_segments/uid_xxUUDYlSFESUIRvPTLDLReqO44G3_sid_Ghzut1tFF70il3mOLP49_1741822392_195799184_sentence_segment_close.wav",45.02208923043981,58.76479667181832,44.94021859843245,58.75307041563418
"/home/michaelbennie/OneDrive/Leite,Walter's files - Storiza Corpus Spring 2025/Processed_Utterances/annotated_sentence_segments/uid_xxUUDYlSFESUIRvPTLDLReqO44G3_sid_Ghzut1tFF70il3mOLP49_1741822392_195799185_sentence_segment_close.wav",59.167732452521996,73.42615538187746,59.18075263335195,73.41460573961207
"/home/michaelbennie/OneDrive/Leite,Walter's files - Storiza Corpus Spring 2025/Processed_Utterances/annotated_sentence_segments/uid_xxUUDYlSFESUIRvPTLDLReqO44G3_sid_Ghzut1tFF70il3mOLP49_1741822392_195799186_sentence_segment_close.wav",73.76101604246745,83.43580355953225,73.62844929569758,83.55240910351037
"/home/michaelbennie/OneDrive/Leite,Walter's files - Storiza Corpus Spring 2025/Processed_Utterances/annotated_sentence_segments/uid_xxUUDYlSFESUIRvPTLDLReqO44G3_sid_Ghzut1tFF70il3mOLP49_1741822392_195799187_sentence_segment_close.wav",83.82837756779277,92.15111700702181,83.77257559396183,92.17255369469844
"/home/michaelbennie/OneDrive/Leite,Walter's files - Storiza Corpus Spring 2025/Processed_Utterances/annotated_sentence_segments/uid_xxUUDYlSFESUIRvPTLDLReqO44G3_sid_Ghzut1tFF70il3mOLP49_1741822392_195799188_sentence_segment_close.wav",92.7587200673145,101.84685117310137,92.62696941596016,102.00928385783304
"/home/michaelbennie/OneDrive/Leite,Walter's files - Storiza Corpus Spring 2025/Processed_Utterances/annotated_sentence_segments/uid_xxUUDYlSFESUIRvPTLDLReqO44G3_sid_Ghzut1tFF70il3mOLP49_1741822392_195799189_sentence_segment_close.wav",102.72934337583668,119.54781360882615,102.69758102670517,119.53763258904108
"/home/michaelbennie/OneDrive/Leite,Walter's files - Storiza Corpus Spring 2025/Processed_Utterances/annotated_sentence_segments/uid_ZegJLYO9QiacSJTQWx7CWauRcQr1_sid_MK2ZbYFUxbcs66dzxj0n_1742611715_195799190_sentence_segment_close.wav",0.6272901606172261,2.0476514755157282,0.6337509211495947,2.0560058953574063
"/home/michaelbennie/OneDrive/Leite,Walter's files - Storiza Corpus Spring 2025/Processed_Utterances/annotated_sentence_segments/uid_ZegJLYO9QiacSJTQWx7CWauRcQr1_sid_MK2ZbYFUxbcs66dzxj0n_1742611715_195799191_sentence_segment_close.wav",2.3336983882917055,5.708829117128909,2.081798084008843,5.781134856300664
"/home/michaelbennie/OneDrive/Leite,Walter's files - Storiza Corpus Spring 2025/Processed_Utterances/annotated_sentence_segments/uid_ZegJLYO9QiacSJTQWx7CWauRcQr1_sid_MK2ZbYFUxbcs66dzxj0n_1742611715_195799192_sentence_segment_close.wav",5.841760196263568,12.558267729465136,5.81798084008843,12.678703021370673
"/home/michaelbennie/OneDrive/Leite,Walter's files - Storiza Corpus Spring 2025/Processed_Utterances/annotated_sentence_segments/uid_ZegJLYO9QiacSJTQWx7CWauRcQr1_sid_MK2ZbYFUxbcs66dzxj0n_1742611715_195799193_sentence_segment_close.wav",13.80935763241813,19.611376435024155,13.157700810611644,19.878408253500368
"/home/michaelbennie/OneDrive/Leite,Walter's files - Storiza Corpus Spring 2025/Processed_Utterances/annotated_sentence_segments/uid_ZegJLYO9QiacSJTQWx7CWauRcQr1_sid_MK2ZbYFUxbcs66dzxj0n_1742611715_195799194_sentence_segment_close.wav",20.132374499773942,22.699895125699314,20.055268975681653,22.78187177597642
"/home/michaelbennie/OneDrive/Leite,Walter's files - Storiza Corpus Spring 2025/Processed_Utterances/annotated_sentence_segments/uid_ZegJLYO9QiacSJTQWx7CWauRcQr1_sid_MK2ZbYFUxbcs66dzxj0n_1742611715_195799195_sentence_segment_close.wav",23.55210909125428,35.03039420990299,23.20928518791452,35.23581429624171
"/home/michaelbennie/OneDrive/Leite,Walter's files - Storiza Corpus Spring 2025/Processed_Utterances/annotated_sentence_segments/uid_ZegJLYO9QiacSJTQWx7CWauRcQr1_sid_MK2ZbYFUxbcs66dzxj0n_1742611715_195799196_sentence_segment_close.wav",35.44102437492499,40.641948694956604,35.40530582166544,40.95431098010317
"/home/michaelbennie/OneDrive/Leite,Walter's files - Storiza Corpus Spring 2025/Processed_Utterances/annotated_sentence_segments/uid_ZegJLYO9QiacSJTQWx7CWauRcQr1_sid_MK2ZbYFUxbcs66dzxj0n_1742611715_195799197_sentence_segment_close.wav",41.031514274316244,44.14049034622654,40.95431098010317,44.6831245394252
"/home/michaelbennie/OneDrive/Leite,Walter's files - Storiza Corpus Spring 2025/Processed_Utterances/annotated_sentence_segments/uid_ZegJLYO9QiacSJTQWx7CWauRcQr1_sid_MK2ZbYFUxbcs66dzxj0n_1742611715_195799198_sentence_segment_close.wav",45.40382214588642,49.936756168598976,45.2689756816507,50.132645541635966
"/home/michaelbennie/OneDrive/Leite,Walter's files - Storiza Corpus Spring 2025/Processed_Utterances/annotated_sentence_segments/uid_ZegJLYO9QiacSJTQWx7CWauRcQr1_sid_MK2ZbYFUxbcs66dzxj0n_1742611715_195799199_sentence_segment_close.wav",50.16530628953231,52.41704580790718,50.15711127487104,52.70685335298453
"/home/michaelbennie/OneDrive/Leite,Walter's files - Storiza Corpus Spring 2025/Processed_Utterances/annotated_sentence_segments/uid_ZegJLYO9QiacSJTQWx7CWauRcQr1_sid_MK2ZbYFUxbcs66dzxj0n_1742611715_195799200_sentence_segment_close.wav",52.780544561970494,57.591960712410426,52.751068533529846,57.51893883566691
"/home/michaelbennie/OneDrive/Leite,Walter's files - Storiza Corpus Spring 2025/Processed_Utterances/annotated_sentence_segments/uid_CanxAhhjiePs6niCtdVzPqVIzXt1_sid_Bq59QeS2MunIuem6zTgo_1742766370_195799201_sentence_segment_close.wav",0.07424754361723702,5.200545324158633,0.0784890944682297,5.17437824200218
"/home/michaelbennie/OneDrive/Leite,Walter's files - Storiza Corpus Spring 2025/Processed_Utterances/annotated_sentence_segments/uid_CanxAhhjiePs6niCtdVzPqVIzXt1_sid_Bq59QeS2MunIuem6zTgo_1742766370_195799202_sentence_segment_close.wav",5.186217126473133,11.983327912684523,5.194996320824137,12.097130242825608
"/home/michaelbennie/OneDrive/Leite,Walter's files - Storiza Corpus Spring 2025/Processed_Utterances/annotated_sentence_segments/uid_CanxAhhjiePs6niCtdVzPqVIzXt1_sid_Bq59QeS2MunIuem6zTgo_1742766370_195799203_sentence_segment_close.wav",12.234464259633926,17.62449796933303,12.195241898627208,17.618347123056935
"/home/michaelbennie/OneDrive/Leite,Walter's files - Storiza Corpus Spring 2025/Processed_Utterances/annotated_sentence_segments/uid_CanxAhhjiePs6niCtdVzPqVIzXt1_sid_Bq59QeS2MunIuem6zTgo_1742766370_195799204_sentence_segment_close.wav",17.717956068364497,27.29194908211056,17.689477557027228,27.37127811941554
"/home/michaelbennie/OneDrive/Leite,Walter's files - Storiza Corpus Spring 2025/Processed_Utterances/annotated_sentence_segments/uid_CanxAhhjiePs6niCtdVzPqVIzXt1_sid_Bq59QeS2MunIuem6zTgo_1742766370_195799205_sentence_segment_close.wav",30.974675074854996,39.79663605337361,30.981114761543417,39.72502206636163
"/home/michaelbennie/OneDrive/Leite,Walter's files - Storiza Corpus Spring 2025/Processed_Utterances/annotated_sentence_segments/uid_CanxAhhjiePs6niCtdVzPqVIzXt1_sid_Bq59QeS2MunIuem6zTgo_1742766370_195799206_sentence_segment_close.wav",39.80092296627955,55.84728977460361,39.761763610486966,56.11724426853385
"/home/michaelbennie/OneDrive/Leite,Walter's files - Storiza Corpus Spring 2025/Processed_Utterances/annotated_sentence_segments/uid_CanxAhhjiePs6niCtdVzPqVIzXt1_sid_Bq59QeS2MunIuem6zTgo_1742766370_195799207_sentence_segment_close.wav",56.43958777037097,69.84899960407803,56.42384105960265,69.81283676327472
"/home/michaelbennie/OneDrive/Leite,Walter's files - Storiza Corpus Spring 2025/Processed_Utterances/annotated_sentence_segments/uid_CanxAhhjiePs6niCtdVzPqVIzXt1_sid_Bq59QeS2MunIuem6zTgo_1742766370_195799208_sentence_segment_close.wav",69.83327592303061,75.72385160760842,69.83811626195732,75.73215599705667
"/home/michaelbennie/OneDrive/Leite,Walter's files - Storiza Corpus Spring 2025/Processed_Utterances/annotated_sentence_segments/uid_CanxAhhjiePs6niCtdVzPqVIzXt1_sid_Bq59QeS2MunIuem6zTgo_1742766370_195799209_sentence_segment_close.wav",75.7488320690487,83.51598055942591,75.74787091271257,83.47069162757543
"/home/michaelbennie/OneDrive/Leite,Walter's files - Storiza Corpus Spring 2025/Processed_Utterances/annotated_sentence_segments/uid_CanxAhhjiePs6niCtdVzPqVIzXt1_sid_Bq59QeS2MunIuem6zTgo_1742766370_195799210_sentence_segment_close.wav",83.57057136426874,86.9902379741617,83.54181757036424,87.47117739376381
"/home/michaelbennie/OneDrive/Leite,Walter's files - Storiza Corpus Spring 2025/Processed_Utterances/annotated_sentence_segments/uid_u2hytH2KWIS6ewdShfEZisygqIo2_sid_IDo5kVmXWN4WBqrVawSn_1741140843_195799211_sentence_segment_close.wav",0.5043132671077377,8.720135442378545,0.4620141762055209,8.849348451936514
"/home/michaelbennie/OneDrive/Leite,Walter's files - Storiza Corpus Spring 2025/Processed_Utterances/annotated_sentence_segments/uid_u2hytH2KWIS6ewdShfEZisygqIo2_sid_IDo5kVmXWN4WBqrVawSn_1741140843_195799212_sentence_segment_close.wav",10.852616516510968,26.773952684312775,10.353856244320864,26.950827035703803
"/home/michaelbennie/OneDrive/Leite,Walter's files - Storiza Corpus Spring 2025/Processed_Utterances/annotated_sentence_segments/uid_u2hytH2KWIS6ewdShfEZisygqIo2_sid_IDo5kVmXWN4WBqrVawSn_1741140843_195799213_sentence_segment_close.wav",33.53265136614216,45.30668648830212,33.35979354856036,45.65647854603039
"/home/michaelbennie/OneDrive/Leite,Walter's files - Storiza Corpus Spring 2025/Processed_Utterances/annotated_sentence_segments/uid_u2hytH2KWIS6ewdShfEZisygqIo2_sid_IDo5kVmXWN4WBqrVawSn_1741140843_195799214_sentence_segment_close.wav",47.989334659567284,52.70136303114796,48.0020889790738,52.72884939717643
"/home/michaelbennie/OneDrive/Leite,Walter's files - Storiza Corpus Spring 2025/Processed_Utterances/annotated_sentence_segments/uid_u2hytH2KWIS6ewdShfEZisygqIo2_sid_IDo5kVmXWN4WBqrVawSn_1741140843_195799215_sentence_segment_close.wav",54.18443990232791,57.17485786927434,54.12673772007756,57.25421829746878
"/home/michaelbennie/OneDrive/Leite,Walter's files - Storiza Corpus Spring 2025/Processed_Utterances/annotated_sentence_segments/uid_u2hytH2KWIS6ewdShfEZisygqIo2_sid_IDo5kVmXWN4WBqrVawSn_1741140843_195799216_sentence_segment_close.wav",58.51767497394323,64.45803488632305,58.42702351399048,64.46874735667807
"/home/michaelbennie/OneDrive/Leite,Walter's files - Storiza Corpus Spring 2025/Processed_Utterances/annotated_sentence_segments/uid_u2hytH2KWIS6ewdShfEZisygqIo2_sid_IDo5kVmXWN4WBqrVawSn_1741140843_195799217_sentence_segment_close.wav",65.55231001725858,67.1123725393864,65.46385481312072,67.24083241391119
"/home/michaelbennie/OneDrive/Leite,Walter's files - Storiza Corpus Spring 2025/Processed_Utterances/annotated_sentence_segments/uid_u2hytH2KWIS6ewdShfEZisygqIo2_sid_IDo5kVmXWN4WBqrVawSn_1741140843_195799218_sentence_segment_close.wav",68.13155600832272,77.41084754330718,68.16486076632224,77.47622339446426
"/home/michaelbennie/OneDrive/Leite,Walter's files - Storiza Corpus Spring 2025/Processed_Utterances/annotated_sentence_segments/uid_Sn3Nw7A3OmOkiMXEFjEyRusLuuo2_sid_OSrqQaYImDBlvo8DWKij_1741823054_195799219_sentence_segment_close.wav",2.1873066465599957,28.854076028593557,2.0633750921149594,29.58445421696971
"/home/michaelbennie/OneDrive/Leite,Walter's files - Storiza Corpus Spring 2025/Processed_Utterances/annotated_sentence_segments/uid_Sn3Nw7A3OmOkiMXEFjEyRusLuuo2_sid_OSrqQaYImDBlvo8DWKij_1741823054_195799220_sentence_segment_close.wav",29.896101831823078,60.46116955980546,29.85302922306395,60.44520336467202
"/home/michaelbennie/OneDrive/Leite,Walter's files - Storiza Corpus Spring 2025/Processed_Utterances/annotated_sentence_segments/uid_Sn3Nw7A3OmOkiMXEFjEyRusLuuo2_sid_OSrqQaYImDBlvo8DWKij_1741823054_195799221_sentence_segment_close.wav",60.821942250530796,79.3442378743193,60.74775491164083,79.58254615205502
"/home/michaelbennie/OneDrive/Leite,Walter's files - Storiza Corpus Spring 2025/Processed_Utterances/annotated_sentence_segments/uid_Sn3Nw7A3OmOkiMXEFjEyRusLuuo2_sid_OSrqQaYImDBlvo8DWKij_1741823054_195799222_sentence_segment_close.wav",82.94940268028455,112.88175456220898,82.78806064335772,113.13512973425684
"/home/michaelbennie/OneDrive/Leite,Walter's files - Storiza Corpus Spring 2025/Processed_Utterances/annotated_sentence_segments/uid_Sn3Nw7A3OmOkiMXEFjEyRusLuuo2_sid_OSrqQaYImDBlvo8DWKij_1741823054_195799223_sentence_segment_close.wav",115.18491052765557,151.6679437637501,115.13426780410153,151.67789895823574
"/home/michaelbennie/OneDrive/Leite,Walter's files - Storiza Corpus Spring 2025/Processed_Utterances/annotated_sentence_segments/uid_Sn3Nw7A3OmOkiMXEFjEyRusLuuo2_sid_OSrqQaYImDBlvo8DWKij_1741823054_195799224_sentence_segment_close.wav",152.05364802894846,182.30189946140024,151.96130167311796,182.6224116102379
"/home/michaelbennie/OneDrive/Leite,Walter's files - Storiza Corpus Spring 2025/Processed_Utterances/annotated_sentence_segments/uid_Sn3Nw7A3OmOkiMXEFjEyRusLuuo2_sid_OSrqQaYImDBlvo8DWKij_1741823054_195799225_sentence_segment_close.wav",182.89529364023105,212.57366972809618,182.8675166609468,212.73203518326275
"/home/michaelbennie/OneDrive/Leite,Walter's files - Storiza Corpus Spring 2025/Processed_Utterances/annotated_sentence_segments/uid_jWPmLFrSHDZItPTjjPUB8KAsjlq2_sid_wxade2TANAqG5I0nEqLn_1742588986_195799226_sentence_segment_close.wav",1.3564168260366372,4.863596457402025,1.3643997255547184,4.902300137511212
"/home/michaelbennie/OneDrive/Leite,Walter's files - Storiza Corpus Spring 2025/Processed_Utterances/annotated_sentence_segments/uid_jWPmLFrSHDZItPTjjPUB8KAsjlq2_sid_wxade2TANAqG5I0nEqLn_1742588986_195799227_sentence_segment_close.wav",4.920368163969734,7.881731824782301,4.9040035079551005,7.867868080321155
"/home/michaelbennie/OneDrive/Leite,Walter's files - Storiza Corpus Spring 2025/Processed_Utterances/annotated_sentence_segments/uid_jWPmLFrSHDZItPTjjPUB8KAsjlq2_sid_wxade2TANAqG5I0nEqLn_1742588986_195799228_sentence_segment_close.wav",7.8757897422850744,15.564885307115745,7.886605155203929,15.473417112283474
"/home/michaelbennie/OneDrive/Leite,Walter's files - Storiza Corpus Spring 2025/Processed_Utterances/annotated_sentence_segments/uid_jWPmLFrSHDZItPTjjPUB8KAsjlq2_sid_wxade2TANAqG5I0nEqLn_1742588986_195799229_sentence_segment_close.wav",15.785401340719632,20.435264234379712,15.778320421739524,20.55968125773465
"/home/michaelbennie/OneDrive/Leite,Walter's files - Storiza Corpus Spring 2025/Processed_Utterances/annotated_sentence_segments/uid_jWPmLFrSHDZItPTjjPUB8KAsjlq2_sid_wxade2TANAqG5I0nEqLn_1742588986_195799230_sentence_segment_close.wav",20.623707113537805,27.971590210306534,20.63207450159991,27.977007855647287
"/home/michaelbennie/OneDrive/Leite,Walter's files - Storiza Corpus Spring 2025/Processed_Utterances/annotated_sentence_segments/uid_jWPmLFrSHDZItPTjjPUB8KAsjlq2_sid_wxade2TANAqG5I0nEqLn_1742588986_195799231_sentence_segment_close.wav",28.34414816197383,38.20392676612086,28.351749353302765,38.186678973186574
"/home/michaelbennie/OneDrive/Leite,Walter's files - Storiza Corpus Spring 2025/Processed_Utterances/annotated_sentence_segments/uid_tHP0GvI5hccNGBzYfgE2pkEHXiW2_sid_k23UwEyVvFJZPFemhezx_1743457124_195799232_sentence_segment_close.wav",1.6703013992515179,5.946175600152346,1.5770081061164332,6.020633750921149
"/home/michaelbennie/OneDrive/Leite,Walter's files - Storiza Corpus Spring 2025/Processed_Utterances/annotated_sentence_segments/uid_tHP0GvI5hccNGBzYfgE2pkEHXiW2_sid_k23UwEyVvFJZPFemhezx_1743457124_195799233_sentence_segment_close.wav",6.7096250938648865,11.383076290018487,6.62490788504053,11.717022844509948
"/home/michaelbennie/OneDrive/Leite,Walter's files - Storiza Corpus Spring 2025/Processed_Utterances/annotated_sentence_segments/uid_tHP0GvI5hccNGBzYfgE2pkEHXiW2_sid_k23UwEyVvFJZPFemhezx_1743457124_195799234_sentence_segment_close.wav",14.66477546122323,17.750290497006652,14.112116435511815,18.26834340677195
"/home/michaelbennie/OneDrive/Leite,Walter's files - Storiza Corpus Spring 2025/Processed_Utterances/annotated_sentence_segments/uid_tHP0GvI5hccNGBzYfgE2pkEHXiW2_sid_k23UwEyVvFJZPFemhezx_1743457124_195799235_sentence_segment_close.wav",18.653317961269057,23.95960112970962,18.61090641120117,24.344141488577744
"/home/michaelbennie/OneDrive/Leite,Walter's files - Storiza Corpus Spring 2025/Processed_Utterances/annotated_sentence_segments/uid_tHP0GvI5hccNGBzYfgE2pkEHXiW2_sid_k23UwEyVvFJZPFemhezx_1743457124_195799236_sentence_segment_close.wav",25.844087857989873,32.55306342002943,25.795873249815767,32.60501105379513
"/home/michaelbennie/OneDrive/Leite,Walter's files - Storiza Corpus Spring 2025/Processed_Utterances/annotated_sentence_segments/uid_tHP0GvI5hccNGBzYfgE2pkEHXiW2_sid_k23UwEyVvFJZPFemhezx_1743457124_195799237_sentence_segment_close.wav",33.06455367470197,69.67095583070513,33.040002952084805,69.75157939204422
"/home/michaelbennie/OneDrive/Leite,Walter's files - Storiza Corpus Spring 2025/Processed_Utterances/annotated_sentence_segments/uid_ihIoefKsGwTDai7fGs9x3DyNvju2_sid_rBoEZIAOq8OfRMrXzXC8_1743076731_195799238_sentence_segment_close.wav",1.6404341588379505,3.838251064574214,1.5048898339882146,3.815562977192656
"/home/michaelbennie/OneDrive/Leite,Walter's files - Storiza Corpus Spring 2025/Processed_Utterances/annotated_sentence_segments/uid_ihIoefKsGwTDai7fGs9x3DyNvju2_sid_rBoEZIAOq8OfRMrXzXC8_1743076731_195799239_sentence_segment_close.wav",4.132784474612029,8.757484847888797,4.154847580690576,8.8864362546852
"/home/michaelbennie/OneDrive/Leite,Walter's files - Storiza Corpus Spring 2025/Processed_Utterances/annotated_sentence_segments/uid_ihIoefKsGwTDai7fGs9x3DyNvju2_sid_rBoEZIAOq8OfRMrXzXC8_1743076731_195799240_sentence_segment_close.wav",9.19947722787619,16.147984825212866,9.222032488719975,15.636467829821663
"/home/michaelbennie/OneDrive/Leite,Walter's files - Storiza Corpus Spring 2025/Processed_Utterances/annotated_sentence_segments/uid_ihIoefKsGwTDai7fGs9x3DyNvju2_sid_rBoEZIAOq8OfRMrXzXC8_1743076731_195799241_sentence_segment_close.wav",15.628919367465018,23.931305055176566,15.662977241546244,23.939170360214312
"/home/michaelbennie/OneDrive/Leite,Walter's files - Storiza Corpus Spring 2025/Processed_Utterances/annotated_sentence_segments/uid_ihIoefKsGwTDai7fGs9x3DyNvju2_sid_rBoEZIAOq8OfRMrXzXC8_1743076731_195799242_sentence_segment_close.wav",24.839081963553305,29.988559335767928,24.83688927117825,30.031145779946613
"/home/michaelbennie/OneDrive/Leite,Walter's files - Storiza Corpus Spring 2025/Processed_Utterances/annotated_sentence_segments/uid_ihIoefKsGwTDai7fGs9x3DyNvju2_sid_rBoEZIAOq8OfRMrXzXC8_1743076731_195799243_sentence_segment_close.wav",30.031977418916746,40.725576934522394,30.060212181089565,40.76662836383945
"/home/michaelbennie/OneDrive/Leite,Walter's files - Storiza Corpus Spring 2025/Processed_Utterances/annotated_sentence_segments/uid_ihIoefKsGwTDai7fGs9x3DyNvju2_sid_rBoEZIAOq8OfRMrXzXC8_1743076731_195799244_sentence_segment_close.wav",41.22659685840087,50.60639240626002,41.21323633783166,50.58866813833701
"/home/michaelbennie/OneDrive/Leite,Walter's files - Storiza Corpus Spring 2025/Processed_Utterances/annotated_sentence_segments/uid_ihIoefKsGwTDai7fGs9x3DyNvju2_sid_rBoEZIAOq8OfRMrXzXC8_1743076731_195799245_sentence_segment_close.wav",50.612949985681915,65.29605763626267,50.59848047162436,65.33997732426303
"/home/michaelbennie/OneDrive/Leite,Walter's files - Storiza Corpus Spring 2025/Processed_Utterances/annotated_sentence_segments/uid_tHP0GvI5hccNGBzYfgE2pkEHXiW2_sid_fmzUe4LBPLbr2KpTaDvx_1743456471_195799246_sentence_segment_close.wav",0.9851977324710995,9.931982645962252,0.9400385672863883,9.99126705801533
"/home/michaelbennie/OneDrive/Leite,Walter's files - Storiza Corpus Spring 2025/Processed_Utterances/annotated_sentence_segments/uid_tHP0GvI5hccNGBzYfgE2pkEHXiW2_sid_fmzUe4LBPLbr2KpTaDvx_1743456471_195799247_sentence_segment_close.wav",11.677545848259543,15.290095263901552,11.629619989571609,15.416632503496771
"/home/michaelbennie/OneDrive/Leite,Walter's files - Storiza Corpus Spring 2025/Processed_Utterances/annotated_sentence_segments/uid_tHP0GvI5hccNGBzYfgE2pkEHXiW2_sid_fmzUe4LBPLbr2KpTaDvx_1743456471_195799248_sentence_segment_close.wav",17.215322062546914,24.587425193254695,17.15346621234401,24.646916505855508
"/home/michaelbennie/OneDrive/Leite,Walter's files - Storiza Corpus Spring 2025/Processed_Utterances/annotated_sentence_segments/uid_tHP0GvI5hccNGBzYfgE2pkEHXiW2_sid_fmzUe4LBPLbr2KpTaDvx_1743456471_195799249_sentence_segment_close.wav",25.343341835707378,30.78715287165952,25.12141189041245,31.00336749714728
"/home/michaelbennie/OneDrive/Leite,Walter's files - Storiza Corpus Spring 2025/Processed_Utterances/annotated_sentence_segments/uid_tHP0GvI5hccNGBzYfgE2pkEHXiW2_sid_fmzUe4LBPLbr2KpTaDvx_1743456471_195799250_sentence_segment_close.wav",31.88677051721657,47.98894929484195,31.56739145716769,48.702951626559575
"/home/michaelbennie/OneDrive/Leite,Walter's files - Storiza Corpus Spring 2025/Processed_Utterances/annotated_sentence_segments/uid_tHP0GvI5hccNGBzYfgE2pkEHXiW2_sid_fmzUe4LBPLbr2KpTaDvx_1743456471_195799251_sentence_segment_close.wav",51.53621835238495,58.19989439361736,51.49620908363912,58.15705378898268
"/home/michaelbennie/OneDrive/Leite,Walter's files - Storiza Corpus Spring 2025/Processed_Utterances/annotated_sentence_segments/uid_tHP0GvI5hccNGBzYfgE2pkEHXiW2_sid_fmzUe4LBPLbr2KpTaDvx_1743456471_195799252_sentence_segment_close.wav",60.57631242281724,63.37853614355536,60.49372108480885,63.63613572402335
"/home/michaelbennie/OneDrive/Leite,Walter's files - Storiza Corpus Spring 2025/Processed_Utterances/annotated_sentence_segments/uid_tHP0GvI5hccNGBzYfgE2pkEHXiW2_sid_fmzUe4LBPLbr2KpTaDvx_1743456471_195799253_sentence_segment_close.wav",64.6469667351161,65.55327726880482,64.60303253608934,65.62364583771456
"/home/michaelbennie/OneDrive/Leite,Walter's files - Storiza Corpus Spring 2025/Processed_Utterances/annotated_sentence_segments/uid_M3RVTGHWrAMCChSiCDrpejluqjQ2_sid_sfqObzhvO3itXnX1XMIO_1743016882_195799254_sentence_segment_close.wav",0.1826176558646924,6.362660449639409,0.1956257475226475,6.3419137685249
"/home/michaelbennie/OneDrive/Leite,Walter's files - Storiza Corpus Spring 2025/Processed_Utterances/annotated_sentence_segments/uid_M3RVTGHWrAMCChSiCDrpejluqjQ2_sid_sfqObzhvO3itXnX1XMIO_1743016882_195799255_sentence_segment_close.wav",6.348978815037209,12.99213678671416,6.345325845516572,13.5084128100377
"/home/michaelbennie/OneDrive/Leite,Walter's files - Storiza Corpus Spring 2025/Processed_Utterances/annotated_sentence_segments/uid_M3RVTGHWrAMCChSiCDrpejluqjQ2_sid_sfqObzhvO3itXnX1XMIO_1743016882_195799256_sentence_segment_close.wav",14.976943852318735,22.749130342701257,15.019962917349323,22.738081072516103
"/home/michaelbennie/OneDrive/Leite,Walter's files - Storiza Corpus Spring 2025/Processed_Utterances/annotated_sentence_segments/uid_M3RVTGHWrAMCChSiCDrpejluqjQ2_sid_sfqObzhvO3itXnX1XMIO_1743016882_195799257_sentence_segment_close.wav",22.82110281792938,29.693240126786264,22.771064483435616,30.188919863335084
"/home/michaelbennie/OneDrive/Leite,Walter's files - Storiza Corpus Spring 2025/Processed_Utterances/annotated_sentence_segments/uid_M3RVTGHWrAMCChSiCDrpejluqjQ2_sid_sfqObzhvO3itXnX1XMIO_1743016882_195799258_sentence_segment_close.wav",31.14947508286915,35.123367738689225,30.90659339058386,35.658479280988644
"/home/michaelbennie/OneDrive/Leite,Walter's files - Storiza Corpus Spring 2025/Processed_Utterances/annotated_sentence_segments/uid_M3RVTGHWrAMCChSiCDrpejluqjQ2_sid_sfqObzhvO3itXnX1XMIO_1743016882_195799259_sentence_segment_close.wav",35.64396707450256,43.520739386042784,35.66189135798031,43.68482172440331
"/home/michaelbennie/OneDrive/Leite,Walter's files - Storiza Corpus Spring 2025/Processed_Utterances/annotated_sentence_segments/uid_M3RVTGHWrAMCChSiCDrpejluqjQ2_sid_sfqObzhvO3itXnX1XMIO_1743016882_195799260_sentence_segment_close.wav",45.034002112028546,55.3068655564228,44.63110441009426,55.0970819025559
"/home/michaelbennie/OneDrive/Leite,Walter's files - Storiza Corpus Spring 2025/Processed_Utterances/annotated_sentence_segments/uid_M3RVTGHWrAMCChSiCDrpejluqjQ2_sid_sfqObzhvO3itXnX1XMIO_1743016882_195799261_sentence_segment_close.wav",55.71010013860786,61.46286766836538,55.232427623225625,61.79726375520657
"/home/michaelbennie/OneDrive/Leite,Walter's files - Storiza Corpus Spring 2025/Processed_Utterances/annotated_sentence_segments/uid_M3RVTGHWrAMCChSiCDrpejluqjQ2_sid_sfqObzhvO3itXnX1XMIO_1743016882_195799262_sentence_segment_close.wav",62.487336349333745,66.18089148647168,62.50015161549143,66.23978799836624
"/home/michaelbennie/OneDrive/Leite,Walter's files - Storiza Corpus Spring 2025/Processed_Utterances/annotated_sentence_segments/uid_M3RVTGHWrAMCChSiCDrpejluqjQ2_sid_sfqObzhvO3itXnX1XMIO_1743016882_195799263_sentence_segment_close.wav",66.49994776212716,71.76878778299789,66.31712841017752,72.05396719217887
"/home/michaelbennie/OneDrive/Leite,Walter's files - Storiza Corpus Spring 2025/Processed_Utterances/annotated_sentence_segments/uid_M3RVTGHWrAMCChSiCDrpejluqjQ2_sid_sfqObzhvO3itXnX1XMIO_1743016882_195799264_sentence_segment_close.wav",72.82265840073865,80.81577791985953,72.8330581052778,81.40419550836309
"/home/michaelbennie/OneDrive/Leite,Walter's files - Storiza Corpus Spring 2025/Processed_Utterances/annotated_sentence_segments/uid_M3RVTGHWrAMCChSiCDrpejluqjQ2_sid_sfqObzhvO3itXnX1XMIO_1743016882_195799265_sentence_segment_close.wav",80.60209597388018,89.59001297388018,81.60209597388018,89.56360895445306
"/home/michaelbennie/OneDrive/Leite,Walter's files - Storiza Corpus Spring 2025/Processed_Utterances/annotated_sentence_segments/uid_XmxSYUZAj4dRqSczt2clQkDf31M2_sid_wHC0iV2kngJNvbooPdeU_1742782139_195799266_sentence_segment_close.wav",0.5005770009535003,8.157706417206544,0.3242446573323507,8.220338983050848
"/home/michaelbennie/OneDrive/Leite,Walter's files - Storiza Corpus Spring 2025/Processed_Utterances/annotated_sentence_segments/uid_XmxSYUZAj4dRqSczt2clQkDf31M2_sid_wHC0iV2kngJNvbooPdeU_1742782139_195799267_sentence_segment_close.wav",9.15195669642973,19.82560676998513,9.093588798820928,19.86735445836404
"/home/michaelbennie/OneDrive/Leite,Walter's files - Storiza Corpus Spring 2025/Processed_Utterances/annotated_sentence_segments/uid_XmxSYUZAj4dRqSczt2clQkDf31M2_sid_wHC0iV2kngJNvbooPdeU_1742782139_195799268_sentence_segment_close.wav",21.81443194297712,38.18071907731075,21.580692704495213,38.22033898305085
"/home/michaelbennie/OneDrive/Leite,Walter's files - Storiza Corpus Spring 2025/Processed_Utterances/annotated_sentence_segments/uid_XmxSYUZAj4dRqSczt2clQkDf31M2_sid_wHC0iV2kngJNvbooPdeU_1742782139_195799269_sentence_segment_close.wav",38.96284731408779,61.10011384406033,38.90567428150332,61.47015475313191
"/home/michaelbennie/OneDrive/Leite,Walter's files - Storiza Corpus Spring 2025/Processed_Utterances/annotated_sentence_segments/uid_XmxSYUZAj4dRqSczt2clQkDf31M2_sid_wHC0iV2kngJNvbooPdeU_1742782139_195799270_sentence_segment_close.wav",63.9820449787741,73.4047270859997,63.90201146936773,73.32721412227855
"/home/michaelbennie/OneDrive/Leite,Walter's files - Storiza Corpus Spring 2025/Processed_Utterances/annotated_sentence_segments/uid_XmxSYUZAj4dRqSczt2clQkDf31M2_sid_wHC0iV2kngJNvbooPdeU_1742782139_195799271_sentence_segment_close.wav",73.34672449876311,85.3464221537193,73.36035372144437,85.40162122328665
"/home/michaelbennie/OneDrive/Leite,Walter's files - Storiza Corpus Spring 2025/Processed_Utterances/annotated_sentence_segments/uid_XmxSYUZAj4dRqSczt2clQkDf31M2_sid_wHC0iV2kngJNvbooPdeU_1742782139_195799272_sentence_segment_close.wav",85.86047289934265,98.34017527596086,85.44215180545321,98.69933677229182
"/home/michaelbennie/OneDrive/Leite,Walter's files - Storiza Corpus Spring 2025/Processed_Utterances/annotated_sentence_segments/uid_XmxSYUZAj4dRqSczt2clQkDf31M2_sid_wHC0iV2kngJNvbooPdeU_1742782139_195799273_sentence_segment_close.wav",98.75442430663831,107.48493102362019,98.75460574797349,107.44268238761974
"/home/michaelbennie/OneDrive/Leite,Walter's files - Storiza Corpus Spring 2025/Processed_Utterances/annotated_sentence_segments/uid_XmxSYUZAj4dRqSczt2clQkDf31M2_sid_wHC0iV2kngJNvbooPdeU_1742782139_195799274_sentence_segment_close.wav",107.83967446420093,111.45846537952639,107.45005158437728,111.4515254237288
"/home/michaelbennie/OneDrive/Leite,Walter's files - Storiza Corpus Spring 2025/Processed_Utterances/annotated_sentence_segments/uid_tHP0GvI5hccNGBzYfgE2pkEHXiW2_sid_0ozJFJTWJov6qw3mQ9j5_1743377835_195799275_sentence_segment_close.wav",1.4034517859342226,14.32389915766283,1.414232445107948,14.14232445107948
"/home/michaelbennie/OneDrive/Leite,Walter's files - Storiza Corpus Spring 2025/Processed_Utterances/annotated_sentence_segments/uid_tHP0GvI5hccNGBzYfgE2pkEHXiW2_sid_0ozJFJTWJov6qw3mQ9j5_1743377835_195799276_sentence_segment_close.wav",16.29976950542421,20.289457479593825,16.19938982578195,20.313520575186885
"/home/michaelbennie/OneDrive/Leite,Walter's files - Storiza Corpus Spring 2025/Processed_Utterances/annotated_sentence_segments/uid_tHP0GvI5hccNGBzYfgE2pkEHXiW2_sid_0ozJFJTWJov6qw3mQ9j5_1743377835_195799277_sentence_segment_close.wav",21.692158236393343,33.06212370733468,21.663469727335382,33.10589587411787
"/home/michaelbennie/OneDrive/Leite,Walter's files - Storiza Corpus Spring 2025/Processed_Utterances/annotated_sentence_segments/uid_tHP0GvI5hccNGBzYfgE2pkEHXiW2_sid_0ozJFJTWJov6qw3mQ9j5_1743377835_195799278_sentence_segment_close.wav",34.29625160806829,51.294904906394436,34.24156672914472,51.53377253523736
"/home/michaelbennie/OneDrive/Leite,Walter's files - Storiza Corpus Spring 2025/Processed_Utterances/annotated_sentence_segments/uid_tHP0GvI5hccNGBzYfgE2pkEHXiW2_sid_0ozJFJTWJov6qw3mQ9j5_1743377835_195799279_sentence_segment_close.wav",53.072357734595556,61.71613909274235,53.04442991978449,61.6905328228308
"/home/michaelbennie/OneDrive/Leite,Walter's files - Storiza Corpus Spring 2025/Processed_Utterances/annotated_sentence_segments/uid_tHP0GvI5hccNGBzYfgE2pkEHXiW2_sid_0ozJFJTWJov6qw3mQ9j5_1743377835_195799280_sentence_segment_close.wav",63.06069268984281,68.31511341575569,63.07262362145902,68.50456187653273
"/home/michaelbennie/OneDrive/Leite,Walter's files - Storiza Corpus Spring 2025/Processed_Utterances/annotated_sentence_segments/uid_tHP0GvI5hccNGBzYfgE2pkEHXiW2_sid_0ozJFJTWJov6qw3mQ9j5_1743377835_195799281_sentence_segment_close.wav",69.82149022209828,75.53845678759515,69.79022773572177,75.70429068799137
"/home/michaelbennie/OneDrive/Leite,Walter's files - Storiza Corpus Spring 2025/Processed_Utterances/annotated_sentence_segments/uid_Gt0cspsUtRSvEXXHZKUWlVAfyVq2_sid_CD1a9Qg1P29qYpv9NciL_1742606790_195799282_sentence_segment_close.wav",2.117439797568334,9.646956989675385,2.121842493860494,9.649331341127484
"/home/michaelbennie/OneDrive/Leite,Walter's files - Storiza Corpus Spring 2025/Processed_Utterances/annotated_sentence_segments/uid_Gt0cspsUtRSvEXXHZKUWlVAfyVq2_sid_CD1a9Qg1P29qYpv9NciL_1742606790_195799283_sentence_segment_close.wav",10.269739875826005,17.27773475779099,10.188211990548773,17.36206042217235
"/home/michaelbennie/OneDrive/Leite,Walter's files - Storiza Corpus Spring 2025/Processed_Utterances/annotated_sentence_segments/uid_Gt0cspsUtRSvEXXHZKUWlVAfyVq2_sid_CD1a9Qg1P29qYpv9NciL_1742606790_195799284_sentence_segment_close.wav",18.11223872051397,25.564277518145765,18.094601524046407,25.6220903713134
"/home/michaelbennie/OneDrive/Leite,Walter's files - Storiza Corpus Spring 2025/Processed_Utterances/annotated_sentence_segments/uid_Gt0cspsUtRSvEXXHZKUWlVAfyVq2_sid_CD1a9Qg1P29qYpv9NciL_1742606790_195799285_sentence_segment_close.wav",25.88877183576428,35.24913253600103,25.82416983794899,35.54928126814292
"/home/michaelbennie/OneDrive/Leite,Walter's files - Storiza Corpus Spring 2025/Processed_Utterances/annotated_sentence_segments/uid_Gt0cspsUtRSvEXXHZKUWlVAfyVq2_sid_CD1a9Qg1P29qYpv9NciL_1742606790_195799286_sentence_segment_close.wav",35.887809152365335,40.7671966202573,35.82714159471989,40.803367443416526
"/home/michaelbennie/OneDrive/Leite,Walter's files - Storiza Corpus Spring 2025/Processed_Utterances/annotated_sentence_segments/uid_Gt0cspsUtRSvEXXHZKUWlVAfyVq2_sid_CD1a9Qg1P29qYpv9NciL_1742606790_195799287_sentence_segment_close.wav",41.72304409394414,53.932940597603526,41.61168993520848,54.01436451241684
"/home/michaelbennie/OneDrive/Leite,Walter's files - Storiza Corpus Spring 2025/Processed_Utterances/annotated_sentence_segments/uid_Gt0cspsUtRSvEXXHZKUWlVAfyVq2_sid_CD1a9Qg1P29qYpv9NciL_1742606790_195799288_sentence_segment_close.wav",55.64078713260655,64.2236267462692,55.559115532672536,64.27382577531385
"/home/michaelbennie/OneDrive/Leite,Walter's files - Storiza Corpus Spring 2025/Processed_Utterances/annotated_sentence_segments/uid_Gt0cspsUtRSvEXXHZKUWlVAfyVq2_sid_CD1a9Qg1P29qYpv9NciL_1742606790_195799289_sentence_segment_close.wav",64.46678271421038,74.11001001282438,64.47590601282437,74.09997732426304
"/home/michaelbennie/OneDrive/Leite,Walter's files - Storiza Corpus Spring 2025/Processed_Utterances/annotated_sentence_segments/uid_ECPqsmdUcMhqkJwXAfhhs3XTgoa2_sid_4gZB1gGVwNVq0ZADHcVo_1741643714_195799290_sentence_segment_close.wav",1.8496729844113966,7.921583412718176,1.827567477462464,8.098779024718086
"/home/michaelbennie/OneDrive/Leite,Walter's files - Storiza Corpus Spring 2025/Processed_Utterances/annotated_sentence_segments/uid_ECPqsmdUcMhqkJwXAfhhs3XTgoa2_sid_4gZB1gGVwNVq0ZADHcVo_1741643714_195799291_sentence_segment_close.wav",8.197004429563336,13.742988038821617,8.193016178498441,13.73152338290386
"/home/michaelbennie/OneDrive/Leite,Walter's files - Storiza Corpus Spring 2025/Processed_Utterances/annotated_sentence_segments/uid_ECPqsmdUcMhqkJwXAfhhs3XTgoa2_sid_4gZB1gGVwNVq0ZADHcVo_1741643714_195799292_sentence_segment_close.wav",14.473797240417802,29.07871347675411,14.498999116627775,29.05162377515132
"/home/michaelbennie/OneDrive/Leite,Walter's files - Storiza Corpus Spring 2025/Processed_Utterances/annotated_sentence_segments/uid_ECPqsmdUcMhqkJwXAfhhs3XTgoa2_sid_4gZB1gGVwNVq0ZADHcVo_1741643714_195799293_sentence_segment_close.wav",31.242706398226662,41.10786848790009,31.253691777926573,41.243991339837294
"/home/michaelbennie/OneDrive/Leite,Walter's files - Storiza Corpus Spring 2025/Processed_Utterances/annotated_sentence_segments/uid_ECPqsmdUcMhqkJwXAfhhs3XTgoa2_sid_4gZB1gGVwNVq0ZADHcVo_1741643714_195799294_sentence_segment_close.wav",41.723218086178385,45.057568875403334,41.72933650111222,45.16589929291048
"/home/michaelbennie/OneDrive/Leite,Walter's files - Storiza Corpus Spring 2025/Processed_Utterances/annotated_sentence_segments/uid_ECPqsmdUcMhqkJwXAfhhs3XTgoa2_sid_4gZB1gGVwNVq0ZADHcVo_1741643714_195799295_sentence_segment_close.wav",45.83938870020468,54.150574618059984,45.815999682160346,54.192686295367615
"/home/michaelbennie/OneDrive/Leite,Walter's files - Storiza Corpus Spring 2025/Processed_Utterances/annotated_sentence_segments/uid_ECPqsmdUcMhqkJwXAfhhs3XTgoa2_sid_4gZB1gGVwNVq0ZADHcVo_1741643714_195799296_sentence_segment_close.wav",55.87578583926208,62.32327834716722,55.91255903336759,62.631878991675535
"/home/michaelbennie/OneDrive/Leite,Walter's files - Storiza Corpus Spring 2025/Processed_Utterances/annotated_sentence_segments/uid_ECPqsmdUcMhqkJwXAfhhs3XTgoa2_sid_4gZB1gGVwNVq0ZADHcVo_1741643714_195799297_sentence_segment_close.wav",62.66123506372386,72.99808675645457,62.69028850933307,72.99227304561903
"/home/michaelbennie/OneDrive/Leite,Walter's files - Storiza Corpus Spring 2025/Processed_Utterances/annotated_sentence_segments/uid_ECPqsmdUcMhqkJwXAfhhs3XTgoa2_sid_4gZB1gGVwNVq0ZADHcVo_1741643714_195799298_sentence_segment_close.wav",73.71694160092886,76.48851319450165,73.73371525379018,76.48276901120865
"/home/michaelbennie/OneDrive/Leite,Walter's files - Storiza Corpus Spring 2025/Processed_Utterances/annotated_sentence_segments/uid_ECPqsmdUcMhqkJwXAfhhs3XTgoa2_sid_4gZB1gGVwNVq0ZADHcVo_1741643714_195799299_sentence_segment_close.wav",77.98675218012451,86.92114359359762,78.01293349598635,86.92777685398308
"/home/michaelbennie/OneDrive/Leite,Walter's files - Storiza Corpus Spring 2025/Processed_Utterances/annotated_sentence_segments/uid_ECPqsmdUcMhqkJwXAfhhs3XTgoa2_sid_4gZB1gGVwNVq0ZADHcVo_1741643714_195799300_sentence_segment_close.wav",88.08161246028627,95.03995826761195,88.1128937346905,95.10630201189711
"/home/michaelbennie/OneDrive/Leite,Walter's files - Storiza Corpus Spring 2025/Processed_Utterances/annotated_sentence_segments/uid_ZegJLYO9QiacSJTQWx7CWauRcQr1_sid_mQnLtb1R9vlOkUe24Ezq_1742612005_195799301_sentence_segment_close.wav",0.8332941176470587,6.283931109042708,0.7553026094054749,6.357130295829415
"/home/michaelbennie/OneDrive/Leite,Walter's files - Storiza Corpus Spring 2025/Processed_Utterances/annotated_sentence_segments/uid_ZegJLYO9QiacSJTQWx7CWauRcQr1_sid_mQnLtb1R9vlOkUe24Ezq_1742612005_195799302_sentence_segment_close.wav",6.608301023332211,10.658640666999506,6.388601237887976,10.920416894320828
"/home/michaelbennie/OneDrive/Leite,Walter's files - Storiza Corpus Spring 2025/Processed_Utterances/annotated_sentence_segments/uid_ZegJLYO9QiacSJTQWx7CWauRcQr1_sid_mQnLtb1R9vlOkUe24Ezq_1742612005_195799303_sentence_segment_close.wav",10.894469296252216,15.637236370577703,10.951887836379386,15.924296681632097
"/home/michaelbennie/OneDrive/Leite,Walter's files - Storiza Corpus Spring 2025/Processed_Utterances/annotated_sentence_segments/uid_ZegJLYO9QiacSJTQWx7CWauRcQr1_sid_mQnLtb1R9vlOkUe24Ezq_1742612005_195799304_sentence_segment_close.wav",17.02569102716062,19.934608259502944,16.679599291037572,20.3302285698307
"/home/michaelbennie/OneDrive/Leite,Walter's files - Storiza Corpus Spring 2025/Processed_Utterances/annotated_sentence_segments/uid_ZegJLYO9QiacSJTQWx7CWauRcQr1_sid_mQnLtb1R9vlOkUe24Ezq_1742612005_195799305_sentence_segment_close.wav",20.34513164936993,24.377026578739237,20.361699511889263,24.799102342146423
"/home/michaelbennie/OneDrive/Leite,Walter's files - Storiza Corpus Spring 2025/Processed_Utterances/annotated_sentence_segments/uid_ZegJLYO9QiacSJTQWx7CWauRcQr1_sid_mQnLtb1R9vlOkUe24Ezq_1742612005_195799306_sentence_segment_close.wav",25.086075445684102,32.680820665825024,25.000007874623783,32.80480150514702
"/home/michaelbennie/OneDrive/Leite,Walter's files - Storiza Corpus Spring 2025/Processed_Utterances/annotated_sentence_segments/uid_ZegJLYO9QiacSJTQWx7CWauRcQr1_sid_mQnLtb1R9vlOkUe24Ezq_1742612005_195799307_sentence_segment_close.wav",33.483182611999645,37.23237300450695,33.434220346318256,37.33661716157987
"/home/michaelbennie/OneDrive/Leite,Walter's files - Storiza Corpus Spring 2025/Processed_Utterances/annotated_sentence_segments/uid_ZegJLYO9QiacSJTQWx7CWauRcQr1_sid_mQnLtb1R9vlOkUe24Ezq_1742612005_195799308_sentence_segment_close.wav",37.51668459244323,46.25195528328358,37.49397187187268,46.400248474445576
"/home/michaelbennie/OneDrive/Leite,Walter's files - Storiza Corpus Spring 2025/Processed_Utterances/annotated_sentence_segments/uid_ZegJLYO9QiacSJTQWx7CWauRcQr1_sid_mQnLtb1R9vlOkUe24Ezq_1742612005_195799309_sentence_segment_close.wav",46.34926842621287,49.700456400793634,46.43171941650414,49.76763927471165
"/home/michaelbennie/OneDrive/Leite,Walter's files - Storiza Corpus Spring 2025/Processed_Utterances/annotated_sentence_segments/uid_4w6SC0KmlKV4YmJTalgWiZalQHi2_sid_316TtP9ktIPYclmSqdKR_1742509400_195799310_sentence_segment_close.wav",2.0419474120992955,7.883853720035625,1.970126191064672,7.927205727550888
"/home/michaelbennie/OneDrive/Leite,Walter's files - Storiza Corpus Spring 2025/Processed_Utterances/annotated_sentence_segments/uid_4w6SC0KmlKV4YmJTalgWiZalQHi2_sid_316TtP9ktIPYclmSqdKR_1742509400_195799311_sentence_segment_close.wav",8.631557339203578,14.50953254529481,8.56669102904315,14.57544057595387
"/home/michaelbennie/OneDrive/Leite,Walter's files - Storiza Corpus Spring 2025/Processed_Utterances/annotated_sentence_segments/uid_4w6SC0KmlKV4YmJTalgWiZalQHi2_sid_316TtP9ktIPYclmSqdKR_1742509400_195799312_sentence_segment_close.wav",15.130003218365534,25.105233827049965,15.058071153703969,25.30190321259393
"/home/michaelbennie/OneDrive/Leite,Walter's files - Storiza Corpus Spring 2025/Processed_Utterances/annotated_sentence_segments/uid_4w6SC0KmlKV4YmJTalgWiZalQHi2_sid_316TtP9ktIPYclmSqdKR_1742509400_195799313_sentence_segment_close.wav",27.6807425930926,34.15304384985674,27.60646451822629,34.45942689378503
"/home/michaelbennie/OneDrive/Leite,Walter's files - Storiza Corpus Spring 2025/Processed_Utterances/annotated_sentence_segments/uid_4w6SC0KmlKV4YmJTalgWiZalQHi2_sid_316TtP9ktIPYclmSqdKR_1742509400_195799314_sentence_segment_close.wav",34.562162229297286,53.91392693517964,34.74392693517964,53.81933129969938
"/home/michaelbennie/OneDrive/Leite,Walter's files - Storiza Corpus Spring 2025/Processed_Utterances/annotated_sentence_segments/uid_4w6SC0KmlKV4YmJTalgWiZalQHi2_sid_316TtP9ktIPYclmSqdKR_1742509400_195799315_sentence_segment_close.wav",54.67198528484366,79.04703575289675,54.56137788076346,79.48320958587207
"/home/michaelbennie/OneDrive/Leite,Walter's files - Storiza Corpus Spring 2025/Processed_Utterances/annotated_sentence_segments/uid_4w6SC0KmlKV4YmJTalgWiZalQHi2_sid_316TtP9ktIPYclmSqdKR_1742509400_195799316_sentence_segment_close.wav",81.97780628001715,110.29609550111158,81.96271928751935,110.28709591678222
"/home/michaelbennie/OneDrive/Leite,Walter's files - Storiza Corpus Spring 2025/Processed_Utterances/annotated_sentence_segments/uid_4w6SC0KmlKV4YmJTalgWiZalQHi2_sid_316TtP9ktIPYclmSqdKR_1742509400_195799317_sentence_segment_close.wav",110.91657402904183,116.51656002559963,110.84212686681764,116.57939676552456
"/home/michaelbennie/OneDrive/Leite,Walter's files - Storiza Corpus Spring 2025/Processed_Utterances/annotated_sentence_segments/uid_4w6SC0KmlKV4YmJTalgWiZalQHi2_sid_316TtP9ktIPYclmSqdKR_1742509400_195799318_sentence_segment_close.wav",117.29062472012009,149.20849544280324,117.24904656442725,149.19315183640742
"/home/michaelbennie/OneDrive/Leite,Walter's files - Storiza Corpus Spring 2025/Processed_Utterances/annotated_sentence_segments/uid_4w6SC0KmlKV4YmJTalgWiZalQHi2_sid_316TtP9ktIPYclmSqdKR_1742509400_195799319_sentence_segment_close.wav",152.0829724600539,166.070131051168,152.0406658105263,166.0852129442694
"/home/michaelbennie/OneDrive/Leite,Walter's files - Storiza Corpus Spring 2025/Processed_Utterances/annotated_sentence_segments/uid_4w6SC0KmlKV4YmJTalgWiZalQHi2_sid_316TtP9ktIPYclmSqdKR_1742509400_195799320_sentence_segment_close.wav",166.3385792402317,175.14582091580087,166.40495269530007,175.32758379959822
"/home/michaelbennie/OneDrive/Leite,Walter's files - Storiza Corpus Spring 2025/Processed_Utterances/annotated_sentence_segments/uid_4w6SC0KmlKV4YmJTalgWiZalQHi2_sid_316TtP9ktIPYclmSqdKR_1742509400_195799321_sentence_segment_close.wav",176.33923152018878,189.13435723575924,176.4436726892548,189.1851175116197
"/home/michaelbennie/OneDrive/Leite,Walter's files - Storiza Corpus Spring 2025/Processed_Utterances/annotated_sentence_segments/uid_4w6SC0KmlKV4YmJTalgWiZalQHi2_sid_316TtP9ktIPYclmSqdKR_1742509400_195799322_sentence_segment_close.wav",192.0454086059654,202.86805238019312,191.9783355560978,202.8918174138905
"/home/michaelbennie/OneDrive/Leite,Walter's files - Storiza Corpus Spring 2025/Processed_Utterances/annotated_sentence_segments/uid_4w6SC0KmlKV4YmJTalgWiZalQHi2_sid_316TtP9ktIPYclmSqdKR_1742509400_195799323_sentence_segment_close.wav",204.06542541130628,240.319323157469,204.10423471644984,240.3558170732636
"/home/michaelbennie/OneDrive/Leite,Walter's files - Storiza Corpus Spring 2025/Processed_Utterances/annotated_sentence_segments/uid_4w6SC0KmlKV4YmJTalgWiZalQHi2_sid_316TtP9ktIPYclmSqdKR_1742509400_195799324_sentence_segment_close.wav",240.29672807498213,241.86024827056906,240.36808051964232,242.21997732426303
"/home/michaelbennie/OneDrive/Leite,Walter's files - Storiza Corpus Spring 2025/Processed_Utterances/annotated_sentence_segments/uid_jWPmLFrSHDZItPTjjPUB8KAsjlq2_sid_7SPTn4kcDnVulcWfBGRR_1743880682_195799325_sentence_segment_close.wav",1.5936789702127054,6.564640896249775,1.5549005158437732,6.661753868828298
"/home/michaelbennie/OneDrive/Leite,Walter's files - Storiza Corpus Spring 2025/Processed_Utterances/annotated_sentence_segments/uid_jWPmLFrSHDZItPTjjPUB8KAsjlq2_sid_7SPTn4kcDnVulcWfBGRR_1743880682_195799326_sentence_segment_close.wav",6.981020861195813,9.606477564108435,6.8865143699336775,9.944731024318347
"/home/michaelbennie/OneDrive/Leite,Walter's files - Storiza Corpus Spring 2025/Processed_Utterances/annotated_sentence_segments/uid_jWPmLFrSHDZItPTjjPUB8KAsjlq2_sid_7SPTn4kcDnVulcWfBGRR_1743880682_195799327_sentence_segment_close.wav",10.008287331973797,14.127140993756676,10.007369196757557,14.259395725865886
"/home/michaelbennie/OneDrive/Leite,Walter's files - Storiza Corpus Spring 2025/Processed_Utterances/annotated_sentence_segments/uid_jWPmLFrSHDZItPTjjPUB8KAsjlq2_sid_7SPTn4kcDnVulcWfBGRR_1743880682_195799328_sentence_segment_close.wav",14.309187914647401,20.95641960043734,14.270449521002211,20.93094337679025
"/home/michaelbennie/OneDrive/Leite,Walter's files - Storiza Corpus Spring 2025/Processed_Utterances/annotated_sentence_segments/uid_jWPmLFrSHDZItPTjjPUB8KAsjlq2_sid_7SPTn4kcDnVulcWfBGRR_1743880682_195799329_sentence_segment_close.wav",20.956167424266326,26.959894547479035,20.9506263817244,27.00810611643331
"/home/michaelbennie/OneDrive/Leite,Walter's files - Storiza Corpus Spring 2025/Processed_Utterances/annotated_sentence_segments/uid_jWPmLFrSHDZItPTjjPUB8KAsjlq2_sid_7SPTn4kcDnVulcWfBGRR_1743880682_195799330_sentence_segment_close.wav",26.957294325933006,33.22203119671853,27.011790714812086,33.56300663227709
"/home/michaelbennie/OneDrive/Leite,Walter's files - Storiza Corpus Spring 2025/Processed_Utterances/annotated_sentence_segments/uid_jWPmLFrSHDZItPTjjPUB8KAsjlq2_sid_7SPTn4kcDnVulcWfBGRR_1743880682_195799331_sentence_segment_close.wav",33.842025263224066,37.21855196719582,33.77671333824613,37.27708179808401
"/home/michaelbennie/OneDrive/Leite,Walter's files - Storiza Corpus Spring 2025/Processed_Utterances/annotated_sentence_segments/uid_jWPmLFrSHDZItPTjjPUB8KAsjlq2_sid_7SPTn4kcDnVulcWfBGRR_1743880682_195799332_sentence_segment_close.wav",38.33254425921101,42.665395325759995,38.23139277818718,42.638172439204126
"/home/michaelbennie/OneDrive/Leite,Walter's files - Storiza Corpus Spring 2025/Processed_Utterances/annotated_sentence_segments/uid_jWPmLFrSHDZItPTjjPUB8KAsjlq2_sid_7SPTn4kcDnVulcWfBGRR_1743880682_195799333_sentence_segment_close.wav",42.48937833985196,44.85691885600377,42.64885340675399,44.97789240972734
"/home/michaelbennie/OneDrive/Leite,Walter's files - Storiza Corpus Spring 2025/Processed_Utterances/annotated_sentence_segments/uid_jWPmLFrSHDZItPTjjPUB8KAsjlq2_sid_7SPTn4kcDnVulcWfBGRR_1743880682_195799334_sentence_segment_close.wav",44.92252025969714,48.65442039491337,44.99631540162123,48.64746286841695
"/home/michaelbennie/OneDrive/Leite,Walter's files - Storiza Corpus Spring 2025/Processed_Utterances/annotated_sentence_segments/uid_jWPmLFrSHDZItPTjjPUB8KAsjlq2_sid_7SPTn4kcDnVulcWfBGRR_1743880682_195799335_sentence_segment_close.wav",48.544264550998115,51.98918972106614,48.65946854428374,52.01547531319086
"/home/michaelbennie/OneDrive/Leite,Walter's files - Storiza Corpus Spring 2025/Processed_Utterances/annotated_sentence_segments/uid_jWPmLFrSHDZItPTjjPUB8KAsjlq2_sid_7SPTn4kcDnVulcWfBGRR_1743880682_195799336_sentence_segment_close.wav",52.01821884792727,58.44438958260666,52.05025093348877,58.66249078850406
"/home/michaelbennie/OneDrive/Leite,Walter's files - Storiza Corpus Spring 2025/Processed_Utterances/annotated_sentence_segments/uid_jWPmLFrSHDZItPTjjPUB8KAsjlq2_sid_7SPTn4kcDnVulcWfBGRR_1743880682_195799337_sentence_segment_close.wav",59.55440919477931,63.087697910387966,59.01947621888352,63.33045632205228
"/home/michaelbennie/OneDrive/Leite,Walter's files - Storiza Corpus Spring 2025/Processed_Utterances/annotated_sentence_segments/uid_ihIoefKsGwTDai7fGs9x3DyNvju2_sid_HMsBuxpOsV8YfgXpPc0G_1742773567_195799338_sentence_segment_close.wav",1.8995555660719636,5.484560913665545,1.6961651917404128,5.682153392330383
"/home/michaelbennie/OneDrive/Leite,Walter's files - Storiza Corpus Spring 2025/Processed_Utterances/annotated_sentence_segments/uid_ihIoefKsGwTDai7fGs9x3DyNvju2_sid_HMsBuxpOsV8YfgXpPc0G_1742773567_195799339_sentence_segment_close.wav",5.7126838051491,7.717175082422348,5.689528023598819,7.747050147492624
"/home/michaelbennie/OneDrive/Leite,Walter's files - Storiza Corpus Spring 2025/Processed_Utterances/annotated_sentence_segments/uid_ihIoefKsGwTDai7fGs9x3DyNvju2_sid_HMsBuxpOsV8YfgXpPc0G_1742773567_195799340_sentence_segment_close.wav",7.681734639471234,9.815659773161073,7.747050147492624,10.047935103244836
"/home/michaelbennie/OneDrive/Leite,Walter's files - Storiza Corpus Spring 2025/Processed_Utterances/annotated_sentence_segments/uid_ihIoefKsGwTDai7fGs9x3DyNvju2_sid_HMsBuxpOsV8YfgXpPc0G_1742773567_195799341_sentence_segment_close.wav",10.07589086428342,14.609053523259664,10.132743362831857,14.54277286135693
"/home/michaelbennie/OneDrive/Leite,Walter's files - Storiza Corpus Spring 2025/Processed_Utterances/annotated_sentence_segments/uid_ihIoefKsGwTDai7fGs9x3DyNvju2_sid_HMsBuxpOsV8YfgXpPc0G_1742773567_195799342_sentence_segment_close.wav",15.280895317971511,18.739194795351978,15.21386430678466,19.011799410029496
"/home/michaelbennie/OneDrive/Leite,Walter's files - Storiza Corpus Spring 2025/Processed_Utterances/annotated_sentence_segments/uid_ihIoefKsGwTDai7fGs9x3DyNvju2_sid_HMsBuxpOsV8YfgXpPc0G_1742773567_195799343_sentence_segment_close.wav",19.067700709900354,22.049963404055468,19.081858407079643,22.46681415929203
"/home/michaelbennie/OneDrive/Leite,Walter's files - Storiza Corpus Spring 2025/Processed_Utterances/annotated_sentence_segments/uid_ihIoefKsGwTDai7fGs9x3DyNvju2_sid_HMsBuxpOsV8YfgXpPc0G_1742773567_195799344_sentence_segment_close.wav",22.575515357972776,25.714447273358253,22.518436578171087,25.67477876106194
"/home/michaelbennie/OneDrive/Leite,Walter's files - Storiza Corpus Spring 2025/Processed_Utterances/annotated_sentence_segments/uid_ihIoefKsGwTDai7fGs9x3DyNvju2_sid_HMsBuxpOsV8YfgXpPc0G_1742773567_195799345_sentence_segment_close.wav",26.0237620872967,28.696160734920024,25.988200589970496,28.945427728613563
"/home/michaelbennie/OneDrive/Leite,Walter's files - Storiza Corpus Spring 2025/Processed_Utterances/annotated_sentence_segments/uid_ihIoefKsGwTDai7fGs9x3DyNvju2_sid_HMsBuxpOsV8YfgXpPc0G_1742773567_195799346_sentence_segment_close.wav",28.957441224394927,33.504439322953644,28.96755162241888,33.517699115044245
"/home/michaelbennie/OneDrive/Leite,Walter's files - Storiza Corpus Spring 2025/Processed_Utterances/annotated_sentence_segments/uid_ihIoefKsGwTDai7fGs9x3DyNvju2_sid_HMsBuxpOsV8YfgXpPc0G_1742773567_195799347_sentence_segment_close.wav",37.02546803143329,41.2451529430222,36.93059679328958,41.2890038729356
"/home/michaelbennie/OneDrive/Leite,Walter's files - Storiza Corpus Spring 2025/Processed_Utterances/annotated_sentence_segments/uid_22lbfrTq0OP1g1mwv7RZwXUl6eW2_sid_GN8Xnyex9q38jg9aH8fB_1741390669_195799348_sentence_segment_close.wav",1.2948359687238213,3.169062338237946,1.0095799557848193,3.2056005895357407
"/home/michaelbennie/OneDrive/Leite,Walter's files - Storiza Corpus Spring 2025/Processed_Utterances/annotated_sentence_segments/uid_22lbfrTq0OP1g1mwv7RZwXUl6eW2_sid_GN8Xnyex9q38jg9aH8fB_1741390669_195799349_sentence_segment_close.wav",3.224745069877281,6.214252379928184,3.2240235814296243,6.208548268238762
"/home/michaelbennie/OneDrive/Leite,Walter's files - Storiza Corpus Spring 2025/Processed_Utterances/annotated_sentence_segments/uid_22lbfrTq0OP1g1mwv7RZwXUl6eW2_sid_GN8Xnyex9q38jg9aH8fB_1741390669_195799350_sentence_segment_close.wav",6.923574913987287,11.27122100514841,6.842299189388356,11.293294030950626
"/home/michaelbennie/OneDrive/Leite,Walter's files - Storiza Corpus Spring 2025/Processed_Utterances/annotated_sentence_segments/uid_22lbfrTq0OP1g1mwv7RZwXUl6eW2_sid_GN8Xnyex9q38jg9aH8fB_1741390669_195799351_sentence_segment_close.wav",11.512726525922444,20.143175752711997,11.521739130434783,20.21002210759028
"/home/michaelbennie/OneDrive/Leite,Walter's files - Storiza Corpus Spring 2025/Processed_Utterances/annotated_sentence_segments/uid_22lbfrTq0OP1g1mwv7RZwXUl6eW2_sid_GN8Xnyex9q38jg9aH8fB_1741390669_195799352_sentence_segment_close.wav",20.49047139950373,29.009403345437192,20.534266764922624,29.325718496683866
"/home/michaelbennie/OneDrive/Leite,Walter's files - Storiza Corpus Spring 2025/Processed_Utterances/annotated_sentence_segments/uid_22lbfrTq0OP1g1mwv7RZwXUl6eW2_sid_GN8Xnyex9q38jg9aH8fB_1741390669_195799353_sentence_segment_close.wav",29.379389315796953,35.227831948486354,29.35887988209285,35.42372881355932
"/home/michaelbennie/OneDrive/Leite,Walter's files - Storiza Corpus Spring 2025/Processed_Utterances/annotated_sentence_segments/uid_22lbfrTq0OP1g1mwv7RZwXUl6eW2_sid_GN8Xnyex9q38jg9aH8fB_1741390669_195799354_sentence_segment_close.wav",35.60011071675178,40.63718117154753,35.50847457627119,40.68901989683124
"/home/michaelbennie/OneDrive/Leite,Walter's files - Storiza Corpus Spring 2025/Processed_Utterances/annotated_sentence_segments/uid_22lbfrTq0OP1g1mwv7RZwXUl6eW2_sid_GN8Xnyex9q38jg9aH8fB_1741390669_195799355_sentence_segment_close.wav",41.20610702275781,42.57451045883574,41.09801031687546,42.67501842299189
"/home/michaelbennie/OneDrive/Leite,Walter's files - Storiza Corpus Spring 2025/Processed_Utterances/annotated_sentence_segments/uid_22lbfrTq0OP1g1mwv7RZwXUl6eW2_sid_GN8Xnyex9q38jg9aH8fB_1741390669_195799356_sentence_segment_close.wav",42.796558384456645,50.776455461105485,42.83714075165807,50.77287039349074
"/home/michaelbennie/OneDrive/Leite,Walter's files - Storiza Corpus Spring 2025/Processed_Utterances/annotated_sentence_segments/uid_22lbfrTq0OP1g1mwv7RZwXUl6eW2_sid_GN8Xnyex9q38jg9aH8fB_1741390669_195799357_sentence_segment_close.wav",50.77362240269296,57.8793898711373,50.789425019945554,57.89890935887989
"/home/michaelbennie/OneDrive/Leite,Walter's files - Storiza Corpus Spring 2025/Processed_Utterances/annotated_sentence_segments/uid_vrDD6j0aEnQfytObzHmMJYKTeFf2_sid_4vWA3DF2NUWsIyZHlX8u_1743005920_195799358_sentence_segment_close.wav",3.33577399418843,14.83908722055178,3.20560058953574,15.128960943257184
"/home/michaelbennie/OneDrive/Leite,Walter's files - Storiza Corpus Spring 2025/Processed_Utterances/annotated_sentence_segments/uid_vrDD6j0aEnQfytObzHmMJYKTeFf2_sid_4vWA3DF2NUWsIyZHlX8u_1743005920_195799359_sentence_segment_close.wav",16.598181361084137,35.04327403932119,16.403831982313925,35.305821665438465
"/home/michaelbennie/OneDrive/Leite,Walter's files - Storiza Corpus Spring 2025/Processed_Utterances/annotated_sentence_segments/uid_vrDD6j0aEnQfytObzHmMJYKTeFf2_sid_4vWA3DF2NUWsIyZHlX8u_1743005920_195799360_sentence_segment_close.wav",36.99323780525358,80.0303442805758,36.93072955047899,80.07000736919674
"/home/michaelbennie/OneDrive/Leite,Walter's files - Storiza Corpus Spring 2025/Processed_Utterances/annotated_sentence_segments/uid_vrDD6j0aEnQfytObzHmMJYKTeFf2_sid_4vWA3DF2NUWsIyZHlX8u_1743005920_195799361_sentence_segment_close.wav",82.56708736769951,108.26906774331337,82.40972733971996,108.87988209285189
"/home/michaelbennie/OneDrive/Leite,Walter's files - Storiza Corpus Spring 2025/Processed_Utterances/annotated_sentence_segments/uid_vrDD6j0aEnQfytObzHmMJYKTeFf2_sid_4vWA3DF2NUWsIyZHlX8u_1743005920_195799362_sentence_segment_close.wav",109.63894476475177,117.10234633925322,109.50626381724392,117.96610169491524
"/home/michaelbennie/OneDrive/Leite,Walter's files - Storiza Corpus Spring 2025/Processed_Utterances/annotated_sentence_segments/uid_vrDD6j0aEnQfytObzHmMJYKTeFf2_sid_4vWA3DF2NUWsIyZHlX8u_1743005920_195799363_sentence_segment_close.wav",119.57248733585001,132.77752927240212,118.72512896094328,133.1171702284451
"/home/michaelbennie/OneDrive/Leite,Walter's files - Storiza Corpus Spring 2025/Processed_Utterances/annotated_sentence_segments/uid_vrDD6j0aEnQfytObzHmMJYKTeFf2_sid_4vWA3DF2NUWsIyZHlX8u_1743005920_195799364_sentence_segment_close.wav",134.61576991477475,161.83729461281567,133.2535003684598,161.75018422991891
"/home/michaelbennie/OneDrive/Leite,Walter's files - Storiza Corpus Spring 2025/Processed_Utterances/annotated_sentence_segments/uid_EfKQNmht2ebtDnNadrezErlhcDF3_sid_BYCoT5b02IreYi4dCGrh_1743544924_195799365_sentence_segment_close.wav",2.1074023206491304,4.985378718695219,1.7575534266764918,5.3168754605747965
"/home/michaelbennie/OneDrive/Leite,Walter's files - Storiza Corpus Spring 2025/Processed_Utterances/annotated_sentence_segments/uid_EfKQNmht2ebtDnNadrezErlhcDF3_sid_BYCoT5b02IreYi4dCGrh_1743544924_195799366_sentence_segment_close.wav",5.475784996836,9.924870926259597,5.353721444362564,10.128960943257184
"/home/michaelbennie/OneDrive/Leite,Walter's files - Storiza Corpus Spring 2025/Processed_Utterances/annotated_sentence_segments/uid_EfKQNmht2ebtDnNadrezErlhcDF3_sid_BYCoT5b02IreYi4dCGrh_1743544924_195799367_sentence_segment_close.wav",10.231286272871822,13.384791434594085,10.19159911569639,13.913043478260867
"/home/michaelbennie/OneDrive/Leite,Walter's files - Storiza Corpus Spring 2025/Processed_Utterances/annotated_sentence_segments/uid_EfKQNmht2ebtDnNadrezErlhcDF3_sid_BYCoT5b02IreYi4dCGrh_1743544924_195799368_sentence_segment_close.wav",13.950336759652583,21.53929841950649,13.942520265291082,21.694915254237284
"/home/michaelbennie/OneDrive/Leite,Walter's files - Storiza Corpus Spring 2025/Processed_Utterances/annotated_sentence_segments/uid_EfKQNmht2ebtDnNadrezErlhcDF3_sid_BYCoT5b02IreYi4dCGrh_1743544924_195799369_sentence_segment_close.wav",21.773107531304053,28.378813902744774,21.70596904937361,28.61827560795873
"/home/michaelbennie/OneDrive/Leite,Walter's files - Storiza Corpus Spring 2025/Processed_Utterances/annotated_sentence_segments/uid_EfKQNmht2ebtDnNadrezErlhcDF3_sid_BYCoT5b02IreYi4dCGrh_1743544924_195799370_sentence_segment_close.wav",29.21405799793559,34.622251841473,28.629329403095056,34.966838614591005
"/home/michaelbennie/OneDrive/Leite,Walter's files - Storiza Corpus Spring 2025/Processed_Utterances/annotated_sentence_segments/uid_EfKQNmht2ebtDnNadrezErlhcDF3_sid_BYCoT5b02IreYi4dCGrh_1743544924_195799371_sentence_segment_close.wav",35.09294717393205,47.247490518302286,35.05158437730287,47.299189388356666
"/home/michaelbennie/OneDrive/Leite,Walter's files - Storiza Corpus Spring 2025/Processed_Utterances/annotated_sentence_segments/uid_EfKQNmht2ebtDnNadrezErlhcDF3_sid_BYCoT5b02IreYi4dCGrh_1743544924_195799372_sentence_segment_close.wav",47.540137564815176,56.53489165878902,47.31761238025055,57.08179808400884
"/home/michaelbennie/OneDrive/Leite,Walter's files - Storiza Corpus Spring 2025/Processed_Utterances/annotated_sentence_segments/uid_EfKQNmht2ebtDnNadrezErlhcDF3_sid_BYCoT5b02IreYi4dCGrh_1743544924_195799373_sentence_segment_close.wav",60.57274160974385,63.76775241910827,60.40899042004421,63.76934414148857
"/home/michaelbennie/OneDrive/Leite,Walter's files - Storiza Corpus Spring 2025/Processed_Utterances/annotated_sentence_segments/uid_EfKQNmht2ebtDnNadrezErlhcDF3_sid_BYCoT5b02IreYi4dCGrh_1743544924_195799374_sentence_segment_close.wav",64.13940839872268,70.47267103356947,63.77671333824612,70.52689756816505
"/home/michaelbennie/OneDrive/Leite,Walter's files - Storiza Corpus Spring 2025/Processed_Utterances/annotated_sentence_segments/uid_M3RVTGHWrAMCChSiCDrpejluqjQ2_sid_J3DTSl0s0xBwSzdlZEZW_1742137192_195799375_sentence_segment_close.wav",7.292767496333545,10.917717175473868,8.165070007369199,10.935887988209286
"/home/michaelbennie/OneDrive/Leite,Walter's files - Storiza Corpus Spring 2025/Processed_Utterances/annotated_sentence_segments/uid_M3RVTGHWrAMCChSiCDrpejluqjQ2_sid_J3DTSl0s0xBwSzdlZEZW_1742137192_195799376_sentence_segment_close.wav",11.268826667088666,13.592697107211144,11.186440677966104,13.515106853352986
"/home/michaelbennie/OneDrive/Leite,Walter's files - Storiza Corpus Spring 2025/Processed_Utterances/annotated_sentence_segments/uid_M3RVTGHWrAMCChSiCDrpejluqjQ2_sid_J3DTSl0s0xBwSzdlZEZW_1742137192_195799377_sentence_segment_close.wav",14.020309421190682,15.59958216220411,13.975681650700071,15.633750921149597
"/home/michaelbennie/OneDrive/Leite,Walter's files - Storiza Corpus Spring 2025/Processed_Utterances/annotated_sentence_segments/uid_M3RVTGHWrAMCChSiCDrpejluqjQ2_sid_J3DTSl0s0xBwSzdlZEZW_1742137192_195799378_sentence_segment_close.wav",16.07027533270864,18.457435015724254,15.980103168754606,18.50036845983788
"/home/michaelbennie/OneDrive/Leite,Walter's files - Storiza Corpus Spring 2025/Processed_Utterances/annotated_sentence_segments/uid_M3RVTGHWrAMCChSiCDrpejluqjQ2_sid_J3DTSl0s0xBwSzdlZEZW_1742137192_195799379_sentence_segment_close.wav",18.57605283148506,20.75403090588834,18.537214443625643,20.770081061164333
"/home/michaelbennie/OneDrive/Leite,Walter's files - Storiza Corpus Spring 2025/Processed_Utterances/annotated_sentence_segments/uid_M3RVTGHWrAMCChSiCDrpejluqjQ2_sid_J3DTSl0s0xBwSzdlZEZW_1742137192_195799380_sentence_segment_close.wav",21.32378686681397,24.74767117456058,21.238025055268977,24.75430365938604
"/home/michaelbennie/OneDrive/Leite,Walter's files - Storiza Corpus Spring 2025/Processed_Utterances/annotated_sentence_segments/uid_M3RVTGHWrAMCChSiCDrpejluqjQ2_sid_J3DTSl0s0xBwSzdlZEZW_1742137192_195799381_sentence_segment_close.wav",24.664926918825437,26.42197182548867,24.75680244083172,26.473839351510687
"/home/michaelbennie/OneDrive/Leite,Walter's files - Storiza Corpus Spring 2025/Processed_Utterances/annotated_sentence_segments/uid_M3RVTGHWrAMCChSiCDrpejluqjQ2_sid_J3DTSl0s0xBwSzdlZEZW_1742137192_195799382_sentence_segment_close.wav",26.405195203037866,28.271622185444368,26.495893451456737,28.30709209287089
"/home/michaelbennie/OneDrive/Leite,Walter's files - Storiza Corpus Spring 2025/Processed_Utterances/annotated_sentence_segments/uid_M3RVTGHWrAMCChSiCDrpejluqjQ2_sid_J3DTSl0s0xBwSzdlZEZW_1742137192_195799383_sentence_segment_close.wav",28.54532447526408,31.197588588647978,28.51901999457482,30.916944956447075
"/home/michaelbennie/OneDrive/Leite,Walter's files - Storiza Corpus Spring 2025/Processed_Utterances/annotated_sentence_segments/uid_M3RVTGHWrAMCChSiCDrpejluqjQ2_sid_J3DTSl0s0xBwSzdlZEZW_1742137192_195799384_sentence_segment_close.wav",31.30540200015299,33.61793916098736,31.28095075057744,33.56898717082543
"/home/michaelbennie/OneDrive/Leite,Walter's files - Storiza Corpus Spring 2025/Processed_Utterances/annotated_sentence_segments/uid_M3RVTGHWrAMCChSiCDrpejluqjQ2_sid_J3DTSl0s0xBwSzdlZEZW_1742137192_195799385_sentence_segment_close.wav",33.64098327834918,36.43586073010128,33.58174209083539,36.51733598851206
"/home/michaelbennie/OneDrive/Leite,Walter's files - Storiza Corpus Spring 2025/Processed_Utterances/annotated_sentence_segments/uid_M3RVTGHWrAMCChSiCDrpejluqjQ2_sid_J3DTSl0s0xBwSzdlZEZW_1742137192_195799386_sentence_segment_close.wav",37.005124923651444,44.39009542630907,36.99606148793605,44.34804212630802
"/home/michaelbennie/OneDrive/Leite,Walter's files - Storiza Corpus Spring 2025/Processed_Utterances/annotated_sentence_segments/uid_M3RVTGHWrAMCChSiCDrpejluqjQ2_sid_J3DTSl0s0xBwSzdlZEZW_1742137192_195799387_sentence_segment_close.wav",44.28353536961294,46.8174825466799,44.35425681831003,46.84945565711506
"/home/michaelbennie/OneDrive/Leite,Walter's files - Storiza Corpus Spring 2025/Processed_Utterances/annotated_sentence_segments/uid_M3RVTGHWrAMCChSiCDrpejluqjQ2_sid_J3DTSl0s0xBwSzdlZEZW_1742137192_195799388_sentence_segment_close.wav",48.22133335970266,52.75251752194912,48.1358969015301,52.53279149294868
"/home/michaelbennie/OneDrive/Leite,Walter's files - Storiza Corpus Spring 2025/Processed_Utterances/annotated_sentence_segments/uid_M3RVTGHWrAMCChSiCDrpejluqjQ2_sid_J3DTSl0s0xBwSzdlZEZW_1742137192_195799389_sentence_segment_close.wav",52.8679131270849,56.164240394102464,52.837311401046925,55.98194555406148
"/home/michaelbennie/OneDrive/Leite,Walter's files - Storiza Corpus Spring 2025/Processed_Utterances/annotated_sentence_segments/uid_M3RVTGHWrAMCChSiCDrpejluqjQ2_sid_J3DTSl0s0xBwSzdlZEZW_1742137192_195799390_sentence_segment_close.wav",56.420811404233476,59.02193861075414,56.385900534191805,59.12347236107503
"/home/michaelbennie/OneDrive/Leite,Walter's files - Storiza Corpus Spring 2025/Processed_Utterances/annotated_sentence_segments/uid_M3RVTGHWrAMCChSiCDrpejluqjQ2_sid_J3DTSl0s0xBwSzdlZEZW_1742137192_195799391_sentence_segment_close.wav",59.51090320844051,65.8134615952705,59.39543051574102,65.47961398570396
"/home/michaelbennie/OneDrive/Leite,Walter's files - Storiza Corpus Spring 2025/Processed_Utterances/annotated_sentence_segments/uid_M3RVTGHWrAMCChSiCDrpejluqjQ2_sid_J3DTSl0s0xBwSzdlZEZW_1742137192_195799392_sentence_segment_close.wav",65.90334187594999,69.81599193486122,65.8664131832505,69.62940919046457
"/home/michaelbennie/OneDrive/Leite,Walter's files - Storiza Corpus Spring 2025/Processed_Utterances/annotated_sentence_segments/uid_M3RVTGHWrAMCChSiCDrpejluqjQ2_sid_J3DTSl0s0xBwSzdlZEZW_1742137192_195799393_sentence_segment_close.wav",69.73420741051433,77.74170346237418,69.64494592046957,77.81212526232441
"/home/michaelbennie/OneDrive/Leite,Walter's files - Storiza Corpus Spring 2025/Processed_Utterances/annotated_sentence_segments/uid_M3RVTGHWrAMCChSiCDrpejluqjQ2_sid_J3DTSl0s0xBwSzdlZEZW_1742137192_195799394_sentence_segment_close.wav",78.10907662707311,80.63866454215386,77.8228100061151,80.51627132634285
"/home/michaelbennie/OneDrive/Leite,Walter's files - Storiza Corpus Spring 2025/Processed_Utterances/annotated_sentence_segments/uid_M3RVTGHWrAMCChSiCDrpejluqjQ2_sid_J3DTSl0s0xBwSzdlZEZW_1742137192_195799395_sentence_segment_close.wav",80.67753582818153,84.1597977131461,80.53537029337677,84.19486754804923
"/home/michaelbennie/OneDrive/Leite,Walter's files - Storiza Corpus Spring 2025/Processed_Utterances/annotated_sentence_segments/uid_M3RVTGHWrAMCChSiCDrpejluqjQ2_sid_J3DTSl0s0xBwSzdlZEZW_1742137192_195799396_sentence_segment_close.wav",84.43151684171163,86.58555519862098,84.23188128712214,86.71464901570415
"/home/michaelbennie/OneDrive/Leite,Walter's files - Storiza Corpus Spring 2025/Processed_Utterances/annotated_sentence_segments/uid_M3RVTGHWrAMCChSiCDrpejluqjQ2_sid_J3DTSl0s0xBwSzdlZEZW_1742137192_195799397_sentence_segment_close.wav",86.91975302361593,96.7590222761917,86.8740928147874,96.60585898026142
"/home/michaelbennie/OneDrive/Leite,Walter's files - Storiza Corpus Spring 2025/Processed_Utterances/annotated_sentence_segments/uid_M3RVTGHWrAMCChSiCDrpejluqjQ2_sid_J3DTSl0s0xBwSzdlZEZW_1742137192_195799398_sentence_segment_close.wav",96.86972672085408,99.3327127258551,96.7510667258551,98.32272703110426
"/home/michaelbennie/OneDrive/Leite,Walter's files - Storiza Corpus Spring 2025/Processed_Utterances/annotated_sentence_segments/uid_M3RVTGHWrAMCChSiCDrpejluqjQ2_sid_J3DTSl0s0xBwSzdlZEZW_1742137192_195799399_sentence_segment_close.wav",98.65263510663706,100.56309161074519,98.55619830833332,100.5446600526134
"/home/michaelbennie/OneDrive/Leite,Walter's files - Storiza Corpus Spring 2025/Processed_Utterances/annotated_sentence_segments/uid_M3RVTGHWrAMCChSiCDrpejluqjQ2_sid_J3DTSl0s0xBwSzdlZEZW_1742137192_195799400_sentence_segment_close.wav",100.5809967371038,107.80039029059793,100.56660623034526,107.83525797283882
"/home/michaelbennie/OneDrive/Leite,Walter's files - Storiza Corpus Spring 2025/Processed_Utterances/annotated_sentence_segments/uid_M3RVTGHWrAMCChSiCDrpejluqjQ2_sid_J3DTSl0s0xBwSzdlZEZW_1742137192_195799401_sentence_segment_close.wav",107.91041745266257,111.71386016014556,107.88366055470338,111.70461731130553
"/home/michaelbennie/OneDrive/Leite,Walter's files - Storiza Corpus Spring 2025/Processed_Utterances/annotated_sentence_segments/uid_M3RVTGHWrAMCChSiCDrpejluqjQ2_sid_J3DTSl0s0xBwSzdlZEZW_1742137192_195799402_sentence_segment_close.wav",111.75017787835276,115.46690353087676,111.73198074114936,115.50849080372018
"/home/michaelbennie/OneDrive/Leite,Walter's files - Storiza Corpus Spring 2025/Processed_Utterances/annotated_sentence_segments/uid_M3RVTGHWrAMCChSiCDrpejluqjQ2_sid_J3DTSl0s0xBwSzdlZEZW_1742137192_195799403_sentence_segment_close.wav",116.83931637735374,125.80847571280825,115.8700865623554,125.85123375482638
"/home/michaelbennie/OneDrive/Leite,Walter's files - Storiza Corpus Spring 2025/Processed_Utterances/annotated_sentence_segments/uid_l10DBTU0vaSPzKuDElOBDPPpe2H3_sid_0P0AdunCY6C2VJLuhOSH_1742248690_195799404_sentence_segment_close.wav",2.321608944018476,5.0866183614581795,1.6519174041297937,5.3613569321533925
"/home/michaelbennie/OneDrive/Leite,Walter's files - Storiza Corpus Spring 2025/Processed_Utterances/annotated_sentence_segments/uid_l10DBTU0vaSPzKuDElOBDPPpe2H3_sid_0P0AdunCY6C2VJLuhOSH_1742248690_195799405_sentence_segment_close.wav",5.627847089320046,8.741160330207506,5.610717733503737,9.388601007396252
"/home/michaelbennie/OneDrive/Leite,Walter's files - Storiza Corpus Spring 2025/Processed_Utterances/annotated_sentence_segments/uid_l10DBTU0vaSPzKuDElOBDPPpe2H3_sid_0P0AdunCY6C2VJLuhOSH_1742248690_195799406_sentence_segment_close.wav",9.513375129717407,14.418487884819449,9.510166558288836,14.95723835789871
"/home/michaelbennie/OneDrive/Leite,Walter's files - Storiza Corpus Spring 2025/Processed_Utterances/annotated_sentence_segments/uid_l10DBTU0vaSPzKuDElOBDPPpe2H3_sid_0P0AdunCY6C2VJLuhOSH_1742248690_195799407_sentence_segment_close.wav",15.003513329602075,18.388862209579198,14.987629745621856,18.718757038401844
"/home/michaelbennie/OneDrive/Leite,Walter's files - Storiza Corpus Spring 2025/Processed_Utterances/annotated_sentence_segments/uid_l10DBTU0vaSPzKuDElOBDPPpe2H3_sid_0P0AdunCY6C2VJLuhOSH_1742248690_195799408_sentence_segment_close.wav",18.80969482913593,23.89702963980825,18.78889101007064,24.39493314546312
"/home/michaelbennie/OneDrive/Leite,Walter's files - Storiza Corpus Spring 2025/Processed_Utterances/annotated_sentence_segments/uid_l10DBTU0vaSPzKuDElOBDPPpe2H3_sid_0P0AdunCY6C2VJLuhOSH_1742248690_195799409_sentence_segment_close.wav",24.550662719647363,27.650586211386916,24.54689008407885,28.2219101995238
"/home/michaelbennie/OneDrive/Leite,Walter's files - Storiza Corpus Spring 2025/Processed_Utterances/annotated_sentence_segments/uid_l10DBTU0vaSPzKuDElOBDPPpe2H3_sid_0P0AdunCY6C2VJLuhOSH_1742248690_195799410_sentence_segment_close.wav",28.340274107987103,30.736742473026837,28.2920441711926,32.018495865861325
"/home/michaelbennie/OneDrive/Leite,Walter's files - Storiza Corpus Spring 2025/Processed_Utterances/annotated_sentence_segments/uid_l10DBTU0vaSPzKuDElOBDPPpe2H3_sid_0P0AdunCY6C2VJLuhOSH_1742248690_195799411_sentence_segment_close.wav",32.03009254486086,38.87843792060077,32.039536057361964,38.95007006579407
"/home/michaelbennie/OneDrive/Leite,Walter's files - Storiza Corpus Spring 2025/Processed_Utterances/annotated_sentence_segments/uid_l10DBTU0vaSPzKuDElOBDPPpe2H3_sid_0P0AdunCY6C2VJLuhOSH_1742248690_195799412_sentence_segment_close.wav",39.51940266787283,40.83430896656016,39.272686335470524,41.29722031764313
"/home/michaelbennie/OneDrive/Leite,Walter's files - Storiza Corpus Spring 2025/Processed_Utterances/annotated_sentence_segments/uid_l10DBTU0vaSPzKuDElOBDPPpe2H3_sid_0P0AdunCY6C2VJLuhOSH_1742248690_195799413_sentence_segment_close.wav",41.64697854535288,45.87508653192413,41.39540787797944,45.8980088591162
"/home/michaelbennie/OneDrive/Leite,Walter's files - Storiza Corpus Spring 2025/Processed_Utterances/annotated_sentence_segments/uid_l10DBTU0vaSPzKuDElOBDPPpe2H3_sid_0P0AdunCY6C2VJLuhOSH_1742248690_195799414_sentence_segment_close.wav",46.86036067236946,49.363231952412065,46.83312848136682,49.40470744255603
"/home/michaelbennie/OneDrive/Leite,Walter's files - Storiza Corpus Spring 2025/Processed_Utterances/annotated_sentence_segments/uid_l10DBTU0vaSPzKuDElOBDPPpe2H3_sid_0P0AdunCY6C2VJLuhOSH_1742248690_195799415_sentence_segment_close.wav",49.47853978859442,54.27084909224315,49.4725036151692,54.26499167920364
"/home/michaelbennie/OneDrive/Leite,Walter's files - Storiza Corpus Spring 2025/Processed_Utterances/annotated_sentence_segments/uid_l10DBTU0vaSPzKuDElOBDPPpe2H3_sid_0P0AdunCY6C2VJLuhOSH_1742248690_195799416_sentence_segment_close.wav",54.65753488203966,56.63416211926124,54.33045005276118,56.775787864946565
"/home/michaelbennie/OneDrive/Leite,Walter's files - Storiza Corpus Spring 2025/Processed_Utterances/annotated_sentence_segments/uid_tHP0GvI5hccNGBzYfgE2pkEHXiW2_sid_tauN5MkJSXHrjKIHsYkM_1743377469_195799417_sentence_segment_close.wav",1.2306137481340447,34.4516093797223,1.1348563006632275,34.65733235077377
"/home/michaelbennie/OneDrive/Leite,Walter's files - Storiza Corpus Spring 2025/Processed_Utterances/annotated_sentence_segments/uid_tHP0GvI5hccNGBzYfgE2pkEHXiW2_sid_tauN5MkJSXHrjKIHsYkM_1743377469_195799418_sentence_segment_close.wav",39.402529576409194,60.93084152797039,39.20412675018424,60.57479734708917
"/home/michaelbennie/OneDrive/Leite,Walter's files - Storiza Corpus Spring 2025/Processed_Utterances/annotated_sentence_segments/uid_tHP0GvI5hccNGBzYfgE2pkEHXiW2_sid_tauN5MkJSXHrjKIHsYkM_1743377469_195799419_sentence_segment_close.wav",64.72217058004786,115.2003632085812,64.2262343404569,115.27266028002948
"/home/michaelbennie/OneDrive/Leite,Walter's files - Storiza Corpus Spring 2025/Processed_Utterances/annotated_sentence_segments/uid_tHP0GvI5hccNGBzYfgE2pkEHXiW2_sid_tauN5MkJSXHrjKIHsYkM_1743377469_195799420_sentence_segment_close.wav",116.79111411814151,121.74880901502655,116.5991156963891,122.24392041267502
"/home/michaelbennie/OneDrive/Leite,Walter's files - Storiza Corpus Spring 2025/Processed_Utterances/annotated_sentence_segments/uid_tHP0GvI5hccNGBzYfgE2pkEHXiW2_sid_tauN5MkJSXHrjKIHsYkM_1743377469_195799421_sentence_segment_close.wav",122.89007310449954,124.5638734102406,122.3581429624171,124.98894620486368
"/home/michaelbennie/OneDrive/Leite,Walter's files - Storiza Corpus Spring 2025/Processed_Utterances/annotated_sentence_segments/uid_tHP0GvI5hccNGBzYfgE2pkEHXiW2_sid_tauN5MkJSXHrjKIHsYkM_1743377469_195799422_sentence_segment_close.wav",126.09470700813145,144.64846697666397,125.82903463522476,144.5467943994105
"/home/michaelbennie/OneDrive/Leite,Walter's files - Storiza Corpus Spring 2025/Processed_Utterances/annotated_sentence_segments/uid_0FdMSMtn95PJ9tLFeW3F4sFLPMh1_sid_T5VCoUAXaeXMTbSB2cPN_1743043588_195799423_sentence_segment_close.wav",3.657826168555827,6.910535092967097,3.630801606597412,6.993764519538732
"/home/michaelbennie/OneDrive/Leite,Walter's files - Storiza Corpus Spring 2025/Processed_Utterances/annotated_sentence_segments/uid_0FdMSMtn95PJ9tLFeW3F4sFLPMh1_sid_T5VCoUAXaeXMTbSB2cPN_1743043588_195799424_sentence_segment_close.wav",7.214833397404576,10.738951335888833,7.186960369887379,10.83397703754
"/home/michaelbennie/OneDrive/Leite,Walter's files - Storiza Corpus Spring 2025/Processed_Utterances/annotated_sentence_segments/uid_0FdMSMtn95PJ9tLFeW3F4sFLPMh1_sid_T5VCoUAXaeXMTbSB2cPN_1743043588_195799425_sentence_segment_close.wav",12.246350162295348,16.983065369951802,12.248771288235565,17.022398992210086
"/home/michaelbennie/OneDrive/Leite,Walter's files - Storiza Corpus Spring 2025/Processed_Utterances/annotated_sentence_segments/uid_0FdMSMtn95PJ9tLFeW3F4sFLPMh1_sid_T5VCoUAXaeXMTbSB2cPN_1743043588_195799426_sentence_segment_close.wav",17.41812199149038,21.44369820966324,17.378445040409723,21.600135623113104
"/home/michaelbennie/OneDrive/Leite,Walter's files - Storiza Corpus Spring 2025/Processed_Utterances/annotated_sentence_segments/uid_0FdMSMtn95PJ9tLFeW3F4sFLPMh1_sid_T5VCoUAXaeXMTbSB2cPN_1743043588_195799427_sentence_segment_close.wav",22.206551267305276,28.943218608188133,22.209456682957864,29.08558285224804
"/home/michaelbennie/OneDrive/Leite,Walter's files - Storiza Corpus Spring 2025/Processed_Utterances/annotated_sentence_segments/uid_0FdMSMtn95PJ9tLFeW3F4sFLPMh1_sid_T5VCoUAXaeXMTbSB2cPN_1743043588_195799428_sentence_segment_close.wav",29.268183953946288,35.000430342603146,29.254345614331864,35.12989059648847
"/home/michaelbennie/OneDrive/Leite,Walter's files - Storiza Corpus Spring 2025/Processed_Utterances/annotated_sentence_segments/uid_0FdMSMtn95PJ9tLFeW3F4sFLPMh1_sid_T5VCoUAXaeXMTbSB2cPN_1743043588_195799429_sentence_segment_close.wav",36.08119050788935,45.96005396815587,36.07582578786443,46.131733895729255
"/home/michaelbennie/OneDrive/Leite,Walter's files - Storiza Corpus Spring 2025/Processed_Utterances/annotated_sentence_segments/uid_0FdMSMtn95PJ9tLFeW3F4sFLPMh1_sid_T5VCoUAXaeXMTbSB2cPN_1743043588_195799430_sentence_segment_close.wav",46.176335503768165,50.220496337179306,46.266494311532334,50.31289177179669
"/home/michaelbennie/OneDrive/Leite,Walter's files - Storiza Corpus Spring 2025/Processed_Utterances/annotated_sentence_segments/uid_0FdMSMtn95PJ9tLFeW3F4sFLPMh1_sid_T5VCoUAXaeXMTbSB2cPN_1743043588_195799431_sentence_segment_close.wav",51.09827695104413,58.39628995043141,51.15214351414134,58.67997732426304
"/home/michaelbennie/OneDrive/Leite,Walter's files - Storiza Corpus Spring 2025/Processed_Utterances/annotated_sentence_segments/uid_aKXkeU8QguUwr1lDK1mxXri9hqN2_sid_gbbMMkjwQ3IIargLKNV0_1741732628_195799432_sentence_segment_close.wav",0.6823134523792123,6.9317984042253356,0.0315111021420465,6.963953573392278
"/home/michaelbennie/OneDrive/Leite,Walter's files - Storiza Corpus Spring 2025/Processed_Utterances/annotated_sentence_segments/uid_aKXkeU8QguUwr1lDK1mxXri9hqN2_sid_gbbMMkjwQ3IIargLKNV0_1741732628_195799433_sentence_segment_close.wav",7.074364343985186,13.549571627405982,6.995464675534324,13.77035163607432
"/home/michaelbennie/OneDrive/Leite,Walter's files - Storiza Corpus Spring 2025/Processed_Utterances/annotated_sentence_segments/uid_aKXkeU8QguUwr1lDK1mxXri9hqN2_sid_gbbMMkjwQ3IIargLKNV0_1741732628_195799434_sentence_segment_close.wav",14.015439578258173,25.894396592651276,13.896396044642508,26.185725880040646
"/home/michaelbennie/OneDrive/Leite,Walter's files - Storiza Corpus Spring 2025/Processed_Utterances/annotated_sentence_segments/uid_aKXkeU8QguUwr1lDK1mxXri9hqN2_sid_gbbMMkjwQ3IIargLKNV0_1741732628_195799435_sentence_segment_close.wav",26.212281347186043,36.973169159865954,26.2678523240434,37.043574413696014
"/home/michaelbennie/OneDrive/Leite,Walter's files - Storiza Corpus Spring 2025/Processed_Utterances/annotated_sentence_segments/uid_aKXkeU8QguUwr1lDK1mxXri9hqN2_sid_gbbMMkjwQ3IIargLKNV0_1741732628_195799436_sentence_segment_close.wav",37.020509165081194,46.65538987719906,37.057327000202015,47.66726369880096
"/home/michaelbennie/OneDrive/Leite,Walter's files - Storiza Corpus Spring 2025/Processed_Utterances/annotated_sentence_segments/uid_aKXkeU8QguUwr1lDK1mxXri9hqN2_sid_gbbMMkjwQ3IIargLKNV0_1741732628_195799437_sentence_segment_close.wav",48.30037472225855,55.507102136527415,48.25351910728529,55.48002815024933
"/home/michaelbennie/OneDrive/Leite,Walter's files - Storiza Corpus Spring 2025/Processed_Utterances/annotated_sentence_segments/uid_aKXkeU8QguUwr1lDK1mxXri9hqN2_sid_gbbMMkjwQ3IIargLKNV0_1741732628_195799438_sentence_segment_close.wav",55.505227139154954,64.59566413308997,55.48674918323877,64.58974154842035
"/home/michaelbennie/OneDrive/Leite,Walter's files - Storiza Corpus Spring 2025/Processed_Utterances/annotated_sentence_segments/uid_TzE1wYChYkTUAVNeVtZjXuO8cBi2_sid_VhyvjW8RtTDOfLNA6ZuZ_1743435016_195799439_sentence_segment_close.wav",15.213777503947725,18.163995927920055,15.170052977242412,18.28185871616393
"/home/michaelbennie/OneDrive/Leite,Walter's files - Storiza Corpus Spring 2025/Processed_Utterances/annotated_sentence_segments/uid_TzE1wYChYkTUAVNeVtZjXuO8cBi2_sid_VhyvjW8RtTDOfLNA6ZuZ_1743435016_195799440_sentence_segment_close.wav",18.330209753520705,21.644195114218572,18.34773916528541,21.63132207728862
"/home/michaelbennie/OneDrive/Leite,Walter's files - Storiza Corpus Spring 2025/Processed_Utterances/annotated_sentence_segments/uid_TzE1wYChYkTUAVNeVtZjXuO8cBi2_sid_VhyvjW8RtTDOfLNA6ZuZ_1743435016_195799441_sentence_segment_close.wav",21.700070704594413,27.188271005956455,21.65292459644653,27.31278461582047
"/home/michaelbennie/OneDrive/Leite,Walter's files - Storiza Corpus Spring 2025/Processed_Utterances/annotated_sentence_segments/uid_TzE1wYChYkTUAVNeVtZjXuO8cBi2_sid_VhyvjW8RtTDOfLNA6ZuZ_1743435016_195799442_sentence_segment_close.wav",27.35004810366729,32.28159570442253,27.410977612936456,32.31875290214927
"/home/michaelbennie/OneDrive/Leite,Walter's files - Storiza Corpus Spring 2025/Processed_Utterances/annotated_sentence_segments/uid_TzE1wYChYkTUAVNeVtZjXuO8cBi2_sid_VhyvjW8RtTDOfLNA6ZuZ_1743435016_195799443_sentence_segment_close.wav",32.37700207070254,41.357687644374266,32.370893941078485,41.40996618699114
"/home/michaelbennie/OneDrive/Leite,Walter's files - Storiza Corpus Spring 2025/Processed_Utterances/annotated_sentence_segments/uid_TzE1wYChYkTUAVNeVtZjXuO8cBi2_sid_VhyvjW8RtTDOfLNA6ZuZ_1743435016_195799444_sentence_segment_close.wav",41.43417697101834,52.32518245674435,41.42614871859924,52.38941119871497
"/home/michaelbennie/OneDrive/Leite,Walter's files - Storiza Corpus Spring 2025/Processed_Utterances/annotated_sentence_segments/uid_TzE1wYChYkTUAVNeVtZjXuO8cBi2_sid_VhyvjW8RtTDOfLNA6ZuZ_1743435016_195799445_sentence_segment_close.wav",52.3650978770918,58.44519154795914,52.416122859248574,58.47426771232756
"/home/michaelbennie/OneDrive/Leite,Walter's files - Storiza Corpus Spring 2025/Processed_Utterances/annotated_sentence_segments/uid_TzE1wYChYkTUAVNeVtZjXuO8cBi2_sid_VhyvjW8RtTDOfLNA6ZuZ_1743435016_195799446_sentence_segment_close.wav",59.004389264754515,65.45190482390673,58.97136639762984,65.48782307872436
"/home/michaelbennie/OneDrive/Leite,Walter's files - Storiza Corpus Spring 2025/Processed_Utterances/annotated_sentence_segments/uid_EfKQNmht2ebtDnNadrezErlhcDF3_sid_QXLPyE3O9OLjhb4NwTVz_1741215060_195799447_sentence_segment_close.wav",0.8603049267908617,5.296510189375549,0.9649386473106026,5.349257199184951
"/home/michaelbennie/OneDrive/Leite,Walter's files - Storiza Corpus Spring 2025/Processed_Utterances/annotated_sentence_segments/uid_EfKQNmht2ebtDnNadrezErlhcDF3_sid_QXLPyE3O9OLjhb4NwTVz_1741215060_195799448_sentence_segment_close.wav",5.742002883003661,14.083576143985427,5.737823097430832,14.202083580886924
"/home/michaelbennie/OneDrive/Leite,Walter's files - Storiza Corpus Spring 2025/Processed_Utterances/annotated_sentence_segments/uid_EfKQNmht2ebtDnNadrezErlhcDF3_sid_QXLPyE3O9OLjhb4NwTVz_1741215060_195799449_sentence_segment_close.wav",14.713517436868768,20.0172430356089,14.750615612125458,20.073639318027
"/home/michaelbennie/OneDrive/Leite,Walter's files - Storiza Corpus Spring 2025/Processed_Utterances/annotated_sentence_segments/uid_EfKQNmht2ebtDnNadrezErlhcDF3_sid_QXLPyE3O9OLjhb4NwTVz_1741215060_195799450_sentence_segment_close.wav",24.674865914933424,30.34453687694089,24.652674663249705,30.358104113380712
"/home/michaelbennie/OneDrive/Leite,Walter's files - Storiza Corpus Spring 2025/Processed_Utterances/annotated_sentence_segments/uid_EfKQNmht2ebtDnNadrezErlhcDF3_sid_QXLPyE3O9OLjhb4NwTVz_1741215060_195799451_sentence_segment_close.wav",30.33873734549892,37.79991886784201,30.43896487699668,37.79067038331395
"/home/michaelbennie/OneDrive/Leite,Walter's files - Storiza Corpus Spring 2025/Processed_Utterances/annotated_sentence_segments/uid_EfKQNmht2ebtDnNadrezErlhcDF3_sid_QXLPyE3O9OLjhb4NwTVz_1741215060_195799452_sentence_segment_close.wav",38.468601561287635,44.541838010238635,38.467437466304034,44.66956985435731
"/home/michaelbennie/OneDrive/Leite,Walter's files - Storiza Corpus Spring 2025/Processed_Utterances/annotated_sentence_segments/uid_EfKQNmht2ebtDnNadrezErlhcDF3_sid_QXLPyE3O9OLjhb4NwTVz_1741215060_195799453_sentence_segment_close.wav",46.74468333067781,53.50824593469173,46.72351468974213,53.64
"/home/michaelbennie/OneDrive/Leite,Walter's files - Storiza Corpus Spring 2025/Processed_Utterances/annotated_sentence_segments/uid_CjlD9aGvoSfMhsnUwRIQlMr4IFp1_sid_6EBd92Man5qPw2exIy9j_1742008451_195799454_sentence_segment_close.wav",3.449153195805965,10.464103474453562,3.3735549708553894,10.570472242013556
"/home/michaelbennie/OneDrive/Leite,Walter's files - Storiza Corpus Spring 2025/Processed_Utterances/annotated_sentence_segments/uid_CjlD9aGvoSfMhsnUwRIQlMr4IFp1_sid_6EBd92Man5qPw2exIy9j_1742008451_195799455_sentence_segment_close.wav",11.044784344817566,18.27534915013511,10.988150476500412,18.474229602303325
"/home/michaelbennie/OneDrive/Leite,Walter's files - Storiza Corpus Spring 2025/Processed_Utterances/annotated_sentence_segments/uid_CjlD9aGvoSfMhsnUwRIQlMr4IFp1_sid_6EBd92Man5qPw2exIy9j_1742008451_195799456_sentence_segment_close.wav",20.292208468244986,26.528903267778823,20.21991026507496,26.54934197229888
"/home/michaelbennie/OneDrive/Leite,Walter's files - Storiza Corpus Spring 2025/Processed_Utterances/annotated_sentence_segments/uid_CjlD9aGvoSfMhsnUwRIQlMr4IFp1_sid_6EBd92Man5qPw2exIy9j_1742008451_195799457_sentence_segment_close.wav",27.076791957607682,31.649329274517456,27.041987931609945,31.764964890807487
"/home/michaelbennie/OneDrive/Leite,Walter's files - Storiza Corpus Spring 2025/Processed_Utterances/annotated_sentence_segments/uid_CjlD9aGvoSfMhsnUwRIQlMr4IFp1_sid_6EBd92Man5qPw2exIy9j_1742008451_195799458_sentence_segment_close.wav",32.683318510667746,56.74388322887448,32.639161036023694,56.960885921143024
"/home/michaelbennie/OneDrive/Leite,Walter's files - Storiza Corpus Spring 2025/Processed_Utterances/annotated_sentence_segments/uid_l10DBTU0vaSPzKuDElOBDPPpe2H3_sid_UXmFvM0sP6oqoju4OD80_1742653424_195799459_sentence_segment_close.wav",2.7910943269666095,11.459258036245084,2.802851949704328,11.505477511573176
"/home/michaelbennie/OneDrive/Leite,Walter's files - Storiza Corpus Spring 2025/Processed_Utterances/annotated_sentence_segments/uid_l10DBTU0vaSPzKuDElOBDPPpe2H3_sid_UXmFvM0sP6oqoju4OD80_1742653424_195799460_sentence_segment_close.wav",12.032231294307742,17.289483276666413,12.023163108999457,17.36236633122311
"/home/michaelbennie/OneDrive/Leite,Walter's files - Storiza Corpus Spring 2025/Processed_Utterances/annotated_sentence_segments/uid_l10DBTU0vaSPzKuDElOBDPPpe2H3_sid_UXmFvM0sP6oqoju4OD80_1742653424_195799461_sentence_segment_close.wav",18.037801138966,26.410865395005352,18.030315250372155,26.538439746053108
"/home/michaelbennie/OneDrive/Leite,Walter's files - Storiza Corpus Spring 2025/Processed_Utterances/annotated_sentence_segments/uid_l10DBTU0vaSPzKuDElOBDPPpe2H3_sid_UXmFvM0sP6oqoju4OD80_1742653424_195799462_sentence_segment_close.wav",29.287273444207955,35.199270721353216,29.27975978141061,35.33072455044108
"/home/michaelbennie/OneDrive/Leite,Walter's files - Storiza Corpus Spring 2025/Processed_Utterances/annotated_sentence_segments/uid_l10DBTU0vaSPzKuDElOBDPPpe2H3_sid_UXmFvM0sP6oqoju4OD80_1742653424_195799463_sentence_segment_close.wav",36.08045369807507,38.54046050228729,36.01605481433679,38.58186446087319
"/home/michaelbennie/OneDrive/Leite,Walter's files - Storiza Corpus Spring 2025/Processed_Utterances/annotated_sentence_segments/uid_l10DBTU0vaSPzKuDElOBDPPpe2H3_sid_UXmFvM0sP6oqoju4OD80_1742653424_195799464_sentence_segment_close.wav",39.17542567852616,46.980726633809425,39.16690453147879,47.165210172310495
"/home/michaelbennie/OneDrive/Leite,Walter's files - Storiza Corpus Spring 2025/Processed_Utterances/annotated_sentence_segments/uid_l10DBTU0vaSPzKuDElOBDPPpe2H3_sid_UXmFvM0sP6oqoju4OD80_1742653424_195799465_sentence_segment_close.wav",50.58158205672015,62.974064621741014,50.57235886381676,63.06709965069596
"/home/michaelbennie/OneDrive/Leite,Walter's files - Storiza Corpus Spring 2025/Processed_Utterances/annotated_sentence_segments/uid_l10DBTU0vaSPzKuDElOBDPPpe2H3_sid_UXmFvM0sP6oqoju4OD80_1742653424_195799466_sentence_segment_close.wav",63.64971043693442,67.04503722253465,63.64377999470577,67.24594272323081
"/home/michaelbennie/OneDrive/Leite,Walter's files - Storiza Corpus Spring 2025/Processed_Utterances/annotated_sentence_segments/uid_l10DBTU0vaSPzKuDElOBDPPpe2H3_sid_UXmFvM0sP6oqoju4OD80_1742653424_195799467_sentence_segment_close.wav",67.5847701578984,74.82867336609398,67.584313361087,74.95193522059891
"/home/michaelbennie/OneDrive/Leite,Walter's files - Storiza Corpus Spring 2025/Processed_Utterances/annotated_sentence_segments/uid_l10DBTU0vaSPzKuDElOBDPPpe2H3_sid_UXmFvM0sP6oqoju4OD80_1742653424_195799468_sentence_segment_close.wav",76.47473626067855,80.81176689875562,76.45062509624611,80.85590872430706
"/home/michaelbennie/OneDrive/Leite,Walter's files - Storiza Corpus Spring 2025/Processed_Utterances/annotated_sentence_segments/uid_l10DBTU0vaSPzKuDElOBDPPpe2H3_sid_UXmFvM0sP6oqoju4OD80_1742653424_195799469_sentence_segment_close.wav",81.35646595876665,88.26786128255743,81.34963020755512,88.31590301635433
"/home/michaelbennie/OneDrive/Leite,Walter's files - Storiza Corpus Spring 2025/Processed_Utterances/annotated_sentence_segments/uid_l10DBTU0vaSPzKuDElOBDPPpe2H3_sid_UXmFvM0sP6oqoju4OD80_1742653424_195799470_sentence_segment_close.wav",89.57174381488272,93.9331509344916,89.57472230930604,94.15409308436335
"/home/michaelbennie/OneDrive/Leite,Walter's files - Storiza Corpus Spring 2025/Processed_Utterances/annotated_sentence_segments/uid_l10DBTU0vaSPzKuDElOBDPPpe2H3_sid_UXmFvM0sP6oqoju4OD80_1742653424_195799471_sentence_segment_close.wav",96.4351434369401,100.36927252659963,96.4198653085758,100.46118990901805
"/home/michaelbennie/OneDrive/Leite,Walter's files - Storiza Corpus Spring 2025/Processed_Utterances/annotated_sentence_segments/uid_l10DBTU0vaSPzKuDElOBDPPpe2H3_sid_UXmFvM0sP6oqoju4OD80_1742653424_195799472_sentence_segment_close.wav",101.41626846738852,110.48489531429222,101.40755866202366,110.54601621567792
"/home/michaelbennie/OneDrive/Leite,Walter's files - Storiza Corpus Spring 2025/Processed_Utterances/annotated_sentence_segments/uid_l10DBTU0vaSPzKuDElOBDPPpe2H3_sid_UXmFvM0sP6oqoju4OD80_1742653424_195799473_sentence_segment_close.wav",110.84792710756469,115.18629516594942,110.85377945753396,115.27397213265074
"/home/michaelbennie/OneDrive/Leite,Walter's files - Storiza Corpus Spring 2025/Processed_Utterances/annotated_sentence_segments/uid_l10DBTU0vaSPzKuDElOBDPPpe2H3_sid_UXmFvM0sP6oqoju4OD80_1742653424_195799474_sentence_segment_close.wav",116.87307967195876,120.74986812210982,116.8685348868352,120.87433449865978
"/home/michaelbennie/OneDrive/Leite,Walter's files - Storiza Corpus Spring 2025/Processed_Utterances/annotated_sentence_segments/uid_l10DBTU0vaSPzKuDElOBDPPpe2H3_sid_UXmFvM0sP6oqoju4OD80_1742653424_195799475_sentence_segment_close.wav",121.02013859648864,123.39449563488586,121.0051954660152,123.46247363080052
"/home/michaelbennie/OneDrive/Leite,Walter's files - Storiza Corpus Spring 2025/Processed_Utterances/annotated_sentence_segments/uid_l10DBTU0vaSPzKuDElOBDPPpe2H3_sid_UXmFvM0sP6oqoju4OD80_1742653424_195799476_sentence_segment_close.wav",123.96218418323343,126.6570084936266,123.954416300561,126.709766668767
"/home/michaelbennie/OneDrive/Leite,Walter's files - Storiza Corpus Spring 2025/Processed_Utterances/annotated_sentence_segments/uid_l10DBTU0vaSPzKuDElOBDPPpe2H3_sid_UXmFvM0sP6oqoju4OD80_1742653424_195799477_sentence_segment_close.wav",128.21912273528173,142.92084645877395,128.21328502141253,142.93293855570784
"/home/michaelbennie/OneDrive/Leite,Walter's files - Storiza Corpus Spring 2025/Processed_Utterances/annotated_sentence_segments/uid_l10DBTU0vaSPzKuDElOBDPPpe2H3_sid_UXmFvM0sP6oqoju4OD80_1742653424_195799478_sentence_segment_close.wav",143.4639378751926,146.81728827144775,143.50561701957764,146.82391083042097
"/home/michaelbennie/OneDrive/Leite,Walter's files - Storiza Corpus Spring 2025/Processed_Utterances/annotated_sentence_segments/uid_l10DBTU0vaSPzKuDElOBDPPpe2H3_sid_UXmFvM0sP6oqoju4OD80_1742653424_195799479_sentence_segment_close.wav",147.05689882882766,153.66962533763518,147.09219841512746,153.78526763359443
"/home/michaelbennie/OneDrive/Leite,Walter's files - Storiza Corpus Spring 2025/Processed_Utterances/annotated_sentence_segments/uid_l10DBTU0vaSPzKuDElOBDPPpe2H3_sid_UXmFvM0sP6oqoju4OD80_1742653424_195799480_sentence_segment_close.wav",155.26560163685238,163.96311596152427,155.26730401207683,164.03997732426305
"/home/michaelbennie/OneDrive/Leite,Walter's files - Storiza Corpus Spring 2025/Processed_Utterances/annotated_sentence_segments/uid_d4lLmJzVbJaLpyCuafResXOry3t2_sid_hbmmfiDEZKXiVCftbZpM_1741968872_195799481_sentence_segment_close.wav",0.11394594014049451,8.904310160427807,0.0677501021283535,9.12098142433027
"/home/michaelbennie/OneDrive/Leite,Walter's files - Storiza Corpus Spring 2025/Processed_Utterances/annotated_sentence_segments/uid_d4lLmJzVbJaLpyCuafResXOry3t2_sid_hbmmfiDEZKXiVCftbZpM_1741968872_195799482_sentence_segment_close.wav",10.654343100519801,20.372412417217,10.40487785987809,20.6672231463332
"/home/michaelbennie/OneDrive/Leite,Walter's files - Storiza Corpus Spring 2025/Processed_Utterances/annotated_sentence_segments/uid_d4lLmJzVbJaLpyCuafResXOry3t2_sid_hbmmfiDEZKXiVCftbZpM_1741968872_195799483_sentence_segment_close.wav",21.558252108496948,27.700899673719032,20.90477685540498,28.00289901186976
"/home/michaelbennie/OneDrive/Leite,Walter's files - Storiza Corpus Spring 2025/Processed_Utterances/annotated_sentence_segments/uid_d4lLmJzVbJaLpyCuafResXOry3t2_sid_hbmmfiDEZKXiVCftbZpM_1741968872_195799484_sentence_segment_close.wav",28.906504932610854,39.218383332404954,28.28796415871573,39.60505048850094
"/home/michaelbennie/OneDrive/Leite,Walter's files - Storiza Corpus Spring 2025/Processed_Utterances/annotated_sentence_segments/uid_d4lLmJzVbJaLpyCuafResXOry3t2_sid_hbmmfiDEZKXiVCftbZpM_1741968872_195799485_sentence_segment_close.wav",40.576944553810854,47.488420965363176,39.76658798501352,47.83393164075461
"/home/michaelbennie/OneDrive/Leite,Walter's files - Storiza Corpus Spring 2025/Processed_Utterances/annotated_sentence_segments/uid_d4lLmJzVbJaLpyCuafResXOry3t2_sid_hbmmfiDEZKXiVCftbZpM_1741968872_195799486_sentence_segment_close.wav",48.40532154229218,56.97127666417558,47.95746103098759,57.36461087690476
"/home/michaelbennie/OneDrive/Leite,Walter's files - Storiza Corpus Spring 2025/Processed_Utterances/annotated_sentence_segments/uid_d4lLmJzVbJaLpyCuafResXOry3t2_sid_hbmmfiDEZKXiVCftbZpM_1741968872_195799487_sentence_segment_close.wav",58.32954324525547,64.4674274915493,57.60216284607698,64.81431106128014
"/home/michaelbennie/OneDrive/Leite,Walter's files - Storiza Corpus Spring 2025/Processed_Utterances/annotated_sentence_segments/uid_d4lLmJzVbJaLpyCuafResXOry3t2_sid_hbmmfiDEZKXiVCftbZpM_1741968872_195799488_sentence_segment_close.wav",66.08633213543212,76.566285749967,65.61249695224804,77.28594354109046
"/home/michaelbennie/OneDrive/Leite,Walter's files - Storiza Corpus Spring 2025/Processed_Utterances/annotated_sentence_segments/uid_d4lLmJzVbJaLpyCuafResXOry3t2_sid_hbmmfiDEZKXiVCftbZpM_1741968872_195799489_sentence_segment_close.wav",78.47408369858746,99.73073983997293,77.9200267559227,100.00059503523468
"/home/michaelbennie/OneDrive/Leite,Walter's files - Storiza Corpus Spring 2025/Processed_Utterances/annotated_sentence_segments/uid_d4lLmJzVbJaLpyCuafResXOry3t2_sid_hbmmfiDEZKXiVCftbZpM_1741968872_195799490_sentence_segment_close.wav",105.14071896364318,117.22715081683529,104.27315081683528,117.17997732426304
"/home/michaelbennie/OneDrive/Leite,Walter's files - Storiza Corpus Spring 2025/Processed_Utterances/annotated_sentence_segments/uid_Gt0cspsUtRSvEXXHZKUWlVAfyVq2_sid_qHzKNFpdgsms0EFSXokQ_1742606923_195799491_sentence_segment_close.wav",0.0,3.433351349997418,0.0051995776064705,3.5464136379668547
"/home/michaelbennie/OneDrive/Leite,Walter's files - Storiza Corpus Spring 2025/Processed_Utterances/annotated_sentence_segments/uid_Gt0cspsUtRSvEXXHZKUWlVAfyVq2_sid_qHzKNFpdgsms0EFSXokQ_1742606923_195799492_sentence_segment_close.wav",3.702879746499966,8.864174640913328,3.626329509122937,8.942063962947433
"/home/michaelbennie/OneDrive/Leite,Walter's files - Storiza Corpus Spring 2025/Processed_Utterances/annotated_sentence_segments/uid_Gt0cspsUtRSvEXXHZKUWlVAfyVq2_sid_qHzKNFpdgsms0EFSXokQ_1742606923_195799493_sentence_segment_close.wav",9.33464338800999,21.283832027920173,8.961922611613865,21.300729492531737
"/home/michaelbennie/OneDrive/Leite,Walter's files - Storiza Corpus Spring 2025/Processed_Utterances/annotated_sentence_segments/uid_Gt0cspsUtRSvEXXHZKUWlVAfyVq2_sid_qHzKNFpdgsms0EFSXokQ_1742606923_195799494_sentence_segment_close.wav",21.887192728206575,27.42956390387917,21.65437962156604,27.92207407296235
"/home/michaelbennie/OneDrive/Leite,Walter's files - Storiza Corpus Spring 2025/Processed_Utterances/annotated_sentence_segments/uid_Gt0cspsUtRSvEXXHZKUWlVAfyVq2_sid_qHzKNFpdgsms0EFSXokQ_1742606923_195799495_sentence_segment_close.wav",28.216597847332313,31.069538221250053,27.945441220087503,31.69599689254714
"/home/michaelbennie/OneDrive/Leite,Walter's files - Storiza Corpus Spring 2025/Processed_Utterances/annotated_sentence_segments/uid_Gt0cspsUtRSvEXXHZKUWlVAfyVq2_sid_qHzKNFpdgsms0EFSXokQ_1742606923_195799496_sentence_segment_close.wav",32.168776996460885,37.86392681388516,32.047357944842894,38.24653070684788
"/home/michaelbennie/OneDrive/Leite,Walter's files - Storiza Corpus Spring 2025/Processed_Utterances/annotated_sentence_segments/uid_Gt0cspsUtRSvEXXHZKUWlVAfyVq2_sid_qHzKNFpdgsms0EFSXokQ_1742606923_195799497_sentence_segment_close.wav",38.51617160403163,41.74561991451801,38.48228778503607,41.667365489279504
"/home/michaelbennie/OneDrive/Leite,Walter's files - Storiza Corpus Spring 2025/Processed_Utterances/annotated_sentence_segments/uid_Gt0cspsUtRSvEXXHZKUWlVAfyVq2_sid_qHzKNFpdgsms0EFSXokQ_1742606923_195799498_sentence_segment_close.wav",41.90993338969745,45.65347271291343,41.86148602706875,45.75580473184852
"/home/michaelbennie/OneDrive/Leite,Walter's files - Storiza Corpus Spring 2025/Processed_Utterances/annotated_sentence_segments/uid_Gt0cspsUtRSvEXXHZKUWlVAfyVq2_sid_qHzKNFpdgsms0EFSXokQ_1742606923_195799499_sentence_segment_close.wav",45.92716624735652,48.75535589812186,45.86967369982454,48.80098627543571
"/home/michaelbennie/OneDrive/Leite,Walter's files - Storiza Corpus Spring 2025/Processed_Utterances/annotated_sentence_segments/uid_Gt0cspsUtRSvEXXHZKUWlVAfyVq2_sid_qHzKNFpdgsms0EFSXokQ_1742606923_195799500_sentence_segment_close.wav",48.914190766081646,56.32091216508915,48.87689786170387,56.34
"/home/michaelbennie/OneDrive/Leite,Walter's files - Storiza Corpus Spring 2025/Processed_Utterances/annotated_sentence_segments/uid_d4lLmJzVbJaLpyCuafResXOry3t2_sid_bGZC5cTZ6ZnZ4YekSnZp_1741968579_195799501_sentence_segment_close.wav",0.8221808898744236,5.253619503741657,0.7914302664331716,5.270388182264835
"/home/michaelbennie/OneDrive/Leite,Walter's files - Storiza Corpus Spring 2025/Processed_Utterances/annotated_sentence_segments/uid_d4lLmJzVbJaLpyCuafResXOry3t2_sid_bGZC5cTZ6ZnZ4YekSnZp_1741968579_195799502_sentence_segment_close.wav",6.71721845481986,10.312137374094672,6.0420841683366735,10.28056112224449
"/home/michaelbennie/OneDrive/Leite,Walter's files - Storiza Corpus Spring 2025/Processed_Utterances/annotated_sentence_segments/uid_d4lLmJzVbJaLpyCuafResXOry3t2_sid_bGZC5cTZ6ZnZ4YekSnZp_1741968579_195799503_sentence_segment_close.wav",11.455149580456368,17.66945768372897,11.372745490981965,17.675350701402806
"/home/michaelbennie/OneDrive/Leite,Walter's files - Storiza Corpus Spring 2025/Processed_Utterances/annotated_sentence_segments/uid_d4lLmJzVbJaLpyCuafResXOry3t2_sid_bGZC5cTZ6ZnZ4YekSnZp_1741968579_195799504_sentence_segment_close.wav",23.870036701104837,35.657845163075244,23.827655310621243,35.55110220440883
"/home/michaelbennie/OneDrive/Leite,Walter's files - Storiza Corpus Spring 2025/Processed_Utterances/annotated_sentence_segments/uid_d4lLmJzVbJaLpyCuafResXOry3t2_sid_bGZC5cTZ6ZnZ4YekSnZp_1741968579_195799505_sentence_segment_close.wav",37.164691172168766,45.14920802319794,37.11422845691384,44.92985971943888
"/home/michaelbennie/OneDrive/Leite,Walter's files - Storiza Corpus Spring 2025/Processed_Utterances/annotated_sentence_segments/uid_d4lLmJzVbJaLpyCuafResXOry3t2_sid_bGZC5cTZ6ZnZ4YekSnZp_1741968579_195799506_sentence_segment_close.wav",47.62367109864032,52.97301210845639,47.58517034068136,52.99599198396794
"/home/michaelbennie/OneDrive/Leite,Walter's files - Storiza Corpus Spring 2025/Processed_Utterances/annotated_sentence_segments/uid_ihIoefKsGwTDai7fGs9x3DyNvju2_sid_7NWbCDabsGlPeGozMkbD_1742504373_195799507_sentence_segment_close.wav",1.5852588651771957,3.1342823879044683,1.5254237288135593,3.1540162122328668
"/home/michaelbennie/OneDrive/Leite,Walter's files - Storiza Corpus Spring 2025/Processed_Utterances/annotated_sentence_segments/uid_ihIoefKsGwTDai7fGs9x3DyNvju2_sid_7NWbCDabsGlPeGozMkbD_1742504373_195799508_sentence_segment_close.wav",3.820236149878826,11.199024308704434,3.839351510685335,11.473839351510684
"/home/michaelbennie/OneDrive/Leite,Walter's files - Storiza Corpus Spring 2025/Processed_Utterances/annotated_sentence_segments/uid_ihIoefKsGwTDai7fGs9x3DyNvju2_sid_7NWbCDabsGlPeGozMkbD_1742504373_195799509_sentence_segment_close.wav",13.057270688431366,20.56719591246985,13.058216654384674,20.574797347089167
"/home/michaelbennie/OneDrive/Leite,Walter's files - Storiza Corpus Spring 2025/Processed_Utterances/annotated_sentence_segments/uid_ihIoefKsGwTDai7fGs9x3DyNvju2_sid_7NWbCDabsGlPeGozMkbD_1742504373_195799510_sentence_segment_close.wav",21.966179692113812,27.880863004989653,21.97494473102432,27.89240972733972
"/home/michaelbennie/OneDrive/Leite,Walter's files - Storiza Corpus Spring 2025/Processed_Utterances/annotated_sentence_segments/uid_ihIoefKsGwTDai7fGs9x3DyNvju2_sid_7NWbCDabsGlPeGozMkbD_1742504373_195799511_sentence_segment_close.wav",29.973778979979343,36.01559291073633,30.044215180545315,36.02063375092115
"/home/michaelbennie/OneDrive/Leite,Walter's files - Storiza Corpus Spring 2025/Processed_Utterances/annotated_sentence_segments/uid_ihIoefKsGwTDai7fGs9x3DyNvju2_sid_7NWbCDabsGlPeGozMkbD_1742504373_195799512_sentence_segment_close.wav",36.706063960674285,46.85883676859788,36.71088064779845,47.07934048567612
"/home/michaelbennie/OneDrive/Leite,Walter's files - Storiza Corpus Spring 2025/Processed_Utterances/annotated_sentence_segments/uid_ihIoefKsGwTDai7fGs9x3DyNvju2_sid_7NWbCDabsGlPeGozMkbD_1742504373_195799513_sentence_segment_close.wav",47.29686481967976,53.21965487123618,47.31024318349299,53.44141488577745
"/home/michaelbennie/OneDrive/Leite,Walter's files - Storiza Corpus Spring 2025/Processed_Utterances/annotated_sentence_segments/uid_ihIoefKsGwTDai7fGs9x3DyNvju2_sid_7NWbCDabsGlPeGozMkbD_1742504373_195799514_sentence_segment_close.wav",53.53314464179233,60.11025965717967,53.55195283714076,60.08843036109064
"/home/michaelbennie/OneDrive/Leite,Walter's files - Storiza Corpus Spring 2025/Processed_Utterances/annotated_sentence_segments/uid_ihIoefKsGwTDai7fGs9x3DyNvju2_sid_7NWbCDabsGlPeGozMkbD_1742504373_195799515_sentence_segment_close.wav",60.44901441518111,73.12307339643333,60.46425939572586,73.07295504789977
"/home/michaelbennie/OneDrive/Leite,Walter's files - Storiza Corpus Spring 2025/Processed_Utterances/annotated_sentence_segments/uid_ihIoefKsGwTDai7fGs9x3DyNvju2_sid_7NWbCDabsGlPeGozMkbD_1742504373_195799516_sentence_segment_close.wav",75.10397537419684,90.34534641010063,75.12159174649963,90.47997732426305
"/home/michaelbennie/OneDrive/Leite,Walter's files - Storiza Corpus Spring 2025/Processed_Utterances/annotated_sentence_segments/uid_ZegJLYO9QiacSJTQWx7CWauRcQr1_sid_kC3lMOhfx8ZjMQ5HUsiC_1742611818_195799517_sentence_segment_close.wav",0.6714002223300971,2.712744002912621,0.5379442843419788,2.753172556752111
"/home/michaelbennie/OneDrive/Leite,Walter's files - Storiza Corpus Spring 2025/Processed_Utterances/annotated_sentence_segments/uid_ZegJLYO9QiacSJTQWx7CWauRcQr1_sid_kC3lMOhfx8ZjMQ5HUsiC_1742611818_195799518_sentence_segment_close.wav",2.842621772158762,7.724619638220277,2.785782901056676,7.771373679154659
"/home/michaelbennie/OneDrive/Leite,Walter's files - Storiza Corpus Spring 2025/Processed_Utterances/annotated_sentence_segments/uid_ZegJLYO9QiacSJTQWx7CWauRcQr1_sid_kC3lMOhfx8ZjMQ5HUsiC_1742611818_195799519_sentence_segment_close.wav",8.111685202872025,14.989414080510398,8.049951969260327,15.16810758885687
"/home/michaelbennie/OneDrive/Leite,Walter's files - Storiza Corpus Spring 2025/Processed_Utterances/annotated_sentence_segments/uid_ZegJLYO9QiacSJTQWx7CWauRcQr1_sid_kC3lMOhfx8ZjMQ5HUsiC_1742611818_195799520_sentence_segment_close.wav",16.587826248142076,21.011096112743115,16.512968299711815,21.28722382324688
"/home/michaelbennie/OneDrive/Leite,Walter's files - Storiza Corpus Spring 2025/Processed_Utterances/annotated_sentence_segments/uid_ZegJLYO9QiacSJTQWx7CWauRcQr1_sid_kC3lMOhfx8ZjMQ5HUsiC_1742611818_195799521_sentence_segment_close.wav",21.31238743861315,25.766003700376032,21.306436119116235,25.96541786743516
"/home/michaelbennie/OneDrive/Leite,Walter's files - Storiza Corpus Spring 2025/Processed_Utterances/annotated_sentence_segments/uid_ZegJLYO9QiacSJTQWx7CWauRcQr1_sid_kC3lMOhfx8ZjMQ5HUsiC_1742611818_195799522_sentence_segment_close.wav",26.065695161623573,32.18513134658767,26.01344860710855,32.3342939481268
"/home/michaelbennie/OneDrive/Leite,Walter's files - Storiza Corpus Spring 2025/Processed_Utterances/annotated_sentence_segments/uid_ZegJLYO9QiacSJTQWx7CWauRcQr1_sid_kC3lMOhfx8ZjMQ5HUsiC_1742611818_195799523_sentence_segment_close.wav",33.7420549629057,44.49414716378183,33.621517771373675,44.57252641690682
"/home/michaelbennie/OneDrive/Leite,Walter's files - Storiza Corpus Spring 2025/Processed_Utterances/annotated_sentence_segments/uid_ZegJLYO9QiacSJTQWx7CWauRcQr1_sid_kC3lMOhfx8ZjMQ5HUsiC_1742611818_195799524_sentence_segment_close.wav",44.60669361299619,50.58445662981184,44.61761767531221,50.66142957457686
"/home/michaelbennie/OneDrive/Leite,Walter's files - Storiza Corpus Spring 2025/Processed_Utterances/annotated_sentence_segments/uid_ZegJLYO9QiacSJTQWx7CWauRcQr1_sid_kC3lMOhfx8ZjMQ5HUsiC_1742611818_195799525_sentence_segment_close.wav",50.94003545204149,53.03222420520473,50.88082612872239,53.21512007684918
"/home/michaelbennie/OneDrive/Leite,Walter's files - Storiza Corpus Spring 2025/Processed_Utterances/annotated_sentence_segments/uid_OtcDpDEzSOUb5LMT2xljtrgVWe22_sid_HeUigmOHE5Y2QQbSc5dR_1741650006_195799526_sentence_segment_close.wav",0.417647105822098,35.50545866560871,0.7116496261693747,35.55935490064073
"/home/michaelbennie/OneDrive/Leite,Walter's files - Storiza Corpus Spring 2025/Processed_Utterances/annotated_sentence_segments/uid_OtcDpDEzSOUb5LMT2xljtrgVWe22_sid_HeUigmOHE5Y2QQbSc5dR_1741650006_195799527_sentence_segment_close.wav",37.752694579515435,52.958161261447984,37.65358034372544,53.1902518447772
"/home/michaelbennie/OneDrive/Leite,Walter's files - Storiza Corpus Spring 2025/Processed_Utterances/annotated_sentence_segments/uid_OtcDpDEzSOUb5LMT2xljtrgVWe22_sid_HeUigmOHE5Y2QQbSc5dR_1741650006_195799528_sentence_segment_close.wav",54.46041234510709,96.83463325390184,54.34206159517024,96.92119133887566
"/home/michaelbennie/OneDrive/Leite,Walter's files - Storiza Corpus Spring 2025/Processed_Utterances/annotated_sentence_segments/uid_OtcDpDEzSOUb5LMT2xljtrgVWe22_sid_HeUigmOHE5Y2QQbSc5dR_1741650006_195799529_sentence_segment_close.wav",98.93984390116002,140.15318337077207,98.87980777725784,140.22582042100848
"/home/michaelbennie/OneDrive/Leite,Walter's files - Storiza Corpus Spring 2025/Processed_Utterances/annotated_sentence_segments/uid_OtcDpDEzSOUb5LMT2xljtrgVWe22_sid_HeUigmOHE5Y2QQbSc5dR_1741650006_195799530_sentence_segment_close.wav",141.3823286161023,170.94135793715975,141.28773710043487,170.8737397574921
"/home/michaelbennie/OneDrive/Leite,Walter's files - Storiza Corpus Spring 2025/Processed_Utterances/annotated_sentence_segments/uid_OtcDpDEzSOUb5LMT2xljtrgVWe22_sid_HeUigmOHE5Y2QQbSc5dR_1741650006_195799531_sentence_segment_close.wav",176.79654633681025,227.4447136883235,176.75953580335806,227.54680644731653
"/home/michaelbennie/OneDrive/Leite,Walter's files - Storiza Corpus Spring 2025/Processed_Utterances/annotated_sentence_segments/uid_OtcDpDEzSOUb5LMT2xljtrgVWe22_sid_HeUigmOHE5Y2QQbSc5dR_1741650006_195799532_sentence_segment_close.wav",228.31416215673585,312.8959961080592,228.2106360496687,313.0931235458126
"/home/michaelbennie/OneDrive/Leite,Walter's files - Storiza Corpus Spring 2025/Processed_Utterances/annotated_sentence_segments/uid_jWPmLFrSHDZItPTjjPUB8KAsjlq2_sid_UebF5uJBSnxqjv2qv7BM_1742046137_195799533_sentence_segment_close.wav",0.29445543084714826,5.211995782972484,0.2616477272727273,5.175165510625738
"/home/michaelbennie/OneDrive/Leite,Walter's files - Storiza Corpus Spring 2025/Processed_Utterances/annotated_sentence_segments/uid_jWPmLFrSHDZItPTjjPUB8KAsjlq2_sid_UebF5uJBSnxqjv2qv7BM_1742046137_195799534_sentence_segment_close.wav",5.1141790244785525,9.298920451751279,5.17732514266037,9.346056818181818
"/home/michaelbennie/OneDrive/Leite,Walter's files - Storiza Corpus Spring 2025/Processed_Utterances/annotated_sentence_segments/uid_jWPmLFrSHDZItPTjjPUB8KAsjlq2_sid_UebF5uJBSnxqjv2qv7BM_1742046137_195799535_sentence_segment_close.wav",9.705316379964694,12.408762812621358,9.639102272727271,12.506761363636365
"/home/michaelbennie/OneDrive/Leite,Walter's files - Storiza Corpus Spring 2025/Processed_Utterances/annotated_sentence_segments/uid_jWPmLFrSHDZItPTjjPUB8KAsjlq2_sid_UebF5uJBSnxqjv2qv7BM_1742046137_195799536_sentence_segment_close.wav",12.822788614298322,15.009136496028242,12.778875,16.918142045454545
"/home/michaelbennie/OneDrive/Leite,Walter's files - Storiza Corpus Spring 2025/Processed_Utterances/annotated_sentence_segments/uid_jWPmLFrSHDZItPTjjPUB8KAsjlq2_sid_UebF5uJBSnxqjv2qv7BM_1742046137_195799537_sentence_segment_close.wav",17.426595898852604,19.61566782241836,17.383875,19.649744318181817
"/home/michaelbennie/OneDrive/Leite,Walter's files - Storiza Corpus Spring 2025/Processed_Utterances/annotated_sentence_segments/uid_jWPmLFrSHDZItPTjjPUB8KAsjlq2_sid_UebF5uJBSnxqjv2qv7BM_1742046137_195799538_sentence_segment_close.wav",19.78523178684907,25.323623070873786,19.749170454545453,25.322267045454545
"/home/michaelbennie/OneDrive/Leite,Walter's files - Storiza Corpus Spring 2025/Processed_Utterances/annotated_sentence_segments/uid_jWPmLFrSHDZItPTjjPUB8KAsjlq2_sid_UebF5uJBSnxqjv2qv7BM_1742046137_195799539_sentence_segment_close.wav",25.44249622021183,29.89615469443954,25.41646022727273,29.937732954545453
"/home/michaelbennie/OneDrive/Leite,Walter's files - Storiza Corpus Spring 2025/Processed_Utterances/annotated_sentence_segments/uid_jWPmLFrSHDZItPTjjPUB8KAsjlq2_sid_UebF5uJBSnxqjv2qv7BM_1742046137_195799540_sentence_segment_close.wav",30.046340909090908,33.62902453662842,30.03715909090909,33.64266477272727
"/home/michaelbennie/OneDrive/Leite,Walter's files - Storiza Corpus Spring 2025/Processed_Utterances/annotated_sentence_segments/uid_jWPmLFrSHDZItPTjjPUB8KAsjlq2_sid_UebF5uJBSnxqjv2qv7BM_1742046137_195799541_sentence_segment_close.wav",33.63049823477493,37.53832193329148,33.65313068181818,37.52551704545454
"/home/michaelbennie/OneDrive/Leite,Walter's files - Storiza Corpus Spring 2025/Processed_Utterances/annotated_sentence_segments/uid_jWPmLFrSHDZItPTjjPUB8KAsjlq2_sid_UebF5uJBSnxqjv2qv7BM_1742046137_195799542_sentence_segment_close.wav",37.68493222639012,40.3743982458076,37.65110795454546,40.41410795454545
"/home/michaelbennie/OneDrive/Leite,Walter's files - Storiza Corpus Spring 2025/Processed_Utterances/annotated_sentence_segments/uid_jWPmLFrSHDZItPTjjPUB8KAsjlq2_sid_UebF5uJBSnxqjv2qv7BM_1742046137_195799543_sentence_segment_close.wav",40.575512539982334,45.69842025357457,40.52923295454544,45.751721590909085
"/home/michaelbennie/OneDrive/Leite,Walter's files - Storiza Corpus Spring 2025/Processed_Utterances/annotated_sentence_segments/uid_jWPmLFrSHDZItPTjjPUB8KAsjlq2_sid_UebF5uJBSnxqjv2qv7BM_1742046137_195799544_sentence_segment_close.wav",46.18932238526037,54.87243048323036,46.15989204545454,55.12394318181818
"/home/michaelbennie/OneDrive/Leite,Walter's files - Storiza Corpus Spring 2025/Processed_Utterances/annotated_sentence_segments/uid_FojhPyqH69TyqkGfzc6ZwW0tn2C2_sid_MZXCxGtW5st5dLkCO1q8_1741737208_195799545_sentence_segment_close.wav",1.2893723366877237,5.766135732980752,1.29409596881482,5.780295327372862
"/home/michaelbennie/OneDrive/Leite,Walter's files - Storiza Corpus Spring 2025/Processed_Utterances/annotated_sentence_segments/uid_FojhPyqH69TyqkGfzc6ZwW0tn2C2_sid_MZXCxGtW5st5dLkCO1q8_1741737208_195799546_sentence_segment_close.wav",5.770707196211396,14.509281263099446,5.844578242813338,14.461522451505612
"/home/michaelbennie/OneDrive/Leite,Walter's files - Storiza Corpus Spring 2025/Processed_Utterances/annotated_sentence_segments/uid_FojhPyqH69TyqkGfzc6ZwW0tn2C2_sid_MZXCxGtW5st5dLkCO1q8_1741737208_195799547_sentence_segment_close.wav",15.323970716534852,20.009256517505726,15.32425309738216,20.02613511740934
"/home/michaelbennie/OneDrive/Leite,Walter's files - Storiza Corpus Spring 2025/Processed_Utterances/annotated_sentence_segments/uid_FojhPyqH69TyqkGfzc6ZwW0tn2C2_sid_MZXCxGtW5st5dLkCO1q8_1741737208_195799548_sentence_segment_close.wav",20.719553318742197,25.131722685849013,20.72710376718404,25.08928559539732
"/home/michaelbennie/OneDrive/Leite,Walter's files - Storiza Corpus Spring 2025/Processed_Utterances/annotated_sentence_segments/uid_FojhPyqH69TyqkGfzc6ZwW0tn2C2_sid_MZXCxGtW5st5dLkCO1q8_1741737208_195799549_sentence_segment_close.wav",25.775017581015476,27.6370568885106,25.784862178635287,27.62355686765968
"/home/michaelbennie/OneDrive/Leite,Walter's files - Storiza Corpus Spring 2025/Processed_Utterances/annotated_sentence_segments/uid_FojhPyqH69TyqkGfzc6ZwW0tn2C2_sid_MZXCxGtW5st5dLkCO1q8_1741737208_195799550_sentence_segment_close.wav",27.64780813450818,41.45847097212516,27.661301333416777,41.33019000402331
"/home/michaelbennie/OneDrive/Leite,Walter's files - Storiza Corpus Spring 2025/Processed_Utterances/annotated_sentence_segments/uid_FojhPyqH69TyqkGfzc6ZwW0tn2C2_sid_MZXCxGtW5st5dLkCO1q8_1741737208_195799551_sentence_segment_close.wav",42.54979675250366,54.77289836784145,42.57023793810726,54.77541719752789
"/home/michaelbennie/OneDrive/Leite,Walter's files - Storiza Corpus Spring 2025/Processed_Utterances/annotated_sentence_segments/uid_FojhPyqH69TyqkGfzc6ZwW0tn2C2_sid_MZXCxGtW5st5dLkCO1q8_1741737208_195799552_sentence_segment_close.wav",55.663063787640574,61.647292480723905,55.657178680576926,61.65094298081366
"/home/michaelbennie/OneDrive/Leite,Walter's files - Storiza Corpus Spring 2025/Processed_Utterances/annotated_sentence_segments/uid_FojhPyqH69TyqkGfzc6ZwW0tn2C2_sid_MZXCxGtW5st5dLkCO1q8_1741737208_195799553_sentence_segment_close.wav",62.71839016023252,73.54725128099173,62.71408273797856,73.42919210153026
"/home/michaelbennie/OneDrive/Leite,Walter's files - Storiza Corpus Spring 2025/Processed_Utterances/annotated_sentence_segments/uid_FojhPyqH69TyqkGfzc6ZwW0tn2C2_sid_MZXCxGtW5st5dLkCO1q8_1741737208_195799554_sentence_segment_close.wav",73.53740144274111,80.58940186637649,73.51639043884963,80.55905974892472
"/home/michaelbennie/OneDrive/Leite,Walter's files - Storiza Corpus Spring 2025/Processed_Utterances/annotated_sentence_segments/uid_0FdMSMtn95PJ9tLFeW3F4sFLPMh1_sid_X19DlwS3B4SOtR90cYJB_1743128893_195799555_sentence_segment_close.wav",0.44435036144323364,9.151521367995297,0.0,9.410681399631676
"/home/michaelbennie/OneDrive/Leite,Walter's files - Storiza Corpus Spring 2025/Processed_Utterances/annotated_sentence_segments/uid_0FdMSMtn95PJ9tLFeW3F4sFLPMh1_sid_X19DlwS3B4SOtR90cYJB_1743128893_195799556_sentence_segment_close.wav",9.437031542237955,16.90666667845204,9.548802946593002,17.117863720073665
"/home/michaelbennie/OneDrive/Leite,Walter's files - Storiza Corpus Spring 2025/Processed_Utterances/annotated_sentence_segments/uid_0FdMSMtn95PJ9tLFeW3F4sFLPMh1_sid_X19DlwS3B4SOtR90cYJB_1743128893_195799557_sentence_segment_close.wav",18.50283882653458,30.64583352904245,17.66147159398819,30.92011894828188
"/home/michaelbennie/OneDrive/Leite,Walter's files - Storiza Corpus Spring 2025/Processed_Utterances/annotated_sentence_segments/uid_0FdMSMtn95PJ9tLFeW3F4sFLPMh1_sid_X19DlwS3B4SOtR90cYJB_1743128893_195799558_sentence_segment_close.wav",30.952203172421264,39.04962531574441,30.945206265886977,39.24910839317404
"/home/michaelbennie/OneDrive/Leite,Walter's files - Storiza Corpus Spring 2025/Processed_Utterances/annotated_sentence_segments/uid_0FdMSMtn95PJ9tLFeW3F4sFLPMh1_sid_X19DlwS3B4SOtR90cYJB_1743128893_195799559_sentence_segment_close.wav",40.52889509086366,43.40506060981475,40.41620917664659,43.54616760089826
"/home/michaelbennie/OneDrive/Leite,Walter's files - Storiza Corpus Spring 2025/Processed_Utterances/annotated_sentence_segments/uid_0FdMSMtn95PJ9tLFeW3F4sFLPMh1_sid_X19DlwS3B4SOtR90cYJB_1743128893_195799560_sentence_segment_close.wav",43.660524927141005,47.27028651601057,43.65795183033581,47.34683140177528
"/home/michaelbennie/OneDrive/Leite,Walter's files - Storiza Corpus Spring 2025/Processed_Utterances/annotated_sentence_segments/uid_0FdMSMtn95PJ9tLFeW3F4sFLPMh1_sid_X19DlwS3B4SOtR90cYJB_1743128893_195799561_sentence_segment_close.wav",49.08958847212317,50.41252620077907,48.96149249365115,50.45142513908704
"/home/michaelbennie/OneDrive/Leite,Walter's files - Storiza Corpus Spring 2025/Processed_Utterances/annotated_sentence_segments/uid_0FdMSMtn95PJ9tLFeW3F4sFLPMh1_sid_X19DlwS3B4SOtR90cYJB_1743128893_195799562_sentence_segment_close.wav",50.49613575051222,59.399082448910114,50.46436935608944,59.456789590844245
"/home/michaelbennie/OneDrive/Leite,Walter's files - Storiza Corpus Spring 2025/Processed_Utterances/annotated_sentence_segments/uid_0FdMSMtn95PJ9tLFeW3F4sFLPMh1_sid_X19DlwS3B4SOtR90cYJB_1743128893_195799563_sentence_segment_close.wav",60.42991368180623,64.04880704491207,60.16475637728213,64.4249775658469
"/home/michaelbennie/OneDrive/Leite,Walter's files - Storiza Corpus Spring 2025/Processed_Utterances/annotated_sentence_segments/uid_0FdMSMtn95PJ9tLFeW3F4sFLPMh1_sid_X19DlwS3B4SOtR90cYJB_1743128893_195799564_sentence_segment_close.wav",64.67516050210402,70.11458555205768,64.61128461490951,70.21291655672499
"/home/michaelbennie/OneDrive/Leite,Walter's files - Storiza Corpus Spring 2025/Processed_Utterances/annotated_sentence_segments/uid_0FdMSMtn95PJ9tLFeW3F4sFLPMh1_sid_X19DlwS3B4SOtR90cYJB_1743128893_195799565_sentence_segment_close.wav",71.50382043818482,81.30590414815174,71.26865650141306,81.44102138023098
"/home/michaelbennie/OneDrive/Leite,Walter's files - Storiza Corpus Spring 2025/Processed_Utterances/annotated_sentence_segments/uid_0FdMSMtn95PJ9tLFeW3F4sFLPMh1_sid_X19DlwS3B4SOtR90cYJB_1743128893_195799566_sentence_segment_close.wav",81.92718174994668,88.71091400241359,81.87573782804371,88.85604193292245
"/home/michaelbennie/OneDrive/Leite,Walter's files - Storiza Corpus Spring 2025/Processed_Utterances/annotated_sentence_segments/uid_0FdMSMtn95PJ9tLFeW3F4sFLPMh1_sid_X19DlwS3B4SOtR90cYJB_1743128893_195799567_sentence_segment_close.wav",92.03989858860096,110.38155264519521,91.84937518786154,110.80301231249668
"/home/michaelbennie/OneDrive/Leite,Walter's files - Storiza Corpus Spring 2025/Processed_Utterances/annotated_sentence_segments/uid_0FdMSMtn95PJ9tLFeW3F4sFLPMh1_sid_X19DlwS3B4SOtR90cYJB_1743128893_195799568_sentence_segment_close.wav",110.69042939651405,117.71254627465973,110.8526941922467,118.04414628606304
"/home/michaelbennie/OneDrive/Leite,Walter's files - Storiza Corpus Spring 2025/Processed_Utterances/annotated_sentence_segments/uid_0FdMSMtn95PJ9tLFeW3F4sFLPMh1_sid_X19DlwS3B4SOtR90cYJB_1743128893_195799569_sentence_segment_close.wav",119.22048282304625,121.08040174575068,119.12523020257828,121.0865561694291
"/home/michaelbennie/OneDrive/Leite,Walter's files - Storiza Corpus Spring 2025/Processed_Utterances/annotated_sentence_segments/uid_0FdMSMtn95PJ9tLFeW3F4sFLPMh1_sid_X19DlwS3B4SOtR90cYJB_1743128893_195799570_sentence_segment_close.wav",121.117726784406,124.7598590873355,121.12338858195211,124.71454880294658
"/home/michaelbennie/OneDrive/Leite,Walter's files - Storiza Corpus Spring 2025/Processed_Utterances/annotated_sentence_segments/uid_0FdMSMtn95PJ9tLFeW3F4sFLPMh1_sid_X19DlwS3B4SOtR90cYJB_1743128893_195799571_sentence_segment_close.wav",125.73291333989165,133.8537995683628,125.56169429097604,134.1
"/home/michaelbennie/OneDrive/Leite,Walter's files - Storiza Corpus Spring 2025/Processed_Utterances/annotated_sentence_segments/uid_mHWscHBXcoabM7fdw88AliGuPWw1_sid_GKcLrRl87SaIZLrUKl4f_1741214942_195799572_sentence_segment_close.wav",1.2387277800257694,16.29734456492987,0.956029505514743,16.481948675074168
"/home/michaelbennie/OneDrive/Leite,Walter's files - Storiza Corpus Spring 2025/Processed_Utterances/annotated_sentence_segments/uid_mHWscHBXcoabM7fdw88AliGuPWw1_sid_GKcLrRl87SaIZLrUKl4f_1741214942_195799573_sentence_segment_close.wav",16.57984684358571,24.475206746812688,16.494696124157098,24.793032232025062
"/home/michaelbennie/OneDrive/Leite,Walter's files - Storiza Corpus Spring 2025/Processed_Utterances/annotated_sentence_segments/uid_mHWscHBXcoabM7fdw88AliGuPWw1_sid_GKcLrRl87SaIZLrUKl4f_1741214942_195799574_sentence_segment_close.wav",24.97920326717421,34.9840894530799,24.882260874520973,35.39858543518315
"/home/michaelbennie/OneDrive/Leite,Walter's files - Storiza Corpus Spring 2025/Processed_Utterances/annotated_sentence_segments/uid_mHWscHBXcoabM7fdw88AliGuPWw1_sid_GKcLrRl87SaIZLrUKl4f_1741214942_195799575_sentence_segment_close.wav",36.57775146147667,42.863016616366004,36.36736238978082,43.09781010860461
"/home/michaelbennie/OneDrive/Leite,Walter's files - Storiza Corpus Spring 2025/Processed_Utterances/annotated_sentence_segments/uid_mHWscHBXcoabM7fdw88AliGuPWw1_sid_GKcLrRl87SaIZLrUKl4f_1741214942_195799576_sentence_segment_close.wav",43.41057474785782,51.77281411845946,43.17429246904579,52.08448746044319
"/home/michaelbennie/OneDrive/Leite,Walter's files - Storiza Corpus Spring 2025/Processed_Utterances/annotated_sentence_segments/uid_mHWscHBXcoabM7fdw88AliGuPWw1_sid_GKcLrRl87SaIZLrUKl4f_1741214942_195799577_sentence_segment_close.wav",52.833218861072034,56.65542555379663,52.22470356521442,57.11957463344989
"/home/michaelbennie/OneDrive/Leite,Walter's files - Storiza Corpus Spring 2025/Processed_Utterances/annotated_sentence_segments/uid_mHWscHBXcoabM7fdw88AliGuPWw1_sid_GKcLrRl87SaIZLrUKl4f_1741214942_195799578_sentence_segment_close.wav",58.16179725163737,67.25127286717134,57.90989547008397,67.39370816479021
"/home/michaelbennie/OneDrive/Leite,Walter's files - Storiza Corpus Spring 2025/Processed_Utterances/annotated_sentence_segments/uid_mHWscHBXcoabM7fdw88AliGuPWw1_sid_GKcLrRl87SaIZLrUKl4f_1741214942_195799579_sentence_segment_close.wav",68.62908702410051,77.21043183248533,68.15853176920201,77.60410328368766
"/home/michaelbennie/OneDrive/Leite,Walter's files - Storiza Corpus Spring 2025/Processed_Utterances/annotated_sentence_segments/uid_jWPmLFrSHDZItPTjjPUB8KAsjlq2_sid_pptKRvk4auvx0qv1G7VW_1742589195_195799580_sentence_segment_close.wav",0.5995611980582524,7.641281100970873,0.6274546646912769,7.600672256783063
"/home/michaelbennie/OneDrive/Leite,Walter's files - Storiza Corpus Spring 2025/Processed_Utterances/annotated_sentence_segments/uid_jWPmLFrSHDZItPTjjPUB8KAsjlq2_sid_pptKRvk4auvx0qv1G7VW_1742589195_195799581_sentence_segment_close.wav",7.625835228928546,9.896722902714952,7.642420398301891,9.904203600385545
"/home/michaelbennie/OneDrive/Leite,Walter's files - Storiza Corpus Spring 2025/Processed_Utterances/annotated_sentence_segments/uid_jWPmLFrSHDZItPTjjPUB8KAsjlq2_sid_pptKRvk4auvx0qv1G7VW_1742589195_195799582_sentence_segment_close.wav",10.217328115566705,13.896071029247198,10.22222864133899,13.91328201021166
"/home/michaelbennie/OneDrive/Leite,Walter's files - Storiza Corpus Spring 2025/Processed_Utterances/annotated_sentence_segments/uid_jWPmLFrSHDZItPTjjPUB8KAsjlq2_sid_pptKRvk4auvx0qv1G7VW_1742589195_195799583_sentence_segment_close.wav",14.150116327378761,15.97177224970886,14.185874773980704,16.100119087341422
"/home/michaelbennie/OneDrive/Leite,Walter's files - Storiza Corpus Spring 2025/Processed_Utterances/annotated_sentence_segments/uid_jWPmLFrSHDZItPTjjPUB8KAsjlq2_sid_pptKRvk4auvx0qv1G7VW_1742589195_195799584_sentence_segment_close.wav",16.09996492837042,18.7605830960668,16.112379908952942,18.74079880945399
"/home/michaelbennie/OneDrive/Leite,Walter's files - Storiza Corpus Spring 2025/Processed_Utterances/annotated_sentence_segments/uid_jWPmLFrSHDZItPTjjPUB8KAsjlq2_sid_pptKRvk4auvx0qv1G7VW_1742589195_195799585_sentence_segment_close.wav",19.004263254400012,27.369410482567545,19.02291136881304,27.384090342100336
"/home/michaelbennie/OneDrive/Leite,Walter's files - Storiza Corpus Spring 2025/Processed_Utterances/annotated_sentence_segments/uid_UHGZEyBQklbC0GB3JZMa5l8yuGT2_sid_wtJZVzntRoLHOpryqFYJ_1742390551_195799586_sentence_segment_close.wav",1.8486895185723677,10.038244117160188,1.7048346055979635,10.298982188295168
"/home/michaelbennie/OneDrive/Leite,Walter's files - Storiza Corpus Spring 2025/Processed_Utterances/annotated_sentence_segments/uid_UHGZEyBQklbC0GB3JZMa5l8yuGT2_sid_wtJZVzntRoLHOpryqFYJ_1742390551_195799587_sentence_segment_close.wav",10.940656248919193,26.326197908230753,10.661577608142494,28.18731305499299
"/home/michaelbennie/OneDrive/Leite,Walter's files - Storiza Corpus Spring 2025/Processed_Utterances/annotated_sentence_segments/uid_UHGZEyBQklbC0GB3JZMa5l8yuGT2_sid_wtJZVzntRoLHOpryqFYJ_1742390551_195799588_sentence_segment_close.wav",28.74478195564372,33.62209370312828,28.65702825890939,33.691833822856275
"/home/michaelbennie/OneDrive/Leite,Walter's files - Storiza Corpus Spring 2025/Processed_Utterances/annotated_sentence_segments/uid_UHGZEyBQklbC0GB3JZMa5l8yuGT2_sid_wtJZVzntRoLHOpryqFYJ_1742390551_195799589_sentence_segment_close.wav",38.450985994458094,53.20797829842985,38.30605398933894,53.27801381242914
"/home/michaelbennie/OneDrive/Leite,Walter's files - Storiza Corpus Spring 2025/Processed_Utterances/annotated_sentence_segments/uid_UHGZEyBQklbC0GB3JZMa5l8yuGT2_sid_wtJZVzntRoLHOpryqFYJ_1742390551_195799590_sentence_segment_close.wav",53.285772245751296,64.28099578072295,53.28760733339522,64.75835687193376
"/home/michaelbennie/OneDrive/Leite,Walter's files - Storiza Corpus Spring 2025/Processed_Utterances/annotated_sentence_segments/uid_UHGZEyBQklbC0GB3JZMa5l8yuGT2_sid_wtJZVzntRoLHOpryqFYJ_1742390551_195799591_sentence_segment_close.wav",66.28563197629936,76.0521394486993,66.28426203930566,76.04388092772771
"/home/michaelbennie/OneDrive/Leite,Walter's files - Storiza Corpus Spring 2025/Processed_Utterances/annotated_sentence_segments/uid_aKXkeU8QguUwr1lDK1mxXri9hqN2_sid_LZv2yjBowpWsHz6Oc23r_1743550860_195799592_sentence_segment_close.wav",0.1559045904590459,4.479961018421871,0.0,4.722409677281505
"/home/michaelbennie/OneDrive/Leite,Walter's files - Storiza Corpus Spring 2025/Processed_Utterances/annotated_sentence_segments/uid_aKXkeU8QguUwr1lDK1mxXri9hqN2_sid_LZv2yjBowpWsHz6Oc23r_1743550860_195799593_sentence_segment_close.wav",5.040826616971602,11.64207870745966,4.95035847960771,11.6648252694795
"/home/michaelbennie/OneDrive/Leite,Walter's files - Storiza Corpus Spring 2025/Processed_Utterances/annotated_sentence_segments/uid_aKXkeU8QguUwr1lDK1mxXri9hqN2_sid_LZv2yjBowpWsHz6Oc23r_1743550860_195799594_sentence_segment_close.wav",11.66449183170368,18.790375794393647,11.685557694986022,18.885673189118872
"/home/michaelbennie/OneDrive/Leite,Walter's files - Storiza Corpus Spring 2025/Processed_Utterances/annotated_sentence_segments/uid_aKXkeU8QguUwr1lDK1mxXri9hqN2_sid_LZv2yjBowpWsHz6Oc23r_1743550860_195799595_sentence_segment_close.wav",18.877972887882486,26.49136704277368,18.90214577150917,26.52277371101089
"/home/michaelbennie/OneDrive/Leite,Walter's files - Storiza Corpus Spring 2025/Processed_Utterances/annotated_sentence_segments/uid_aKXkeU8QguUwr1lDK1mxXri9hqN2_sid_LZv2yjBowpWsHz6Oc23r_1743550860_195799596_sentence_segment_close.wav",27.76916162992284,41.96123896543212,27.615783840498192,42.08814255005809
"/home/michaelbennie/OneDrive/Leite,Walter's files - Storiza Corpus Spring 2025/Processed_Utterances/annotated_sentence_segments/uid_aKXkeU8QguUwr1lDK1mxXri9hqN2_sid_LZv2yjBowpWsHz6Oc23r_1743550860_195799597_sentence_segment_close.wav",42.592407743624335,50.876214287496964,42.47582578958849,50.94139359698236
"/home/michaelbennie/OneDrive/Leite,Walter's files - Storiza Corpus Spring 2025/Processed_Utterances/annotated_sentence_segments/uid_XmxSYUZAj4dRqSczt2clQkDf31M2_sid_tM98qutW5zVbaMrfE1fe_1742782716_195799598_sentence_segment_close.wav",0.00013089518330401152,8.830632739596691,0.0,8.797595190380761
"/home/michaelbennie/OneDrive/Leite,Walter's files - Storiza Corpus Spring 2025/Processed_Utterances/annotated_sentence_segments/uid_XmxSYUZAj4dRqSczt2clQkDf31M2_sid_tM98qutW5zVbaMrfE1fe_1742782716_195799599_sentence_segment_close.wav",9.9121371067837,28.596083866646843,9.939879759519036,28.436873747494992
"/home/michaelbennie/OneDrive/Leite,Walter's files - Storiza Corpus Spring 2025/Processed_Utterances/annotated_sentence_segments/uid_XmxSYUZAj4dRqSczt2clQkDf31M2_sid_tM98qutW5zVbaMrfE1fe_1742782716_195799600_sentence_segment_close.wav",29.59916248449751,47.61021871097732,29.61923847695391,47.37474949899799
"/home/michaelbennie/OneDrive/Leite,Walter's files - Storiza Corpus Spring 2025/Processed_Utterances/annotated_sentence_segments/uid_XmxSYUZAj4dRqSczt2clQkDf31M2_sid_tM98qutW5zVbaMrfE1fe_1742782716_195799601_sentence_segment_close.wav",48.72624134418071,52.93773676074713,48.707414829659314,52.99599198396793
"/home/michaelbennie/OneDrive/Leite,Walter's files - Storiza Corpus Spring 2025/Processed_Utterances/annotated_sentence_segments/uid_XmxSYUZAj4dRqSczt2clQkDf31M2_sid_tM98qutW5zVbaMrfE1fe_1742782716_195799602_sentence_segment_close.wav",55.41540029996098,69.09047160808953,55.33066132264529,69.1182364729459
"/home/michaelbennie/OneDrive/Leite,Walter's files - Storiza Corpus Spring 2025/Processed_Utterances/annotated_sentence_segments/uid_XmxSYUZAj4dRqSczt2clQkDf31M2_sid_tM98qutW5zVbaMrfE1fe_1742782716_195799603_sentence_segment_close.wav",70.90568377530882,80.80462689826808,70.84168336673346,80.87174348697395
"/home/michaelbennie/OneDrive/Leite,Walter's files - Storiza Corpus Spring 2025/Processed_Utterances/annotated_sentence_segments/uid_XmxSYUZAj4dRqSczt2clQkDf31M2_sid_tM98qutW5zVbaMrfE1fe_1742782716_195799604_sentence_segment_close.wav",82.0448008848548,99.28966601717994,82.03406813627257,99.3186372745491
"/home/michaelbennie/OneDrive/Leite,Walter's files - Storiza Corpus Spring 2025/Processed_Utterances/annotated_sentence_segments/uid_XmxSYUZAj4dRqSczt2clQkDf31M2_sid_tM98qutW5zVbaMrfE1fe_1742782716_195799605_sentence_segment_close.wav",100.78113270013375,118.39126471749069,100.7114228456914,118.40681362725452
"/home/michaelbennie/OneDrive/Leite,Walter's files - Storiza Corpus Spring 2025/Processed_Utterances/annotated_sentence_segments/uid_XmxSYUZAj4dRqSczt2clQkDf31M2_sid_tM98qutW5zVbaMrfE1fe_1742782716_195799606_sentence_segment_close.wav",120.90550253566283,127.1182498681942,120.84168336673346,127.35470941883769
"/home/michaelbennie/OneDrive/Leite,Walter's files - Storiza Corpus Spring 2025/Processed_Utterances/annotated_sentence_segments/uid_XmxSYUZAj4dRqSczt2clQkDf31M2_sid_tM98qutW5zVbaMrfE1fe_1742782716_195799607_sentence_segment_close.wav",128.0541949110911,136.0634729338613,127.99380497957364,136.07997732426304
"/home/michaelbennie/OneDrive/Leite,Walter's files - Storiza Corpus Spring 2025/Processed_Utterances/annotated_sentence_segments/uid_flpss45kNMRJ1OyjEiJaPFx5rCo2_sid_R5ayIWS3BhX54S6qzZuq_1742679705_195799608_sentence_segment_close.wav",1.9073059240317363,7.485812260515668,1.9086219602063368,7.487103905674281
"/home/michaelbennie/OneDrive/Leite,Walter's files - Storiza Corpus Spring 2025/Processed_Utterances/annotated_sentence_segments/uid_flpss45kNMRJ1OyjEiJaPFx5rCo2_sid_R5ayIWS3BhX54S6qzZuq_1742679705_195799609_sentence_segment_close.wav",7.800403654571582,12.91317232558847,7.817864151943549,12.870267491643858
"/home/michaelbennie/OneDrive/Leite,Walter's files - Storiza Corpus Spring 2025/Processed_Utterances/annotated_sentence_segments/uid_flpss45kNMRJ1OyjEiJaPFx5rCo2_sid_R5ayIWS3BhX54S6qzZuq_1742679705_195799610_sentence_segment_close.wav",13.726467906087544,18.765395546952433,13.751174885052444,18.701038673578022
"/home/michaelbennie/OneDrive/Leite,Walter's files - Storiza Corpus Spring 2025/Processed_Utterances/annotated_sentence_segments/uid_flpss45kNMRJ1OyjEiJaPFx5rCo2_sid_R5ayIWS3BhX54S6qzZuq_1742679705_195799611_sentence_segment_close.wav",19.45938082008843,27.67400205646925,19.457655891578376,27.660819985556746
"/home/michaelbennie/OneDrive/Leite,Walter's files - Storiza Corpus Spring 2025/Processed_Utterances/annotated_sentence_segments/uid_flpss45kNMRJ1OyjEiJaPFx5rCo2_sid_R5ayIWS3BhX54S6qzZuq_1742679705_195799612_sentence_segment_close.wav",27.94066535461363,33.452108063771924,27.96067124987284,33.42789368296184
"/home/michaelbennie/OneDrive/Leite,Walter's files - Storiza Corpus Spring 2025/Processed_Utterances/annotated_sentence_segments/uid_flpss45kNMRJ1OyjEiJaPFx5rCo2_sid_R5ayIWS3BhX54S6qzZuq_1742679705_195799613_sentence_segment_close.wav",33.96019313959408,39.22718815944285,33.96855677097405,39.2633263225419
"/home/michaelbennie/OneDrive/Leite,Walter's files - Storiza Corpus Spring 2025/Processed_Utterances/annotated_sentence_segments/uid_flpss45kNMRJ1OyjEiJaPFx5rCo2_sid_R5ayIWS3BhX54S6qzZuq_1742679705_195799614_sentence_segment_close.wav",39.611361760344195,42.24214213497901,39.59891030820465,42.29290397088618
"/home/michaelbennie/OneDrive/Leite,Walter's files - Storiza Corpus Spring 2025/Processed_Utterances/annotated_sentence_segments/uid_flpss45kNMRJ1OyjEiJaPFx5rCo2_sid_R5ayIWS3BhX54S6qzZuq_1742679705_195799615_sentence_segment_close.wav",42.73145014129927,57.324975836512664,42.73847233978049,57.35371294608533
"/home/michaelbennie/OneDrive/Leite,Walter's files - Storiza Corpus Spring 2025/Processed_Utterances/annotated_sentence_segments/uid_XmxSYUZAj4dRqSczt2clQkDf31M2_sid_KX6o32AjbfasGPQJmgaX_1741231701_195799616_sentence_segment_close.wav",1.4374676746174107,13.15910931278548,1.4615574318781082,12.544829355238464
"/home/michaelbennie/OneDrive/Leite,Walter's files - Storiza Corpus Spring 2025/Processed_Utterances/annotated_sentence_segments/uid_XmxSYUZAj4dRqSczt2clQkDf31M2_sid_KX6o32AjbfasGPQJmgaX_1741231701_195799617_sentence_segment_close.wav",14.922402713523807,19.920205796354807,14.937361827560796,19.86735445836404
"/home/michaelbennie/OneDrive/Leite,Walter's files - Storiza Corpus Spring 2025/Processed_Utterances/annotated_sentence_segments/uid_XmxSYUZAj4dRqSczt2clQkDf31M2_sid_KX6o32AjbfasGPQJmgaX_1741231701_195799618_sentence_segment_close.wav",20.637984615572694,41.6540969455263,20.6642866679872,41.69905477990235
"/home/michaelbennie/OneDrive/Leite,Walter's files - Storiza Corpus Spring 2025/Processed_Utterances/annotated_sentence_segments/uid_mHWscHBXcoabM7fdw88AliGuPWw1_sid_IEFc5rVkZZUjWvLVMKyJ_1743463169_195799619_sentence_segment_close.wav",0.794118811881188,3.7754029465230827,0.6234096692111959,3.721374045801526
"/home/michaelbennie/OneDrive/Leite,Walter's files - Storiza Corpus Spring 2025/Processed_Utterances/annotated_sentence_segments/uid_mHWscHBXcoabM7fdw88AliGuPWw1_sid_IEFc5rVkZZUjWvLVMKyJ_1743463169_195799620_sentence_segment_close.wav",3.89054514091812,5.343516825056288,3.829516539440203,5.744274809160305
"/home/michaelbennie/OneDrive/Leite,Walter's files - Storiza Corpus Spring 2025/Processed_Utterances/annotated_sentence_segments/uid_mHWscHBXcoabM7fdw88AliGuPWw1_sid_IEFc5rVkZZUjWvLVMKyJ_1743463169_195799621_sentence_segment_close.wav",5.767021337781591,6.756363611763614,5.76972010178117,7.143765903307887
"/home/michaelbennie/OneDrive/Leite,Walter's files - Storiza Corpus Spring 2025/Processed_Utterances/annotated_sentence_segments/uid_mHWscHBXcoabM7fdw88AliGuPWw1_sid_IEFc5rVkZZUjWvLVMKyJ_1743463169_195799622_sentence_segment_close.wav",7.110094058260787,8.408596308485809,7.181933842239185,8.430015639784866
"/home/michaelbennie/OneDrive/Leite,Walter's files - Storiza Corpus Spring 2025/Processed_Utterances/annotated_sentence_segments/uid_mHWscHBXcoabM7fdw88AliGuPWw1_sid_IEFc5rVkZZUjWvLVMKyJ_1743463169_195799623_sentence_segment_close.wav",11.284384431151874,14.652753328385076,11.02417302798982,14.949109414758269
"/home/michaelbennie/OneDrive/Leite,Walter's files - Storiza Corpus Spring 2025/Processed_Utterances/annotated_sentence_segments/uid_mHWscHBXcoabM7fdw88AliGuPWw1_sid_IEFc5rVkZZUjWvLVMKyJ_1743463169_195799624_sentence_segment_close.wav",15.358815806771513,20.22489879080697,15.330788804071243,20.32685434408507
"/home/michaelbennie/OneDrive/Leite,Walter's files - Storiza Corpus Spring 2025/Processed_Utterances/annotated_sentence_segments/uid_mHWscHBXcoabM7fdw88AliGuPWw1_sid_IEFc5rVkZZUjWvLVMKyJ_1743463169_195799625_sentence_segment_close.wav",21.467942558355826,23.444861355399993,21.451509312780985,23.468208092485547
"/home/michaelbennie/OneDrive/Leite,Walter's files - Storiza Corpus Spring 2025/Processed_Utterances/annotated_sentence_segments/uid_mHWscHBXcoabM7fdw88AliGuPWw1_sid_IEFc5rVkZZUjWvLVMKyJ_1743463169_195799626_sentence_segment_close.wav",23.56368900697709,25.211639256504498,23.52374595310185,25.3220760751314
"/home/michaelbennie/OneDrive/Leite,Walter's files - Storiza Corpus Spring 2025/Processed_Utterances/annotated_sentence_segments/uid_mHWscHBXcoabM7fdw88AliGuPWw1_sid_IEFc5rVkZZUjWvLVMKyJ_1743463169_195799627_sentence_segment_close.wav",25.473284276722282,27.059343585697487,25.399147366075525,27.223167918419776
"/home/michaelbennie/OneDrive/Leite,Walter's files - Storiza Corpus Spring 2025/Processed_Utterances/annotated_sentence_segments/uid_mHWscHBXcoabM7fdw88AliGuPWw1_sid_IEFc5rVkZZUjWvLVMKyJ_1743463169_195799628_sentence_segment_close.wav",27.56581600460512,28.55914844385585,27.473649613988176,28.55907029478458
"/home/michaelbennie/OneDrive/Leite,Walter's files - Storiza Corpus Spring 2025/Processed_Utterances/annotated_sentence_segments/uid_IxbpyVeneRWBOVT8zPZO9dPynyX2_sid_HV05en4ImNW96o2lRmST_1741910757_195799629_sentence_segment_close.wav",2.8085390117492244,9.11198537083154,2.715430861723447,8.997995991983968
"/home/michaelbennie/OneDrive/Leite,Walter's files - Storiza Corpus Spring 2025/Processed_Utterances/annotated_sentence_segments/uid_IxbpyVeneRWBOVT8zPZO9dPynyX2_sid_HV05en4ImNW96o2lRmST_1741910757_195799630_sentence_segment_close.wav",9.881579854589791,20.687152268524557,9.139122599216746,20.751503006012022
"/home/michaelbennie/OneDrive/Leite,Walter's files - Storiza Corpus Spring 2025/Processed_Utterances/annotated_sentence_segments/uid_IxbpyVeneRWBOVT8zPZO9dPynyX2_sid_HV05en4ImNW96o2lRmST_1741910757_195799631_sentence_segment_close.wav",20.97229928954007,30.746856215816063,20.92184368737475,30.81162324649299
"/home/michaelbennie/OneDrive/Leite,Walter's files - Storiza Corpus Spring 2025/Processed_Utterances/annotated_sentence_segments/uid_IxbpyVeneRWBOVT8zPZO9dPynyX2_sid_HV05en4ImNW96o2lRmST_1741910757_195799632_sentence_segment_close.wav",31.238924918506108,42.466505403468524,31.23246492985972,42.34468937875752
"/home/michaelbennie/OneDrive/Leite,Walter's files - Storiza Corpus Spring 2025/Processed_Utterances/annotated_sentence_segments/uid_IxbpyVeneRWBOVT8zPZO9dPynyX2_sid_HV05en4ImNW96o2lRmST_1741910757_195799633_sentence_segment_close.wav",42.47843308562033,49.712602487910985,42.44488977955912,49.64929859719439
"/home/michaelbennie/OneDrive/Leite,Walter's files - Storiza Corpus Spring 2025/Processed_Utterances/annotated_sentence_segments/uid_IxbpyVeneRWBOVT8zPZO9dPynyX2_sid_HV05en4ImNW96o2lRmST_1741910757_195799634_sentence_segment_close.wav",50.453702988703014,58.65283117522904,50.43086172344689,58.65731462925852
"/home/michaelbennie/OneDrive/Leite,Walter's files - Storiza Corpus Spring 2025/Processed_Utterances/annotated_sentence_segments/uid_IxbpyVeneRWBOVT8zPZO9dPynyX2_sid_HV05en4ImNW96o2lRmST_1741910757_195799635_sentence_segment_close.wav",59.12059971212811,69.88204597245948,59.17835671342686,70.16032064128257
"/home/michaelbennie/OneDrive/Leite,Walter's files - Storiza Corpus Spring 2025/Processed_Utterances/annotated_sentence_segments/uid_IxbpyVeneRWBOVT8zPZO9dPynyX2_sid_HV05en4ImNW96o2lRmST_1741910757_195799636_sentence_segment_close.wav",70.6736378310277,78.70362445605353,70.68136272545091,78.9879759519038
"/home/michaelbennie/OneDrive/Leite,Walter's files - Storiza Corpus Spring 2025/Processed_Utterances/annotated_sentence_segments/uid_IxbpyVeneRWBOVT8zPZO9dPynyX2_sid_HV05en4ImNW96o2lRmST_1741910757_195799637_sentence_segment_close.wav",79.45075750116567,89.29479646686018,79.39879759519039,89.21843687374749
"/home/michaelbennie/OneDrive/Leite,Walter's files - Storiza Corpus Spring 2025/Processed_Utterances/annotated_sentence_segments/uid_IxbpyVeneRWBOVT8zPZO9dPynyX2_sid_HV05en4ImNW96o2lRmST_1741910757_195799638_sentence_segment_close.wav",89.52204519383972,90.67525433351618,89.50901803607215,90.72144288577157
"/home/michaelbennie/OneDrive/Leite,Walter's files - Storiza Corpus Spring 2025/Processed_Utterances/annotated_sentence_segments/uid_IxbpyVeneRWBOVT8zPZO9dPynyX2_sid_HV05en4ImNW96o2lRmST_1741910757_195799639_sentence_segment_close.wav",91.27432558492622,104.10188937071408,91.38276553106212,104.0380761523046
"/home/michaelbennie/OneDrive/Leite,Walter's files - Storiza Corpus Spring 2025/Processed_Utterances/annotated_sentence_segments/uid_IxbpyVeneRWBOVT8zPZO9dPynyX2_sid_HV05en4ImNW96o2lRmST_1741910757_195799640_sentence_segment_close.wav",104.41712961036238,110.28925013168546,104.3987975951904,110.38076152304608
"/home/michaelbennie/OneDrive/Leite,Walter's files - Storiza Corpus Spring 2025/Processed_Utterances/annotated_sentence_segments/uid_IxbpyVeneRWBOVT8zPZO9dPynyX2_sid_HV05en4ImNW96o2lRmST_1741910757_195799641_sentence_segment_close.wav",111.10942664152539,122.83496949205502,110.9619238476954,122.79559118236472
"/home/michaelbennie/OneDrive/Leite,Walter's files - Storiza Corpus Spring 2025/Processed_Utterances/annotated_sentence_segments/uid_IxbpyVeneRWBOVT8zPZO9dPynyX2_sid_HV05en4ImNW96o2lRmST_1741910757_195799642_sentence_segment_close.wav",122.83023201809942,129.5637478444902,122.80482702366184,129.66855447857168
"/home/michaelbennie/OneDrive/Leite,Walter's files - Storiza Corpus Spring 2025/Processed_Utterances/annotated_sentence_segments/uid_u2hytH2KWIS6ewdShfEZisygqIo2_sid_OYMPtsAm5CltlmZDwKKI_1741483914_195799643_sentence_segment_close.wav",0.2028554287809146,4.093995916507727,0.2994937017941884,4.321601701545637
"/home/michaelbennie/OneDrive/Leite,Walter's files - Storiza Corpus Spring 2025/Processed_Utterances/annotated_sentence_segments/uid_u2hytH2KWIS6ewdShfEZisygqIo2_sid_OYMPtsAm5CltlmZDwKKI_1741483914_195799644_sentence_segment_close.wav",4.385621341221715,9.21048182727032,4.478047983885982,9.337758027551
"/home/michaelbennie/OneDrive/Leite,Walter's files - Storiza Corpus Spring 2025/Processed_Utterances/annotated_sentence_segments/uid_u2hytH2KWIS6ewdShfEZisygqIo2_sid_OYMPtsAm5CltlmZDwKKI_1741483914_195799645_sentence_segment_close.wav",11.906367147069808,18.974766579740653,11.45018532888799,19.117771973693493
"/home/michaelbennie/OneDrive/Leite,Walter's files - Storiza Corpus Spring 2025/Processed_Utterances/annotated_sentence_segments/uid_u2hytH2KWIS6ewdShfEZisygqIo2_sid_OYMPtsAm5CltlmZDwKKI_1741483914_195799646_sentence_segment_close.wav",18.995960615134173,24.94662413039212,19.12308032710537,25.12628672455456
"/home/michaelbennie/OneDrive/Leite,Walter's files - Storiza Corpus Spring 2025/Processed_Utterances/annotated_sentence_segments/uid_u2hytH2KWIS6ewdShfEZisygqIo2_sid_OYMPtsAm5CltlmZDwKKI_1741483914_195799647_sentence_segment_close.wav",27.13343155105411,35.69062765320112,27.111677817307324,35.66841578204482
"/home/michaelbennie/OneDrive/Leite,Walter's files - Storiza Corpus Spring 2025/Processed_Utterances/annotated_sentence_segments/uid_u2hytH2KWIS6ewdShfEZisygqIo2_sid_OYMPtsAm5CltlmZDwKKI_1741483914_195799648_sentence_segment_close.wav",35.73308412601812,42.1387233024873,35.67606523010704,42.40991576152022
"/home/michaelbennie/OneDrive/Leite,Walter's files - Storiza Corpus Spring 2025/Processed_Utterances/annotated_sentence_segments/uid_u2hytH2KWIS6ewdShfEZisygqIo2_sid_OYMPtsAm5CltlmZDwKKI_1741483914_195799649_sentence_segment_close.wav",43.694638139944935,49.29025488212654,43.46020698034724,49.44136417863265
"/home/michaelbennie/OneDrive/Leite,Walter's files - Storiza Corpus Spring 2025/Processed_Utterances/annotated_sentence_segments/uid_u2hytH2KWIS6ewdShfEZisygqIo2_sid_OYMPtsAm5CltlmZDwKKI_1741483914_195799650_sentence_segment_close.wav",49.35919360216719,56.13820301009575,49.450044375581264,56.80796478384533
"/home/michaelbennie/OneDrive/Leite,Walter's files - Storiza Corpus Spring 2025/Processed_Utterances/annotated_sentence_segments/uid_qgT735VZ7OPJmWzvIgZGZAchHgD2_sid_16P17noOcmpEnO20pHgy_1742416351_195799651_sentence_segment_close.wav",1.8717752219527408,5.844516896120156,1.978891333563902,5.772816756511256
"/home/michaelbennie/OneDrive/Leite,Walter's files - Storiza Corpus Spring 2025/Processed_Utterances/annotated_sentence_segments/uid_qgT735VZ7OPJmWzvIgZGZAchHgD2_sid_16P17noOcmpEnO20pHgy_1742416351_195799652_sentence_segment_close.wav",5.964589783593204,12.006144231398975,5.96608440350682,12.01619803478499
"/home/michaelbennie/OneDrive/Leite,Walter's files - Storiza Corpus Spring 2025/Processed_Utterances/annotated_sentence_segments/uid_qgT735VZ7OPJmWzvIgZGZAchHgD2_sid_16P17noOcmpEnO20pHgy_1742416351_195799653_sentence_segment_close.wav",12.826909645317908,26.08253146463212,12.827080678995138,26.06170424741613
"/home/michaelbennie/OneDrive/Leite,Walter's files - Storiza Corpus Spring 2025/Processed_Utterances/annotated_sentence_segments/uid_qgT735VZ7OPJmWzvIgZGZAchHgD2_sid_16P17noOcmpEnO20pHgy_1742416351_195799654_sentence_segment_close.wav",26.499951199677866,29.585948328471662,26.435635907320503,29.56152795014756
"/home/michaelbennie/OneDrive/Leite,Walter's files - Storiza Corpus Spring 2025/Processed_Utterances/annotated_sentence_segments/uid_qgT735VZ7OPJmWzvIgZGZAchHgD2_sid_16P17noOcmpEnO20pHgy_1742416351_195799655_sentence_segment_close.wav",30.64438077057335,34.6188573548002,30.66231302649071,34.63270009701701
"/home/michaelbennie/OneDrive/Leite,Walter's files - Storiza Corpus Spring 2025/Processed_Utterances/annotated_sentence_segments/uid_qgT735VZ7OPJmWzvIgZGZAchHgD2_sid_16P17noOcmpEnO20pHgy_1742416351_195799656_sentence_segment_close.wav",35.1909193166546,42.30790172534739,35.24611234424588,42.36760026439622
"/home/michaelbennie/OneDrive/Leite,Walter's files - Storiza Corpus Spring 2025/Processed_Utterances/annotated_sentence_segments/uid_qgT735VZ7OPJmWzvIgZGZAchHgD2_sid_16P17noOcmpEnO20pHgy_1742416351_195799657_sentence_segment_close.wav",42.72517132456475,53.4403953861532,43.01462835701698,53.438469967573326
"/home/michaelbennie/OneDrive/Leite,Walter's files - Storiza Corpus Spring 2025/Processed_Utterances/annotated_sentence_segments/uid_qgT735VZ7OPJmWzvIgZGZAchHgD2_sid_16P17noOcmpEnO20pHgy_1742416351_195799658_sentence_segment_close.wav",54.14862642450845,60.88933310387324,54.19893461353362,60.95489483512758
"/home/michaelbennie/OneDrive/Leite,Walter's files - Storiza Corpus Spring 2025/Processed_Utterances/annotated_sentence_segments/uid_qgT735VZ7OPJmWzvIgZGZAchHgD2_sid_16P17noOcmpEnO20pHgy_1742416351_195799659_sentence_segment_close.wav",61.346684659814855,71.59481143717852,61.36243926317691,71.57200601595882
"/home/michaelbennie/OneDrive/Leite,Walter's files - Storiza Corpus Spring 2025/Processed_Utterances/annotated_sentence_segments/uid_qgT735VZ7OPJmWzvIgZGZAchHgD2_sid_16P17noOcmpEnO20pHgy_1742416351_195799660_sentence_segment_close.wav",72.43970913079293,75.55749031284743,72.64155071495135,75.61760348506932
"/home/michaelbennie/OneDrive/Leite,Walter's files - Storiza Corpus Spring 2025/Processed_Utterances/annotated_sentence_segments/uid_qgT735VZ7OPJmWzvIgZGZAchHgD2_sid_16P17noOcmpEnO20pHgy_1742416351_195799661_sentence_segment_close.wav",75.64806722357831,81.3155365974719,75.65194638017383,81.24037948414282
"/home/michaelbennie/OneDrive/Leite,Walter's files - Storiza Corpus Spring 2025/Processed_Utterances/annotated_sentence_segments/uid_qgT735VZ7OPJmWzvIgZGZAchHgD2_sid_16P17noOcmpEnO20pHgy_1742416351_195799662_sentence_segment_close.wav",81.69230534467964,87.4447929594621,81.741441258271,87.37836402040891
"/home/michaelbennie/OneDrive/Leite,Walter's files - Storiza Corpus Spring 2025/Processed_Utterances/annotated_sentence_segments/uid_qgT735VZ7OPJmWzvIgZGZAchHgD2_sid_16P17noOcmpEnO20pHgy_1742416351_195799663_sentence_segment_close.wav",87.97469688482157,93.3954885016669,88.04062113413768,93.41311338087765
"/home/michaelbennie/OneDrive/Leite,Walter's files - Storiza Corpus Spring 2025/Processed_Utterances/annotated_sentence_segments/uid_qgT735VZ7OPJmWzvIgZGZAchHgD2_sid_16P17noOcmpEnO20pHgy_1742416351_195799664_sentence_segment_close.wav",93.36893500300451,94.25673698320253,93.44578648815302,94.31085665220849
"/home/michaelbennie/OneDrive/Leite,Walter's files - Storiza Corpus Spring 2025/Processed_Utterances/annotated_sentence_segments/uid_qgT735VZ7OPJmWzvIgZGZAchHgD2_sid_16P17noOcmpEnO20pHgy_1742416351_195799665_sentence_segment_close.wav",94.28597830784354,100.07322420542442,94.34881189334808,99.98188269964292
"/home/michaelbennie/OneDrive/Leite,Walter's files - Storiza Corpus Spring 2025/Processed_Utterances/annotated_sentence_segments/uid_qgT735VZ7OPJmWzvIgZGZAchHgD2_sid_16P17noOcmpEnO20pHgy_1742416351_195799666_sentence_segment_close.wav",100.33053821060672,119.2603041957263,100.34474019273068,119.23369828863012
"/home/michaelbennie/OneDrive/Leite,Walter's files - Storiza Corpus Spring 2025/Processed_Utterances/annotated_sentence_segments/uid_qgT735VZ7OPJmWzvIgZGZAchHgD2_sid_16P17noOcmpEnO20pHgy_1742416351_195799667_sentence_segment_close.wav",120.13323712104597,136.80649706571694,120.14607213307812,136.57481861011945
"/home/michaelbennie/OneDrive/Leite,Walter's files - Storiza Corpus Spring 2025/Processed_Utterances/annotated_sentence_segments/uid_sHl4il5Li8NKe5aMecUSJyXBFco2_sid_mg0Ugb9lQpWp0xhWl9aX_1742740162_195799668_sentence_segment_close.wav",0.0,5.723275792401712,0.0,5.718496683861459
"/home/michaelbennie/OneDrive/Leite,Walter's files - Storiza Corpus Spring 2025/Processed_Utterances/annotated_sentence_segments/uid_sHl4il5Li8NKe5aMecUSJyXBFco2_sid_mg0Ugb9lQpWp0xhWl9aX_1742740162_195799669_sentence_segment_close.wav",6.030802804404592,13.191357321588354,6.054974871895045,13.18921885037264
"/home/michaelbennie/OneDrive/Leite,Walter's files - Storiza Corpus Spring 2025/Processed_Utterances/annotated_sentence_segments/uid_sHl4il5Li8NKe5aMecUSJyXBFco2_sid_mg0Ugb9lQpWp0xhWl9aX_1742740162_195799670_sentence_segment_close.wav",13.151972151582346,17.38745562967912,13.198318059922146,17.28722387073554
"/home/michaelbennie/OneDrive/Leite,Walter's files - Storiza Corpus Spring 2025/Processed_Utterances/annotated_sentence_segments/uid_sHl4il5Li8NKe5aMecUSJyXBFco2_sid_mg0Ugb9lQpWp0xhWl9aX_1742740162_195799671_sentence_segment_close.wav",17.869360509662528,24.58654501302221,17.9150097193835,24.5552726578776
"/home/michaelbennie/OneDrive/Leite,Walter's files - Storiza Corpus Spring 2025/Processed_Utterances/annotated_sentence_segments/uid_sHl4il5Li8NKe5aMecUSJyXBFco2_sid_mg0Ugb9lQpWp0xhWl9aX_1742740162_195799672_sentence_segment_close.wav",24.608489732636222,32.24689582730513,24.650949942027268,32.11203387821881
"/home/michaelbennie/OneDrive/Leite,Walter's files - Storiza Corpus Spring 2025/Processed_Utterances/annotated_sentence_segments/uid_sHl4il5Li8NKe5aMecUSJyXBFco2_sid_mg0Ugb9lQpWp0xhWl9aX_1742740162_195799673_sentence_segment_close.wav",32.277083514731,35.642657129888164,32.296731343835,35.61747164137667
"/home/michaelbennie/OneDrive/Leite,Walter's files - Storiza Corpus Spring 2025/Processed_Utterances/annotated_sentence_segments/uid_sHl4il5Li8NKe5aMecUSJyXBFco2_sid_mg0Ugb9lQpWp0xhWl9aX_1742740162_195799674_sentence_segment_close.wav",36.61038950315241,43.353679698644505,36.63845107848137,43.48771843609919
"/home/michaelbennie/OneDrive/Leite,Walter's files - Storiza Corpus Spring 2025/Processed_Utterances/annotated_sentence_segments/uid_sHl4il5Li8NKe5aMecUSJyXBFco2_sid_mg0Ugb9lQpWp0xhWl9aX_1742740162_195799675_sentence_segment_close.wav",43.52611757302404,46.83270565453259,43.57108716283511,46.67249698881262
"/home/michaelbennie/OneDrive/Leite,Walter's files - Storiza Corpus Spring 2025/Processed_Utterances/annotated_sentence_segments/uid_sHl4il5Li8NKe5aMecUSJyXBFco2_sid_mg0Ugb9lQpWp0xhWl9aX_1742740162_195799676_sentence_segment_close.wav",47.012420078688685,49.83665557733209,47.02650406572321,49.83246248874732
"/home/michaelbennie/OneDrive/Leite,Walter's files - Storiza Corpus Spring 2025/Processed_Utterances/annotated_sentence_segments/uid_sHl4il5Li8NKe5aMecUSJyXBFco2_sid_mg0Ugb9lQpWp0xhWl9aX_1742740162_195799677_sentence_segment_close.wav",50.7580502912468,55.46147706834779,50.79603141293543,55.38869251529993
"/home/michaelbennie/OneDrive/Leite,Walter's files - Storiza Corpus Spring 2025/Processed_Utterances/annotated_sentence_segments/uid_sHl4il5Li8NKe5aMecUSJyXBFco2_sid_mg0Ugb9lQpWp0xhWl9aX_1742740162_195799678_sentence_segment_close.wav",55.75690408594553,64.27531753285714,55.80847805836032,64.24417755131458
"/home/michaelbennie/OneDrive/Leite,Walter's files - Storiza Corpus Spring 2025/Processed_Utterances/annotated_sentence_segments/uid_sHl4il5Li8NKe5aMecUSJyXBFco2_sid_mg0Ugb9lQpWp0xhWl9aX_1742740162_195799679_sentence_segment_close.wav",64.8862408617356,76.86477711453014,64.94932219060803,76.55530035884652
"/home/michaelbennie/OneDrive/Leite,Walter's files - Storiza Corpus Spring 2025/Processed_Utterances/annotated_sentence_segments/uid_sHl4il5Li8NKe5aMecUSJyXBFco2_sid_mg0Ugb9lQpWp0xhWl9aX_1742740162_195799680_sentence_segment_close.wav",77.41441188461917,88.88006354877022,77.42863586037706,88.82545683995087
"/home/michaelbennie/OneDrive/Leite,Walter's files - Storiza Corpus Spring 2025/Processed_Utterances/annotated_sentence_segments/uid_WXRuAJyMuAViHCpYPRVffOrexB03_sid_bq1I40IRipJTvbMVsQoS_1742945295_195799681_sentence_segment_close.wav",2.0276334094781845,14.541709498257832,2.0357941834451903,14.742729306487696
"/home/michaelbennie/OneDrive/Leite,Walter's files - Storiza Corpus Spring 2025/Processed_Utterances/annotated_sentence_segments/uid_WXRuAJyMuAViHCpYPRVffOrexB03_sid_bq1I40IRipJTvbMVsQoS_1742945295_195799682_sentence_segment_close.wav",14.819524934603232,30.082705176690787,14.821029082774048,30.503355704697984
"/home/michaelbennie/OneDrive/Leite,Walter's files - Storiza Corpus Spring 2025/Processed_Utterances/annotated_sentence_segments/uid_WXRuAJyMuAViHCpYPRVffOrexB03_sid_bq1I40IRipJTvbMVsQoS_1742945295_195799683_sentence_segment_close.wav",33.54413687522742,82.64894564225364,33.51230425055928,84.7539149888143
"/home/michaelbennie/OneDrive/Leite,Walter's files - Storiza Corpus Spring 2025/Processed_Utterances/annotated_sentence_segments/uid_WXRuAJyMuAViHCpYPRVffOrexB03_sid_bq1I40IRipJTvbMVsQoS_1742945295_195799684_sentence_segment_close.wav",85.01577993594849,98.54760580831883,84.87695749440715,98.90380313199104
"/home/michaelbennie/OneDrive/Leite,Walter's files - Storiza Corpus Spring 2025/Processed_Utterances/annotated_sentence_segments/uid_WXRuAJyMuAViHCpYPRVffOrexB03_sid_bq1I40IRipJTvbMVsQoS_1742945295_195799685_sentence_segment_close.wav",100.42795136720416,118.46988176703098,100.11185682326622,118.50111856823266
"/home/michaelbennie/OneDrive/Leite,Walter's files - Storiza Corpus Spring 2025/Processed_Utterances/annotated_sentence_segments/uid_WXRuAJyMuAViHCpYPRVffOrexB03_sid_bq1I40IRipJTvbMVsQoS_1742945295_195799686_sentence_segment_close.wav",118.7708131724428,159.24559871917293,118.83668903803132,159.32609383798265
"/home/michaelbennie/OneDrive/Leite,Walter's files - Storiza Corpus Spring 2025/Processed_Utterances/annotated_sentence_segments/uid_ejZWulX03uRlAA3C5VqYK6jKNYs1_sid_LUuTijhm7jsKH4nsoD5d_1741133671_195799687_sentence_segment_close.wav",3.4172415938988685,5.313494962001396,3.3867735470941884,5.400801603206413
"/home/michaelbennie/OneDrive/Leite,Walter's files - Storiza Corpus Spring 2025/Processed_Utterances/annotated_sentence_segments/uid_ejZWulX03uRlAA3C5VqYK6jKNYs1_sid_LUuTijhm7jsKH4nsoD5d_1741133671_195799688_sentence_segment_close.wav",5.369119337915743,8.567223794994964,5.410821643286573,8.667334669338677
"/home/michaelbennie/OneDrive/Leite,Walter's files - Storiza Corpus Spring 2025/Processed_Utterances/annotated_sentence_segments/uid_ejZWulX03uRlAA3C5VqYK6jKNYs1_sid_LUuTijhm7jsKH4nsoD5d_1741133671_195799689_sentence_segment_close.wav",9.18736631539408,16.670592978793948,9.158316633266534,16.683366733466933
"/home/michaelbennie/OneDrive/Leite,Walter's files - Storiza Corpus Spring 2025/Processed_Utterances/annotated_sentence_segments/uid_ejZWulX03uRlAA3C5VqYK6jKNYs1_sid_LUuTijhm7jsKH4nsoD5d_1741133671_195799690_sentence_segment_close.wav",17.6793162598825,19.712313615117207,17.665330661322646,19.77955911823648
"/home/michaelbennie/OneDrive/Leite,Walter's files - Storiza Corpus Spring 2025/Processed_Utterances/annotated_sentence_segments/uid_ejZWulX03uRlAA3C5VqYK6jKNYs1_sid_LUuTijhm7jsKH4nsoD5d_1741133671_195799691_sentence_segment_close.wav",20.038000476199926,23.538502682203344,20.02004008016032,23.5370741482966
"/home/michaelbennie/OneDrive/Leite,Walter's files - Storiza Corpus Spring 2025/Processed_Utterances/annotated_sentence_segments/uid_ejZWulX03uRlAA3C5VqYK6jKNYs1_sid_LUuTijhm7jsKH4nsoD5d_1741133671_195799692_sentence_segment_close.wav",23.806090987047472,28.801348606323515,23.77755511022044,28.80761523046092
"/home/michaelbennie/OneDrive/Leite,Walter's files - Storiza Corpus Spring 2025/Processed_Utterances/annotated_sentence_segments/uid_ejZWulX03uRlAA3C5VqYK6jKNYs1_sid_LUuTijhm7jsKH4nsoD5d_1741133671_195799693_sentence_segment_close.wav",30.106815509790238,32.66586322166398,30.090639060419925,32.76598976182273
"/home/michaelbennie/OneDrive/Leite,Walter's files - Storiza Corpus Spring 2025/Processed_Utterances/annotated_sentence_segments/uid_ejZWulX03uRlAA3C5VqYK6jKNYs1_sid_LUuTijhm7jsKH4nsoD5d_1741133671_195799694_sentence_segment_close.wav",32.70015604624571,37.67202846613239,32.77555110220441,37.675350701402806
"/home/michaelbennie/OneDrive/Leite,Walter's files - Storiza Corpus Spring 2025/Processed_Utterances/annotated_sentence_segments/uid_ejZWulX03uRlAA3C5VqYK6jKNYs1_sid_LUuTijhm7jsKH4nsoD5d_1741133671_195799695_sentence_segment_close.wav",38.70864261073682,43.766427420057,38.75751503006012,43.70741482965932
"/home/michaelbennie/OneDrive/Leite,Walter's files - Storiza Corpus Spring 2025/Processed_Utterances/annotated_sentence_segments/uid_ejZWulX03uRlAA3C5VqYK6jKNYs1_sid_LUuTijhm7jsKH4nsoD5d_1741133671_195799696_sentence_segment_close.wav",44.162246512506115,46.5803877263549,44.14829659318637,46.64328657314629
"/home/michaelbennie/OneDrive/Leite,Walter's files - Storiza Corpus Spring 2025/Processed_Utterances/annotated_sentence_segments/uid_ejZWulX03uRlAA3C5VqYK6jKNYs1_sid_LUuTijhm7jsKH4nsoD5d_1741133671_195799697_sentence_segment_close.wav",47.04777902388318,51.051576399050475,47.104208416833664,51.00200400801604
"/home/michaelbennie/OneDrive/Leite,Walter's files - Storiza Corpus Spring 2025/Processed_Utterances/annotated_sentence_segments/uid_ejZWulX03uRlAA3C5VqYK6jKNYs1_sid_LUuTijhm7jsKH4nsoD5d_1741133671_195799698_sentence_segment_close.wav",52.157219032123656,55.63558461272013,52.13426853707415,55.6312625250501
"/home/michaelbennie/OneDrive/Leite,Walter's files - Storiza Corpus Spring 2025/Processed_Utterances/annotated_sentence_segments/uid_ejZWulX03uRlAA3C5VqYK6jKNYs1_sid_LUuTijhm7jsKH4nsoD5d_1741133671_195799699_sentence_segment_close.wav",55.641133626388694,61.22133797595639,55.66132264529058,61.20240480961924
"/home/michaelbennie/OneDrive/Leite,Walter's files - Storiza Corpus Spring 2025/Processed_Utterances/annotated_sentence_segments/uid_ejZWulX03uRlAA3C5VqYK6jKNYs1_sid_LUuTijhm7jsKH4nsoD5d_1741133671_195799700_sentence_segment_close.wav",61.22050024069628,63.89101601190838,61.203,63.877755511022045
"/home/michaelbennie/OneDrive/Leite,Walter's files - Storiza Corpus Spring 2025/Processed_Utterances/annotated_sentence_segments/uid_ejZWulX03uRlAA3C5VqYK6jKNYs1_sid_LUuTijhm7jsKH4nsoD5d_1741133671_195799701_sentence_segment_close.wav",65.11857793626582,72.13856379039527,65.10020040080161,72.13426853707415
"/home/michaelbennie/OneDrive/Leite,Walter's files - Storiza Corpus Spring 2025/Processed_Utterances/annotated_sentence_segments/uid_ejZWulX03uRlAA3C5VqYK6jKNYs1_sid_LUuTijhm7jsKH4nsoD5d_1741133671_195799702_sentence_segment_close.wav",72.21196412780473,81.77479788771223,72.17434869739479,81.72344689378758
"/home/michaelbennie/OneDrive/Leite,Walter's files - Storiza Corpus Spring 2025/Processed_Utterances/annotated_sentence_segments/uid_ejZWulX03uRlAA3C5VqYK6jKNYs1_sid_LUuTijhm7jsKH4nsoD5d_1741133671_195799703_sentence_segment_close.wav",81.7531612401054,82.49940954520204,81.72870570676558,82.51202208519895
"/home/michaelbennie/OneDrive/Leite,Walter's files - Storiza Corpus Spring 2025/Processed_Utterances/annotated_sentence_segments/uid_sHl4il5Li8NKe5aMecUSJyXBFco2_sid_yHl0ErSvLJToSxLcmZqU_1741190708_195799704_sentence_segment_close.wav",0.2990465044654266,2.697818433997697,0.2926184926184926,2.7506138306138306
"/home/michaelbennie/OneDrive/Leite,Walter's files - Storiza Corpus Spring 2025/Processed_Utterances/annotated_sentence_segments/uid_sHl4il5Li8NKe5aMecUSJyXBFco2_sid_yHl0ErSvLJToSxLcmZqU_1741190708_195799705_sentence_segment_close.wav",2.7334030021990223,6.4381973115215105,2.758974358974359,6.437606837606839
"/home/michaelbennie/OneDrive/Leite,Walter's files - Storiza Corpus Spring 2025/Processed_Utterances/annotated_sentence_segments/uid_sHl4il5Li8NKe5aMecUSJyXBFco2_sid_yHl0ErSvLJToSxLcmZqU_1741190708_195799706_sentence_segment_close.wav",6.614896030372268,10.86804958227721,6.596456876456877,10.910489510489512
"/home/michaelbennie/OneDrive/Leite,Walter's files - Storiza Corpus Spring 2025/Processed_Utterances/annotated_sentence_segments/uid_sHl4il5Li8NKe5aMecUSJyXBFco2_sid_yHl0ErSvLJToSxLcmZqU_1741190708_195799707_sentence_segment_close.wav",11.511641673423851,17.471420102549814,11.504087024087024,17.431701631701632
"/home/michaelbennie/OneDrive/Leite,Walter's files - Storiza Corpus Spring 2025/Processed_Utterances/annotated_sentence_segments/uid_sHl4il5Li8NKe5aMecUSJyXBFco2_sid_yHl0ErSvLJToSxLcmZqU_1741190708_195799708_sentence_segment_close.wav",18.179056707368716,26.06413370416238,18.17578865578865,26.00960372960373
"/home/michaelbennie/OneDrive/Leite,Walter's files - Storiza Corpus Spring 2025/Processed_Utterances/annotated_sentence_segments/uid_sHl4il5Li8NKe5aMecUSJyXBFco2_sid_yHl0ErSvLJToSxLcmZqU_1741190708_195799709_sentence_segment_close.wav",26.078004542292135,29.64444030470499,26.06812742812744,29.68823620823621
"/home/michaelbennie/OneDrive/Leite,Walter's files - Storiza Corpus Spring 2025/Processed_Utterances/annotated_sentence_segments/uid_sHl4il5Li8NKe5aMecUSJyXBFco2_sid_yHl0ErSvLJToSxLcmZqU_1741190708_195799710_sentence_segment_close.wav",30.280456184361583,33.734229546593916,30.2734731934732,33.751452991452986
"/home/michaelbennie/OneDrive/Leite,Walter's files - Storiza Corpus Spring 2025/Processed_Utterances/annotated_sentence_segments/uid_sHl4il5Li8NKe5aMecUSJyXBFco2_sid_yHl0ErSvLJToSxLcmZqU_1741190708_195799711_sentence_segment_close.wav",34.182798629849366,39.73859977341266,34.28652680652681,39.754312354312354
"/home/michaelbennie/OneDrive/Leite,Walter's files - Storiza Corpus Spring 2025/Processed_Utterances/annotated_sentence_segments/uid_sHl4il5Li8NKe5aMecUSJyXBFco2_sid_yHl0ErSvLJToSxLcmZqU_1741190708_195799712_sentence_segment_close.wav",40.78914079661155,43.34423639035099,40.757575757575765,43.38278166278166
"/home/michaelbennie/OneDrive/Leite,Walter's files - Storiza Corpus Spring 2025/Processed_Utterances/annotated_sentence_segments/uid_sHl4il5Li8NKe5aMecUSJyXBFco2_sid_yHl0ErSvLJToSxLcmZqU_1741190708_195799713_sentence_segment_close.wav",43.707058596467846,47.71227069210053,43.64195804195805,47.72189588189588
"/home/michaelbennie/OneDrive/Leite,Walter's files - Storiza Corpus Spring 2025/Processed_Utterances/annotated_sentence_segments/uid_sHl4il5Li8NKe5aMecUSJyXBFco2_sid_yHl0ErSvLJToSxLcmZqU_1741190708_195799714_sentence_segment_close.wav",48.59427103701571,52.31393910839954,48.58303030303031,52.28674436674437
"/home/michaelbennie/OneDrive/Leite,Walter's files - Storiza Corpus Spring 2025/Processed_Utterances/annotated_sentence_segments/uid_sHl4il5Li8NKe5aMecUSJyXBFco2_sid_yHl0ErSvLJToSxLcmZqU_1741190708_195799715_sentence_segment_close.wav",52.31415595088295,60.22744555026179,52.30346542346543,60.24596736596737
"/home/michaelbennie/OneDrive/Leite,Walter's files - Storiza Corpus Spring 2025/Processed_Utterances/annotated_sentence_segments/uid_sHl4il5Li8NKe5aMecUSJyXBFco2_sid_yHl0ErSvLJToSxLcmZqU_1741190708_195799716_sentence_segment_close.wav",60.439038809221366,67.18705778078524,60.42153846153846,67.20192696192697
"/home/michaelbennie/OneDrive/Leite,Walter's files - Storiza Corpus Spring 2025/Processed_Utterances/annotated_sentence_segments/uid_sHl4il5Li8NKe5aMecUSJyXBFco2_sid_yHl0ErSvLJToSxLcmZqU_1741190708_195799717_sentence_segment_close.wav",68.20323056410258,71.7931502753529,68.19682983682985,71.75841491841491
"/home/michaelbennie/OneDrive/Leite,Walter's files - Storiza Corpus Spring 2025/Processed_Utterances/annotated_sentence_segments/uid_sHl4il5Li8NKe5aMecUSJyXBFco2_sid_yHl0ErSvLJToSxLcmZqU_1741190708_195799718_sentence_segment_close.wav",72.50557382818283,76.0852552888928,72.49414141414142,76.03900543900544
"/home/michaelbennie/OneDrive/Leite,Walter's files - Storiza Corpus Spring 2025/Processed_Utterances/annotated_sentence_segments/uid_sHl4il5Li8NKe5aMecUSJyXBFco2_sid_yHl0ErSvLJToSxLcmZqU_1741190708_195799719_sentence_segment_close.wav",76.20762737181244,78.67226304708927,76.26473970473971,78.6809324009324
"/home/michaelbennie/OneDrive/Leite,Walter's files - Storiza Corpus Spring 2025/Processed_Utterances/annotated_sentence_segments/uid_sHl4il5Li8NKe5aMecUSJyXBFco2_sid_yHl0ErSvLJToSxLcmZqU_1741190708_195799720_sentence_segment_close.wav",79.707011215613,89.10302816567435,79.67583527583527,89.0563480963481
"/home/michaelbennie/OneDrive/Leite,Walter's files - Storiza Corpus Spring 2025/Processed_Utterances/annotated_sentence_segments/uid_sHl4il5Li8NKe5aMecUSJyXBFco2_sid_yHl0ErSvLJToSxLcmZqU_1741190708_195799721_sentence_segment_close.wav",89.27360051887095,96.4918679558649,89.21519813519814,96.58082362082362
"/home/michaelbennie/OneDrive/Leite,Walter's files - Storiza Corpus Spring 2025/Processed_Utterances/annotated_sentence_segments/uid_Sn3Nw7A3OmOkiMXEFjEyRusLuuo2_sid_DJH2z7TGCjAyWs5LLu47_1741223656_195799722_sentence_segment_close.wav",2.207844563749991,16.59842595240739,2.216157119717225,16.62926656254969
"/home/michaelbennie/OneDrive/Leite,Walter's files - Storiza Corpus Spring 2025/Processed_Utterances/annotated_sentence_segments/uid_Sn3Nw7A3OmOkiMXEFjEyRusLuuo2_sid_DJH2z7TGCjAyWs5LLu47_1741223656_195799723_sentence_segment_close.wav",18.25712770139246,26.22168938918042,18.273860374659787,26.281143398455605
"/home/michaelbennie/OneDrive/Leite,Walter's files - Storiza Corpus Spring 2025/Processed_Utterances/annotated_sentence_segments/uid_Sn3Nw7A3OmOkiMXEFjEyRusLuuo2_sid_DJH2z7TGCjAyWs5LLu47_1741223656_195799724_sentence_segment_close.wav",28.01119684488974,45.51968009345835,28.08210773597885,46.10253862185469
"/home/michaelbennie/OneDrive/Leite,Walter's files - Storiza Corpus Spring 2025/Processed_Utterances/annotated_sentence_segments/uid_Sn3Nw7A3OmOkiMXEFjEyRusLuuo2_sid_DJH2z7TGCjAyWs5LLu47_1741223656_195799725_sentence_segment_close.wav",46.59830295490262,71.8062018105922,46.733415466153744,71.69349163931929
"/home/michaelbennie/OneDrive/Leite,Walter's files - Storiza Corpus Spring 2025/Processed_Utterances/annotated_sentence_segments/uid_Sn3Nw7A3OmOkiMXEFjEyRusLuuo2_sid_DJH2z7TGCjAyWs5LLu47_1741223656_195799726_sentence_segment_close.wav",72.2125389824108,97.56590608587142,72.20992440172712,97.69097232616554
"/home/michaelbennie/OneDrive/Leite,Walter's files - Storiza Corpus Spring 2025/Processed_Utterances/annotated_sentence_segments/uid_Sn3Nw7A3OmOkiMXEFjEyRusLuuo2_sid_DJH2z7TGCjAyWs5LLu47_1741223656_195799727_sentence_segment_close.wav",98.35789543650948,124.94783861743392,98.50352891107008,123.98530341367685
"/home/michaelbennie/OneDrive/Leite,Walter's files - Storiza Corpus Spring 2025/Processed_Utterances/annotated_sentence_segments/uid_Sn3Nw7A3OmOkiMXEFjEyRusLuuo2_sid_DJH2z7TGCjAyWs5LLu47_1741223656_195799728_sentence_segment_close.wav",125.2243260172009,132.6935620226046,125.23122086548952,132.99926181717703
"/home/michaelbennie/OneDrive/Leite,Walter's files - Storiza Corpus Spring 2025/Processed_Utterances/annotated_sentence_segments/uid_Sn3Nw7A3OmOkiMXEFjEyRusLuuo2_sid_DJH2z7TGCjAyWs5LLu47_1741223656_195799729_sentence_segment_close.wav",133.07371116713443,142.24346011727022,133.118439428004,142.219073178935
"/home/michaelbennie/OneDrive/Leite,Walter's files - Storiza Corpus Spring 2025/Processed_Utterances/annotated_sentence_segments/uid_Sn3Nw7A3OmOkiMXEFjEyRusLuuo2_sid_DJH2z7TGCjAyWs5LLu47_1741223656_195799730_sentence_segment_close.wav",142.58375907865025,151.55343767609108,142.60076678077792,151.55407402213115
"/home/michaelbennie/OneDrive/Leite,Walter's files - Storiza Corpus Spring 2025/Processed_Utterances/annotated_sentence_segments/uid_Sn3Nw7A3OmOkiMXEFjEyRusLuuo2_sid_DJH2z7TGCjAyWs5LLu47_1741223656_195799731_sentence_segment_close.wav",151.95535837466792,191.99866476475472,151.93034850989247,191.9620099679777
"/home/michaelbennie/OneDrive/Leite,Walter's files - Storiza Corpus Spring 2025/Processed_Utterances/annotated_sentence_segments/uid_Sn3Nw7A3OmOkiMXEFjEyRusLuuo2_sid_DJH2z7TGCjAyWs5LLu47_1741223656_195799732_sentence_segment_close.wav",192.08342286743203,193.9018196148881,192.070868760124,193.7648507647104
"/home/michaelbennie/OneDrive/Leite,Walter's files - Storiza Corpus Spring 2025/Processed_Utterances/annotated_sentence_segments/uid_TuMLdL1f2yNIrFrzMedBpwdsxCA3_sid_OZ4mLzv8qejsxep8u4E3_1744032613_195799733_sentence_segment_close.wav",0.0,14.708490190022012,0.0,14.639278557114228
"/home/michaelbennie/OneDrive/Leite,Walter's files - Storiza Corpus Spring 2025/Processed_Utterances/annotated_sentence_segments/uid_TuMLdL1f2yNIrFrzMedBpwdsxCA3_sid_OZ4mLzv8qejsxep8u4E3_1744032613_195799734_sentence_segment_close.wav",18.766780761246395,55.11327114874983,18.7875751503006,54.93987975951904
"/home/michaelbennie/OneDrive/Leite,Walter's files - Storiza Corpus Spring 2025/Processed_Utterances/annotated_sentence_segments/uid_TuMLdL1f2yNIrFrzMedBpwdsxCA3_sid_OZ4mLzv8qejsxep8u4E3_1744032613_195799735_sentence_segment_close.wav",63.29826618803893,142.11895506988031,63.23647294589177,142.02404809619236
"/home/michaelbennie/OneDrive/Leite,Walter's files - Storiza Corpus Spring 2025/Processed_Utterances/annotated_sentence_segments/uid_TuMLdL1f2yNIrFrzMedBpwdsxCA3_sid_OZ4mLzv8qejsxep8u4E3_1744032613_195799736_sentence_segment_close.wav",143.3856048085904,189.46792561734267,143.41683366733466,189.188376753507
"/home/michaelbennie/OneDrive/Leite,Walter's files - Storiza Corpus Spring 2025/Processed_Utterances/annotated_sentence_segments/uid_TuMLdL1f2yNIrFrzMedBpwdsxCA3_sid_OZ4mLzv8qejsxep8u4E3_1744032613_195799737_sentence_segment_close.wav",193.94015564351037,215.75260859871622,193.6317395727365,214.8118006103764
"/home/michaelbennie/OneDrive/Leite,Walter's files - Storiza Corpus Spring 2025/Processed_Utterances/annotated_sentence_segments/uid_TuMLdL1f2yNIrFrzMedBpwdsxCA3_sid_OZ4mLzv8qejsxep8u4E3_1744032613_195799738_sentence_segment_close.wav",220.35991621729778,232.00141770673577,220.3763987792472,231.9532044760936
"/home/michaelbennie/OneDrive/Leite,Walter's files - Storiza Corpus Spring 2025/Processed_Utterances/annotated_sentence_segments/uid_mHWscHBXcoabM7fdw88AliGuPWw1_sid_EQsr4DpbhhU9H6jNAk8v_1743380887_195799739_sentence_segment_close.wav",0.17277783904890956,7.942045753491698,0.0636132315521628,7.939703481445528
"/home/michaelbennie/OneDrive/Leite,Walter's files - Storiza Corpus Spring 2025/Processed_Utterances/annotated_sentence_segments/uid_mHWscHBXcoabM7fdw88AliGuPWw1_sid_EQsr4DpbhhU9H6jNAk8v_1743380887_195799740_sentence_segment_close.wav",7.955600604014188,18.841114247431896,7.9511881824020545,19.004495825305074
"/home/michaelbennie/OneDrive/Leite,Walter's files - Storiza Corpus Spring 2025/Processed_Utterances/annotated_sentence_segments/uid_mHWscHBXcoabM7fdw88AliGuPWw1_sid_EQsr4DpbhhU9H6jNAk8v_1743380887_195799741_sentence_segment_close.wav",19.42850115399974,31.974165283612287,19.414758269720103,32.00381679389313
"/home/michaelbennie/OneDrive/Leite,Walter's files - Storiza Corpus Spring 2025/Processed_Utterances/annotated_sentence_segments/uid_mHWscHBXcoabM7fdw88AliGuPWw1_sid_EQsr4DpbhhU9H6jNAk8v_1743380887_195799742_sentence_segment_close.wav",33.00935517708841,41.894630866911214,33.0852417302799,42.06106870229008
"/home/michaelbennie/OneDrive/Leite,Walter's files - Storiza Corpus Spring 2025/Processed_Utterances/annotated_sentence_segments/uid_mHWscHBXcoabM7fdw88AliGuPWw1_sid_EQsr4DpbhhU9H6jNAk8v_1743380887_195799743_sentence_segment_close.wav",42.20343495137616,59.07542908966556,42.14376590330789,59.24936386768448
"/home/michaelbennie/OneDrive/Leite,Walter's files - Storiza Corpus Spring 2025/Processed_Utterances/annotated_sentence_segments/uid_mHWscHBXcoabM7fdw88AliGuPWw1_sid_EQsr4DpbhhU9H6jNAk8v_1743380887_195799744_sentence_segment_close.wav",59.71095268745557,70.38672351688479,59.63104325699746,70.6297709923664
"/home/michaelbennie/OneDrive/Leite,Walter's files - Storiza Corpus Spring 2025/Processed_Utterances/annotated_sentence_segments/uid_mHWscHBXcoabM7fdw88AliGuPWw1_sid_EQsr4DpbhhU9H6jNAk8v_1743380887_195799745_sentence_segment_close.wav",71.87857094164858,86.41641569434755,71.73664122137404,86.55852417302799
"/home/michaelbennie/OneDrive/Leite,Walter's files - Storiza Corpus Spring 2025/Processed_Utterances/annotated_sentence_segments/uid_mHWscHBXcoabM7fdw88AliGuPWw1_sid_EQsr4DpbhhU9H6jNAk8v_1743380887_195799746_sentence_segment_close.wav",86.8570905790864,94.62413872814086,86.7557251908397,94.4465648854962
"/home/michaelbennie/OneDrive/Leite,Walter's files - Storiza Corpus Spring 2025/Processed_Utterances/annotated_sentence_segments/uid_jWPmLFrSHDZItPTjjPUB8KAsjlq2_sid_3nrUiNGJJEx1MK9ktanM_1742241727_195799747_sentence_segment_close.wav",1.686787055262883,6.31379610373845,1.6574585635359114,6.583793738489871
"/home/michaelbennie/OneDrive/Leite,Walter's files - Storiza Corpus Spring 2025/Processed_Utterances/annotated_sentence_segments/uid_jWPmLFrSHDZItPTjjPUB8KAsjlq2_sid_3nrUiNGJJEx1MK9ktanM_1742241727_195799748_sentence_segment_close.wav",6.739093169558069,11.866209346460064,6.685082872928176,12.007366482504604
"/home/michaelbennie/OneDrive/Leite,Walter's files - Storiza Corpus Spring 2025/Processed_Utterances/annotated_sentence_segments/uid_jWPmLFrSHDZItPTjjPUB8KAsjlq2_sid_3nrUiNGJJEx1MK9ktanM_1742241727_195799749_sentence_segment_close.wav",12.224128674785614,29.467184201097776,12.154696132596683,29.70534069981584
"/home/michaelbennie/OneDrive/Leite,Walter's files - Storiza Corpus Spring 2025/Processed_Utterances/annotated_sentence_segments/uid_jWPmLFrSHDZItPTjjPUB8KAsjlq2_sid_3nrUiNGJJEx1MK9ktanM_1742241727_195799750_sentence_segment_close.wav",29.856290345798513,44.25420717960637,29.797421731123386,45.25782688766114
"/home/michaelbennie/OneDrive/Leite,Walter's files - Storiza Corpus Spring 2025/Processed_Utterances/annotated_sentence_segments/uid_jWPmLFrSHDZItPTjjPUB8KAsjlq2_sid_3nrUiNGJJEx1MK9ktanM_1742241727_195799751_sentence_segment_close.wav",45.74858685900741,51.04305716955153,45.7182320441989,51.19705340699816
"/home/michaelbennie/OneDrive/Leite,Walter's files - Storiza Corpus Spring 2025/Processed_Utterances/annotated_sentence_segments/uid_jWPmLFrSHDZItPTjjPUB8KAsjlq2_sid_3nrUiNGJJEx1MK9ktanM_1742241727_195799752_sentence_segment_close.wav",53.64753311696266,57.06561466805105,53.52670349907919,57.13627992633517
"/home/michaelbennie/OneDrive/Leite,Walter's files - Storiza Corpus Spring 2025/Processed_Utterances/annotated_sentence_segments/uid_jWPmLFrSHDZItPTjjPUB8KAsjlq2_sid_3nrUiNGJJEx1MK9ktanM_1742241727_195799753_sentence_segment_close.wav",57.10408573313354,60.62036345339784,57.14548802946593,60.50007708925846
"/home/michaelbennie/OneDrive/Leite,Walter's files - Storiza Corpus Spring 2025/Processed_Utterances/annotated_sentence_segments/uid_jWPmLFrSHDZItPTjjPUB8KAsjlq2_sid_3nrUiNGJJEx1MK9ktanM_1742241727_195799754_sentence_segment_close.wav",60.60662771440911,67.00931687285347,60.505163820600224,67.26519337016575
"/home/michaelbennie/OneDrive/Leite,Walter's files - Storiza Corpus Spring 2025/Processed_Utterances/annotated_sentence_segments/uid_jWPmLFrSHDZItPTjjPUB8KAsjlq2_sid_3nrUiNGJJEx1MK9ktanM_1742241727_195799755_sentence_segment_close.wav",67.52294619171647,72.04015910413924,67.4585635359116,72.28360957642725
"/home/michaelbennie/OneDrive/Leite,Walter's files - Storiza Corpus Spring 2025/Processed_Utterances/annotated_sentence_segments/uid_jWPmLFrSHDZItPTjjPUB8KAsjlq2_sid_3nrUiNGJJEx1MK9ktanM_1742241727_195799756_sentence_segment_close.wav",72.5584860314979,77.60954819076757,72.48618784530387,77.88213627992634
"/home/michaelbennie/OneDrive/Leite,Walter's files - Storiza Corpus Spring 2025/Processed_Utterances/annotated_sentence_segments/uid_jWPmLFrSHDZItPTjjPUB8KAsjlq2_sid_3nrUiNGJJEx1MK9ktanM_1742241727_195799757_sentence_segment_close.wav",77.98161600276312,83.89388122716123,77.95580110497237,84.12
"/home/michaelbennie/OneDrive/Leite,Walter's files - Storiza Corpus Spring 2025/Processed_Utterances/annotated_sentence_segments/uid_eQ9VyOzVOCQWR7uTGBGzvfh3rUJ2_sid_BXMACxHtru85FV7B7SdW_1743022105_195799758_sentence_segment_close.wav",0.9414576147938154,4.24567963948836,0.9588598227338774,4.344230423000138
"/home/michaelbennie/OneDrive/Leite,Walter's files - Storiza Corpus Spring 2025/Processed_Utterances/annotated_sentence_segments/uid_eQ9VyOzVOCQWR7uTGBGzvfh3rUJ2_sid_BXMACxHtru85FV7B7SdW_1743022105_195799759_sentence_segment_close.wav",4.234868215175668,6.611466608794581,4.35028435697363,6.602510540762119
"/home/michaelbennie/OneDrive/Leite,Walter's files - Storiza Corpus Spring 2025/Processed_Utterances/annotated_sentence_segments/uid_eQ9VyOzVOCQWR7uTGBGzvfh3rUJ2_sid_BXMACxHtru85FV7B7SdW_1743022105_195799760_sentence_segment_close.wav",25.008111788080644,38.33130146419028,25.10331778299592,38.45266189256581
"/home/michaelbennie/OneDrive/Leite,Walter's files - Storiza Corpus Spring 2025/Processed_Utterances/annotated_sentence_segments/uid_eQ9VyOzVOCQWR7uTGBGzvfh3rUJ2_sid_BXMACxHtru85FV7B7SdW_1743022105_195799761_sentence_segment_close.wav",38.730843859498286,55.23417922702906,38.71278519535529,55.31928748033007
"/home/michaelbennie/OneDrive/Leite,Walter's files - Storiza Corpus Spring 2025/Processed_Utterances/annotated_sentence_segments/uid_eQ9VyOzVOCQWR7uTGBGzvfh3rUJ2_sid_BXMACxHtru85FV7B7SdW_1743022105_195799762_sentence_segment_close.wav",55.38815899021039,76.90722276013562,55.38616319914484,77.06144050761206
"/home/michaelbennie/OneDrive/Leite,Walter's files - Storiza Corpus Spring 2025/Processed_Utterances/annotated_sentence_segments/uid_eQ9VyOzVOCQWR7uTGBGzvfh3rUJ2_sid_BXMACxHtru85FV7B7SdW_1743022105_195799763_sentence_segment_close.wav",77.6795523169699,97.40449671420646,77.68534972730654,97.40540526518284
"/home/michaelbennie/OneDrive/Leite,Walter's files - Storiza Corpus Spring 2025/Processed_Utterances/annotated_sentence_segments/uid_eQ9VyOzVOCQWR7uTGBGzvfh3rUJ2_sid_BXMACxHtru85FV7B7SdW_1743022105_195799764_sentence_segment_close.wav",97.43104610705751,104.72830316181623,97.4322227232388,104.75054544356688
"/home/michaelbennie/OneDrive/Leite,Walter's files - Storiza Corpus Spring 2025/Processed_Utterances/annotated_sentence_segments/uid_eQ9VyOzVOCQWR7uTGBGzvfh3rUJ2_sid_BXMACxHtru85FV7B7SdW_1743022105_195799765_sentence_segment_close.wav",105.59940431094633,115.71136507763312,105.58006902027388,115.7473378034097
"/home/michaelbennie/OneDrive/Leite,Walter's files - Storiza Corpus Spring 2025/Processed_Utterances/annotated_sentence_segments/uid_UHGZEyBQklbC0GB3JZMa5l8yuGT2_sid_c8LxiGOi9pplk2X8IdrJ_1743269442_195799766_sentence_segment_close.wav",1.71061090695844,12.688782833188561,1.6483516483516485,12.803415902697672
"/home/michaelbennie/OneDrive/Leite,Walter's files - Storiza Corpus Spring 2025/Processed_Utterances/annotated_sentence_segments/uid_UHGZEyBQklbC0GB3JZMa5l8yuGT2_sid_c8LxiGOi9pplk2X8IdrJ_1743269442_195799767_sentence_segment_close.wav",16.99033755142982,33.621137981706596,16.903272013437757,33.74454176226769
"/home/michaelbennie/OneDrive/Leite,Walter's files - Storiza Corpus Spring 2025/Processed_Utterances/annotated_sentence_segments/uid_UHGZEyBQklbC0GB3JZMa5l8yuGT2_sid_c8LxiGOi9pplk2X8IdrJ_1743269442_195799768_sentence_segment_close.wav",34.26671720125918,54.850823376622415,34.21042671323652,55.05684391621016
"/home/michaelbennie/OneDrive/Leite,Walter's files - Storiza Corpus Spring 2025/Processed_Utterances/annotated_sentence_segments/uid_UHGZEyBQklbC0GB3JZMa5l8yuGT2_sid_c8LxiGOi9pplk2X8IdrJ_1743269442_195799769_sentence_segment_close.wav",56.82713591061967,69.61848392739783,56.71893249157095,69.73348222464065
"/home/michaelbennie/OneDrive/Leite,Walter's files - Storiza Corpus Spring 2025/Processed_Utterances/annotated_sentence_segments/uid_UHGZEyBQklbC0GB3JZMa5l8yuGT2_sid_c8LxiGOi9pplk2X8IdrJ_1743269442_195799770_sentence_segment_close.wav",70.03423960591901,91.32099877739608,70.08645357705653,91.11241076828892
"/home/michaelbennie/OneDrive/Leite,Walter's files - Storiza Corpus Spring 2025/Processed_Utterances/annotated_sentence_segments/uid_UHGZEyBQklbC0GB3JZMa5l8yuGT2_sid_c8LxiGOi9pplk2X8IdrJ_1743269442_195799771_sentence_segment_close.wav",93.10165091497673,110.68663594461319,93.03181732583268,110.82166423157226
"/home/michaelbennie/OneDrive/Leite,Walter's files - Storiza Corpus Spring 2025/Processed_Utterances/annotated_sentence_segments/uid_UHGZEyBQklbC0GB3JZMa5l8yuGT2_sid_c8LxiGOi9pplk2X8IdrJ_1743269442_195799772_sentence_segment_close.wav",112.02820994627336,155.77228530107948,112.0057766385414,156.18
"/home/michaelbennie/OneDrive/Leite,Walter's files - Storiza Corpus Spring 2025/Processed_Utterances/annotated_sentence_segments/uid_21Dw9jLeIqWjrAuRHI1RG1qPz853_sid_rdNZEManoTX8f0NWlSl6_1743199806_195799773_sentence_segment_close.wav",0.32621972247628916,4.2793880274876095,0.0184162062615101,4.256013674171712
"/home/michaelbennie/OneDrive/Leite,Walter's files - Storiza Corpus Spring 2025/Processed_Utterances/annotated_sentence_segments/uid_21Dw9jLeIqWjrAuRHI1RG1qPz853_sid_rdNZEManoTX8f0NWlSl6_1743199806_195799774_sentence_segment_close.wav",4.361938815319987,9.538856750768517,4.278699803186315,9.836788783747462
"/home/michaelbennie/OneDrive/Leite,Walter's files - Storiza Corpus Spring 2025/Processed_Utterances/annotated_sentence_segments/uid_21Dw9jLeIqWjrAuRHI1RG1qPz853_sid_rdNZEManoTX8f0NWlSl6_1743199806_195799775_sentence_segment_close.wav",10.17620345081495,17.80223728059532,10.14052326459474,17.950238921393893
"/home/michaelbennie/OneDrive/Leite,Walter's files - Storiza Corpus Spring 2025/Processed_Utterances/annotated_sentence_segments/uid_21Dw9jLeIqWjrAuRHI1RG1qPz853_sid_rdNZEManoTX8f0NWlSl6_1743199806_195799776_sentence_segment_close.wav",18.24679017840567,24.928102063031787,18.177879923919,25.00467982780569
"/home/michaelbennie/OneDrive/Leite,Walter's files - Storiza Corpus Spring 2025/Processed_Utterances/annotated_sentence_segments/uid_21Dw9jLeIqWjrAuRHI1RG1qPz853_sid_rdNZEManoTX8f0NWlSl6_1743199806_195799777_sentence_segment_close.wav",25.09161665193105,33.074482602806036,25.01132746757049,33.10171327029238
"/home/michaelbennie/OneDrive/Leite,Walter's files - Storiza Corpus Spring 2025/Processed_Utterances/annotated_sentence_segments/uid_21Dw9jLeIqWjrAuRHI1RG1qPz853_sid_rdNZEManoTX8f0NWlSl6_1743199806_195799778_sentence_segment_close.wav",33.04594625977346,41.215212057173886,33.11625378894919,41.25610104855385
"/home/michaelbennie/OneDrive/Leite,Walter's files - Storiza Corpus Spring 2025/Processed_Utterances/annotated_sentence_segments/uid_21Dw9jLeIqWjrAuRHI1RG1qPz853_sid_rdNZEManoTX8f0NWlSl6_1743199806_195799779_sentence_segment_close.wav",41.820699086525416,61.736952279423065,41.77662664693216,61.74693265435528
"/home/michaelbennie/OneDrive/Leite,Walter's files - Storiza Corpus Spring 2025/Processed_Utterances/annotated_sentence_segments/uid_21Dw9jLeIqWjrAuRHI1RG1qPz853_sid_rdNZEManoTX8f0NWlSl6_1743199806_195799780_sentence_segment_close.wav",61.758612879344064,66.82636755581747,61.76511639868685,66.88219079185416
"/home/michaelbennie/OneDrive/Leite,Walter's files - Storiza Corpus Spring 2025/Processed_Utterances/annotated_sentence_segments/uid_21Dw9jLeIqWjrAuRHI1RG1qPz853_sid_rdNZEManoTX8f0NWlSl6_1743199806_195799781_sentence_segment_close.wav",66.26878465509422,78.09305939363412,67.11392048276825,78.06125576425188
"/home/michaelbennie/OneDrive/Leite,Walter's files - Storiza Corpus Spring 2025/Processed_Utterances/annotated_sentence_segments/uid_21Dw9jLeIqWjrAuRHI1RG1qPz853_sid_rdNZEManoTX8f0NWlSl6_1743199806_195799782_sentence_segment_close.wav",78.03699383589604,88.9121453317476,78.11099858681696,88.89798857544062
"/home/michaelbennie/OneDrive/Leite,Walter's files - Storiza Corpus Spring 2025/Processed_Utterances/annotated_sentence_segments/uid_21Dw9jLeIqWjrAuRHI1RG1qPz853_sid_rdNZEManoTX8f0NWlSl6_1743199806_195799783_sentence_segment_close.wav",88.6534832342589,98.01769908797239,88.90149450166128,98.26379184346216
"/home/michaelbennie/OneDrive/Leite,Walter's files - Storiza Corpus Spring 2025/Processed_Utterances/annotated_sentence_segments/uid_21Dw9jLeIqWjrAuRHI1RG1qPz853_sid_rdNZEManoTX8f0NWlSl6_1743199806_195799784_sentence_segment_close.wav",98.25661275196912,100.97501233128068,98.35107602955824,101.18741014677646
"/home/michaelbennie/OneDrive/Leite,Walter's files - Storiza Corpus Spring 2025/Processed_Utterances/annotated_sentence_segments/uid_21Dw9jLeIqWjrAuRHI1RG1qPz853_sid_rdNZEManoTX8f0NWlSl6_1743199806_195799785_sentence_segment_close.wav",101.20129142167785,109.31543955678737,101.29134324373756,109.2570492652641
"/home/michaelbennie/OneDrive/Leite,Walter's files - Storiza Corpus Spring 2025/Processed_Utterances/annotated_sentence_segments/uid_eQ9VyOzVOCQWR7uTGBGzvfh3rUJ2_sid_6mHu3G8rDk5ZmJUujE66_1743174942_195799786_sentence_segment_close.wav",1.1867861399273443,2.6631711900122337,1.295348584749076,2.6137552761823533
"/home/michaelbennie/OneDrive/Leite,Walter's files - Storiza Corpus Spring 2025/Processed_Utterances/annotated_sentence_segments/uid_eQ9VyOzVOCQWR7uTGBGzvfh3rUJ2_sid_6mHu3G8rDk5ZmJUujE66_1743174942_195799787_sentence_segment_close.wav",2.642063002676256,5.626261868550619,2.663996714051468,5.595948274488051
"/home/michaelbennie/OneDrive/Leite,Walter's files - Storiza Corpus Spring 2025/Processed_Utterances/annotated_sentence_segments/uid_eQ9VyOzVOCQWR7uTGBGzvfh3rUJ2_sid_6mHu3G8rDk5ZmJUujE66_1743174942_195799788_sentence_segment_close.wav",5.618208661038253,11.37867820687866,5.651377379204637,11.123507001917446
"/home/michaelbennie/OneDrive/Leite,Walter's files - Storiza Corpus Spring 2025/Processed_Utterances/annotated_sentence_segments/uid_eQ9VyOzVOCQWR7uTGBGzvfh3rUJ2_sid_6mHu3G8rDk5ZmJUujE66_1743174942_195799789_sentence_segment_close.wav",11.46125660078413,14.722179952227254,11.505045494672077,14.609067522361151
"/home/michaelbennie/OneDrive/Leite,Walter's files - Storiza Corpus Spring 2025/Processed_Utterances/annotated_sentence_segments/uid_eQ9VyOzVOCQWR7uTGBGzvfh3rUJ2_sid_6mHu3G8rDk5ZmJUujE66_1743174942_195799790_sentence_segment_close.wav",14.977493183424858,19.746768862542005,15.090345475445233,19.69560148523145
"/home/michaelbennie/OneDrive/Leite,Walter's files - Storiza Corpus Spring 2025/Processed_Utterances/annotated_sentence_segments/uid_eQ9VyOzVOCQWR7uTGBGzvfh3rUJ2_sid_6mHu3G8rDk5ZmJUujE66_1743174942_195799791_sentence_segment_close.wav",19.744649226876557,34.003849212391,19.75238282070804,34.2117120457284
"/home/michaelbennie/OneDrive/Leite,Walter's files - Storiza Corpus Spring 2025/Processed_Utterances/annotated_sentence_segments/uid_eQ9VyOzVOCQWR7uTGBGzvfh3rUJ2_sid_6mHu3G8rDk5ZmJUujE66_1743174942_195799792_sentence_segment_close.wav",35.29116940808551,42.859986651261266,35.65912851586274,42.82830716287856
"/home/michaelbennie/OneDrive/Leite,Walter's files - Storiza Corpus Spring 2025/Processed_Utterances/annotated_sentence_segments/uid_eQ9VyOzVOCQWR7uTGBGzvfh3rUJ2_sid_6mHu3G8rDk5ZmJUujE66_1743174942_195799793_sentence_segment_close.wav",43.11317225156059,47.85725388771843,43.13572109985808,47.93247684905004
"/home/michaelbennie/OneDrive/Leite,Walter's files - Storiza Corpus Spring 2025/Processed_Utterances/annotated_sentence_segments/uid_eQ9VyOzVOCQWR7uTGBGzvfh3rUJ2_sid_6mHu3G8rDk5ZmJUujE66_1743174942_195799794_sentence_segment_close.wav",47.93806821630865,50.943821891315395,47.988120286525785,51.06452030263803
"/home/michaelbennie/OneDrive/Leite,Walter's files - Storiza Corpus Spring 2025/Processed_Utterances/annotated_sentence_segments/uid_eQ9VyOzVOCQWR7uTGBGzvfh3rUJ2_sid_6mHu3G8rDk5ZmJUujE66_1743174942_195799795_sentence_segment_close.wav",51.42307501796099,56.98987420491842,51.48214690110319,56.65238681660563
"/home/michaelbennie/OneDrive/Leite,Walter's files - Storiza Corpus Spring 2025/Processed_Utterances/annotated_sentence_segments/uid_eQ9VyOzVOCQWR7uTGBGzvfh3rUJ2_sid_6mHu3G8rDk5ZmJUujE66_1743174942_195799796_sentence_segment_close.wav",57.050112854557185,60.65760051742282,57.0676609827435,60.63748638498252
"/home/michaelbennie/OneDrive/Leite,Walter's files - Storiza Corpus Spring 2025/Processed_Utterances/annotated_sentence_segments/uid_eyem3EvRZrZsMzdS2HOEHLIsGTs1_sid_Gi6CTd0h6i7rPtveJk1O_1742516188_195799797_sentence_segment_close.wav",3.0683618636125276,5.8087508330522555,2.9647283126787416,5.805529075309819
"/home/michaelbennie/OneDrive/Leite,Walter's files - Storiza Corpus Spring 2025/Processed_Utterances/annotated_sentence_segments/uid_eyem3EvRZrZsMzdS2HOEHLIsGTs1_sid_Gi6CTd0h6i7rPtveJk1O_1742516188_195799798_sentence_segment_close.wav",6.233372159150683,10.01752750719822,6.253574833174452,9.9973230133851
"/home/michaelbennie/OneDrive/Leite,Walter's files - Storiza Corpus Spring 2025/Processed_Utterances/annotated_sentence_segments/uid_eyem3EvRZrZsMzdS2HOEHLIsGTs1_sid_Gi6CTd0h6i7rPtveJk1O_1742516188_195799799_sentence_segment_close.wav",10.008934059625147,14.471174507776773,10.004944416137516,15.057192467072626
"/home/michaelbennie/OneDrive/Leite,Walter's files - Storiza Corpus Spring 2025/Processed_Utterances/annotated_sentence_segments/uid_eyem3EvRZrZsMzdS2HOEHLIsGTs1_sid_Gi6CTd0h6i7rPtveJk1O_1742516188_195799800_sentence_segment_close.wav",15.18115434941542,24.550161131747323,15.203347361798256,24.10465130471381
"/home/michaelbennie/OneDrive/Leite,Walter's files - Storiza Corpus Spring 2025/Processed_Utterances/annotated_sentence_segments/uid_eyem3EvRZrZsMzdS2HOEHLIsGTs1_sid_Gi6CTd0h6i7rPtveJk1O_1742516188_195799801_sentence_segment_close.wav",24.608915564348525,35.366492985957755,24.53675343786505,35.771408899797294
"/home/michaelbennie/OneDrive/Leite,Walter's files - Storiza Corpus Spring 2025/Processed_Utterances/annotated_sentence_segments/uid_eyem3EvRZrZsMzdS2HOEHLIsGTs1_sid_Gi6CTd0h6i7rPtveJk1O_1742516188_195799802_sentence_segment_close.wav",35.90647503574031,42.08567530179369,35.9442497530578,42.0668045935546
"/home/michaelbennie/OneDrive/Leite,Walter's files - Storiza Corpus Spring 2025/Processed_Utterances/annotated_sentence_segments/uid_eyem3EvRZrZsMzdS2HOEHLIsGTs1_sid_Gi6CTd0h6i7rPtveJk1O_1742516188_195799803_sentence_segment_close.wav",42.41715355110641,48.53698106643968,42.40583857495019,48.74112061945991
"/home/michaelbennie/OneDrive/Leite,Walter's files - Storiza Corpus Spring 2025/Processed_Utterances/annotated_sentence_segments/uid_eyem3EvRZrZsMzdS2HOEHLIsGTs1_sid_Gi6CTd0h6i7rPtveJk1O_1742516188_195799804_sentence_segment_close.wav",49.44003129446555,54.69429577409203,49.45242720787811,54.89026636045833
"/home/michaelbennie/OneDrive/Leite,Walter's files - Storiza Corpus Spring 2025/Processed_Utterances/annotated_sentence_segments/uid_eyem3EvRZrZsMzdS2HOEHLIsGTs1_sid_Gi6CTd0h6i7rPtveJk1O_1742516188_195799805_sentence_segment_close.wav",54.98578808067429,66.79108651637652,54.97003906196318,67.18191011732976
"/home/michaelbennie/OneDrive/Leite,Walter's files - Storiza Corpus Spring 2025/Processed_Utterances/annotated_sentence_segments/uid_eyem3EvRZrZsMzdS2HOEHLIsGTs1_sid_Gi6CTd0h6i7rPtveJk1O_1742516188_195799806_sentence_segment_close.wav",67.37943286940514,70.21000269571566,67.36139869571566,70.19997732426305
"/home/michaelbennie/OneDrive/Leite,Walter's files - Storiza Corpus Spring 2025/Processed_Utterances/annotated_sentence_segments/uid_UHGZEyBQklbC0GB3JZMa5l8yuGT2_sid_xpDFrYKvqQMpjww5p2qH_1741461927_195799807_sentence_segment_close.wav",0.5142856657745092,15.500258306974134,0.4262295081967213,16.15300546448087
"/home/michaelbennie/OneDrive/Leite,Walter's files - Storiza Corpus Spring 2025/Processed_Utterances/annotated_sentence_segments/uid_UHGZEyBQklbC0GB3JZMa5l8yuGT2_sid_xpDFrYKvqQMpjww5p2qH_1741461927_195799808_sentence_segment_close.wav",16.497914742754094,33.202886523634156,16.269580611765708,33.719652080340765
"/home/michaelbennie/OneDrive/Leite,Walter's files - Storiza Corpus Spring 2025/Processed_Utterances/annotated_sentence_segments/uid_UHGZEyBQklbC0GB3JZMa5l8yuGT2_sid_xpDFrYKvqQMpjww5p2qH_1741461927_195799809_sentence_segment_close.wav",33.83733144761538,50.82112379617726,33.78000386976027,51.37944747343896
"/home/michaelbennie/OneDrive/Leite,Walter's files - Storiza Corpus Spring 2025/Processed_Utterances/annotated_sentence_segments/uid_UHGZEyBQklbC0GB3JZMa5l8yuGT2_sid_xpDFrYKvqQMpjww5p2qH_1741461927_195799810_sentence_segment_close.wav",52.52576581078348,68.88116020315636,52.221143907373445,69.05205100827975
"/home/michaelbennie/OneDrive/Leite,Walter's files - Storiza Corpus Spring 2025/Processed_Utterances/annotated_sentence_segments/uid_UHGZEyBQklbC0GB3JZMa5l8yuGT2_sid_xpDFrYKvqQMpjww5p2qH_1741461927_195799811_sentence_segment_close.wav",69.38582200141953,89.34358869861555,69.25419531108389,89.87997732426304
"/home/michaelbennie/OneDrive/Leite,Walter's files - Storiza Corpus Spring 2025/Processed_Utterances/annotated_sentence_segments/uid_Sn3Nw7A3OmOkiMXEFjEyRusLuuo2_sid_46QiUAG6knWxFU9G9zSe_1741823579_195799812_sentence_segment_close.wav",0.5846398927606787,11.38178021724202,0.5944484634792973,11.412429303567729
"/home/michaelbennie/OneDrive/Leite,Walter's files - Storiza Corpus Spring 2025/Processed_Utterances/annotated_sentence_segments/uid_Sn3Nw7A3OmOkiMXEFjEyRusLuuo2_sid_46QiUAG6knWxFU9G9zSe_1741823579_195799813_sentence_segment_close.wav",12.159045182587652,17.283516395201993,12.16408714794814,17.322524878235537
"/home/michaelbennie/OneDrive/Leite,Walter's files - Storiza Corpus Spring 2025/Processed_Utterances/annotated_sentence_segments/uid_Sn3Nw7A3OmOkiMXEFjEyRusLuuo2_sid_46QiUAG6knWxFU9G9zSe_1741823579_195799814_sentence_segment_close.wav",18.284700967134544,24.11135176562784,18.24121777415715,24.254482328320748
"/home/michaelbennie/OneDrive/Leite,Walter's files - Storiza Corpus Spring 2025/Processed_Utterances/annotated_sentence_segments/uid_Sn3Nw7A3OmOkiMXEFjEyRusLuuo2_sid_46QiUAG6knWxFU9G9zSe_1741823579_195799815_sentence_segment_close.wav",26.94044550331433,43.600868257972024,26.92840974720032,43.60307651453353
"/home/michaelbennie/OneDrive/Leite,Walter's files - Storiza Corpus Spring 2025/Processed_Utterances/annotated_sentence_segments/uid_Sn3Nw7A3OmOkiMXEFjEyRusLuuo2_sid_46QiUAG6knWxFU9G9zSe_1741823579_195799816_sentence_segment_close.wav",44.36745524152847,66.98600988783797,44.19499376705629,67.00483063481494
"/home/michaelbennie/OneDrive/Leite,Walter's files - Storiza Corpus Spring 2025/Processed_Utterances/annotated_sentence_segments/uid_EfKQNmht2ebtDnNadrezErlhcDF3_sid_i0N0h2MnD3ZE7yMVZqn3_1742248902_195799817_sentence_segment_close.wav",1.1009157524701474,4.035724594157685,1.0491803278688523,4.10928961748634
"/home/michaelbennie/OneDrive/Leite,Walter's files - Storiza Corpus Spring 2025/Processed_Utterances/annotated_sentence_segments/uid_EfKQNmht2ebtDnNadrezErlhcDF3_sid_i0N0h2MnD3ZE7yMVZqn3_1742248902_195799818_sentence_segment_close.wav",4.422033433383387,6.086103891787461,4.138221463943658,6.348469119907899
"/home/michaelbennie/OneDrive/Leite,Walter's files - Storiza Corpus Spring 2025/Processed_Utterances/annotated_sentence_segments/uid_EfKQNmht2ebtDnNadrezErlhcDF3_sid_i0N0h2MnD3ZE7yMVZqn3_1742248902_195799819_sentence_segment_close.wav",6.747473347895889,11.672861246897146,6.409942034673037,11.717426550087657
"/home/michaelbennie/OneDrive/Leite,Walter's files - Storiza Corpus Spring 2025/Processed_Utterances/annotated_sentence_segments/uid_EfKQNmht2ebtDnNadrezErlhcDF3_sid_i0N0h2MnD3ZE7yMVZqn3_1742248902_195799820_sentence_segment_close.wav",12.10955090833738,16.44924367998424,11.9135158794749,16.74384969338057
"/home/michaelbennie/OneDrive/Leite,Walter's files - Storiza Corpus Spring 2025/Processed_Utterances/annotated_sentence_segments/uid_EfKQNmht2ebtDnNadrezErlhcDF3_sid_i0N0h2MnD3ZE7yMVZqn3_1742248902_195799821_sentence_segment_close.wav",16.9731970500219,21.319355596039877,16.913794576739033,21.39116759774767
"/home/michaelbennie/OneDrive/Leite,Walter's files - Storiza Corpus Spring 2025/Processed_Utterances/annotated_sentence_segments/uid_EfKQNmht2ebtDnNadrezErlhcDF3_sid_i0N0h2MnD3ZE7yMVZqn3_1742248902_195799822_sentence_segment_close.wav",22.0225205180348,26.015801400887092,21.66946443738964,26.1701876220886
"/home/michaelbennie/OneDrive/Leite,Walter's files - Storiza Corpus Spring 2025/Processed_Utterances/annotated_sentence_segments/uid_EfKQNmht2ebtDnNadrezErlhcDF3_sid_i0N0h2MnD3ZE7yMVZqn3_1742248902_195799823_sentence_segment_close.wav",27.261542242001532,31.050839016195077,26.989981338775724,31.333179765288182
"/home/michaelbennie/OneDrive/Leite,Walter's files - Storiza Corpus Spring 2025/Processed_Utterances/annotated_sentence_segments/uid_EfKQNmht2ebtDnNadrezErlhcDF3_sid_i0N0h2MnD3ZE7yMVZqn3_1742248902_195799824_sentence_segment_close.wav",31.376075760168685,37.15634291403637,31.394922217941296,37.1921460959053
"/home/michaelbennie/OneDrive/Leite,Walter's files - Storiza Corpus Spring 2025/Processed_Utterances/annotated_sentence_segments/uid_EfKQNmht2ebtDnNadrezErlhcDF3_sid_i0N0h2MnD3ZE7yMVZqn3_1742248902_195799825_sentence_segment_close.wav",37.674839573238195,42.71306691236734,37.64430244515721,43.108010176183605
"/home/michaelbennie/OneDrive/Leite,Walter's files - Storiza Corpus Spring 2025/Processed_Utterances/annotated_sentence_segments/uid_EfKQNmht2ebtDnNadrezErlhcDF3_sid_i0N0h2MnD3ZE7yMVZqn3_1742248902_195799826_sentence_segment_close.wav",43.28678796460558,49.942612930144186,43.24460802912171,50.04
"/home/michaelbennie/OneDrive/Leite,Walter's files - Storiza Corpus Spring 2025/Processed_Utterances/annotated_sentence_segments/uid_ihIoefKsGwTDai7fGs9x3DyNvju2_sid_ApMaerbz8NiSC9rZvfoy_1742944769_195799827_sentence_segment_close.wav",0.8071272796719653,15.566083173985922,0.9615365012833396,15.531062124248496
"/home/michaelbennie/OneDrive/Leite,Walter's files - Storiza Corpus Spring 2025/Processed_Utterances/annotated_sentence_segments/uid_ihIoefKsGwTDai7fGs9x3DyNvju2_sid_ApMaerbz8NiSC9rZvfoy_1742944769_195799828_sentence_segment_close.wav",15.551766245155845,25.04061533994777,15.551102204408815,24.889779559118235
"/home/michaelbennie/OneDrive/Leite,Walter's files - Storiza Corpus Spring 2025/Processed_Utterances/annotated_sentence_segments/uid_ihIoefKsGwTDai7fGs9x3DyNvju2_sid_ApMaerbz8NiSC9rZvfoy_1742944769_195799829_sentence_segment_close.wav",24.8947439696813,31.75723693402765,24.91983967935872,31.643286573146288
"/home/michaelbennie/OneDrive/Leite,Walter's files - Storiza Corpus Spring 2025/Processed_Utterances/annotated_sentence_segments/uid_ihIoefKsGwTDai7fGs9x3DyNvju2_sid_ApMaerbz8NiSC9rZvfoy_1742944769_195799830_sentence_segment_close.wav",31.71583551726694,43.12985226471002,31.67334669338677,43.176352705410814
"/home/michaelbennie/OneDrive/Leite,Walter's files - Storiza Corpus Spring 2025/Processed_Utterances/annotated_sentence_segments/uid_ihIoefKsGwTDai7fGs9x3DyNvju2_sid_ApMaerbz8NiSC9rZvfoy_1742944769_195799831_sentence_segment_close.wav",43.336730900114134,55.284853991375456,43.40681362725451,54.32865731462925
"/home/michaelbennie/OneDrive/Leite,Walter's files - Storiza Corpus Spring 2025/Processed_Utterances/annotated_sentence_segments/uid_ihIoefKsGwTDai7fGs9x3DyNvju2_sid_ApMaerbz8NiSC9rZvfoy_1742944769_195799832_sentence_segment_close.wav",56.83177339548729,61.40643826428569,56.85370741482965,61.40280561122244
"/home/michaelbennie/OneDrive/Leite,Walter's files - Storiza Corpus Spring 2025/Processed_Utterances/annotated_sentence_segments/uid_ihIoefKsGwTDai7fGs9x3DyNvju2_sid_ApMaerbz8NiSC9rZvfoy_1742944769_195799833_sentence_segment_close.wav",61.8534844348628,70.73194092206164,61.833667334669336,70.3006012024048
"/home/michaelbennie/OneDrive/Leite,Walter's files - Storiza Corpus Spring 2025/Processed_Utterances/annotated_sentence_segments/uid_ihIoefKsGwTDai7fGs9x3DyNvju2_sid_ApMaerbz8NiSC9rZvfoy_1742944769_195799834_sentence_segment_close.wav",70.30510386979245,81.00608753566148,70.32064128256512,80.9318637274549
"/home/michaelbennie/OneDrive/Leite,Walter's files - Storiza Corpus Spring 2025/Processed_Utterances/annotated_sentence_segments/uid_ihIoefKsGwTDai7fGs9x3DyNvju2_sid_ApMaerbz8NiSC9rZvfoy_1742944769_195799835_sentence_segment_close.wav",81.17025596059354,84.11725669206848,81.11276289540533,84.71997732426304
"/home/michaelbennie/OneDrive/Leite,Walter's files - Storiza Corpus Spring 2025/Processed_Utterances/annotated_sentence_segments/uid_jWPmLFrSHDZItPTjjPUB8KAsjlq2_sid_KwJDkE9pDbyU8dxYMmnt_1742046826_195799836_sentence_segment_close.wav",1.1890918794449274,6.335573268368134,1.1550098152308097,6.639042357274401
"/home/michaelbennie/OneDrive/Leite,Walter's files - Storiza Corpus Spring 2025/Processed_Utterances/annotated_sentence_segments/uid_jWPmLFrSHDZItPTjjPUB8KAsjlq2_sid_KwJDkE9pDbyU8dxYMmnt_1742046826_195799837_sentence_segment_close.wav",6.737073982918226,10.289915829893136,6.758747697974217,10.478821362799264
"/home/michaelbennie/OneDrive/Leite,Walter's files - Storiza Corpus Spring 2025/Processed_Utterances/annotated_sentence_segments/uid_jWPmLFrSHDZItPTjjPUB8KAsjlq2_sid_KwJDkE9pDbyU8dxYMmnt_1742046826_195799838_sentence_segment_close.wav",10.648308539763613,15.853725359429848,10.616942909760589,15.93001841620626
"/home/michaelbennie/OneDrive/Leite,Walter's files - Storiza Corpus Spring 2025/Processed_Utterances/annotated_sentence_segments/uid_jWPmLFrSHDZItPTjjPUB8KAsjlq2_sid_KwJDkE9pDbyU8dxYMmnt_1742046826_195799839_sentence_segment_close.wav",15.9985539308696,19.677390088230005,15.994475138121546,19.723756906077348
"/home/michaelbennie/OneDrive/Leite,Walter's files - Storiza Corpus Spring 2025/Processed_Utterances/annotated_sentence_segments/uid_jWPmLFrSHDZItPTjjPUB8KAsjlq2_sid_KwJDkE9pDbyU8dxYMmnt_1742046826_195799840_sentence_segment_close.wav",20.743158891083276,23.75448954553068,20.67219152854512,23.77532228360958
"/home/michaelbennie/OneDrive/Leite,Walter's files - Storiza Corpus Spring 2025/Processed_Utterances/annotated_sentence_segments/uid_jWPmLFrSHDZItPTjjPUB8KAsjlq2_sid_KwJDkE9pDbyU8dxYMmnt_1742046826_195799841_sentence_segment_close.wav",23.944849078749748,25.77762739973974,23.9134438305709,25.801104972375686
"/home/michaelbennie/OneDrive/Leite,Walter's files - Storiza Corpus Spring 2025/Processed_Utterances/annotated_sentence_segments/uid_jWPmLFrSHDZItPTjjPUB8KAsjlq2_sid_KwJDkE9pDbyU8dxYMmnt_1742046826_195799842_sentence_segment_close.wav",25.8112319114487,27.612001582219342,25.808061341908346,27.707182320441984
"/home/michaelbennie/OneDrive/Leite,Walter's files - Storiza Corpus Spring 2025/Processed_Utterances/annotated_sentence_segments/uid_jWPmLFrSHDZItPTjjPUB8KAsjlq2_sid_KwJDkE9pDbyU8dxYMmnt_1742046826_195799843_sentence_segment_close.wav",28.584829903332945,37.859226792311475,28.572744014732965,38.03867403314917
"/home/michaelbennie/OneDrive/Leite,Walter's files - Storiza Corpus Spring 2025/Processed_Utterances/annotated_sentence_segments/uid_jWPmLFrSHDZItPTjjPUB8KAsjlq2_sid_KwJDkE9pDbyU8dxYMmnt_1742046826_195799844_sentence_segment_close.wav",38.48690600205713,45.02545417257348,38.3609576427256,45.20257826887661
"/home/michaelbennie/OneDrive/Leite,Walter's files - Storiza Corpus Spring 2025/Processed_Utterances/annotated_sentence_segments/uid_jWPmLFrSHDZItPTjjPUB8KAsjlq2_sid_KwJDkE9pDbyU8dxYMmnt_1742046826_195799846_sentence_segment_close.wav",57.3865366380573,60.596568734836,57.40331491712707,60.58011049723757
"/home/michaelbennie/OneDrive/Leite,Walter's files - Storiza Corpus Spring 2025/Processed_Utterances/annotated_sentence_segments/uid_jWPmLFrSHDZItPTjjPUB8KAsjlq2_sid_KwJDkE9pDbyU8dxYMmnt_1742046826_195799847_sentence_segment_close.wav",61.18508774283346,65.58671676224942,61.13259668508287,65.64456721915285
"/home/michaelbennie/OneDrive/Leite,Walter's files - Storiza Corpus Spring 2025/Processed_Utterances/annotated_sentence_segments/uid_jWPmLFrSHDZItPTjjPUB8KAsjlq2_sid_KwJDkE9pDbyU8dxYMmnt_1742046826_195799848_sentence_segment_close.wav",66.29680308392221,68.0075386173168,66.25230202578268,68.19521178637201
"/home/michaelbennie/OneDrive/Leite,Walter's files - Storiza Corpus Spring 2025/Processed_Utterances/annotated_sentence_segments/uid_jWPmLFrSHDZItPTjjPUB8KAsjlq2_sid_KwJDkE9pDbyU8dxYMmnt_1742046826_195799849_sentence_segment_close.wav",68.35465467807526,69.52516227914356,68.28729281767956,69.62246777163904
"/home/michaelbennie/OneDrive/Leite,Walter's files - Storiza Corpus Spring 2025/Processed_Utterances/annotated_sentence_segments/uid_jWPmLFrSHDZItPTjjPUB8KAsjlq2_sid_KwJDkE9pDbyU8dxYMmnt_1742046826_195799850_sentence_segment_close.wav",75.8136034049847,78.09558743664967,75.68139963167587,78.33333333333333
"/home/michaelbennie/OneDrive/Leite,Walter's files - Storiza Corpus Spring 2025/Processed_Utterances/annotated_sentence_segments/uid_jWPmLFrSHDZItPTjjPUB8KAsjlq2_sid_KwJDkE9pDbyU8dxYMmnt_1742046826_195799851_sentence_segment_close.wav",79.01744988784054,82.43500642634638,78.97790055248619,82.47697974217311
"/home/michaelbennie/OneDrive/Leite,Walter's files - Storiza Corpus Spring 2025/Processed_Utterances/annotated_sentence_segments/uid_jWPmLFrSHDZItPTjjPUB8KAsjlq2_sid_KwJDkE9pDbyU8dxYMmnt_1742046826_195799852_sentence_segment_close.wav",83.00249230018392,89.58058085970352,83.01104972375691,89.6500920810313
"/home/michaelbennie/OneDrive/Leite,Walter's files - Storiza Corpus Spring 2025/Processed_Utterances/annotated_sentence_segments/uid_XmxSYUZAj4dRqSczt2clQkDf31M2_sid_dCjg0Uy1jZOC8xzaKr1k_1742869038_195799853_sentence_segment_close.wav",0.8915795575001606,9.367742113396593,0.8060311325599044,9.4757806315579
"/home/michaelbennie/OneDrive/Leite,Walter's files - Storiza Corpus Spring 2025/Processed_Utterances/annotated_sentence_segments/uid_XmxSYUZAj4dRqSczt2clQkDf31M2_sid_dCjg0Uy1jZOC8xzaKr1k_1742869038_195799854_sentence_segment_close.wav",12.409649600013687,18.633792016015963,12.346037835307804,18.75496830395485
"/home/michaelbennie/OneDrive/Leite,Walter's files - Storiza Corpus Spring 2025/Processed_Utterances/annotated_sentence_segments/uid_bKduvdIsrbbqPZ7Z3lCfQlF8WBn1_sid_wwG35krhLTSpRDz3nlEz_1741905388_195799855_sentence_segment_close.wav",0.5076253472831534,5.678393524295252,1.2240437158469946,5.879781420765027
"/home/michaelbennie/OneDrive/Leite,Walter's files - Storiza Corpus Spring 2025/Processed_Utterances/annotated_sentence_segments/uid_bKduvdIsrbbqPZ7Z3lCfQlF8WBn1_sid_wwG35krhLTSpRDz3nlEz_1741905388_195799856_sentence_segment_close.wav",5.954987918825813,11.694226391312696,5.934427556951177,12.06274246742018
"/home/michaelbennie/OneDrive/Leite,Walter's files - Storiza Corpus Spring 2025/Processed_Utterances/annotated_sentence_segments/uid_bKduvdIsrbbqPZ7Z3lCfQlF8WBn1_sid_wwG35krhLTSpRDz3nlEz_1741905388_195799857_sentence_segment_close.wav",12.280083667945805,15.292992251132741,12.18081965208717,15.43496557414336
"/home/michaelbennie/OneDrive/Leite,Walter's files - Storiza Corpus Spring 2025/Processed_Utterances/annotated_sentence_segments/uid_bKduvdIsrbbqPZ7Z3lCfQlF8WBn1_sid_wwG35krhLTSpRDz3nlEz_1741905388_195799858_sentence_segment_close.wav",17.212160169738343,23.208390418151033,16.93934057870932,23.46897108460568
"/home/michaelbennie/OneDrive/Leite,Walter's files - Storiza Corpus Spring 2025/Processed_Utterances/annotated_sentence_segments/uid_bKduvdIsrbbqPZ7Z3lCfQlF8WBn1_sid_wwG35krhLTSpRDz3nlEz_1741905388_195799859_sentence_segment_close.wav",23.830085187017023,28.44959697022261,23.56143818486672,29.088151586916247
"/home/michaelbennie/OneDrive/Leite,Walter's files - Storiza Corpus Spring 2025/Processed_Utterances/annotated_sentence_segments/uid_bKduvdIsrbbqPZ7Z3lCfQlF8WBn1_sid_wwG35krhLTSpRDz3nlEz_1741905388_195799860_sentence_segment_close.wav",29.180811065278206,40.50139047265094,29.12371775976761,40.94533638808978
"/home/michaelbennie/OneDrive/Leite,Walter's files - Storiza Corpus Spring 2025/Processed_Utterances/annotated_sentence_segments/uid_bKduvdIsrbbqPZ7Z3lCfQlF8WBn1_sid_wwG35krhLTSpRDz3nlEz_1741905388_195799861_sentence_segment_close.wav",42.30503814216916,49.83514908131593,41.99804196622114,49.98937080431978
"/home/michaelbennie/OneDrive/Leite,Walter's files - Storiza Corpus Spring 2025/Processed_Utterances/annotated_sentence_segments/uid_bKduvdIsrbbqPZ7Z3lCfQlF8WBn1_sid_wwG35krhLTSpRDz3nlEz_1741905388_195799862_sentence_segment_close.wav",50.20923543073985,53.70530560906807,50.06405872538081,53.86234052292836
"/home/michaelbennie/OneDrive/Leite,Walter's files - Storiza Corpus Spring 2025/Processed_Utterances/annotated_sentence_segments/uid_bKduvdIsrbbqPZ7Z3lCfQlF8WBn1_sid_wwG35krhLTSpRDz3nlEz_1741905388_195799863_sentence_segment_close.wav",54.77671409737635,64.16432718064138,54.61274665590866,64.49254706188908
"/home/michaelbennie/OneDrive/Leite,Walter's files - Storiza Corpus Spring 2025/Processed_Utterances/annotated_sentence_segments/uid_bKduvdIsrbbqPZ7Z3lCfQlF8WBn1_sid_wwG35krhLTSpRDz3nlEz_1741905388_195799864_sentence_segment_close.wav",64.70191876100355,69.18650361468583,64.58145988920042,69.29730414345889
"/home/michaelbennie/OneDrive/Leite,Walter's files - Storiza Corpus Spring 2025/Processed_Utterances/annotated_sentence_segments/uid_bKduvdIsrbbqPZ7Z3lCfQlF8WBn1_sid_wwG35krhLTSpRDz3nlEz_1741905388_195799865_sentence_segment_close.wav",69.26981150785467,76.15294015694074,69.30346289524083,76.58519151130588
"/home/michaelbennie/OneDrive/Leite,Walter's files - Storiza Corpus Spring 2025/Processed_Utterances/annotated_sentence_segments/uid_bKduvdIsrbbqPZ7Z3lCfQlF8WBn1_sid_wwG35krhLTSpRDz3nlEz_1741905388_195799866_sentence_segment_close.wav",77.37575018686816,86.82953582144832,77.26220134315928,87.1666439909297
"/home/michaelbennie/OneDrive/Leite,Walter's files - Storiza Corpus Spring 2025/Processed_Utterances/annotated_sentence_segments/uid_ihIoefKsGwTDai7fGs9x3DyNvju2_sid_RO86s0yih5pRsOUYLcUy_1742503411_195799867_sentence_segment_close.wav",2.213237415515127,6.313849259758072,2.2118783020586625,6.296092184368737
"/home/michaelbennie/OneDrive/Leite,Walter's files - Storiza Corpus Spring 2025/Processed_Utterances/annotated_sentence_segments/uid_ihIoefKsGwTDai7fGs9x3DyNvju2_sid_RO86s0yih5pRsOUYLcUy_1742503411_195799868_sentence_segment_close.wav",6.789168683302494,19.086742010343443,6.684141009291309,18.99498997995992
"/home/michaelbennie/OneDrive/Leite,Walter's files - Storiza Corpus Spring 2025/Processed_Utterances/annotated_sentence_segments/uid_ihIoefKsGwTDai7fGs9x3DyNvju2_sid_RO86s0yih5pRsOUYLcUy_1742503411_195799869_sentence_segment_close.wav",20.6261276285357,28.391775218962138,20.600418630658154,28.405173984332297
"/home/michaelbennie/OneDrive/Leite,Walter's files - Storiza Corpus Spring 2025/Processed_Utterances/annotated_sentence_segments/uid_ihIoefKsGwTDai7fGs9x3DyNvju2_sid_RO86s0yih5pRsOUYLcUy_1742503411_195799870_sentence_segment_close.wav",30.52472825520471,41.66646653644395,30.471533977045,41.70554745855348
"/home/michaelbennie/OneDrive/Leite,Walter's files - Storiza Corpus Spring 2025/Processed_Utterances/annotated_sentence_segments/uid_ihIoefKsGwTDai7fGs9x3DyNvju2_sid_RO86s0yih5pRsOUYLcUy_1742503411_195799871_sentence_segment_close.wav",43.732287850267895,59.04800837997335,43.86891965749681,59.00282382947714
"/home/michaelbennie/OneDrive/Leite,Walter's files - Storiza Corpus Spring 2025/Processed_Utterances/annotated_sentence_segments/uid_ihIoefKsGwTDai7fGs9x3DyNvju2_sid_RO86s0yih5pRsOUYLcUy_1742503411_195799872_sentence_segment_close.wav",60.67280372558961,63.70872481661512,60.62292767352887,63.76612315540172
"/home/michaelbennie/OneDrive/Leite,Walter's files - Storiza Corpus Spring 2025/Processed_Utterances/annotated_sentence_segments/uid_ihIoefKsGwTDai7fGs9x3DyNvju2_sid_RO86s0yih5pRsOUYLcUy_1742503411_195799873_sentence_segment_close.wav",63.24668242632665,79.68297748640829,64.17357442157041,79.64702131535799
"/home/michaelbennie/OneDrive/Leite,Walter's files - Storiza Corpus Spring 2025/Processed_Utterances/annotated_sentence_segments/uid_ihIoefKsGwTDai7fGs9x3DyNvju2_sid_RO86s0yih5pRsOUYLcUy_1742503411_195799874_sentence_segment_close.wav",80.8939418732131,105.33741804454486,80.78206412825652,106.08284751320824
"/home/michaelbennie/OneDrive/Leite,Walter's files - Storiza Corpus Spring 2025/Processed_Utterances/annotated_sentence_segments/uid_mHWscHBXcoabM7fdw88AliGuPWw1_sid_myvjKGMQftYgFVPoNsC8_1741648000_195799875_sentence_segment_close.wav",0.615751861673941,7.553292637756265,0.6337509211495946,7.627118644067796
"/home/michaelbennie/OneDrive/Leite,Walter's files - Storiza Corpus Spring 2025/Processed_Utterances/annotated_sentence_segments/uid_mHWscHBXcoabM7fdw88AliGuPWw1_sid_myvjKGMQftYgFVPoNsC8_1741648000_195799876_sentence_segment_close.wav",9.07151715857812,16.882056894805118,8.324735637262805,16.887742269539885
"/home/michaelbennie/OneDrive/Leite,Walter's files - Storiza Corpus Spring 2025/Processed_Utterances/annotated_sentence_segments/uid_mHWscHBXcoabM7fdw88AliGuPWw1_sid_myvjKGMQftYgFVPoNsC8_1741648000_195799877_sentence_segment_close.wav",17.46374520328047,28.880612018370293,17.472365512159175,28.887251289609434
"/home/michaelbennie/OneDrive/Leite,Walter's files - Storiza Corpus Spring 2025/Processed_Utterances/annotated_sentence_segments/uid_mHWscHBXcoabM7fdw88AliGuPWw1_sid_myvjKGMQftYgFVPoNsC8_1741648000_195799878_sentence_segment_close.wav",32.25470665446623,36.78275616768709,32.28204111966148,36.713038032735824
"/home/michaelbennie/OneDrive/Leite,Walter's files - Storiza Corpus Spring 2025/Processed_Utterances/annotated_sentence_segments/uid_mHWscHBXcoabM7fdw88AliGuPWw1_sid_myvjKGMQftYgFVPoNsC8_1741648000_195799879_sentence_segment_close.wav",37.113526968345035,45.25975479686825,37.10850775898788,45.21670773158103
"/home/michaelbennie/OneDrive/Leite,Walter's files - Storiza Corpus Spring 2025/Processed_Utterances/annotated_sentence_segments/uid_mHWscHBXcoabM7fdw88AliGuPWw1_sid_myvjKGMQftYgFVPoNsC8_1741648000_195799880_sentence_segment_close.wav",45.37117023586189,48.15592929462448,45.36746650229213,48.3302040832235
"/home/michaelbennie/OneDrive/Leite,Walter's files - Storiza Corpus Spring 2025/Processed_Utterances/annotated_sentence_segments/uid_lEq1lXM2xafR8w5blWO2OCG8VE93_sid_QZCzHYRZaTUgtwtpi6Sv_1743954193_195799881_sentence_segment_close.wav",2.480007334342532,6.515295303103498,2.417220472459831,6.990727875010073
"/home/michaelbennie/OneDrive/Leite,Walter's files - Storiza Corpus Spring 2025/Processed_Utterances/annotated_sentence_segments/uid_lEq1lXM2xafR8w5blWO2OCG8VE93_sid_QZCzHYRZaTUgtwtpi6Sv_1743954193_195799882_sentence_segment_close.wav",8.427318726600006,23.626985962332956,8.08123360499835,24.002604524243097
"/home/michaelbennie/OneDrive/Leite,Walter's files - Storiza Corpus Spring 2025/Processed_Utterances/annotated_sentence_segments/uid_lEq1lXM2xafR8w5blWO2OCG8VE93_sid_QZCzHYRZaTUgtwtpi6Sv_1743954193_195799883_sentence_segment_close.wav",26.470749151267547,33.294345396311584,26.24043715846994,33.70491803278688
"/home/michaelbennie/OneDrive/Leite,Walter's files - Storiza Corpus Spring 2025/Processed_Utterances/annotated_sentence_segments/uid_lEq1lXM2xafR8w5blWO2OCG8VE93_sid_QZCzHYRZaTUgtwtpi6Sv_1743954193_195799884_sentence_segment_close.wav",37.52812081915533,48.8436560408847,37.29325958418716,49.4544822205518
"/home/michaelbennie/OneDrive/Leite,Walter's files - Storiza Corpus Spring 2025/Processed_Utterances/annotated_sentence_segments/uid_lEq1lXM2xafR8w5blWO2OCG8VE93_sid_QZCzHYRZaTUgtwtpi6Sv_1743954193_195799885_sentence_segment_close.wav",50.90511207461333,53.30325257979817,50.76138255635246,53.38433337602459
"/home/michaelbennie/OneDrive/Leite,Walter's files - Storiza Corpus Spring 2025/Processed_Utterances/annotated_sentence_segments/uid_lEq1lXM2xafR8w5blWO2OCG8VE93_sid_QZCzHYRZaTUgtwtpi6Sv_1743954193_195799886_sentence_segment_close.wav",55.32209642211106,61.61956631157419,55.20583055840164,61.71893081581806
"/home/michaelbennie/OneDrive/Leite,Walter's files - Storiza Corpus Spring 2025/Processed_Utterances/annotated_sentence_segments/uid_lEq1lXM2xafR8w5blWO2OCG8VE93_sid_QZCzHYRZaTUgtwtpi6Sv_1743954193_195799887_sentence_segment_close.wav",62.21987867831036,69.33167104929728,62.1639344262295,69.31147540983606
"/home/michaelbennie/OneDrive/Leite,Walter's files - Storiza Corpus Spring 2025/Processed_Utterances/annotated_sentence_segments/uid_lEq1lXM2xafR8w5blWO2OCG8VE93_sid_QZCzHYRZaTUgtwtpi6Sv_1743954193_195799888_sentence_segment_close.wav",72.09247508832578,78.9372042390191,71.6466284579918,79.4171202612705
"/home/michaelbennie/OneDrive/Leite,Walter's files - Storiza Corpus Spring 2025/Processed_Utterances/annotated_sentence_segments/uid_lEq1lXM2xafR8w5blWO2OCG8VE93_sid_QZCzHYRZaTUgtwtpi6Sv_1743954193_195799889_sentence_segment_close.wav",81.67864229066184,85.6820019908834,81.51184148736338,85.83971033982239
"/home/michaelbennie/OneDrive/Leite,Walter's files - Storiza Corpus Spring 2025/Processed_Utterances/annotated_sentence_segments/uid_lEq1lXM2xafR8w5blWO2OCG8VE93_sid_QZCzHYRZaTUgtwtpi6Sv_1743954193_195799890_sentence_segment_close.wav",88.95939405437115,100.73992307563279,88.60068498118605,102.14986727244676
"/home/michaelbennie/OneDrive/Leite,Walter's files - Storiza Corpus Spring 2025/Processed_Utterances/annotated_sentence_segments/uid_lEq1lXM2xafR8w5blWO2OCG8VE93_sid_QZCzHYRZaTUgtwtpi6Sv_1743954193_195799891_sentence_segment_close.wav",104.23697050453,108.46776090026171,104.20765027322405,108.65573770491804
"/home/michaelbennie/OneDrive/Leite,Walter's files - Storiza Corpus Spring 2025/Processed_Utterances/annotated_sentence_segments/uid_lEq1lXM2xafR8w5blWO2OCG8VE93_sid_QZCzHYRZaTUgtwtpi6Sv_1743954193_195799892_sentence_segment_close.wav",110.14045346594104,120.2369813888426,110.0,120.43715846994536
"/home/michaelbennie/OneDrive/Leite,Walter's files - Storiza Corpus Spring 2025/Processed_Utterances/annotated_sentence_segments/uid_CjlD9aGvoSfMhsnUwRIQlMr4IFp1_sid_RtxDiSxFul0yppqfezgP_1741403164_195799893_sentence_segment_close.wav",1.7351215720666047,4.652112439386892,1.577181208053691,4.876957494407159
"/home/michaelbennie/OneDrive/Leite,Walter's files - Storiza Corpus Spring 2025/Processed_Utterances/annotated_sentence_segments/uid_CjlD9aGvoSfMhsnUwRIQlMr4IFp1_sid_RtxDiSxFul0yppqfezgP_1741403164_195799894_sentence_segment_close.wav",5.018122851977752,8.631819368363026,4.9552572706935125,8.83668903803132
"/home/michaelbennie/OneDrive/Leite,Walter's files - Storiza Corpus Spring 2025/Processed_Utterances/annotated_sentence_segments/uid_CjlD9aGvoSfMhsnUwRIQlMr4IFp1_sid_RtxDiSxFul0yppqfezgP_1741403164_195799895_sentence_segment_close.wav",8.813014151016809,10.88583857579197,8.850967007963593,11.04664391353811
"/home/michaelbennie/OneDrive/Leite,Walter's files - Storiza Corpus Spring 2025/Processed_Utterances/annotated_sentence_segments/uid_CjlD9aGvoSfMhsnUwRIQlMr4IFp1_sid_RtxDiSxFul0yppqfezgP_1741403164_195799896_sentence_segment_close.wav",10.881108487971174,15.775620770893003,11.058020477815695,16.32682044116636
"/home/michaelbennie/OneDrive/Leite,Walter's files - Storiza Corpus Spring 2025/Processed_Utterances/annotated_sentence_segments/uid_CjlD9aGvoSfMhsnUwRIQlMr4IFp1_sid_RtxDiSxFul0yppqfezgP_1741403164_195799897_sentence_segment_close.wav",16.575046536979286,18.801578543153894,16.487695749440714,18.839043106786946
"/home/michaelbennie/OneDrive/Leite,Walter's files - Storiza Corpus Spring 2025/Processed_Utterances/annotated_sentence_segments/uid_CjlD9aGvoSfMhsnUwRIQlMr4IFp1_sid_RtxDiSxFul0yppqfezgP_1741403164_195799898_sentence_segment_close.wav",18.793644843861312,23.01250886988104,18.84,23.075871757870065
"/home/michaelbennie/OneDrive/Leite,Walter's files - Storiza Corpus Spring 2025/Processed_Utterances/annotated_sentence_segments/uid_CjlD9aGvoSfMhsnUwRIQlMr4IFp1_sid_RtxDiSxFul0yppqfezgP_1741403164_195799899_sentence_segment_close.wav",23.190573004173924,31.645757404765618,23.157004475944344,32.05322117213776
"/home/michaelbennie/OneDrive/Leite,Walter's files - Storiza Corpus Spring 2025/Processed_Utterances/annotated_sentence_segments/uid_MxRr8Ht6WZT2EokHSRsT2U2Pq3h1_sid_2QdszNsHLvc54XK7PI9w_1742333475_195799900_sentence_segment_close.wav",0.2299802744623127,5.809848634807151,0.0638664093804699,5.878162651090124
"/home/michaelbennie/OneDrive/Leite,Walter's files - Storiza Corpus Spring 2025/Processed_Utterances/annotated_sentence_segments/uid_MxRr8Ht6WZT2EokHSRsT2U2Pq3h1_sid_2QdszNsHLvc54XK7PI9w_1742333475_195799901_sentence_segment_close.wav",7.280269507996435,18.202195685500637,7.280766396462789,18.246131171702284
"/home/michaelbennie/OneDrive/Leite,Walter's files - Storiza Corpus Spring 2025/Processed_Utterances/annotated_sentence_segments/uid_MxRr8Ht6WZT2EokHSRsT2U2Pq3h1_sid_2QdszNsHLvc54XK7PI9w_1742333475_195799902_sentence_segment_close.wav",20.6539159105962,27.84981155675807,20.66314534010875,27.870302137067064
"/home/michaelbennie/OneDrive/Leite,Walter's files - Storiza Corpus Spring 2025/Processed_Utterances/annotated_sentence_segments/uid_MxRr8Ht6WZT2EokHSRsT2U2Pq3h1_sid_2QdszNsHLvc54XK7PI9w_1742333475_195799903_sentence_segment_close.wav",29.554470597213317,34.176758818399506,29.5231285376872,34.37975867319915
"/home/michaelbennie/OneDrive/Leite,Walter's files - Storiza Corpus Spring 2025/Processed_Utterances/annotated_sentence_segments/uid_MxRr8Ht6WZT2EokHSRsT2U2Pq3h1_sid_2QdszNsHLvc54XK7PI9w_1742333475_195799904_sentence_segment_close.wav",36.77487787063402,57.01109166180696,36.79883841057344,57.40113114291636
"/home/michaelbennie/OneDrive/Leite,Walter's files - Storiza Corpus Spring 2025/Processed_Utterances/annotated_sentence_segments/uid_MxRr8Ht6WZT2EokHSRsT2U2Pq3h1_sid_2QdszNsHLvc54XK7PI9w_1742333475_195799905_sentence_segment_close.wav",59.369367666493545,66.15710192190684,59.35396828366802,66.31785921955601
"/home/michaelbennie/OneDrive/Leite,Walter's files - Storiza Corpus Spring 2025/Processed_Utterances/annotated_sentence_segments/uid_mHWscHBXcoabM7fdw88AliGuPWw1_sid_3dyK1DI6xciT4qlkUGa3_1741993316_195799906_sentence_segment_close.wav",2.111114263133718,17.952310017004102,2.122222145834696,18.08110759379364
"/home/michaelbennie/OneDrive/Leite,Walter's files - Storiza Corpus Spring 2025/Processed_Utterances/annotated_sentence_segments/uid_mHWscHBXcoabM7fdw88AliGuPWw1_sid_3dyK1DI6xciT4qlkUGa3_1741993316_195799907_sentence_segment_close.wav",18.843206641249548,23.136520890708844,18.863571476582155,23.25437593845445
"/home/michaelbennie/OneDrive/Leite,Walter's files - Storiza Corpus Spring 2025/Processed_Utterances/annotated_sentence_segments/uid_mHWscHBXcoabM7fdw88AliGuPWw1_sid_3dyK1DI6xciT4qlkUGa3_1741993316_195799908_sentence_segment_close.wav",25.870256237724902,34.315329811149404,25.720582276553447,34.3045678546624
"/home/michaelbennie/OneDrive/Leite,Walter's files - Storiza Corpus Spring 2025/Processed_Utterances/annotated_sentence_segments/uid_mHWscHBXcoabM7fdw88AliGuPWw1_sid_3dyK1DI6xciT4qlkUGa3_1741993316_195799909_sentence_segment_close.wav",35.73104298686985,43.80546739094748,35.72089239726899,43.93405286722152
"/home/michaelbennie/OneDrive/Leite,Walter's files - Storiza Corpus Spring 2025/Processed_Utterances/annotated_sentence_segments/uid_mHWscHBXcoabM7fdw88AliGuPWw1_sid_3dyK1DI6xciT4qlkUGa3_1741993316_195799910_sentence_segment_close.wav",44.95364269710992,49.08839210824397,44.9760603594167,49.038508932961086
"/home/michaelbennie/OneDrive/Leite,Walter's files - Storiza Corpus Spring 2025/Processed_Utterances/annotated_sentence_segments/uid_mHWscHBXcoabM7fdw88AliGuPWw1_sid_3dyK1DI6xciT4qlkUGa3_1741993316_195799911_sentence_segment_close.wav",51.330887106267134,55.198811955648594,51.349433929097096,55.18028292001031
"/home/michaelbennie/OneDrive/Leite,Walter's files - Storiza Corpus Spring 2025/Processed_Utterances/annotated_sentence_segments/uid_mHWscHBXcoabM7fdw88AliGuPWw1_sid_3dyK1DI6xciT4qlkUGa3_1741993316_195799912_sentence_segment_close.wav",57.054749129694606,62.38876691588429,57.04982898443801,62.44054463033383
"/home/michaelbennie/OneDrive/Leite,Walter's files - Storiza Corpus Spring 2025/Processed_Utterances/annotated_sentence_segments/uid_mHWscHBXcoabM7fdw88AliGuPWw1_sid_3dyK1DI6xciT4qlkUGa3_1741993316_195799913_sentence_segment_close.wav",65.44040668804773,67.2944058562452,65.43793732435347,67.45085348574649
"/home/michaelbennie/OneDrive/Leite,Walter's files - Storiza Corpus Spring 2025/Processed_Utterances/annotated_sentence_segments/uid_mHWscHBXcoabM7fdw88AliGuPWw1_sid_3dyK1DI6xciT4qlkUGa3_1741993316_195799914_sentence_segment_close.wav",68.57466022459761,79.82449861316113,68.5672249071868,79.83611452866053
"/home/michaelbennie/OneDrive/Leite,Walter's files - Storiza Corpus Spring 2025/Processed_Utterances/annotated_sentence_segments/uid_mHWscHBXcoabM7fdw88AliGuPWw1_sid_3dyK1DI6xciT4qlkUGa3_1741993316_195799915_sentence_segment_close.wav",81.28853606546694,89.00402203565068,81.2905687307724,88.9947879204194
"/home/michaelbennie/OneDrive/Leite,Walter's files - Storiza Corpus Spring 2025/Processed_Utterances/annotated_sentence_segments/uid_mHWscHBXcoabM7fdw88AliGuPWw1_sid_3dyK1DI6xciT4qlkUGa3_1741993316_195799916_sentence_segment_close.wav",90.32253846826993,94.29001764640286,90.35195002690584,94.34181718339852
"/home/michaelbennie/OneDrive/Leite,Walter's files - Storiza Corpus Spring 2025/Processed_Utterances/annotated_sentence_segments/uid_mHWscHBXcoabM7fdw88AliGuPWw1_sid_3dyK1DI6xciT4qlkUGa3_1741993316_195799917_sentence_segment_close.wav",96.18130788116474,102.44413426652856,96.178584672321,102.48
"/home/michaelbennie/OneDrive/Leite,Walter's files - Storiza Corpus Spring 2025/Processed_Utterances/annotated_sentence_segments/uid_eQ9VyOzVOCQWR7uTGBGzvfh3rUJ2_sid_a8eZ9XHvZdKivz3bFdHW_1743175416_195799918_sentence_segment_close.wav",0.47961324992648763,7.927195914750147,0.4688528529121654,8.108527480130126
"/home/michaelbennie/OneDrive/Leite,Walter's files - Storiza Corpus Spring 2025/Processed_Utterances/annotated_sentence_segments/uid_eQ9VyOzVOCQWR7uTGBGzvfh3rUJ2_sid_a8eZ9XHvZdKivz3bFdHW_1743175416_195799919_sentence_segment_close.wav",7.925933157484806,18.907546372455478,8.144888904858057,19.10314253401593
"/home/michaelbennie/OneDrive/Leite,Walter's files - Storiza Corpus Spring 2025/Processed_Utterances/annotated_sentence_segments/uid_eQ9VyOzVOCQWR7uTGBGzvfh3rUJ2_sid_a8eZ9XHvZdKivz3bFdHW_1743175416_195799920_sentence_segment_close.wav",19.053159012057808,35.22185264609086,19.12108862050941,35.139173684334075
"/home/michaelbennie/OneDrive/Leite,Walter's files - Storiza Corpus Spring 2025/Processed_Utterances/annotated_sentence_segments/uid_eQ9VyOzVOCQWR7uTGBGzvfh3rUJ2_sid_a8eZ9XHvZdKivz3bFdHW_1743175416_195799921_sentence_segment_close.wav",35.669759693763986,51.57025594583662,35.645777608418726,51.54017207487503
"/home/michaelbennie/OneDrive/Leite,Walter's files - Storiza Corpus Spring 2025/Processed_Utterances/annotated_sentence_segments/uid_eQ9VyOzVOCQWR7uTGBGzvfh3rUJ2_sid_a8eZ9XHvZdKivz3bFdHW_1743175416_195799923_sentence_segment_close.wav",69.53946569124619,75.75175922265537,69.60360986611886,75.61957859246795
"/home/michaelbennie/OneDrive/Leite,Walter's files - Storiza Corpus Spring 2025/Processed_Utterances/annotated_sentence_segments/uid_eQ9VyOzVOCQWR7uTGBGzvfh3rUJ2_sid_a8eZ9XHvZdKivz3bFdHW_1743175416_195799925_sentence_segment_close.wav",81.52060687226928,106.11364730680626,81.34100690789072,106.16507068231157
"/home/michaelbennie/OneDrive/Leite,Walter's files - Storiza Corpus Spring 2025/Processed_Utterances/annotated_sentence_segments/uid_ihIoefKsGwTDai7fGs9x3DyNvju2_sid_rRyldMhDpQ6c2k4qHgO3_1742504648_195799926_sentence_segment_close.wav",0.29957361820247497,10.198283967954215,0.3085543474373296,10.18747438144032
"/home/michaelbennie/OneDrive/Leite,Walter's files - Storiza Corpus Spring 2025/Processed_Utterances/annotated_sentence_segments/uid_XmxSYUZAj4dRqSczt2clQkDf31M2_sid_NxoVXDkmYhch9d9VLsD1_1741231226_195799927_sentence_segment_close.wav",0.0,13.913838604452785,0.0712352688029671,13.895848385973196
"/home/michaelbennie/OneDrive/Leite,Walter's files - Storiza Corpus Spring 2025/Processed_Utterances/annotated_sentence_segments/uid_XmxSYUZAj4dRqSczt2clQkDf31M2_sid_NxoVXDkmYhch9d9VLsD1_1741231226_195799928_sentence_segment_close.wav",14.177929689237095,19.525193041577726,14.195528754260314,19.47187363266857
"/home/michaelbennie/OneDrive/Leite,Walter's files - Storiza Corpus Spring 2025/Processed_Utterances/annotated_sentence_segments/uid_XmxSYUZAj4dRqSczt2clQkDf31M2_sid_NxoVXDkmYhch9d9VLsD1_1741231226_195799929_sentence_segment_close.wav",19.514468778942412,34.15950929984501,19.54186273914628,33.533139411300496
"/home/michaelbennie/OneDrive/Leite,Walter's files - Storiza Corpus Spring 2025/Processed_Utterances/annotated_sentence_segments/uid_XmxSYUZAj4dRqSczt2clQkDf31M2_sid_NxoVXDkmYhch9d9VLsD1_1741231226_195799930_sentence_segment_close.wav",34.46833709864329,46.55299157300599,33.58388722250369,46.5241967287675
"/home/michaelbennie/OneDrive/Leite,Walter's files - Storiza Corpus Spring 2025/Processed_Utterances/annotated_sentence_segments/uid_XmxSYUZAj4dRqSczt2clQkDf31M2_sid_NxoVXDkmYhch9d9VLsD1_1741231226_195799931_sentence_segment_close.wav",46.55194965013599,62.878821578781505,46.59788869634304,62.81749075971813
"/home/michaelbennie/OneDrive/Leite,Walter's files - Storiza Corpus Spring 2025/Processed_Utterances/annotated_sentence_segments/uid_XmxSYUZAj4dRqSczt2clQkDf31M2_sid_NxoVXDkmYhch9d9VLsD1_1741231226_195799932_sentence_segment_close.wav",63.457801979090064,77.42554123935481,63.48238968710225,77.40890858178862
"/home/michaelbennie/OneDrive/Leite,Walter's files - Storiza Corpus Spring 2025/Processed_Utterances/annotated_sentence_segments/uid_XmxSYUZAj4dRqSczt2clQkDf31M2_sid_NxoVXDkmYhch9d9VLsD1_1741231226_195799933_sentence_segment_close.wav",77.75204348456917,98.65879820951699,77.75292670772055,98.6342445997605
"/home/michaelbennie/OneDrive/Leite,Walter's files - Storiza Corpus Spring 2025/Processed_Utterances/annotated_sentence_segments/uid_XmxSYUZAj4dRqSczt2clQkDf31M2_sid_NxoVXDkmYhch9d9VLsD1_1741231226_195799934_sentence_segment_close.wav",99.17861881560219,127.00841932483894,99.18447316000368,126.9663449359801
"/home/michaelbennie/OneDrive/Leite,Walter's files - Storiza Corpus Spring 2025/Processed_Utterances/annotated_sentence_segments/uid_d4lLmJzVbJaLpyCuafResXOry3t2_sid_rcTNhF88C79EqtExGJfr_1742502803_195799935_sentence_segment_close.wav",0.36483017078004776,12.783250337712662,0.3340705528624719,12.839597450430638
"/home/michaelbennie/OneDrive/Leite,Walter's files - Storiza Corpus Spring 2025/Processed_Utterances/annotated_sentence_segments/uid_d4lLmJzVbJaLpyCuafResXOry3t2_sid_rcTNhF88C79EqtExGJfr_1742502803_195799936_sentence_segment_close.wav",14.452040587537907,21.94169919229329,14.487840825350036,21.79808400884304
"/home/michaelbennie/OneDrive/Leite,Walter's files - Storiza Corpus Spring 2025/Processed_Utterances/annotated_sentence_segments/uid_d4lLmJzVbJaLpyCuafResXOry3t2_sid_rcTNhF88C79EqtExGJfr_1742502803_195799937_sentence_segment_close.wav",23.24168813767376,38.903744975970795,23.395463853992776,38.83566691230656
"/home/michaelbennie/OneDrive/Leite,Walter's files - Storiza Corpus Spring 2025/Processed_Utterances/annotated_sentence_segments/uid_d4lLmJzVbJaLpyCuafResXOry3t2_sid_rcTNhF88C79EqtExGJfr_1742502803_195799938_sentence_segment_close.wav",40.60613876984551,61.91204580388584,40.63701638956382,61.8095686488799
"/home/michaelbennie/OneDrive/Leite,Walter's files - Storiza Corpus Spring 2025/Processed_Utterances/annotated_sentence_segments/uid_d4lLmJzVbJaLpyCuafResXOry3t2_sid_rcTNhF88C79EqtExGJfr_1742502803_195799939_sentence_segment_close.wav",62.53280455332064,71.1457338440471,62.52385704994216,71.10700942349328
"/home/michaelbennie/OneDrive/Leite,Walter's files - Storiza Corpus Spring 2025/Processed_Utterances/annotated_sentence_segments/uid_d4lLmJzVbJaLpyCuafResXOry3t2_sid_rcTNhF88C79EqtExGJfr_1742502803_195799940_sentence_segment_close.wav",72.93538418748696,88.40716303778109,72.94246733455121,88.3772882911965
"/home/michaelbennie/OneDrive/Leite,Walter's files - Storiza Corpus Spring 2025/Processed_Utterances/annotated_sentence_segments/uid_d4lLmJzVbJaLpyCuafResXOry3t2_sid_rcTNhF88C79EqtExGJfr_1742502803_195799941_sentence_segment_close.wav",89.79528169115919,105.28914712488425,89.86873160626955,105.3807449305489
"/home/michaelbennie/OneDrive/Leite,Walter's files - Storiza Corpus Spring 2025/Processed_Utterances/annotated_sentence_segments/uid_d4lLmJzVbJaLpyCuafResXOry3t2_sid_rcTNhF88C79EqtExGJfr_1742502803_195799942_sentence_segment_close.wav",108.26172766290844,110.35180658522582,108.2700285901212,110.309392738188
"/home/michaelbennie/OneDrive/Leite,Walter's files - Storiza Corpus Spring 2025/Processed_Utterances/annotated_sentence_segments/uid_d4lLmJzVbJaLpyCuafResXOry3t2_sid_rcTNhF88C79EqtExGJfr_1742502803_195799943_sentence_segment_close.wav",112.26834768013987,122.56726054263737,112.26000785921642,122.5257260369851
"/home/michaelbennie/OneDrive/Leite,Walter's files - Storiza Corpus Spring 2025/Processed_Utterances/annotated_sentence_segments/uid_0FdMSMtn95PJ9tLFeW3F4sFLPMh1_sid_PzCPrPJB9BiIogeRJC8Z_1743129370_195799944_sentence_segment_close.wav",1.24996419513805,7.426284964362404,1.2675018422991895,7.450257921886515
"/home/michaelbennie/OneDrive/Leite,Walter's files - Storiza Corpus Spring 2025/Processed_Utterances/annotated_sentence_segments/uid_0FdMSMtn95PJ9tLFeW3F4sFLPMh1_sid_PzCPrPJB9BiIogeRJC8Z_1743129370_195799945_sentence_segment_close.wav",7.802442033916431,13.443014989299193,7.830999904286801,13.402112652997191
"/home/michaelbennie/OneDrive/Leite,Walter's files - Storiza Corpus Spring 2025/Processed_Utterances/annotated_sentence_segments/uid_0FdMSMtn95PJ9tLFeW3F4sFLPMh1_sid_PzCPrPJB9BiIogeRJC8Z_1743129370_195799946_sentence_segment_close.wav",16.46163216768807,23.684075192267102,16.494940964338067,23.64949511267365
"/home/michaelbennie/OneDrive/Leite,Walter's files - Storiza Corpus Spring 2025/Processed_Utterances/annotated_sentence_segments/uid_0FdMSMtn95PJ9tLFeW3F4sFLPMh1_sid_PzCPrPJB9BiIogeRJC8Z_1743129370_195799947_sentence_segment_close.wav",24.307015680976345,35.11610896469545,24.327508023477737,35.094757830873874
"/home/michaelbennie/OneDrive/Leite,Walter's files - Storiza Corpus Spring 2025/Processed_Utterances/annotated_sentence_segments/uid_0FdMSMtn95PJ9tLFeW3F4sFLPMh1_sid_PzCPrPJB9BiIogeRJC8Z_1743129370_195799948_sentence_segment_close.wav",37.49181975764417,44.45683209041331,37.51334119926455,44.16191556341799
"/home/michaelbennie/OneDrive/Leite,Walter's files - Storiza Corpus Spring 2025/Processed_Utterances/annotated_sentence_segments/uid_0FdMSMtn95PJ9tLFeW3F4sFLPMh1_sid_PzCPrPJB9BiIogeRJC8Z_1743129370_195799949_sentence_segment_close.wav",44.46892503140451,51.653840053303746,44.48938149791173,51.65875202627277
"/home/michaelbennie/OneDrive/Leite,Walter's files - Storiza Corpus Spring 2025/Processed_Utterances/annotated_sentence_segments/uid_0FdMSMtn95PJ9tLFeW3F4sFLPMh1_sid_PzCPrPJB9BiIogeRJC8Z_1743129370_195799950_sentence_segment_close.wav",53.079687347868436,61.47408897895107,53.13162713120177,61.275797367492125
"/home/michaelbennie/OneDrive/Leite,Walter's files - Storiza Corpus Spring 2025/Processed_Utterances/annotated_sentence_segments/uid_0FdMSMtn95PJ9tLFeW3F4sFLPMh1_sid_PzCPrPJB9BiIogeRJC8Z_1743129370_195799951_sentence_segment_close.wav",61.5567525068491,66.96687373647873,61.58360539481206,67.00877706402595
"/home/michaelbennie/OneDrive/Leite,Walter's files - Storiza Corpus Spring 2025/Processed_Utterances/annotated_sentence_segments/uid_0FdMSMtn95PJ9tLFeW3F4sFLPMh1_sid_PzCPrPJB9BiIogeRJC8Z_1743129370_195799952_sentence_segment_close.wav",69.58870246954231,74.9249396447597,69.60807546662741,74.89447044398185
"/home/michaelbennie/OneDrive/Leite,Walter's files - Storiza Corpus Spring 2025/Processed_Utterances/annotated_sentence_segments/uid_0FdMSMtn95PJ9tLFeW3F4sFLPMh1_sid_PzCPrPJB9BiIogeRJC8Z_1743129370_195799953_sentence_segment_close.wav",75.18623574728478,77.71652014335967,75.20920772210809,77.72236847718347
"/home/michaelbennie/OneDrive/Leite,Walter's files - Storiza Corpus Spring 2025/Processed_Utterances/annotated_sentence_segments/uid_0FdMSMtn95PJ9tLFeW3F4sFLPMh1_sid_PzCPrPJB9BiIogeRJC8Z_1743129370_195799954_sentence_segment_close.wav",78.19487342556894,93.40974345305013,78.28166037091883,93.40294208298714
"/home/michaelbennie/OneDrive/Leite,Walter's files - Storiza Corpus Spring 2025/Processed_Utterances/annotated_sentence_segments/uid_0FdMSMtn95PJ9tLFeW3F4sFLPMh1_sid_PzCPrPJB9BiIogeRJC8Z_1743129370_195799955_sentence_segment_close.wav",93.39967493691026,103.00306393959144,93.42801885476622,102.9454194998306
"/home/michaelbennie/OneDrive/Leite,Walter's files - Storiza Corpus Spring 2025/Processed_Utterances/annotated_sentence_segments/uid_0FdMSMtn95PJ9tLFeW3F4sFLPMh1_sid_PzCPrPJB9BiIogeRJC8Z_1743129370_195799956_sentence_segment_close.wav",103.560988453017,105.62744450277603,103.56857821143048,105.6319964020788
"/home/michaelbennie/OneDrive/Leite,Walter's files - Storiza Corpus Spring 2025/Processed_Utterances/annotated_sentence_segments/uid_0FdMSMtn95PJ9tLFeW3F4sFLPMh1_sid_PzCPrPJB9BiIogeRJC8Z_1743129370_195799957_sentence_segment_close.wav",105.8216963069548,110.46424363618966,105.85685299174489,110.4395486837354
"/home/michaelbennie/OneDrive/Leite,Walter's files - Storiza Corpus Spring 2025/Processed_Utterances/annotated_sentence_segments/uid_0FdMSMtn95PJ9tLFeW3F4sFLPMh1_sid_PzCPrPJB9BiIogeRJC8Z_1743129370_195799958_sentence_segment_close.wav",111.38012060993925,112.1470025317183,111.4071863744986,112.11560182139029
"/home/michaelbennie/OneDrive/Leite,Walter's files - Storiza Corpus Spring 2025/Processed_Utterances/annotated_sentence_segments/uid_0FdMSMtn95PJ9tLFeW3F4sFLPMh1_sid_PzCPrPJB9BiIogeRJC8Z_1743129370_195799959_sentence_segment_close.wav",112.08504035196941,115.81055400922199,112.15183347213032,115.76262949242516
"/home/michaelbennie/OneDrive/Leite,Walter's files - Storiza Corpus Spring 2025/Processed_Utterances/annotated_sentence_segments/uid_0FdMSMtn95PJ9tLFeW3F4sFLPMh1_sid_PzCPrPJB9BiIogeRJC8Z_1743129370_195799960_sentence_segment_close.wav",116.50254958186828,128.38118916739367,116.54777607695029,128.2924688377735
"/home/michaelbennie/OneDrive/Leite,Walter's files - Storiza Corpus Spring 2025/Processed_Utterances/annotated_sentence_segments/uid_0FdMSMtn95PJ9tLFeW3F4sFLPMh1_sid_PzCPrPJB9BiIogeRJC8Z_1743129370_195799961_sentence_segment_close.wav",128.7229592251289,134.69567532955244,128.72251239678715,134.74288365798142
"/home/michaelbennie/OneDrive/Leite,Walter's files - Storiza Corpus Spring 2025/Processed_Utterances/annotated_sentence_segments/uid_0FdMSMtn95PJ9tLFeW3F4sFLPMh1_sid_PzCPrPJB9BiIogeRJC8Z_1743129370_195799962_sentence_segment_close.wav",135.319517015824,140.48926311861663,135.42814069395763,140.49020046681028
"/home/michaelbennie/OneDrive/Leite,Walter's files - Storiza Corpus Spring 2025/Processed_Utterances/annotated_sentence_segments/uid_qgT735VZ7OPJmWzvIgZGZAchHgD2_sid_F5kGIH0AyeRaOjCSVl6i_1742415864_195799963_sentence_segment_close.wav",1.3656297170000877,3.310439415809177,1.3760245183391582,3.2727069625363763
"/home/michaelbennie/OneDrive/Leite,Walter's files - Storiza Corpus Spring 2025/Processed_Utterances/annotated_sentence_segments/uid_qgT735VZ7OPJmWzvIgZGZAchHgD2_sid_F5kGIH0AyeRaOjCSVl6i_1742415864_195799964_sentence_segment_close.wav",3.3857450871177135,11.777390652888966,3.446259651778405,11.6745143729281
"/home/michaelbennie/OneDrive/Leite,Walter's files - Storiza Corpus Spring 2025/Processed_Utterances/annotated_sentence_segments/uid_qgT735VZ7OPJmWzvIgZGZAchHgD2_sid_F5kGIH0AyeRaOjCSVl6i_1742415864_195799965_sentence_segment_close.wav",11.903710224125577,17.17380561289249,11.956537368811876,17.14452170146897
"/home/michaelbennie/OneDrive/Leite,Walter's files - Storiza Corpus Spring 2025/Processed_Utterances/annotated_sentence_segments/uid_qgT735VZ7OPJmWzvIgZGZAchHgD2_sid_F5kGIH0AyeRaOjCSVl6i_1742415864_195799966_sentence_segment_close.wav",17.56775567882422,21.696264542460582,17.624890242844707,21.65069170528292
"/home/michaelbennie/OneDrive/Leite,Walter's files - Storiza Corpus Spring 2025/Processed_Utterances/annotated_sentence_segments/uid_qgT735VZ7OPJmWzvIgZGZAchHgD2_sid_F5kGIH0AyeRaOjCSVl6i_1742415864_195799967_sentence_segment_close.wav",22.24109460647926,32.12739155276044,22.27080794320176,31.990979077746488
"/home/michaelbennie/OneDrive/Leite,Walter's files - Storiza Corpus Spring 2025/Processed_Utterances/annotated_sentence_segments/uid_qgT735VZ7OPJmWzvIgZGZAchHgD2_sid_F5kGIH0AyeRaOjCSVl6i_1742415864_195799968_sentence_segment_close.wav",34.897428072645646,52.40385728990384,34.87840908568628,52.50357671014741
"/home/michaelbennie/OneDrive/Leite,Walter's files - Storiza Corpus Spring 2025/Processed_Utterances/annotated_sentence_segments/uid_qgT735VZ7OPJmWzvIgZGZAchHgD2_sid_F5kGIH0AyeRaOjCSVl6i_1742415864_195799969_sentence_segment_close.wav",53.232595744495455,58.930548382890166,53.233652312012765,58.91585758367373
"/home/michaelbennie/OneDrive/Leite,Walter's files - Storiza Corpus Spring 2025/Processed_Utterances/annotated_sentence_segments/uid_qgT735VZ7OPJmWzvIgZGZAchHgD2_sid_F5kGIH0AyeRaOjCSVl6i_1742415864_195799970_sentence_segment_close.wav",59.221201781049984,66.00008515860233,59.25958491149743,65.94171650776877
"/home/michaelbennie/OneDrive/Leite,Walter's files - Storiza Corpus Spring 2025/Processed_Utterances/annotated_sentence_segments/uid_qgT735VZ7OPJmWzvIgZGZAchHgD2_sid_F5kGIH0AyeRaOjCSVl6i_1742415864_195799971_sentence_segment_close.wav",66.19773211626392,70.16013883909991,66.18998757264131,70.08435089148735
"/home/michaelbennie/OneDrive/Leite,Walter's files - Storiza Corpus Spring 2025/Processed_Utterances/annotated_sentence_segments/uid_qgT735VZ7OPJmWzvIgZGZAchHgD2_sid_F5kGIH0AyeRaOjCSVl6i_1742415864_195799972_sentence_segment_close.wav",70.54592679964611,88.23845549873994,70.563577143604,88.17930610242097
"/home/michaelbennie/OneDrive/Leite,Walter's files - Storiza Corpus Spring 2025/Processed_Utterances/annotated_sentence_segments/uid_qgT735VZ7OPJmWzvIgZGZAchHgD2_sid_F5kGIH0AyeRaOjCSVl6i_1742415864_195799973_sentence_segment_close.wav",88.83187680396091,94.07277647601532,88.85038149132829,94.05121575535996
"/home/michaelbennie/OneDrive/Leite,Walter's files - Storiza Corpus Spring 2025/Processed_Utterances/annotated_sentence_segments/uid_qgT735VZ7OPJmWzvIgZGZAchHgD2_sid_F5kGIH0AyeRaOjCSVl6i_1742415864_195799974_sentence_segment_close.wav",97.31057213340448,104.95292410376305,95.67195646200668,104.86568929003688
"/home/michaelbennie/OneDrive/Leite,Walter's files - Storiza Corpus Spring 2025/Processed_Utterances/annotated_sentence_segments/uid_qgT735VZ7OPJmWzvIgZGZAchHgD2_sid_F5kGIH0AyeRaOjCSVl6i_1742415864_195799975_sentence_segment_close.wav",105.5237030127723,109.00303624410293,105.53676467894418,109.12701800959832
"/home/michaelbennie/OneDrive/Leite,Walter's files - Storiza Corpus Spring 2025/Processed_Utterances/annotated_sentence_segments/uid_qgT735VZ7OPJmWzvIgZGZAchHgD2_sid_F5kGIH0AyeRaOjCSVl6i_1742415864_195799976_sentence_segment_close.wav",109.18770400430074,112.89822939735436,109.22767931793442,112.88504018747928
"/home/michaelbennie/OneDrive/Leite,Walter's files - Storiza Corpus Spring 2025/Processed_Utterances/annotated_sentence_segments/uid_Sn3Nw7A3OmOkiMXEFjEyRusLuuo2_sid_caRe3xv2JyxYcZYLHwBs_1741736883_195799977_sentence_segment_close.wav",2.40563256069656,14.64161167219418,1.7063870352716872,14.59485224022879
"/home/michaelbennie/OneDrive/Leite,Walter's files - Storiza Corpus Spring 2025/Processed_Utterances/annotated_sentence_segments/uid_Sn3Nw7A3OmOkiMXEFjEyRusLuuo2_sid_caRe3xv2JyxYcZYLHwBs_1741736883_195799978_sentence_segment_close.wav",15.158662862132356,50.10001841980207,15.1954242135367,50.33365109628216
"/home/michaelbennie/OneDrive/Leite,Walter's files - Storiza Corpus Spring 2025/Processed_Utterances/annotated_sentence_segments/uid_Sn3Nw7A3OmOkiMXEFjEyRusLuuo2_sid_caRe3xv2JyxYcZYLHwBs_1741736883_195799979_sentence_segment_close.wav",50.982413632946425,67.38243313049315,50.9723546234509,67.3117254528122
"/home/michaelbennie/OneDrive/Leite,Walter's files - Storiza Corpus Spring 2025/Processed_Utterances/annotated_sentence_segments/uid_Sn3Nw7A3OmOkiMXEFjEyRusLuuo2_sid_caRe3xv2JyxYcZYLHwBs_1741736883_195799980_sentence_segment_close.wav",67.6540833039394,93.38330411605233,67.61677788369875,93.42230695900857
"/home/michaelbennie/OneDrive/Leite,Walter's files - Storiza Corpus Spring 2025/Processed_Utterances/annotated_sentence_segments/uid_Sn3Nw7A3OmOkiMXEFjEyRusLuuo2_sid_caRe3xv2JyxYcZYLHwBs_1741736883_195799981_sentence_segment_close.wav",93.63661412150272,112.878778773524,93.7330754352031,112.71760154738878
"/home/michaelbennie/OneDrive/Leite,Walter's files - Storiza Corpus Spring 2025/Processed_Utterances/annotated_sentence_segments/uid_Sn3Nw7A3OmOkiMXEFjEyRusLuuo2_sid_caRe3xv2JyxYcZYLHwBs_1741736883_195799982_sentence_segment_close.wav",113.19820298029887,134.22266649489052,113.13346228239844,134.2166344294004
"/home/michaelbennie/OneDrive/Leite,Walter's files - Storiza Corpus Spring 2025/Processed_Utterances/annotated_sentence_segments/uid_Sn3Nw7A3OmOkiMXEFjEyRusLuuo2_sid_caRe3xv2JyxYcZYLHwBs_1741736883_195799983_sentence_segment_close.wav",134.2482332208728,182.29376645307119,134.2359767891683,182.2627626240696
"/home/michaelbennie/OneDrive/Leite,Walter's files - Storiza Corpus Spring 2025/Processed_Utterances/annotated_sentence_segments/uid_zIPazMYB9WUmRZJJLlrBka2GK663_sid_otLJZhWyMisfQ2v6fxWB_1741638816_195799984_sentence_segment_close.wav",1.1027982024861867,7.669299864450126,2.081031307550645,7.87292817679558
"/home/michaelbennie/OneDrive/Leite,Walter's files - Storiza Corpus Spring 2025/Processed_Utterances/annotated_sentence_segments/uid_zIPazMYB9WUmRZJJLlrBka2GK663_sid_otLJZhWyMisfQ2v6fxWB_1741638816_195799985_sentence_segment_close.wav",7.975518651395885,13.045104506275909,7.983425414364641,13.121546961325969
"/home/michaelbennie/OneDrive/Leite,Walter's files - Storiza Corpus Spring 2025/Processed_Utterances/annotated_sentence_segments/uid_zIPazMYB9WUmRZJJLlrBka2GK663_sid_otLJZhWyMisfQ2v6fxWB_1741638816_195799986_sentence_segment_close.wav",13.456801392366295,22.620662192461772,13.43462246777164,22.684011881978204
"/home/michaelbennie/OneDrive/Leite,Walter's files - Storiza Corpus Spring 2025/Processed_Utterances/annotated_sentence_segments/uid_zIPazMYB9WUmRZJJLlrBka2GK663_sid_otLJZhWyMisfQ2v6fxWB_1741638816_195799987_sentence_segment_close.wav",22.69553551774323,26.520110750386653,22.7190622978848,26.75874769797422
"/home/michaelbennie/OneDrive/Leite,Walter's files - Storiza Corpus Spring 2025/Processed_Utterances/annotated_sentence_segments/uid_zIPazMYB9WUmRZJJLlrBka2GK663_sid_otLJZhWyMisfQ2v6fxWB_1741638816_195799988_sentence_segment_close.wav",26.807657187144162,37.011164466932975,26.79558011049724,37.16390423572744
"/home/michaelbennie/OneDrive/Leite,Walter's files - Storiza Corpus Spring 2025/Processed_Utterances/annotated_sentence_segments/uid_zIPazMYB9WUmRZJJLlrBka2GK663_sid_otLJZhWyMisfQ2v6fxWB_1741638816_195799989_sentence_segment_close.wav",37.54341566466704,50.29406416052546,37.523020257826886,50.306243398803474
"/home/michaelbennie/OneDrive/Leite,Walter's files - Storiza Corpus Spring 2025/Processed_Utterances/annotated_sentence_segments/uid_zIPazMYB9WUmRZJJLlrBka2GK663_sid_otLJZhWyMisfQ2v6fxWB_1741638816_195799990_sentence_segment_close.wav",50.31011084532058,57.32305821145351,50.331491712707184,57.440147329650095
"/home/michaelbennie/OneDrive/Leite,Walter's files - Storiza Corpus Spring 2025/Processed_Utterances/annotated_sentence_segments/uid_zIPazMYB9WUmRZJJLlrBka2GK663_sid_otLJZhWyMisfQ2v6fxWB_1741638816_195799991_sentence_segment_close.wav",57.42100414370511,63.82369160568687,57.46598964242593,64.16206261510129
"/home/michaelbennie/OneDrive/Leite,Walter's files - Storiza Corpus Spring 2025/Processed_Utterances/annotated_sentence_segments/uid_zIPazMYB9WUmRZJJLlrBka2GK663_sid_otLJZhWyMisfQ2v6fxWB_1741638816_195799992_sentence_segment_close.wav",64.26911313940514,68.91463430259414,64.25414364640883,69.10681399631676
"/home/michaelbennie/OneDrive/Leite,Walter's files - Storiza Corpus Spring 2025/Processed_Utterances/annotated_sentence_segments/uid_zIPazMYB9WUmRZJJLlrBka2GK663_sid_otLJZhWyMisfQ2v6fxWB_1741638816_195799993_sentence_segment_close.wav",69.25324318228789,76.21690795283708,69.24493554327807,76.16319098883585
"/home/michaelbennie/OneDrive/Leite,Walter's files - Storiza Corpus Spring 2025/Processed_Utterances/annotated_sentence_segments/uid_zIPazMYB9WUmRZJJLlrBka2GK663_sid_otLJZhWyMisfQ2v6fxWB_1741638816_195799994_sentence_segment_close.wav",76.19500996060964,100.44456035993241,76.21487693756423,100.30745674693982
"/home/michaelbennie/OneDrive/Leite,Walter's files - Storiza Corpus Spring 2025/Processed_Utterances/annotated_sentence_segments/uid_zIPazMYB9WUmRZJJLlrBka2GK663_sid_otLJZhWyMisfQ2v6fxWB_1741638816_195799995_sentence_segment_close.wav",100.54097467756019,110.25711198524304,100.32228360957644,110.4051565377532
"/home/michaelbennie/OneDrive/Leite,Walter's files - Storiza Corpus Spring 2025/Processed_Utterances/annotated_sentence_segments/uid_zIPazMYB9WUmRZJJLlrBka2GK663_sid_otLJZhWyMisfQ2v6fxWB_1741638816_195799996_sentence_segment_close.wav",110.3244571387319,118.61077615227791,110.414364640884,118.59116022099448
"/home/michaelbennie/OneDrive/Leite,Walter's files - Storiza Corpus Spring 2025/Processed_Utterances/annotated_sentence_segments/uid_zIPazMYB9WUmRZJJLlrBka2GK663_sid_otLJZhWyMisfQ2v6fxWB_1741638816_195799997_sentence_segment_close.wav",118.63147859544354,128.11425381669451,118.6412648611169,128.16
"/home/michaelbennie/OneDrive/Leite,Walter's files - Storiza Corpus Spring 2025/Processed_Utterances/annotated_sentence_segments/uid_mHWscHBXcoabM7fdw88AliGuPWw1_sid_7uCDiTq1wssSMWEFdyG8_1742239940_195799998_sentence_segment_close.wav",2.724741652366244,11.559595732391852,2.9224055185634272,11.408921990267748
"/home/michaelbennie/OneDrive/Leite,Walter's files - Storiza Corpus Spring 2025/Processed_Utterances/annotated_sentence_segments/uid_mHWscHBXcoabM7fdw88AliGuPWw1_sid_7uCDiTq1wssSMWEFdyG8_1742239940_195799999_sentence_segment_close.wav",11.713797844648036,16.915018666762265,11.75200075905251,16.888822746886767
"/home/michaelbennie/OneDrive/Leite,Walter's files - Storiza Corpus Spring 2025/Processed_Utterances/annotated_sentence_segments/uid_mHWscHBXcoabM7fdw88AliGuPWw1_sid_7uCDiTq1wssSMWEFdyG8_1742239940_195800000_sentence_segment_close.wav",18.024805803617312,22.3438246169528,18.27049336835435,22.35936624391641
"/home/michaelbennie/OneDrive/Leite,Walter's files - Storiza Corpus Spring 2025/Processed_Utterances/annotated_sentence_segments/uid_mHWscHBXcoabM7fdw88AliGuPWw1_sid_7uCDiTq1wssSMWEFdyG8_1742239940_195800001_sentence_segment_close.wav",22.766668762568045,33.159335445239996,22.808232119333407,33.161484622439794
"/home/michaelbennie/OneDrive/Leite,Walter's files - Storiza Corpus Spring 2025/Processed_Utterances/annotated_sentence_segments/uid_mHWscHBXcoabM7fdw88AliGuPWw1_sid_7uCDiTq1wssSMWEFdyG8_1742239940_195800002_sentence_segment_close.wav",33.91702986018876,42.9729040460056,33.901587294986015,42.95454979177809
"/home/michaelbennie/OneDrive/Leite,Walter's files - Storiza Corpus Spring 2025/Processed_Utterances/annotated_sentence_segments/uid_mHWscHBXcoabM7fdw88AliGuPWw1_sid_7uCDiTq1wssSMWEFdyG8_1742239940_195800003_sentence_segment_close.wav",44.347366293759265,50.355840705297716,44.38568459461702,50.31059094414354
"/home/michaelbennie/OneDrive/Leite,Walter's files - Storiza Corpus Spring 2025/Processed_Utterances/annotated_sentence_segments/uid_mHWscHBXcoabM7fdw88AliGuPWw1_sid_7uCDiTq1wssSMWEFdyG8_1742239940_195800004_sentence_segment_close.wav",51.1604494183532,54.038527464511716,51.14065128607883,53.97430214889585
"/home/michaelbennie/OneDrive/Leite,Walter's files - Storiza Corpus Spring 2025/Processed_Utterances/annotated_sentence_segments/uid_mHWscHBXcoabM7fdw88AliGuPWw1_sid_7uCDiTq1wssSMWEFdyG8_1742239940_195800005_sentence_segment_close.wav",54.917185318530635,62.82075617904692,54.92294339534915,62.82281852805119
"/home/michaelbennie/OneDrive/Leite,Walter's files - Storiza Corpus Spring 2025/Processed_Utterances/annotated_sentence_segments/uid_mHWscHBXcoabM7fdw88AliGuPWw1_sid_7uCDiTq1wssSMWEFdyG8_1742239940_195800006_sentence_segment_close.wav",64.46134528167927,66.25960945594554,64.4747572942265,66.2166552272136
"/home/michaelbennie/OneDrive/Leite,Walter's files - Storiza Corpus Spring 2025/Processed_Utterances/annotated_sentence_segments/uid_mHWscHBXcoabM7fdw88AliGuPWw1_sid_7uCDiTq1wssSMWEFdyG8_1742239940_195800007_sentence_segment_close.wav",66.76522251121176,72.35168525496212,66.76866513555457,72.37463242692853
"/home/michaelbennie/OneDrive/Leite,Walter's files - Storiza Corpus Spring 2025/Processed_Utterances/annotated_sentence_segments/uid_mHWscHBXcoabM7fdw88AliGuPWw1_sid_7uCDiTq1wssSMWEFdyG8_1742239940_195800008_sentence_segment_close.wav",73.05194033909723,75.50435412514828,73.05340216263735,75.47314719829387
"/home/michaelbennie/OneDrive/Leite,Walter's files - Storiza Corpus Spring 2025/Processed_Utterances/annotated_sentence_segments/uid_mHWscHBXcoabM7fdw88AliGuPWw1_sid_7uCDiTq1wssSMWEFdyG8_1742239940_195800009_sentence_segment_close.wav",76.50723680013736,88.03000741344451,76.52025741344451,88.01997732426304
"/home/michaelbennie/OneDrive/Leite,Walter's files - Storiza Corpus Spring 2025/Processed_Utterances/annotated_sentence_segments/uid_jWPmLFrSHDZItPTjjPUB8KAsjlq2_sid_C8n8hZufDi0aASFdmmA4_1742589296_195800010_sentence_segment_close.wav",1.5764761711494144,6.685514983092797,1.5210619144696151,7.013231936840979
"/home/michaelbennie/OneDrive/Leite,Walter's files - Storiza Corpus Spring 2025/Processed_Utterances/annotated_sentence_segments/uid_jWPmLFrSHDZItPTjjPUB8KAsjlq2_sid_C8n8hZufDi0aASFdmmA4_1742589296_195800011_sentence_segment_close.wav",7.052657890225728,8.339726291170926,7.069351230425055,8.344519015659955
"/home/michaelbennie/OneDrive/Leite,Walter's files - Storiza Corpus Spring 2025/Processed_Utterances/annotated_sentence_segments/uid_jWPmLFrSHDZItPTjjPUB8KAsjlq2_sid_C8n8hZufDi0aASFdmmA4_1742589296_195800012_sentence_segment_close.wav",8.42498075528409,15.29641284111555,8.400447427293065,15.313199105145411
"/home/michaelbennie/OneDrive/Leite,Walter's files - Storiza Corpus Spring 2025/Processed_Utterances/annotated_sentence_segments/uid_jWPmLFrSHDZItPTjjPUB8KAsjlq2_sid_C8n8hZufDi0aASFdmmA4_1742589296_195800013_sentence_segment_close.wav",15.598097404365769,21.459726583207555,15.525727069351229,21.47651006711409
"/home/michaelbennie/OneDrive/Leite,Walter's files - Storiza Corpus Spring 2025/Processed_Utterances/annotated_sentence_segments/uid_jWPmLFrSHDZItPTjjPUB8KAsjlq2_sid_C8n8hZufDi0aASFdmmA4_1742589296_195800014_sentence_segment_close.wav",21.841241763693912,26.615080766964542,21.767337807606264,26.442953020134222
"/home/michaelbennie/OneDrive/Leite,Walter's files - Storiza Corpus Spring 2025/Processed_Utterances/annotated_sentence_segments/uid_jWPmLFrSHDZItPTjjPUB8KAsjlq2_sid_C8n8hZufDi0aASFdmmA4_1742589296_195800015_sentence_segment_close.wav",26.724156976945295,36.139102962755985,26.599552572706934,36.11856823266219
"/home/michaelbennie/OneDrive/Leite,Walter's files - Storiza Corpus Spring 2025/Processed_Utterances/annotated_sentence_segments/uid_FUCVnaPJeyV5kzao6jmObtdzLUE2_sid_8PcAkP7csTNUfDqNZ075_1742905877_195800016_sentence_segment_close.wav",3.2597064459202327,12.748137791639785,3.2522724688536293,12.72169030230978
"/home/michaelbennie/OneDrive/Leite,Walter's files - Storiza Corpus Spring 2025/Processed_Utterances/annotated_sentence_segments/uid_FUCVnaPJeyV5kzao6jmObtdzLUE2_sid_8PcAkP7csTNUfDqNZ075_1742905877_195800017_sentence_segment_close.wav",13.354183644229968,19.30661212439152,13.36281042021693,19.317121400320097
"/home/michaelbennie/OneDrive/Leite,Walter's files - Storiza Corpus Spring 2025/Processed_Utterances/annotated_sentence_segments/uid_FUCVnaPJeyV5kzao6jmObtdzLUE2_sid_8PcAkP7csTNUfDqNZ075_1742905877_195800018_sentence_segment_close.wav",21.284322756913554,31.34028829295508,21.29452283011699,31.34610720741985
"/home/michaelbennie/OneDrive/Leite,Walter's files - Storiza Corpus Spring 2025/Processed_Utterances/annotated_sentence_segments/uid_FUCVnaPJeyV5kzao6jmObtdzLUE2_sid_8PcAkP7csTNUfDqNZ075_1742905877_195800019_sentence_segment_close.wav",31.886290652093574,36.75638600732103,32.04669526010618,36.74118110213301
"/home/michaelbennie/OneDrive/Leite,Walter's files - Storiza Corpus Spring 2025/Processed_Utterances/annotated_sentence_segments/uid_FUCVnaPJeyV5kzao6jmObtdzLUE2_sid_8PcAkP7csTNUfDqNZ075_1742905877_195800020_sentence_segment_close.wav",40.00114706535169,77.24593242564984,40.04384629435664,76.97218325027943
"/home/michaelbennie/OneDrive/Leite,Walter's files - Storiza Corpus Spring 2025/Processed_Utterances/annotated_sentence_segments/uid_FUCVnaPJeyV5kzao6jmObtdzLUE2_sid_8PcAkP7csTNUfDqNZ075_1742905877_195800021_sentence_segment_close.wav",77.23565348365618,82.88225190124982,77.27705582389021,82.86195698064977
"/home/michaelbennie/OneDrive/Leite,Walter's files - Storiza Corpus Spring 2025/Processed_Utterances/annotated_sentence_segments/uid_FUCVnaPJeyV5kzao6jmObtdzLUE2_sid_8PcAkP7csTNUfDqNZ075_1742905877_195800022_sentence_segment_close.wav",83.37610018315411,88.71395768850755,83.45254781167988,89.13098918485807
"/home/michaelbennie/OneDrive/Leite,Walter's files - Storiza Corpus Spring 2025/Processed_Utterances/annotated_sentence_segments/uid_FUCVnaPJeyV5kzao6jmObtdzLUE2_sid_8PcAkP7csTNUfDqNZ075_1742905877_195800023_sentence_segment_close.wav",90.33585015852593,97.72704347362078,90.33904347600264,97.73301906045651
"/home/michaelbennie/OneDrive/Leite,Walter's files - Storiza Corpus Spring 2025/Processed_Utterances/annotated_sentence_segments/uid_FUCVnaPJeyV5kzao6jmObtdzLUE2_sid_8PcAkP7csTNUfDqNZ075_1742905877_195800024_sentence_segment_close.wav",99.04767811626292,102.01103905379472,99.17748393311815,102.00512602967608
"/home/michaelbennie/OneDrive/Leite,Walter's files - Storiza Corpus Spring 2025/Processed_Utterances/annotated_sentence_segments/uid_xxUUDYlSFESUIRvPTLDLReqO44G3_sid_F6kP38GjRiJXRwDKJ6rm_1741822595_195800025_sentence_segment_close.wav",0.6602474129821261,4.734605221018402,0.6927044952100222,4.745762711864408
"/home/michaelbennie/OneDrive/Leite,Walter's files - Storiza Corpus Spring 2025/Processed_Utterances/annotated_sentence_segments/uid_xxUUDYlSFESUIRvPTLDLReqO44G3_sid_F6kP38GjRiJXRwDKJ6rm_1741822595_195800026_sentence_segment_close.wav",5.34795724035198,9.605178574209681,5.347580596991295,9.599607126099622
"/home/michaelbennie/OneDrive/Leite,Walter's files - Storiza Corpus Spring 2025/Processed_Utterances/annotated_sentence_segments/uid_xxUUDYlSFESUIRvPTLDLReqO44G3_sid_F6kP38GjRiJXRwDKJ6rm_1741822595_195800027_sentence_segment_close.wav",9.94868230704389,12.444520102196202,9.975435710954772,12.296732689584102
"/home/michaelbennie/OneDrive/Leite,Walter's files - Storiza Corpus Spring 2025/Processed_Utterances/annotated_sentence_segments/uid_xxUUDYlSFESUIRvPTLDLReqO44G3_sid_F6kP38GjRiJXRwDKJ6rm_1741822595_195800028_sentence_segment_close.wav",13.00362411714819,16.895117863996074,12.99435058233926,16.78211771572172
"/home/michaelbennie/OneDrive/Leite,Walter's files - Storiza Corpus Spring 2025/Processed_Utterances/annotated_sentence_segments/uid_xxUUDYlSFESUIRvPTLDLReqO44G3_sid_F6kP38GjRiJXRwDKJ6rm_1741822595_195800029_sentence_segment_close.wav",17.124078071034813,21.223640300645215,17.126013264554164,21.208548268238765
"/home/michaelbennie/OneDrive/Leite,Walter's files - Storiza Corpus Spring 2025/Processed_Utterances/annotated_sentence_segments/uid_xxUUDYlSFESUIRvPTLDLReqO44G3_sid_F6kP38GjRiJXRwDKJ6rm_1741822595_195800030_sentence_segment_close.wav",21.430142741507538,26.186762654615634,21.44927596202561,26.12134670631448
"/home/michaelbennie/OneDrive/Leite,Walter's files - Storiza Corpus Spring 2025/Processed_Utterances/annotated_sentence_segments/uid_xxUUDYlSFESUIRvPTLDLReqO44G3_sid_F6kP38GjRiJXRwDKJ6rm_1741822595_195800031_sentence_segment_close.wav",26.836417912703105,32.81396644774098,26.90739316103998,32.81748896059783
"/home/michaelbennie/OneDrive/Leite,Walter's files - Storiza Corpus Spring 2025/Processed_Utterances/annotated_sentence_segments/uid_xxUUDYlSFESUIRvPTLDLReqO44G3_sid_F6kP38GjRiJXRwDKJ6rm_1741822595_195800032_sentence_segment_close.wav",33.49764140270688,38.74892590223037,33.50773765659543,38.71775976418571
"/home/michaelbennie/OneDrive/Leite,Walter's files - Storiza Corpus Spring 2025/Processed_Utterances/annotated_sentence_segments/uid_xxUUDYlSFESUIRvPTLDLReqO44G3_sid_F6kP38GjRiJXRwDKJ6rm_1741822595_195800033_sentence_segment_close.wav",39.34582899398728,46.61866874046615,39.40473255096551,46.51892716767583
"/home/michaelbennie/OneDrive/Leite,Walter's files - Storiza Corpus Spring 2025/Processed_Utterances/annotated_sentence_segments/uid_xxUUDYlSFESUIRvPTLDLReqO44G3_sid_F6kP38GjRiJXRwDKJ6rm_1741822595_195800034_sentence_segment_close.wav",46.72877048889777,54.4227129418961,47.01692079084554,54.13111540755586
"/home/michaelbennie/OneDrive/Leite,Walter's files - Storiza Corpus Spring 2025/Processed_Utterances/annotated_sentence_segments/uid_xxUUDYlSFESUIRvPTLDLReqO44G3_sid_F6kP38GjRiJXRwDKJ6rm_1741822595_195800035_sentence_segment_close.wav",54.32976989565937,58.28175562165168,54.53357138349548,58.05674260028668
"/home/michaelbennie/OneDrive/Leite,Walter's files - Storiza Corpus Spring 2025/Processed_Utterances/annotated_sentence_segments/uid_xxUUDYlSFESUIRvPTLDLReqO44G3_sid_F6kP38GjRiJXRwDKJ6rm_1741822595_195800036_sentence_segment_close.wav",58.22164963986263,63.31310651566289,58.26544966611103,63.094427364639934
"/home/michaelbennie/OneDrive/Leite,Walter's files - Storiza Corpus Spring 2025/Processed_Utterances/annotated_sentence_segments/uid_xxUUDYlSFESUIRvPTLDLReqO44G3_sid_F6kP38GjRiJXRwDKJ6rm_1741822595_195800037_sentence_segment_close.wav",63.880786589024076,67.62761166008681,63.901893439856345,67.39855777117936
"/home/michaelbennie/OneDrive/Leite,Walter's files - Storiza Corpus Spring 2025/Processed_Utterances/annotated_sentence_segments/uid_xxUUDYlSFESUIRvPTLDLReqO44G3_sid_F6kP38GjRiJXRwDKJ6rm_1741822595_195800038_sentence_segment_close.wav",67.80026048373392,72.03510501573248,67.85319263418207,72.10816971205705
"/home/michaelbennie/OneDrive/Leite,Walter's files - Storiza Corpus Spring 2025/Processed_Utterances/annotated_sentence_segments/uid_xxUUDYlSFESUIRvPTLDLReqO44G3_sid_F6kP38GjRiJXRwDKJ6rm_1741822595_195800039_sentence_segment_close.wav",72.34123321246199,80.61525201789179,72.60142578224432,80.52684719586046
"/home/michaelbennie/OneDrive/Leite,Walter's files - Storiza Corpus Spring 2025/Processed_Utterances/annotated_sentence_segments/uid_xxUUDYlSFESUIRvPTLDLReqO44G3_sid_F6kP38GjRiJXRwDKJ6rm_1741822595_195800040_sentence_segment_close.wav",81.0899480524216,84.32841191431596,81.09405479754507,84.60151000765254
"/home/michaelbennie/OneDrive/Leite,Walter's files - Storiza Corpus Spring 2025/Processed_Utterances/annotated_sentence_segments/uid_xxUUDYlSFESUIRvPTLDLReqO44G3_sid_F6kP38GjRiJXRwDKJ6rm_1741822595_195800041_sentence_segment_close.wav",85.22845280337597,90.59475490580968,85.23891071614057,90.4199495861274
"/home/michaelbennie/OneDrive/Leite,Walter's files - Storiza Corpus Spring 2025/Processed_Utterances/annotated_sentence_segments/uid_xxUUDYlSFESUIRvPTLDLReqO44G3_sid_F6kP38GjRiJXRwDKJ6rm_1741822595_195800042_sentence_segment_close.wav",90.65562592316861,95.71792200655011,90.65572907625634,95.70082808901982
"/home/michaelbennie/OneDrive/Leite,Walter's files - Storiza Corpus Spring 2025/Processed_Utterances/annotated_sentence_segments/uid_xxUUDYlSFESUIRvPTLDLReqO44G3_sid_F6kP38GjRiJXRwDKJ6rm_1741822595_195800043_sentence_segment_close.wav",95.99604422307905,102.62270275420087,96.0190944680468,102.610371566529
"/home/michaelbennie/OneDrive/Leite,Walter's files - Storiza Corpus Spring 2025/Processed_Utterances/annotated_sentence_segments/uid_xxUUDYlSFESUIRvPTLDLReqO44G3_sid_F6kP38GjRiJXRwDKJ6rm_1741822595_195800044_sentence_segment_close.wav",102.87278655131774,110.48854166313845,102.89168352892342,110.46241208409596
"/home/michaelbennie/OneDrive/Leite,Walter's files - Storiza Corpus Spring 2025/Processed_Utterances/annotated_sentence_segments/uid_UHGZEyBQklbC0GB3JZMa5l8yuGT2_sid_4y1VwSYnYR9RhUNvbxe9_1741461587_195800045_sentence_segment_close.wav",1.0991306598203834,10.934221153382792,0.9955257270693512,10.995525727069351
"/home/michaelbennie/OneDrive/Leite,Walter's files - Storiza Corpus Spring 2025/Processed_Utterances/annotated_sentence_segments/uid_UHGZEyBQklbC0GB3JZMa5l8yuGT2_sid_4y1VwSYnYR9RhUNvbxe9_1741461587_195800046_sentence_segment_close.wav",11.726203774265898,21.893892326370583,11.677852348993287,21.991051454138702
"/home/michaelbennie/OneDrive/Leite,Walter's files - Storiza Corpus Spring 2025/Processed_Utterances/annotated_sentence_segments/uid_UHGZEyBQklbC0GB3JZMa5l8yuGT2_sid_4y1VwSYnYR9RhUNvbxe9_1741461587_195800047_sentence_segment_close.wav",24.560892826374843,34.81419542674323,24.41834451901565,34.87695749440716
"/home/michaelbennie/OneDrive/Leite,Walter's files - Storiza Corpus Spring 2025/Processed_Utterances/annotated_sentence_segments/uid_UHGZEyBQklbC0GB3JZMa5l8yuGT2_sid_4y1VwSYnYR9RhUNvbxe9_1741461587_195800048_sentence_segment_close.wav",35.69372671888424,40.60775306862957,35.671140939597315,46.34182376251231
"/home/michaelbennie/OneDrive/Leite,Walter's files - Storiza Corpus Spring 2025/Processed_Utterances/annotated_sentence_segments/uid_UHGZEyBQklbC0GB3JZMa5l8yuGT2_sid_4y1VwSYnYR9RhUNvbxe9_1741461587_195800049_sentence_segment_close.wav",46.67567046162912,62.87056467196449,46.57718120805369,62.83432973711737
"/home/michaelbennie/OneDrive/Leite,Walter's files - Storiza Corpus Spring 2025/Processed_Utterances/annotated_sentence_segments/uid_UHGZEyBQklbC0GB3JZMa5l8yuGT2_sid_4y1VwSYnYR9RhUNvbxe9_1741461587_195800050_sentence_segment_close.wav",63.98314897518453,72.39776558769006,63.847874720357936,74.22610707817803
"/home/michaelbennie/OneDrive/Leite,Walter's files - Storiza Corpus Spring 2025/Processed_Utterances/annotated_sentence_segments/uid_21Dw9jLeIqWjrAuRHI1RG1qPz853_sid_T4yKb6u9Dma6mwunA6lP_1741209055_195800051_sentence_segment_close.wav",0.9105430936805117,7.1056313030229035,0.9432571849668384,7.111274871039058
"/home/michaelbennie/OneDrive/Leite,Walter's files - Storiza Corpus Spring 2025/Processed_Utterances/annotated_sentence_segments/uid_21Dw9jLeIqWjrAuRHI1RG1qPz853_sid_T4yKb6u9Dma6mwunA6lP_1741209055_195800052_sentence_segment_close.wav",7.092164730912228,12.647533684973752,7.155490051584379,12.557111274871042
"/home/michaelbennie/OneDrive/Leite,Walter's files - Storiza Corpus Spring 2025/Processed_Utterances/annotated_sentence_segments/uid_21Dw9jLeIqWjrAuRHI1RG1qPz853_sid_T4yKb6u9Dma6mwunA6lP_1741209055_195800053_sentence_segment_close.wav",12.67558246588216,25.264578624032566,12.706951009234528,25.315646661408444
"/home/michaelbennie/OneDrive/Leite,Walter's files - Storiza Corpus Spring 2025/Processed_Utterances/annotated_sentence_segments/uid_21Dw9jLeIqWjrAuRHI1RG1qPz853_sid_T4yKb6u9Dma6mwunA6lP_1741209055_195800054_sentence_segment_close.wav",25.582005478553945,32.31720451037116,25.470399793317064,32.272168400538874
"/home/michaelbennie/OneDrive/Leite,Walter's files - Storiza Corpus Spring 2025/Processed_Utterances/annotated_sentence_segments/uid_21Dw9jLeIqWjrAuRHI1RG1qPz853_sid_T4yKb6u9Dma6mwunA6lP_1741209055_195800055_sentence_segment_close.wav",32.62333844357108,40.541667949545975,32.6332608407793,40.496193781088806
"/home/michaelbennie/OneDrive/Leite,Walter's files - Storiza Corpus Spring 2025/Processed_Utterances/annotated_sentence_segments/uid_21Dw9jLeIqWjrAuRHI1RG1qPz853_sid_T4yKb6u9Dma6mwunA6lP_1741209055_195800056_sentence_segment_close.wav",41.07751599672757,48.02510328185441,41.13976789908806,48.07418204794584
"/home/michaelbennie/OneDrive/Leite,Walter's files - Storiza Corpus Spring 2025/Processed_Utterances/annotated_sentence_segments/uid_21Dw9jLeIqWjrAuRHI1RG1qPz853_sid_T4yKb6u9Dma6mwunA6lP_1741209055_195800057_sentence_segment_close.wav",48.40760488293829,54.59419774837028,48.432818688973846,54.57135958801585
"/home/michaelbennie/OneDrive/Leite,Walter's files - Storiza Corpus Spring 2025/Processed_Utterances/annotated_sentence_segments/uid_21Dw9jLeIqWjrAuRHI1RG1qPz853_sid_T4yKb6u9Dma6mwunA6lP_1741209055_195800058_sentence_segment_close.wav",54.67119408143011,60.409463545694585,54.65978994910649,60.34880984593774
"/home/michaelbennie/OneDrive/Leite,Walter's files - Storiza Corpus Spring 2025/Processed_Utterances/annotated_sentence_segments/uid_Om0JhZ6RmTNQ5wDLPHKIC3LtY4g2_sid_aCJo0aI2m5MC75L1PWsr_1741393040_195800059_sentence_segment_close.wav",3.860575782434963,9.914065223078257,3.845525044318863,9.956059471058715
"/home/michaelbennie/OneDrive/Leite,Walter's files - Storiza Corpus Spring 2025/Processed_Utterances/annotated_sentence_segments/uid_Om0JhZ6RmTNQ5wDLPHKIC3LtY4g2_sid_aCJo0aI2m5MC75L1PWsr_1741393040_195800060_sentence_segment_close.wav",10.204987796691874,22.49230290931289,10.203962801899609,22.519090321433616
"/home/michaelbennie/OneDrive/Leite,Walter's files - Storiza Corpus Spring 2025/Processed_Utterances/annotated_sentence_segments/uid_Om0JhZ6RmTNQ5wDLPHKIC3LtY4g2_sid_aCJo0aI2m5MC75L1PWsr_1741393040_195800061_sentence_segment_close.wav",23.26654190657645,35.83741207639848,23.219027982816822,35.8179142009576
"/home/michaelbennie/OneDrive/Leite,Walter's files - Storiza Corpus Spring 2025/Processed_Utterances/annotated_sentence_segments/uid_Om0JhZ6RmTNQ5wDLPHKIC3LtY4g2_sid_aCJo0aI2m5MC75L1PWsr_1741393040_195800062_sentence_segment_close.wav",37.55376711425875,41.75918029478912,37.34264473665152,41.79198113080574
"/home/michaelbennie/OneDrive/Leite,Walter's files - Storiza Corpus Spring 2025/Processed_Utterances/annotated_sentence_segments/uid_Om0JhZ6RmTNQ5wDLPHKIC3LtY4g2_sid_aCJo0aI2m5MC75L1PWsr_1741393040_195800063_sentence_segment_close.wav",42.238268197820496,49.69306117769017,42.24888500038291,49.67759149873952
"/home/michaelbennie/OneDrive/Leite,Walter's files - Storiza Corpus Spring 2025/Processed_Utterances/annotated_sentence_segments/uid_Om0JhZ6RmTNQ5wDLPHKIC3LtY4g2_sid_aCJo0aI2m5MC75L1PWsr_1741393040_195800064_sentence_segment_close.wav",50.39427899800512,66.7642746613439,50.32288684154744,66.79946598804277
"/home/michaelbennie/OneDrive/Leite,Walter's files - Storiza Corpus Spring 2025/Processed_Utterances/annotated_sentence_segments/uid_UHGZEyBQklbC0GB3JZMa5l8yuGT2_sid_E16yjHjCudD8gko6qKSP_1741461241_195800065_sentence_segment_close.wav",1.4016344991557197,8.966818373272911,1.4018159943405266,8.869823821333211
"/home/michaelbennie/OneDrive/Leite,Walter's files - Storiza Corpus Spring 2025/Processed_Utterances/annotated_sentence_segments/uid_UHGZEyBQklbC0GB3JZMa5l8yuGT2_sid_E16yjHjCudD8gko6qKSP_1741461241_195800066_sentence_segment_close.wav",9.176593663377405,15.081925458319413,9.189682459803652,15.047270721869424
"/home/michaelbennie/OneDrive/Leite,Walter's files - Storiza Corpus Spring 2025/Processed_Utterances/annotated_sentence_segments/uid_UHGZEyBQklbC0GB3JZMa5l8yuGT2_sid_E16yjHjCudD8gko6qKSP_1741461241_195800067_sentence_segment_close.wav",15.43581238504134,26.100306928880144,15.13071164081792,26.0698828823681
"/home/michaelbennie/OneDrive/Leite,Walter's files - Storiza Corpus Spring 2025/Processed_Utterances/annotated_sentence_segments/uid_UHGZEyBQklbC0GB3JZMa5l8yuGT2_sid_E16yjHjCudD8gko6qKSP_1741461241_195800068_sentence_segment_close.wav",26.942479236637052,45.27081251653315,26.93607582404284,45.2195501997151
"/home/michaelbennie/OneDrive/Leite,Walter's files - Storiza Corpus Spring 2025/Processed_Utterances/annotated_sentence_segments/uid_UHGZEyBQklbC0GB3JZMa5l8yuGT2_sid_E16yjHjCudD8gko6qKSP_1741461241_195800069_sentence_segment_close.wav",46.061921671648115,57.64280239389944,46.049842799923645,57.57606019470432
"/home/michaelbennie/OneDrive/Leite,Walter's files - Storiza Corpus Spring 2025/Processed_Utterances/annotated_sentence_segments/uid_UHGZEyBQklbC0GB3JZMa5l8yuGT2_sid_E16yjHjCudD8gko6qKSP_1741461241_195800070_sentence_segment_close.wav",58.07623207301775,65.6541483561125,58.14286573638409,65.63888314617733
"/home/michaelbennie/OneDrive/Leite,Walter's files - Storiza Corpus Spring 2025/Processed_Utterances/annotated_sentence_segments/uid_UHGZEyBQklbC0GB3JZMa5l8yuGT2_sid_E16yjHjCudD8gko6qKSP_1741461241_195800071_sentence_segment_close.wav",66.15446348653228,73.6334071688821,66.16165720913263,73.52476650882316
"/home/michaelbennie/OneDrive/Leite,Walter's files - Storiza Corpus Spring 2025/Processed_Utterances/annotated_sentence_segments/uid_UHGZEyBQklbC0GB3JZMa5l8yuGT2_sid_E16yjHjCudD8gko6qKSP_1741461241_195800072_sentence_segment_close.wav",74.24435525481468,82.45432195896005,74.22855232536044,82.40240109667755
"/home/michaelbennie/OneDrive/Leite,Walter's files - Storiza Corpus Spring 2025/Processed_Utterances/annotated_sentence_segments/uid_uJ59YClhDZUuJsN0vsDR1GRv6pu1_sid_oQsxoiXVweAiKFRpos7H_1741229499_195800073_sentence_segment_close.wav",2.1533765439045114,6.018044922278436,2.0941883767535066,6.002004008016032
"/home/michaelbennie/OneDrive/Leite,Walter's files - Storiza Corpus Spring 2025/Processed_Utterances/annotated_sentence_segments/uid_uJ59YClhDZUuJsN0vsDR1GRv6pu1_sid_oQsxoiXVweAiKFRpos7H_1741229499_195800074_sentence_segment_close.wav",6.423042862927685,8.457289204206972,6.392785571142284,8.547094188376752
"/home/michaelbennie/OneDrive/Leite,Walter's files - Storiza Corpus Spring 2025/Processed_Utterances/annotated_sentence_segments/uid_uJ59YClhDZUuJsN0vsDR1GRv6pu1_sid_oQsxoiXVweAiKFRpos7H_1741229499_195800075_sentence_segment_close.wav",9.011632393989055,13.172409134324042,8.997995991983966,13.206412825651302
"/home/michaelbennie/OneDrive/Leite,Walter's files - Storiza Corpus Spring 2025/Processed_Utterances/annotated_sentence_segments/uid_uJ59YClhDZUuJsN0vsDR1GRv6pu1_sid_oQsxoiXVweAiKFRpos7H_1741229499_195800076_sentence_segment_close.wav",13.596049631956989,17.62640955836074,13.587174348697394,17.64529058116232
"/home/michaelbennie/OneDrive/Leite,Walter's files - Storiza Corpus Spring 2025/Processed_Utterances/annotated_sentence_segments/uid_uJ59YClhDZUuJsN0vsDR1GRv6pu1_sid_oQsxoiXVweAiKFRpos7H_1741229499_195800077_sentence_segment_close.wav",18.14128178309662,21.60338705124261,18.07615230460922,21.553106212424847
"/home/michaelbennie/OneDrive/Leite,Walter's files - Storiza Corpus Spring 2025/Processed_Utterances/annotated_sentence_segments/uid_uJ59YClhDZUuJsN0vsDR1GRv6pu1_sid_oQsxoiXVweAiKFRpos7H_1741229499_195800078_sentence_segment_close.wav",21.665897308622128,30.529219904008208,21.65330661322645,30.48096192384769
"/home/michaelbennie/OneDrive/Leite,Walter's files - Storiza Corpus Spring 2025/Processed_Utterances/annotated_sentence_segments/uid_uJ59YClhDZUuJsN0vsDR1GRv6pu1_sid_oQsxoiXVweAiKFRpos7H_1741229499_195800079_sentence_segment_close.wav",30.528666247855984,35.59673929395942,30.52104208416833,35.54108216432865
"/home/michaelbennie/OneDrive/Leite,Walter's files - Storiza Corpus Spring 2025/Processed_Utterances/annotated_sentence_segments/uid_uJ59YClhDZUuJsN0vsDR1GRv6pu1_sid_oQsxoiXVweAiKFRpos7H_1741229499_195800080_sentence_segment_close.wav",37.324707522328175,44.44650593049916,37.23446893787575,44.458917835671336
"/home/michaelbennie/OneDrive/Leite,Walter's files - Storiza Corpus Spring 2025/Processed_Utterances/annotated_sentence_segments/uid_uJ59YClhDZUuJsN0vsDR1GRv6pu1_sid_oQsxoiXVweAiKFRpos7H_1741229499_195800081_sentence_segment_close.wav",44.86031661778377,51.264336769897206,44.8496993987976,51.31042084168337
"/home/michaelbennie/OneDrive/Leite,Walter's files - Storiza Corpus Spring 2025/Processed_Utterances/annotated_sentence_segments/uid_uJ59YClhDZUuJsN0vsDR1GRv6pu1_sid_oQsxoiXVweAiKFRpos7H_1741229499_195800082_sentence_segment_close.wav",51.75972607847086,55.79572980067026,51.75130260521042,55.83947895791583
"/home/michaelbennie/OneDrive/Leite,Walter's files - Storiza Corpus Spring 2025/Processed_Utterances/annotated_sentence_segments/uid_mHWscHBXcoabM7fdw88AliGuPWw1_sid_dtEYmqVQn7bCiiLgipi7_1742934079_195800083_sentence_segment_close.wav",2.997382202141124,12.100218849258185,2.976475117331909,12.03822214429736
"/home/michaelbennie/OneDrive/Leite,Walter's files - Storiza Corpus Spring 2025/Processed_Utterances/annotated_sentence_segments/uid_mHWscHBXcoabM7fdw88AliGuPWw1_sid_dtEYmqVQn7bCiiLgipi7_1742934079_195800084_sentence_segment_close.wav",12.120741577088925,25.68651277426801,12.044640959124925,26.02751714098456
"/home/michaelbennie/OneDrive/Leite,Walter's files - Storiza Corpus Spring 2025/Processed_Utterances/annotated_sentence_segments/uid_mHWscHBXcoabM7fdw88AliGuPWw1_sid_dtEYmqVQn7bCiiLgipi7_1742934079_195800085_sentence_segment_close.wav",26.808850514593164,37.53428786147705,26.765537475795085,38.705066447840935
"/home/michaelbennie/OneDrive/Leite,Walter's files - Storiza Corpus Spring 2025/Processed_Utterances/annotated_sentence_segments/uid_mHWscHBXcoabM7fdw88AliGuPWw1_sid_dtEYmqVQn7bCiiLgipi7_1742934079_195800086_sentence_segment_close.wav",38.827881941881735,49.83803050630537,39.01160405244086,49.77537146999883
"/home/michaelbennie/OneDrive/Leite,Walter's files - Storiza Corpus Spring 2025/Processed_Utterances/annotated_sentence_segments/uid_mHWscHBXcoabM7fdw88AliGuPWw1_sid_dtEYmqVQn7bCiiLgipi7_1742934079_195800087_sentence_segment_close.wav",50.81762900877056,60.35827306982106,49.823883422945855,60.41926474315508
"/home/michaelbennie/OneDrive/Leite,Walter's files - Storiza Corpus Spring 2025/Processed_Utterances/annotated_sentence_segments/uid_mHWscHBXcoabM7fdw88AliGuPWw1_sid_dtEYmqVQn7bCiiLgipi7_1742934079_195800088_sentence_segment_close.wav",61.58434846898292,65.80721608540539,60.76367423273333,66.00361860988806
"/home/michaelbennie/OneDrive/Leite,Walter's files - Storiza Corpus Spring 2025/Processed_Utterances/annotated_sentence_segments/uid_mHWscHBXcoabM7fdw88AliGuPWw1_sid_dtEYmqVQn7bCiiLgipi7_1742934079_195800089_sentence_segment_close.wav",66.72863049649293,73.58826026384375,66.02821928771509,73.5888276065518
"/home/michaelbennie/OneDrive/Leite,Walter's files - Storiza Corpus Spring 2025/Processed_Utterances/annotated_sentence_segments/uid_mHWscHBXcoabM7fdw88AliGuPWw1_sid_dtEYmqVQn7bCiiLgipi7_1742934079_195800090_sentence_segment_close.wav",73.65141004455066,82.15943273626351,73.6298287362635,81.14943592538853
"/home/michaelbennie/OneDrive/Leite,Walter's files - Storiza Corpus Spring 2025/Processed_Utterances/annotated_sentence_segments/uid_u2hytH2KWIS6ewdShfEZisygqIo2_sid_QzCLW5naFB7kEEygwpM4_1741483667_195800091_sentence_segment_close.wav",3.421987131088786,14.026033236931003,3.4242202432698496,14.139032328752531
"/home/michaelbennie/OneDrive/Leite,Walter's files - Storiza Corpus Spring 2025/Processed_Utterances/annotated_sentence_segments/uid_u2hytH2KWIS6ewdShfEZisygqIo2_sid_QzCLW5naFB7kEEygwpM4_1741483667_195800092_sentence_segment_close.wav",15.551519232932,19.837321976449488,15.534266764922624,19.896831245394253
"/home/michaelbennie/OneDrive/Leite,Walter's files - Storiza Corpus Spring 2025/Processed_Utterances/annotated_sentence_segments/uid_u2hytH2KWIS6ewdShfEZisygqIo2_sid_QzCLW5naFB7kEEygwpM4_1741483667_195800093_sentence_segment_close.wav",20.88041814465268,32.72154627177491,20.874478614936443,32.73888539459746
"/home/michaelbennie/OneDrive/Leite,Walter's files - Storiza Corpus Spring 2025/Processed_Utterances/annotated_sentence_segments/uid_u2hytH2KWIS6ewdShfEZisygqIo2_sid_QzCLW5naFB7kEEygwpM4_1741483667_195800094_sentence_segment_close.wav",34.23055237532555,44.33942832540227,34.24283647327172,44.34545300099069
"/home/michaelbennie/OneDrive/Leite,Walter's files - Storiza Corpus Spring 2025/Processed_Utterances/annotated_sentence_segments/uid_u2hytH2KWIS6ewdShfEZisygqIo2_sid_QzCLW5naFB7kEEygwpM4_1741483667_195800095_sentence_segment_close.wav",46.3671499690646,63.463020838772685,46.37543296311036,63.42929817489674
"/home/michaelbennie/OneDrive/Leite,Walter's files - Storiza Corpus Spring 2025/Processed_Utterances/annotated_sentence_segments/uid_u2hytH2KWIS6ewdShfEZisygqIo2_sid_QzCLW5naFB7kEEygwpM4_1741483667_195800096_sentence_segment_close.wav",65.71783747783144,94.37915182985932,65.73930114098094,94.40790664118514
"/home/michaelbennie/OneDrive/Leite,Walter's files - Storiza Corpus Spring 2025/Processed_Utterances/annotated_sentence_segments/uid_u2hytH2KWIS6ewdShfEZisygqIo2_sid_QzCLW5naFB7kEEygwpM4_1741483667_195800097_sentence_segment_close.wav",96.51657427314461,108.37725320295553,96.49519714501722,108.62307472762788
"/home/michaelbennie/OneDrive/Leite,Walter's files - Storiza Corpus Spring 2025/Processed_Utterances/annotated_sentence_segments/uid_u2hytH2KWIS6ewdShfEZisygqIo2_sid_QzCLW5naFB7kEEygwpM4_1741483667_195800098_sentence_segment_close.wav",109.67971398057426,135.78315502945478,109.75668939781256,135.79383904475262
"/home/michaelbennie/OneDrive/Leite,Walter's files - Storiza Corpus Spring 2025/Processed_Utterances/annotated_sentence_segments/uid_u2hytH2KWIS6ewdShfEZisygqIo2_sid_QzCLW5naFB7kEEygwpM4_1741483667_195800099_sentence_segment_close.wav",137.545119778508,159.2879913991623,137.59922830003504,159.58775412488694
"/home/michaelbennie/OneDrive/Leite,Walter's files - Storiza Corpus Spring 2025/Processed_Utterances/annotated_sentence_segments/uid_u2hytH2KWIS6ewdShfEZisygqIo2_sid_QzCLW5naFB7kEEygwpM4_1741483667_195800100_sentence_segment_close.wav",161.00722991583734,167.25843808253723,160.9732831662238,167.2351546777201
"/home/michaelbennie/OneDrive/Leite,Walter's files - Storiza Corpus Spring 2025/Processed_Utterances/annotated_sentence_segments/uid_u2hytH2KWIS6ewdShfEZisygqIo2_sid_QzCLW5naFB7kEEygwpM4_1741483667_195800101_sentence_segment_close.wav",168.4170276176547,173.8769512749228,168.36277724407086,173.88689952576442
"/home/michaelbennie/OneDrive/Leite,Walter's files - Storiza Corpus Spring 2025/Processed_Utterances/annotated_sentence_segments/uid_u2hytH2KWIS6ewdShfEZisygqIo2_sid_QzCLW5naFB7kEEygwpM4_1741483667_195800102_sentence_segment_close.wav",174.89256322796345,179.4754015137434,174.82857357959202,179.47099556225308
"/home/michaelbennie/OneDrive/Leite,Walter's files - Storiza Corpus Spring 2025/Processed_Utterances/annotated_sentence_segments/uid_u2hytH2KWIS6ewdShfEZisygqIo2_sid_QzCLW5naFB7kEEygwpM4_1741483667_195800103_sentence_segment_close.wav",180.27056751464576,207.33405032228097,180.2507246631972,207.6374155841666
"/home/michaelbennie/OneDrive/Leite,Walter's files - Storiza Corpus Spring 2025/Processed_Utterances/annotated_sentence_segments/uid_u2hytH2KWIS6ewdShfEZisygqIo2_sid_QzCLW5naFB7kEEygwpM4_1741483667_195800104_sentence_segment_close.wav",208.84220484434954,226.67456339926474,208.69306261590245,226.7769156878961
"/home/michaelbennie/OneDrive/Leite,Walter's files - Storiza Corpus Spring 2025/Processed_Utterances/annotated_sentence_segments/uid_u2hytH2KWIS6ewdShfEZisygqIo2_sid_QzCLW5naFB7kEEygwpM4_1741483667_195800105_sentence_segment_close.wav",229.38940822494615,234.87240182502626,229.36204283019856,234.9221528791996
"/home/michaelbennie/OneDrive/Leite,Walter's files - Storiza Corpus Spring 2025/Processed_Utterances/annotated_sentence_segments/uid_u2hytH2KWIS6ewdShfEZisygqIo2_sid_QzCLW5naFB7kEEygwpM4_1741483667_195800106_sentence_segment_close.wav",235.54170697969968,255.08819900220288,235.53394492342625,255.3632047098312
"/home/michaelbennie/OneDrive/Leite,Walter's files - Storiza Corpus Spring 2025/Processed_Utterances/annotated_sentence_segments/uid_u2hytH2KWIS6ewdShfEZisygqIo2_sid_QzCLW5naFB7kEEygwpM4_1741483667_195800107_sentence_segment_close.wav",256.53398563547114,276.87677231231163,256.48481760019604,277.01583884909627
"/home/michaelbennie/OneDrive/Leite,Walter's files - Storiza Corpus Spring 2025/Processed_Utterances/annotated_sentence_segments/uid_d4lLmJzVbJaLpyCuafResXOry3t2_sid_CIX8Q1BHKmu5ChPnP1ak_1742240966_195800108_sentence_segment_close.wav",0.24112575369881833,9.096674600709786,0.1530054644808743,9.628415300546449
"/home/michaelbennie/OneDrive/Leite,Walter's files - Storiza Corpus Spring 2025/Processed_Utterances/annotated_sentence_segments/uid_d4lLmJzVbJaLpyCuafResXOry3t2_sid_CIX8Q1BHKmu5ChPnP1ak_1742240966_195800109_sentence_segment_close.wav",10.67774346103966,27.66265809480396,10.388033935160855,28.676930729237867
"/home/michaelbennie/OneDrive/Leite,Walter's files - Storiza Corpus Spring 2025/Processed_Utterances/annotated_sentence_segments/uid_d4lLmJzVbJaLpyCuafResXOry3t2_sid_CIX8Q1BHKmu5ChPnP1ak_1742240966_195800110_sentence_segment_close.wav",29.662642645244905,40.62371452651289,29.39925302940148,41.038319008366656
"/home/michaelbennie/OneDrive/Leite,Walter's files - Storiza Corpus Spring 2025/Processed_Utterances/annotated_sentence_segments/uid_d4lLmJzVbJaLpyCuafResXOry3t2_sid_CIX8Q1BHKmu5ChPnP1ak_1742240966_195800111_sentence_segment_close.wav",42.551197488503625,48.32076653564506,42.30424338177655,48.84982175382415
"/home/michaelbennie/OneDrive/Leite,Walter's files - Storiza Corpus Spring 2025/Processed_Utterances/annotated_sentence_segments/uid_d4lLmJzVbJaLpyCuafResXOry3t2_sid_CIX8Q1BHKmu5ChPnP1ak_1742240966_195800112_sentence_segment_close.wav",51.841143035754556,63.411690654287874,51.500817318588815,64.32389576758307
"/home/michaelbennie/OneDrive/Leite,Walter's files - Storiza Corpus Spring 2025/Processed_Utterances/annotated_sentence_segments/uid_d4lLmJzVbJaLpyCuafResXOry3t2_sid_CIX8Q1BHKmu5ChPnP1ak_1742240966_195800113_sentence_segment_close.wav",65.13662264199523,83.51017938514563,64.82282289728772,83.63997732426304
"/home/michaelbennie/OneDrive/Leite,Walter's files - Storiza Corpus Spring 2025/Processed_Utterances/annotated_sentence_segments/uid_lEq1lXM2xafR8w5blWO2OCG8VE93_sid_eFyNYPRW0sdxq0sPEQf7_1743541016_195800114_sentence_segment_close.wav",1.5075554844064583,6.985132744608868,1.4910342189083226,7.084254557891375
"/home/michaelbennie/OneDrive/Leite,Walter's files - Storiza Corpus Spring 2025/Processed_Utterances/annotated_sentence_segments/uid_lEq1lXM2xafR8w5blWO2OCG8VE93_sid_eFyNYPRW0sdxq0sPEQf7_1743541016_195800115_sentence_segment_close.wav",8.751794754820382,16.824558466939493,8.811102623261332,16.688773957085946
"/home/michaelbennie/OneDrive/Leite,Walter's files - Storiza Corpus Spring 2025/Processed_Utterances/annotated_sentence_segments/uid_lEq1lXM2xafR8w5blWO2OCG8VE93_sid_eFyNYPRW0sdxq0sPEQf7_1743541016_195800116_sentence_segment_close.wav",18.321453584477474,24.972177413953496,18.59739681685243,24.79489128995487
"/home/michaelbennie/OneDrive/Leite,Walter's files - Storiza Corpus Spring 2025/Processed_Utterances/annotated_sentence_segments/uid_lEq1lXM2xafR8w5blWO2OCG8VE93_sid_eFyNYPRW0sdxq0sPEQf7_1743541016_195800117_sentence_segment_close.wav",27.464548247078703,44.16046865484334,27.48710390567428,44.0825350036846
"/home/michaelbennie/OneDrive/Leite,Walter's files - Storiza Corpus Spring 2025/Processed_Utterances/annotated_sentence_segments/uid_lEq1lXM2xafR8w5blWO2OCG8VE93_sid_eFyNYPRW0sdxq0sPEQf7_1743541016_195800118_sentence_segment_close.wav",45.50885449075968,51.05645840809486,45.53426676492263,51.06853352984525
"/home/michaelbennie/OneDrive/Leite,Walter's files - Storiza Corpus Spring 2025/Processed_Utterances/annotated_sentence_segments/uid_lEq1lXM2xafR8w5blWO2OCG8VE93_sid_eFyNYPRW0sdxq0sPEQf7_1743541016_195800119_sentence_segment_close.wav",53.58127131297531,66.41924107619685,53.60845241110906,66.38663958870671
"/home/michaelbennie/OneDrive/Leite,Walter's files - Storiza Corpus Spring 2025/Processed_Utterances/annotated_sentence_segments/uid_lEq1lXM2xafR8w5blWO2OCG8VE93_sid_eFyNYPRW0sdxq0sPEQf7_1743541016_195800120_sentence_segment_close.wav",69.34950027918268,76.39009949942785,69.43994104642594,76.35961680176861
"/home/michaelbennie/OneDrive/Leite,Walter's files - Storiza Corpus Spring 2025/Processed_Utterances/annotated_sentence_segments/uid_lEq1lXM2xafR8w5blWO2OCG8VE93_sid_eFyNYPRW0sdxq0sPEQf7_1743541016_195800121_sentence_segment_close.wav",77.6403198391828,92.62040117193277,77.91594694178335,92.56591009579957
"/home/michaelbennie/OneDrive/Leite,Walter's files - Storiza Corpus Spring 2025/Processed_Utterances/annotated_sentence_segments/uid_aKXkeU8QguUwr1lDK1mxXri9hqN2_sid_bgeNoX6mZ9KqJnbUs4Jc_1741731756_195800122_sentence_segment_close.wav",1.6092274239030997,7.631527512896063,2.359578915681591,7.577410538995791
"/home/michaelbennie/OneDrive/Leite,Walter's files - Storiza Corpus Spring 2025/Processed_Utterances/annotated_sentence_segments/uid_aKXkeU8QguUwr1lDK1mxXri9hqN2_sid_bgeNoX6mZ9KqJnbUs4Jc_1741731756_195800123_sentence_segment_close.wav",8.073156152885717,10.334216687829901,8.063921599667397,10.517761995946278
"/home/michaelbennie/OneDrive/Leite,Walter's files - Storiza Corpus Spring 2025/Processed_Utterances/annotated_sentence_segments/uid_aKXkeU8QguUwr1lDK1mxXri9hqN2_sid_bgeNoX6mZ9KqJnbUs4Jc_1741731756_195800124_sentence_segment_close.wav",10.860605203323555,29.60248428990488,10.790043307229686,29.893073709439165
"/home/michaelbennie/OneDrive/Leite,Walter's files - Storiza Corpus Spring 2025/Processed_Utterances/annotated_sentence_segments/uid_aKXkeU8QguUwr1lDK1mxXri9hqN2_sid_bgeNoX6mZ9KqJnbUs4Jc_1741731756_195800125_sentence_segment_close.wav",30.001945390907505,33.0236365686812,29.96397392246357,33.30068974080357
"/home/michaelbennie/OneDrive/Leite,Walter's files - Storiza Corpus Spring 2025/Processed_Utterances/annotated_sentence_segments/uid_aKXkeU8QguUwr1lDK1mxXri9hqN2_sid_bgeNoX6mZ9KqJnbUs4Jc_1741731756_195800126_sentence_segment_close.wav",33.425698458906716,35.8701032873509,33.42067955251039,35.86653056676997
"/home/michaelbennie/OneDrive/Leite,Walter's files - Storiza Corpus Spring 2025/Processed_Utterances/annotated_sentence_segments/uid_aKXkeU8QguUwr1lDK1mxXri9hqN2_sid_bgeNoX6mZ9KqJnbUs4Jc_1741731756_195800127_sentence_segment_close.wav",36.084827701697684,41.84977425232653,36.0153056858023,41.84428638766909
"/home/michaelbennie/OneDrive/Leite,Walter's files - Storiza Corpus Spring 2025/Processed_Utterances/annotated_sentence_segments/uid_aKXkeU8QguUwr1lDK1mxXri9hqN2_sid_bgeNoX6mZ9KqJnbUs4Jc_1741731756_195800128_sentence_segment_close.wav",44.70898266056885,52.28804528503144,44.70670642763175,52.49950911175076
"/home/michaelbennie/OneDrive/Leite,Walter's files - Storiza Corpus Spring 2025/Processed_Utterances/annotated_sentence_segments/uid_4w6SC0KmlKV4YmJTalgWiZalQHi2_sid_mfLjPE2t1eMTsYYpBaEa_1742508861_195800129_sentence_segment_close.wav",1.5183390006664166,9.461916075110503,1.336976327531325,9.91621130020892
"/home/michaelbennie/OneDrive/Leite,Walter's files - Storiza Corpus Spring 2025/Processed_Utterances/annotated_sentence_segments/uid_4w6SC0KmlKV4YmJTalgWiZalQHi2_sid_mfLjPE2t1eMTsYYpBaEa_1742508861_195800130_sentence_segment_close.wav",10.290652765572585,17.95857406136362,10.087431693989071,18.34972677595628
"/home/michaelbennie/OneDrive/Leite,Walter's files - Storiza Corpus Spring 2025/Processed_Utterances/annotated_sentence_segments/uid_4w6SC0KmlKV4YmJTalgWiZalQHi2_sid_mfLjPE2t1eMTsYYpBaEa_1742508861_195800131_sentence_segment_close.wav",18.620173205090676,26.71315059848499,18.40437158469945,27.08196721311475
"/home/michaelbennie/OneDrive/Leite,Walter's files - Storiza Corpus Spring 2025/Processed_Utterances/annotated_sentence_segments/uid_4w6SC0KmlKV4YmJTalgWiZalQHi2_sid_mfLjPE2t1eMTsYYpBaEa_1742508861_195800132_sentence_segment_close.wav",28.074038202298144,35.59456888097658,27.80692078637295,36.3096530268101
"/home/michaelbennie/OneDrive/Leite,Walter's files - Storiza Corpus Spring 2025/Processed_Utterances/annotated_sentence_segments/uid_4w6SC0KmlKV4YmJTalgWiZalQHi2_sid_mfLjPE2t1eMTsYYpBaEa_1742508861_195800133_sentence_segment_close.wav",37.05990084374384,44.41514891486585,36.7285983393101,45.19854369450135
"/home/michaelbennie/OneDrive/Leite,Walter's files - Storiza Corpus Spring 2025/Processed_Utterances/annotated_sentence_segments/uid_4w6SC0KmlKV4YmJTalgWiZalQHi2_sid_mfLjPE2t1eMTsYYpBaEa_1742508861_195800134_sentence_segment_close.wav",46.23506832621218,55.97559436833297,46.01457105959699,56.45172952954235
"/home/michaelbennie/OneDrive/Leite,Walter's files - Storiza Corpus Spring 2025/Processed_Utterances/annotated_sentence_segments/uid_4w6SC0KmlKV4YmJTalgWiZalQHi2_sid_mfLjPE2t1eMTsYYpBaEa_1742508861_195800135_sentence_segment_close.wav",58.4506921578939,73.51295326818142,58.25501088627048,73.93807099556011
"/home/michaelbennie/OneDrive/Leite,Walter's files - Storiza Corpus Spring 2025/Processed_Utterances/annotated_sentence_segments/uid_4w6SC0KmlKV4YmJTalgWiZalQHi2_sid_mfLjPE2t1eMTsYYpBaEa_1742508861_195800136_sentence_segment_close.wav",76.58830361978339,80.65678486670934,76.12386334528688,80.98898055119179
"/home/michaelbennie/OneDrive/Leite,Walter's files - Storiza Corpus Spring 2025/Processed_Utterances/annotated_sentence_segments/uid_4w6SC0KmlKV4YmJTalgWiZalQHi2_sid_mfLjPE2t1eMTsYYpBaEa_1742508861_195800137_sentence_segment_close.wav",81.08909007936347,86.87250188124499,81.01021178819093,87.4945759709902
"/home/michaelbennie/OneDrive/Leite,Walter's files - Storiza Corpus Spring 2025/Processed_Utterances/annotated_sentence_segments/uid_4w6SC0KmlKV4YmJTalgWiZalQHi2_sid_mfLjPE2t1eMTsYYpBaEa_1742508861_195800138_sentence_segment_close.wav",89.77688976475277,102.73656594554807,89.24109320098201,103.34887394448964
"/home/michaelbennie/OneDrive/Leite,Walter's files - Storiza Corpus Spring 2025/Processed_Utterances/annotated_sentence_segments/uid_4w6SC0KmlKV4YmJTalgWiZalQHi2_sid_mfLjPE2t1eMTsYYpBaEa_1742508861_195800139_sentence_segment_close.wav",103.79120601075638,115.58524078330849,103.49804054086944,116.16259376671144
"/home/michaelbennie/OneDrive/Leite,Walter's files - Storiza Corpus Spring 2025/Processed_Utterances/annotated_sentence_segments/uid_4w6SC0KmlKV4YmJTalgWiZalQHi2_sid_mfLjPE2t1eMTsYYpBaEa_1742508861_195800140_sentence_segment_close.wav",116.31210368454397,126.81456639849237,116.2707458312807,127.25713387701995
"/home/michaelbennie/OneDrive/Leite,Walter's files - Storiza Corpus Spring 2025/Processed_Utterances/annotated_sentence_segments/uid_4w6SC0KmlKV4YmJTalgWiZalQHi2_sid_mfLjPE2t1eMTsYYpBaEa_1742508861_195800141_sentence_segment_close.wav",128.28054153655276,153.09793930950804,128.18571861001013,153.639612706663
"/home/michaelbennie/OneDrive/Leite,Walter's files - Storiza Corpus Spring 2025/Processed_Utterances/annotated_sentence_segments/uid_4w6SC0KmlKV4YmJTalgWiZalQHi2_sid_mfLjPE2t1eMTsYYpBaEa_1742508861_195800142_sentence_segment_close.wav",154.11148697614556,175.64311365353652,153.89893478328833,176.0847275279932
"/home/michaelbennie/OneDrive/Leite,Walter's files - Storiza Corpus Spring 2025/Processed_Utterances/annotated_sentence_segments/uid_8AhIEcEU81Sn83Fyb0gnFvpiNij2_sid_uFpqxEWSmUluX0tQptOS_1742515199_195800143_sentence_segment_close.wav",1.649886805471955,30.233423133469408,1.506506425719816,30.641772206150225
"/home/michaelbennie/OneDrive/Leite,Walter's files - Storiza Corpus Spring 2025/Processed_Utterances/annotated_sentence_segments/uid_8AhIEcEU81Sn83Fyb0gnFvpiNij2_sid_uFpqxEWSmUluX0tQptOS_1742515199_195800144_sentence_segment_close.wav",33.443767452372185,82.81346319274819,33.28526461354537,82.6588808677967
"/home/michaelbennie/OneDrive/Leite,Walter's files - Storiza Corpus Spring 2025/Processed_Utterances/annotated_sentence_segments/uid_8AhIEcEU81Sn83Fyb0gnFvpiNij2_sid_uFpqxEWSmUluX0tQptOS_1742515199_195800145_sentence_segment_close.wav",85.2161879932521,153.49027012806602,84.93285283114737,154.17529911517514
"/home/michaelbennie/OneDrive/Leite,Walter's files - Storiza Corpus Spring 2025/Processed_Utterances/annotated_sentence_segments/uid_8AhIEcEU81Sn83Fyb0gnFvpiNij2_sid_uFpqxEWSmUluX0tQptOS_1742515199_195800146_sentence_segment_close.wav",157.41916828528008,205.3271398410442,157.21673661615665,206.05028452911225
"/home/michaelbennie/OneDrive/Leite,Walter's files - Storiza Corpus Spring 2025/Processed_Utterances/annotated_sentence_segments/uid_8AhIEcEU81Sn83Fyb0gnFvpiNij2_sid_uFpqxEWSmUluX0tQptOS_1742515199_195800147_sentence_segment_close.wav",209.75762667342363,267.26252706885265,209.34754387597067,268.72663676896497
"/home/michaelbennie/OneDrive/Leite,Walter's files - Storiza Corpus Spring 2025/Processed_Utterances/annotated_sentence_segments/uid_8AhIEcEU81Sn83Fyb0gnFvpiNij2_sid_uFpqxEWSmUluX0tQptOS_1742515199_195800148_sentence_segment_close.wav",272.90496318573497,321.27049901997896,272.53553980757727,320.9142933278627
"/home/michaelbennie/OneDrive/Leite,Walter's files - Storiza Corpus Spring 2025/Processed_Utterances/annotated_sentence_segments/uid_u2hytH2KWIS6ewdShfEZisygqIo2_sid_7IUfKNbPtSLLxwJEdkZc_1743194542_195800149_sentence_segment_close.wav",2.1849828826067714,7.826765112172557,2.1808358577168394,7.993063533558509
"/home/michaelbennie/OneDrive/Leite,Walter's files - Storiza Corpus Spring 2025/Processed_Utterances/annotated_sentence_segments/uid_u2hytH2KWIS6ewdShfEZisygqIo2_sid_7IUfKNbPtSLLxwJEdkZc_1743194542_195800150_sentence_segment_close.wav",8.449523208870096,14.949931763260897,8.430009647239775,15.112459082997514
"/home/michaelbennie/OneDrive/Leite,Walter's files - Storiza Corpus Spring 2025/Processed_Utterances/annotated_sentence_segments/uid_u2hytH2KWIS6ewdShfEZisygqIo2_sid_7IUfKNbPtSLLxwJEdkZc_1743194542_195800151_sentence_segment_close.wav",16.61738203135193,27.190679042417756,16.63971130920848,27.32380624517905
"/home/michaelbennie/OneDrive/Leite,Walter's files - Storiza Corpus Spring 2025/Processed_Utterances/annotated_sentence_segments/uid_u2hytH2KWIS6ewdShfEZisygqIo2_sid_7IUfKNbPtSLLxwJEdkZc_1743194542_195800152_sentence_segment_close.wav",28.064776574301625,40.37739998317416,28.13745183462588,40.31211806784328
"/home/michaelbennie/OneDrive/Leite,Walter's files - Storiza Corpus Spring 2025/Processed_Utterances/annotated_sentence_segments/uid_u2hytH2KWIS6ewdShfEZisygqIo2_sid_7IUfKNbPtSLLxwJEdkZc_1743194542_195800153_sentence_segment_close.wav",40.55957985496968,49.89821964027478,40.82898364945909,50.12254563027993
"/home/michaelbennie/OneDrive/Leite,Walter's files - Storiza Corpus Spring 2025/Processed_Utterances/annotated_sentence_segments/uid_u2hytH2KWIS6ewdShfEZisygqIo2_sid_7IUfKNbPtSLLxwJEdkZc_1743194542_195800154_sentence_segment_close.wav",50.49015387674112,63.49676066969328,50.56271433550718,64.0278751817772
"/home/michaelbennie/OneDrive/Leite,Walter's files - Storiza Corpus Spring 2025/Processed_Utterances/annotated_sentence_segments/uid_u2hytH2KWIS6ewdShfEZisygqIo2_sid_7IUfKNbPtSLLxwJEdkZc_1743194542_195800155_sentence_segment_close.wav",64.21428272550119,72.3224920533005,64.34709086861999,72.30189154642676
"/home/michaelbennie/OneDrive/Leite,Walter's files - Storiza Corpus Spring 2025/Processed_Utterances/annotated_sentence_segments/uid_u2hytH2KWIS6ewdShfEZisygqIo2_sid_7IUfKNbPtSLLxwJEdkZc_1743194542_195800156_sentence_segment_close.wav",72.33027423862104,80.75838861588373,72.35547893595296,80.70852326927535
"/home/michaelbennie/OneDrive/Leite,Walter's files - Storiza Corpus Spring 2025/Processed_Utterances/annotated_sentence_segments/uid_u2hytH2KWIS6ewdShfEZisygqIo2_sid_7IUfKNbPtSLLxwJEdkZc_1743194542_195800157_sentence_segment_close.wav",80.81369622335221,91.7595534976777,80.8633755246652,91.69994542182916
"/home/michaelbennie/OneDrive/Leite,Walter's files - Storiza Corpus Spring 2025/Processed_Utterances/annotated_sentence_segments/uid_Gt0cspsUtRSvEXXHZKUWlVAfyVq2_sid_Fg08PYTUetsEHAd5a7Su_1743619578_195800158_sentence_segment_close.wav",0.4619261945786611,7.310713946112334,0.4716285924834192,7.295504789977892
"/home/michaelbennie/OneDrive/Leite,Walter's files - Storiza Corpus Spring 2025/Processed_Utterances/annotated_sentence_segments/uid_Gt0cspsUtRSvEXXHZKUWlVAfyVq2_sid_Fg08PYTUetsEHAd5a7Su_1743619578_195800159_sentence_segment_close.wav",7.62998458956082,14.503917430690397,7.663964627855563,14.76787030213707
"/home/michaelbennie/OneDrive/Leite,Walter's files - Storiza Corpus Spring 2025/Processed_Utterances/annotated_sentence_segments/uid_Gt0cspsUtRSvEXXHZKUWlVAfyVq2_sid_Fg08PYTUetsEHAd5a7Su_1743619578_195800160_sentence_segment_close.wav",14.534365924473276,17.322869827528194,14.807172984697402,17.34217666929578
"/home/michaelbennie/OneDrive/Leite,Walter's files - Storiza Corpus Spring 2025/Processed_Utterances/annotated_sentence_segments/uid_Gt0cspsUtRSvEXXHZKUWlVAfyVq2_sid_Fg08PYTUetsEHAd5a7Su_1743619578_195800161_sentence_segment_close.wav",18.310463188849315,22.042546960895102,18.032178146759865,22.04528900513857
"/home/michaelbennie/OneDrive/Leite,Walter's files - Storiza Corpus Spring 2025/Processed_Utterances/annotated_sentence_segments/uid_Gt0cspsUtRSvEXXHZKUWlVAfyVq2_sid_Fg08PYTUetsEHAd5a7Su_1743619578_195800162_sentence_segment_close.wav",23.44795441372331,26.1306126958527,23.486924894014543,26.152274210982856
"/home/michaelbennie/OneDrive/Leite,Walter's files - Storiza Corpus Spring 2025/Processed_Utterances/annotated_sentence_segments/uid_Gt0cspsUtRSvEXXHZKUWlVAfyVq2_sid_Fg08PYTUetsEHAd5a7Su_1743619578_195800163_sentence_segment_close.wav",27.312551471633025,34.466732901198995,27.312439857561323,34.47063206688159
"/home/michaelbennie/OneDrive/Leite,Walter's files - Storiza Corpus Spring 2025/Processed_Utterances/annotated_sentence_segments/uid_Gt0cspsUtRSvEXXHZKUWlVAfyVq2_sid_Fg08PYTUetsEHAd5a7Su_1743619578_195800164_sentence_segment_close.wav",37.56085346536974,40.82806056866483,37.54942513772469,40.79991936677087
"/home/michaelbennie/OneDrive/Leite,Walter's files - Storiza Corpus Spring 2025/Processed_Utterances/annotated_sentence_segments/uid_Gt0cspsUtRSvEXXHZKUWlVAfyVq2_sid_Fg08PYTUetsEHAd5a7Su_1743619578_195800167_sentence_segment_close.wav",56.936175567187455,64.48273090649603,56.98081303453701,64.49997732426304
"/home/michaelbennie/OneDrive/Leite,Walter's files - Storiza Corpus Spring 2025/Processed_Utterances/annotated_sentence_segments/uid_EfKQNmht2ebtDnNadrezErlhcDF3_sid_94139u3RLB6eDunha2LP_1741737807_195800168_sentence_segment_close.wav",0.8361033699714538,4.164246795365801,0.8376319564785595,4.256939251983351
"/home/michaelbennie/OneDrive/Leite,Walter's files - Storiza Corpus Spring 2025/Processed_Utterances/annotated_sentence_segments/uid_EfKQNmht2ebtDnNadrezErlhcDF3_sid_94139u3RLB6eDunha2LP_1741737807_195800169_sentence_segment_close.wav",4.646114196353584,6.597095598349249,4.672070744288874,6.669123065585851
"/home/michaelbennie/OneDrive/Leite,Walter's files - Storiza Corpus Spring 2025/Processed_Utterances/annotated_sentence_segments/uid_EfKQNmht2ebtDnNadrezErlhcDF3_sid_94139u3RLB6eDunha2LP_1741737807_195800170_sentence_segment_close.wav",6.982309929140636,10.359208839157613,7.049865047986137,10.336526801854966
"/home/michaelbennie/OneDrive/Leite,Walter's files - Storiza Corpus Spring 2025/Processed_Utterances/annotated_sentence_segments/uid_EfKQNmht2ebtDnNadrezErlhcDF3_sid_94139u3RLB6eDunha2LP_1741737807_195800171_sentence_segment_close.wav",11.288166815051019,13.388804236949593,11.289305142503071,13.412228057874632
"/home/michaelbennie/OneDrive/Leite,Walter's files - Storiza Corpus Spring 2025/Processed_Utterances/annotated_sentence_segments/uid_EfKQNmht2ebtDnNadrezErlhcDF3_sid_94139u3RLB6eDunha2LP_1741737807_195800172_sentence_segment_close.wav",13.61561078894517,21.373832129042576,13.66327661888195,21.38770345729599
"/home/michaelbennie/OneDrive/Leite,Walter's files - Storiza Corpus Spring 2025/Processed_Utterances/annotated_sentence_segments/uid_EfKQNmht2ebtDnNadrezErlhcDF3_sid_94139u3RLB6eDunha2LP_1741737807_195800173_sentence_segment_close.wav",21.729778003415127,25.279939290110647,21.75015256193431,25.18636925422087
"/home/michaelbennie/OneDrive/Leite,Walter's files - Storiza Corpus Spring 2025/Processed_Utterances/annotated_sentence_segments/uid_EfKQNmht2ebtDnNadrezErlhcDF3_sid_94139u3RLB6eDunha2LP_1741737807_195800174_sentence_segment_close.wav",26.934622678047972,31.965225988383843,27.045691984978667,31.98348830033292
"/home/michaelbennie/OneDrive/Leite,Walter's files - Storiza Corpus Spring 2025/Processed_Utterances/annotated_sentence_segments/uid_EfKQNmht2ebtDnNadrezErlhcDF3_sid_94139u3RLB6eDunha2LP_1741737807_195800175_sentence_segment_close.wav",32.633425263742204,36.20243931060409,32.72564987619224,36.204230883863154
"/home/michaelbennie/OneDrive/Leite,Walter's files - Storiza Corpus Spring 2025/Processed_Utterances/annotated_sentence_segments/uid_EfKQNmht2ebtDnNadrezErlhcDF3_sid_94139u3RLB6eDunha2LP_1741737807_195800176_sentence_segment_close.wav",36.535223110612925,42.43320249001195,36.55255740083442,42.3988329238754
"/home/michaelbennie/OneDrive/Leite,Walter's files - Storiza Corpus Spring 2025/Processed_Utterances/annotated_sentence_segments/uid_EfKQNmht2ebtDnNadrezErlhcDF3_sid_94139u3RLB6eDunha2LP_1741737807_195800177_sentence_segment_close.wav",44.798021307873505,48.64658226012818,44.87990382310607,48.6644493307751
"/home/michaelbennie/OneDrive/Leite,Walter's files - Storiza Corpus Spring 2025/Processed_Utterances/annotated_sentence_segments/uid_IxbpyVeneRWBOVT8zPZO9dPynyX2_sid_TI7ZfqtWKKN5LypKQDPq_1742330731_195800178_sentence_segment_close.wav",2.8793287046420164,6.9605148838333974,2.890091331906,5.952282558132356
"/home/michaelbennie/OneDrive/Leite,Walter's files - Storiza Corpus Spring 2025/Processed_Utterances/annotated_sentence_segments/uid_IxbpyVeneRWBOVT8zPZO9dPynyX2_sid_TI7ZfqtWKKN5LypKQDPq_1742330731_195800179_sentence_segment_close.wav",7.056004400769067,12.068387488563566,6.2727446115734855,12.023254879428794
"/home/michaelbennie/OneDrive/Leite,Walter's files - Storiza Corpus Spring 2025/Processed_Utterances/annotated_sentence_segments/uid_IxbpyVeneRWBOVT8zPZO9dPynyX2_sid_TI7ZfqtWKKN5LypKQDPq_1742330731_195800180_sentence_segment_close.wav",12.366930979221882,17.695102516657162,12.420964659215258,17.69958433938261
"/home/michaelbennie/OneDrive/Leite,Walter's files - Storiza Corpus Spring 2025/Processed_Utterances/annotated_sentence_segments/uid_IxbpyVeneRWBOVT8zPZO9dPynyX2_sid_TI7ZfqtWKKN5LypKQDPq_1742330731_195800181_sentence_segment_close.wav",17.992911238496493,21.70208591864527,18.01114449321378,21.660849152378912
"/home/michaelbennie/OneDrive/Leite,Walter's files - Storiza Corpus Spring 2025/Processed_Utterances/annotated_sentence_segments/uid_IxbpyVeneRWBOVT8zPZO9dPynyX2_sid_TI7ZfqtWKKN5LypKQDPq_1742330731_195800182_sentence_segment_close.wav",21.783925772640334,24.208699850048077,21.7854721272758,24.277953357925163
"/home/michaelbennie/OneDrive/Leite,Walter's files - Storiza Corpus Spring 2025/Processed_Utterances/annotated_sentence_segments/uid_IxbpyVeneRWBOVT8zPZO9dPynyX2_sid_TI7ZfqtWKKN5LypKQDPq_1742330731_195800183_sentence_segment_close.wav",24.91953786435077,31.78702185886129,24.94855094739969,31.57142964598228
"/home/michaelbennie/OneDrive/Leite,Walter's files - Storiza Corpus Spring 2025/Processed_Utterances/annotated_sentence_segments/uid_IxbpyVeneRWBOVT8zPZO9dPynyX2_sid_TI7ZfqtWKKN5LypKQDPq_1742330731_195800184_sentence_segment_close.wav",32.10416424178966,35.0905681750615,32.18564823496372,35.132117118338506
"/home/michaelbennie/OneDrive/Leite,Walter's files - Storiza Corpus Spring 2025/Processed_Utterances/annotated_sentence_segments/uid_IxbpyVeneRWBOVT8zPZO9dPynyX2_sid_TI7ZfqtWKKN5LypKQDPq_1742330731_195800185_sentence_segment_close.wav",35.1439529141202,38.854478620604844,35.17365702333522,38.80555824513857
"/home/michaelbennie/OneDrive/Leite,Walter's files - Storiza Corpus Spring 2025/Processed_Utterances/annotated_sentence_segments/uid_IxbpyVeneRWBOVT8zPZO9dPynyX2_sid_TI7ZfqtWKKN5LypKQDPq_1742330731_195800186_sentence_segment_close.wav",40.12689587984175,43.29066720927159,40.14378256240874,43.28608925676311
"/home/michaelbennie/OneDrive/Leite,Walter's files - Storiza Corpus Spring 2025/Processed_Utterances/annotated_sentence_segments/uid_IxbpyVeneRWBOVT8zPZO9dPynyX2_sid_TI7ZfqtWKKN5LypKQDPq_1742330731_195800187_sentence_segment_close.wav",43.6268401995414,48.66778546635175,43.677764878722286,48.64492390265923
"/home/michaelbennie/OneDrive/Leite,Walter's files - Storiza Corpus Spring 2025/Processed_Utterances/annotated_sentence_segments/uid_IxbpyVeneRWBOVT8zPZO9dPynyX2_sid_TI7ZfqtWKKN5LypKQDPq_1742330731_195800188_sentence_segment_close.wav",48.97436182597665,53.32081752757808,49.03659952461842,53.273817616722326
"/home/michaelbennie/OneDrive/Leite,Walter's files - Storiza Corpus Spring 2025/Processed_Utterances/annotated_sentence_segments/uid_IxbpyVeneRWBOVT8zPZO9dPynyX2_sid_TI7ZfqtWKKN5LypKQDPq_1742330731_195800189_sentence_segment_close.wav",53.33413534508242,59.3713653226093,53.35964959732051,59.34160455087898
"/home/michaelbennie/OneDrive/Leite,Walter's files - Storiza Corpus Spring 2025/Processed_Utterances/annotated_sentence_segments/uid_IxbpyVeneRWBOVT8zPZO9dPynyX2_sid_TI7ZfqtWKKN5LypKQDPq_1742330731_195800190_sentence_segment_close.wav",59.832306187495014,63.82610934824883,59.8846093904133,63.98830170230386
"/home/michaelbennie/OneDrive/Leite,Walter's files - Storiza Corpus Spring 2025/Processed_Utterances/annotated_sentence_segments/uid_eQ9VyOzVOCQWR7uTGBGzvfh3rUJ2_sid_d0sd8ez8hxweRUEB02Dj_1742253312_195800191_sentence_segment_close.wav",2.5498196905436803,15.677090413482478,2.584053794428434,15.686839577329492
"/home/michaelbennie/OneDrive/Leite,Walter's files - Storiza Corpus Spring 2025/Processed_Utterances/annotated_sentence_segments/uid_eQ9VyOzVOCQWR7uTGBGzvfh3rUJ2_sid_d0sd8ez8hxweRUEB02Dj_1742253312_195800192_sentence_segment_close.wav",15.694164018814009,24.48554142934823,15.715236698855689,24.572105094628984
"/home/michaelbennie/OneDrive/Leite,Walter's files - Storiza Corpus Spring 2025/Processed_Utterances/annotated_sentence_segments/uid_eQ9VyOzVOCQWR7uTGBGzvfh3rUJ2_sid_d0sd8ez8hxweRUEB02Dj_1742253312_195800193_sentence_segment_close.wav",25.278475221735672,28.055559776414363,25.194375056808155,28.046639739352795
"/home/michaelbennie/OneDrive/Leite,Walter's files - Storiza Corpus Spring 2025/Processed_Utterances/annotated_sentence_segments/uid_eQ9VyOzVOCQWR7uTGBGzvfh3rUJ2_sid_d0sd8ez8hxweRUEB02Dj_1742253312_195800194_sentence_segment_close.wav",28.38942487212509,30.401271615078866,28.34886646068202,30.472009178019885
"/home/michaelbennie/OneDrive/Leite,Walter's files - Storiza Corpus Spring 2025/Processed_Utterances/annotated_sentence_segments/uid_WU2CHNrkg8hTa41RUFdbv0AtTC42_sid_2Co3lEc8sspfmMu4fH2l_1741135526_195800195_sentence_segment_close.wav",2.1203686931298744,18.384670335235125,2.1067702220676727,18.36705495361728
"/home/michaelbennie/OneDrive/Leite,Walter's files - Storiza Corpus Spring 2025/Processed_Utterances/annotated_sentence_segments/uid_WU2CHNrkg8hTa41RUFdbv0AtTC42_sid_2Co3lEc8sspfmMu4fH2l_1741135526_195800196_sentence_segment_close.wav",18.612867277624364,27.99661883427101,18.638097996883047,27.694447462321456
"/home/michaelbennie/OneDrive/Leite,Walter's files - Storiza Corpus Spring 2025/Processed_Utterances/annotated_sentence_segments/uid_WU2CHNrkg8hTa41RUFdbv0AtTC42_sid_2Co3lEc8sspfmMu4fH2l_1741135526_195800197_sentence_segment_close.wav",28.087485203430617,34.98726315420352,28.08849717649657,35.16101014988096
"/home/michaelbennie/OneDrive/Leite,Walter's files - Storiza Corpus Spring 2025/Processed_Utterances/annotated_sentence_segments/uid_WU2CHNrkg8hTa41RUFdbv0AtTC42_sid_2Co3lEc8sspfmMu4fH2l_1741135526_195800198_sentence_segment_close.wav",36.31996976063872,47.67354664386053,36.340895191770485,47.70719125754577
"/home/michaelbennie/OneDrive/Leite,Walter's files - Storiza Corpus Spring 2025/Processed_Utterances/annotated_sentence_segments/uid_WU2CHNrkg8hTa41RUFdbv0AtTC42_sid_2Co3lEc8sspfmMu4fH2l_1741135526_195800199_sentence_segment_close.wav",47.79586233828816,72.25084896860545,47.87785152334912,72.304680136334
"/home/michaelbennie/OneDrive/Leite,Walter's files - Storiza Corpus Spring 2025/Processed_Utterances/annotated_sentence_segments/uid_EfKQNmht2ebtDnNadrezErlhcDF3_sid_jz3KP00mqLL8lsiR3aHj_1743543984_195800200_sentence_segment_close.wav",1.279919908604624,6.2427339005765345,1.2920657940093614,6.288381195630585
"/home/michaelbennie/OneDrive/Leite,Walter's files - Storiza Corpus Spring 2025/Processed_Utterances/annotated_sentence_segments/uid_EfKQNmht2ebtDnNadrezErlhcDF3_sid_jz3KP00mqLL8lsiR3aHj_1743543984_195800201_sentence_segment_close.wav",6.676608215291098,10.255711714568317,6.696143603623572,10.277573227794536
"/home/michaelbennie/OneDrive/Leite,Walter's files - Storiza Corpus Spring 2025/Processed_Utterances/annotated_sentence_segments/uid_EfKQNmht2ebtDnNadrezErlhcDF3_sid_jz3KP00mqLL8lsiR3aHj_1743543984_195800202_sentence_segment_close.wav",10.844168419563648,17.346796237465348,10.869565217391305,17.310243183493
"/home/michaelbennie/OneDrive/Leite,Walter's files - Storiza Corpus Spring 2025/Processed_Utterances/annotated_sentence_segments/uid_EfKQNmht2ebtDnNadrezErlhcDF3_sid_jz3KP00mqLL8lsiR3aHj_1743543984_195800203_sentence_segment_close.wav",18.147646802081987,26.02531369006141,18.147875814641672,26.025547148466284
"/home/michaelbennie/OneDrive/Leite,Walter's files - Storiza Corpus Spring 2025/Processed_Utterances/annotated_sentence_segments/uid_EfKQNmht2ebtDnNadrezErlhcDF3_sid_jz3KP00mqLL8lsiR3aHj_1743543984_195800204_sentence_segment_close.wav",26.884477376735184,30.25872899363502,26.87791637400976,30.24563929221168
"/home/michaelbennie/OneDrive/Leite,Walter's files - Storiza Corpus Spring 2025/Processed_Utterances/annotated_sentence_segments/uid_EfKQNmht2ebtDnNadrezErlhcDF3_sid_jz3KP00mqLL8lsiR3aHj_1743543984_195800205_sentence_segment_close.wav",30.872590516211584,37.942253614803136,30.94079958663412,37.54359988140199
"/home/michaelbennie/OneDrive/Leite,Walter's files - Storiza Corpus Spring 2025/Processed_Utterances/annotated_sentence_segments/uid_EfKQNmht2ebtDnNadrezErlhcDF3_sid_jz3KP00mqLL8lsiR3aHj_1743543984_195800206_sentence_segment_close.wav",41.41946287946882,49.6675544106652,41.48857774502579,49.624170965364776
"/home/michaelbennie/OneDrive/Leite,Walter's files - Storiza Corpus Spring 2025/Processed_Utterances/annotated_sentence_segments/uid_EfKQNmht2ebtDnNadrezErlhcDF3_sid_jz3KP00mqLL8lsiR3aHj_1743543984_195800207_sentence_segment_close.wav",50.35522495217663,56.07210612326563,50.43384615256075,55.89442094990784
"/home/michaelbennie/OneDrive/Leite,Walter's files - Storiza Corpus Spring 2025/Processed_Utterances/annotated_sentence_segments/uid_8AhIEcEU81Sn83Fyb0gnFvpiNij2_sid_dWWHqaNCItDHVTJsppiM_1742342703_195800208_sentence_segment_close.wav",1.6377326800234158,9.225840695302558,1.7017310033268729,8.87970914517932
"/home/michaelbennie/OneDrive/Leite,Walter's files - Storiza Corpus Spring 2025/Processed_Utterances/annotated_sentence_segments/uid_8AhIEcEU81Sn83Fyb0gnFvpiNij2_sid_dWWHqaNCItDHVTJsppiM_1742342703_195800209_sentence_segment_close.wav",9.32762307063934,28.717360483638224,9.35738854393482,28.677793168172247
"/home/michaelbennie/OneDrive/Leite,Walter's files - Storiza Corpus Spring 2025/Processed_Utterances/annotated_sentence_segments/uid_8AhIEcEU81Sn83Fyb0gnFvpiNij2_sid_dWWHqaNCItDHVTJsppiM_1742342703_195800210_sentence_segment_close.wav",30.37083697956245,63.55850044281081,30.30366021562618,63.5655720471246
"/home/michaelbennie/OneDrive/Leite,Walter's files - Storiza Corpus Spring 2025/Processed_Utterances/annotated_sentence_segments/uid_8AhIEcEU81Sn83Fyb0gnFvpiNij2_sid_dWWHqaNCItDHVTJsppiM_1742342703_195800211_sentence_segment_close.wav",64.44742409919863,97.76233488508329,64.50887958674782,97.51429644588444
"/home/michaelbennie/OneDrive/Leite,Walter's files - Storiza Corpus Spring 2025/Processed_Utterances/annotated_sentence_segments/uid_8AhIEcEU81Sn83Fyb0gnFvpiNij2_sid_dWWHqaNCItDHVTJsppiM_1742342703_195800212_sentence_segment_close.wav",98.80385974584638,118.13474832370287,98.8253060453813,118.1509035279208
"/home/michaelbennie/OneDrive/Leite,Walter's files - Storiza Corpus Spring 2025/Processed_Utterances/annotated_sentence_segments/uid_8AhIEcEU81Sn83Fyb0gnFvpiNij2_sid_dWWHqaNCItDHVTJsppiM_1742342703_195800213_sentence_segment_close.wav",121.43082163958476,143.6758601880357,121.5789636704672,143.73225808195235
"/home/michaelbennie/OneDrive/Leite,Walter's files - Storiza Corpus Spring 2025/Processed_Utterances/annotated_sentence_segments/uid_8AhIEcEU81Sn83Fyb0gnFvpiNij2_sid_dWWHqaNCItDHVTJsppiM_1742342703_195800214_sentence_segment_close.wav",150.70886920069452,183.7876041197249,150.7278478649467,183.811470404497
"/home/michaelbennie/OneDrive/Leite,Walter's files - Storiza Corpus Spring 2025/Processed_Utterances/annotated_sentence_segments/uid_R1EwS77TeuNWizrTF57TXCX3ufd2_sid_B089U2ffcOfQjtBInn6U_1742992355_195800215_sentence_segment_close.wav",4.335816002540635,18.800430395306364,4.448762714229992,18.764295487789703
"/home/michaelbennie/OneDrive/Leite,Walter's files - Storiza Corpus Spring 2025/Processed_Utterances/annotated_sentence_segments/uid_R1EwS77TeuNWizrTF57TXCX3ufd2_sid_B089U2ffcOfQjtBInn6U_1742992355_195800216_sentence_segment_close.wav",18.954441646672915,32.54911833911419,18.95936262322447,32.57885762934063
"/home/michaelbennie/OneDrive/Leite,Walter's files - Storiza Corpus Spring 2025/Processed_Utterances/annotated_sentence_segments/uid_R1EwS77TeuNWizrTF57TXCX3ufd2_sid_B089U2ffcOfQjtBInn6U_1742992355_195800217_sentence_segment_close.wav",33.598812731976935,34.29841848869909,33.55931738370549,34.32375633126088
"/home/michaelbennie/OneDrive/Leite,Walter's files - Storiza Corpus Spring 2025/Processed_Utterances/annotated_sentence_segments/uid_R1EwS77TeuNWizrTF57TXCX3ufd2_sid_B089U2ffcOfQjtBInn6U_1742992355_195800218_sentence_segment_close.wav",35.09024370572246,42.49760940231792,35.18337950917957,42.423012492295264
"/home/michaelbennie/OneDrive/Leite,Walter's files - Storiza Corpus Spring 2025/Processed_Utterances/annotated_sentence_segments/uid_R1EwS77TeuNWizrTF57TXCX3ufd2_sid_B089U2ffcOfQjtBInn6U_1742992355_195800219_sentence_segment_close.wav",43.37928732809647,65.14813022331344,43.4213528294368,65.13202924415519
"/home/michaelbennie/OneDrive/Leite,Walter's files - Storiza Corpus Spring 2025/Processed_Utterances/annotated_sentence_segments/uid_R1EwS77TeuNWizrTF57TXCX3ufd2_sid_B089U2ffcOfQjtBInn6U_1742992355_195800220_sentence_segment_close.wav",65.5865271184911,89.00770359340697,65.61312157654194,89.01321669199616
"/home/michaelbennie/OneDrive/Leite,Walter's files - Storiza Corpus Spring 2025/Processed_Utterances/annotated_sentence_segments/uid_R1EwS77TeuNWizrTF57TXCX3ufd2_sid_B089U2ffcOfQjtBInn6U_1742992355_195800221_sentence_segment_close.wav",89.60134814712531,114.9216576089948,89.65857872510645,114.9808245107587
"/home/michaelbennie/OneDrive/Leite,Walter's files - Storiza Corpus Spring 2025/Processed_Utterances/annotated_sentence_segments/uid_R1EwS77TeuNWizrTF57TXCX3ufd2_sid_B089U2ffcOfQjtBInn6U_1742992355_195800222_sentence_segment_close.wav",114.50140264974652,155.79885693943123,115.4938880417724,155.9103227318845
"/home/michaelbennie/OneDrive/Leite,Walter's files - Storiza Corpus Spring 2025/Processed_Utterances/annotated_sentence_segments/uid_R1EwS77TeuNWizrTF57TXCX3ufd2_sid_B089U2ffcOfQjtBInn6U_1742992355_195800223_sentence_segment_close.wav",158.30758094208346,193.73856972859886,158.3112254838616,193.74
"/home/michaelbennie/OneDrive/Leite,Walter's files - Storiza Corpus Spring 2025/Processed_Utterances/annotated_sentence_segments/uid_aKXkeU8QguUwr1lDK1mxXri9hqN2_sid_sn7xe4SO3wbbvwXSbzcB_1741732311_195800224_sentence_segment_close.wav",1.2329334577082192,5.334356782946693,1.1723446893787577,5.350701402805613
"/home/michaelbennie/OneDrive/Leite,Walter's files - Storiza Corpus Spring 2025/Processed_Utterances/annotated_sentence_segments/uid_aKXkeU8QguUwr1lDK1mxXri9hqN2_sid_sn7xe4SO3wbbvwXSbzcB_1741732311_195800225_sentence_segment_close.wav",5.796919819936932,12.779132213540874,5.801603206412827,12.755511022044091
"/home/michaelbennie/OneDrive/Leite,Walter's files - Storiza Corpus Spring 2025/Processed_Utterances/annotated_sentence_segments/uid_aKXkeU8QguUwr1lDK1mxXri9hqN2_sid_sn7xe4SO3wbbvwXSbzcB_1741732311_195800226_sentence_segment_close.wav",13.35586244902914,21.774053492744518,13.35671342685371,21.6432865731463
"/home/michaelbennie/OneDrive/Leite,Walter's files - Storiza Corpus Spring 2025/Processed_Utterances/annotated_sentence_segments/uid_aKXkeU8QguUwr1lDK1mxXri9hqN2_sid_sn7xe4SO3wbbvwXSbzcB_1741732311_195800227_sentence_segment_close.wav",22.412945407412323,30.80297647725574,22.41482965931864,30.791583166332668
"/home/michaelbennie/OneDrive/Leite,Walter's files - Storiza Corpus Spring 2025/Processed_Utterances/annotated_sentence_segments/uid_aKXkeU8QguUwr1lDK1mxXri9hqN2_sid_sn7xe4SO3wbbvwXSbzcB_1741732311_195800228_sentence_segment_close.wav",31.87652948091302,39.02171479685143,31.943887775551108,39.05372481925301
"/home/michaelbennie/OneDrive/Leite,Walter's files - Storiza Corpus Spring 2025/Processed_Utterances/annotated_sentence_segments/uid_uJ59YClhDZUuJsN0vsDR1GRv6pu1_sid_k9imYdOEGdX5jWuxNPba_1741229297_195800229_sentence_segment_close.wav",1.0692568937553795,6.404224561936913,1.0122616374506617,6.724503888074984
"/home/michaelbennie/OneDrive/Leite,Walter's files - Storiza Corpus Spring 2025/Processed_Utterances/annotated_sentence_segments/uid_uJ59YClhDZUuJsN0vsDR1GRv6pu1_sid_k9imYdOEGdX5jWuxNPba_1741229297_195800230_sentence_segment_close.wav",6.745967464863502,11.713057219345163,6.74171784839632,11.98849110952307
"/home/michaelbennie/OneDrive/Leite,Walter's files - Storiza Corpus Spring 2025/Processed_Utterances/annotated_sentence_segments/uid_uJ59YClhDZUuJsN0vsDR1GRv6pu1_sid_k9imYdOEGdX5jWuxNPba_1741229297_195800231_sentence_segment_close.wav",12.600863365116696,21.50048842263096,12.555122186372875,21.85995888894485
"/home/michaelbennie/OneDrive/Leite,Walter's files - Storiza Corpus Spring 2025/Processed_Utterances/annotated_sentence_segments/uid_uJ59YClhDZUuJsN0vsDR1GRv6pu1_sid_k9imYdOEGdX5jWuxNPba_1741229297_195800232_sentence_segment_close.wav",22.039384421437468,24.157613821522816,21.922962075941225,24.51916091613496
"/home/michaelbennie/OneDrive/Leite,Walter's files - Storiza Corpus Spring 2025/Processed_Utterances/annotated_sentence_segments/uid_uJ59YClhDZUuJsN0vsDR1GRv6pu1_sid_k9imYdOEGdX5jWuxNPba_1741229297_195800233_sentence_segment_close.wav",24.775370481448846,28.973476260906654,24.621787965156404,29.38876437710228
"/home/michaelbennie/OneDrive/Leite,Walter's files - Storiza Corpus Spring 2025/Processed_Utterances/annotated_sentence_segments/uid_uJ59YClhDZUuJsN0vsDR1GRv6pu1_sid_k9imYdOEGdX5jWuxNPba_1741229297_195800234_sentence_segment_close.wav",30.228783322616334,41.93785745510689,29.977720929127912,42.447020555444055
"/home/michaelbennie/OneDrive/Leite,Walter's files - Storiza Corpus Spring 2025/Processed_Utterances/annotated_sentence_segments/uid_uJ59YClhDZUuJsN0vsDR1GRv6pu1_sid_k9imYdOEGdX5jWuxNPba_1741229297_195800235_sentence_segment_close.wav",43.08026427340681,55.5209414988662,42.83858616566921,56.23989431566271
"/home/michaelbennie/OneDrive/Leite,Walter's files - Storiza Corpus Spring 2025/Processed_Utterances/annotated_sentence_segments/uid_uJ59YClhDZUuJsN0vsDR1GRv6pu1_sid_k9imYdOEGdX5jWuxNPba_1741229297_195800236_sentence_segment_close.wav",56.67868779719831,69.05913180436433,56.409308019553926,69.37075714186251
"/home/michaelbennie/OneDrive/Leite,Walter's files - Storiza Corpus Spring 2025/Processed_Utterances/annotated_sentence_segments/uid_uJ59YClhDZUuJsN0vsDR1GRv6pu1_sid_k9imYdOEGdX5jWuxNPba_1741229297_195800237_sentence_segment_close.wav",69.67919776086684,71.32831447127899,69.473367295574,71.90418424983685
"/home/michaelbennie/OneDrive/Leite,Walter's files - Storiza Corpus Spring 2025/Processed_Utterances/annotated_sentence_segments/uid_uJ59YClhDZUuJsN0vsDR1GRv6pu1_sid_k9imYdOEGdX5jWuxNPba_1741229297_195800238_sentence_segment_close.wav",71.96791764674772,75.34639982203177,71.91888283421868,75.41997732426304
"/home/michaelbennie/OneDrive/Leite,Walter's files - Storiza Corpus Spring 2025/Processed_Utterances/annotated_sentence_segments/uid_u2hytH2KWIS6ewdShfEZisygqIo2_sid_6ae2RFg9b4TnHyeQrwPg_1741208178_195800239_sentence_segment_close.wav",17.805295166472316,23.272689195730514,17.780979827089336,23.333333333333336
"/home/michaelbennie/OneDrive/Leite,Walter's files - Storiza Corpus Spring 2025/Processed_Utterances/annotated_sentence_segments/uid_u2hytH2KWIS6ewdShfEZisygqIo2_sid_6ae2RFg9b4TnHyeQrwPg_1741208178_195800240_sentence_segment_close.wav",26.403794524484166,44.349655575141725,26.359269932756963,45.28338136407301
"/home/michaelbennie/OneDrive/Leite,Walter's files - Storiza Corpus Spring 2025/Processed_Utterances/annotated_sentence_segments/uid_u2hytH2KWIS6ewdShfEZisygqIo2_sid_6ae2RFg9b4TnHyeQrwPg_1741208178_195800241_sentence_segment_close.wav",45.41826829583674,55.83833380147075,45.36023054755043,55.97502401536984
"/home/michaelbennie/OneDrive/Leite,Walter's files - Storiza Corpus Spring 2025/Processed_Utterances/annotated_sentence_segments/uid_u2hytH2KWIS6ewdShfEZisygqIo2_sid_6ae2RFg9b4TnHyeQrwPg_1741208178_195800242_sentence_segment_close.wav",59.33296141720398,70.4142424896622,59.33580607768636,70.57622843532141
"/home/michaelbennie/OneDrive/Leite,Walter's files - Storiza Corpus Spring 2025/Processed_Utterances/annotated_sentence_segments/uid_u2hytH2KWIS6ewdShfEZisygqIo2_sid_6ae2RFg9b4TnHyeQrwPg_1741208178_195800243_sentence_segment_close.wav",92.54013582515579,95.85409278420633,92.46878001921228,95.97502401536984
"/home/michaelbennie/OneDrive/Leite,Walter's files - Storiza Corpus Spring 2025/Processed_Utterances/annotated_sentence_segments/uid_u2hytH2KWIS6ewdShfEZisygqIo2_sid_6ae2RFg9b4TnHyeQrwPg_1741208178_195800244_sentence_segment_close.wav",98.98634237937593,102.98543820211997,98.98174831892412,102.98751200768493
"/home/michaelbennie/OneDrive/Leite,Walter's files - Storiza Corpus Spring 2025/Processed_Utterances/annotated_sentence_segments/uid_u2hytH2KWIS6ewdShfEZisygqIo2_sid_6ae2RFg9b4TnHyeQrwPg_1741208178_195800245_sentence_segment_close.wav",103.5076399572446,108.99248675108537,103.51585014409224,108.89529298751202
"/home/michaelbennie/OneDrive/Leite,Walter's files - Storiza Corpus Spring 2025/Processed_Utterances/annotated_sentence_segments/uid_Gt0cspsUtRSvEXXHZKUWlVAfyVq2_sid_T60aXpcSfYeutkEUGFiG_1742062680_195800246_sentence_segment_close.wav",0.0037355958889116504,8.926690997885146,0.0,8.90198968312454
"/home/michaelbennie/OneDrive/Leite,Walter's files - Storiza Corpus Spring 2025/Processed_Utterances/annotated_sentence_segments/uid_Gt0cspsUtRSvEXXHZKUWlVAfyVq2_sid_T60aXpcSfYeutkEUGFiG_1742062680_195800247_sentence_segment_close.wav",9.741144308040841,13.42819781194445,9.746990611470618,13.34315862915669
"/home/michaelbennie/OneDrive/Leite,Walter's files - Storiza Corpus Spring 2025/Processed_Utterances/annotated_sentence_segments/uid_Gt0cspsUtRSvEXXHZKUWlVAfyVq2_sid_T60aXpcSfYeutkEUGFiG_1742062680_195800248_sentence_segment_close.wav",13.865466575671382,18.94805134817245,13.868828297715549,18.9240972733972
"/home/michaelbennie/OneDrive/Leite,Walter's files - Storiza Corpus Spring 2025/Processed_Utterances/annotated_sentence_segments/uid_Gt0cspsUtRSvEXXHZKUWlVAfyVq2_sid_T60aXpcSfYeutkEUGFiG_1742062680_195800249_sentence_segment_close.wav",19.286454479286647,26.09545661554639,19.287643713729736,26.07467392743644
"/home/michaelbennie/OneDrive/Leite,Walter's files - Storiza Corpus Spring 2025/Processed_Utterances/annotated_sentence_segments/uid_Gt0cspsUtRSvEXXHZKUWlVAfyVq2_sid_T60aXpcSfYeutkEUGFiG_1742062680_195800250_sentence_segment_close.wav",26.303683949158916,31.03509087615382,26.320315018768422,31.0071241565724
"/home/michaelbennie/OneDrive/Leite,Walter's files - Storiza Corpus Spring 2025/Processed_Utterances/annotated_sentence_segments/uid_Gt0cspsUtRSvEXXHZKUWlVAfyVq2_sid_T60aXpcSfYeutkEUGFiG_1742062680_195800251_sentence_segment_close.wav",31.663525135363756,36.20590606745204,31.677721061509764,36.15819269010225
"/home/michaelbennie/OneDrive/Leite,Walter's files - Storiza Corpus Spring 2025/Processed_Utterances/annotated_sentence_segments/uid_Gt0cspsUtRSvEXXHZKUWlVAfyVq2_sid_T60aXpcSfYeutkEUGFiG_1742062680_195800252_sentence_segment_close.wav",36.81670541043713,43.17136002758484,36.86563377970708,43.12945102362749
"/home/michaelbennie/OneDrive/Leite,Walter's files - Storiza Corpus Spring 2025/Processed_Utterances/annotated_sentence_segments/uid_Gt0cspsUtRSvEXXHZKUWlVAfyVq2_sid_T60aXpcSfYeutkEUGFiG_1742062680_195800253_sentence_segment_close.wav",43.66497315980121,50.57864886349363,43.65749682200816,50.57725494542189
"/home/michaelbennie/OneDrive/Leite,Walter's files - Storiza Corpus Spring 2025/Processed_Utterances/annotated_sentence_segments/uid_Gt0cspsUtRSvEXXHZKUWlVAfyVq2_sid_T60aXpcSfYeutkEUGFiG_1742062680_195800254_sentence_segment_close.wav",51.17512918121399,62.55138325742999,51.16924468611828,62.760991185749816
"/home/michaelbennie/OneDrive/Leite,Walter's files - Storiza Corpus Spring 2025/Processed_Utterances/annotated_sentence_segments/uid_Gt0cspsUtRSvEXXHZKUWlVAfyVq2_sid_T60aXpcSfYeutkEUGFiG_1742062680_195800255_sentence_segment_close.wav",63.44307973889621,68.24863541758515,63.46106487771739,68.22856769011906
"/home/michaelbennie/OneDrive/Leite,Walter's files - Storiza Corpus Spring 2025/Processed_Utterances/annotated_sentence_segments/uid_HGLxgWVfJZWhAsqMf761d40h3eQ2_sid_dfOpuFPgL5wgpnuFyHxW_1741228586_195800256_sentence_segment_close.wav",2.386657999718306,29.600766170830344,2.3346693386773545,29.72945891783567
"/home/michaelbennie/OneDrive/Leite,Walter's files - Storiza Corpus Spring 2025/Processed_Utterances/annotated_sentence_segments/uid_HGLxgWVfJZWhAsqMf761d40h3eQ2_sid_dfOpuFPgL5wgpnuFyHxW_1741228586_195800257_sentence_segment_close.wav",37.57664637364383,48.15240550426883,37.322372925607965,48.45706877577047
"/home/michaelbennie/OneDrive/Leite,Walter's files - Storiza Corpus Spring 2025/Processed_Utterances/annotated_sentence_segments/uid_HGLxgWVfJZWhAsqMf761d40h3eQ2_sid_dfOpuFPgL5wgpnuFyHxW_1741228586_195800258_sentence_segment_close.wav",50.834237091668285,124.9471577025582,50.796764359475496,124.96229545258318
"/home/michaelbennie/OneDrive/Leite,Walter's files - Storiza Corpus Spring 2025/Processed_Utterances/annotated_sentence_segments/uid_HGLxgWVfJZWhAsqMf761d40h3eQ2_sid_dfOpuFPgL5wgpnuFyHxW_1741228586_195800259_sentence_segment_close.wav",128.58719582039257,142.65090578817197,128.6550680003586,142.9751325367701
"/home/michaelbennie/OneDrive/Leite,Walter's files - Storiza Corpus Spring 2025/Processed_Utterances/annotated_sentence_segments/uid_HGLxgWVfJZWhAsqMf761d40h3eQ2_sid_dfOpuFPgL5wgpnuFyHxW_1741228586_195800260_sentence_segment_close.wav",146.56053369291385,242.65279819503718,146.47058136061858,242.7927477403787
"/home/michaelbennie/OneDrive/Leite,Walter's files - Storiza Corpus Spring 2025/Processed_Utterances/annotated_sentence_segments/uid_HGLxgWVfJZWhAsqMf761d40h3eQ2_sid_dfOpuFPgL5wgpnuFyHxW_1741228586_195800261_sentence_segment_close.wav",253.50120936747828,308.39211263508304,253.16633779825165,308.1632785670289
"/home/michaelbennie/OneDrive/Leite,Walter's files - Storiza Corpus Spring 2025/Processed_Utterances/annotated_sentence_segments/uid_sHl4il5Li8NKe5aMecUSJyXBFco2_sid_ke09jdLvzmtmF4LOguMg_1742064389_195800264_sentence_segment_close.wav",9.493675679211547,12.559617027290033,9.585874425049836,12.55662432725778
"/home/michaelbennie/OneDrive/Leite,Walter's files - Storiza Corpus Spring 2025/Processed_Utterances/annotated_sentence_segments/uid_sHl4il5Li8NKe5aMecUSJyXBFco2_sid_ke09jdLvzmtmF4LOguMg_1742064389_195800265_sentence_segment_close.wav",13.516676669195231,16.47237402264062,13.521374554899252,16.5622494547988
"/home/michaelbennie/OneDrive/Leite,Walter's files - Storiza Corpus Spring 2025/Processed_Utterances/annotated_sentence_segments/uid_sHl4il5Li8NKe5aMecUSJyXBFco2_sid_ke09jdLvzmtmF4LOguMg_1742064389_195800266_sentence_segment_close.wav",17.68456909879563,23.18014674685586,17.690866686648125,23.21456173581595
"/home/michaelbennie/OneDrive/Leite,Walter's files - Storiza Corpus Spring 2025/Processed_Utterances/annotated_sentence_segments/uid_sHl4il5Li8NKe5aMecUSJyXBFco2_sid_ke09jdLvzmtmF4LOguMg_1742064389_195800267_sentence_segment_close.wav",24.376229832353737,29.334263167570427,24.382249716176464,29.3419995529099
"/home/michaelbennie/OneDrive/Leite,Walter's files - Storiza Corpus Spring 2025/Processed_Utterances/annotated_sentence_segments/uid_sHl4il5Li8NKe5aMecUSJyXBFco2_sid_ke09jdLvzmtmF4LOguMg_1742064389_195800268_sentence_segment_close.wav",29.802253509716632,33.060552432710125,29.808437556354377,33.037374950063224
"/home/michaelbennie/OneDrive/Leite,Walter's files - Storiza Corpus Spring 2025/Processed_Utterances/annotated_sentence_segments/uid_sHl4il5Li8NKe5aMecUSJyXBFco2_sid_ke09jdLvzmtmF4LOguMg_1742064389_195800269_sentence_segment_close.wav",33.97663162991045,35.78209635309693,33.99310267969069,35.78066696350928
"/home/michaelbennie/OneDrive/Leite,Walter's files - Storiza Corpus Spring 2025/Processed_Utterances/annotated_sentence_segments/uid_sHl4il5Li8NKe5aMecUSJyXBFco2_sid_ke09jdLvzmtmF4LOguMg_1742064389_195800270_sentence_segment_close.wav",35.76534616237322,38.19446722703127,35.78852771247104,38.19276017209218
"/home/michaelbennie/OneDrive/Leite,Walter's files - Storiza Corpus Spring 2025/Processed_Utterances/annotated_sentence_segments/uid_sHl4il5Li8NKe5aMecUSJyXBFco2_sid_ke09jdLvzmtmF4LOguMg_1742064389_195800271_sentence_segment_close.wav",38.32755784461809,39.66764857294666,38.37872290377558,39.66983558374893
"/home/michaelbennie/OneDrive/Leite,Walter's files - Storiza Corpus Spring 2025/Processed_Utterances/annotated_sentence_segments/uid_sHl4il5Li8NKe5aMecUSJyXBFco2_sid_ke09jdLvzmtmF4LOguMg_1742064389_195800272_sentence_segment_close.wav",40.05459296051068,53.38788704950035,40.07718156117092,53.34740104412008
"/home/michaelbennie/OneDrive/Leite,Walter's files - Storiza Corpus Spring 2025/Processed_Utterances/annotated_sentence_segments/uid_sHl4il5Li8NKe5aMecUSJyXBFco2_sid_ke09jdLvzmtmF4LOguMg_1742064389_195800273_sentence_segment_close.wav",53.935388409358595,57.606594468318235,53.97112644350153,57.6034560850756
"/home/michaelbennie/OneDrive/Leite,Walter's files - Storiza Corpus Spring 2025/Processed_Utterances/annotated_sentence_segments/uid_sHl4il5Li8NKe5aMecUSJyXBFco2_sid_ke09jdLvzmtmF4LOguMg_1742064389_195800274_sentence_segment_close.wav",57.59657020641654,61.962635786325066,57.61871797432591,61.945463576789145
"/home/michaelbennie/OneDrive/Leite,Walter's files - Storiza Corpus Spring 2025/Processed_Utterances/annotated_sentence_segments/uid_sHl4il5Li8NKe5aMecUSJyXBFco2_sid_ke09jdLvzmtmF4LOguMg_1742064389_195800275_sentence_segment_close.wav",61.95535307733546,68.98194822126612,61.97599108133694,69.02839442887775
"/home/michaelbennie/OneDrive/Leite,Walter's files - Storiza Corpus Spring 2025/Processed_Utterances/annotated_sentence_segments/uid_sHl4il5Li8NKe5aMecUSJyXBFco2_sid_ke09jdLvzmtmF4LOguMg_1742064389_195800276_sentence_segment_close.wav",69.01816272255769,73.30764943009845,69.0611732665606,73.28297856661494
"/home/michaelbennie/OneDrive/Leite,Walter's files - Storiza Corpus Spring 2025/Processed_Utterances/annotated_sentence_segments/uid_sHl4il5Li8NKe5aMecUSJyXBFco2_sid_ke09jdLvzmtmF4LOguMg_1742064389_195800277_sentence_segment_close.wav",73.55908053572293,79.69559914779803,73.58926921909358,79.68463266734337
"/home/michaelbennie/OneDrive/Leite,Walter's files - Storiza Corpus Spring 2025/Processed_Utterances/annotated_sentence_segments/uid_sHl4il5Li8NKe5aMecUSJyXBFco2_sid_ke09jdLvzmtmF4LOguMg_1742064389_195800278_sentence_segment_close.wav",80.03356694431459,86.60796958727326,80.05064156481876,86.57751300502706
"/home/michaelbennie/OneDrive/Leite,Walter's files - Storiza Corpus Spring 2025/Processed_Utterances/annotated_sentence_segments/uid_qgT735VZ7OPJmWzvIgZGZAchHgD2_sid_TPlTkOWjVTgs3BleBuXA_1741610461_195800279_sentence_segment_close.wav",1.200079149267727,15.326280500397692,1.196868008948546,15.302013422818792
"/home/michaelbennie/OneDrive/Leite,Walter's files - Storiza Corpus Spring 2025/Processed_Utterances/annotated_sentence_segments/uid_qgT735VZ7OPJmWzvIgZGZAchHgD2_sid_TPlTkOWjVTgs3BleBuXA_1741610461_195800280_sentence_segment_close.wav",15.728223150312289,37.59490719927959,15.671140939597311,37.49440715883669
"/home/michaelbennie/OneDrive/Leite,Walter's files - Storiza Corpus Spring 2025/Processed_Utterances/annotated_sentence_segments/uid_qgT735VZ7OPJmWzvIgZGZAchHgD2_sid_TPlTkOWjVTgs3BleBuXA_1741610461_195800281_sentence_segment_close.wav",38.97487920588083,55.52765300758606,38.60068259385666,57.77019340159272
"/home/michaelbennie/OneDrive/Leite,Walter's files - Storiza Corpus Spring 2025/Processed_Utterances/annotated_sentence_segments/uid_Om0JhZ6RmTNQ5wDLPHKIC3LtY4g2_sid_QXSYu5jPGMB2qQOBJrNd_1742167368_195800282_sentence_segment_close.wav",1.1346149313817875,10.909769548348097,1.1504590468501892,10.916289954306002
"/home/michaelbennie/OneDrive/Leite,Walter's files - Storiza Corpus Spring 2025/Processed_Utterances/annotated_sentence_segments/uid_Om0JhZ6RmTNQ5wDLPHKIC3LtY4g2_sid_QXSYu5jPGMB2qQOBJrNd_1742167368_195800283_sentence_segment_close.wav",10.889512823162947,16.62071811127188,11.08770634725369,16.65160977629768
"/home/michaelbennie/OneDrive/Leite,Walter's files - Storiza Corpus Spring 2025/Processed_Utterances/annotated_sentence_segments/uid_Om0JhZ6RmTNQ5wDLPHKIC3LtY4g2_sid_QXSYu5jPGMB2qQOBJrNd_1742167368_195800284_sentence_segment_close.wav",17.359231282199886,24.959636526799134,17.389703866687782,24.912251678523614
"/home/michaelbennie/OneDrive/Leite,Walter's files - Storiza Corpus Spring 2025/Processed_Utterances/annotated_sentence_segments/uid_Om0JhZ6RmTNQ5wDLPHKIC3LtY4g2_sid_QXSYu5jPGMB2qQOBJrNd_1742167368_195800285_sentence_segment_close.wav",25.902750239519733,32.08681231898392,25.94232569173851,32.07013825210453
"/home/michaelbennie/OneDrive/Leite,Walter's files - Storiza Corpus Spring 2025/Processed_Utterances/annotated_sentence_segments/uid_Om0JhZ6RmTNQ5wDLPHKIC3LtY4g2_sid_QXSYu5jPGMB2qQOBJrNd_1742167368_195800286_sentence_segment_close.wav",32.35462987061066,37.22611952423423,32.38580314112309,37.20171318277667
"/home/michaelbennie/OneDrive/Leite,Walter's files - Storiza Corpus Spring 2025/Processed_Utterances/annotated_sentence_segments/uid_Om0JhZ6RmTNQ5wDLPHKIC3LtY4g2_sid_QXSYu5jPGMB2qQOBJrNd_1742167368_195800287_sentence_segment_close.wav",39.05858985354613,46.227680023927505,39.12401553112217,46.22551119157089
"/home/michaelbennie/OneDrive/Leite,Walter's files - Storiza Corpus Spring 2025/Processed_Utterances/annotated_sentence_segments/uid_Om0JhZ6RmTNQ5wDLPHKIC3LtY4g2_sid_QXSYu5jPGMB2qQOBJrNd_1742167368_195800288_sentence_segment_close.wav",47.40200399744172,51.939994633049125,47.43352864024183,51.92976411398279
"/home/michaelbennie/OneDrive/Leite,Walter's files - Storiza Corpus Spring 2025/Processed_Utterances/annotated_sentence_segments/uid_Om0JhZ6RmTNQ5wDLPHKIC3LtY4g2_sid_QXSYu5jPGMB2qQOBJrNd_1742167368_195800289_sentence_segment_close.wav",52.2408243335035,55.311370394676814,52.25056820065715,55.2693617503344
"/home/michaelbennie/OneDrive/Leite,Walter's files - Storiza Corpus Spring 2025/Processed_Utterances/annotated_sentence_segments/uid_Om0JhZ6RmTNQ5wDLPHKIC3LtY4g2_sid_QXSYu5jPGMB2qQOBJrNd_1742167368_195800290_sentence_segment_close.wav",56.45944091277514,61.023728498296165,56.49617617004938,61.041283768504925
"/home/michaelbennie/OneDrive/Leite,Walter's files - Storiza Corpus Spring 2025/Processed_Utterances/annotated_sentence_segments/uid_Om0JhZ6RmTNQ5wDLPHKIC3LtY4g2_sid_QXSYu5jPGMB2qQOBJrNd_1742167368_195800291_sentence_segment_close.wav",61.34487265011023,67.05376100828063,61.38714803571576,67.02247995472722
"/home/michaelbennie/OneDrive/Leite,Walter's files - Storiza Corpus Spring 2025/Processed_Utterances/annotated_sentence_segments/uid_Om0JhZ6RmTNQ5wDLPHKIC3LtY4g2_sid_QXSYu5jPGMB2qQOBJrNd_1742167368_195800292_sentence_segment_close.wav",67.05460156082219,77.15605369390984,67.08263026206824,77.21997732426304
"/home/michaelbennie/OneDrive/Leite,Walter's files - Storiza Corpus Spring 2025/Processed_Utterances/annotated_sentence_segments/uid_ihIoefKsGwTDai7fGs9x3DyNvju2_sid_mLjeGrzVDNtFXM1YsYJh_1742504093_195800293_sentence_segment_close.wav",1.3561388418923541,4.927312163719414,1.376547346663473,4.9582433554577525
"/home/michaelbennie/OneDrive/Leite,Walter's files - Storiza Corpus Spring 2025/Processed_Utterances/annotated_sentence_segments/uid_ihIoefKsGwTDai7fGs9x3DyNvju2_sid_mLjeGrzVDNtFXM1YsYJh_1742504093_195800294_sentence_segment_close.wav",5.278571492479705,14.613932647066937,5.247808195342007,14.66980702444636
"/home/michaelbennie/OneDrive/Leite,Walter's files - Storiza Corpus Spring 2025/Processed_Utterances/annotated_sentence_segments/uid_ihIoefKsGwTDai7fGs9x3DyNvju2_sid_mLjeGrzVDNtFXM1YsYJh_1742504093_195800295_sentence_segment_close.wav",15.045199922014007,19.283804518403727,15.066288163100594,19.26275288982225
"/home/michaelbennie/OneDrive/Leite,Walter's files - Storiza Corpus Spring 2025/Processed_Utterances/annotated_sentence_segments/uid_ihIoefKsGwTDai7fGs9x3DyNvju2_sid_mLjeGrzVDNtFXM1YsYJh_1742504093_195800296_sentence_segment_close.wav",19.564036695043576,42.265410840915614,19.587956360012058,42.28094077394
"/home/michaelbennie/OneDrive/Leite,Walter's files - Storiza Corpus Spring 2025/Processed_Utterances/annotated_sentence_segments/uid_ihIoefKsGwTDai7fGs9x3DyNvju2_sid_mLjeGrzVDNtFXM1YsYJh_1742504093_195800297_sentence_segment_close.wav",42.929306623720905,48.27405833626892,43.08281464612808,48.16133883770205
"/home/michaelbennie/OneDrive/Leite,Walter's files - Storiza Corpus Spring 2025/Processed_Utterances/annotated_sentence_segments/uid_ihIoefKsGwTDai7fGs9x3DyNvju2_sid_mLjeGrzVDNtFXM1YsYJh_1742504093_195800298_sentence_segment_close.wav",48.94800835372237,56.51104970982325,48.932024982784654,56.49635312076064
"/home/michaelbennie/OneDrive/Leite,Walter's files - Storiza Corpus Spring 2025/Processed_Utterances/annotated_sentence_segments/uid_ihIoefKsGwTDai7fGs9x3DyNvju2_sid_mLjeGrzVDNtFXM1YsYJh_1742504093_195800299_sentence_segment_close.wav",56.991931859856706,68.05138279692714,56.95074739053304,68.37742682157449
"/home/michaelbennie/OneDrive/Leite,Walter's files - Storiza Corpus Spring 2025/Processed_Utterances/annotated_sentence_segments/uid_ihIoefKsGwTDai7fGs9x3DyNvju2_sid_mLjeGrzVDNtFXM1YsYJh_1742504093_195800300_sentence_segment_close.wav",69.42452147501447,86.41947963911615,69.15469550294526,86.65687108625967
"/home/michaelbennie/OneDrive/Leite,Walter's files - Storiza Corpus Spring 2025/Processed_Utterances/annotated_sentence_segments/uid_ihIoefKsGwTDai7fGs9x3DyNvju2_sid_mLjeGrzVDNtFXM1YsYJh_1742504093_195800301_sentence_segment_close.wav",87.15187480424326,101.29700903369744,87.04979622314382,101.56775538611468
"/home/michaelbennie/OneDrive/Leite,Walter's files - Storiza Corpus Spring 2025/Processed_Utterances/annotated_sentence_segments/uid_CjlD9aGvoSfMhsnUwRIQlMr4IFp1_sid_KoVo7JOEqGZdSalcMpny_1741661393_195800302_sentence_segment_close.wav",3.5764635743606665,10.661588592991833,3.257359924026591,10.655270655270655
"/home/michaelbennie/OneDrive/Leite,Walter's files - Storiza Corpus Spring 2025/Processed_Utterances/annotated_sentence_segments/uid_CjlD9aGvoSfMhsnUwRIQlMr4IFp1_sid_KoVo7JOEqGZdSalcMpny_1741661393_195800303_sentence_segment_close.wav",11.004435647798969,20.084144686310005,11.03513770180437,20.09496676163343
"/home/michaelbennie/OneDrive/Leite,Walter's files - Storiza Corpus Spring 2025/Processed_Utterances/annotated_sentence_segments/uid_CjlD9aGvoSfMhsnUwRIQlMr4IFp1_sid_KoVo7JOEqGZdSalcMpny_1741661393_195800304_sentence_segment_close.wav",21.120229771300192,42.41351880164064,21.10161443494777,42.62108262108262
"/home/michaelbennie/OneDrive/Leite,Walter's files - Storiza Corpus Spring 2025/Processed_Utterances/annotated_sentence_segments/uid_CjlD9aGvoSfMhsnUwRIQlMr4IFp1_sid_KoVo7JOEqGZdSalcMpny_1741661393_195800305_sentence_segment_close.wav",44.44835973354511,69.13046760790462,44.21652421652422,69.09781576448243
"/home/michaelbennie/OneDrive/Leite,Walter's files - Storiza Corpus Spring 2025/Processed_Utterances/annotated_sentence_segments/uid_CjlD9aGvoSfMhsnUwRIQlMr4IFp1_sid_KoVo7JOEqGZdSalcMpny_1741661393_195800306_sentence_segment_close.wav",73.18163757299322,83.96251909839927,73.06742640075973,83.94719072814311
"/home/michaelbennie/OneDrive/Leite,Walter's files - Storiza Corpus Spring 2025/Processed_Utterances/annotated_sentence_segments/uid_ovpeape9PZbAq7VLrirwGOYrvsh1_sid_vrmxG2Pc3NPfDSVnUg5r_1742390017_195800307_sentence_segment_close.wav",1.4071964883863135,5.308055285676716,1.4128256513026052,5.270541082164328
"/home/michaelbennie/OneDrive/Leite,Walter's files - Storiza Corpus Spring 2025/Processed_Utterances/annotated_sentence_segments/uid_ovpeape9PZbAq7VLrirwGOYrvsh1_sid_vrmxG2Pc3NPfDSVnUg5r_1742390017_195800308_sentence_segment_close.wav",5.235810714447773,7.61105576818499,5.290581162324649,7.585170340681363
"/home/michaelbennie/OneDrive/Leite,Walter's files - Storiza Corpus Spring 2025/Processed_Utterances/annotated_sentence_segments/uid_ovpeape9PZbAq7VLrirwGOYrvsh1_sid_vrmxG2Pc3NPfDSVnUg5r_1742390017_195800309_sentence_segment_close.wav",7.582725999514429,9.148465191222463,7.605210420841683,9.018036072144287
"/home/michaelbennie/OneDrive/Leite,Walter's files - Storiza Corpus Spring 2025/Processed_Utterances/annotated_sentence_segments/uid_ovpeape9PZbAq7VLrirwGOYrvsh1_sid_vrmxG2Pc3NPfDSVnUg5r_1742390017_195800310_sentence_segment_close.wav",9.52426110561955,13.738640483947584,9.559118236472946,13.647294589178356
"/home/michaelbennie/OneDrive/Leite,Walter's files - Storiza Corpus Spring 2025/Processed_Utterances/annotated_sentence_segments/uid_ovpeape9PZbAq7VLrirwGOYrvsh1_sid_vrmxG2Pc3NPfDSVnUg5r_1742390017_195800311_sentence_segment_close.wav",13.982121012565301,16.966329507844115,14.008016032064129,16.733466933867735
"/home/michaelbennie/OneDrive/Leite,Walter's files - Storiza Corpus Spring 2025/Processed_Utterances/annotated_sentence_segments/uid_ovpeape9PZbAq7VLrirwGOYrvsh1_sid_vrmxG2Pc3NPfDSVnUg5r_1742390017_195800312_sentence_segment_close.wav",16.96924762576458,19.051792257524305,16.973947895791582,19.09819639278557
"/home/michaelbennie/OneDrive/Leite,Walter's files - Storiza Corpus Spring 2025/Processed_Utterances/annotated_sentence_segments/uid_ovpeape9PZbAq7VLrirwGOYrvsh1_sid_vrmxG2Pc3NPfDSVnUg5r_1742390017_195800313_sentence_segment_close.wav",19.32960336153856,22.364845227480355,19.3687374749499,22.38476953907816
"/home/michaelbennie/OneDrive/Leite,Walter's files - Storiza Corpus Spring 2025/Processed_Utterances/annotated_sentence_segments/uid_ovpeape9PZbAq7VLrirwGOYrvsh1_sid_vrmxG2Pc3NPfDSVnUg5r_1742390017_195800314_sentence_segment_close.wav",22.372605478287632,27.46714401863325,22.39478957915832,27.434869739478955
"/home/michaelbennie/OneDrive/Leite,Walter's files - Storiza Corpus Spring 2025/Processed_Utterances/annotated_sentence_segments/uid_ovpeape9PZbAq7VLrirwGOYrvsh1_sid_vrmxG2Pc3NPfDSVnUg5r_1742390017_195800315_sentence_segment_close.wav",27.445083370378285,30.922913047833408,27.439899027079104,30.896812854734417
"/home/michaelbennie/OneDrive/Leite,Walter's files - Storiza Corpus Spring 2025/Processed_Utterances/annotated_sentence_segments/uid_ovpeape9PZbAq7VLrirwGOYrvsh1_sid_vrmxG2Pc3NPfDSVnUg5r_1742390017_195800316_sentence_segment_close.wav",31.229752534031594,34.85048217313519,31.227474177379705,34.8146485260771
"/home/michaelbennie/OneDrive/Leite,Walter's files - Storiza Corpus Spring 2025/Processed_Utterances/annotated_sentence_segments/uid_bKduvdIsrbbqPZ7Z3lCfQlF8WBn1_sid_ovCAh9sjAQskQ77u8T0v_1742517403_195800317_sentence_segment_close.wav",0.4154623062316364,3.347844030178767,0.3518498512576098,3.359821128675608
"/home/michaelbennie/OneDrive/Leite,Walter's files - Storiza Corpus Spring 2025/Processed_Utterances/annotated_sentence_segments/uid_bKduvdIsrbbqPZ7Z3lCfQlF8WBn1_sid_ovCAh9sjAQskQ77u8T0v_1742517403_195800318_sentence_segment_close.wav",3.379510570329609,8.357269633328558,3.360869736101306,8.373429561253216
"/home/michaelbennie/OneDrive/Leite,Walter's files - Storiza Corpus Spring 2025/Processed_Utterances/annotated_sentence_segments/uid_bKduvdIsrbbqPZ7Z3lCfQlF8WBn1_sid_ovCAh9sjAQskQ77u8T0v_1742517403_195800319_sentence_segment_close.wav",8.337795007471998,14.659123645880058,8.37739659525779,14.980527444929695
"/home/michaelbennie/OneDrive/Leite,Walter's files - Storiza Corpus Spring 2025/Processed_Utterances/annotated_sentence_segments/uid_bKduvdIsrbbqPZ7Z3lCfQlF8WBn1_sid_ovCAh9sjAQskQ77u8T0v_1742517403_195800320_sentence_segment_close.wav",15.060345876906101,20.332039239402263,15.00609385170358,20.69122105729384
"/home/michaelbennie/OneDrive/Leite,Walter's files - Storiza Corpus Spring 2025/Processed_Utterances/annotated_sentence_segments/uid_bKduvdIsrbbqPZ7Z3lCfQlF8WBn1_sid_ovCAh9sjAQskQ77u8T0v_1742517403_195800321_sentence_segment_close.wav",21.248613785536502,28.906034969425583,21.196499157909653,31.167143932412426
"/home/michaelbennie/OneDrive/Leite,Walter's files - Storiza Corpus Spring 2025/Processed_Utterances/annotated_sentence_segments/uid_bKduvdIsrbbqPZ7Z3lCfQlF8WBn1_sid_ovCAh9sjAQskQ77u8T0v_1742517403_195800322_sentence_segment_close.wav",31.566249661986674,41.68528128227063,31.382344629033977,42.11449603778906
"/home/michaelbennie/OneDrive/Leite,Walter's files - Storiza Corpus Spring 2025/Processed_Utterances/annotated_sentence_segments/uid_ILoW3cdKuQPYK9GCBc6aoCHzooz2_sid_y6woXp0G3BJE4ht8lFNi_1742518784_195800323_sentence_segment_close.wav",0.6598805100828232,3.611776613107641,0.591182364729459,3.637274549098197
"/home/michaelbennie/OneDrive/Leite,Walter's files - Storiza Corpus Spring 2025/Processed_Utterances/annotated_sentence_segments/uid_ILoW3cdKuQPYK9GCBc6aoCHzooz2_sid_y6woXp0G3BJE4ht8lFNi_1742518784_195800324_sentence_segment_close.wav",4.028214339867551,7.441291388216623,3.9278557114228456,7.515030060120241
"/home/michaelbennie/OneDrive/Leite,Walter's files - Storiza Corpus Spring 2025/Processed_Utterances/annotated_sentence_segments/uid_ILoW3cdKuQPYK9GCBc6aoCHzooz2_sid_y6woXp0G3BJE4ht8lFNi_1742518784_195800325_sentence_segment_close.wav",7.919372874605107,11.045992957182193,7.875751503006012,11.182364729458918
"/home/michaelbennie/OneDrive/Leite,Walter's files - Storiza Corpus Spring 2025/Processed_Utterances/annotated_sentence_segments/uid_ILoW3cdKuQPYK9GCBc6aoCHzooz2_sid_y6woXp0G3BJE4ht8lFNi_1742518784_195800326_sentence_segment_close.wav",11.457988147944345,14.223162823615386,11.382765531062123,14.278557114228455
"/home/michaelbennie/OneDrive/Leite,Walter's files - Storiza Corpus Spring 2025/Processed_Utterances/annotated_sentence_segments/uid_ILoW3cdKuQPYK9GCBc6aoCHzooz2_sid_y6woXp0G3BJE4ht8lFNi_1742518784_195800327_sentence_segment_close.wav",14.862999503375617,16.63746094303751,14.829659318637274,16.673346693386772
"/home/michaelbennie/OneDrive/Leite,Walter's files - Storiza Corpus Spring 2025/Processed_Utterances/annotated_sentence_segments/uid_ILoW3cdKuQPYK9GCBc6aoCHzooz2_sid_y6woXp0G3BJE4ht8lFNi_1742518784_195800328_sentence_segment_close.wav",17.129086200016932,20.04446201309508,17.114228456913825,20.090180360721444
"/home/michaelbennie/OneDrive/Leite,Walter's files - Storiza Corpus Spring 2025/Processed_Utterances/annotated_sentence_segments/uid_ILoW3cdKuQPYK9GCBc6aoCHzooz2_sid_y6woXp0G3BJE4ht8lFNi_1742518784_195800329_sentence_segment_close.wav",20.485343906675723,22.204282407578763,20.43086172344689,22.40480961923848
"/home/michaelbennie/OneDrive/Leite,Walter's files - Storiza Corpus Spring 2025/Processed_Utterances/annotated_sentence_segments/uid_ILoW3cdKuQPYK9GCBc6aoCHzooz2_sid_y6woXp0G3BJE4ht8lFNi_1742518784_195800330_sentence_segment_close.wav",22.756874017757767,24.55000810110572,22.715430861723444,24.599198396793582
"/home/michaelbennie/OneDrive/Leite,Walter's files - Storiza Corpus Spring 2025/Processed_Utterances/annotated_sentence_segments/uid_ILoW3cdKuQPYK9GCBc6aoCHzooz2_sid_y6woXp0G3BJE4ht8lFNi_1742518784_195800331_sentence_segment_close.wav",24.937010043228938,29.181262510890292,24.90965000295375,29.168167037021885
"/home/michaelbennie/OneDrive/Leite,Walter's files - Storiza Corpus Spring 2025/Processed_Utterances/annotated_sentence_segments/uid_ILoW3cdKuQPYK9GCBc6aoCHzooz2_sid_y6woXp0G3BJE4ht8lFNi_1742518784_195800332_sentence_segment_close.wav",29.542619823241946,33.11468684440177,29.47878827950685,33.16616302900585
"/home/michaelbennie/OneDrive/Leite,Walter's files - Storiza Corpus Spring 2025/Processed_Utterances/annotated_sentence_segments/uid_HGLxgWVfJZWhAsqMf761d40h3eQ2_sid_F4tWmApCfflaPRfdT4xX_1741271551_195800333_sentence_segment_close.wav",0.7329092629650462,23.900947365896336,1.456662786175042,23.87414441922272
"/home/michaelbennie/OneDrive/Leite,Walter's files - Storiza Corpus Spring 2025/Processed_Utterances/annotated_sentence_segments/uid_HGLxgWVfJZWhAsqMf761d40h3eQ2_sid_F4tWmApCfflaPRfdT4xX_1741271551_195800334_sentence_segment_close.wav",26.0433902340885,65.46137544407537,26.016576357893097,65.75794727825166
"/home/michaelbennie/OneDrive/Leite,Walter's files - Storiza Corpus Spring 2025/Processed_Utterances/annotated_sentence_segments/uid_HGLxgWVfJZWhAsqMf761d40h3eQ2_sid_F4tWmApCfflaPRfdT4xX_1741271551_195800335_sentence_segment_close.wav",67.84544602963818,92.2380531538159,67.83106470028515,92.26948528174404
"/home/michaelbennie/OneDrive/Leite,Walter's files - Storiza Corpus Spring 2025/Processed_Utterances/annotated_sentence_segments/uid_HGLxgWVfJZWhAsqMf761d40h3eQ2_sid_F4tWmApCfflaPRfdT4xX_1741271551_195800336_sentence_segment_close.wav",92.38409204221185,150.3733855308666,92.37959686250468,150.45601275320917
"/home/michaelbennie/OneDrive/Leite,Walter's files - Storiza Corpus Spring 2025/Processed_Utterances/annotated_sentence_segments/uid_HGLxgWVfJZWhAsqMf761d40h3eQ2_sid_F4tWmApCfflaPRfdT4xX_1741271551_195800337_sentence_segment_close.wav",153.1132002609479,205.43910778211261,153.02429324668228,205.4002523443308
"/home/michaelbennie/OneDrive/Leite,Walter's files - Storiza Corpus Spring 2025/Processed_Utterances/annotated_sentence_segments/uid_mHWscHBXcoabM7fdw88AliGuPWw1_sid_DwsR6AWQZaR7NMUBtWZK_1743381442_195800338_sentence_segment_close.wav",0.9720955122828502,6.851410371420572,0.8146512553693113,7.147594942942647
"/home/michaelbennie/OneDrive/Leite,Walter's files - Storiza Corpus Spring 2025/Processed_Utterances/annotated_sentence_segments/uid_mHWscHBXcoabM7fdw88AliGuPWw1_sid_DwsR6AWQZaR7NMUBtWZK_1743381442_195800339_sentence_segment_close.wav",8.020204373165203,13.362823203801714,8.051033955090071,13.346633829293705
"/home/michaelbennie/OneDrive/Leite,Walter's files - Storiza Corpus Spring 2025/Processed_Utterances/annotated_sentence_segments/uid_mHWscHBXcoabM7fdw88AliGuPWw1_sid_DwsR6AWQZaR7NMUBtWZK_1743381442_195800340_sentence_segment_close.wav",13.78128519269882,18.950318654930033,13.81735346774024,18.91490651738016
"/home/michaelbennie/OneDrive/Leite,Walter's files - Storiza Corpus Spring 2025/Processed_Utterances/annotated_sentence_segments/uid_mHWscHBXcoabM7fdw88AliGuPWw1_sid_DwsR6AWQZaR7NMUBtWZK_1743381442_195800341_sentence_segment_close.wav",20.944131800248883,25.682667631707677,20.98435267225081,25.840805239813164
"/home/michaelbennie/OneDrive/Leite,Walter's files - Storiza Corpus Spring 2025/Processed_Utterances/annotated_sentence_segments/uid_mHWscHBXcoabM7fdw88AliGuPWw1_sid_DwsR6AWQZaR7NMUBtWZK_1743381442_195800342_sentence_segment_close.wav",27.710038518218077,40.251638709979055,27.724188048039835,40.53441585885499
"/home/michaelbennie/OneDrive/Leite,Walter's files - Storiza Corpus Spring 2025/Processed_Utterances/annotated_sentence_segments/uid_mHWscHBXcoabM7fdw88AliGuPWw1_sid_DwsR6AWQZaR7NMUBtWZK_1743381442_195800343_sentence_segment_close.wav",42.3227427268349,57.58451177393191,42.375707999374605,57.64050305844008
"/home/michaelbennie/OneDrive/Leite,Walter's files - Storiza Corpus Spring 2025/Processed_Utterances/annotated_sentence_segments/uid_mHWscHBXcoabM7fdw88AliGuPWw1_sid_DwsR6AWQZaR7NMUBtWZK_1743381442_195800344_sentence_segment_close.wav",59.64896811386195,69.75737035271368,59.67548799188111,69.88441383586961
"/home/michaelbennie/OneDrive/Leite,Walter's files - Storiza Corpus Spring 2025/Processed_Utterances/annotated_sentence_segments/uid_mHWscHBXcoabM7fdw88AliGuPWw1_sid_DwsR6AWQZaR7NMUBtWZK_1743381442_195800345_sentence_segment_close.wav",69.93303402457438,77.66150910507315,69.96766698674553,77.53521993707719
"/home/michaelbennie/OneDrive/Leite,Walter's files - Storiza Corpus Spring 2025/Processed_Utterances/annotated_sentence_segments/uid_ILoW3cdKuQPYK9GCBc6aoCHzooz2_sid_N9Uw9wBgsjOxXxR0vRwq_1742518512_195800346_sentence_segment_close.wav",4.752852649447776,7.859931108892125,4.780152221769644,7.875214859942083
"/home/michaelbennie/OneDrive/Leite,Walter's files - Storiza Corpus Spring 2025/Processed_Utterances/annotated_sentence_segments/uid_ILoW3cdKuQPYK9GCBc6aoCHzooz2_sid_N9Uw9wBgsjOxXxR0vRwq_1742518512_195800347_sentence_segment_close.wav",7.902358995931756,9.310160141507977,7.921886514369934,9.329403095062638
"/home/michaelbennie/OneDrive/Leite,Walter's files - Storiza Corpus Spring 2025/Processed_Utterances/annotated_sentence_segments/uid_ILoW3cdKuQPYK9GCBc6aoCHzooz2_sid_N9Uw9wBgsjOxXxR0vRwq_1742518512_195800348_sentence_segment_close.wav",9.785329890962672,12.308291563205108,9.793662490788504,12.36551215917465
"/home/michaelbennie/OneDrive/Leite,Walter's files - Storiza Corpus Spring 2025/Processed_Utterances/annotated_sentence_segments/uid_ILoW3cdKuQPYK9GCBc6aoCHzooz2_sid_N9Uw9wBgsjOxXxR0vRwq_1742518512_195800349_sentence_segment_close.wav",12.409082565808987,15.213161619586366,12.404814841734986,15.278801577180822
"/home/michaelbennie/OneDrive/Leite,Walter's files - Storiza Corpus Spring 2025/Processed_Utterances/annotated_sentence_segments/uid_ILoW3cdKuQPYK9GCBc6aoCHzooz2_sid_N9Uw9wBgsjOxXxR0vRwq_1742518512_195800350_sentence_segment_close.wav",15.556723880923295,18.957045598353055,15.556374355195285,18.96094325718497
"/home/michaelbennie/OneDrive/Leite,Walter's files - Storiza Corpus Spring 2025/Processed_Utterances/annotated_sentence_segments/uid_ILoW3cdKuQPYK9GCBc6aoCHzooz2_sid_N9Uw9wBgsjOxXxR0vRwq_1742518512_195800351_sentence_segment_close.wav",19.23150653052606,22.47081227679387,19.22132094291176,22.46376751623526
"/home/michaelbennie/OneDrive/Leite,Walter's files - Storiza Corpus Spring 2025/Processed_Utterances/annotated_sentence_segments/uid_ILoW3cdKuQPYK9GCBc6aoCHzooz2_sid_N9Uw9wBgsjOxXxR0vRwq_1742518512_195800352_sentence_segment_close.wav",22.814147726820647,25.97328419864236,22.797838968657885,26.136085099829582
"/home/michaelbennie/OneDrive/Leite,Walter's files - Storiza Corpus Spring 2025/Processed_Utterances/annotated_sentence_segments/uid_ILoW3cdKuQPYK9GCBc6aoCHzooz2_sid_N9Uw9wBgsjOxXxR0vRwq_1742518512_195800353_sentence_segment_close.wav",26.23029033768872,29.81108868641985,26.25890384637528,29.84033347054624
"/home/michaelbennie/OneDrive/Leite,Walter's files - Storiza Corpus Spring 2025/Processed_Utterances/annotated_sentence_segments/uid_ILoW3cdKuQPYK9GCBc6aoCHzooz2_sid_N9Uw9wBgsjOxXxR0vRwq_1742518512_195800354_sentence_segment_close.wav",30.33196663367247,46.2800800943203,30.32915625575718,46.48980474507185
"/home/michaelbennie/OneDrive/Leite,Walter's files - Storiza Corpus Spring 2025/Processed_Utterances/annotated_sentence_segments/uid_0FdMSMtn95PJ9tLFeW3F4sFLPMh1_sid_GcbJYqscm9YpPDCHkJWP_1743044185_195800355_sentence_segment_close.wav",0.7701775731194263,5.758597726659945,0.7883722835829978,5.915996076967256
"/home/michaelbennie/OneDrive/Leite,Walter's files - Storiza Corpus Spring 2025/Processed_Utterances/annotated_sentence_segments/uid_0FdMSMtn95PJ9tLFeW3F4sFLPMh1_sid_GcbJYqscm9YpPDCHkJWP_1743044185_195800356_sentence_segment_close.wav",5.990304778461715,13.197424222091819,6.022436848321093,13.161660221150262
"/home/michaelbennie/OneDrive/Leite,Walter's files - Storiza Corpus Spring 2025/Processed_Utterances/annotated_sentence_segments/uid_0FdMSMtn95PJ9tLFeW3F4sFLPMh1_sid_GcbJYqscm9YpPDCHkJWP_1743044185_195800357_sentence_segment_close.wav",16.285750191348654,26.934187077638697,16.303443851409053,27.01474241078146
"/home/michaelbennie/OneDrive/Leite,Walter's files - Storiza Corpus Spring 2025/Processed_Utterances/annotated_sentence_segments/uid_0FdMSMtn95PJ9tLFeW3F4sFLPMh1_sid_GcbJYqscm9YpPDCHkJWP_1743044185_195800358_sentence_segment_close.wav",27.073165653746308,30.041775322781724,27.08207727904396,30.1663794401144
"/home/michaelbennie/OneDrive/Leite,Walter's files - Storiza Corpus Spring 2025/Processed_Utterances/annotated_sentence_segments/uid_0FdMSMtn95PJ9tLFeW3F4sFLPMh1_sid_GcbJYqscm9YpPDCHkJWP_1743044185_195800359_sentence_segment_close.wav",34.35667644185083,39.64051469968461,34.3426412306425,39.80025414947854
"/home/michaelbennie/OneDrive/Leite,Walter's files - Storiza Corpus Spring 2025/Processed_Utterances/annotated_sentence_segments/uid_0FdMSMtn95PJ9tLFeW3F4sFLPMh1_sid_GcbJYqscm9YpPDCHkJWP_1743044185_195800360_sentence_segment_close.wav",49.24857858991779,55.06972956404563,49.25186108778562,55.19523013028768
"/home/michaelbennie/OneDrive/Leite,Walter's files - Storiza Corpus Spring 2025/Processed_Utterances/annotated_sentence_segments/uid_0FdMSMtn95PJ9tLFeW3F4sFLPMh1_sid_GcbJYqscm9YpPDCHkJWP_1743044185_195800361_sentence_segment_close.wav",57.52034696113683,66.88198043505508,57.54146550659361,66.91370130438536
"/home/michaelbennie/OneDrive/Leite,Walter's files - Storiza Corpus Spring 2025/Processed_Utterances/annotated_sentence_segments/uid_0FdMSMtn95PJ9tLFeW3F4sFLPMh1_sid_GcbJYqscm9YpPDCHkJWP_1743044185_195800362_sentence_segment_close.wav",66.93743069380275,69.73076653080652,66.95142407423502,69.77193364105243
"/home/michaelbennie/OneDrive/Leite,Walter's files - Storiza Corpus Spring 2025/Processed_Utterances/annotated_sentence_segments/uid_0FdMSMtn95PJ9tLFeW3F4sFLPMh1_sid_GcbJYqscm9YpPDCHkJWP_1743044185_195800363_sentence_segment_close.wav",72.41877407008542,79.49437605769972,72.4686302944513,79.51990421149482
"/home/michaelbennie/OneDrive/Leite,Walter's files - Storiza Corpus Spring 2025/Processed_Utterances/annotated_sentence_segments/uid_0FdMSMtn95PJ9tLFeW3F4sFLPMh1_sid_GcbJYqscm9YpPDCHkJWP_1743044185_195800364_sentence_segment_close.wav",79.83472084184588,89.23647987321765,79.85987634678087,89.19022272629736
"/home/michaelbennie/OneDrive/Leite,Walter's files - Storiza Corpus Spring 2025/Processed_Utterances/annotated_sentence_segments/uid_0FdMSMtn95PJ9tLFeW3F4sFLPMh1_sid_GcbJYqscm9YpPDCHkJWP_1743044185_195800365_sentence_segment_close.wav",89.47277295333114,94.32325085901806,89.50920482849119,94.0358708520218
"/home/michaelbennie/OneDrive/Leite,Walter's files - Storiza Corpus Spring 2025/Processed_Utterances/annotated_sentence_segments/uid_0FdMSMtn95PJ9tLFeW3F4sFLPMh1_sid_GcbJYqscm9YpPDCHkJWP_1743044185_195800366_sentence_segment_close.wav",94.3240300410798,115.49637875875484,94.4178169052693,115.40794836903991
"/home/michaelbennie/OneDrive/Leite,Walter's files - Storiza Corpus Spring 2025/Processed_Utterances/annotated_sentence_segments/uid_0FdMSMtn95PJ9tLFeW3F4sFLPMh1_sid_GcbJYqscm9YpPDCHkJWP_1743044185_195800367_sentence_segment_close.wav",121.8840853854297,126.47364451057457,121.87371471975749,125.7330280332822
"/home/michaelbennie/OneDrive/Leite,Walter's files - Storiza Corpus Spring 2025/Processed_Utterances/annotated_sentence_segments/uid_jWPmLFrSHDZItPTjjPUB8KAsjlq2_sid_Amvm2ilzicBQx7b2PVK7_1742046441_195800368_sentence_segment_close.wav",1.4602196366240583,8.475124279389743,1.5254237288135588,8.415622697126015
"/home/michaelbennie/OneDrive/Leite,Walter's files - Storiza Corpus Spring 2025/Processed_Utterances/annotated_sentence_segments/uid_jWPmLFrSHDZItPTjjPUB8KAsjlq2_sid_Amvm2ilzicBQx7b2PVK7_1742046441_195800369_sentence_segment_close.wav",8.811089163650228,13.131043205064639,8.8135593220339,13.205600589535742
"/home/michaelbennie/OneDrive/Leite,Walter's files - Storiza Corpus Spring 2025/Processed_Utterances/annotated_sentence_segments/uid_jWPmLFrSHDZItPTjjPUB8KAsjlq2_sid_Amvm2ilzicBQx7b2PVK7_1742046441_195800370_sentence_segment_close.wav",14.049227674204124,22.532507226517133,14.05305821665439,22.527634487840828
"/home/michaelbennie/OneDrive/Leite,Walter's files - Storiza Corpus Spring 2025/Processed_Utterances/annotated_sentence_segments/uid_jWPmLFrSHDZItPTjjPUB8KAsjlq2_sid_Amvm2ilzicBQx7b2PVK7_1742046441_195800371_sentence_segment_close.wav",22.57281219914185,25.986833331432237,22.58904386111368,25.978874369588247
"/home/michaelbennie/OneDrive/Leite,Walter's files - Storiza Corpus Spring 2025/Processed_Utterances/annotated_sentence_segments/uid_jWPmLFrSHDZItPTjjPUB8KAsjlq2_sid_Amvm2ilzicBQx7b2PVK7_1742046441_195800372_sentence_segment_close.wav",28.176761054565418,31.32002675024811,28.17243920412676,31.386106828130146
"/home/michaelbennie/OneDrive/Leite,Walter's files - Storiza Corpus Spring 2025/Processed_Utterances/annotated_sentence_segments/uid_jWPmLFrSHDZItPTjjPUB8KAsjlq2_sid_Amvm2ilzicBQx7b2PVK7_1742046441_195800373_sentence_segment_close.wav",31.400471480273417,33.314069961707474,31.432192980913623,33.21455488174705
"/home/michaelbennie/OneDrive/Leite,Walter's files - Storiza Corpus Spring 2025/Processed_Utterances/annotated_sentence_segments/uid_jWPmLFrSHDZItPTjjPUB8KAsjlq2_sid_Amvm2ilzicBQx7b2PVK7_1742046441_195800374_sentence_segment_close.wav",35.16559566530559,44.8560146975846,35.399738301669224,44.83265113728597
"/home/michaelbennie/OneDrive/Leite,Walter's files - Storiza Corpus Spring 2025/Processed_Utterances/annotated_sentence_segments/uid_jWPmLFrSHDZItPTjjPUB8KAsjlq2_sid_Amvm2ilzicBQx7b2PVK7_1742046441_195800375_sentence_segment_close.wav",45.624853071560146,50.21184396859566,45.62280108506624,50.243638631603616
"/home/michaelbennie/OneDrive/Leite,Walter's files - Storiza Corpus Spring 2025/Processed_Utterances/annotated_sentence_segments/uid_jWPmLFrSHDZItPTjjPUB8KAsjlq2_sid_Amvm2ilzicBQx7b2PVK7_1742046441_195800376_sentence_segment_close.wav",50.94684484220417,56.46812508601754,50.98172836845257,56.44805404560768
"/home/michaelbennie/OneDrive/Leite,Walter's files - Storiza Corpus Spring 2025/Processed_Utterances/annotated_sentence_segments/uid_jWPmLFrSHDZItPTjjPUB8KAsjlq2_sid_Amvm2ilzicBQx7b2PVK7_1742046441_195800377_sentence_segment_close.wav",57.09908424173597,62.124174511628425,56.951776889577616,62.11027193986222
"/home/michaelbennie/OneDrive/Leite,Walter's files - Storiza Corpus Spring 2025/Processed_Utterances/annotated_sentence_segments/uid_jWPmLFrSHDZItPTjjPUB8KAsjlq2_sid_Amvm2ilzicBQx7b2PVK7_1742046441_195800378_sentence_segment_close.wav",62.26552520070564,67.89755363084018,62.29683595614738,67.9403974487734
"/home/michaelbennie/OneDrive/Leite,Walter's files - Storiza Corpus Spring 2025/Processed_Utterances/annotated_sentence_segments/uid_jWPmLFrSHDZItPTjjPUB8KAsjlq2_sid_Amvm2ilzicBQx7b2PVK7_1742046441_195800379_sentence_segment_close.wav",68.81269113057019,75.4668690803706,68.79548100515186,75.44648818571771
"/home/michaelbennie/OneDrive/Leite,Walter's files - Storiza Corpus Spring 2025/Processed_Utterances/annotated_sentence_segments/uid_jWPmLFrSHDZItPTjjPUB8KAsjlq2_sid_Amvm2ilzicBQx7b2PVK7_1742046441_195800380_sentence_segment_close.wav",75.77469566321462,79.85078494965143,75.77608613275002,79.80586888450941
"/home/michaelbennie/OneDrive/Leite,Walter's files - Storiza Corpus Spring 2025/Processed_Utterances/annotated_sentence_segments/uid_ukKF4sCANzgmD16fyjMyO7VwR2A2_sid_6jmTq8Go3LLM6BJBddqS_1742430691_195800381_sentence_segment_close.wav",2.2660178540533114,6.619825109717752,2.2697126013264555,6.617538688282978
"/home/michaelbennie/OneDrive/Leite,Walter's files - Storiza Corpus Spring 2025/Processed_Utterances/annotated_sentence_segments/uid_ukKF4sCANzgmD16fyjMyO7VwR2A2_sid_6jmTq8Go3LLM6BJBddqS_1742430691_195800382_sentence_segment_close.wav",7.026003937447841,14.249374387954486,7.079341835016352,14.183247509297855
"/home/michaelbennie/OneDrive/Leite,Walter's files - Storiza Corpus Spring 2025/Processed_Utterances/annotated_sentence_segments/uid_ukKF4sCANzgmD16fyjMyO7VwR2A2_sid_6jmTq8Go3LLM6BJBddqS_1742430691_195800383_sentence_segment_close.wav",14.523005098826872,21.475496841885644,14.536968503880344,21.7440429327676
"/home/michaelbennie/OneDrive/Leite,Walter's files - Storiza Corpus Spring 2025/Processed_Utterances/annotated_sentence_segments/uid_ukKF4sCANzgmD16fyjMyO7VwR2A2_sid_6jmTq8Go3LLM6BJBddqS_1742430691_195800384_sentence_segment_close.wav",22.80487281420935,27.692908668130226,22.846965747628044,27.65718968509149
"/home/michaelbennie/OneDrive/Leite,Walter's files - Storiza Corpus Spring 2025/Processed_Utterances/annotated_sentence_segments/uid_ukKF4sCANzgmD16fyjMyO7VwR2A2_sid_6jmTq8Go3LLM6BJBddqS_1742430691_195800385_sentence_segment_close.wav",27.66486642503899,31.9413627011646,27.69698594061633,32.0108566756393
"/home/michaelbennie/OneDrive/Leite,Walter's files - Storiza Corpus Spring 2025/Processed_Utterances/annotated_sentence_segments/uid_ukKF4sCANzgmD16fyjMyO7VwR2A2_sid_6jmTq8Go3LLM6BJBddqS_1742430691_195800386_sentence_segment_close.wav",32.013124025775,37.192351119717316,32.03885951105029,37.0590458146501
"/home/michaelbennie/OneDrive/Leite,Walter's files - Storiza Corpus Spring 2025/Processed_Utterances/annotated_sentence_segments/uid_ukKF4sCANzgmD16fyjMyO7VwR2A2_sid_6jmTq8Go3LLM6BJBddqS_1742430691_195800387_sentence_segment_close.wav",37.409017452731,41.40910060702037,37.45517965183471,41.35915196536421
"/home/michaelbennie/OneDrive/Leite,Walter's files - Storiza Corpus Spring 2025/Processed_Utterances/annotated_sentence_segments/uid_ukKF4sCANzgmD16fyjMyO7VwR2A2_sid_6jmTq8Go3LLM6BJBddqS_1742430691_195800388_sentence_segment_close.wav",42.52630180623756,47.43810667691618,42.60494393940017,47.40299810567256
"/home/michaelbennie/OneDrive/Leite,Walter's files - Storiza Corpus Spring 2025/Processed_Utterances/annotated_sentence_segments/uid_ukKF4sCANzgmD16fyjMyO7VwR2A2_sid_6jmTq8Go3LLM6BJBddqS_1742430691_195800389_sentence_segment_close.wav",48.31392421714222,54.63179407731043,48.3859098983202,54.571265204220815
"/home/michaelbennie/OneDrive/Leite,Walter's files - Storiza Corpus Spring 2025/Processed_Utterances/annotated_sentence_segments/uid_ukKF4sCANzgmD16fyjMyO7VwR2A2_sid_6jmTq8Go3LLM6BJBddqS_1742430691_195800390_sentence_segment_close.wav",54.62308013871912,56.97926358750273,54.58276753244511,56.9114842687373
"/home/michaelbennie/OneDrive/Leite,Walter's files - Storiza Corpus Spring 2025/Processed_Utterances/annotated_sentence_segments/uid_ukKF4sCANzgmD16fyjMyO7VwR2A2_sid_6jmTq8Go3LLM6BJBddqS_1742430691_195800391_sentence_segment_close.wav",57.524215121256894,66.65310501995259,57.83025387167478,66.63708935588637
"/home/michaelbennie/OneDrive/Leite,Walter's files - Storiza Corpus Spring 2025/Processed_Utterances/annotated_sentence_segments/uid_ukKF4sCANzgmD16fyjMyO7VwR2A2_sid_6jmTq8Go3LLM6BJBddqS_1742430691_195800392_sentence_segment_close.wav",66.65791152363663,73.27186546801691,66.68248541508335,73.2843694525851
"/home/michaelbennie/OneDrive/Leite,Walter's files - Storiza Corpus Spring 2025/Processed_Utterances/annotated_sentence_segments/uid_ukKF4sCANzgmD16fyjMyO7VwR2A2_sid_6jmTq8Go3LLM6BJBddqS_1742430691_195800393_sentence_segment_close.wav",73.41322770098566,78.43937656399085,73.41040598243025,78.43008900522719
"/home/michaelbennie/OneDrive/Leite,Walter's files - Storiza Corpus Spring 2025/Processed_Utterances/annotated_sentence_segments/uid_ukKF4sCANzgmD16fyjMyO7VwR2A2_sid_6jmTq8Go3LLM6BJBddqS_1742430691_195800394_sentence_segment_close.wav",80.77429496379715,86.90353451126431,80.83530570184253,86.97648215961001
"/home/michaelbennie/OneDrive/Leite,Walter's files - Storiza Corpus Spring 2025/Processed_Utterances/annotated_sentence_segments/uid_ukKF4sCANzgmD16fyjMyO7VwR2A2_sid_6jmTq8Go3LLM6BJBddqS_1742430691_195800395_sentence_segment_close.wav",87.21392881092657,93.59575837457122,87.32413650362037,93.58801378971488
"/home/michaelbennie/OneDrive/Leite,Walter's files - Storiza Corpus Spring 2025/Processed_Utterances/annotated_sentence_segments/uid_ukKF4sCANzgmD16fyjMyO7VwR2A2_sid_6jmTq8Go3LLM6BJBddqS_1742430691_195800396_sentence_segment_close.wav",94.14327030810259,107.18413208623019,94.2833164864842,107.191443626487
"/home/michaelbennie/OneDrive/Leite,Walter's files - Storiza Corpus Spring 2025/Processed_Utterances/annotated_sentence_segments/uid_vyxZfTTt3KcuCEMvCj18qbdqgti1_sid_uoOivaGUyocdW728a6eu_1741143254_195800397_sentence_segment_close.wav",10.331136777584755,20.372395993325952,10.320894562012269,20.361525244431824
"/home/michaelbennie/OneDrive/Leite,Walter's files - Storiza Corpus Spring 2025/Processed_Utterances/annotated_sentence_segments/uid_vyxZfTTt3KcuCEMvCj18qbdqgti1_sid_uoOivaGUyocdW728a6eu_1741143254_195800398_sentence_segment_close.wav",20.591101887664347,30.234194319186347,20.599424389345668,30.22185148345997
"/home/michaelbennie/OneDrive/Leite,Walter's files - Storiza Corpus Spring 2025/Processed_Utterances/annotated_sentence_segments/uid_vyxZfTTt3KcuCEMvCj18qbdqgti1_sid_uoOivaGUyocdW728a6eu_1741143254_195800399_sentence_segment_close.wav",30.575431651797892,33.780518012578874,30.621581583886176,33.7816212926437
"/home/michaelbennie/OneDrive/Leite,Walter's files - Storiza Corpus Spring 2025/Processed_Utterances/annotated_sentence_segments/uid_EOwDjm2STZfXSXQJzWXadFRGRzn1_sid_BiDUKuwjE2J9ApcRTnXa_1744069252_195800400_sentence_segment_close.wav",0.6894698457961205,31.81285235181466,0.691382765531062,32.08416833667334
"/home/michaelbennie/OneDrive/Leite,Walter's files - Storiza Corpus Spring 2025/Processed_Utterances/annotated_sentence_segments/uid_EOwDjm2STZfXSXQJzWXadFRGRzn1_sid_BiDUKuwjE2J9ApcRTnXa_1744069252_195800401_sentence_segment_close.wav",32.507179670589736,83.10103480266838,32.49498997995992,83.41683366733467
"/home/michaelbennie/OneDrive/Leite,Walter's files - Storiza Corpus Spring 2025/Processed_Utterances/annotated_sentence_segments/uid_EOwDjm2STZfXSXQJzWXadFRGRzn1_sid_BiDUKuwjE2J9ApcRTnXa_1744069252_195800402_sentence_segment_close.wav",84.45320860405297,159.24994666657017,84.4188376753507,159.46893787575152
"/home/michaelbennie/OneDrive/Leite,Walter's files - Storiza Corpus Spring 2025/Processed_Utterances/annotated_sentence_segments/uid_EOwDjm2STZfXSXQJzWXadFRGRzn1_sid_BiDUKuwjE2J9ApcRTnXa_1744069252_195800403_sentence_segment_close.wav",160.1689418890096,180.15595629381767,160.15030060120242,180.136636910184
"/home/michaelbennie/OneDrive/Leite,Walter's files - Storiza Corpus Spring 2025/Processed_Utterances/annotated_sentence_segments/uid_EOwDjm2STZfXSXQJzWXadFRGRzn1_sid_BiDUKuwjE2J9ApcRTnXa_1744069252_195800404_sentence_segment_close.wav",180.2305256921731,186.9393165172166,180.14498510989483,186.99141329453383
"/home/michaelbennie/OneDrive/Leite,Walter's files - Storiza Corpus Spring 2025/Processed_Utterances/annotated_sentence_segments/uid_EOwDjm2STZfXSXQJzWXadFRGRzn1_sid_BiDUKuwjE2J9ApcRTnXa_1744069252_195800405_sentence_segment_close.wav",188.06508388518193,218.34671943135578,187.628318587288,218.27938580108065
"/home/michaelbennie/OneDrive/Leite,Walter's files - Storiza Corpus Spring 2025/Processed_Utterances/annotated_sentence_segments/uid_qgT735VZ7OPJmWzvIgZGZAchHgD2_sid_B9p55yYLzYNdFa85Sm0V_1741610314_195800406_sentence_segment_close.wav",3.1569084592119516,28.333167636146037,3.296260960906867,28.33214778303284
"/home/michaelbennie/OneDrive/Leite,Walter's files - Storiza Corpus Spring 2025/Processed_Utterances/annotated_sentence_segments/uid_qgT735VZ7OPJmWzvIgZGZAchHgD2_sid_B9p55yYLzYNdFa85Sm0V_1741610314_195800407_sentence_segment_close.wav",28.68428723394499,32.06876053902973,28.635599633944988,31.9290242337596
"/home/michaelbennie/OneDrive/Leite,Walter's files - Storiza Corpus Spring 2025/Processed_Utterances/annotated_sentence_segments/uid_qgT735VZ7OPJmWzvIgZGZAchHgD2_sid_B9p55yYLzYNdFa85Sm0V_1741610314_195800408_sentence_segment_close.wav",32.865323592238525,60.60057703493084,33.00037982952666,60.49849124725587
"/home/michaelbennie/OneDrive/Leite,Walter's files - Storiza Corpus Spring 2025/Processed_Utterances/annotated_sentence_segments/uid_qgT735VZ7OPJmWzvIgZGZAchHgD2_sid_B9p55yYLzYNdFa85Sm0V_1741610314_195800409_sentence_segment_close.wav",61.429537339670176,67.9567193311956,61.434075051534585,67.78932400473438
"/home/michaelbennie/OneDrive/Leite,Walter's files - Storiza Corpus Spring 2025/Processed_Utterances/annotated_sentence_segments/uid_qgT735VZ7OPJmWzvIgZGZAchHgD2_sid_B9p55yYLzYNdFa85Sm0V_1741610314_195800410_sentence_segment_close.wav",68.58334532894634,84.24269143843165,68.59454429466152,84.33027616102122
"/home/michaelbennie/OneDrive/Leite,Walter's files - Storiza Corpus Spring 2025/Processed_Utterances/annotated_sentence_segments/uid_qgT735VZ7OPJmWzvIgZGZAchHgD2_sid_B9p55yYLzYNdFa85Sm0V_1741610314_195800411_sentence_segment_close.wav",84.72023342620761,119.28749202019142,84.7848351307562,119.30359940845749
"/home/michaelbennie/OneDrive/Leite,Walter's files - Storiza Corpus Spring 2025/Processed_Utterances/annotated_sentence_segments/uid_qgT735VZ7OPJmWzvIgZGZAchHgD2_sid_B9p55yYLzYNdFa85Sm0V_1741610314_195800412_sentence_segment_close.wav",120.15139995072246,135.53863478169242,120.02650546662925,135.5328404144134
"/home/michaelbennie/OneDrive/Leite,Walter's files - Storiza Corpus Spring 2025/Processed_Utterances/annotated_sentence_segments/uid_qgT735VZ7OPJmWzvIgZGZAchHgD2_sid_B9p55yYLzYNdFa85Sm0V_1741610314_195800413_sentence_segment_close.wav",136.69065296954616,142.7392662517826,136.36418238131088,142.83969505847352
"/home/michaelbennie/OneDrive/Leite,Walter's files - Storiza Corpus Spring 2025/Processed_Utterances/annotated_sentence_segments/uid_Gt0cspsUtRSvEXXHZKUWlVAfyVq2_sid_qKQmMKuXG2FOUvLlR8Nk_1742062228_195800414_sentence_segment_close.wav",1.6146949786639895,7.1166749822081234,1.6457873508169456,7.305330460617976
"/home/michaelbennie/OneDrive/Leite,Walter's files - Storiza Corpus Spring 2025/Processed_Utterances/annotated_sentence_segments/uid_Gt0cspsUtRSvEXXHZKUWlVAfyVq2_sid_qKQmMKuXG2FOUvLlR8Nk_1742062228_195800415_sentence_segment_close.wav",7.357145943476586,14.129914068282908,7.393761046598655,14.129206883002484
"/home/michaelbennie/OneDrive/Leite,Walter's files - Storiza Corpus Spring 2025/Processed_Utterances/annotated_sentence_segments/uid_Gt0cspsUtRSvEXXHZKUWlVAfyVq2_sid_qKQmMKuXG2FOUvLlR8Nk_1742062228_195800416_sentence_segment_close.wav",14.586943856094983,17.811355165129143,14.568901989683123,17.818717759764183
"/home/michaelbennie/OneDrive/Leite,Walter's files - Storiza Corpus Spring 2025/Processed_Utterances/annotated_sentence_segments/uid_Gt0cspsUtRSvEXXHZKUWlVAfyVq2_sid_qKQmMKuXG2FOUvLlR8Nk_1742062228_195800417_sentence_segment_close.wav",18.402109022702813,22.746634780172627,18.432816889853537,22.76590458329495
"/home/michaelbennie/OneDrive/Leite,Walter's files - Storiza Corpus Spring 2025/Processed_Utterances/annotated_sentence_segments/uid_Gt0cspsUtRSvEXXHZKUWlVAfyVq2_sid_qKQmMKuXG2FOUvLlR8Nk_1742062228_195800418_sentence_segment_close.wav",23.280694515080132,29.433350027126302,23.32105193844417,29.349054886122875
"/home/michaelbennie/OneDrive/Leite,Walter's files - Storiza Corpus Spring 2025/Processed_Utterances/annotated_sentence_segments/uid_Gt0cspsUtRSvEXXHZKUWlVAfyVq2_sid_qKQmMKuXG2FOUvLlR8Nk_1742062228_195800419_sentence_segment_close.wav",29.381053444848,35.24180022100002,29.405552660970883,35.52198596974023
"/home/michaelbennie/OneDrive/Leite,Walter's files - Storiza Corpus Spring 2025/Processed_Utterances/annotated_sentence_segments/uid_Gt0cspsUtRSvEXXHZKUWlVAfyVq2_sid_qKQmMKuXG2FOUvLlR8Nk_1742062228_195800420_sentence_segment_close.wav",35.75536618164871,40.306750055006916,35.8069270449521,40.32424465733235
"/home/michaelbennie/OneDrive/Leite,Walter's files - Storiza Corpus Spring 2025/Processed_Utterances/annotated_sentence_segments/uid_Gt0cspsUtRSvEXXHZKUWlVAfyVq2_sid_qKQmMKuXG2FOUvLlR8Nk_1742062228_195800421_sentence_segment_close.wav",40.457136692164845,47.69770773548679,40.535493764968685,47.698353013310616
"/home/michaelbennie/OneDrive/Leite,Walter's files - Storiza Corpus Spring 2025/Processed_Utterances/annotated_sentence_segments/uid_Gt0cspsUtRSvEXXHZKUWlVAfyVq2_sid_qKQmMKuXG2FOUvLlR8Nk_1742062228_195800422_sentence_segment_close.wav",48.27172096684471,55.04173261016797,48.244524686809136,55.178938835666905
"/home/michaelbennie/OneDrive/Leite,Walter's files - Storiza Corpus Spring 2025/Processed_Utterances/annotated_sentence_segments/uid_ihIoefKsGwTDai7fGs9x3DyNvju2_sid_vz4P5gfXi01dxE4IBzaZ_1742503828_195800423_sentence_segment_close.wav",1.4685882901347274,6.58786787531798,1.518054532056006,6.617538688282977
"/home/michaelbennie/OneDrive/Leite,Walter's files - Storiza Corpus Spring 2025/Processed_Utterances/annotated_sentence_segments/uid_ihIoefKsGwTDai7fGs9x3DyNvju2_sid_vz4P5gfXi01dxE4IBzaZ_1742503828_195800424_sentence_segment_close.wav",8.271301358852526,20.725051701842297,8.259017703731653,20.88172439352461
"/home/michaelbennie/OneDrive/Leite,Walter's files - Storiza Corpus Spring 2025/Processed_Utterances/annotated_sentence_segments/uid_ihIoefKsGwTDai7fGs9x3DyNvju2_sid_vz4P5gfXi01dxE4IBzaZ_1742503828_195800425_sentence_segment_close.wav",21.223228213563598,32.280264673829414,21.278680102596443,32.27254066455245
"/home/michaelbennie/OneDrive/Leite,Walter's files - Storiza Corpus Spring 2025/Processed_Utterances/annotated_sentence_segments/uid_ihIoefKsGwTDai7fGs9x3DyNvju2_sid_vz4P5gfXi01dxE4IBzaZ_1742503828_195800426_sentence_segment_close.wav",33.37259835563616,46.6089335053107,33.45280605433889,46.41664097296986
"/home/michaelbennie/OneDrive/Leite,Walter's files - Storiza Corpus Spring 2025/Processed_Utterances/annotated_sentence_segments/uid_ihIoefKsGwTDai7fGs9x3DyNvju2_sid_vz4P5gfXi01dxE4IBzaZ_1742503828_195800427_sentence_segment_close.wav",47.43025862609551,52.01537558345279,47.438034027165024,51.96882885731282
"/home/michaelbennie/OneDrive/Leite,Walter's files - Storiza Corpus Spring 2025/Processed_Utterances/annotated_sentence_segments/uid_ihIoefKsGwTDai7fGs9x3DyNvju2_sid_vz4P5gfXi01dxE4IBzaZ_1742503828_195800428_sentence_segment_close.wav",52.30727861969208,62.22120626946064,52.33213107612912,62.32735392832294
"/home/michaelbennie/OneDrive/Leite,Walter's files - Storiza Corpus Spring 2025/Processed_Utterances/annotated_sentence_segments/uid_ihIoefKsGwTDai7fGs9x3DyNvju2_sid_vz4P5gfXi01dxE4IBzaZ_1742503828_195800429_sentence_segment_close.wav",62.713174676709755,80.05324166120441,62.80073367960343,80.7240834763596
"/home/michaelbennie/OneDrive/Leite,Walter's files - Storiza Corpus Spring 2025/Processed_Utterances/annotated_sentence_segments/uid_ihIoefKsGwTDai7fGs9x3DyNvju2_sid_vz4P5gfXi01dxE4IBzaZ_1742503828_195800430_sentence_segment_close.wav",82.67647817862132,93.30216614028822,82.69282624467738,93.2457435322632
"/home/michaelbennie/OneDrive/Leite,Walter's files - Storiza Corpus Spring 2025/Processed_Utterances/annotated_sentence_segments/uid_ihIoefKsGwTDai7fGs9x3DyNvju2_sid_vz4P5gfXi01dxE4IBzaZ_1742503828_195800431_sentence_segment_close.wav",93.78491781405735,116.36256909167487,93.82519366243288,116.70049585696482
"/home/michaelbennie/OneDrive/Leite,Walter's files - Storiza Corpus Spring 2025/Processed_Utterances/annotated_sentence_segments/uid_mHWscHBXcoabM7fdw88AliGuPWw1_sid_J17TeyjOef2geydR6U4o_1742933737_195800432_sentence_segment_close.wav",3.760867223372247,6.875012471767378,3.755958055290753,10.419447092469015
"/home/michaelbennie/OneDrive/Leite,Walter's files - Storiza Corpus Spring 2025/Processed_Utterances/annotated_sentence_segments/uid_mHWscHBXcoabM7fdw88AliGuPWw1_sid_J17TeyjOef2geydR6U4o_1742933737_195800433_sentence_segment_close.wav",11.729822361393433,14.838483002257519,11.630123927550049,14.766444232602478
"/home/michaelbennie/OneDrive/Leite,Walter's files - Storiza Corpus Spring 2025/Processed_Utterances/annotated_sentence_segments/uid_mHWscHBXcoabM7fdw88AliGuPWw1_sid_J17TeyjOef2geydR6U4o_1742933737_195800434_sentence_segment_close.wav",15.599391115994056,21.296039037686224,15.490943755958051,21.30600571973308
"/home/michaelbennie/OneDrive/Leite,Walter's files - Storiza Corpus Spring 2025/Processed_Utterances/annotated_sentence_segments/uid_mHWscHBXcoabM7fdw88AliGuPWw1_sid_J17TeyjOef2geydR6U4o_1742933737_195800435_sentence_segment_close.wav",21.807925726783996,26.088035135136444,21.81124880838894,26.024785510009533
"/home/michaelbennie/OneDrive/Leite,Walter's files - Storiza Corpus Spring 2025/Processed_Utterances/annotated_sentence_segments/uid_mHWscHBXcoabM7fdw88AliGuPWw1_sid_J17TeyjOef2geydR6U4o_1742933737_195800436_sentence_segment_close.wav",27.646246051991053,34.570393625788476,27.61677788369876,34.671115347950426
"/home/michaelbennie/OneDrive/Leite,Walter's files - Storiza Corpus Spring 2025/Processed_Utterances/annotated_sentence_segments/uid_mHWscHBXcoabM7fdw88AliGuPWw1_sid_J17TeyjOef2geydR6U4o_1742933737_195800437_sentence_segment_close.wav",35.743466913786655,46.5075840646647,35.67206863679695,46.90181124880839
"/home/michaelbennie/OneDrive/Leite,Walter's files - Storiza Corpus Spring 2025/Processed_Utterances/annotated_sentence_segments/uid_mHWscHBXcoabM7fdw88AliGuPWw1_sid_J17TeyjOef2geydR6U4o_1742933737_195800438_sentence_segment_close.wav",47.17915086804762,50.85456706815886,46.94947569113441,51.10581506196377
"/home/michaelbennie/OneDrive/Leite,Walter's files - Storiza Corpus Spring 2025/Processed_Utterances/annotated_sentence_segments/uid_mHWscHBXcoabM7fdw88AliGuPWw1_sid_J17TeyjOef2geydR6U4o_1742933737_195800439_sentence_segment_close.wav",51.15366663182155,59.80936123352694,51.20114394661583,59.89513822688274
"/home/michaelbennie/OneDrive/Leite,Walter's files - Storiza Corpus Spring 2025/Processed_Utterances/annotated_sentence_segments/uid_mHWscHBXcoabM7fdw88AliGuPWw1_sid_J17TeyjOef2geydR6U4o_1742933737_195800440_sentence_segment_close.wav",60.420608510607664,64.07857191332356,60.31458531935176,64.2421353670162
"/home/michaelbennie/OneDrive/Leite,Walter's files - Storiza Corpus Spring 2025/Processed_Utterances/annotated_sentence_segments/uid_kTMUXkYb5leGiYEcapITFVWKLCu1_sid_Iu3AOF9xPMBhAAOttGnK_1743030433_195800441_sentence_segment_close.wav",3.8100292702386502,8.805426683200723,3.794213741851875,8.821907616511108
"/home/michaelbennie/OneDrive/Leite,Walter's files - Storiza Corpus Spring 2025/Processed_Utterances/annotated_sentence_segments/uid_kTMUXkYb5leGiYEcapITFVWKLCu1_sid_Iu3AOF9xPMBhAAOttGnK_1743030433_195800442_sentence_segment_close.wav",9.277644891156319,13.949011185411965,9.26913433133015,13.856814825280328
"/home/michaelbennie/OneDrive/Leite,Walter's files - Storiza Corpus Spring 2025/Processed_Utterances/annotated_sentence_segments/uid_kTMUXkYb5leGiYEcapITFVWKLCu1_sid_Iu3AOF9xPMBhAAOttGnK_1743030433_195800443_sentence_segment_close.wav",14.468794920796762,18.17067064749599,14.448308222299062,18.17760195716108
"/home/michaelbennie/OneDrive/Leite,Walter's files - Storiza Corpus Spring 2025/Processed_Utterances/annotated_sentence_segments/uid_kTMUXkYb5leGiYEcapITFVWKLCu1_sid_Iu3AOF9xPMBhAAOttGnK_1743030433_195800444_sentence_segment_close.wav",18.657103848010642,42.99768308777806,18.639255340200087,43.11409797537768
"/home/michaelbennie/OneDrive/Leite,Walter's files - Storiza Corpus Spring 2025/Processed_Utterances/annotated_sentence_segments/uid_kTMUXkYb5leGiYEcapITFVWKLCu1_sid_Iu3AOF9xPMBhAAOttGnK_1743030433_195800445_sentence_segment_close.wav",43.388744531332655,52.36666742911189,43.46033801265693,52.404872309037785
"/home/michaelbennie/OneDrive/Leite,Walter's files - Storiza Corpus Spring 2025/Processed_Utterances/annotated_sentence_segments/uid_kTMUXkYb5leGiYEcapITFVWKLCu1_sid_Iu3AOF9xPMBhAAOttGnK_1743030433_195800446_sentence_segment_close.wav",52.871186332560136,64.72335180284105,52.909805696736704,64.69639363245146
"/home/michaelbennie/OneDrive/Leite,Walter's files - Storiza Corpus Spring 2025/Processed_Utterances/annotated_sentence_segments/uid_kTMUXkYb5leGiYEcapITFVWKLCu1_sid_Iu3AOF9xPMBhAAOttGnK_1743030433_195800447_sentence_segment_close.wav",65.39528284062388,76.93404407102554,65.4682203822198,77.09611496751491
"/home/michaelbennie/OneDrive/Leite,Walter's files - Storiza Corpus Spring 2025/Processed_Utterances/annotated_sentence_segments/uid_Om0JhZ6RmTNQ5wDLPHKIC3LtY4g2_sid_U7uX4X90MbmmVfoqou8L_1741560506_195800448_sentence_segment_close.wav",2.363694322993023,9.661825901997531,1.9839679358717432,9.69939879759519
"/home/michaelbennie/OneDrive/Leite,Walter's files - Storiza Corpus Spring 2025/Processed_Utterances/annotated_sentence_segments/uid_Om0JhZ6RmTNQ5wDLPHKIC3LtY4g2_sid_U7uX4X90MbmmVfoqou8L_1741560506_195800449_sentence_segment_close.wav",9.893430353607778,16.824543242999056,9.899799599198396,16.863727454909817
"/home/michaelbennie/OneDrive/Leite,Walter's files - Storiza Corpus Spring 2025/Processed_Utterances/annotated_sentence_segments/uid_Om0JhZ6RmTNQ5wDLPHKIC3LtY4g2_sid_U7uX4X90MbmmVfoqou8L_1741560506_195800450_sentence_segment_close.wav",17.193272398452574,26.012199021724594,17.104208416833664,26.24248496993988
"/home/michaelbennie/OneDrive/Leite,Walter's files - Storiza Corpus Spring 2025/Processed_Utterances/annotated_sentence_segments/uid_Om0JhZ6RmTNQ5wDLPHKIC3LtY4g2_sid_U7uX4X90MbmmVfoqou8L_1741560506_195800451_sentence_segment_close.wav",31.114596836964246,38.006694475863824,31.07214428857715,38.056112224448896
"/home/michaelbennie/OneDrive/Leite,Walter's files - Storiza Corpus Spring 2025/Processed_Utterances/annotated_sentence_segments/uid_Om0JhZ6RmTNQ5wDLPHKIC3LtY4g2_sid_U7uX4X90MbmmVfoqou8L_1741560506_195800452_sentence_segment_close.wav",38.41906276628783,43.44172750842826,38.31663326653306,43.75751503006012
"/home/michaelbennie/OneDrive/Leite,Walter's files - Storiza Corpus Spring 2025/Processed_Utterances/annotated_sentence_segments/uid_Om0JhZ6RmTNQ5wDLPHKIC3LtY4g2_sid_U7uX4X90MbmmVfoqou8L_1741560506_195800453_sentence_segment_close.wav",44.47759348223246,52.91610348074674,44.38877755511022,53.04609218436873
"/home/michaelbennie/OneDrive/Leite,Walter's files - Storiza Corpus Spring 2025/Processed_Utterances/annotated_sentence_segments/uid_Om0JhZ6RmTNQ5wDLPHKIC3LtY4g2_sid_U7uX4X90MbmmVfoqou8L_1741560506_195800454_sentence_segment_close.wav",55.96866389110979,68.35821911055088,55.81162324649296,68.65731462925851
"/home/michaelbennie/OneDrive/Leite,Walter's files - Storiza Corpus Spring 2025/Processed_Utterances/annotated_sentence_segments/uid_Om0JhZ6RmTNQ5wDLPHKIC3LtY4g2_sid_U7uX4X90MbmmVfoqou8L_1741560506_195800455_sentence_segment_close.wav",69.742426811056,79.43731758543078,69.72945891783567,79.44889779559118
"/home/michaelbennie/OneDrive/Leite,Walter's files - Storiza Corpus Spring 2025/Processed_Utterances/annotated_sentence_segments/uid_Om0JhZ6RmTNQ5wDLPHKIC3LtY4g2_sid_U7uX4X90MbmmVfoqou8L_1741560506_195800456_sentence_segment_close.wav",80.00082029616209,88.18794268649121,80.01002004008015,88.19639278557113
"/home/michaelbennie/OneDrive/Leite,Walter's files - Storiza Corpus Spring 2025/Processed_Utterances/annotated_sentence_segments/uid_mHWscHBXcoabM7fdw88AliGuPWw1_sid_QslrRQCYeqmaq122JWCv_1741648357_195800457_sentence_segment_close.wav",1.3602820822121,6.763873990022599,1.3224043715846994,6.830601092896174
"/home/michaelbennie/OneDrive/Leite,Walter's files - Storiza Corpus Spring 2025/Processed_Utterances/annotated_sentence_segments/uid_mHWscHBXcoabM7fdw88AliGuPWw1_sid_QslrRQCYeqmaq122JWCv_1741648357_195800458_sentence_segment_close.wav",7.030667200286116,13.919613982696056,6.896703789274592,14.013388554076052
"/home/michaelbennie/OneDrive/Leite,Walter's files - Storiza Corpus Spring 2025/Processed_Utterances/annotated_sentence_segments/uid_mHWscHBXcoabM7fdw88AliGuPWw1_sid_QslrRQCYeqmaq122JWCv_1741648357_195800459_sentence_segment_close.wav",14.54713283211056,22.141817801658515,14.11674239933207,22.729418308016538
"/home/michaelbennie/OneDrive/Leite,Walter's files - Storiza Corpus Spring 2025/Processed_Utterances/annotated_sentence_segments/uid_mHWscHBXcoabM7fdw88AliGuPWw1_sid_QslrRQCYeqmaq122JWCv_1741648357_195800460_sentence_segment_close.wav",23.73556016132443,25.798337850184865,23.48098349679178,25.82223185569799
"/home/michaelbennie/OneDrive/Leite,Walter's files - Storiza Corpus Spring 2025/Processed_Utterances/annotated_sentence_segments/uid_mHWscHBXcoabM7fdw88AliGuPWw1_sid_QslrRQCYeqmaq122JWCv_1741648357_195800461_sentence_segment_close.wav",25.771324262184432,28.659525276268937,25.7850686002126,28.7409729415892
"/home/michaelbennie/OneDrive/Leite,Walter's files - Storiza Corpus Spring 2025/Processed_Utterances/annotated_sentence_segments/uid_mHWscHBXcoabM7fdw88AliGuPWw1_sid_QslrRQCYeqmaq122JWCv_1741648357_195800462_sentence_segment_close.wav",29.63047657609281,41.44813704215951,29.31658654602516,41.60047273472385
"/home/michaelbennie/OneDrive/Leite,Walter's files - Storiza Corpus Spring 2025/Processed_Utterances/annotated_sentence_segments/uid_mHWscHBXcoabM7fdw88AliGuPWw1_sid_QslrRQCYeqmaq122JWCv_1741648357_195800463_sentence_segment_close.wav",42.329944009907074,45.607015491600535,41.62972394539094,45.6615832896586
"/home/michaelbennie/OneDrive/Leite,Walter's files - Storiza Corpus Spring 2025/Processed_Utterances/annotated_sentence_segments/uid_mHWscHBXcoabM7fdw88AliGuPWw1_sid_QslrRQCYeqmaq122JWCv_1741648357_195800464_sentence_segment_close.wav",45.876159917955675,50.943982026187,45.84321825496756,51.38055151240133
"/home/michaelbennie/OneDrive/Leite,Walter's files - Storiza Corpus Spring 2025/Processed_Utterances/annotated_sentence_segments/uid_mHWscHBXcoabM7fdw88AliGuPWw1_sid_QslrRQCYeqmaq122JWCv_1741648357_195800465_sentence_segment_close.wav",51.39799750249296,62.125165515064666,51.40812889977649,62.35149602399007
"/home/michaelbennie/OneDrive/Leite,Walter's files - Storiza Corpus Spring 2025/Processed_Utterances/annotated_sentence_segments/uid_Om0JhZ6RmTNQ5wDLPHKIC3LtY4g2_sid_50YLxFXG6ZlS1xBYeDyY_1741219844_195800466_sentence_segment_close.wav",2.9895815907704355,8.693162273040695,3.0022836375699247,8.693974347375436
"/home/michaelbennie/OneDrive/Leite,Walter's files - Storiza Corpus Spring 2025/Processed_Utterances/annotated_sentence_segments/uid_Om0JhZ6RmTNQ5wDLPHKIC3LtY4g2_sid_50YLxFXG6ZlS1xBYeDyY_1741219844_195800467_sentence_segment_close.wav",9.06167730574642,13.045242230355646,9.0667634464972,13.02764762466595
"/home/michaelbennie/OneDrive/Leite,Walter's files - Storiza Corpus Spring 2025/Processed_Utterances/annotated_sentence_segments/uid_Om0JhZ6RmTNQ5wDLPHKIC3LtY4g2_sid_50YLxFXG6ZlS1xBYeDyY_1741219844_195800468_sentence_segment_close.wav",13.410912291368447,20.364866013171717,13.387122827390506,20.363604539526385
"/home/michaelbennie/OneDrive/Leite,Walter's files - Storiza Corpus Spring 2025/Processed_Utterances/annotated_sentence_segments/uid_Om0JhZ6RmTNQ5wDLPHKIC3LtY4g2_sid_50YLxFXG6ZlS1xBYeDyY_1741219844_195800469_sentence_segment_close.wav",22.240270370132713,26.485704030893796,22.254177827929617,26.47468298584388
"/home/michaelbennie/OneDrive/Leite,Walter's files - Storiza Corpus Spring 2025/Processed_Utterances/annotated_sentence_segments/uid_Om0JhZ6RmTNQ5wDLPHKIC3LtY4g2_sid_50YLxFXG6ZlS1xBYeDyY_1741219844_195800470_sentence_segment_close.wav",26.932901462518704,30.50280409664454,26.92069851515028,30.495479697800054
"/home/michaelbennie/OneDrive/Leite,Walter's files - Storiza Corpus Spring 2025/Processed_Utterances/annotated_sentence_segments/uid_Om0JhZ6RmTNQ5wDLPHKIC3LtY4g2_sid_50YLxFXG6ZlS1xBYeDyY_1741219844_195800471_sentence_segment_close.wav",30.771178177414566,35.44230351867093,30.80169931493579,35.39499357197182
"/home/michaelbennie/OneDrive/Leite,Walter's files - Storiza Corpus Spring 2025/Processed_Utterances/annotated_sentence_segments/uid_Om0JhZ6RmTNQ5wDLPHKIC3LtY4g2_sid_50YLxFXG6ZlS1xBYeDyY_1741219844_195800472_sentence_segment_close.wav",35.54894149666362,42.79613981690642,35.53478948414248,42.8574325026057
"/home/michaelbennie/OneDrive/Leite,Walter's files - Storiza Corpus Spring 2025/Processed_Utterances/annotated_sentence_segments/uid_Om0JhZ6RmTNQ5wDLPHKIC3LtY4g2_sid_50YLxFXG6ZlS1xBYeDyY_1741219844_195800473_sentence_segment_close.wav",44.51562836720374,51.183480067591,44.48838481126343,51.17861775085938
"/home/michaelbennie/OneDrive/Leite,Walter's files - Storiza Corpus Spring 2025/Processed_Utterances/annotated_sentence_segments/uid_Om0JhZ6RmTNQ5wDLPHKIC3LtY4g2_sid_50YLxFXG6ZlS1xBYeDyY_1741219844_195800474_sentence_segment_close.wav",52.821371795668156,60.97576816782755,52.802913111318496,60.970988551004304
"/home/michaelbennie/OneDrive/Leite,Walter's files - Storiza Corpus Spring 2025/Processed_Utterances/annotated_sentence_segments/uid_Om0JhZ6RmTNQ5wDLPHKIC3LtY4g2_sid_50YLxFXG6ZlS1xBYeDyY_1741219844_195800475_sentence_segment_close.wav",61.34245030782629,65.50794872609843,61.32380680553026,67.98075500413319
"/home/michaelbennie/OneDrive/Leite,Walter's files - Storiza Corpus Spring 2025/Processed_Utterances/annotated_sentence_segments/uid_Om0JhZ6RmTNQ5wDLPHKIC3LtY4g2_sid_50YLxFXG6ZlS1xBYeDyY_1741219844_195800476_sentence_segment_close.wav",67.99754703193935,73.0900069005304,67.9940689005304,73.07997732426304
"/home/michaelbennie/OneDrive/Leite,Walter's files - Storiza Corpus Spring 2025/Processed_Utterances/annotated_sentence_segments/uid_ovpeape9PZbAq7VLrirwGOYrvsh1_sid_ifSoKKyuVEYsVfxqWLTI_1742389868_195800477_sentence_segment_close.wav",0.8065303548387096,2.630310448203268,0.8481371672115092,2.616064848931466
"/home/michaelbennie/OneDrive/Leite,Walter's files - Storiza Corpus Spring 2025/Processed_Utterances/annotated_sentence_segments/uid_ovpeape9PZbAq7VLrirwGOYrvsh1_sid_ifSoKKyuVEYsVfxqWLTI_1742389868_195800478_sentence_segment_close.wav",2.846340472693922,6.066093607828826,2.8953809277024107,6.088087036244677
"/home/michaelbennie/OneDrive/Leite,Walter's files - Storiza Corpus Spring 2025/Processed_Utterances/annotated_sentence_segments/uid_ovpeape9PZbAq7VLrirwGOYrvsh1_sid_ifSoKKyuVEYsVfxqWLTI_1742389868_195800479_sentence_segment_close.wav",6.687614211182421,11.269044380379306,6.825500391148465,11.246442663398234
"/home/michaelbennie/OneDrive/Leite,Walter's files - Storiza Corpus Spring 2025/Processed_Utterances/annotated_sentence_segments/uid_ovpeape9PZbAq7VLrirwGOYrvsh1_sid_ifSoKKyuVEYsVfxqWLTI_1742389868_195800480_sentence_segment_close.wav",11.829547795582505,14.220874802289497,11.856431804955838,14.040356049934308
"/home/michaelbennie/OneDrive/Leite,Walter's files - Storiza Corpus Spring 2025/Processed_Utterances/annotated_sentence_segments/uid_ovpeape9PZbAq7VLrirwGOYrvsh1_sid_ifSoKKyuVEYsVfxqWLTI_1742389868_195800481_sentence_segment_close.wav",14.389317116611887,17.31636249270879,14.42150981610255,17.302251104834465
"/home/michaelbennie/OneDrive/Leite,Walter's files - Storiza Corpus Spring 2025/Processed_Utterances/annotated_sentence_segments/uid_ovpeape9PZbAq7VLrirwGOYrvsh1_sid_ifSoKKyuVEYsVfxqWLTI_1742389868_195800482_sentence_segment_close.wav",17.21611992252959,20.945152527033564,17.310511066525127,20.944270275014432
"/home/michaelbennie/OneDrive/Leite,Walter's files - Storiza Corpus Spring 2025/Processed_Utterances/annotated_sentence_segments/uid_ovpeape9PZbAq7VLrirwGOYrvsh1_sid_ifSoKKyuVEYsVfxqWLTI_1742389868_195800483_sentence_segment_close.wav",20.90195114849657,25.161046604302367,21.01679666308042,25.14008210440224
"/home/michaelbennie/OneDrive/Leite,Walter's files - Storiza Corpus Spring 2025/Processed_Utterances/annotated_sentence_segments/uid_ovpeape9PZbAq7VLrirwGOYrvsh1_sid_ifSoKKyuVEYsVfxqWLTI_1742389868_195800484_sentence_segment_close.wav",25.481943833006362,27.63349093708717,25.50145453589261,27.60989368653069
"/home/michaelbennie/OneDrive/Leite,Walter's files - Storiza Corpus Spring 2025/Processed_Utterances/annotated_sentence_segments/uid_ovpeape9PZbAq7VLrirwGOYrvsh1_sid_ifSoKKyuVEYsVfxqWLTI_1742389868_195800485_sentence_segment_close.wav",28.62408933490131,33.82200754269765,28.63421554269765,33.81199546485261
"/home/michaelbennie/OneDrive/Leite,Walter's files - Storiza Corpus Spring 2025/Processed_Utterances/annotated_sentence_segments/uid_tHP0GvI5hccNGBzYfgE2pkEHXiW2_sid_Lf3VBeOK4sAugmVABgUl_1743376662_195800486_sentence_segment_close.wav",0.5449443191684099,5.14051463701775,0.5219780219780219,5.454470281100115
"/home/michaelbennie/OneDrive/Leite,Walter's files - Storiza Corpus Spring 2025/Processed_Utterances/annotated_sentence_segments/uid_tHP0GvI5hccNGBzYfgE2pkEHXiW2_sid_Lf3VBeOK4sAugmVABgUl_1743376662_195800487_sentence_segment_close.wav",8.523584939917349,13.579632895341302,8.531894238358328,13.728022585149656
"/home/michaelbennie/OneDrive/Leite,Walter's files - Storiza Corpus Spring 2025/Processed_Utterances/annotated_sentence_segments/uid_tHP0GvI5hccNGBzYfgE2pkEHXiW2_sid_Lf3VBeOK4sAugmVABgUl_1743376662_195800488_sentence_segment_close.wav",14.79943596331899,32.84304785088351,14.729281767955802,32.84861635601968
"/home/michaelbennie/OneDrive/Leite,Walter's files - Storiza Corpus Spring 2025/Processed_Utterances/annotated_sentence_segments/uid_tHP0GvI5hccNGBzYfgE2pkEHXiW2_sid_Lf3VBeOK4sAugmVABgUl_1743376662_195800489_sentence_segment_close.wav",33.611845183733166,40.7269906499632,33.59153360451703,40.768116487564
"/home/michaelbennie/OneDrive/Leite,Walter's files - Storiza Corpus Spring 2025/Processed_Utterances/annotated_sentence_segments/uid_tHP0GvI5hccNGBzYfgE2pkEHXiW2_sid_Lf3VBeOK4sAugmVABgUl_1743376662_195800490_sentence_segment_close.wav",42.19071015974821,49.15688983157581,42.1345170299314,49.69726063991258
"/home/michaelbennie/OneDrive/Leite,Walter's files - Storiza Corpus Spring 2025/Processed_Utterances/annotated_sentence_segments/uid_tHP0GvI5hccNGBzYfgE2pkEHXiW2_sid_Lf3VBeOK4sAugmVABgUl_1743376662_195800491_sentence_segment_close.wav",51.478571895111514,57.2589358920327,51.40519337016575,57.39620788051728
"/home/michaelbennie/OneDrive/Leite,Walter's files - Storiza Corpus Spring 2025/Processed_Utterances/annotated_sentence_segments/uid_tHP0GvI5hccNGBzYfgE2pkEHXiW2_sid_Lf3VBeOK4sAugmVABgUl_1743376662_195800492_sentence_segment_close.wav",59.7973850302399,64.9855170742118,59.73369072916034,65.05273005079637
"/home/michaelbennie/OneDrive/Leite,Walter's files - Storiza Corpus Spring 2025/Processed_Utterances/annotated_sentence_segments/uid_tHP0GvI5hccNGBzYfgE2pkEHXiW2_sid_Lf3VBeOK4sAugmVABgUl_1743376662_195800493_sentence_segment_close.wav",66.45799527769313,75.20727130022536,66.2817679558011,75.66503875498351
"/home/michaelbennie/OneDrive/Leite,Walter's files - Storiza Corpus Spring 2025/Processed_Utterances/annotated_sentence_segments/uid_tHP0GvI5hccNGBzYfgE2pkEHXiW2_sid_Lf3VBeOK4sAugmVABgUl_1743376662_195800494_sentence_segment_close.wav",76.75378588737826,78.7065361802199,76.69299779410277,78.78952380952381
"/home/michaelbennie/OneDrive/Leite,Walter's files - Storiza Corpus Spring 2025/Processed_Utterances/annotated_sentence_segments/uid_uJ59YClhDZUuJsN0vsDR1GRv6pu1_sid_l4KsF2Kn1Z5FS1xqlcev_1741229832_195800495_sentence_segment_close.wav",1.3918507258017734,10.53969213164543,1.4297149062026642,10.480080019995
"/home/michaelbennie/OneDrive/Leite,Walter's files - Storiza Corpus Spring 2025/Processed_Utterances/annotated_sentence_segments/uid_uJ59YClhDZUuJsN0vsDR1GRv6pu1_sid_l4KsF2Kn1Z5FS1xqlcev_1741229832_195800496_sentence_segment_close.wav",11.674932303558293,16.76328451542134,11.779411845874552,16.729462511689437
"/home/michaelbennie/OneDrive/Leite,Walter's files - Storiza Corpus Spring 2025/Processed_Utterances/annotated_sentence_segments/uid_uJ59YClhDZUuJsN0vsDR1GRv6pu1_sid_l4KsF2Kn1Z5FS1xqlcev_1741229832_195800497_sentence_segment_close.wav",17.604446509009243,21.942255805099663,17.60617530570874,21.89532002431673
"/home/michaelbennie/OneDrive/Leite,Walter's files - Storiza Corpus Spring 2025/Processed_Utterances/annotated_sentence_segments/uid_uJ59YClhDZUuJsN0vsDR1GRv6pu1_sid_l4KsF2Kn1Z5FS1xqlcev_1741229832_195800498_sentence_segment_close.wav",22.640709486800723,26.341231876479284,22.659632475664868,26.3283348764868
"/home/michaelbennie/OneDrive/Leite,Walter's files - Storiza Corpus Spring 2025/Processed_Utterances/annotated_sentence_segments/uid_uJ59YClhDZUuJsN0vsDR1GRv6pu1_sid_l4KsF2Kn1Z5FS1xqlcev_1741229832_195800499_sentence_segment_close.wav",26.711217615384324,28.35166559533978,26.73072374010593,28.28857347280789
"/home/michaelbennie/OneDrive/Leite,Walter's files - Storiza Corpus Spring 2025/Processed_Utterances/annotated_sentence_segments/uid_uJ59YClhDZUuJsN0vsDR1GRv6pu1_sid_l4KsF2Kn1Z5FS1xqlcev_1741229832_195800500_sentence_segment_close.wav",28.61252000019327,32.04077375761753,28.63925826112175,32.08541070012912
"/home/michaelbennie/OneDrive/Leite,Walter's files - Storiza Corpus Spring 2025/Processed_Utterances/annotated_sentence_segments/uid_uJ59YClhDZUuJsN0vsDR1GRv6pu1_sid_l4KsF2Kn1Z5FS1xqlcev_1741229832_195800501_sentence_segment_close.wav",32.57535912741296,37.82987476062776,32.600837357504496,37.82901895557151
"/home/michaelbennie/OneDrive/Leite,Walter's files - Storiza Corpus Spring 2025/Processed_Utterances/annotated_sentence_segments/uid_uJ59YClhDZUuJsN0vsDR1GRv6pu1_sid_l4KsF2Kn1Z5FS1xqlcev_1741229832_195800502_sentence_segment_close.wav",37.84504749104292,44.23215875214841,37.86359169174154,44.226149858467565
"/home/michaelbennie/OneDrive/Leite,Walter's files - Storiza Corpus Spring 2025/Processed_Utterances/annotated_sentence_segments/uid_uJ59YClhDZUuJsN0vsDR1GRv6pu1_sid_l4KsF2Kn1Z5FS1xqlcev_1741229832_195800503_sentence_segment_close.wav",44.749096630781345,49.417403946100094,44.75359660656941,49.40871510925751
"/home/michaelbennie/OneDrive/Leite,Walter's files - Storiza Corpus Spring 2025/Processed_Utterances/annotated_sentence_segments/uid_uJ59YClhDZUuJsN0vsDR1GRv6pu1_sid_l4KsF2Kn1Z5FS1xqlcev_1741229832_195800504_sentence_segment_close.wav",49.80999625817492,55.68903755930499,49.772677061418094,55.694721280146645
"/home/michaelbennie/OneDrive/Leite,Walter's files - Storiza Corpus Spring 2025/Processed_Utterances/annotated_sentence_segments/uid_uJ59YClhDZUuJsN0vsDR1GRv6pu1_sid_l4KsF2Kn1Z5FS1xqlcev_1741229832_195800505_sentence_segment_close.wav",56.03446851892996,60.37888062679251,56.04618067589894,60.39707030598522
"/home/michaelbennie/OneDrive/Leite,Walter's files - Storiza Corpus Spring 2025/Processed_Utterances/annotated_sentence_segments/uid_uJ59YClhDZUuJsN0vsDR1GRv6pu1_sid_l4KsF2Kn1Z5FS1xqlcev_1741229832_195800506_sentence_segment_close.wav",60.75421430275121,70.48215859274106,60.77154167023394,70.58295803986037
"/home/michaelbennie/OneDrive/Leite,Walter's files - Storiza Corpus Spring 2025/Processed_Utterances/annotated_sentence_segments/uid_sHl4il5Li8NKe5aMecUSJyXBFco2_sid_oLcyGGiO0bJZhCkDVMro_1743380548_195800507_sentence_segment_close.wav",0.9581443741833656,9.885072475846359,0.0,10.137344097008318
"/home/michaelbennie/OneDrive/Leite,Walter's files - Storiza Corpus Spring 2025/Processed_Utterances/annotated_sentence_segments/uid_sHl4il5Li8NKe5aMecUSJyXBFco2_sid_oLcyGGiO0bJZhCkDVMro_1743380548_195800508_sentence_segment_close.wav",10.156226771915513,13.19140394270448,10.172360829640471,13.218816568637791
"/home/michaelbennie/OneDrive/Leite,Walter's files - Storiza Corpus Spring 2025/Processed_Utterances/annotated_sentence_segments/uid_sHl4il5Li8NKe5aMecUSJyXBFco2_sid_oLcyGGiO0bJZhCkDVMro_1743380548_195800509_sentence_segment_close.wav",13.231152839286377,17.944076535957088,13.247997001060272,17.97525590640094
"/home/michaelbennie/OneDrive/Leite,Walter's files - Storiza Corpus Spring 2025/Processed_Utterances/annotated_sentence_segments/uid_sHl4il5Li8NKe5aMecUSJyXBFco2_sid_oLcyGGiO0bJZhCkDVMro_1743380548_195800510_sentence_segment_close.wav",19.8353051326991,24.038808055017668,19.86978078748752,24.038940370550385
"/home/michaelbennie/OneDrive/Leite,Walter's files - Storiza Corpus Spring 2025/Processed_Utterances/annotated_sentence_segments/uid_sHl4il5Li8NKe5aMecUSJyXBFco2_sid_oLcyGGiO0bJZhCkDVMro_1743380548_195800511_sentence_segment_close.wav",24.746121076664462,27.04440536276558,24.802081824994083,27.04330634074465
"/home/michaelbennie/OneDrive/Leite,Walter's files - Storiza Corpus Spring 2025/Processed_Utterances/annotated_sentence_segments/uid_sHl4il5Li8NKe5aMecUSJyXBFco2_sid_oLcyGGiO0bJZhCkDVMro_1743380548_195800512_sentence_segment_close.wav",27.49363691322657,31.769366805591858,27.529307129262204,31.734615494837183
"/home/michaelbennie/OneDrive/Leite,Walter's files - Storiza Corpus Spring 2025/Processed_Utterances/annotated_sentence_segments/uid_sHl4il5Li8NKe5aMecUSJyXBFco2_sid_oLcyGGiO0bJZhCkDVMro_1743380548_195800513_sentence_segment_close.wav",32.59847250858387,42.35467129529038,32.61222662300482,42.34829871293199
"/home/michaelbennie/OneDrive/Leite,Walter's files - Storiza Corpus Spring 2025/Processed_Utterances/annotated_sentence_segments/uid_sHl4il5Li8NKe5aMecUSJyXBFco2_sid_oLcyGGiO0bJZhCkDVMro_1743380548_195800514_sentence_segment_close.wav",42.99751787354965,46.46843133442501,43.00500159523526,46.3427391805197
"/home/michaelbennie/OneDrive/Leite,Walter's files - Storiza Corpus Spring 2025/Processed_Utterances/annotated_sentence_segments/uid_sHl4il5Li8NKe5aMecUSJyXBFco2_sid_oLcyGGiO0bJZhCkDVMro_1743380548_195800515_sentence_segment_close.wav",46.550332596344354,53.921449460757245,46.56364742638408,53.90185027634157
"/home/michaelbennie/OneDrive/Leite,Walter's files - Storiza Corpus Spring 2025/Processed_Utterances/annotated_sentence_segments/uid_sHl4il5Li8NKe5aMecUSJyXBFco2_sid_oLcyGGiO0bJZhCkDVMro_1743380548_195800516_sentence_segment_close.wav",54.50562357340061,61.87101210428112,54.492283332501415,61.8304861824589
"/home/michaelbennie/OneDrive/Leite,Walter's files - Storiza Corpus Spring 2025/Processed_Utterances/annotated_sentence_segments/uid_sHl4il5Li8NKe5aMecUSJyXBFco2_sid_oLcyGGiO0bJZhCkDVMro_1743380548_195800517_sentence_segment_close.wav",61.903984017018615,67.73667617084288,61.92555219519233,67.70935739712927
"/home/michaelbennie/OneDrive/Leite,Walter's files - Storiza Corpus Spring 2025/Processed_Utterances/annotated_sentence_segments/uid_Om0JhZ6RmTNQ5wDLPHKIC3LtY4g2_sid_Lihsn8Z5KIcriQ30GHYW_1742166957_195800518_sentence_segment_close.wav",0.9744206206646034,8.016221171301865,1.0046672329097968,8.012773349343105
"/home/michaelbennie/OneDrive/Leite,Walter's files - Storiza Corpus Spring 2025/Processed_Utterances/annotated_sentence_segments/uid_Om0JhZ6RmTNQ5wDLPHKIC3LtY4g2_sid_Lihsn8Z5KIcriQ30GHYW_1742166957_195800519_sentence_segment_close.wav",8.088618387652772,11.067411770622702,8.096290987558724,11.029231297064989
"/home/michaelbennie/OneDrive/Leite,Walter's files - Storiza Corpus Spring 2025/Processed_Utterances/annotated_sentence_segments/uid_Om0JhZ6RmTNQ5wDLPHKIC3LtY4g2_sid_Lihsn8Z5KIcriQ30GHYW_1742166957_195800520_sentence_segment_close.wav",11.376529258270896,17.22498065725222,11.427167472192798,17.167771746326917
"/home/michaelbennie/OneDrive/Leite,Walter's files - Storiza Corpus Spring 2025/Processed_Utterances/annotated_sentence_segments/uid_Om0JhZ6RmTNQ5wDLPHKIC3LtY4g2_sid_Lihsn8Z5KIcriQ30GHYW_1742166957_195800521_sentence_segment_close.wav",18.766131686948135,26.380080377224033,18.833211113094144,26.408745379859067
"/home/michaelbennie/OneDrive/Leite,Walter's files - Storiza Corpus Spring 2025/Processed_Utterances/annotated_sentence_segments/uid_Om0JhZ6RmTNQ5wDLPHKIC3LtY4g2_sid_Lihsn8Z5KIcriQ30GHYW_1742166957_195800522_sentence_segment_close.wav",26.923485758327196,34.42146376404722,26.93932754640291,34.41906225531965
"/home/michaelbennie/OneDrive/Leite,Walter's files - Storiza Corpus Spring 2025/Processed_Utterances/annotated_sentence_segments/uid_Om0JhZ6RmTNQ5wDLPHKIC3LtY4g2_sid_Lihsn8Z5KIcriQ30GHYW_1742166957_195800523_sentence_segment_close.wav",34.34919778821472,37.805329121093145,34.49332255009618,37.83924181343562
"/home/michaelbennie/OneDrive/Leite,Walter's files - Storiza Corpus Spring 2025/Processed_Utterances/annotated_sentence_segments/uid_Om0JhZ6RmTNQ5wDLPHKIC3LtY4g2_sid_Lihsn8Z5KIcriQ30GHYW_1742166957_195800524_sentence_segment_close.wav",38.198818472459536,44.73742261145895,38.19924578480759,44.71637650185008
"/home/michaelbennie/OneDrive/Leite,Walter's files - Storiza Corpus Spring 2025/Processed_Utterances/annotated_sentence_segments/uid_Om0JhZ6RmTNQ5wDLPHKIC3LtY4g2_sid_Lihsn8Z5KIcriQ30GHYW_1742166957_195800525_sentence_segment_close.wav",45.12685160125137,51.970018700572254,45.14885170057225,51.96
"/home/michaelbennie/OneDrive/Leite,Walter's files - Storiza Corpus Spring 2025/Processed_Utterances/annotated_sentence_segments/uid_Sn3Nw7A3OmOkiMXEFjEyRusLuuo2_sid_1wzrLwplXHDGocpfUMAY_1741737570_195800526_sentence_segment_close.wav",0.19135630368763556,6.705097097613883,0.2476169155385497,6.735445836403832
"/home/michaelbennie/OneDrive/Leite,Walter's files - Storiza Corpus Spring 2025/Processed_Utterances/annotated_sentence_segments/uid_Sn3Nw7A3OmOkiMXEFjEyRusLuuo2_sid_1wzrLwplXHDGocpfUMAY_1741737570_195800527_sentence_segment_close.wav",6.754718557142869,11.287747971459572,6.784544981220961,11.286138807623493
"/home/michaelbennie/OneDrive/Leite,Walter's files - Storiza Corpus Spring 2025/Processed_Utterances/annotated_sentence_segments/uid_Sn3Nw7A3OmOkiMXEFjEyRusLuuo2_sid_1wzrLwplXHDGocpfUMAY_1741737570_195800528_sentence_segment_close.wav",12.523317792591794,26.87705392700981,12.58481377184512,26.82378376797789
"/home/michaelbennie/OneDrive/Leite,Walter's files - Storiza Corpus Spring 2025/Processed_Utterances/annotated_sentence_segments/uid_Sn3Nw7A3OmOkiMXEFjEyRusLuuo2_sid_1wzrLwplXHDGocpfUMAY_1741737570_195800529_sentence_segment_close.wav",29.846513031980496,48.66470935826112,30.013146490777824,47.943236030630906
"/home/michaelbennie/OneDrive/Leite,Walter's files - Storiza Corpus Spring 2025/Processed_Utterances/annotated_sentence_segments/uid_Sn3Nw7A3OmOkiMXEFjEyRusLuuo2_sid_1wzrLwplXHDGocpfUMAY_1741737570_195800530_sentence_segment_close.wav",50.63844477780183,68.99404832923531,50.47162022335491,69.14630227561325
"/home/michaelbennie/OneDrive/Leite,Walter's files - Storiza Corpus Spring 2025/Processed_Utterances/annotated_sentence_segments/uid_Sn3Nw7A3OmOkiMXEFjEyRusLuuo2_sid_1wzrLwplXHDGocpfUMAY_1741737570_195800531_sentence_segment_close.wav",70.21568368175726,102.63972979483438,70.26146737095853,102.5424593440404
"/home/michaelbennie/OneDrive/Leite,Walter's files - Storiza Corpus Spring 2025/Processed_Utterances/annotated_sentence_segments/uid_vrDD6j0aEnQfytObzHmMJYKTeFf2_sid_8EF8UF8JxXiWOyBQl5p9_1743006091_195800533_sentence_segment_close.wav",4.745628696704575,8.202439578083274,4.745072290045835,9.49014458009167
"/home/michaelbennie/OneDrive/Leite,Walter's files - Storiza Corpus Spring 2025/Processed_Utterances/annotated_sentence_segments/uid_vrDD6j0aEnQfytObzHmMJYKTeFf2_sid_8EF8UF8JxXiWOyBQl5p9_1743006091_195800534_sentence_segment_close.wav",10.458927855227817,18.709185223581226,10.461620918763776,18.693900181730875
"/home/michaelbennie/OneDrive/Leite,Walter's files - Storiza Corpus Spring 2025/Processed_Utterances/annotated_sentence_segments/uid_vrDD6j0aEnQfytObzHmMJYKTeFf2_sid_8EF8UF8JxXiWOyBQl5p9_1743006091_195800535_sentence_segment_close.wav",22.17203422397377,28.214382493104992,22.18110715465213,28.33004698613164
"/home/michaelbennie/OneDrive/Leite,Walter's files - Storiza Corpus Spring 2025/Processed_Utterances/annotated_sentence_segments/uid_vrDD6j0aEnQfytObzHmMJYKTeFf2_sid_8EF8UF8JxXiWOyBQl5p9_1743006091_195800536_sentence_segment_close.wav",30.990737461208475,34.58774899472125,30.89070138170668,34.64183545241746
"/home/michaelbennie/OneDrive/Leite,Walter's files - Storiza Corpus Spring 2025/Processed_Utterances/annotated_sentence_segments/uid_vrDD6j0aEnQfytObzHmMJYKTeFf2_sid_8EF8UF8JxXiWOyBQl5p9_1743006091_195800537_sentence_segment_close.wav",37.41611204071265,43.9074413922942,37.42149318445615,43.91859216621122
"/home/michaelbennie/OneDrive/Leite,Walter's files - Storiza Corpus Spring 2025/Processed_Utterances/annotated_sentence_segments/uid_vrDD6j0aEnQfytObzHmMJYKTeFf2_sid_8EF8UF8JxXiWOyBQl5p9_1743006091_195800538_sentence_segment_close.wav",46.33086050832484,49.32348144107972,46.31639792697994,49.47790763028858
"/home/michaelbennie/OneDrive/Leite,Walter's files - Storiza Corpus Spring 2025/Processed_Utterances/annotated_sentence_segments/uid_vrDD6j0aEnQfytObzHmMJYKTeFf2_sid_8EF8UF8JxXiWOyBQl5p9_1743006091_195800539_sentence_segment_close.wav",51.663712092173526,59.41967873373241,51.67355646509085,59.46221358496491
"/home/michaelbennie/OneDrive/Leite,Walter's files - Storiza Corpus Spring 2025/Processed_Utterances/annotated_sentence_segments/uid_vrDD6j0aEnQfytObzHmMJYKTeFf2_sid_8EF8UF8JxXiWOyBQl5p9_1743006091_195800540_sentence_segment_close.wav",60.99169265138271,64.8766653676226,60.97839052971328,64.88675776506464
"/home/michaelbennie/OneDrive/Leite,Walter's files - Storiza Corpus Spring 2025/Processed_Utterances/annotated_sentence_segments/uid_HGLxgWVfJZWhAsqMf761d40h3eQ2_sid_8NjhrfiTbM1zGBfZZuu4_1742427758_195800541_sentence_segment_close.wav",1.1407463765814896,34.05525420759731,1.0078525960786104,34.304189886913235
"/home/michaelbennie/OneDrive/Leite,Walter's files - Storiza Corpus Spring 2025/Processed_Utterances/annotated_sentence_segments/uid_HGLxgWVfJZWhAsqMf761d40h3eQ2_sid_8NjhrfiTbM1zGBfZZuu4_1742427758_195800542_sentence_segment_close.wav",38.9128484016099,49.10905303801318,38.59916696096099,49.4636059562799
"/home/michaelbennie/OneDrive/Leite,Walter's files - Storiza Corpus Spring 2025/Processed_Utterances/annotated_sentence_segments/uid_HGLxgWVfJZWhAsqMf761d40h3eQ2_sid_8NjhrfiTbM1zGBfZZuu4_1742427758_195800543_sentence_segment_close.wav",51.61433427390973,96.64585172655788,51.32617105371183,97.4969030085053
"/home/michaelbennie/OneDrive/Leite,Walter's files - Storiza Corpus Spring 2025/Processed_Utterances/annotated_sentence_segments/uid_HGLxgWVfJZWhAsqMf761d40h3eQ2_sid_8NjhrfiTbM1zGBfZZuu4_1742427758_195800544_sentence_segment_close.wav",99.995891273759,140.82271218518554,99.76993857412364,141.32608439704757
"/home/michaelbennie/OneDrive/Leite,Walter's files - Storiza Corpus Spring 2025/Processed_Utterances/annotated_sentence_segments/uid_HGLxgWVfJZWhAsqMf761d40h3eQ2_sid_8NjhrfiTbM1zGBfZZuu4_1742427758_195800545_sentence_segment_close.wav",145.33829499653174,159.92326476522135,144.81783228264032,161.0646786239823
"/home/michaelbennie/OneDrive/Leite,Walter's files - Storiza Corpus Spring 2025/Processed_Utterances/annotated_sentence_segments/uid_HGLxgWVfJZWhAsqMf761d40h3eQ2_sid_8NjhrfiTbM1zGBfZZuu4_1742427758_195800546_sentence_segment_close.wav",171.1406966418151,202.43667252419232,170.81118717146597,203.14162795629736
"/home/michaelbennie/OneDrive/Leite,Walter's files - Storiza Corpus Spring 2025/Processed_Utterances/annotated_sentence_segments/uid_HGLxgWVfJZWhAsqMf761d40h3eQ2_sid_8NjhrfiTbM1zGBfZZuu4_1742427758_195800547_sentence_segment_close.wav",204.9015047979013,226.38847926169714,204.66950320991512,227.42935795508603
"/home/michaelbennie/OneDrive/Leite,Walter's files - Storiza Corpus Spring 2025/Processed_Utterances/annotated_sentence_segments/uid_HGLxgWVfJZWhAsqMf761d40h3eQ2_sid_8NjhrfiTbM1zGBfZZuu4_1742427758_195800548_sentence_segment_close.wav",231.53680072270825,275.8476002898419,231.20486246414816,275.859977324263
"/home/michaelbennie/OneDrive/Leite,Walter's files - Storiza Corpus Spring 2025/Processed_Utterances/annotated_sentence_segments/uid_ejZWulX03uRlAA3C5VqYK6jKNYs1_sid_jGy3WfcxdVQLXa94QWkg_1741212613_195800549_sentence_segment_close.wav",0.0679005953817395,2.7564017194739305,0.1051301187279024,2.746126131619755
"/home/michaelbennie/OneDrive/Leite,Walter's files - Storiza Corpus Spring 2025/Processed_Utterances/annotated_sentence_segments/uid_ejZWulX03uRlAA3C5VqYK6jKNYs1_sid_jGy3WfcxdVQLXa94QWkg_1741212613_195800550_sentence_segment_close.wav",2.8635943235654073,5.235926496425595,2.756745270717188,5.225710180236109
"/home/michaelbennie/OneDrive/Leite,Walter's files - Storiza Corpus Spring 2025/Processed_Utterances/annotated_sentence_segments/uid_ejZWulX03uRlAA3C5VqYK6jKNYs1_sid_jGy3WfcxdVQLXa94QWkg_1741212613_195800551_sentence_segment_close.wav",5.296290383777099,10.215349505877416,5.437032273268628,10.209302511280685
"/home/michaelbennie/OneDrive/Leite,Walter's files - Storiza Corpus Spring 2025/Processed_Utterances/annotated_sentence_segments/uid_ejZWulX03uRlAA3C5VqYK6jKNYs1_sid_jGy3WfcxdVQLXa94QWkg_1741212613_195800552_sentence_segment_close.wav",11.127304272486938,16.897264424554766,11.13383403836895,16.933235629708108
"/home/michaelbennie/OneDrive/Leite,Walter's files - Storiza Corpus Spring 2025/Processed_Utterances/annotated_sentence_segments/uid_ejZWulX03uRlAA3C5VqYK6jKNYs1_sid_jGy3WfcxdVQLXa94QWkg_1741212613_195800553_sentence_segment_close.wav",16.957074181192304,20.423378115158307,17.015130944709185,20.46662343144147
"/home/michaelbennie/OneDrive/Leite,Walter's files - Storiza Corpus Spring 2025/Processed_Utterances/annotated_sentence_segments/uid_ejZWulX03uRlAA3C5VqYK6jKNYs1_sid_jGy3WfcxdVQLXa94QWkg_1741212613_195800554_sentence_segment_close.wav",20.375199647278812,25.206698133117705,20.472608649171587,25.22268256217277
"/home/michaelbennie/OneDrive/Leite,Walter's files - Storiza Corpus Spring 2025/Processed_Utterances/annotated_sentence_segments/uid_ejZWulX03uRlAA3C5VqYK6jKNYs1_sid_jGy3WfcxdVQLXa94QWkg_1741212613_195800555_sentence_segment_close.wav",26.11308566959201,32.00377675971967,26.121123992019022,32.047499056955544
"/home/michaelbennie/OneDrive/Leite,Walter's files - Storiza Corpus Spring 2025/Processed_Utterances/annotated_sentence_segments/uid_ejZWulX03uRlAA3C5VqYK6jKNYs1_sid_jGy3WfcxdVQLXa94QWkg_1741212613_195800556_sentence_segment_close.wav",32.041155090387285,35.5256632930136,32.06862695380023,35.23252950629308
"/home/michaelbennie/OneDrive/Leite,Walter's files - Storiza Corpus Spring 2025/Processed_Utterances/annotated_sentence_segments/uid_ejZWulX03uRlAA3C5VqYK6jKNYs1_sid_jGy3WfcxdVQLXa94QWkg_1741212613_195800557_sentence_segment_close.wav",35.68843851464003,40.10625203432197,35.69382020134291,40.19406222926262
"/home/michaelbennie/OneDrive/Leite,Walter's files - Storiza Corpus Spring 2025/Processed_Utterances/annotated_sentence_segments/uid_ejZWulX03uRlAA3C5VqYK6jKNYs1_sid_jGy3WfcxdVQLXa94QWkg_1741212613_195800558_sentence_segment_close.wav",41.013093260580575,45.76236649711757,41.01981172397237,45.75246061718372
"/home/michaelbennie/OneDrive/Leite,Walter's files - Storiza Corpus Spring 2025/Processed_Utterances/annotated_sentence_segments/uid_ejZWulX03uRlAA3C5VqYK6jKNYs1_sid_jGy3WfcxdVQLXa94QWkg_1741212613_195800559_sentence_segment_close.wav",45.77065070411462,54.37843200633375,45.80352142061771,54.418421359041474
"/home/michaelbennie/OneDrive/Leite,Walter's files - Storiza Corpus Spring 2025/Processed_Utterances/annotated_sentence_segments/uid_ejZWulX03uRlAA3C5VqYK6jKNYs1_sid_jGy3WfcxdVQLXa94QWkg_1741212613_195800560_sentence_segment_close.wav",54.4066742358304,57.095603511928694,54.44036611097536,57.06201977840915
"/home/michaelbennie/OneDrive/Leite,Walter's files - Storiza Corpus Spring 2025/Processed_Utterances/annotated_sentence_segments/uid_ejZWulX03uRlAA3C5VqYK6jKNYs1_sid_jGy3WfcxdVQLXa94QWkg_1741212613_195800561_sentence_segment_close.wav",58.04372530992802,62.62829816243872,58.04374307262595,62.58424858306506
"/home/michaelbennie/OneDrive/Leite,Walter's files - Storiza Corpus Spring 2025/Processed_Utterances/annotated_sentence_segments/uid_ejZWulX03uRlAA3C5VqYK6jKNYs1_sid_jGy3WfcxdVQLXa94QWkg_1741212613_195800562_sentence_segment_close.wav",63.07332064228175,71.77002732543458,63.08514181712509,71.74784150743513
"/home/michaelbennie/OneDrive/Leite,Walter's files - Storiza Corpus Spring 2025/Processed_Utterances/annotated_sentence_segments/uid_ejZWulX03uRlAA3C5VqYK6jKNYs1_sid_jGy3WfcxdVQLXa94QWkg_1741212613_195800563_sentence_segment_close.wav",72.43722811843591,77.48348114430371,72.45314696443094,77.47288293124913
"/home/michaelbennie/OneDrive/Leite,Walter's files - Storiza Corpus Spring 2025/Processed_Utterances/annotated_sentence_segments/uid_ejZWulX03uRlAA3C5VqYK6jKNYs1_sid_jGy3WfcxdVQLXa94QWkg_1741212613_195800564_sentence_segment_close.wav",78.45403126845345,80.88229331828012,78.4570678967423,80.88571037907019
"/home/michaelbennie/OneDrive/Leite,Walter's files - Storiza Corpus Spring 2025/Processed_Utterances/annotated_sentence_segments/uid_ejZWulX03uRlAA3C5VqYK6jKNYs1_sid_jGy3WfcxdVQLXa94QWkg_1741212613_195800565_sentence_segment_close.wav",81.36614129551198,86.78306958321296,81.38670237825308,86.76823174253543
"/home/michaelbennie/OneDrive/Leite,Walter's files - Storiza Corpus Spring 2025/Processed_Utterances/annotated_sentence_segments/uid_ejZWulX03uRlAA3C5VqYK6jKNYs1_sid_jGy3WfcxdVQLXa94QWkg_1741212613_195800566_sentence_segment_close.wav",86.80223719568944,94.4140953563893,86.82914884127234,94.39101680045133
"/home/michaelbennie/OneDrive/Leite,Walter's files - Storiza Corpus Spring 2025/Processed_Utterances/annotated_sentence_segments/uid_ejZWulX03uRlAA3C5VqYK6jKNYs1_sid_jGy3WfcxdVQLXa94QWkg_1741212613_195800567_sentence_segment_close.wav",96.00302434669977,104.52602239396006,96.02942152494008,104.51761830911846
"/home/michaelbennie/OneDrive/Leite,Walter's files - Storiza Corpus Spring 2025/Processed_Utterances/annotated_sentence_segments/uid_ejZWulX03uRlAA3C5VqYK6jKNYs1_sid_jGy3WfcxdVQLXa94QWkg_1741212613_195800568_sentence_segment_close.wav",104.54041691248186,106.80957523762774,104.55956114689184,106.870728224553
"/home/michaelbennie/OneDrive/Leite,Walter's files - Storiza Corpus Spring 2025/Processed_Utterances/annotated_sentence_segments/uid_ejZWulX03uRlAA3C5VqYK6jKNYs1_sid_jGy3WfcxdVQLXa94QWkg_1741212613_195800569_sentence_segment_close.wav",106.89172659818666,110.73710358879609,106.88993381973796,110.74108803766616
"/home/michaelbennie/OneDrive/Leite,Walter's files - Storiza Corpus Spring 2025/Processed_Utterances/annotated_sentence_segments/uid_ejZWulX03uRlAA3C5VqYK6jKNYs1_sid_jGy3WfcxdVQLXa94QWkg_1741212613_195800570_sentence_segment_close.wav",111.54118746534441,115.46097792733337,111.56821859048256,115.48710225423429
"/home/michaelbennie/OneDrive/Leite,Walter's files - Storiza Corpus Spring 2025/Processed_Utterances/annotated_sentence_segments/uid_ejZWulX03uRlAA3C5VqYK6jKNYs1_sid_jGy3WfcxdVQLXa94QWkg_1741212613_195800571_sentence_segment_close.wav",115.47809123032799,118.17526605708231,115.5116973539903,118.15095607104064
"/home/michaelbennie/OneDrive/Leite,Walter's files - Storiza Corpus Spring 2025/Processed_Utterances/annotated_sentence_segments/uid_ejZWulX03uRlAA3C5VqYK6jKNYs1_sid_jGy3WfcxdVQLXa94QWkg_1741212613_195800572_sentence_segment_close.wav",118.16705992802811,131.1589110759666,118.17852855524194,131.14698809514456
"/home/michaelbennie/OneDrive/Leite,Walter's files - Storiza Corpus Spring 2025/Processed_Utterances/annotated_sentence_segments/uid_CjlD9aGvoSfMhsnUwRIQlMr4IFp1_sid_DVtfSCJyJu3nQjtuoanM_1741661150_195800573_sentence_segment_close.wav",1.3764527085206673,3.267863304916527,1.3848877144659706,3.1452181341324343
"/home/michaelbennie/OneDrive/Leite,Walter's files - Storiza Corpus Spring 2025/Processed_Utterances/annotated_sentence_segments/uid_CjlD9aGvoSfMhsnUwRIQlMr4IFp1_sid_DVtfSCJyJu3nQjtuoanM_1741661150_195800574_sentence_segment_close.wav",3.2551120230498123,6.25042343714762,3.151068479871637,6.243800456166027
"/home/michaelbennie/OneDrive/Leite,Walter's files - Storiza Corpus Spring 2025/Processed_Utterances/annotated_sentence_segments/uid_CjlD9aGvoSfMhsnUwRIQlMr4IFp1_sid_DVtfSCJyJu3nQjtuoanM_1741661150_195800575_sentence_segment_close.wav",6.235316915204095,9.46607101930098,6.249287494098163,9.557282764530004
"/home/michaelbennie/OneDrive/Leite,Walter's files - Storiza Corpus Spring 2025/Processed_Utterances/annotated_sentence_segments/uid_CjlD9aGvoSfMhsnUwRIQlMr4IFp1_sid_DVtfSCJyJu3nQjtuoanM_1741661150_195800576_sentence_segment_close.wav",10.025376489889043,13.847770576141954,9.915098388933338,13.836458630169933
"/home/michaelbennie/OneDrive/Leite,Walter's files - Storiza Corpus Spring 2025/Processed_Utterances/annotated_sentence_segments/uid_CjlD9aGvoSfMhsnUwRIQlMr4IFp1_sid_DVtfSCJyJu3nQjtuoanM_1741661150_195800577_sentence_segment_close.wav",13.909115840744773,17.42987772635168,13.861732964316223,17.5090012836955
"/home/michaelbennie/OneDrive/Leite,Walter's files - Storiza Corpus Spring 2025/Processed_Utterances/annotated_sentence_segments/uid_CjlD9aGvoSfMhsnUwRIQlMr4IFp1_sid_DVtfSCJyJu3nQjtuoanM_1741661150_195800578_sentence_segment_close.wav",17.546420669248885,18.974689529087662,17.51653750997407,19.23115113228928
"/home/michaelbennie/OneDrive/Leite,Walter's files - Storiza Corpus Spring 2025/Processed_Utterances/annotated_sentence_segments/uid_mHWscHBXcoabM7fdw88AliGuPWw1_sid_oXQeJ78zBQRTcUylPSUq_1741174732_195800579_sentence_segment_close.wav",1.522048837952665,12.143900222762607,1.3879781420765027,12.240437158469948
"/home/michaelbennie/OneDrive/Leite,Walter's files - Storiza Corpus Spring 2025/Processed_Utterances/annotated_sentence_segments/uid_mHWscHBXcoabM7fdw88AliGuPWw1_sid_oXQeJ78zBQRTcUylPSUq_1741174732_195800580_sentence_segment_close.wav",13.212509746767475,30.19325990699723,13.20735172174517,30.349726775956288
"/home/michaelbennie/OneDrive/Leite,Walter's files - Storiza Corpus Spring 2025/Processed_Utterances/annotated_sentence_segments/uid_mHWscHBXcoabM7fdw88AliGuPWw1_sid_oXQeJ78zBQRTcUylPSUq_1741174732_195800581_sentence_segment_close.wav",30.42309088249108,40.83693522838859,30.39380444446052,41.27997732426304
"/home/michaelbennie/OneDrive/Leite,Walter's files - Storiza Corpus Spring 2025/Processed_Utterances/annotated_sentence_segments/uid_CjlD9aGvoSfMhsnUwRIQlMr4IFp1_sid_QcXsX1SJo3pZJaO8Ox6u_1742180382_195800582_sentence_segment_close.wav",2.204792176158581,5.496392210065988,2.223041059343623,5.443380042394471
"/home/michaelbennie/OneDrive/Leite,Walter's files - Storiza Corpus Spring 2025/Processed_Utterances/annotated_sentence_segments/uid_CjlD9aGvoSfMhsnUwRIQlMr4IFp1_sid_QcXsX1SJo3pZJaO8Ox6u_1742180382_195800583_sentence_segment_close.wav",7.32453424273437,9.622731248710139,7.334807022758151,9.855072313841424
"/home/michaelbennie/OneDrive/Leite,Walter's files - Storiza Corpus Spring 2025/Processed_Utterances/annotated_sentence_segments/uid_CjlD9aGvoSfMhsnUwRIQlMr4IFp1_sid_QcXsX1SJo3pZJaO8Ox6u_1742180382_195800584_sentence_segment_close.wav",10.755312748478087,13.560206337187374,10.918692895921607,13.542126941610633
"/home/michaelbennie/OneDrive/Leite,Walter's files - Storiza Corpus Spring 2025/Processed_Utterances/annotated_sentence_segments/uid_CjlD9aGvoSfMhsnUwRIQlMr4IFp1_sid_QcXsX1SJo3pZJaO8Ox6u_1742180382_195800585_sentence_segment_close.wav",13.947510182146834,19.822511536965614,13.981822947851418,19.49398212250138
"/home/michaelbennie/OneDrive/Leite,Walter's files - Storiza Corpus Spring 2025/Processed_Utterances/annotated_sentence_segments/uid_CjlD9aGvoSfMhsnUwRIQlMr4IFp1_sid_QcXsX1SJo3pZJaO8Ox6u_1742180382_195800586_sentence_segment_close.wav",21.003468850708078,24.51605466734645,21.002210759027264,24.51731761238025
"/home/michaelbennie/OneDrive/Leite,Walter's files - Storiza Corpus Spring 2025/Processed_Utterances/annotated_sentence_segments/uid_CjlD9aGvoSfMhsnUwRIQlMr4IFp1_sid_QcXsX1SJo3pZJaO8Ox6u_1742180382_195800587_sentence_segment_close.wav",25.95623301249385,31.32003929942085,25.14369933677229,31.24539425202653
"/home/michaelbennie/OneDrive/Leite,Walter's files - Storiza Corpus Spring 2025/Processed_Utterances/annotated_sentence_segments/uid_CjlD9aGvoSfMhsnUwRIQlMr4IFp1_sid_QcXsX1SJo3pZJaO8Ox6u_1742180382_195800588_sentence_segment_close.wav",31.59674103029972,39.217202161029775,31.658691967481385,39.12311516004899
"/home/michaelbennie/OneDrive/Leite,Walter's files - Storiza Corpus Spring 2025/Processed_Utterances/annotated_sentence_segments/uid_CjlD9aGvoSfMhsnUwRIQlMr4IFp1_sid_QcXsX1SJo3pZJaO8Ox6u_1742180382_195800589_sentence_segment_close.wav",40.589818785034154,46.45198879270501,40.61035436155545,46.43693438198338
"/home/michaelbennie/OneDrive/Leite,Walter's files - Storiza Corpus Spring 2025/Processed_Utterances/annotated_sentence_segments/uid_CjlD9aGvoSfMhsnUwRIQlMr4IFp1_sid_QcXsX1SJo3pZJaO8Ox6u_1742180382_195800590_sentence_segment_close.wav",47.63864598251608,50.60088789126875,47.62923247716531,50.58488050045186
"/home/michaelbennie/OneDrive/Leite,Walter's files - Storiza Corpus Spring 2025/Processed_Utterances/annotated_sentence_segments/uid_CjlD9aGvoSfMhsnUwRIQlMr4IFp1_sid_QcXsX1SJo3pZJaO8Ox6u_1742180382_195800591_sentence_segment_close.wav",50.93499946616323,54.345755385175494,50.95825700956394,54.346898055370175
"/home/michaelbennie/OneDrive/Leite,Walter's files - Storiza Corpus Spring 2025/Processed_Utterances/annotated_sentence_segments/uid_CjlD9aGvoSfMhsnUwRIQlMr4IFp1_sid_QcXsX1SJo3pZJaO8Ox6u_1742180382_195800592_sentence_segment_close.wav",54.686228478168694,66.30720089083982,54.70132129898018,66.32616485586284
"/home/michaelbennie/OneDrive/Leite,Walter's files - Storiza Corpus Spring 2025/Processed_Utterances/annotated_sentence_segments/uid_CjlD9aGvoSfMhsnUwRIQlMr4IFp1_sid_QcXsX1SJo3pZJaO8Ox6u_1742180382_195800593_sentence_segment_close.wav",66.34546574973348,70.34920290932601,66.38555349591344,70.24479185709647
"/home/michaelbennie/OneDrive/Leite,Walter's files - Storiza Corpus Spring 2025/Processed_Utterances/annotated_sentence_segments/uid_l10DBTU0vaSPzKuDElOBDPPpe2H3_sid_FiHLIt9wxFP1gibLS6Ng_1742249143_195800594_sentence_segment_close.wav",0.9544367906855415,5.23267978483934,0.9821420260664154,5.2542372881355925
"/home/michaelbennie/OneDrive/Leite,Walter's files - Storiza Corpus Spring 2025/Processed_Utterances/annotated_sentence_segments/uid_l10DBTU0vaSPzKuDElOBDPPpe2H3_sid_FiHLIt9wxFP1gibLS6Ng_1742249143_195800595_sentence_segment_close.wav",5.553479594613223,9.839734186034633,5.567999808644139,9.81573622096165
"/home/michaelbennie/OneDrive/Leite,Walter's files - Storiza Corpus Spring 2025/Processed_Utterances/annotated_sentence_segments/uid_l10DBTU0vaSPzKuDElOBDPPpe2H3_sid_FiHLIt9wxFP1gibLS6Ng_1742249143_195800596_sentence_segment_close.wav",10.079218233342226,18.65726015947758,10.116794525403323,18.62637943114239
"/home/michaelbennie/OneDrive/Leite,Walter's files - Storiza Corpus Spring 2025/Processed_Utterances/annotated_sentence_segments/uid_l10DBTU0vaSPzKuDElOBDPPpe2H3_sid_FiHLIt9wxFP1gibLS6Ng_1742249143_195800597_sentence_segment_close.wav",21.019566224768127,26.88228483411246,21.066201835945296,26.93212354819329
"/home/michaelbennie/OneDrive/Leite,Walter's files - Storiza Corpus Spring 2025/Processed_Utterances/annotated_sentence_segments/uid_l10DBTU0vaSPzKuDElOBDPPpe2H3_sid_FiHLIt9wxFP1gibLS6Ng_1742249143_195800598_sentence_segment_close.wav",27.240131719109115,32.410127704061445,27.27551752172505,32.40290698952802
"/home/michaelbennie/OneDrive/Leite,Walter's files - Storiza Corpus Spring 2025/Processed_Utterances/annotated_sentence_segments/uid_l10DBTU0vaSPzKuDElOBDPPpe2H3_sid_FiHLIt9wxFP1gibLS6Ng_1742249143_195800599_sentence_segment_close.wav",32.84211353345771,37.68911397940294,32.85919761189214,37.685529349475495
"/home/michaelbennie/OneDrive/Leite,Walter's files - Storiza Corpus Spring 2025/Processed_Utterances/annotated_sentence_segments/uid_l10DBTU0vaSPzKuDElOBDPPpe2H3_sid_FiHLIt9wxFP1gibLS6Ng_1742249143_195800600_sentence_segment_close.wav",43.00114981038282,52.49570986984722,42.98853659220265,52.43422287784337
"/home/michaelbennie/OneDrive/Leite,Walter's files - Storiza Corpus Spring 2025/Processed_Utterances/annotated_sentence_segments/uid_l10DBTU0vaSPzKuDElOBDPPpe2H3_sid_FiHLIt9wxFP1gibLS6Ng_1742249143_195800601_sentence_segment_close.wav",53.57926053050248,60.22794065954732,53.59141352837504,60.32287621500444
"/home/michaelbennie/OneDrive/Leite,Walter's files - Storiza Corpus Spring 2025/Processed_Utterances/annotated_sentence_segments/uid_l10DBTU0vaSPzKuDElOBDPPpe2H3_sid_FiHLIt9wxFP1gibLS6Ng_1742249143_195800602_sentence_segment_close.wav",60.64378263899116,65.87277722446987,60.67881119811111,66.1354825583418
"/home/michaelbennie/OneDrive/Leite,Walter's files - Storiza Corpus Spring 2025/Processed_Utterances/annotated_sentence_segments/uid_l10DBTU0vaSPzKuDElOBDPPpe2H3_sid_FiHLIt9wxFP1gibLS6Ng_1742249143_195800603_sentence_segment_close.wav",68.5214124768261,70.62492767942678,68.53453634602943,70.60430824128935
"/home/michaelbennie/OneDrive/Leite,Walter's files - Storiza Corpus Spring 2025/Processed_Utterances/annotated_sentence_segments/uid_l10DBTU0vaSPzKuDElOBDPPpe2H3_sid_FiHLIt9wxFP1gibLS6Ng_1742249143_195800604_sentence_segment_close.wav",70.99634556192382,72.79806009795311,71.01826262034132,72.8152009475897
"/home/michaelbennie/OneDrive/Leite,Walter's files - Storiza Corpus Spring 2025/Processed_Utterances/annotated_sentence_segments/uid_l10DBTU0vaSPzKuDElOBDPPpe2H3_sid_FiHLIt9wxFP1gibLS6Ng_1742249143_195800606_sentence_segment_close.wav",83.08826168711867,88.2613646266896,83.10604562172034,88.238139116558
"/home/michaelbennie/OneDrive/Leite,Walter's files - Storiza Corpus Spring 2025/Processed_Utterances/annotated_sentence_segments/uid_l10DBTU0vaSPzKuDElOBDPPpe2H3_sid_FiHLIt9wxFP1gibLS6Ng_1742249143_195800607_sentence_segment_close.wav",88.49102460268927,95.41082319209755,88.51073661457987,95.3706462131305
"/home/michaelbennie/OneDrive/Leite,Walter's files - Storiza Corpus Spring 2025/Processed_Utterances/annotated_sentence_segments/uid_l10DBTU0vaSPzKuDElOBDPPpe2H3_sid_FiHLIt9wxFP1gibLS6Ng_1742249143_195800608_sentence_segment_close.wav",95.3773110044429,99.19708267517028,95.40509993462771,99.16353058015454
"/home/michaelbennie/OneDrive/Leite,Walter's files - Storiza Corpus Spring 2025/Processed_Utterances/annotated_sentence_segments/uid_l10DBTU0vaSPzKuDElOBDPPpe2H3_sid_FiHLIt9wxFP1gibLS6Ng_1742249143_195800609_sentence_segment_close.wav",101.77355799144506,104.09826349171051,101.80268695645016,104.1246907423612
"/home/michaelbennie/OneDrive/Leite,Walter's files - Storiza Corpus Spring 2025/Processed_Utterances/annotated_sentence_segments/uid_l10DBTU0vaSPzKuDElOBDPPpe2H3_sid_FiHLIt9wxFP1gibLS6Ng_1742249143_195800610_sentence_segment_close.wav",104.45357091807168,111.77479304462557,104.46809921771496,111.60015624912836
"/home/michaelbennie/OneDrive/Leite,Walter's files - Storiza Corpus Spring 2025/Processed_Utterances/annotated_sentence_segments/uid_ukKF4sCANzgmD16fyjMyO7VwR2A2_sid_3O9WRfkAoyuKpN0iRre5_1741315925_195800611_sentence_segment_close.wav",2.3831494695462627,11.924357646702536,2.3169398907103824,12.0327868852459
"/home/michaelbennie/OneDrive/Leite,Walter's files - Storiza Corpus Spring 2025/Processed_Utterances/annotated_sentence_segments/uid_ukKF4sCANzgmD16fyjMyO7VwR2A2_sid_3O9WRfkAoyuKpN0iRre5_1741315925_195800612_sentence_segment_close.wav",12.26411101918979,35.55983904841919,12.153005464480874,35.52287480968638
"/home/michaelbennie/OneDrive/Leite,Walter's files - Storiza Corpus Spring 2025/Processed_Utterances/annotated_sentence_segments/uid_ukKF4sCANzgmD16fyjMyO7VwR2A2_sid_3O9WRfkAoyuKpN0iRre5_1741315925_195800613_sentence_segment_close.wav",35.532903307395344,41.01104490329531,35.55014022772828,41.14025034840548
"/home/michaelbennie/OneDrive/Leite,Walter's files - Storiza Corpus Spring 2025/Processed_Utterances/annotated_sentence_segments/uid_ukKF4sCANzgmD16fyjMyO7VwR2A2_sid_3O9WRfkAoyuKpN0iRre5_1741315925_195800614_sentence_segment_close.wav",42.55003002215359,49.559124195677725,42.33882129384773,49.61335723447706
"/home/michaelbennie/OneDrive/Leite,Walter's files - Storiza Corpus Spring 2025/Processed_Utterances/annotated_sentence_segments/uid_ukKF4sCANzgmD16fyjMyO7VwR2A2_sid_3O9WRfkAoyuKpN0iRre5_1741315925_195800615_sentence_segment_close.wav",49.833297449970914,53.05804333008777,49.80849806314808,53.26342278429129
"/home/michaelbennie/OneDrive/Leite,Walter's files - Storiza Corpus Spring 2025/Processed_Utterances/annotated_sentence_segments/uid_ukKF4sCANzgmD16fyjMyO7VwR2A2_sid_3O9WRfkAoyuKpN0iRre5_1741315925_195800616_sentence_segment_close.wav",53.303323520683975,62.90100829774885,53.33893984747347,63.24286392088676
"/home/michaelbennie/OneDrive/Leite,Walter's files - Storiza Corpus Spring 2025/Processed_Utterances/annotated_sentence_segments/uid_ukKF4sCANzgmD16fyjMyO7VwR2A2_sid_3O9WRfkAoyuKpN0iRre5_1741315925_195800617_sentence_segment_close.wav",64.0518839259833,68.41052274712358,63.78554469203269,68.57100240122864
"/home/michaelbennie/OneDrive/Leite,Walter's files - Storiza Corpus Spring 2025/Processed_Utterances/annotated_sentence_segments/uid_ukKF4sCANzgmD16fyjMyO7VwR2A2_sid_3O9WRfkAoyuKpN0iRre5_1741315925_195800618_sentence_segment_close.wav",68.65745915902797,70.37126979124817,68.61975862426861,70.36379430863973
"/home/michaelbennie/OneDrive/Leite,Walter's files - Storiza Corpus Spring 2025/Processed_Utterances/annotated_sentence_segments/uid_ukKF4sCANzgmD16fyjMyO7VwR2A2_sid_3O9WRfkAoyuKpN0iRre5_1741315925_195800619_sentence_segment_close.wav",70.39368368680591,74.92973799865446,70.39462624090817,75.23832919514484
"/home/michaelbennie/OneDrive/Leite,Walter's files - Storiza Corpus Spring 2025/Processed_Utterances/annotated_sentence_segments/uid_ukKF4sCANzgmD16fyjMyO7VwR2A2_sid_3O9WRfkAoyuKpN0iRre5_1741315925_195800620_sentence_segment_close.wav",76.31868978474692,81.87619115380878,76.15054467339594,82.20822365559613
"/home/michaelbennie/OneDrive/Leite,Walter's files - Storiza Corpus Spring 2025/Processed_Utterances/annotated_sentence_segments/uid_ukKF4sCANzgmD16fyjMyO7VwR2A2_sid_3O9WRfkAoyuKpN0iRre5_1741315925_195800621_sentence_segment_close.wav",82.20013236153642,88.83612627083478,82.24726208681516,88.97782427358291
"/home/michaelbennie/OneDrive/Leite,Walter's files - Storiza Corpus Spring 2025/Processed_Utterances/annotated_sentence_segments/uid_ukKF4sCANzgmD16fyjMyO7VwR2A2_sid_3O9WRfkAoyuKpN0iRre5_1741315925_195800622_sentence_segment_close.wav",88.98981153180175,96.94227511925655,89.03211349208122,97.68989378870228
"/home/michaelbennie/OneDrive/Leite,Walter's files - Storiza Corpus Spring 2025/Processed_Utterances/annotated_sentence_segments/uid_ukKF4sCANzgmD16fyjMyO7VwR2A2_sid_3O9WRfkAoyuKpN0iRre5_1741315925_195800623_sentence_segment_close.wav",97.98783966729367,115.31920292686847,97.91077105845352,115.44719085918804
"/home/michaelbennie/OneDrive/Leite,Walter's files - Storiza Corpus Spring 2025/Processed_Utterances/annotated_sentence_segments/uid_ukKF4sCANzgmD16fyjMyO7VwR2A2_sid_3O9WRfkAoyuKpN0iRre5_1741315925_195800624_sentence_segment_close.wav",115.50797497233475,123.02611497445608,115.49774202299704,123.10155097921422
"/home/michaelbennie/OneDrive/Leite,Walter's files - Storiza Corpus Spring 2025/Processed_Utterances/annotated_sentence_segments/uid_ukKF4sCANzgmD16fyjMyO7VwR2A2_sid_3O9WRfkAoyuKpN0iRre5_1741315925_195800625_sentence_segment_close.wav",123.35039964217489,130.34339899138226,123.21914304577354,130.30823547025818
"/home/michaelbennie/OneDrive/Leite,Walter's files - Storiza Corpus Spring 2025/Processed_Utterances/annotated_sentence_segments/uid_ukKF4sCANzgmD16fyjMyO7VwR2A2_sid_3O9WRfkAoyuKpN0iRre5_1741315925_195800626_sentence_segment_close.wav",130.2418883363023,140.0282864067301,130.31372777118804,140.32705876989198
"/home/michaelbennie/OneDrive/Leite,Walter's files - Storiza Corpus Spring 2025/Processed_Utterances/annotated_sentence_segments/uid_ukKF4sCANzgmD16fyjMyO7VwR2A2_sid_3O9WRfkAoyuKpN0iRre5_1741315925_195800627_sentence_segment_close.wav",140.78080536172507,142.25199947792697,140.49838518220676,142.57206754276484
"/home/michaelbennie/OneDrive/Leite,Walter's files - Storiza Corpus Spring 2025/Processed_Utterances/annotated_sentence_segments/uid_ukKF4sCANzgmD16fyjMyO7VwR2A2_sid_3O9WRfkAoyuKpN0iRre5_1741315925_195800628_sentence_segment_close.wav",143.61728137595313,149.03285142598227,143.54490118085275,149.03547470338802
"/home/michaelbennie/OneDrive/Leite,Walter's files - Storiza Corpus Spring 2025/Processed_Utterances/annotated_sentence_segments/uid_ukKF4sCANzgmD16fyjMyO7VwR2A2_sid_3O9WRfkAoyuKpN0iRre5_1741315925_195800629_sentence_segment_close.wav",149.0341196027164,152.81062430361743,149.0494776907026,152.999628822141
"/home/michaelbennie/OneDrive/Leite,Walter's files - Storiza Corpus Spring 2025/Processed_Utterances/annotated_sentence_segments/uid_ukKF4sCANzgmD16fyjMyO7VwR2A2_sid_3O9WRfkAoyuKpN0iRre5_1741315925_195800630_sentence_segment_close.wav",153.17286439765343,156.5641005402849,153.15957858305012,156.693702757928
"/home/michaelbennie/OneDrive/Leite,Walter's files - Storiza Corpus Spring 2025/Processed_Utterances/annotated_sentence_segments/uid_ukKF4sCANzgmD16fyjMyO7VwR2A2_sid_3O9WRfkAoyuKpN0iRre5_1741315925_195800631_sentence_segment_close.wav",157.4778747917167,164.51030260295434,157.54630576868917,164.4999798665715
"/home/michaelbennie/OneDrive/Leite,Walter's files - Storiza Corpus Spring 2025/Processed_Utterances/annotated_sentence_segments/uid_ukKF4sCANzgmD16fyjMyO7VwR2A2_sid_3O9WRfkAoyuKpN0iRre5_1741315925_195800632_sentence_segment_close.wav",164.48883404545185,173.7266930622912,164.50259518648906,174.04220801546185
"/home/michaelbennie/OneDrive/Leite,Walter's files - Storiza Corpus Spring 2025/Processed_Utterances/annotated_sentence_segments/uid_ukKF4sCANzgmD16fyjMyO7VwR2A2_sid_3O9WRfkAoyuKpN0iRre5_1741315925_195800633_sentence_segment_close.wav",175.11712688282174,175.9934230124347,175.05675672080554,175.99301981480568
"/home/michaelbennie/OneDrive/Leite,Walter's files - Storiza Corpus Spring 2025/Processed_Utterances/annotated_sentence_segments/uid_ukKF4sCANzgmD16fyjMyO7VwR2A2_sid_3O9WRfkAoyuKpN0iRre5_1741315925_195800634_sentence_segment_close.wav",175.98401128682661,181.4940768174661,175.99986891786912,181.4649670723755
"/home/michaelbennie/OneDrive/Leite,Walter's files - Storiza Corpus Spring 2025/Processed_Utterances/annotated_sentence_segments/uid_ukKF4sCANzgmD16fyjMyO7VwR2A2_sid_3O9WRfkAoyuKpN0iRre5_1741315925_195800635_sentence_segment_close.wav",181.47613108719662,192.35781073663813,181.4664510322669,192.4517882783059
"/home/michaelbennie/OneDrive/Leite,Walter's files - Storiza Corpus Spring 2025/Processed_Utterances/annotated_sentence_segments/uid_ukKF4sCANzgmD16fyjMyO7VwR2A2_sid_3O9WRfkAoyuKpN0iRre5_1741315925_195800636_sentence_segment_close.wav",193.14161494123547,205.85451226027618,193.1484869486565,206.02370484361555
"/home/michaelbennie/OneDrive/Leite,Walter's files - Storiza Corpus Spring 2025/Processed_Utterances/annotated_sentence_segments/uid_ukKF4sCANzgmD16fyjMyO7VwR2A2_sid_3O9WRfkAoyuKpN0iRre5_1741315925_195800637_sentence_segment_close.wav",205.9887595615893,223.54750913419454,206.02979014566097,223.98
"/home/michaelbennie/OneDrive/Leite,Walter's files - Storiza Corpus Spring 2025/Processed_Utterances/annotated_sentence_segments/uid_I5PkY0CN4APYEiJFCl7sORsrQxu2_sid_u73KbIfuyhgqDxJR2ONu_1743017516_195800638_sentence_segment_close.wav",0.8152806377665218,11.667203936156984,0.8390755578713349,11.674763188982238
"/home/michaelbennie/OneDrive/Leite,Walter's files - Storiza Corpus Spring 2025/Processed_Utterances/annotated_sentence_segments/uid_I5PkY0CN4APYEiJFCl7sORsrQxu2_sid_u73KbIfuyhgqDxJR2ONu_1743017516_195800639_sentence_segment_close.wav",13.778863129307425,32.51665293447948,13.85321136297074,32.54005309110617
"/home/michaelbennie/OneDrive/Leite,Walter's files - Storiza Corpus Spring 2025/Processed_Utterances/annotated_sentence_segments/uid_I5PkY0CN4APYEiJFCl7sORsrQxu2_sid_u73KbIfuyhgqDxJR2ONu_1743017516_195800640_sentence_segment_close.wav",33.08122957384724,41.76191523125874,33.11054684646391,41.79938758675037
"/home/michaelbennie/OneDrive/Leite,Walter's files - Storiza Corpus Spring 2025/Processed_Utterances/annotated_sentence_segments/uid_I5PkY0CN4APYEiJFCl7sORsrQxu2_sid_u73KbIfuyhgqDxJR2ONu_1743017516_195800641_sentence_segment_close.wav",42.20112069514526,51.594834283250826,42.22249381710047,51.60683240396615
"/home/michaelbennie/OneDrive/Leite,Walter's files - Storiza Corpus Spring 2025/Processed_Utterances/annotated_sentence_segments/uid_I5PkY0CN4APYEiJFCl7sORsrQxu2_sid_u73KbIfuyhgqDxJR2ONu_1743017516_195800642_sentence_segment_close.wav",52.018244664535956,60.62481276154035,52.05821660324683,60.68787874898829
"/home/michaelbennie/OneDrive/Leite,Walter's files - Storiza Corpus Spring 2025/Processed_Utterances/annotated_sentence_segments/uid_I5PkY0CN4APYEiJFCl7sORsrQxu2_sid_u73KbIfuyhgqDxJR2ONu_1743017516_195800643_sentence_segment_close.wav",61.29431628462252,70.44102300027392,61.34962648104727,70.45914770184756
"/home/michaelbennie/OneDrive/Leite,Walter's files - Storiza Corpus Spring 2025/Processed_Utterances/annotated_sentence_segments/uid_I5PkY0CN4APYEiJFCl7sORsrQxu2_sid_u73KbIfuyhgqDxJR2ONu_1743017516_195800644_sentence_segment_close.wav",71.40946097910717,78.47260296182418,71.40479650291473,78.54381973315843
"/home/michaelbennie/OneDrive/Leite,Walter's files - Storiza Corpus Spring 2025/Processed_Utterances/annotated_sentence_segments/uid_I5PkY0CN4APYEiJFCl7sORsrQxu2_sid_u73KbIfuyhgqDxJR2ONu_1743017516_195800645_sentence_segment_close.wav",81.345279464567,86.46250422278273,81.24446324921166,86.30052448543833
"/home/michaelbennie/OneDrive/Leite,Walter's files - Storiza Corpus Spring 2025/Processed_Utterances/annotated_sentence_segments/uid_I5PkY0CN4APYEiJFCl7sORsrQxu2_sid_u73KbIfuyhgqDxJR2ONu_1743017516_195800646_sentence_segment_close.wav",88.83930239696797,103.25519907670001,88.83735918898482,103.277276287475
"/home/michaelbennie/OneDrive/Leite,Walter's files - Storiza Corpus Spring 2025/Processed_Utterances/annotated_sentence_segments/uid_I5PkY0CN4APYEiJFCl7sORsrQxu2_sid_u73KbIfuyhgqDxJR2ONu_1743017516_195800647_sentence_segment_close.wav",104.0518930559024,110.27013015749965,104.06244093978368,110.28747969177752
"/home/michaelbennie/OneDrive/Leite,Walter's files - Storiza Corpus Spring 2025/Processed_Utterances/annotated_sentence_segments/uid_EOwDjm2STZfXSXQJzWXadFRGRzn1_sid_xZRepD4163UebtWqte7m_1744243968_195800648_sentence_segment_close.wav",1.8988430913679315,33.542519968192195,1.865431569725502,33.53335321768461
"/home/michaelbennie/OneDrive/Leite,Walter's files - Storiza Corpus Spring 2025/Processed_Utterances/annotated_sentence_segments/uid_EOwDjm2STZfXSXQJzWXadFRGRzn1_sid_xZRepD4163UebtWqte7m_1744243968_195800649_sentence_segment_close.wav",34.38864403153339,55.23578173544588,34.393284142369275,55.13386549048303
"/home/michaelbennie/OneDrive/Leite,Walter's files - Storiza Corpus Spring 2025/Processed_Utterances/annotated_sentence_segments/uid_EOwDjm2STZfXSXQJzWXadFRGRzn1_sid_xZRepD4163UebtWqte7m_1744243968_195800650_sentence_segment_close.wav",57.995304143310456,67.46011887675698,58.146684622088046,67.14072969040743
"/home/michaelbennie/OneDrive/Leite,Walter's files - Storiza Corpus Spring 2025/Processed_Utterances/annotated_sentence_segments/uid_EOwDjm2STZfXSXQJzWXadFRGRzn1_sid_xZRepD4163UebtWqte7m_1744243968_195800651_sentence_segment_close.wav",69.1923099946644,88.20066950006597,69.19907596339934,88.2854981636006
"/home/michaelbennie/OneDrive/Leite,Walter's files - Storiza Corpus Spring 2025/Processed_Utterances/annotated_sentence_segments/uid_EOwDjm2STZfXSXQJzWXadFRGRzn1_sid_xZRepD4163UebtWqte7m_1744243968_195800652_sentence_segment_close.wav",92.389978538702,117.3415391649763,92.33585651060471,117.30358403307442
"/home/michaelbennie/OneDrive/Leite,Walter's files - Storiza Corpus Spring 2025/Processed_Utterances/annotated_sentence_segments/uid_EOwDjm2STZfXSXQJzWXadFRGRzn1_sid_xZRepD4163UebtWqte7m_1744243968_195800653_sentence_segment_close.wav",117.9024793683254,129.4006729167125,117.94457614251895,129.35856738211757
"/home/michaelbennie/OneDrive/Leite,Walter's files - Storiza Corpus Spring 2025/Processed_Utterances/annotated_sentence_segments/uid_EOwDjm2STZfXSXQJzWXadFRGRzn1_sid_xZRepD4163UebtWqte7m_1744243968_195800654_sentence_segment_close.wav",132.37313627364213,134.7105584909596,132.3956188746608,134.64122867994524
"/home/michaelbennie/OneDrive/Leite,Walter's files - Storiza Corpus Spring 2025/Processed_Utterances/annotated_sentence_segments/uid_EOwDjm2STZfXSXQJzWXadFRGRzn1_sid_xZRepD4163UebtWqte7m_1744243968_195800655_sentence_segment_close.wav",137.11737898726852,151.25109968845697,137.20544526231097,151.1765933415326
"/home/michaelbennie/OneDrive/Leite,Walter's files - Storiza Corpus Spring 2025/Processed_Utterances/annotated_sentence_segments/uid_EOwDjm2STZfXSXQJzWXadFRGRzn1_sid_xZRepD4163UebtWqte7m_1744243968_195800656_sentence_segment_close.wav",154.91260516812866,179.0616488344507,154.89685730838627,179.26265306122448
"/home/michaelbennie/OneDrive/Leite,Walter's files - Storiza Corpus Spring 2025/Processed_Utterances/annotated_sentence_segments/uid_ihIoefKsGwTDai7fGs9x3DyNvju2_sid_10xCCcbdjIomuhvXNQHm_1743725869_195800657_sentence_segment_close.wav",2.0683449385414945,5.3820948975453735,2.011830772188945,5.354444545436723
"/home/michaelbennie/OneDrive/Leite,Walter's files - Storiza Corpus Spring 2025/Processed_Utterances/annotated_sentence_segments/uid_ihIoefKsGwTDai7fGs9x3DyNvju2_sid_10xCCcbdjIomuhvXNQHm_1743725869_195800658_sentence_segment_close.wav",5.371743579413177,9.591939497406102,5.377928951337762,9.573809472323264
"/home/michaelbennie/OneDrive/Leite,Walter's files - Storiza Corpus Spring 2025/Processed_Utterances/annotated_sentence_segments/uid_ihIoefKsGwTDai7fGs9x3DyNvju2_sid_10xCCcbdjIomuhvXNQHm_1743725869_195800659_sentence_segment_close.wav",9.797657484788232,14.616349133612127,9.800825396033302,14.873457070657564
"/home/michaelbennie/OneDrive/Leite,Walter's files - Storiza Corpus Spring 2025/Processed_Utterances/annotated_sentence_segments/uid_ihIoefKsGwTDai7fGs9x3DyNvju2_sid_10xCCcbdjIomuhvXNQHm_1743725869_195800660_sentence_segment_close.wav",14.931841706425292,18.052592615219762,14.928254017759988,18.33349287341053
"/home/michaelbennie/OneDrive/Leite,Walter's files - Storiza Corpus Spring 2025/Processed_Utterances/annotated_sentence_segments/uid_ihIoefKsGwTDai7fGs9x3DyNvju2_sid_10xCCcbdjIomuhvXNQHm_1743725869_195800661_sentence_segment_close.wav",18.411591607240187,31.022129216425828,18.396117955813303,30.99158765407016
"/home/michaelbennie/OneDrive/Leite,Walter's files - Storiza Corpus Spring 2025/Processed_Utterances/annotated_sentence_segments/uid_ihIoefKsGwTDai7fGs9x3DyNvju2_sid_10xCCcbdjIomuhvXNQHm_1743725869_195800662_sentence_segment_close.wav",31.055642155437916,34.7361072471905,31.0150720599712,34.764748868836975
"/home/michaelbennie/OneDrive/Leite,Walter's files - Storiza Corpus Spring 2025/Processed_Utterances/annotated_sentence_segments/uid_ihIoefKsGwTDai7fGs9x3DyNvju2_sid_10xCCcbdjIomuhvXNQHm_1743725869_195800663_sentence_segment_close.wav",35.802009371495544,38.59109497481582,35.719781375479194,39.00759820162455
"/home/michaelbennie/OneDrive/Leite,Walter's files - Storiza Corpus Spring 2025/Processed_Utterances/annotated_sentence_segments/uid_ihIoefKsGwTDai7fGs9x3DyNvju2_sid_10xCCcbdjIomuhvXNQHm_1743725869_195800664_sentence_segment_close.wav",39.57442153178758,46.795659390715535,39.39117683134151,46.96098366677618
"/home/michaelbennie/OneDrive/Leite,Walter's files - Storiza Corpus Spring 2025/Processed_Utterances/annotated_sentence_segments/uid_ihIoefKsGwTDai7fGs9x3DyNvju2_sid_10xCCcbdjIomuhvXNQHm_1743725869_195800665_sentence_segment_close.wav",47.82611779905422,56.11444643575426,47.78257164476046,56.11433987204664
"/home/michaelbennie/OneDrive/Leite,Walter's files - Storiza Corpus Spring 2025/Processed_Utterances/annotated_sentence_segments/uid_ihIoefKsGwTDai7fGs9x3DyNvju2_sid_10xCCcbdjIomuhvXNQHm_1743725869_195800666_sentence_segment_close.wav",56.20981905722908,69.8508894739028,56.177880525829565,69.45787716646113
"/home/michaelbennie/OneDrive/Leite,Walter's files - Storiza Corpus Spring 2025/Processed_Utterances/annotated_sentence_segments/uid_ihIoefKsGwTDai7fGs9x3DyNvju2_sid_10xCCcbdjIomuhvXNQHm_1743725869_195800667_sentence_segment_close.wav",69.506282525869,85.1703131373664,69.47376232990686,85.6607438811073
"/home/michaelbennie/OneDrive/Leite,Walter's files - Storiza Corpus Spring 2025/Processed_Utterances/annotated_sentence_segments/uid_ihIoefKsGwTDai7fGs9x3DyNvju2_sid_10xCCcbdjIomuhvXNQHm_1743725869_195800668_sentence_segment_close.wav",86.52046095165532,89.65001101998504,86.20878201998504,89.63997732426304
"/home/michaelbennie/OneDrive/Leite,Walter's files - Storiza Corpus Spring 2025/Processed_Utterances/annotated_sentence_segments/uid_d4lLmJzVbJaLpyCuafResXOry3t2_sid_347SDDo7x4Ng9F7qLswv_1741968394_195800669_sentence_segment_close.wav",0.8129404698959675,4.029012671980462,0.8179808400884302,4.119380987472365
"/home/michaelbennie/OneDrive/Leite,Walter's files - Storiza Corpus Spring 2025/Processed_Utterances/annotated_sentence_segments/uid_d4lLmJzVbJaLpyCuafResXOry3t2_sid_347SDDo7x4Ng9F7qLswv_1741968394_195800670_sentence_segment_close.wav",5.473338951051168,9.05670542899293,5.479843434770528,9.099887210654693
"/home/michaelbennie/OneDrive/Leite,Walter's files - Storiza Corpus Spring 2025/Processed_Utterances/annotated_sentence_segments/uid_d4lLmJzVbJaLpyCuafResXOry3t2_sid_347SDDo7x4Ng9F7qLswv_1741968394_195800671_sentence_segment_close.wav",10.172620311280665,18.115833517400375,10.17686072218128,18.224023581429623
"/home/michaelbennie/OneDrive/Leite,Walter's files - Storiza Corpus Spring 2025/Processed_Utterances/annotated_sentence_segments/uid_d4lLmJzVbJaLpyCuafResXOry3t2_sid_347SDDo7x4Ng9F7qLswv_1741968394_195800672_sentence_segment_close.wav",21.099922788775,28.440918102510125,21.11029291117815,28.47948966873157
"/home/michaelbennie/OneDrive/Leite,Walter's files - Storiza Corpus Spring 2025/Processed_Utterances/annotated_sentence_segments/uid_d4lLmJzVbJaLpyCuafResXOry3t2_sid_347SDDo7x4Ng9F7qLswv_1741968394_195800673_sentence_segment_close.wav",29.883044930202136,38.28250190947879,29.88946204863669,38.26757981740646
"/home/michaelbennie/OneDrive/Leite,Walter's files - Storiza Corpus Spring 2025/Processed_Utterances/annotated_sentence_segments/uid_gUfM3yODstSdwltidtEzSlIo0q93_sid_853IyPwR7vltu7WOC7hM_1743376400_195800674_sentence_segment_close.wav",1.3781447819863524,10.205607821245767,1.2680115273775217,10.53794428434198
"/home/michaelbennie/OneDrive/Leite,Walter's files - Storiza Corpus Spring 2025/Processed_Utterances/annotated_sentence_segments/uid_gUfM3yODstSdwltidtEzSlIo0q93_sid_853IyPwR7vltu7WOC7hM_1743376400_195800675_sentence_segment_close.wav",10.913656896741841,44.463383867758196,10.73967339097022,44.67819404418828
"/home/michaelbennie/OneDrive/Leite,Walter's files - Storiza Corpus Spring 2025/Processed_Utterances/annotated_sentence_segments/uid_gUfM3yODstSdwltidtEzSlIo0q93_sid_853IyPwR7vltu7WOC7hM_1743376400_195800676_sentence_segment_close.wav",45.45358490232782,76.78702009362516,45.389048991354464,76.96445725264168
"/home/michaelbennie/OneDrive/Leite,Walter's files - Storiza Corpus Spring 2025/Processed_Utterances/annotated_sentence_segments/uid_gUfM3yODstSdwltidtEzSlIo0q93_sid_853IyPwR7vltu7WOC7hM_1743376400_195800677_sentence_segment_close.wav",84.76206708518775,110.17025711347452,84.71661863592699,110.46109510086455
"/home/michaelbennie/OneDrive/Leite,Walter's files - Storiza Corpus Spring 2025/Processed_Utterances/annotated_sentence_segments/uid_gUfM3yODstSdwltidtEzSlIo0q93_sid_853IyPwR7vltu7WOC7hM_1743376400_195800678_sentence_segment_close.wav",110.55812754081461,133.23467341397165,110.4899135446686,133.27569644572526
"/home/michaelbennie/OneDrive/Leite,Walter's files - Storiza Corpus Spring 2025/Processed_Utterances/annotated_sentence_segments/uid_gUfM3yODstSdwltidtEzSlIo0q93_sid_853IyPwR7vltu7WOC7hM_1743376400_195800679_sentence_segment_close.wav",133.50165647515024,153.86118374165648,133.41018251681075,153.99615754082612
"/home/michaelbennie/OneDrive/Leite,Walter's files - Storiza Corpus Spring 2025/Processed_Utterances/annotated_sentence_segments/uid_gUfM3yODstSdwltidtEzSlIo0q93_sid_853IyPwR7vltu7WOC7hM_1743376400_195800680_sentence_segment_close.wav",166.76987855479945,231.5944304525276,166.44572526416908,231.700288184438
"/home/michaelbennie/OneDrive/Leite,Walter's files - Storiza Corpus Spring 2025/Processed_Utterances/annotated_sentence_segments/uid_gUfM3yODstSdwltidtEzSlIo0q93_sid_853IyPwR7vltu7WOC7hM_1743376400_195800681_sentence_segment_close.wav",231.94824577632437,252.0814781999774,231.8924111431316,252.23823246878
"/home/michaelbennie/OneDrive/Leite,Walter's files - Storiza Corpus Spring 2025/Processed_Utterances/annotated_sentence_segments/uid_u2hytH2KWIS6ewdShfEZisygqIo2_sid_uT0uMpgfuX83tNaCUSSQ_1741311801_195800682_sentence_segment_close.wav",2.2532797308680834,15.129887651013288,2.0702717892984874,15.304721672295656
"/home/michaelbennie/OneDrive/Leite,Walter's files - Storiza Corpus Spring 2025/Processed_Utterances/annotated_sentence_segments/uid_u2hytH2KWIS6ewdShfEZisygqIo2_sid_uT0uMpgfuX83tNaCUSSQ_1741311801_195800683_sentence_segment_close.wav",18.90773010307931,22.296265627507346,18.74722861413744,22.48210119045672
"/home/michaelbennie/OneDrive/Leite,Walter's files - Storiza Corpus Spring 2025/Processed_Utterances/annotated_sentence_segments/uid_u2hytH2KWIS6ewdShfEZisygqIo2_sid_uT0uMpgfuX83tNaCUSSQ_1741311801_195800684_sentence_segment_close.wav",24.11760577892674,32.232526460833846,23.65676995919264,32.411305800600374
"/home/michaelbennie/OneDrive/Leite,Walter's files - Storiza Corpus Spring 2025/Processed_Utterances/annotated_sentence_segments/uid_u2hytH2KWIS6ewdShfEZisygqIo2_sid_uT0uMpgfuX83tNaCUSSQ_1741311801_195800685_sentence_segment_close.wav",34.63282866337816,45.41266435199857,34.54411519273915,45.76601964472314
"/home/michaelbennie/OneDrive/Leite,Walter's files - Storiza Corpus Spring 2025/Processed_Utterances/annotated_sentence_segments/uid_u2hytH2KWIS6ewdShfEZisygqIo2_sid_uT0uMpgfuX83tNaCUSSQ_1741311801_195800686_sentence_segment_close.wav",47.46930665659105,51.83409047222825,47.29038238820074,52.17969480478047
"/home/michaelbennie/OneDrive/Leite,Walter's files - Storiza Corpus Spring 2025/Processed_Utterances/annotated_sentence_segments/uid_u2hytH2KWIS6ewdShfEZisygqIo2_sid_uT0uMpgfuX83tNaCUSSQ_1741311801_195800687_sentence_segment_close.wav",54.61518902397218,62.77103686114852,54.47164314192808,62.95293798063853
"/home/michaelbennie/OneDrive/Leite,Walter's files - Storiza Corpus Spring 2025/Processed_Utterances/annotated_sentence_segments/uid_u2hytH2KWIS6ewdShfEZisygqIo2_sid_uT0uMpgfuX83tNaCUSSQ_1741311801_195800688_sentence_segment_close.wav",65.03068623384803,77.67572161508335,64.89352875038082,77.90172708125927
"/home/michaelbennie/OneDrive/Leite,Walter's files - Storiza Corpus Spring 2025/Processed_Utterances/annotated_sentence_segments/uid_u2hytH2KWIS6ewdShfEZisygqIo2_sid_uT0uMpgfuX83tNaCUSSQ_1741311801_195800689_sentence_segment_close.wav",78.83341967486828,85.91897052376471,78.83854133191412,86.08655547438292
"/home/michaelbennie/OneDrive/Leite,Walter's files - Storiza Corpus Spring 2025/Processed_Utterances/annotated_sentence_segments/uid_u2hytH2KWIS6ewdShfEZisygqIo2_sid_uT0uMpgfuX83tNaCUSSQ_1741311801_195800690_sentence_segment_close.wav",88.70659126839008,100.73344114087458,88.4798645304944,101.04116182828396
"/home/michaelbennie/OneDrive/Leite,Walter's files - Storiza Corpus Spring 2025/Processed_Utterances/annotated_sentence_segments/uid_u2hytH2KWIS6ewdShfEZisygqIo2_sid_uT0uMpgfuX83tNaCUSSQ_1741311801_195800691_sentence_segment_close.wav",101.61301624656346,124.8971941932354,101.36151706138196,125.4893243541831
"/home/michaelbennie/OneDrive/Leite,Walter's files - Storiza Corpus Spring 2025/Processed_Utterances/annotated_sentence_segments/uid_u2hytH2KWIS6ewdShfEZisygqIo2_sid_uT0uMpgfuX83tNaCUSSQ_1741311801_195800692_sentence_segment_close.wav",135.59080002837868,148.98349047990044,135.32479478128718,149.37622299572087
"/home/michaelbennie/OneDrive/Leite,Walter's files - Storiza Corpus Spring 2025/Processed_Utterances/annotated_sentence_segments/uid_u2hytH2KWIS6ewdShfEZisygqIo2_sid_uT0uMpgfuX83tNaCUSSQ_1741311801_195800693_sentence_segment_close.wav",151.00832716409883,155.4361648780942,150.99819351384417,155.67439725712387
"/home/michaelbennie/OneDrive/Leite,Walter's files - Storiza Corpus Spring 2025/Processed_Utterances/annotated_sentence_segments/uid_u2hytH2KWIS6ewdShfEZisygqIo2_sid_uT0uMpgfuX83tNaCUSSQ_1741311801_195800694_sentence_segment_close.wav",156.47157464633483,163.6414652129513,156.32735987553687,163.70437147554657
"/home/michaelbennie/OneDrive/Leite,Walter's files - Storiza Corpus Spring 2025/Processed_Utterances/annotated_sentence_segments/uid_ovpeape9PZbAq7VLrirwGOYrvsh1_sid_B47w0vhU8iVP2M8bfsQr_1742389444_195800695_sentence_segment_close.wav",1.266536214044229,6.694742995410021,1.278854078779482,6.711894282744602
"/home/michaelbennie/OneDrive/Leite,Walter's files - Storiza Corpus Spring 2025/Processed_Utterances/annotated_sentence_segments/uid_ovpeape9PZbAq7VLrirwGOYrvsh1_sid_B47w0vhU8iVP2M8bfsQr_1742389444_195800696_sentence_segment_close.wav",6.6775559784462875,9.325699056657713,6.739756112407617,9.330898363529444
"/home/michaelbennie/OneDrive/Leite,Walter's files - Storiza Corpus Spring 2025/Processed_Utterances/annotated_sentence_segments/uid_ovpeape9PZbAq7VLrirwGOYrvsh1_sid_B47w0vhU8iVP2M8bfsQr_1742389444_195800697_sentence_segment_close.wav",9.658796116827745,12.890065709239646,9.804547937309362,12.8303334047484
"/home/michaelbennie/OneDrive/Leite,Walter's files - Storiza Corpus Spring 2025/Processed_Utterances/annotated_sentence_segments/uid_ovpeape9PZbAq7VLrirwGOYrvsh1_sid_B47w0vhU8iVP2M8bfsQr_1742389444_195800698_sentence_segment_close.wav",13.146876551313074,19.239611065023624,13.150743808168349,19.23574883660928
"/home/michaelbennie/OneDrive/Leite,Walter's files - Storiza Corpus Spring 2025/Processed_Utterances/annotated_sentence_segments/uid_ovpeape9PZbAq7VLrirwGOYrvsh1_sid_B47w0vhU8iVP2M8bfsQr_1742389444_195800699_sentence_segment_close.wav",19.538767924260156,21.563707967715953,19.542227687493,21.5817073948276
"/home/michaelbennie/OneDrive/Leite,Walter's files - Storiza Corpus Spring 2025/Processed_Utterances/annotated_sentence_segments/uid_ovpeape9PZbAq7VLrirwGOYrvsh1_sid_B47w0vhU8iVP2M8bfsQr_1742389444_195800700_sentence_segment_close.wav",21.899668868118702,26.94596070715968,21.92162135960174,26.93673539403109
"/home/michaelbennie/OneDrive/Leite,Walter's files - Storiza Corpus Spring 2025/Processed_Utterances/annotated_sentence_segments/uid_ovpeape9PZbAq7VLrirwGOYrvsh1_sid_B47w0vhU8iVP2M8bfsQr_1742389444_195800701_sentence_segment_close.wav",27.7735365455688,32.81872103561149,27.77815872159303,32.82670684958524
"/home/michaelbennie/OneDrive/Leite,Walter's files - Storiza Corpus Spring 2025/Processed_Utterances/annotated_sentence_segments/uid_ovpeape9PZbAq7VLrirwGOYrvsh1_sid_B47w0vhU8iVP2M8bfsQr_1742389444_195800702_sentence_segment_close.wav",32.80801695585843,35.67715653489208,32.86571397229361,35.68253635496476
"/home/michaelbennie/OneDrive/Leite,Walter's files - Storiza Corpus Spring 2025/Processed_Utterances/annotated_sentence_segments/uid_ovpeape9PZbAq7VLrirwGOYrvsh1_sid_B47w0vhU8iVP2M8bfsQr_1742389444_195800703_sentence_segment_close.wav",36.23313059741515,39.03668345891806,36.284682524331366,39.04299524326751
"/home/michaelbennie/OneDrive/Leite,Walter's files - Storiza Corpus Spring 2025/Processed_Utterances/annotated_sentence_segments/uid_ovpeape9PZbAq7VLrirwGOYrvsh1_sid_B47w0vhU8iVP2M8bfsQr_1742389444_195800704_sentence_segment_close.wav",38.98792150724888,44.36101847717465,39.126580477174656,44.35065759637188
"/home/michaelbennie/OneDrive/Leite,Walter's files - Storiza Corpus Spring 2025/Processed_Utterances/annotated_sentence_segments/uid_4w6SC0KmlKV4YmJTalgWiZalQHi2_sid_a8SztO9S5jDHFpWqzsw5_1742336384_195800705_sentence_segment_close.wav",0.0,10.20817901088225,0.0,10.24058855376716
"/home/michaelbennie/OneDrive/Leite,Walter's files - Storiza Corpus Spring 2025/Processed_Utterances/annotated_sentence_segments/uid_4w6SC0KmlKV4YmJTalgWiZalQHi2_sid_a8SztO9S5jDHFpWqzsw5_1742336384_195800706_sentence_segment_close.wav",10.623517803231628,14.503905974238059,10.660633382162084,14.47293971292587
"/home/michaelbennie/OneDrive/Leite,Walter's files - Storiza Corpus Spring 2025/Processed_Utterances/annotated_sentence_segments/uid_4w6SC0KmlKV4YmJTalgWiZalQHi2_sid_a8SztO9S5jDHFpWqzsw5_1742336384_195800707_sentence_segment_close.wav",15.868248092644532,21.770260803107945,15.866000451441916,21.79979942652195
"/home/michaelbennie/OneDrive/Leite,Walter's files - Storiza Corpus Spring 2025/Processed_Utterances/annotated_sentence_segments/uid_4w6SC0KmlKV4YmJTalgWiZalQHi2_sid_a8SztO9S5jDHFpWqzsw5_1742336384_195800708_sentence_segment_close.wav",22.600911488928546,33.02129261913266,22.607987425072587,33.15164635659921
"/home/michaelbennie/OneDrive/Leite,Walter's files - Storiza Corpus Spring 2025/Processed_Utterances/annotated_sentence_segments/uid_4w6SC0KmlKV4YmJTalgWiZalQHi2_sid_a8SztO9S5jDHFpWqzsw5_1742336384_195800709_sentence_segment_close.wav",33.72712334831073,42.466898072632006,33.61422551234283,42.17995145217611
"/home/michaelbennie/OneDrive/Leite,Walter's files - Storiza Corpus Spring 2025/Processed_Utterances/annotated_sentence_segments/uid_4w6SC0KmlKV4YmJTalgWiZalQHi2_sid_a8SztO9S5jDHFpWqzsw5_1742336384_195800710_sentence_segment_close.wav",42.92804297095902,56.94754852587448,42.91902040817872,56.87620885762773
"/home/michaelbennie/OneDrive/Leite,Walter's files - Storiza Corpus Spring 2025/Processed_Utterances/annotated_sentence_segments/uid_4w6SC0KmlKV4YmJTalgWiZalQHi2_sid_a8SztO9S5jDHFpWqzsw5_1742336384_195800711_sentence_segment_close.wav",58.1939301816367,70.58577207240724,58.16824573123386,70.59710416482501
"/home/michaelbennie/OneDrive/Leite,Walter's files - Storiza Corpus Spring 2025/Processed_Utterances/annotated_sentence_segments/uid_4w6SC0KmlKV4YmJTalgWiZalQHi2_sid_a8SztO9S5jDHFpWqzsw5_1742336384_195800712_sentence_segment_close.wav",71.79217540550378,88.70037709181128,71.7816935457681,88.88154945072792
"/home/michaelbennie/OneDrive/Leite,Walter's files - Storiza Corpus Spring 2025/Processed_Utterances/annotated_sentence_segments/uid_4w6SC0KmlKV4YmJTalgWiZalQHi2_sid_a8SztO9S5jDHFpWqzsw5_1742336384_195800713_sentence_segment_close.wav",89.3150411333547,105.23972544310307,89.26413377544979,105.11643209979484
"/home/michaelbennie/OneDrive/Leite,Walter's files - Storiza Corpus Spring 2025/Processed_Utterances/annotated_sentence_segments/uid_eQ9VyOzVOCQWR7uTGBGzvfh3rUJ2_sid_HV01NBzJEs0ZvfHwN5pP_1743175200_195800714_sentence_segment_close.wav",0.0,6.558510645716338,0.0,6.563126252505009
"/home/michaelbennie/OneDrive/Leite,Walter's files - Storiza Corpus Spring 2025/Processed_Utterances/annotated_sentence_segments/uid_eQ9VyOzVOCQWR7uTGBGzvfh3rUJ2_sid_HV01NBzJEs0ZvfHwN5pP_1743175200_195800715_sentence_segment_close.wav",6.9256028925725275,13.217696813090622,6.583166332665329,13.336673346693386
"/home/michaelbennie/OneDrive/Leite,Walter's files - Storiza Corpus Spring 2025/Processed_Utterances/annotated_sentence_segments/uid_eQ9VyOzVOCQWR7uTGBGzvfh3rUJ2_sid_HV01NBzJEs0ZvfHwN5pP_1743175200_195800716_sentence_segment_close.wav",13.726967311861483,25.86301738607452,13.697394789579157,26.30260521042084
"/home/michaelbennie/OneDrive/Leite,Walter's files - Storiza Corpus Spring 2025/Processed_Utterances/annotated_sentence_segments/uid_eQ9VyOzVOCQWR7uTGBGzvfh3rUJ2_sid_HV01NBzJEs0ZvfHwN5pP_1743175200_195800717_sentence_segment_close.wav",26.46093738715337,35.792010797194244,26.452905811623246,35.82164328657314
"/home/michaelbennie/OneDrive/Leite,Walter's files - Storiza Corpus Spring 2025/Processed_Utterances/annotated_sentence_segments/uid_eQ9VyOzVOCQWR7uTGBGzvfh3rUJ2_sid_HV01NBzJEs0ZvfHwN5pP_1743175200_195800718_sentence_segment_close.wav",37.09627412779643,41.91672587723474,37.06412825651302,41.94021817796325
"/home/michaelbennie/OneDrive/Leite,Walter's files - Storiza Corpus Spring 2025/Processed_Utterances/annotated_sentence_segments/uid_eQ9VyOzVOCQWR7uTGBGzvfh3rUJ2_sid_HV01NBzJEs0ZvfHwN5pP_1743175200_195800719_sentence_segment_close.wav",41.92538434631641,51.4224222567966,41.95390781563126,51.452905811623246
"/home/michaelbennie/OneDrive/Leite,Walter's files - Storiza Corpus Spring 2025/Processed_Utterances/annotated_sentence_segments/uid_eQ9VyOzVOCQWR7uTGBGzvfh3rUJ2_sid_HV01NBzJEs0ZvfHwN5pP_1743175200_195800720_sentence_segment_close.wav",53.23867159003423,58.54900062445026,51.84368737474949,58.1563126252505
"/home/michaelbennie/OneDrive/Leite,Walter's files - Storiza Corpus Spring 2025/Processed_Utterances/annotated_sentence_segments/uid_eQ9VyOzVOCQWR7uTGBGzvfh3rUJ2_sid_HV01NBzJEs0ZvfHwN5pP_1743175200_195800721_sentence_segment_close.wav",58.09992705142352,60.69511375109433,58.18637274549098,61.83366733466933
"/home/michaelbennie/OneDrive/Leite,Walter's files - Storiza Corpus Spring 2025/Processed_Utterances/annotated_sentence_segments/uid_eQ9VyOzVOCQWR7uTGBGzvfh3rUJ2_sid_HV01NBzJEs0ZvfHwN5pP_1743175200_195800722_sentence_segment_close.wav",63.039034448571805,70.71888357990858,62.99599198396793,70.77154308617234
"/home/michaelbennie/OneDrive/Leite,Walter's files - Storiza Corpus Spring 2025/Processed_Utterances/annotated_sentence_segments/uid_eQ9VyOzVOCQWR7uTGBGzvfh3rUJ2_sid_HV01NBzJEs0ZvfHwN5pP_1743175200_195800723_sentence_segment_close.wav",71.24013385136088,78.03294253860501,71.19238476953906,78.19639278557112
"/home/michaelbennie/OneDrive/Leite,Walter's files - Storiza Corpus Spring 2025/Processed_Utterances/annotated_sentence_segments/uid_eQ9VyOzVOCQWR7uTGBGzvfh3rUJ2_sid_HV01NBzJEs0ZvfHwN5pP_1743175200_195800724_sentence_segment_close.wav",78.37256813982961,82.87549527214284,78.39679358717434,82.91583166332664
"/home/michaelbennie/OneDrive/Leite,Walter's files - Storiza Corpus Spring 2025/Processed_Utterances/annotated_sentence_segments/uid_eQ9VyOzVOCQWR7uTGBGzvfh3rUJ2_sid_HV01NBzJEs0ZvfHwN5pP_1743175200_195800725_sentence_segment_close.wav",83.31879533199123,92.90095538959699,83.34624286844488,93.26653306613224
"/home/michaelbennie/OneDrive/Leite,Walter's files - Storiza Corpus Spring 2025/Processed_Utterances/annotated_sentence_segments/uid_EOwDjm2STZfXSXQJzWXadFRGRzn1_sid_BT0ppEZsJfwmB9AafQp3_1744070088_195800726_sentence_segment_close.wav",0.07452638177874187,1.7729788199566159,0.0663227708179809,1.7833456153279292
"/home/michaelbennie/OneDrive/Leite,Walter's files - Storiza Corpus Spring 2025/Processed_Utterances/annotated_sentence_segments/uid_EOwDjm2STZfXSXQJzWXadFRGRzn1_sid_BT0ppEZsJfwmB9AafQp3_1744070088_195800727_sentence_segment_close.wav",2.422412409970078,14.966410825752948,2.489210195681472,14.953664982587457
"/home/michaelbennie/OneDrive/Leite,Walter's files - Storiza Corpus Spring 2025/Processed_Utterances/annotated_sentence_segments/uid_EOwDjm2STZfXSXQJzWXadFRGRzn1_sid_BT0ppEZsJfwmB9AafQp3_1744070088_195800728_sentence_segment_close.wav",19.835585753513357,80.76545842533,19.84006127650749,80.80960368377629
"/home/michaelbennie/OneDrive/Leite,Walter's files - Storiza Corpus Spring 2025/Processed_Utterances/annotated_sentence_segments/uid_EOwDjm2STZfXSXQJzWXadFRGRzn1_sid_BT0ppEZsJfwmB9AafQp3_1744070088_195800729_sentence_segment_close.wav",83.88124938395646,140.60027476783898,83.92456822191403,140.5853491826871
"/home/michaelbennie/OneDrive/Leite,Walter's files - Storiza Corpus Spring 2025/Processed_Utterances/annotated_sentence_segments/uid_EOwDjm2STZfXSXQJzWXadFRGRzn1_sid_BT0ppEZsJfwmB9AafQp3_1744070088_195800730_sentence_segment_close.wav",151.69965852098176,202.1492658721097,142.8369056808636,201.9798763589535
"/home/michaelbennie/OneDrive/Leite,Walter's files - Storiza Corpus Spring 2025/Processed_Utterances/annotated_sentence_segments/uid_EOwDjm2STZfXSXQJzWXadFRGRzn1_sid_BT0ppEZsJfwmB9AafQp3_1744070088_195800731_sentence_segment_close.wav",205.91393422356524,258.58352423756344,205.5558992154202,258.70408750496057
"/home/michaelbennie/OneDrive/Leite,Walter's files - Storiza Corpus Spring 2025/Processed_Utterances/annotated_sentence_segments/uid_Sn3Nw7A3OmOkiMXEFjEyRusLuuo2_sid_jahJbC5m3GbG4KxKlns6_1743021753_195800732_sentence_segment_close.wav",0.7997418337862443,22.84857562626631,0.6890771216703024,23.45694033748713
"/home/michaelbennie/OneDrive/Leite,Walter's files - Storiza Corpus Spring 2025/Processed_Utterances/annotated_sentence_segments/uid_Sn3Nw7A3OmOkiMXEFjEyRusLuuo2_sid_jahJbC5m3GbG4KxKlns6_1743021753_195800733_sentence_segment_close.wav",34.04526051654297,72.89804167829581,33.117767820728055,73.78226610234039
"/home/michaelbennie/OneDrive/Leite,Walter's files - Storiza Corpus Spring 2025/Processed_Utterances/annotated_sentence_segments/uid_Sn3Nw7A3OmOkiMXEFjEyRusLuuo2_sid_jahJbC5m3GbG4KxKlns6_1743021753_195800734_sentence_segment_close.wav",83.98879863935298,110.09333834645754,82.99710194964742,111.43325861436068
"/home/michaelbennie/OneDrive/Leite,Walter's files - Storiza Corpus Spring 2025/Processed_Utterances/annotated_sentence_segments/uid_Sn3Nw7A3OmOkiMXEFjEyRusLuuo2_sid_jahJbC5m3GbG4KxKlns6_1743021753_195800735_sentence_segment_close.wav",119.37598477975722,146.82300052688674,118.68543279730768,147.94859178112895
"/home/michaelbennie/OneDrive/Leite,Walter's files - Storiza Corpus Spring 2025/Processed_Utterances/annotated_sentence_segments/uid_Sn3Nw7A3OmOkiMXEFjEyRusLuuo2_sid_jahJbC5m3GbG4KxKlns6_1743021753_195800736_sentence_segment_close.wav",148.42644821776275,164.6074526654158,148.11823069396056,165.5488949582367
"/home/michaelbennie/OneDrive/Leite,Walter's files - Storiza Corpus Spring 2025/Processed_Utterances/annotated_sentence_segments/uid_Sn3Nw7A3OmOkiMXEFjEyRusLuuo2_sid_jahJbC5m3GbG4KxKlns6_1743021753_195800737_sentence_segment_close.wav",166.54059748525876,201.143155228139,166.18505058831977,202.00061256199663
"/home/michaelbennie/OneDrive/Leite,Walter's files - Storiza Corpus Spring 2025/Processed_Utterances/annotated_sentence_segments/uid_Sn3Nw7A3OmOkiMXEFjEyRusLuuo2_sid_jahJbC5m3GbG4KxKlns6_1743021753_195800738_sentence_segment_close.wav",215.1725961522929,278.292142228665,214.16192238582656,278.50297430514587
"/home/michaelbennie/OneDrive/Leite,Walter's files - Storiza Corpus Spring 2025/Processed_Utterances/annotated_sentence_segments/uid_mHWscHBXcoabM7fdw88AliGuPWw1_sid_Hj3V7pDbdwHsMCjmjYgr_1742934325_195800739_sentence_segment_close.wav",4.223739783504988,12.534543758709514,4.378432854229653,12.53298059846681
"/home/michaelbennie/OneDrive/Leite,Walter's files - Storiza Corpus Spring 2025/Processed_Utterances/annotated_sentence_segments/uid_mHWscHBXcoabM7fdw88AliGuPWw1_sid_Hj3V7pDbdwHsMCjmjYgr_1742934325_195800740_sentence_segment_close.wav",13.082370303658744,20.211508395752826,13.109503827427844,20.22617860416513
"/home/michaelbennie/OneDrive/Leite,Walter's files - Storiza Corpus Spring 2025/Processed_Utterances/annotated_sentence_segments/uid_mHWscHBXcoabM7fdw88AliGuPWw1_sid_Hj3V7pDbdwHsMCjmjYgr_1742934325_195800741_sentence_segment_close.wav",21.824539538003762,29.794710429750353,21.853436451416325,29.81669240628955
"/home/michaelbennie/OneDrive/Leite,Walter's files - Storiza Corpus Spring 2025/Processed_Utterances/annotated_sentence_segments/uid_mHWscHBXcoabM7fdw88AliGuPWw1_sid_Hj3V7pDbdwHsMCjmjYgr_1742934325_195800742_sentence_segment_close.wav",32.35813655466192,40.62748097524531,32.33215959045141,40.62602003442588
"/home/michaelbennie/OneDrive/Leite,Walter's files - Storiza Corpus Spring 2025/Processed_Utterances/annotated_sentence_segments/uid_mHWscHBXcoabM7fdw88AliGuPWw1_sid_Hj3V7pDbdwHsMCjmjYgr_1742934325_195800743_sentence_segment_close.wav",40.98325257167532,52.374621675002615,40.94225041530533,52.36966645163061
"/home/michaelbennie/OneDrive/Leite,Walter's files - Storiza Corpus Spring 2025/Processed_Utterances/annotated_sentence_segments/uid_mHWscHBXcoabM7fdw88AliGuPWw1_sid_Hj3V7pDbdwHsMCjmjYgr_1742934325_195800744_sentence_segment_close.wav",53.61032897379656,60.73254090140004,53.61063346764791,60.754565253878944
"/home/michaelbennie/OneDrive/Leite,Walter's files - Storiza Corpus Spring 2025/Processed_Utterances/annotated_sentence_segments/uid_mHWscHBXcoabM7fdw88AliGuPWw1_sid_Hj3V7pDbdwHsMCjmjYgr_1742934325_195800745_sentence_segment_close.wav",61.25267828949067,76.3671704455534,61.27049970611579,76.11245021912156
"/home/michaelbennie/OneDrive/Leite,Walter's files - Storiza Corpus Spring 2025/Processed_Utterances/annotated_sentence_segments/uid_mHWscHBXcoabM7fdw88AliGuPWw1_sid_GNCkhRs1OBBcGhuYDepv_1741215543_195800746_sentence_segment_close.wav",2.8930486029009437,8.00985772259534,2.9097605893186005,8.222836095764272
"/home/michaelbennie/OneDrive/Leite,Walter's files - Storiza Corpus Spring 2025/Processed_Utterances/annotated_sentence_segments/uid_mHWscHBXcoabM7fdw88AliGuPWw1_sid_GNCkhRs1OBBcGhuYDepv_1741215543_195800747_sentence_segment_close.wav",10.97689953422319,14.25338939839976,10.911602209944752,14.060773480662984
"/home/michaelbennie/OneDrive/Leite,Walter's files - Storiza Corpus Spring 2025/Processed_Utterances/annotated_sentence_segments/uid_mHWscHBXcoabM7fdw88AliGuPWw1_sid_GNCkhRs1OBBcGhuYDepv_1741215543_195800748_sentence_segment_close.wav",17.858845114260067,26.08949495664192,17.771639042357275,26.06813996316759
"/home/michaelbennie/OneDrive/Leite,Walter's files - Storiza Corpus Spring 2025/Processed_Utterances/annotated_sentence_segments/uid_mHWscHBXcoabM7fdw88AliGuPWw1_sid_GNCkhRs1OBBcGhuYDepv_1741215543_195800749_sentence_segment_close.wav",27.540936082499293,30.994494865181803,27.550644567219155,31.03130755064457
"/home/michaelbennie/OneDrive/Leite,Walter's files - Storiza Corpus Spring 2025/Processed_Utterances/annotated_sentence_segments/uid_mHWscHBXcoabM7fdw88AliGuPWw1_sid_GNCkhRs1OBBcGhuYDepv_1741215543_195800750_sentence_segment_close.wav",32.66201986342304,36.962360137616585,32.605893186003684,36.82320441988951
"/home/michaelbennie/OneDrive/Leite,Walter's files - Storiza Corpus Spring 2025/Processed_Utterances/annotated_sentence_segments/uid_mHWscHBXcoabM7fdw88AliGuPWw1_sid_GNCkhRs1OBBcGhuYDepv_1741215543_195800751_sentence_segment_close.wav",38.011849860136884,41.91402292859737,37.89134438305709,42.1731123388582
"/home/michaelbennie/OneDrive/Leite,Walter's files - Storiza Corpus Spring 2025/Processed_Utterances/annotated_sentence_segments/uid_mHWscHBXcoabM7fdw88AliGuPWw1_sid_GNCkhRs1OBBcGhuYDepv_1741215543_195800752_sentence_segment_close.wav",43.72306140869439,50.48448454367898,43.12154696132597,50.957642725598525
"/home/michaelbennie/OneDrive/Leite,Walter's files - Storiza Corpus Spring 2025/Processed_Utterances/annotated_sentence_segments/uid_mHWscHBXcoabM7fdw88AliGuPWw1_sid_GNCkhRs1OBBcGhuYDepv_1741215543_195800753_sentence_segment_close.wav",52.35874955340544,59.99501812862606,52.37569060773481,60.66
"/home/michaelbennie/OneDrive/Leite,Walter's files - Storiza Corpus Spring 2025/Processed_Utterances/annotated_sentence_segments/uid_TzE1wYChYkTUAVNeVtZjXuO8cBi2_sid_H5RzM2yspgUR17MCwOIA_1743434512_195800754_sentence_segment_close.wav",0.7591693684210525,2.000032157894737,0.7270693512304252,2.0405592910574937
"/home/michaelbennie/OneDrive/Leite,Walter's files - Storiza Corpus Spring 2025/Processed_Utterances/annotated_sentence_segments/uid_TzE1wYChYkTUAVNeVtZjXuO8cBi2_sid_H5RzM2yspgUR17MCwOIA_1743434512_195800755_sentence_segment_close.wav",2.051942857230211,3.5975942816784285,2.05187719084651,3.603689046999742
"/home/michaelbennie/OneDrive/Leite,Walter's files - Storiza Corpus Spring 2025/Processed_Utterances/annotated_sentence_segments/uid_TzE1wYChYkTUAVNeVtZjXuO8cBi2_sid_H5RzM2yspgUR17MCwOIA_1743434512_195800756_sentence_segment_close.wav",3.73296620322569,6.208972386536817,3.6102649307299344,6.102917247190414
"/home/michaelbennie/OneDrive/Leite,Walter's files - Storiza Corpus Spring 2025/Processed_Utterances/annotated_sentence_segments/uid_TzE1wYChYkTUAVNeVtZjXuO8cBi2_sid_H5RzM2yspgUR17MCwOIA_1743434512_195800757_sentence_segment_close.wav",6.098847675079016,7.807140713279355,6.114861439934703,7.610126796430728
"/home/michaelbennie/OneDrive/Leite,Walter's files - Storiza Corpus Spring 2025/Processed_Utterances/annotated_sentence_segments/uid_TzE1wYChYkTUAVNeVtZjXuO8cBi2_sid_H5RzM2yspgUR17MCwOIA_1743434512_195800758_sentence_segment_close.wav",7.84017902904203,9.734549125816223,7.835165464525901,9.65522987510287
"/home/michaelbennie/OneDrive/Leite,Walter's files - Storiza Corpus Spring 2025/Processed_Utterances/annotated_sentence_segments/uid_TzE1wYChYkTUAVNeVtZjXuO8cBi2_sid_H5RzM2yspgUR17MCwOIA_1743434512_195800759_sentence_segment_close.wav",9.6838424552589,11.390557178518662,9.699830095326812,11.35903327580558
"/home/michaelbennie/OneDrive/Leite,Walter's files - Storiza Corpus Spring 2025/Processed_Utterances/annotated_sentence_segments/uid_TzE1wYChYkTUAVNeVtZjXuO8cBi2_sid_H5RzM2yspgUR17MCwOIA_1743434512_195800760_sentence_segment_close.wav",11.390260811823337,12.718887653928599,11.392758855965951,12.707943660685752
"/home/michaelbennie/OneDrive/Leite,Walter's files - Storiza Corpus Spring 2025/Processed_Utterances/annotated_sentence_segments/uid_TzE1wYChYkTUAVNeVtZjXuO8cBi2_sid_H5RzM2yspgUR17MCwOIA_1743434512_195800761_sentence_segment_close.wav",13.052047344121634,18.420024108550884,13.737343459616504,18.259109685634133
"/home/michaelbennie/OneDrive/Leite,Walter's files - Storiza Corpus Spring 2025/Processed_Utterances/annotated_sentence_segments/uid_TzE1wYChYkTUAVNeVtZjXuO8cBi2_sid_H5RzM2yspgUR17MCwOIA_1743434512_195800762_sentence_segment_close.wav",18.414377751010985,20.060766535889474,18.311055943630247,20.036661315133184
"/home/michaelbennie/OneDrive/Leite,Walter's files - Storiza Corpus Spring 2025/Processed_Utterances/annotated_sentence_segments/uid_TzE1wYChYkTUAVNeVtZjXuO8cBi2_sid_H5RzM2yspgUR17MCwOIA_1743434512_195800763_sentence_segment_close.wav",20.04491375119531,21.639575433708043,20.04417200586424,21.674213350080027
"/home/michaelbennie/OneDrive/Leite,Walter's files - Storiza Corpus Spring 2025/Processed_Utterances/annotated_sentence_segments/uid_TzE1wYChYkTUAVNeVtZjXuO8cBi2_sid_H5RzM2yspgUR17MCwOIA_1743434512_195800764_sentence_segment_close.wav",21.633626590861727,22.845640826685308,21.67811793919656,23.054693776093583
"/home/michaelbennie/OneDrive/Leite,Walter's files - Storiza Corpus Spring 2025/Processed_Utterances/annotated_sentence_segments/uid_xxUUDYlSFESUIRvPTLDLReqO44G3_sid_VsltCokjaMn039uJvqj8_1741140616_195800765_sentence_segment_close.wav",3.1198332128241644,6.6704649634992315,3.0931796349663783,6.6570605187319885
"/home/michaelbennie/OneDrive/Leite,Walter's files - Storiza Corpus Spring 2025/Processed_Utterances/annotated_sentence_segments/uid_xxUUDYlSFESUIRvPTLDLReqO44G3_sid_VsltCokjaMn039uJvqj8_1741140616_195800766_sentence_segment_close.wav",7.020892761980048,11.083616077130475,6.983669548511047,11.143131604226706
"/home/michaelbennie/OneDrive/Leite,Walter's files - Storiza Corpus Spring 2025/Processed_Utterances/annotated_sentence_segments/uid_xxUUDYlSFESUIRvPTLDLReqO44G3_sid_VsltCokjaMn039uJvqj8_1741140616_195800767_sentence_segment_close.wav",11.545047847148128,14.034225808417967,11.508165225744476,14.25552353506244
"/home/michaelbennie/OneDrive/Leite,Walter's files - Storiza Corpus Spring 2025/Processed_Utterances/annotated_sentence_segments/uid_xxUUDYlSFESUIRvPTLDLReqO44G3_sid_VsltCokjaMn039uJvqj8_1741140616_195800768_sentence_segment_close.wav",14.341423175019449,22.320600610643808,14.322766570605188,22.420749279538907
"/home/michaelbennie/OneDrive/Leite,Walter's files - Storiza Corpus Spring 2025/Processed_Utterances/annotated_sentence_segments/uid_xxUUDYlSFESUIRvPTLDLReqO44G3_sid_VsltCokjaMn039uJvqj8_1741140616_195800769_sentence_segment_close.wav",22.89107118797043,33.29347116077922,22.853025936599423,33.3045148895293
"/home/michaelbennie/OneDrive/Leite,Walter's files - Storiza Corpus Spring 2025/Processed_Utterances/annotated_sentence_segments/uid_xxUUDYlSFESUIRvPTLDLReqO44G3_sid_VsltCokjaMn039uJvqj8_1741140616_195800770_sentence_segment_close.wav",33.712470091238835,42.458968270140716,33.65033621517772,42.35350624399616
"/home/michaelbennie/OneDrive/Leite,Walter's files - Storiza Corpus Spring 2025/Processed_Utterances/annotated_sentence_segments/uid_xxUUDYlSFESUIRvPTLDLReqO44G3_sid_VsltCokjaMn039uJvqj8_1741140616_195800771_sentence_segment_close.wav",42.5236527312676,46.184232312761665,42.49759846301633,46.14793467819404
"/home/michaelbennie/OneDrive/Leite,Walter's files - Storiza Corpus Spring 2025/Processed_Utterances/annotated_sentence_segments/uid_xxUUDYlSFESUIRvPTLDLReqO44G3_sid_VsltCokjaMn039uJvqj8_1741140616_195800772_sentence_segment_close.wav",46.25108097542359,52.64363530479541,46.22478386167147,52.15177713736792
"/home/michaelbennie/OneDrive/Leite,Walter's files - Storiza Corpus Spring 2025/Processed_Utterances/annotated_sentence_segments/uid_xxUUDYlSFESUIRvPTLDLReqO44G3_sid_VsltCokjaMn039uJvqj8_1741140616_195800773_sentence_segment_close.wav",52.649695678499576,57.61869737463762,52.62247838616715,57.636887608069166
"/home/michaelbennie/OneDrive/Leite,Walter's files - Storiza Corpus Spring 2025/Processed_Utterances/annotated_sentence_segments/uid_xxUUDYlSFESUIRvPTLDLReqO44G3_sid_VsltCokjaMn039uJvqj8_1741140616_195800774_sentence_segment_close.wav",58.37277279928542,67.63666659277422,58.30931796349664,67.65609990393853
"/home/michaelbennie/OneDrive/Leite,Walter's files - Storiza Corpus Spring 2025/Processed_Utterances/annotated_sentence_segments/uid_u2hytH2KWIS6ewdShfEZisygqIo2_sid_7gHtFIAwRchFQFW7mtNr_1741140338_195800775_sentence_segment_close.wav",2.258439327910602,17.906219810649354,2.1311475409836067,17.994214079074254
"/home/michaelbennie/OneDrive/Leite,Walter's files - Storiza Corpus Spring 2025/Processed_Utterances/annotated_sentence_segments/uid_u2hytH2KWIS6ewdShfEZisygqIo2_sid_7gHtFIAwRchFQFW7mtNr_1741140338_195800776_sentence_segment_close.wav",20.254480934908532,25.78414690942334,20.18322082931533,26.808100289296046
"/home/michaelbennie/OneDrive/Leite,Walter's files - Storiza Corpus Spring 2025/Processed_Utterances/annotated_sentence_segments/uid_u2hytH2KWIS6ewdShfEZisygqIo2_sid_7gHtFIAwRchFQFW7mtNr_1741140338_195800777_sentence_segment_close.wav",27.983181040090482,34.025420459815116,27.987688470657552,34.02788986448704
"/home/michaelbennie/OneDrive/Leite,Walter's files - Storiza Corpus Spring 2025/Processed_Utterances/annotated_sentence_segments/uid_u2hytH2KWIS6ewdShfEZisygqIo2_sid_7gHtFIAwRchFQFW7mtNr_1741140338_195800778_sentence_segment_close.wav",35.52425995586066,42.155477728356416,35.49662487945998,42.227579556412735
"/home/michaelbennie/OneDrive/Leite,Walter's files - Storiza Corpus Spring 2025/Processed_Utterances/annotated_sentence_segments/uid_u2hytH2KWIS6ewdShfEZisygqIo2_sid_7gHtFIAwRchFQFW7mtNr_1741140338_195800779_sentence_segment_close.wav",43.19117888457933,47.48424230723104,43.18225650916104,47.521697203471554
"/home/michaelbennie/OneDrive/Leite,Walter's files - Storiza Corpus Spring 2025/Processed_Utterances/annotated_sentence_segments/uid_u2hytH2KWIS6ewdShfEZisygqIo2_sid_7gHtFIAwRchFQFW7mtNr_1741140338_195800780_sentence_segment_close.wav",49.48004878416133,55.823229679311325,49.40212150433945,55.86306653809065
"/home/michaelbennie/OneDrive/Leite,Walter's files - Storiza Corpus Spring 2025/Processed_Utterances/annotated_sentence_segments/uid_u2hytH2KWIS6ewdShfEZisygqIo2_sid_7gHtFIAwRchFQFW7mtNr_1741140338_195800781_sentence_segment_close.wav",57.70654223629855,61.61016509623064,57.560270009643205,61.66827386692382
"/home/michaelbennie/OneDrive/Leite,Walter's files - Storiza Corpus Spring 2025/Processed_Utterances/annotated_sentence_segments/uid_u2hytH2KWIS6ewdShfEZisygqIo2_sid_7gHtFIAwRchFQFW7mtNr_1741140338_195800782_sentence_segment_close.wav",62.22103360437088,67.90137097618752,62.16972034715526,68.03278688524591
"/home/michaelbennie/OneDrive/Leite,Walter's files - Storiza Corpus Spring 2025/Processed_Utterances/annotated_sentence_segments/uid_u2hytH2KWIS6ewdShfEZisygqIo2_sid_7gHtFIAwRchFQFW7mtNr_1741140338_195800783_sentence_segment_close.wav",68.69447412857227,74.14142527528695,68.66923818707812,74.05014464802315
"/home/michaelbennie/OneDrive/Leite,Walter's files - Storiza Corpus Spring 2025/Processed_Utterances/annotated_sentence_segments/uid_HGLxgWVfJZWhAsqMf761d40h3eQ2_sid_47cHlZfBa04U3mwKopa8_1741315638_195800784_sentence_segment_close.wav",0.4617484584040747,8.936932366723259,0.0,9.686924493554327
"/home/michaelbennie/OneDrive/Leite,Walter's files - Storiza Corpus Spring 2025/Processed_Utterances/annotated_sentence_segments/uid_HGLxgWVfJZWhAsqMf761d40h3eQ2_sid_47cHlZfBa04U3mwKopa8_1741315638_195800785_sentence_segment_close.wav",9.990871826033997,32.741154907528056,9.92360722501532,33.30396894712212
"/home/michaelbennie/OneDrive/Leite,Walter's files - Storiza Corpus Spring 2025/Processed_Utterances/annotated_sentence_segments/uid_HGLxgWVfJZWhAsqMf761d40h3eQ2_sid_47cHlZfBa04U3mwKopa8_1741315638_195800786_sentence_segment_close.wav",34.27202690335315,51.47355664279514,33.94869973598944,51.97284288792295
"/home/michaelbennie/OneDrive/Leite,Walter's files - Storiza Corpus Spring 2025/Processed_Utterances/annotated_sentence_segments/uid_HGLxgWVfJZWhAsqMf761d40h3eQ2_sid_47cHlZfBa04U3mwKopa8_1741315638_195800787_sentence_segment_close.wav",55.38360121479015,72.47426524767098,55.04146941020553,72.93640723488504
"/home/michaelbennie/OneDrive/Leite,Walter's files - Storiza Corpus Spring 2025/Processed_Utterances/annotated_sentence_segments/uid_HGLxgWVfJZWhAsqMf761d40h3eQ2_sid_47cHlZfBa04U3mwKopa8_1741315638_195800788_sentence_segment_close.wav",73.89370170605655,94.0973110326299,73.35632454846055,94.57829954993063
"/home/michaelbennie/OneDrive/Leite,Walter's files - Storiza Corpus Spring 2025/Processed_Utterances/annotated_sentence_segments/uid_HGLxgWVfJZWhAsqMf761d40h3eQ2_sid_47cHlZfBa04U3mwKopa8_1741315638_195800789_sentence_segment_close.wav",104.43301122892126,123.44375026262063,103.95700538387666,124.586236804673
"/home/michaelbennie/OneDrive/Leite,Walter's files - Storiza Corpus Spring 2025/Processed_Utterances/annotated_sentence_segments/uid_HGLxgWVfJZWhAsqMf761d40h3eQ2_sid_47cHlZfBa04U3mwKopa8_1741315638_195800790_sentence_segment_close.wav",125.10641760621472,172.92511827476847,124.97834715415316,175.23065759637188
"/home/michaelbennie/OneDrive/Leite,Walter's files - Storiza Corpus Spring 2025/Processed_Utterances/annotated_sentence_segments/uid_8AhIEcEU81Sn83Fyb0gnFvpiNij2_sid_BvRzBwK6rCwMM0GIyHlY_1743120197_195800791_sentence_segment_close.wav",1.730906602093185,22.015503063219594,1.791242973529438,22.0280237101894
"/home/michaelbennie/OneDrive/Leite,Walter's files - Storiza Corpus Spring 2025/Processed_Utterances/annotated_sentence_segments/uid_8AhIEcEU81Sn83Fyb0gnFvpiNij2_sid_BvRzBwK6rCwMM0GIyHlY_1743120197_195800792_sentence_segment_close.wav",24.43495506974219,47.37424532810428,24.418067136948284,47.37510105100634
"/home/michaelbennie/OneDrive/Leite,Walter's files - Storiza Corpus Spring 2025/Processed_Utterances/annotated_sentence_segments/uid_8AhIEcEU81Sn83Fyb0gnFvpiNij2_sid_BvRzBwK6rCwMM0GIyHlY_1743120197_195800793_sentence_segment_close.wav",48.552794469990765,52.02213156444257,48.54682244282608,52.19217376377292
"/home/michaelbennie/OneDrive/Leite,Walter's files - Storiza Corpus Spring 2025/Processed_Utterances/annotated_sentence_segments/uid_8AhIEcEU81Sn83Fyb0gnFvpiNij2_sid_BvRzBwK6rCwMM0GIyHlY_1743120197_195800794_sentence_segment_close.wav",53.672775837293194,82.82818183129024,53.6532056622906,82.79247922719344
"/home/michaelbennie/OneDrive/Leite,Walter's files - Storiza Corpus Spring 2025/Processed_Utterances/annotated_sentence_segments/uid_8AhIEcEU81Sn83Fyb0gnFvpiNij2_sid_BvRzBwK6rCwMM0GIyHlY_1743120197_195800795_sentence_segment_close.wav",86.25880268428713,111.5533020168652,86.33294119332523,111.50582152734157
"/home/michaelbennie/OneDrive/Leite,Walter's files - Storiza Corpus Spring 2025/Processed_Utterances/annotated_sentence_segments/uid_8AhIEcEU81Sn83Fyb0gnFvpiNij2_sid_BvRzBwK6rCwMM0GIyHlY_1743120197_195800796_sentence_segment_close.wav",118.20110661879676,131.27467700516414,118.21988657756982,131.1885343734303
"/home/michaelbennie/OneDrive/Leite,Walter's files - Storiza Corpus Spring 2025/Processed_Utterances/annotated_sentence_segments/uid_8AhIEcEU81Sn83Fyb0gnFvpiNij2_sid_BvRzBwK6rCwMM0GIyHlY_1743120197_195800797_sentence_segment_close.wav",133.49996690068923,140.50650616573995,133.52208630360582,140.45568600418477
"/home/michaelbennie/OneDrive/Leite,Walter's files - Storiza Corpus Spring 2025/Processed_Utterances/annotated_sentence_segments/uid_8AhIEcEU81Sn83Fyb0gnFvpiNij2_sid_BvRzBwK6rCwMM0GIyHlY_1743120197_195800798_sentence_segment_close.wav",156.5424444509208,171.76802631888984,156.49684565369873,171.78062552194626
"/home/michaelbennie/OneDrive/Leite,Walter's files - Storiza Corpus Spring 2025/Processed_Utterances/annotated_sentence_segments/uid_8AhIEcEU81Sn83Fyb0gnFvpiNij2_sid_BvRzBwK6rCwMM0GIyHlY_1743120197_195800799_sentence_segment_close.wav",174.22382149410953,184.73610101864116,174.30645234532628,184.7414048429287
"/home/michaelbennie/OneDrive/Leite,Walter's files - Storiza Corpus Spring 2025/Processed_Utterances/annotated_sentence_segments/uid_8AhIEcEU81Sn83Fyb0gnFvpiNij2_sid_BvRzBwK6rCwMM0GIyHlY_1743120197_195800800_sentence_segment_close.wav",188.15178626483328,193.13907292007158,187.9396847078777,193.13505300647216
"/home/michaelbennie/OneDrive/Leite,Walter's files - Storiza Corpus Spring 2025/Processed_Utterances/annotated_sentence_segments/uid_UHGZEyBQklbC0GB3JZMa5l8yuGT2_sid_sFplzUQKmShQqkvIAsGY_1742390340_195800801_sentence_segment_close.wav",0.5758988970190728,13.87059658122446,0.6389603268576809,13.835769975310752
"/home/michaelbennie/OneDrive/Leite,Walter's files - Storiza Corpus Spring 2025/Processed_Utterances/annotated_sentence_segments/uid_UHGZEyBQklbC0GB3JZMa5l8yuGT2_sid_sFplzUQKmShQqkvIAsGY_1742390340_195800802_sentence_segment_close.wav",17.264263900851283,36.219938561594226,17.315252775971924,36.19903429083886
"/home/michaelbennie/OneDrive/Leite,Walter's files - Storiza Corpus Spring 2025/Processed_Utterances/annotated_sentence_segments/uid_UHGZEyBQklbC0GB3JZMa5l8yuGT2_sid_sFplzUQKmShQqkvIAsGY_1742390340_195800803_sentence_segment_close.wav",37.793239440011035,53.85559291890288,37.86175769144287,53.84601257162627
"/home/michaelbennie/OneDrive/Leite,Walter's files - Storiza Corpus Spring 2025/Processed_Utterances/annotated_sentence_segments/uid_UHGZEyBQklbC0GB3JZMa5l8yuGT2_sid_sFplzUQKmShQqkvIAsGY_1742390340_195800804_sentence_segment_close.wav",55.98680763149213,92.91176522511667,55.956105031006345,92.91828410241352
"/home/michaelbennie/OneDrive/Leite,Walter's files - Storiza Corpus Spring 2025/Processed_Utterances/annotated_sentence_segments/uid_UHGZEyBQklbC0GB3JZMa5l8yuGT2_sid_sFplzUQKmShQqkvIAsGY_1742390340_195800805_sentence_segment_close.wav",93.78974338522026,108.74780716877149,93.84812771136444,109.11494267336911
"/home/michaelbennie/OneDrive/Leite,Walter's files - Storiza Corpus Spring 2025/Processed_Utterances/annotated_sentence_segments/uid_lEq1lXM2xafR8w5blWO2OCG8VE93_sid_IUaRaIbPMGQVAMNgJG53_1743463980_195800806_sentence_segment_close.wav",1.7459436826079622,9.214145228062506,1.8472121371534167,9.282731665524825
"/home/michaelbennie/OneDrive/Leite,Walter's files - Storiza Corpus Spring 2025/Processed_Utterances/annotated_sentence_segments/uid_lEq1lXM2xafR8w5blWO2OCG8VE93_sid_IUaRaIbPMGQVAMNgJG53_1743463980_195800807_sentence_segment_close.wav",11.997307031571719,20.57209936965802,12.043724200614868,20.525669668558866
"/home/michaelbennie/OneDrive/Leite,Walter's files - Storiza Corpus Spring 2025/Processed_Utterances/annotated_sentence_segments/uid_lEq1lXM2xafR8w5blWO2OCG8VE93_sid_IUaRaIbPMGQVAMNgJG53_1743463980_195800808_sentence_segment_close.wav",23.35064580041315,33.696610147669524,23.4070247012021,33.849176506655304
"/home/michaelbennie/OneDrive/Leite,Walter's files - Storiza Corpus Spring 2025/Processed_Utterances/annotated_sentence_segments/uid_lEq1lXM2xafR8w5blWO2OCG8VE93_sid_IUaRaIbPMGQVAMNgJG53_1743463980_195800809_sentence_segment_close.wav",34.637473619027375,50.0790886887805,34.68286907987159,50.187509162991454
"/home/michaelbennie/OneDrive/Leite,Walter's files - Storiza Corpus Spring 2025/Processed_Utterances/annotated_sentence_segments/uid_lEq1lXM2xafR8w5blWO2OCG8VE93_sid_IUaRaIbPMGQVAMNgJG53_1743463980_195800810_sentence_segment_close.wav",52.22155191571007,60.94490815004062,52.23631955831706,60.96476438171436
"/home/michaelbennie/OneDrive/Leite,Walter's files - Storiza Corpus Spring 2025/Processed_Utterances/annotated_sentence_segments/uid_lEq1lXM2xafR8w5blWO2OCG8VE93_sid_IUaRaIbPMGQVAMNgJG53_1743463980_195800811_sentence_segment_close.wav",63.271224083489784,78.09332559589197,63.31166121928584,78.3880659142448
"/home/michaelbennie/OneDrive/Leite,Walter's files - Storiza Corpus Spring 2025/Processed_Utterances/annotated_sentence_segments/uid_lEq1lXM2xafR8w5blWO2OCG8VE93_sid_IUaRaIbPMGQVAMNgJG53_1743463980_195800812_sentence_segment_close.wav",81.14825347377877,87.59057191417537,80.74336054912979,87.74626866140814
"/home/michaelbennie/OneDrive/Leite,Walter's files - Storiza Corpus Spring 2025/Processed_Utterances/annotated_sentence_segments/uid_lEq1lXM2xafR8w5blWO2OCG8VE93_sid_IUaRaIbPMGQVAMNgJG53_1743463980_195800813_sentence_segment_close.wav",89.21268566595408,102.96227258578877,89.21411449660964,102.91764691775865
"/home/michaelbennie/OneDrive/Leite,Walter's files - Storiza Corpus Spring 2025/Processed_Utterances/annotated_sentence_segments/uid_TuMLdL1f2yNIrFrzMedBpwdsxCA3_sid_aaD4ZH0h0HtNH5853KT9_1742470924_195800814_sentence_segment_close.wav",0.697423921149267,22.9717213913389,0.6713426853707415,23.126252505010022
"/home/michaelbennie/OneDrive/Leite,Walter's files - Storiza Corpus Spring 2025/Processed_Utterances/annotated_sentence_segments/uid_TuMLdL1f2yNIrFrzMedBpwdsxCA3_sid_aaD4ZH0h0HtNH5853KT9_1742470924_195800815_sentence_segment_close.wav",25.293621800037755,72.69340695540164,25.27054108216433,72.81563126252505
"/home/michaelbennie/OneDrive/Leite,Walter's files - Storiza Corpus Spring 2025/Processed_Utterances/annotated_sentence_segments/uid_TuMLdL1f2yNIrFrzMedBpwdsxCA3_sid_aaD4ZH0h0HtNH5853KT9_1742470924_195800816_sentence_segment_close.wav",75.7337332125102,119.32923991447666,75.68136272545091,119.38877755511022
"/home/michaelbennie/OneDrive/Leite,Walter's files - Storiza Corpus Spring 2025/Processed_Utterances/annotated_sentence_segments/uid_TuMLdL1f2yNIrFrzMedBpwdsxCA3_sid_aaD4ZH0h0HtNH5853KT9_1742470924_195800817_sentence_segment_close.wav",122.44489213209275,181.63790060758498,122.40480961923848,182.21997732426303
"/home/michaelbennie/OneDrive/Leite,Walter's files - Storiza Corpus Spring 2025/Processed_Utterances/annotated_sentence_segments/uid_ejZWulX03uRlAA3C5VqYK6jKNYs1_sid_MOPOHyNsaUnsUUfWTTX8_1741134023_195800818_sentence_segment_close.wav",0.6161491472202766,8.974968963141839,0.6284284712366404,8.990919976727136
"/home/michaelbennie/OneDrive/Leite,Walter's files - Storiza Corpus Spring 2025/Processed_Utterances/annotated_sentence_segments/uid_ejZWulX03uRlAA3C5VqYK6jKNYs1_sid_MOPOHyNsaUnsUUfWTTX8_1741134023_195800819_sentence_segment_close.wav",8.964244119373182,14.622179255251794,9.05775578405909,14.607568027921518
"/home/michaelbennie/OneDrive/Leite,Walter's files - Storiza Corpus Spring 2025/Processed_Utterances/annotated_sentence_segments/uid_ejZWulX03uRlAA3C5VqYK6jKNYs1_sid_MOPOHyNsaUnsUUfWTTX8_1741134023_195800820_sentence_segment_close.wav",14.604514052678818,23.333933196446335,14.690816058413596,23.21671511804725
"/home/michaelbennie/OneDrive/Leite,Walter's files - Storiza Corpus Spring 2025/Processed_Utterances/annotated_sentence_segments/uid_ejZWulX03uRlAA3C5VqYK6jKNYs1_sid_MOPOHyNsaUnsUUfWTTX8_1741134023_195800821_sentence_segment_close.wav",24.414831774638085,26.506161723378867,24.44594132680952,26.421392530811968
"/home/michaelbennie/OneDrive/Leite,Walter's files - Storiza Corpus Spring 2025/Processed_Utterances/annotated_sentence_segments/uid_ejZWulX03uRlAA3C5VqYK6jKNYs1_sid_MOPOHyNsaUnsUUfWTTX8_1741134023_195800822_sentence_segment_close.wav",26.542385994717023,31.617813127763405,26.677742680625343,31.63942156568398
"/home/michaelbennie/OneDrive/Leite,Walter's files - Storiza Corpus Spring 2025/Processed_Utterances/annotated_sentence_segments/uid_ejZWulX03uRlAA3C5VqYK6jKNYs1_sid_MOPOHyNsaUnsUUfWTTX8_1741134023_195800823_sentence_segment_close.wav",32.67126094645219,37.20297745534469,32.718955718947946,37.23385905854485
"/home/michaelbennie/OneDrive/Leite,Walter's files - Storiza Corpus Spring 2025/Processed_Utterances/annotated_sentence_segments/uid_ejZWulX03uRlAA3C5VqYK6jKNYs1_sid_MOPOHyNsaUnsUUfWTTX8_1741134023_195800824_sentence_segment_close.wav",37.35032747290804,49.489519104370245,37.40662288942072,49.17362463930216
"/home/michaelbennie/OneDrive/Leite,Walter's files - Storiza Corpus Spring 2025/Processed_Utterances/annotated_sentence_segments/uid_ejZWulX03uRlAA3C5VqYK6jKNYs1_sid_MOPOHyNsaUnsUUfWTTX8_1741134023_195800825_sentence_segment_close.wav",49.52887932985054,54.99181965783083,49.5320536719558,54.991417356796994
"/home/michaelbennie/OneDrive/Leite,Walter's files - Storiza Corpus Spring 2025/Processed_Utterances/annotated_sentence_segments/uid_ejZWulX03uRlAA3C5VqYK6jKNYs1_sid_MOPOHyNsaUnsUUfWTTX8_1741134023_195800826_sentence_segment_close.wav",56.02570951932626,59.15929792779992,56.07414225447057,59.086204977141584
"/home/michaelbennie/OneDrive/Leite,Walter's files - Storiza Corpus Spring 2025/Processed_Utterances/annotated_sentence_segments/uid_ejZWulX03uRlAA3C5VqYK6jKNYs1_sid_MOPOHyNsaUnsUUfWTTX8_1741134023_195800827_sentence_segment_close.wav",59.14029735735845,64.39895748723254,59.15728259719297,64.39743892379491
"/home/michaelbennie/OneDrive/Leite,Walter's files - Storiza Corpus Spring 2025/Processed_Utterances/annotated_sentence_segments/uid_ejZWulX03uRlAA3C5VqYK6jKNYs1_sid_MOPOHyNsaUnsUUfWTTX8_1741134023_195800828_sentence_segment_close.wav",64.46341346338272,72.04883158066504,64.79743943920501,71.82250517049532
"/home/michaelbennie/OneDrive/Leite,Walter's files - Storiza Corpus Spring 2025/Processed_Utterances/annotated_sentence_segments/uid_ejZWulX03uRlAA3C5VqYK6jKNYs1_sid_MOPOHyNsaUnsUUfWTTX8_1741134023_195800829_sentence_segment_close.wav",72.73212977655629,80.77714676648483,72.80339740398263,80.77518873167858
"/home/michaelbennie/OneDrive/Leite,Walter's files - Storiza Corpus Spring 2025/Processed_Utterances/annotated_sentence_segments/uid_ejZWulX03uRlAA3C5VqYK6jKNYs1_sid_MOPOHyNsaUnsUUfWTTX8_1741134023_195800830_sentence_segment_close.wav",80.78130662551048,83.81759664286174,80.803331158189,83.84853132497149
"/home/michaelbennie/OneDrive/Leite,Walter's files - Storiza Corpus Spring 2025/Processed_Utterances/annotated_sentence_segments/uid_ejZWulX03uRlAA3C5VqYK6jKNYs1_sid_MOPOHyNsaUnsUUfWTTX8_1741134023_195800831_sentence_segment_close.wav",84.20574518219328,89.37477894450346,84.18470295671541,89.33134436014608
"/home/michaelbennie/OneDrive/Leite,Walter's files - Storiza Corpus Spring 2025/Processed_Utterances/annotated_sentence_segments/uid_ejZWulX03uRlAA3C5VqYK6jKNYs1_sid_MOPOHyNsaUnsUUfWTTX8_1741134023_195800832_sentence_segment_close.wav",89.33105004489623,95.8638996524906,89.36246966074039,95.85020330016924
"/home/michaelbennie/OneDrive/Leite,Walter's files - Storiza Corpus Spring 2025/Processed_Utterances/annotated_sentence_segments/uid_ejZWulX03uRlAA3C5VqYK6jKNYs1_sid_MOPOHyNsaUnsUUfWTTX8_1741134023_195800833_sentence_segment_close.wav",95.85336149540686,98.32218890280977,95.90147586174332,98.3308804303872
"/home/michaelbennie/OneDrive/Leite,Walter's files - Storiza Corpus Spring 2025/Processed_Utterances/annotated_sentence_segments/uid_ejZWulX03uRlAA3C5VqYK6jKNYs1_sid_MOPOHyNsaUnsUUfWTTX8_1741134023_195800834_sentence_segment_close.wav",99.61585489639157,107.59637206841626,99.63821468747038,107.58359106808558
"/home/michaelbennie/OneDrive/Leite,Walter's files - Storiza Corpus Spring 2025/Processed_Utterances/annotated_sentence_segments/uid_ejZWulX03uRlAA3C5VqYK6jKNYs1_sid_MOPOHyNsaUnsUUfWTTX8_1741134023_195800835_sentence_segment_close.wav",107.58800994005189,113.21067998859027,107.700830346469,113.26950200623708
"/home/michaelbennie/OneDrive/Leite,Walter's files - Storiza Corpus Spring 2025/Processed_Utterances/annotated_sentence_segments/uid_ejZWulX03uRlAA3C5VqYK6jKNYs1_sid_MOPOHyNsaUnsUUfWTTX8_1741134023_195800836_sentence_segment_close.wav",113.58957341069247,129.21404169991544,113.6432172332652,129.2445660357982
"/home/michaelbennie/OneDrive/Leite,Walter's files - Storiza Corpus Spring 2025/Processed_Utterances/annotated_sentence_segments/uid_ejZWulX03uRlAA3C5VqYK6jKNYs1_sid_MOPOHyNsaUnsUUfWTTX8_1741134023_195800837_sentence_segment_close.wav",131.16659523444136,141.09211194993028,131.18767309196397,141.19941996818255
"/home/michaelbennie/OneDrive/Leite,Walter's files - Storiza Corpus Spring 2025/Processed_Utterances/annotated_sentence_segments/uid_ukKF4sCANzgmD16fyjMyO7VwR2A2_sid_wa5NwUIJNWo3U9ToZEHp_1743039412_195800838_sentence_segment_close.wav",0.18041547070521693,6.540097003360763,0.1770833333333333,6.527867965367967
"/home/michaelbennie/OneDrive/Leite,Walter's files - Storiza Corpus Spring 2025/Processed_Utterances/annotated_sentence_segments/uid_ukKF4sCANzgmD16fyjMyO7VwR2A2_sid_wa5NwUIJNWo3U9ToZEHp_1743039412_195800839_sentence_segment_close.wav",6.467900704693744,12.425489425723526,6.5552487717309145,12.640628313320278
"/home/michaelbennie/OneDrive/Leite,Walter's files - Storiza Corpus Spring 2025/Processed_Utterances/annotated_sentence_segments/uid_ukKF4sCANzgmD16fyjMyO7VwR2A2_sid_wa5NwUIJNWo3U9ToZEHp_1743039412_195800840_sentence_segment_close.wav",12.697225247700068,18.384362017545214,12.65208853844568,18.38191997008385
"/home/michaelbennie/OneDrive/Leite,Walter's files - Storiza Corpus Spring 2025/Processed_Utterances/annotated_sentence_segments/uid_ukKF4sCANzgmD16fyjMyO7VwR2A2_sid_wa5NwUIJNWo3U9ToZEHp_1743039412_195800841_sentence_segment_close.wav",18.398929081463226,21.682987794996393,18.40512155139833,21.6942061623892
"/home/michaelbennie/OneDrive/Leite,Walter's files - Storiza Corpus Spring 2025/Processed_Utterances/annotated_sentence_segments/uid_ukKF4sCANzgmD16fyjMyO7VwR2A2_sid_wa5NwUIJNWo3U9ToZEHp_1743039412_195800842_sentence_segment_close.wav",21.684192795946384,25.24969237602559,21.69837351698025,25.487540678897822
"/home/michaelbennie/OneDrive/Leite,Walter's files - Storiza Corpus Spring 2025/Processed_Utterances/annotated_sentence_segments/uid_ukKF4sCANzgmD16fyjMyO7VwR2A2_sid_wa5NwUIJNWo3U9ToZEHp_1743039412_195800843_sentence_segment_close.wav",25.60303371247994,34.106696043734175,25.63652360552807,34.07124929782519
"/home/michaelbennie/OneDrive/Leite,Walter's files - Storiza Corpus Spring 2025/Processed_Utterances/annotated_sentence_segments/uid_ukKF4sCANzgmD16fyjMyO7VwR2A2_sid_wa5NwUIJNWo3U9ToZEHp_1743039412_195800844_sentence_segment_close.wav",34.10025284984196,41.729988570836284,34.11709019832681,41.80690125747269
"/home/michaelbennie/OneDrive/Leite,Walter's files - Storiza Corpus Spring 2025/Processed_Utterances/annotated_sentence_segments/uid_ukKF4sCANzgmD16fyjMyO7VwR2A2_sid_wa5NwUIJNWo3U9ToZEHp_1743039412_195800845_sentence_segment_close.wav",42.15519534861245,48.311630944385804,42.127787560984,48.28336718288697
"/home/michaelbennie/OneDrive/Leite,Walter's files - Storiza Corpus Spring 2025/Processed_Utterances/annotated_sentence_segments/uid_ukKF4sCANzgmD16fyjMyO7VwR2A2_sid_wa5NwUIJNWo3U9ToZEHp_1743039412_195800846_sentence_segment_close.wav",48.314408156450156,58.314317199180664,48.29686147394372,58.3270886382451
"/home/michaelbennie/OneDrive/Leite,Walter's files - Storiza Corpus Spring 2025/Processed_Utterances/annotated_sentence_segments/uid_ukKF4sCANzgmD16fyjMyO7VwR2A2_sid_wa5NwUIJNWo3U9ToZEHp_1743039412_195800847_sentence_segment_close.wav",58.80380043205809,64.03707015849297,58.47843637323456,64.04549291900065
"/home/michaelbennie/OneDrive/Leite,Walter's files - Storiza Corpus Spring 2025/Processed_Utterances/annotated_sentence_segments/uid_ukKF4sCANzgmD16fyjMyO7VwR2A2_sid_wa5NwUIJNWo3U9ToZEHp_1743039412_195800848_sentence_segment_close.wav",64.07357730874783,81.2132880009685,64.04812366555248,81.29701795626059
"/home/michaelbennie/OneDrive/Leite,Walter's files - Storiza Corpus Spring 2025/Processed_Utterances/annotated_sentence_segments/uid_ukKF4sCANzgmD16fyjMyO7VwR2A2_sid_wa5NwUIJNWo3U9ToZEHp_1743039412_195800849_sentence_segment_close.wav",81.39409368677644,83.98385010132691,81.32030222318205,84.2541198552854
"/home/michaelbennie/OneDrive/Leite,Walter's files - Storiza Corpus Spring 2025/Processed_Utterances/annotated_sentence_segments/uid_ukKF4sCANzgmD16fyjMyO7VwR2A2_sid_wa5NwUIJNWo3U9ToZEHp_1743039412_195800850_sentence_segment_close.wav",84.28283603258247,87.370393919934,84.28904625566757,87.64198069235711
"/home/michaelbennie/OneDrive/Leite,Walter's files - Storiza Corpus Spring 2025/Processed_Utterances/annotated_sentence_segments/uid_ukKF4sCANzgmD16fyjMyO7VwR2A2_sid_wa5NwUIJNWo3U9ToZEHp_1743039412_195800851_sentence_segment_close.wav",87.40082229632785,92.8736509437736,87.68854922620001,92.88094074968453
"/home/michaelbennie/OneDrive/Leite,Walter's files - Storiza Corpus Spring 2025/Processed_Utterances/annotated_sentence_segments/uid_ukKF4sCANzgmD16fyjMyO7VwR2A2_sid_wa5NwUIJNWo3U9ToZEHp_1743039412_195800852_sentence_segment_close.wav",92.95091784299828,100.24122577902646,92.92750928352744,100.26522849109324
"/home/michaelbennie/OneDrive/Leite,Walter's files - Storiza Corpus Spring 2025/Processed_Utterances/annotated_sentence_segments/uid_ukKF4sCANzgmD16fyjMyO7VwR2A2_sid_wa5NwUIJNWo3U9ToZEHp_1743039412_195800853_sentence_segment_close.wav",100.30217107918384,112.13501507099154,100.26734524263156,113.13825297135048
"/home/michaelbennie/OneDrive/Leite,Walter's files - Storiza Corpus Spring 2025/Processed_Utterances/annotated_sentence_segments/uid_ukKF4sCANzgmD16fyjMyO7VwR2A2_sid_wa5NwUIJNWo3U9ToZEHp_1743039412_195800854_sentence_segment_close.wav",113.5802753336324,120.36568119438675,113.58065404285811,120.78713465504848
"/home/michaelbennie/OneDrive/Leite,Walter's files - Storiza Corpus Spring 2025/Processed_Utterances/annotated_sentence_segments/uid_XmxSYUZAj4dRqSczt2clQkDf31M2_sid_135ioFGmlZXGRnNJTvze_1742782385_195800855_sentence_segment_close.wav",0.8752719398917121,18.874103542692517,0.7736063708759955,18.89997732426304
"/home/michaelbennie/OneDrive/Leite,Walter's files - Storiza Corpus Spring 2025/Processed_Utterances/annotated_sentence_segments/uid_Om0JhZ6RmTNQ5wDLPHKIC3LtY4g2_sid_L2IC15PYaEpzxUA1VByp_1741392791_195800856_sentence_segment_close.wav",1.4939306874220006,15.039270044653655,1.5327929255711117,15.018422991893884
"/home/michaelbennie/OneDrive/Leite,Walter's files - Storiza Corpus Spring 2025/Processed_Utterances/annotated_sentence_segments/uid_Om0JhZ6RmTNQ5wDLPHKIC3LtY4g2_sid_L2IC15PYaEpzxUA1VByp_1741392791_195800857_sentence_segment_close.wav",15.581694318673948,25.090961040535035,15.639891318740789,25.028247987863853
"/home/michaelbennie/OneDrive/Leite,Walter's files - Storiza Corpus Spring 2025/Processed_Utterances/annotated_sentence_segments/uid_Om0JhZ6RmTNQ5wDLPHKIC3LtY4g2_sid_L2IC15PYaEpzxUA1VByp_1741392791_195800858_sentence_segment_close.wav",27.631464793524113,37.033438081548226,27.826086956521745,36.9933677229182
"/home/michaelbennie/OneDrive/Leite,Walter's files - Storiza Corpus Spring 2025/Processed_Utterances/annotated_sentence_segments/uid_Om0JhZ6RmTNQ5wDLPHKIC3LtY4g2_sid_L2IC15PYaEpzxUA1VByp_1741392791_195800859_sentence_segment_close.wav",37.52998502580327,49.25185328091587,37.5677587208568,49.31466470154753
"/home/michaelbennie/OneDrive/Leite,Walter's files - Storiza Corpus Spring 2025/Processed_Utterances/annotated_sentence_segments/uid_Om0JhZ6RmTNQ5wDLPHKIC3LtY4g2_sid_L2IC15PYaEpzxUA1VByp_1741392791_195800860_sentence_segment_close.wav",51.914734076243754,63.65472168426693,51.92581795205416,63.60599481277635
"/home/michaelbennie/OneDrive/Leite,Walter's files - Storiza Corpus Spring 2025/Processed_Utterances/annotated_sentence_segments/uid_Om0JhZ6RmTNQ5wDLPHKIC3LtY4g2_sid_L2IC15PYaEpzxUA1VByp_1741392791_195800861_sentence_segment_close.wav",63.828864881742014,76.52884663266019,63.86409512622215,76.5659543109801
"/home/michaelbennie/OneDrive/Leite,Walter's files - Storiza Corpus Spring 2025/Processed_Utterances/annotated_sentence_segments/uid_Om0JhZ6RmTNQ5wDLPHKIC3LtY4g2_sid_L2IC15PYaEpzxUA1VByp_1741392791_195800862_sentence_segment_close.wav",79.5252647783349,92.29207869731282,79.53082540760869,92.25742820790347
"/home/michaelbennie/OneDrive/Leite,Walter's files - Storiza Corpus Spring 2025/Processed_Utterances/annotated_sentence_segments/uid_Om0JhZ6RmTNQ5wDLPHKIC3LtY4g2_sid_L2IC15PYaEpzxUA1VByp_1741392791_195800863_sentence_segment_close.wav",93.70328100226024,103.82677250494213,93.71462048636698,103.90621960206336
"/home/michaelbennie/OneDrive/Leite,Walter's files - Storiza Corpus Spring 2025/Processed_Utterances/annotated_sentence_segments/uid_mHWscHBXcoabM7fdw88AliGuPWw1_sid_wtOjDz6SPgLKw5e2qiBc_1741174257_195800864_sentence_segment_close.wav",1.7579618713044933,8.833394927092476,1.801462331406361,8.766332662372273
"/home/michaelbennie/OneDrive/Leite,Walter's files - Storiza Corpus Spring 2025/Processed_Utterances/annotated_sentence_segments/uid_mHWscHBXcoabM7fdw88AliGuPWw1_sid_wtOjDz6SPgLKw5e2qiBc_1741174257_195800865_sentence_segment_close.wav",9.21347694268473,19.66552065182662,9.298390613312913,19.68193318440673
"/home/michaelbennie/OneDrive/Leite,Walter's files - Storiza Corpus Spring 2025/Processed_Utterances/annotated_sentence_segments/uid_mHWscHBXcoabM7fdw88AliGuPWw1_sid_wtOjDz6SPgLKw5e2qiBc_1741174257_195800866_sentence_segment_close.wav",20.06352371626903,38.08948590462931,20.05660139583164,38.11431140492693
"/home/michaelbennie/OneDrive/Leite,Walter's files - Storiza Corpus Spring 2025/Processed_Utterances/annotated_sentence_segments/uid_mHWscHBXcoabM7fdw88AliGuPWw1_sid_wtOjDz6SPgLKw5e2qiBc_1741174257_195800867_sentence_segment_close.wav",39.69400593556507,48.45598880398612,39.739749760692405,48.45572041345897
"/home/michaelbennie/OneDrive/Leite,Walter's files - Storiza Corpus Spring 2025/Processed_Utterances/annotated_sentence_segments/uid_mHWscHBXcoabM7fdw88AliGuPWw1_sid_wtOjDz6SPgLKw5e2qiBc_1741174257_195800868_sentence_segment_close.wav",50.67395948104385,72.03957056500086,51.119302130449626,72.05606324159055
"/home/michaelbennie/OneDrive/Leite,Walter's files - Storiza Corpus Spring 2025/Processed_Utterances/annotated_sentence_segments/uid_mHWscHBXcoabM7fdw88AliGuPWw1_sid_wtOjDz6SPgLKw5e2qiBc_1741174257_195800869_sentence_segment_close.wav",72.70192082842598,84.5226433258793,72.74503043623584,84.46788242338523
"/home/michaelbennie/OneDrive/Leite,Walter's files - Storiza Corpus Spring 2025/Processed_Utterances/annotated_sentence_segments/uid_mHWscHBXcoabM7fdw88AliGuPWw1_sid_wtOjDz6SPgLKw5e2qiBc_1741174257_195800870_sentence_segment_close.wav",85.27388036786215,92.81398357921863,85.31322764448775,92.73089085145988
"/home/michaelbennie/OneDrive/Leite,Walter's files - Storiza Corpus Spring 2025/Processed_Utterances/annotated_sentence_segments/uid_mHWscHBXcoabM7fdw88AliGuPWw1_sid_wtOjDz6SPgLKw5e2qiBc_1741174257_195800871_sentence_segment_close.wav",94.24949000833439,97.72338037197076,94.26289363749731,97.6904252943946
"/home/michaelbennie/OneDrive/Leite,Walter's files - Storiza Corpus Spring 2025/Processed_Utterances/annotated_sentence_segments/uid_mHWscHBXcoabM7fdw88AliGuPWw1_sid_wtOjDz6SPgLKw5e2qiBc_1741174257_195800872_sentence_segment_close.wav",98.16887484293571,110.24818559901132,98.2010928897404,110.12821062510518
"/home/michaelbennie/OneDrive/Leite,Walter's files - Storiza Corpus Spring 2025/Processed_Utterances/annotated_sentence_segments/uid_mHWscHBXcoabM7fdw88AliGuPWw1_sid_xP4niRrD0ao43XC2XX2t_1742240559_195800873_sentence_segment_close.wav",1.6095877315468021,18.169529889915353,1.6305582606937827,18.138049919111552
"/home/michaelbennie/OneDrive/Leite,Walter's files - Storiza Corpus Spring 2025/Processed_Utterances/annotated_sentence_segments/uid_mHWscHBXcoabM7fdw88AliGuPWw1_sid_xP4niRrD0ao43XC2XX2t_1742240559_195800874_sentence_segment_close.wav",18.83864041609224,21.75090445165505,18.825841916336586,21.744043832327744
"/home/michaelbennie/OneDrive/Leite,Walter's files - Storiza Corpus Spring 2025/Processed_Utterances/annotated_sentence_segments/uid_mHWscHBXcoabM7fdw88AliGuPWw1_sid_xP4niRrD0ao43XC2XX2t_1742240559_195800875_sentence_segment_close.wav",23.21501816734178,34.54922786323101,23.19331799523305,34.54188100186533
"/home/michaelbennie/OneDrive/Leite,Walter's files - Storiza Corpus Spring 2025/Processed_Utterances/annotated_sentence_segments/uid_mHWscHBXcoabM7fdw88AliGuPWw1_sid_xP4niRrD0ao43XC2XX2t_1742240559_195800876_sentence_segment_close.wav",38.25060083621904,57.04160823727431,38.26113779141191,56.58747039121187
"/home/michaelbennie/OneDrive/Leite,Walter's files - Storiza Corpus Spring 2025/Processed_Utterances/annotated_sentence_segments/uid_mHWscHBXcoabM7fdw88AliGuPWw1_sid_xP4niRrD0ao43XC2XX2t_1742240559_195800877_sentence_segment_close.wav",59.148770389262594,61.97009840777106,57.33609404451783,61.96901145945326
"/home/michaelbennie/OneDrive/Leite,Walter's files - Storiza Corpus Spring 2025/Processed_Utterances/annotated_sentence_segments/uid_mHWscHBXcoabM7fdw88AliGuPWw1_sid_xP4niRrD0ao43XC2XX2t_1742240559_195800878_sentence_segment_close.wav",62.47219236825713,70.68993783281175,62.47380048727328,72.50964929192564
"/home/michaelbennie/OneDrive/Leite,Walter's files - Storiza Corpus Spring 2025/Processed_Utterances/annotated_sentence_segments/uid_mHWscHBXcoabM7fdw88AliGuPWw1_sid_xP4niRrD0ao43XC2XX2t_1742240559_195800879_sentence_segment_close.wav",74.08485293741356,79.19016070963704,73.09999333925813,79.15743660753937
"/home/michaelbennie/OneDrive/Leite,Walter's files - Storiza Corpus Spring 2025/Processed_Utterances/annotated_sentence_segments/uid_mHWscHBXcoabM7fdw88AliGuPWw1_sid_xP4niRrD0ao43XC2XX2t_1742240559_195800880_sentence_segment_close.wav",80.36117462183684,85.68200041749522,80.37662540094341,85.47155120074775
"/home/michaelbennie/OneDrive/Leite,Walter's files - Storiza Corpus Spring 2025/Processed_Utterances/annotated_sentence_segments/uid_mHWscHBXcoabM7fdw88AliGuPWw1_sid_xP4niRrD0ao43XC2XX2t_1742240559_195800881_sentence_segment_close.wav",86.0515845914777,100.01846758244669,86.03622811558753,99.98631462537924
"/home/michaelbennie/OneDrive/Leite,Walter's files - Storiza Corpus Spring 2025/Processed_Utterances/annotated_sentence_segments/uid_mHWscHBXcoabM7fdw88AliGuPWw1_sid_xP4niRrD0ao43XC2XX2t_1742240559_195800882_sentence_segment_close.wav",101.89449114870683,108.49000538312536,101.87071338312536,108.48
"/home/michaelbennie/OneDrive/Leite,Walter's files - Storiza Corpus Spring 2025/Processed_Utterances/annotated_sentence_segments/uid_Gt0cspsUtRSvEXXHZKUWlVAfyVq2_sid_guX3M4m7zAWaX5Uuw8WL_1742607115_195800883_sentence_segment_close.wav",0.16913953312773305,9.764121851828268,0.1092896174863388,9.74841620541736
"/home/michaelbennie/OneDrive/Leite,Walter's files - Storiza Corpus Spring 2025/Processed_Utterances/annotated_sentence_segments/uid_Gt0cspsUtRSvEXXHZKUWlVAfyVq2_sid_guX3M4m7zAWaX5Uuw8WL_1742607115_195800884_sentence_segment_close.wav",9.874207309602689,14.631919500065463,9.809080216432449,14.83719916718167
"/home/michaelbennie/OneDrive/Leite,Walter's files - Storiza Corpus Spring 2025/Processed_Utterances/annotated_sentence_segments/uid_Gt0cspsUtRSvEXXHZKUWlVAfyVq2_sid_guX3M4m7zAWaX5Uuw8WL_1742607115_195800885_sentence_segment_close.wav",14.896138217680448,19.270476504505307,14.891264490934695,19.330917458718325
"/home/michaelbennie/OneDrive/Leite,Walter's files - Storiza Corpus Spring 2025/Processed_Utterances/annotated_sentence_segments/uid_Gt0cspsUtRSvEXXHZKUWlVAfyVq2_sid_guX3M4m7zAWaX5Uuw8WL_1742607115_195800886_sentence_segment_close.wav",19.70708765564374,25.990687867831895,19.68142305910577,26.06122818705572
"/home/michaelbennie/OneDrive/Leite,Walter's files - Storiza Corpus Spring 2025/Processed_Utterances/annotated_sentence_segments/uid_Gt0cspsUtRSvEXXHZKUWlVAfyVq2_sid_guX3M4m7zAWaX5Uuw8WL_1742607115_195800887_sentence_segment_close.wav",26.297307795345528,30.537136308644758,26.244198367248657,33.20398577955769
"/home/michaelbennie/OneDrive/Leite,Walter's files - Storiza Corpus Spring 2025/Processed_Utterances/annotated_sentence_segments/uid_Gt0cspsUtRSvEXXHZKUWlVAfyVq2_sid_guX3M4m7zAWaX5Uuw8WL_1742607115_195800888_sentence_segment_close.wav",33.814831057552354,41.87011294582116,33.63904036033958,42.29195424291225
"/home/michaelbennie/OneDrive/Leite,Walter's files - Storiza Corpus Spring 2025/Processed_Utterances/annotated_sentence_segments/uid_Gt0cspsUtRSvEXXHZKUWlVAfyVq2_sid_guX3M4m7zAWaX5Uuw8WL_1742607115_195800889_sentence_segment_close.wav",44.02176017964849,51.5970920048355,43.84813802354849,51.69612968448651
"/home/michaelbennie/OneDrive/Leite,Walter's files - Storiza Corpus Spring 2025/Processed_Utterances/annotated_sentence_segments/uid_Gt0cspsUtRSvEXXHZKUWlVAfyVq2_sid_guX3M4m7zAWaX5Uuw8WL_1742607115_195800890_sentence_segment_close.wav",52.18782096952831,58.75376762484849,52.024804620702206,59.51058128190461
"/home/michaelbennie/OneDrive/Leite,Walter's files - Storiza Corpus Spring 2025/Processed_Utterances/annotated_sentence_segments/uid_Gt0cspsUtRSvEXXHZKUWlVAfyVq2_sid_guX3M4m7zAWaX5Uuw8WL_1742607115_195800891_sentence_segment_close.wav",60.136017784277165,64.65966276109526,60.00024557530261,64.90343813421335
"/home/michaelbennie/OneDrive/Leite,Walter's files - Storiza Corpus Spring 2025/Processed_Utterances/annotated_sentence_segments/uid_Gt0cspsUtRSvEXXHZKUWlVAfyVq2_sid_guX3M4m7zAWaX5Uuw8WL_1742607115_195800892_sentence_segment_close.wav",64.95642698361635,68.94366283043935,64.9550214803843,68.93997732426304
"/home/michaelbennie/OneDrive/Leite,Walter's files - Storiza Corpus Spring 2025/Processed_Utterances/annotated_sentence_segments/uid_u2hytH2KWIS6ewdShfEZisygqIo2_sid_Uuseoc3pCNdKNUvVZMD5_1742347682_195800893_sentence_segment_close.wav",1.9775608820226773,5.315955589687584,1.9798575101218507,5.281257657505785
"/home/michaelbennie/OneDrive/Leite,Walter's files - Storiza Corpus Spring 2025/Processed_Utterances/annotated_sentence_segments/uid_u2hytH2KWIS6ewdShfEZisygqIo2_sid_Uuseoc3pCNdKNUvVZMD5_1742347682_195800894_sentence_segment_close.wav",7.78295296946264,11.145979143196868,7.848194546794399,11.112748710390568
"/home/michaelbennie/OneDrive/Leite,Walter's files - Storiza Corpus Spring 2025/Processed_Utterances/annotated_sentence_segments/uid_u2hytH2KWIS6ewdShfEZisygqIo2_sid_Uuseoc3pCNdKNUvVZMD5_1742347682_195800895_sentence_segment_close.wav",11.378577058894605,16.56595353567393,11.69245855546472,16.585605202480195
"/home/michaelbennie/OneDrive/Leite,Walter's files - Storiza Corpus Spring 2025/Processed_Utterances/annotated_sentence_segments/uid_u2hytH2KWIS6ewdShfEZisygqIo2_sid_Uuseoc3pCNdKNUvVZMD5_1742347682_195800896_sentence_segment_close.wav",20.308254830949974,29.48571849900029,20.37091563709009,29.457135239153462
"/home/michaelbennie/OneDrive/Leite,Walter's files - Storiza Corpus Spring 2025/Processed_Utterances/annotated_sentence_segments/uid_u2hytH2KWIS6ewdShfEZisygqIo2_sid_Uuseoc3pCNdKNUvVZMD5_1742347682_195800897_sentence_segment_close.wav",30.39711918262634,38.127922355424005,30.439694207120485,38.103658834976045
"/home/michaelbennie/OneDrive/Leite,Walter's files - Storiza Corpus Spring 2025/Processed_Utterances/annotated_sentence_segments/uid_u2hytH2KWIS6ewdShfEZisygqIo2_sid_Uuseoc3pCNdKNUvVZMD5_1742347682_195800898_sentence_segment_close.wav",38.99761001253898,40.80545566033392,39.02235442957812,40.77622325787583
"/home/michaelbennie/OneDrive/Leite,Walter's files - Storiza Corpus Spring 2025/Processed_Utterances/annotated_sentence_segments/uid_u2hytH2KWIS6ewdShfEZisygqIo2_sid_Uuseoc3pCNdKNUvVZMD5_1742347682_195800899_sentence_segment_close.wav",44.73282904266906,52.81854387520537,44.79488949083456,52.78309877602247
"/home/michaelbennie/OneDrive/Leite,Walter's files - Storiza Corpus Spring 2025/Processed_Utterances/annotated_sentence_segments/uid_u2hytH2KWIS6ewdShfEZisygqIo2_sid_Uuseoc3pCNdKNUvVZMD5_1742347682_195800900_sentence_segment_close.wav",55.835501034355595,62.81614672037965,52.886267530628224,62.878898333870666
"/home/michaelbennie/OneDrive/Leite,Walter's files - Storiza Corpus Spring 2025/Processed_Utterances/annotated_sentence_segments/uid_u2hytH2KWIS6ewdShfEZisygqIo2_sid_Uuseoc3pCNdKNUvVZMD5_1742347682_195800901_sentence_segment_close.wav",63.16594017126594,68.5968707320848,63.19823139277818,68.63669859985262
"/home/michaelbennie/OneDrive/Leite,Walter's files - Storiza Corpus Spring 2025/Processed_Utterances/annotated_sentence_segments/uid_mHWscHBXcoabM7fdw88AliGuPWw1_sid_36Fo3TCqdIj0Nkl3KUPJ_1743381216_195800902_sentence_segment_close.wav",1.418036257690877,7.445412644159333,1.358834355255294,7.463176235761254
"/home/michaelbennie/OneDrive/Leite,Walter's files - Storiza Corpus Spring 2025/Processed_Utterances/annotated_sentence_segments/uid_mHWscHBXcoabM7fdw88AliGuPWw1_sid_36Fo3TCqdIj0Nkl3KUPJ_1743381216_195800903_sentence_segment_close.wav",7.544130076406294,14.282762874435539,7.471108076671252,14.333320711433508
"/home/michaelbennie/OneDrive/Leite,Walter's files - Storiza Corpus Spring 2025/Processed_Utterances/annotated_sentence_segments/uid_mHWscHBXcoabM7fdw88AliGuPWw1_sid_36Fo3TCqdIj0Nkl3KUPJ_1743381216_195800904_sentence_segment_close.wav",20.723446467470165,31.114108819369886,20.332537042873355,31.354140656257822
"/home/michaelbennie/OneDrive/Leite,Walter's files - Storiza Corpus Spring 2025/Processed_Utterances/annotated_sentence_segments/uid_mHWscHBXcoabM7fdw88AliGuPWw1_sid_36Fo3TCqdIj0Nkl3KUPJ_1743381216_195800905_sentence_segment_close.wav",31.770063528236776,44.80738405912656,31.647398402068504,45.919275364854606
"/home/michaelbennie/OneDrive/Leite,Walter's files - Storiza Corpus Spring 2025/Processed_Utterances/annotated_sentence_segments/uid_mHWscHBXcoabM7fdw88AliGuPWw1_sid_36Fo3TCqdIj0Nkl3KUPJ_1743381216_195800906_sentence_segment_close.wav",46.993999184471704,57.585003692125184,46.88051008162473,56.99790231209296
"/home/michaelbennie/OneDrive/Leite,Walter's files - Storiza Corpus Spring 2025/Processed_Utterances/annotated_sentence_segments/uid_mHWscHBXcoabM7fdw88AliGuPWw1_sid_36Fo3TCqdIj0Nkl3KUPJ_1743381216_195800907_sentence_segment_close.wav",57.904966051226815,65.95202352551219,57.73104369344758,66.13776574002021
"/home/michaelbennie/OneDrive/Leite,Walter's files - Storiza Corpus Spring 2025/Processed_Utterances/annotated_sentence_segments/uid_mHWscHBXcoabM7fdw88AliGuPWw1_sid_36Fo3TCqdIj0Nkl3KUPJ_1743381216_195800908_sentence_segment_close.wav",67.52656993573287,75.96145752881766,67.24563231286773,76.1411172691248
"/home/michaelbennie/OneDrive/Leite,Walter's files - Storiza Corpus Spring 2025/Processed_Utterances/annotated_sentence_segments/uid_mHWscHBXcoabM7fdw88AliGuPWw1_sid_36Fo3TCqdIj0Nkl3KUPJ_1743381216_195800909_sentence_segment_close.wav",78.2979362689109,84.6513441085564,76.90684383884908,85.07997732426304
"/home/michaelbennie/OneDrive/Leite,Walter's files - Storiza Corpus Spring 2025/Processed_Utterances/annotated_sentence_segments/uid_d4lLmJzVbJaLpyCuafResXOry3t2_sid_nTjc4Y4oYD4B37MRVkcV_1743018876_195800910_sentence_segment_close.wav",0.028450584488043565,5.246673833544705,0.0400801603206412,5.440881763527054
"/home/michaelbennie/OneDrive/Leite,Walter's files - Storiza Corpus Spring 2025/Processed_Utterances/annotated_sentence_segments/uid_d4lLmJzVbJaLpyCuafResXOry3t2_sid_nTjc4Y4oYD4B37MRVkcV_1743018876_195800911_sentence_segment_close.wav",5.48220326360552,9.792642133092468,5.470941883767535,9.809619238476955
"/home/michaelbennie/OneDrive/Leite,Walter's files - Storiza Corpus Spring 2025/Processed_Utterances/annotated_sentence_segments/uid_d4lLmJzVbJaLpyCuafResXOry3t2_sid_nTjc4Y4oYD4B37MRVkcV_1743018876_195800912_sentence_segment_close.wav",10.80437575674503,16.63129221593479,10.741482965931866,16.613226452905813
"/home/michaelbennie/OneDrive/Leite,Walter's files - Storiza Corpus Spring 2025/Processed_Utterances/annotated_sentence_segments/uid_d4lLmJzVbJaLpyCuafResXOry3t2_sid_nTjc4Y4oYD4B37MRVkcV_1743018876_195800913_sentence_segment_close.wav",17.08535867955533,21.793267191584274,17.064128256513026,21.88376753507014
"/home/michaelbennie/OneDrive/Leite,Walter's files - Storiza Corpus Spring 2025/Processed_Utterances/annotated_sentence_segments/uid_d4lLmJzVbJaLpyCuafResXOry3t2_sid_nTjc4Y4oYD4B37MRVkcV_1743018876_195800914_sentence_segment_close.wav",22.23890933306758,31.83031141806263,22.254509018036075,31.883767535070145
"/home/michaelbennie/OneDrive/Leite,Walter's files - Storiza Corpus Spring 2025/Processed_Utterances/annotated_sentence_segments/uid_d4lLmJzVbJaLpyCuafResXOry3t2_sid_nTjc4Y4oYD4B37MRVkcV_1743018876_195800915_sentence_segment_close.wav",32.30886416442435,37.45836826131856,32.29458917835672,37.46492985971944
"/home/michaelbennie/OneDrive/Leite,Walter's files - Storiza Corpus Spring 2025/Processed_Utterances/annotated_sentence_segments/uid_d4lLmJzVbJaLpyCuafResXOry3t2_sid_nTjc4Y4oYD4B37MRVkcV_1743018876_195800916_sentence_segment_close.wav",37.68182227283618,47.18450136281432,37.675350701402806,47.14428857715431
"/home/michaelbennie/OneDrive/Leite,Walter's files - Storiza Corpus Spring 2025/Processed_Utterances/annotated_sentence_segments/uid_d4lLmJzVbJaLpyCuafResXOry3t2_sid_nTjc4Y4oYD4B37MRVkcV_1743018876_195800917_sentence_segment_close.wav",47.8087931561575,52.773998821324014,47.75551102204409,52.74549098196393
"/home/michaelbennie/OneDrive/Leite,Walter's files - Storiza Corpus Spring 2025/Processed_Utterances/annotated_sentence_segments/uid_d4lLmJzVbJaLpyCuafResXOry3t2_sid_nTjc4Y4oYD4B37MRVkcV_1743018876_195800918_sentence_segment_close.wav",53.148399716054975,56.19022964944832,53.116232464929865,56.17234468937876
"/home/michaelbennie/OneDrive/Leite,Walter's files - Storiza Corpus Spring 2025/Processed_Utterances/annotated_sentence_segments/uid_d4lLmJzVbJaLpyCuafResXOry3t2_sid_nTjc4Y4oYD4B37MRVkcV_1743018876_195800919_sentence_segment_close.wav",57.826641476061035,62.44238075328876,57.72545090180361,62.43486973947896
"/home/michaelbennie/OneDrive/Leite,Walter's files - Storiza Corpus Spring 2025/Processed_Utterances/annotated_sentence_segments/uid_d4lLmJzVbJaLpyCuafResXOry3t2_sid_nTjc4Y4oYD4B37MRVkcV_1743018876_195800920_sentence_segment_close.wav",62.75315505664589,70.16258343558378,62.73492722406263,70.25997732426303
"/home/michaelbennie/OneDrive/Leite,Walter's files - Storiza Corpus Spring 2025/Processed_Utterances/annotated_sentence_segments/uid_EOwDjm2STZfXSXQJzWXadFRGRzn1_sid_TU328FfALQCYV7VHYamo_1744069610_195800921_sentence_segment_close.wav",0.20821954905490547,2.3313499855985595,0.1420765027322404,2.513661202185793
"/home/michaelbennie/OneDrive/Leite,Walter's files - Storiza Corpus Spring 2025/Processed_Utterances/annotated_sentence_segments/uid_EOwDjm2STZfXSXQJzWXadFRGRzn1_sid_TU328FfALQCYV7VHYamo_1744069610_195800922_sentence_segment_close.wav",2.839611918721381,6.6853217279022985,2.7978142076502737,6.8524590163934445
"/home/michaelbennie/OneDrive/Leite,Walter's files - Storiza Corpus Spring 2025/Processed_Utterances/annotated_sentence_segments/uid_EOwDjm2STZfXSXQJzWXadFRGRzn1_sid_TU328FfALQCYV7VHYamo_1744069610_195800923_sentence_segment_close.wav",7.91605110477219,44.824984358414795,7.609270318185521,45.20332312589906
"/home/michaelbennie/OneDrive/Leite,Walter's files - Storiza Corpus Spring 2025/Processed_Utterances/annotated_sentence_segments/uid_EOwDjm2STZfXSXQJzWXadFRGRzn1_sid_TU328FfALQCYV7VHYamo_1744069610_195800924_sentence_segment_close.wav",45.40479682154547,88.23702294916637,45.41616995241827,90.27361725164334
"/home/michaelbennie/OneDrive/Leite,Walter's files - Storiza Corpus Spring 2025/Processed_Utterances/annotated_sentence_segments/uid_EOwDjm2STZfXSXQJzWXadFRGRzn1_sid_TU328FfALQCYV7VHYamo_1744069610_195800925_sentence_segment_close.wav",90.85909928534159,123.51039677305897,90.87352376985925,123.53256695077734
"/home/michaelbennie/OneDrive/Leite,Walter's files - Storiza Corpus Spring 2025/Processed_Utterances/annotated_sentence_segments/uid_EOwDjm2STZfXSXQJzWXadFRGRzn1_sid_TU328FfALQCYV7VHYamo_1744069610_195800926_sentence_segment_close.wav",123.52614382331456,152.06994434620373,123.5543512063058,152.45906385568384
"/home/michaelbennie/OneDrive/Leite,Walter's files - Storiza Corpus Spring 2025/Processed_Utterances/annotated_sentence_segments/uid_EOwDjm2STZfXSXQJzWXadFRGRzn1_sid_TU328FfALQCYV7VHYamo_1744069610_195800927_sentence_segment_close.wav",161.70492521900977,175.0878368705226,161.3651475622029,175.6965840975549
"/home/michaelbennie/OneDrive/Leite,Walter's files - Storiza Corpus Spring 2025/Processed_Utterances/annotated_sentence_segments/uid_EOwDjm2STZfXSXQJzWXadFRGRzn1_sid_TU328FfALQCYV7VHYamo_1744069610_195800928_sentence_segment_close.wav",177.1593030873677,189.71165578246232,176.79852980367068,190.00743764172336
"/home/michaelbennie/OneDrive/Leite,Walter's files - Storiza Corpus Spring 2025/Processed_Utterances/annotated_sentence_segments/uid_8AhIEcEU81Sn83Fyb0gnFvpiNij2_sid_ub705UaRuZ1OeHvl4pH6_1742947635_195800929_sentence_segment_close.wav",3.171044336703463,16.65921267042451,3.105413105413106,16.647673314339983
"/home/michaelbennie/OneDrive/Leite,Walter's files - Storiza Corpus Spring 2025/Processed_Utterances/annotated_sentence_segments/uid_8AhIEcEU81Sn83Fyb0gnFvpiNij2_sid_ub705UaRuZ1OeHvl4pH6_1742947635_195800930_sentence_segment_close.wav",19.492732979604128,42.899542666649964,19.468186134852804,42.94396961063629
"/home/michaelbennie/OneDrive/Leite,Walter's files - Storiza Corpus Spring 2025/Processed_Utterances/annotated_sentence_segments/uid_8AhIEcEU81Sn83Fyb0gnFvpiNij2_sid_ub705UaRuZ1OeHvl4pH6_1742947635_195800931_sentence_segment_close.wav",44.19206380364778,53.03865994592303,44.08357075023742,53.01994301994302
"/home/michaelbennie/OneDrive/Leite,Walter's files - Storiza Corpus Spring 2025/Processed_Utterances/annotated_sentence_segments/uid_8AhIEcEU81Sn83Fyb0gnFvpiNij2_sid_ub705UaRuZ1OeHvl4pH6_1742947635_195800932_sentence_segment_close.wav",55.702899805369896,65.48255458315911,55.65052231718899,65.58404558404558
"/home/michaelbennie/OneDrive/Leite,Walter's files - Storiza Corpus Spring 2025/Processed_Utterances/annotated_sentence_segments/uid_8AhIEcEU81Sn83Fyb0gnFvpiNij2_sid_ub705UaRuZ1OeHvl4pH6_1742947635_195800933_sentence_segment_close.wav",66.46896671125782,78.34585916623504,66.43874643874643,78.37606837606837
"/home/michaelbennie/OneDrive/Leite,Walter's files - Storiza Corpus Spring 2025/Processed_Utterances/annotated_sentence_segments/uid_8AhIEcEU81Sn83Fyb0gnFvpiNij2_sid_ub705UaRuZ1OeHvl4pH6_1742947635_195800934_sentence_segment_close.wav",79.21290030558961,93.1907099071108,79.20227920227921,93.21937321937322
"/home/michaelbennie/OneDrive/Leite,Walter's files - Storiza Corpus Spring 2025/Processed_Utterances/annotated_sentence_segments/uid_8AhIEcEU81Sn83Fyb0gnFvpiNij2_sid_ub705UaRuZ1OeHvl4pH6_1742947635_195800935_sentence_segment_close.wav",95.09017850907424,130.05149336076957,95.07122507122509,130.02849002849004
"/home/michaelbennie/OneDrive/Leite,Walter's files - Storiza Corpus Spring 2025/Processed_Utterances/annotated_sentence_segments/uid_8AhIEcEU81Sn83Fyb0gnFvpiNij2_sid_ub705UaRuZ1OeHvl4pH6_1742947635_195800936_sentence_segment_close.wav",130.52814350885086,144.36948619621276,130.4843304843305,144.37634959396863
"/home/michaelbennie/OneDrive/Leite,Walter's files - Storiza Corpus Spring 2025/Processed_Utterances/annotated_sentence_segments/uid_tHP0GvI5hccNGBzYfgE2pkEHXiW2_sid_ijc2o9nBpUXrpIawXdF4_1743377134_195800937_sentence_segment_close.wav",0.3022254411414982,5.933555898050476,0.3453874000121227,5.910050671802895
"/home/michaelbennie/OneDrive/Leite,Walter's files - Storiza Corpus Spring 2025/Processed_Utterances/annotated_sentence_segments/uid_tHP0GvI5hccNGBzYfgE2pkEHXiW2_sid_ijc2o9nBpUXrpIawXdF4_1743377134_195800938_sentence_segment_close.wav",8.092092549818146,19.716098147160768,8.412726347216001,19.52700425381968
"/home/michaelbennie/OneDrive/Leite,Walter's files - Storiza Corpus Spring 2025/Processed_Utterances/annotated_sentence_segments/uid_tHP0GvI5hccNGBzYfgE2pkEHXiW2_sid_ijc2o9nBpUXrpIawXdF4_1743377134_195800939_sentence_segment_close.wav",20.863738223134373,30.74175785329637,20.949082617902505,30.731418410315445
"/home/michaelbennie/OneDrive/Leite,Walter's files - Storiza Corpus Spring 2025/Processed_Utterances/annotated_sentence_segments/uid_tHP0GvI5hccNGBzYfgE2pkEHXiW2_sid_ijc2o9nBpUXrpIawXdF4_1743377134_195800940_sentence_segment_close.wav",32.08091283023894,37.97884475651718,32.22809713463846,37.78672664784576
"/home/michaelbennie/OneDrive/Leite,Walter's files - Storiza Corpus Spring 2025/Processed_Utterances/annotated_sentence_segments/uid_tHP0GvI5hccNGBzYfgE2pkEHXiW2_sid_ijc2o9nBpUXrpIawXdF4_1743377134_195800941_sentence_segment_close.wav",40.78968450280503,59.36235883651945,40.89987981566055,58.673095709622096
"/home/michaelbennie/OneDrive/Leite,Walter's files - Storiza Corpus Spring 2025/Processed_Utterances/annotated_sentence_segments/uid_tHP0GvI5hccNGBzYfgE2pkEHXiW2_sid_ijc2o9nBpUXrpIawXdF4_1743377134_195800942_sentence_segment_close.wav",60.70155021089395,68.8283902173927,60.84247144638883,68.76350748786771
"/home/michaelbennie/OneDrive/Leite,Walter's files - Storiza Corpus Spring 2025/Processed_Utterances/annotated_sentence_segments/uid_tHP0GvI5hccNGBzYfgE2pkEHXiW2_sid_ijc2o9nBpUXrpIawXdF4_1743377134_195800943_sentence_segment_close.wav",70.62880280580528,72.49170225062893,70.63001187747763,72.46865799261576
"/home/michaelbennie/OneDrive/Leite,Walter's files - Storiza Corpus Spring 2025/Processed_Utterances/annotated_sentence_segments/uid_tHP0GvI5hccNGBzYfgE2pkEHXiW2_sid_ijc2o9nBpUXrpIawXdF4_1743377134_195800944_sentence_segment_close.wav",73.34599995145962,84.43943040255797,73.35966398900229,84.43099171752466
"/home/michaelbennie/OneDrive/Leite,Walter's files - Storiza Corpus Spring 2025/Processed_Utterances/annotated_sentence_segments/uid_jWPmLFrSHDZItPTjjPUB8KAsjlq2_sid_V3AOi83804H6LzxaTbXX_1743377006_195800945_sentence_segment_close.wav",0.3753632263965833,3.7795252105856267,0.3831982313927781,3.913043478260869
"/home/michaelbennie/OneDrive/Leite,Walter's files - Storiza Corpus Spring 2025/Processed_Utterances/annotated_sentence_segments/uid_jWPmLFrSHDZItPTjjPUB8KAsjlq2_sid_V3AOi83804H6LzxaTbXX_1743377006_195800946_sentence_segment_close.wav",4.368974990182887,6.363507390713684,4.4018668256969065,6.362110022585725
"/home/michaelbennie/OneDrive/Leite,Walter's files - Storiza Corpus Spring 2025/Processed_Utterances/annotated_sentence_segments/uid_jWPmLFrSHDZItPTjjPUB8KAsjlq2_sid_V3AOi83804H6LzxaTbXX_1743377006_195800947_sentence_segment_close.wav",6.399195118486192,12.633278963090936,6.408644054336786,12.6898745137291
"/home/michaelbennie/OneDrive/Leite,Walter's files - Storiza Corpus Spring 2025/Processed_Utterances/annotated_sentence_segments/uid_jWPmLFrSHDZItPTjjPUB8KAsjlq2_sid_V3AOi83804H6LzxaTbXX_1743377006_195800948_sentence_segment_close.wav",12.980725443424403,16.355686667406886,12.98145464164637,16.326053657472585
"/home/michaelbennie/OneDrive/Leite,Walter's files - Storiza Corpus Spring 2025/Processed_Utterances/annotated_sentence_segments/uid_jWPmLFrSHDZItPTjjPUB8KAsjlq2_sid_V3AOi83804H6LzxaTbXX_1743377006_195800949_sentence_segment_close.wav",16.786101490947765,19.982359444620233,16.808754626461784,19.962233698526504
"/home/michaelbennie/OneDrive/Leite,Walter's files - Storiza Corpus Spring 2025/Processed_Utterances/annotated_sentence_segments/uid_jWPmLFrSHDZItPTjjPUB8KAsjlq2_sid_V3AOi83804H6LzxaTbXX_1743377006_195800950_sentence_segment_close.wav",20.309524486995084,24.748116708827787,20.3357988939723,24.7300352358747
"/home/michaelbennie/OneDrive/Leite,Walter's files - Storiza Corpus Spring 2025/Processed_Utterances/annotated_sentence_segments/uid_jWPmLFrSHDZItPTjjPUB8KAsjlq2_sid_V3AOi83804H6LzxaTbXX_1743377006_195800951_sentence_segment_close.wav",25.251050509360287,37.91772072213146,25.262267322644444,37.91777766754624
"/home/michaelbennie/OneDrive/Leite,Walter's files - Storiza Corpus Spring 2025/Processed_Utterances/annotated_sentence_segments/uid_jWPmLFrSHDZItPTjjPUB8KAsjlq2_sid_V3AOi83804H6LzxaTbXX_1743377006_195800952_sentence_segment_close.wav",38.117913598216475,41.7401048676745,38.10509501658388,41.73855054139754
"/home/michaelbennie/OneDrive/Leite,Walter's files - Storiza Corpus Spring 2025/Processed_Utterances/annotated_sentence_segments/uid_jWPmLFrSHDZItPTjjPUB8KAsjlq2_sid_V3AOi83804H6LzxaTbXX_1743377006_195800953_sentence_segment_close.wav",42.35935184460086,48.553490379210274,42.39801120222303,48.54871239782919
"/home/michaelbennie/OneDrive/Leite,Walter's files - Storiza Corpus Spring 2025/Processed_Utterances/annotated_sentence_segments/uid_jWPmLFrSHDZItPTjjPUB8KAsjlq2_sid_V3AOi83804H6LzxaTbXX_1743377006_195800954_sentence_segment_close.wav",49.51777983710278,66.92586308305523,49.10296832534314,66.98532879818595
"/home/michaelbennie/OneDrive/Leite,Walter's files - Storiza Corpus Spring 2025/Processed_Utterances/annotated_sentence_segments/uid_FUCVnaPJeyV5kzao6jmObtdzLUE2_sid_HqI34Zt3xx50DXYcXYaV_1742905562_195800956_sentence_segment_close.wav",1.4760222233695475,10.368339796356103,1.3982102908277405,10.480984340044744
"/home/michaelbennie/OneDrive/Leite,Walter's files - Storiza Corpus Spring 2025/Processed_Utterances/annotated_sentence_segments/uid_FUCVnaPJeyV5kzao6jmObtdzLUE2_sid_HqI34Zt3xx50DXYcXYaV_1742905562_195800957_sentence_segment_close.wav",10.83582729353842,16.75654966567466,10.715883668903803,16.767337807606264
"/home/michaelbennie/OneDrive/Leite,Walter's files - Storiza Corpus Spring 2025/Processed_Utterances/annotated_sentence_segments/uid_FUCVnaPJeyV5kzao6jmObtdzLUE2_sid_HqI34Zt3xx50DXYcXYaV_1742905562_195800958_sentence_segment_close.wav",17.04643931091434,47.04589148293779,16.834451901565995,47.01342281879195
"/home/michaelbennie/OneDrive/Leite,Walter's files - Storiza Corpus Spring 2025/Processed_Utterances/annotated_sentence_segments/uid_FUCVnaPJeyV5kzao6jmObtdzLUE2_sid_HqI34Zt3xx50DXYcXYaV_1742905562_195800959_sentence_segment_close.wav",46.11203273342664,53.70750037283612,47.03071672354949,53.7542662116041
"/home/michaelbennie/OneDrive/Leite,Walter's files - Storiza Corpus Spring 2025/Processed_Utterances/annotated_sentence_segments/uid_FUCVnaPJeyV5kzao6jmObtdzLUE2_sid_HqI34Zt3xx50DXYcXYaV_1742905562_195800960_sentence_segment_close.wav",74.15701937943679,81.60143901373011,74.17360310269655,81.76576286724044
"/home/michaelbennie/OneDrive/Leite,Walter's files - Storiza Corpus Spring 2025/Processed_Utterances/annotated_sentence_segments/uid_FUCVnaPJeyV5kzao6jmObtdzLUE2_sid_HqI34Zt3xx50DXYcXYaV_1742905562_195800961_sentence_segment_close.wav",81.75855472118289,93.2920974274247,81.77474402730377,93.57224118316267
"/home/michaelbennie/OneDrive/Leite,Walter's files - Storiza Corpus Spring 2025/Processed_Utterances/annotated_sentence_segments/uid_FUCVnaPJeyV5kzao6jmObtdzLUE2_sid_HqI34Zt3xx50DXYcXYaV_1742905562_195800962_sentence_segment_close.wav",93.61085696422667,98.5304803028299,93.59499431171788,98.60068259385666
"/home/michaelbennie/OneDrive/Leite,Walter's files - Storiza Corpus Spring 2025/Processed_Utterances/annotated_sentence_segments/uid_FUCVnaPJeyV5kzao6jmObtdzLUE2_sid_HqI34Zt3xx50DXYcXYaV_1742905562_195800963_sentence_segment_close.wav",99.106987410688,107.41339759288117,98.61205915813424,107.62229806598408
"/home/michaelbennie/OneDrive/Leite,Walter's files - Storiza Corpus Spring 2025/Processed_Utterances/annotated_sentence_segments/uid_FUCVnaPJeyV5kzao6jmObtdzLUE2_sid_HqI34Zt3xx50DXYcXYaV_1742905562_195800964_sentence_segment_close.wav",107.66650807401997,123.4438015718949,107.679180887372,123.8339021615472
"/home/michaelbennie/OneDrive/Leite,Walter's files - Storiza Corpus Spring 2025/Processed_Utterances/annotated_sentence_segments/uid_FUCVnaPJeyV5kzao6jmObtdzLUE2_sid_HqI34Zt3xx50DXYcXYaV_1742905562_195800965_sentence_segment_close.wav",123.95213640808917,134.06148644865016,123.91353811149033,134.19795221843003
"/home/michaelbennie/OneDrive/Leite,Walter's files - Storiza Corpus Spring 2025/Processed_Utterances/annotated_sentence_segments/uid_FUCVnaPJeyV5kzao6jmObtdzLUE2_sid_HqI34Zt3xx50DXYcXYaV_1742905562_195800966_sentence_segment_close.wav",134.68063002060748,142.96871530747148,134.6188850967008,143.02616609783846
"/home/michaelbennie/OneDrive/Leite,Walter's files - Storiza Corpus Spring 2025/Processed_Utterances/annotated_sentence_segments/uid_FUCVnaPJeyV5kzao6jmObtdzLUE2_sid_HqI34Zt3xx50DXYcXYaV_1742905562_195800967_sentence_segment_close.wav",143.0475418557977,148.39338035494882,143.07167235494882,147.38339021615474
"/home/michaelbennie/OneDrive/Leite,Walter's files - Storiza Corpus Spring 2025/Processed_Utterances/annotated_sentence_segments/uid_xxUUDYlSFESUIRvPTLDLReqO44G3_sid_0eEhXeqp2QWzu6x13UTA_1741140288_195800968_sentence_segment_close.wav",2.7625038214339774,10.558139733677292,2.7634487840825344,10.427413411938096
"/home/michaelbennie/OneDrive/Leite,Walter's files - Storiza Corpus Spring 2025/Processed_Utterances/annotated_sentence_segments/uid_xxUUDYlSFESUIRvPTLDLReqO44G3_sid_0eEhXeqp2QWzu6x13UTA_1741140288_195800969_sentence_segment_close.wav",10.844441006236188,15.988876366879134,10.833063830885042,15.968760839215854
"/home/michaelbennie/OneDrive/Leite,Walter's files - Storiza Corpus Spring 2025/Processed_Utterances/annotated_sentence_segments/uid_xxUUDYlSFESUIRvPTLDLReqO44G3_sid_0eEhXeqp2QWzu6x13UTA_1741140288_195800970_sentence_segment_close.wav",16.966103066552947,26.82932914203282,16.96662205370022,26.807800614166595
"/home/michaelbennie/OneDrive/Leite,Walter's files - Storiza Corpus Spring 2025/Processed_Utterances/annotated_sentence_segments/uid_xxUUDYlSFESUIRvPTLDLReqO44G3_sid_0eEhXeqp2QWzu6x13UTA_1741140288_195800971_sentence_segment_close.wav",27.270820083242807,31.278920881205455,27.267891414312416,31.032276656020866
"/home/michaelbennie/OneDrive/Leite,Walter's files - Storiza Corpus Spring 2025/Processed_Utterances/annotated_sentence_segments/uid_xxUUDYlSFESUIRvPTLDLReqO44G3_sid_0eEhXeqp2QWzu6x13UTA_1741140288_195800972_sentence_segment_close.wav",31.342344622065983,44.46357635453838,31.34058993006832,44.45114481989801
"/home/michaelbennie/OneDrive/Leite,Walter's files - Storiza Corpus Spring 2025/Processed_Utterances/annotated_sentence_segments/uid_xxUUDYlSFESUIRvPTLDLReqO44G3_sid_0eEhXeqp2QWzu6x13UTA_1741140288_195800973_sentence_segment_close.wav",44.62363867496991,54.95873068484753,44.693931851440496,54.953820112926
"/home/michaelbennie/OneDrive/Leite,Walter's files - Storiza Corpus Spring 2025/Processed_Utterances/annotated_sentence_segments/uid_xxUUDYlSFESUIRvPTLDLReqO44G3_sid_0eEhXeqp2QWzu6x13UTA_1741140288_195800974_sentence_segment_close.wav",55.32889071984872,64.84557888943941,55.36404615940275,64.83278024650197
"/home/michaelbennie/OneDrive/Leite,Walter's files - Storiza Corpus Spring 2025/Processed_Utterances/annotated_sentence_segments/uid_xxUUDYlSFESUIRvPTLDLReqO44G3_sid_0eEhXeqp2QWzu6x13UTA_1741140288_195800975_sentence_segment_close.wav",65.26465319600445,70.74515238424874,65.23463633507912,70.70992554194287
"/home/michaelbennie/OneDrive/Leite,Walter's files - Storiza Corpus Spring 2025/Processed_Utterances/annotated_sentence_segments/uid_xxUUDYlSFESUIRvPTLDLReqO44G3_sid_0eEhXeqp2QWzu6x13UTA_1741140288_195800976_sentence_segment_close.wav",70.92624953154619,84.08187255966985,71.02387561114377,84.07164048713328
"/home/michaelbennie/OneDrive/Leite,Walter's files - Storiza Corpus Spring 2025/Processed_Utterances/annotated_sentence_segments/uid_M3RVTGHWrAMCChSiCDrpejluqjQ2_sid_ZGyfpvSifoO6NlP49nfd_1742428323_195800977_sentence_segment_close.wav",0.2803885238611713,3.278023228850325,0.2800294767870301,3.249815770081061
"/home/michaelbennie/OneDrive/Leite,Walter's files - Storiza Corpus Spring 2025/Processed_Utterances/annotated_sentence_segments/uid_M3RVTGHWrAMCChSiCDrpejluqjQ2_sid_ZGyfpvSifoO6NlP49nfd_1742428323_195800978_sentence_segment_close.wav",3.2220658334621715,6.011866811390864,3.265856189998674,6.008351718843555
"/home/michaelbennie/OneDrive/Leite,Walter's files - Storiza Corpus Spring 2025/Processed_Utterances/annotated_sentence_segments/uid_M3RVTGHWrAMCChSiCDrpejluqjQ2_sid_ZGyfpvSifoO6NlP49nfd_1742428323_195800979_sentence_segment_close.wav",8.452388155684078,17.42697172153268,8.502135496940445,17.378853564067246
"/home/michaelbennie/OneDrive/Leite,Walter's files - Storiza Corpus Spring 2025/Processed_Utterances/annotated_sentence_segments/uid_M3RVTGHWrAMCChSiCDrpejluqjQ2_sid_ZGyfpvSifoO6NlP49nfd_1742428323_195800980_sentence_segment_close.wav",17.471286927539538,27.663174321537632,17.421406082422653,27.67216325794842
"/home/michaelbennie/OneDrive/Leite,Walter's files - Storiza Corpus Spring 2025/Processed_Utterances/annotated_sentence_segments/uid_M3RVTGHWrAMCChSiCDrpejluqjQ2_sid_ZGyfpvSifoO6NlP49nfd_1742428323_195800981_sentence_segment_close.wav",28.89664876356893,37.192693976176386,28.972145138840464,37.20322519346657
"/home/michaelbennie/OneDrive/Leite,Walter's files - Storiza Corpus Spring 2025/Processed_Utterances/annotated_sentence_segments/uid_M3RVTGHWrAMCChSiCDrpejluqjQ2_sid_ZGyfpvSifoO6NlP49nfd_1742428323_195800982_sentence_segment_close.wav",37.572069988335436,38.480402079167355,37.55764245183289,38.47254608848912
"/home/michaelbennie/OneDrive/Leite,Walter's files - Storiza Corpus Spring 2025/Processed_Utterances/annotated_sentence_segments/uid_M3RVTGHWrAMCChSiCDrpejluqjQ2_sid_ZGyfpvSifoO6NlP49nfd_1742428323_195800983_sentence_segment_close.wav",39.8167509580104,43.237280031015494,39.94063425512415,43.23934954419187
"/home/michaelbennie/OneDrive/Leite,Walter's files - Storiza Corpus Spring 2025/Processed_Utterances/annotated_sentence_segments/uid_M3RVTGHWrAMCChSiCDrpejluqjQ2_sid_ZGyfpvSifoO6NlP49nfd_1742428323_195800984_sentence_segment_close.wav",43.23813186850216,49.766250091761925,43.29589894914732,49.72996457963368
"/home/michaelbennie/OneDrive/Leite,Walter's files - Storiza Corpus Spring 2025/Processed_Utterances/annotated_sentence_segments/uid_M3RVTGHWrAMCChSiCDrpejluqjQ2_sid_ZGyfpvSifoO6NlP49nfd_1742428323_195800985_sentence_segment_close.wav",51.26445691633443,57.45522359155652,51.27679441098208,57.477116913315605
"/home/michaelbennie/OneDrive/Leite,Walter's files - Storiza Corpus Spring 2025/Processed_Utterances/annotated_sentence_segments/uid_M3RVTGHWrAMCChSiCDrpejluqjQ2_sid_ZGyfpvSifoO6NlP49nfd_1742428323_195800986_sentence_segment_close.wav",58.01300076885935,71.67840690796582,58.07952022291786,71.70144385365384
"/home/michaelbennie/OneDrive/Leite,Walter's files - Storiza Corpus Spring 2025/Processed_Utterances/annotated_sentence_segments/uid_d4lLmJzVbJaLpyCuafResXOry3t2_sid_ixCXSzRgtEIwQ8bprZwS_1742586561_195800987_sentence_segment_close.wav",0.07404606651142735,4.15410946056943,0.0276243093922651,4.640883977900552
"/home/michaelbennie/OneDrive/Leite,Walter's files - Storiza Corpus Spring 2025/Processed_Utterances/annotated_sentence_segments/uid_d4lLmJzVbJaLpyCuafResXOry3t2_sid_ixCXSzRgtEIwQ8bprZwS_1742586561_195800988_sentence_segment_close.wav",5.619793681440278,10.822279669897714,5.202578268876611,11.05893186003683
"/home/michaelbennie/OneDrive/Leite,Walter's files - Storiza Corpus Spring 2025/Processed_Utterances/annotated_sentence_segments/uid_d4lLmJzVbJaLpyCuafResXOry3t2_sid_ixCXSzRgtEIwQ8bprZwS_1742586561_195800989_sentence_segment_close.wav",11.916747549084166,27.788659683410838,11.399631675874769,28.12154696132596
"/home/michaelbennie/OneDrive/Leite,Walter's files - Storiza Corpus Spring 2025/Processed_Utterances/annotated_sentence_segments/uid_d4lLmJzVbJaLpyCuafResXOry3t2_sid_ixCXSzRgtEIwQ8bprZwS_1742586561_195800990_sentence_segment_close.wav",33.77535963934765,40.57496721132294,33.802946593001835,40.83793738489871
"/home/michaelbennie/OneDrive/Leite,Walter's files - Storiza Corpus Spring 2025/Processed_Utterances/annotated_sentence_segments/uid_d4lLmJzVbJaLpyCuafResXOry3t2_sid_ixCXSzRgtEIwQ8bprZwS_1742586561_195800991_sentence_segment_close.wav",42.38426559160425,57.26470031333993,42.16390423572744,57.48618784530386
"/home/michaelbennie/OneDrive/Leite,Walter's files - Storiza Corpus Spring 2025/Processed_Utterances/annotated_sentence_segments/uid_d4lLmJzVbJaLpyCuafResXOry3t2_sid_ixCXSzRgtEIwQ8bprZwS_1742586561_195800992_sentence_segment_close.wav",58.93798054916274,74.22012010487127,58.23204419889501,74.6685082872928
"/home/michaelbennie/OneDrive/Leite,Walter's files - Storiza Corpus Spring 2025/Processed_Utterances/annotated_sentence_segments/uid_d4lLmJzVbJaLpyCuafResXOry3t2_sid_ixCXSzRgtEIwQ8bprZwS_1742586561_195800993_sentence_segment_close.wav",75.71162708092297,82.09001202209944,75.35911602209944,82.07182320441989
"/home/michaelbennie/OneDrive/Leite,Walter's files - Storiza Corpus Spring 2025/Processed_Utterances/annotated_sentence_segments/uid_jWPmLFrSHDZItPTjjPUB8KAsjlq2_sid_VQrBHI41iPFwcMO4zTV5_1742588414_195800994_sentence_segment_close.wav",1.4282480481428013,4.979565469657826,1.4868545187310365,4.961037478906145
"/home/michaelbennie/OneDrive/Leite,Walter's files - Storiza Corpus Spring 2025/Processed_Utterances/annotated_sentence_segments/uid_jWPmLFrSHDZItPTjjPUB8KAsjlq2_sid_VQrBHI41iPFwcMO4zTV5_1742588414_195800995_sentence_segment_close.wav",4.948396468962666,10.638478545295964,5.031790594611208,10.615600137201014
"/home/michaelbennie/OneDrive/Leite,Walter's files - Storiza Corpus Spring 2025/Processed_Utterances/annotated_sentence_segments/uid_jWPmLFrSHDZItPTjjPUB8KAsjlq2_sid_VQrBHI41iPFwcMO4zTV5_1742588414_195800996_sentence_segment_close.wav",10.97777696412814,16.11971026479048,10.99273549638791,16.115048378371153
"/home/michaelbennie/OneDrive/Leite,Walter's files - Storiza Corpus Spring 2025/Processed_Utterances/annotated_sentence_segments/uid_jWPmLFrSHDZItPTjjPUB8KAsjlq2_sid_VQrBHI41iPFwcMO4zTV5_1742588414_195800997_sentence_segment_close.wav",16.509676212491236,19.287151411815948,16.565729495913697,19.26014131850897
"/home/michaelbennie/OneDrive/Leite,Walter's files - Storiza Corpus Spring 2025/Processed_Utterances/annotated_sentence_segments/uid_jWPmLFrSHDZItPTjjPUB8KAsjlq2_sid_VQrBHI41iPFwcMO4zTV5_1742588414_195800998_sentence_segment_close.wav",19.270560072484816,22.525139259552034,19.29547454187212,22.50038494524989
"/home/michaelbennie/OneDrive/Leite,Walter's files - Storiza Corpus Spring 2025/Processed_Utterances/annotated_sentence_segments/uid_jWPmLFrSHDZItPTjjPUB8KAsjlq2_sid_VQrBHI41iPFwcMO4zTV5_1742588414_195800999_sentence_segment_close.wav",22.557598556785877,26.287451705989447,22.591329293862525,26.326271997547103
"/home/michaelbennie/OneDrive/Leite,Walter's files - Storiza Corpus Spring 2025/Processed_Utterances/annotated_sentence_segments/uid_jWPmLFrSHDZItPTjjPUB8KAsjlq2_sid_VQrBHI41iPFwcMO4zTV5_1742588414_195801000_sentence_segment_close.wav",26.35095215492199,31.39215410122075,26.407556927649264,31.39913523731394
"/home/michaelbennie/OneDrive/Leite,Walter's files - Storiza Corpus Spring 2025/Processed_Utterances/annotated_sentence_segments/uid_jWPmLFrSHDZItPTjjPUB8KAsjlq2_sid_VQrBHI41iPFwcMO4zTV5_1742588414_195801001_sentence_segment_close.wav",32.34373098453248,39.63851431231111,32.214785370546444,39.84866157018809
"/home/michaelbennie/OneDrive/Leite,Walter's files - Storiza Corpus Spring 2025/Processed_Utterances/annotated_sentence_segments/uid_mHWscHBXcoabM7fdw88AliGuPWw1_sid_rxnid2h4hu9a2m4tNuv4_1741647344_195801002_sentence_segment_close.wav",1.247015577114909,8.548456986486045,1.3264984889141598,8.497170320415846
"/home/michaelbennie/OneDrive/Leite,Walter's files - Storiza Corpus Spring 2025/Processed_Utterances/annotated_sentence_segments/uid_mHWscHBXcoabM7fdw88AliGuPWw1_sid_rxnid2h4hu9a2m4tNuv4_1741647344_195801003_sentence_segment_close.wav",8.874582960888661,13.053560057583372,8.876988563950352,12.111698207053726
"/home/michaelbennie/OneDrive/Leite,Walter's files - Storiza Corpus Spring 2025/Processed_Utterances/annotated_sentence_segments/uid_mHWscHBXcoabM7fdw88AliGuPWw1_sid_rxnid2h4hu9a2m4tNuv4_1741647344_195801004_sentence_segment_close.wav",15.787494514882129,25.856688951459248,15.833371841085338,25.85275037199876
"/home/michaelbennie/OneDrive/Leite,Walter's files - Storiza Corpus Spring 2025/Processed_Utterances/annotated_sentence_segments/uid_mHWscHBXcoabM7fdw88AliGuPWw1_sid_rxnid2h4hu9a2m4tNuv4_1741647344_195801005_sentence_segment_close.wav",26.073555056670262,27.33679561281999,26.139395955065982,27.429299007041287
"/home/michaelbennie/OneDrive/Leite,Walter's files - Storiza Corpus Spring 2025/Processed_Utterances/annotated_sentence_segments/uid_mHWscHBXcoabM7fdw88AliGuPWw1_sid_rxnid2h4hu9a2m4tNuv4_1741647344_195801006_sentence_segment_close.wav",27.690432672412886,34.111447532719886,27.75013820182465,34.212290518735216
"/home/michaelbennie/OneDrive/Leite,Walter's files - Storiza Corpus Spring 2025/Processed_Utterances/annotated_sentence_segments/uid_mHWscHBXcoabM7fdw88AliGuPWw1_sid_rxnid2h4hu9a2m4tNuv4_1741647344_195801007_sentence_segment_close.wav",34.13367245263635,47.72480628745079,34.27489748727203,47.730400547117725
"/home/michaelbennie/OneDrive/Leite,Walter's files - Storiza Corpus Spring 2025/Processed_Utterances/annotated_sentence_segments/uid_mHWscHBXcoabM7fdw88AliGuPWw1_sid_rxnid2h4hu9a2m4tNuv4_1741647344_195801008_sentence_segment_close.wav",47.732528928044836,54.19394850048866,47.826649879916495,54.18126915308603
"/home/michaelbennie/OneDrive/Leite,Walter's files - Storiza Corpus Spring 2025/Processed_Utterances/annotated_sentence_segments/uid_mHWscHBXcoabM7fdw88AliGuPWw1_sid_rxnid2h4hu9a2m4tNuv4_1741647344_195801009_sentence_segment_close.wav",54.83624996444892,63.392394108206446,54.83026157481075,63.34748082018667
"/home/michaelbennie/OneDrive/Leite,Walter's files - Storiza Corpus Spring 2025/Processed_Utterances/annotated_sentence_segments/uid_mHWscHBXcoabM7fdw88AliGuPWw1_sid_rxnid2h4hu9a2m4tNuv4_1741647344_195801010_sentence_segment_close.wav",63.843897302582924,79.62539385106686,63.8484937169735,79.62088706265476
"/home/michaelbennie/OneDrive/Leite,Walter's files - Storiza Corpus Spring 2025/Processed_Utterances/annotated_sentence_segments/uid_ECPqsmdUcMhqkJwXAfhhs3XTgoa2_sid_Sfhy6n2Db1v8Y54SIOsW_1742508494_195801011_sentence_segment_close.wav",0.8034834821320208,5.100195034785369,0.8106116433308769,5.031348390819759
"/home/michaelbennie/OneDrive/Leite,Walter's files - Storiza Corpus Spring 2025/Processed_Utterances/annotated_sentence_segments/uid_ECPqsmdUcMhqkJwXAfhhs3XTgoa2_sid_Sfhy6n2Db1v8Y54SIOsW_1742508494_195801012_sentence_segment_close.wav",5.482496059924163,8.706406739643521,5.505271085859424,8.702111927417498
"/home/michaelbennie/OneDrive/Leite,Walter's files - Storiza Corpus Spring 2025/Processed_Utterances/annotated_sentence_segments/uid_ECPqsmdUcMhqkJwXAfhhs3XTgoa2_sid_Sfhy6n2Db1v8Y54SIOsW_1742508494_195801013_sentence_segment_close.wav",10.63447219640723,16.777607921964687,10.603454117167905,17.140814040354076
"/home/michaelbennie/OneDrive/Leite,Walter's files - Storiza Corpus Spring 2025/Processed_Utterances/annotated_sentence_segments/uid_ECPqsmdUcMhqkJwXAfhhs3XTgoa2_sid_Sfhy6n2Db1v8Y54SIOsW_1742508494_195801014_sentence_segment_close.wav",17.22701412708849,19.749302181417864,17.24525361775063,19.73869616218326
"/home/michaelbennie/OneDrive/Leite,Walter's files - Storiza Corpus Spring 2025/Processed_Utterances/annotated_sentence_segments/uid_ECPqsmdUcMhqkJwXAfhhs3XTgoa2_sid_Sfhy6n2Db1v8Y54SIOsW_1742508494_195801015_sentence_segment_close.wav",21.281883672032198,26.680862661845442,21.301349079502486,26.6864756278957
"/home/michaelbennie/OneDrive/Leite,Walter's files - Storiza Corpus Spring 2025/Processed_Utterances/annotated_sentence_segments/uid_ECPqsmdUcMhqkJwXAfhhs3XTgoa2_sid_Sfhy6n2Db1v8Y54SIOsW_1742508494_195801016_sentence_segment_close.wav",26.99599767668226,32.53777146079027,27.01259987003912,32.60563062279876
"/home/michaelbennie/OneDrive/Leite,Walter's files - Storiza Corpus Spring 2025/Processed_Utterances/annotated_sentence_segments/uid_ECPqsmdUcMhqkJwXAfhhs3XTgoa2_sid_Sfhy6n2Db1v8Y54SIOsW_1742508494_195801017_sentence_segment_close.wav",34.028978945371634,41.48400077604023,34.056120395807284,41.34773307501036
"/home/michaelbennie/OneDrive/Leite,Walter's files - Storiza Corpus Spring 2025/Processed_Utterances/annotated_sentence_segments/uid_TzE1wYChYkTUAVNeVtZjXuO8cBi2_sid_KBErIw8J7GfkzjxkaU8i_1743434872_195801018_sentence_segment_close.wav",0.7010400886132183,4.431193672961174,0.7110030565047967,4.420257097318178
"/home/michaelbennie/OneDrive/Leite,Walter's files - Storiza Corpus Spring 2025/Processed_Utterances/annotated_sentence_segments/uid_TzE1wYChYkTUAVNeVtZjXuO8cBi2_sid_KBErIw8J7GfkzjxkaU8i_1743434872_195801019_sentence_segment_close.wav",4.441244897769682,8.300781948360529,4.457876306657056,8.264940291751522
"/home/michaelbennie/OneDrive/Leite,Walter's files - Storiza Corpus Spring 2025/Processed_Utterances/annotated_sentence_segments/uid_TzE1wYChYkTUAVNeVtZjXuO8cBi2_sid_KBErIw8J7GfkzjxkaU8i_1743434872_195801020_sentence_segment_close.wav",9.116498828610721,13.971844486049484,9.162785727451988,13.962996839092837
"/home/michaelbennie/OneDrive/Leite,Walter's files - Storiza Corpus Spring 2025/Processed_Utterances/annotated_sentence_segments/uid_TzE1wYChYkTUAVNeVtZjXuO8cBi2_sid_KBErIw8J7GfkzjxkaU8i_1743434872_195801021_sentence_segment_close.wav",14.350383618099713,17.261354528012255,14.418231320389838,17.269725339980223
"/home/michaelbennie/OneDrive/Leite,Walter's files - Storiza Corpus Spring 2025/Processed_Utterances/annotated_sentence_segments/uid_TzE1wYChYkTUAVNeVtZjXuO8cBi2_sid_KBErIw8J7GfkzjxkaU8i_1743434872_195801022_sentence_segment_close.wav",17.715737630538317,21.01403579134161,17.735605391628923,21.00598739753534
"/home/michaelbennie/OneDrive/Leite,Walter's files - Storiza Corpus Spring 2025/Processed_Utterances/annotated_sentence_segments/uid_TzE1wYChYkTUAVNeVtZjXuO8cBi2_sid_KBErIw8J7GfkzjxkaU8i_1743434872_195801023_sentence_segment_close.wav",21.001181623504444,25.179021362019014,21.02054811589472,25.19472482777477
"/home/michaelbennie/OneDrive/Leite,Walter's files - Storiza Corpus Spring 2025/Processed_Utterances/annotated_sentence_segments/uid_TzE1wYChYkTUAVNeVtZjXuO8cBi2_sid_KBErIw8J7GfkzjxkaU8i_1743434872_195801024_sentence_segment_close.wav",25.566262156781846,30.169859759498316,25.600435416544155,30.16913701362399
"/home/michaelbennie/OneDrive/Leite,Walter's files - Storiza Corpus Spring 2025/Processed_Utterances/annotated_sentence_segments/uid_TzE1wYChYkTUAVNeVtZjXuO8cBi2_sid_KBErIw8J7GfkzjxkaU8i_1743434872_195801025_sentence_segment_close.wav",30.856749228048383,33.80336461854074,30.88290830954244,33.77305379498797
"/home/michaelbennie/OneDrive/Leite,Walter's files - Storiza Corpus Spring 2025/Processed_Utterances/annotated_sentence_segments/uid_TzE1wYChYkTUAVNeVtZjXuO8cBi2_sid_KBErIw8J7GfkzjxkaU8i_1743434872_195801026_sentence_segment_close.wav",34.045275771527656,36.37200145795223,34.0619274285629,36.38414039503442
"/home/michaelbennie/OneDrive/Leite,Walter's files - Storiza Corpus Spring 2025/Processed_Utterances/annotated_sentence_segments/uid_TzE1wYChYkTUAVNeVtZjXuO8cBi2_sid_KBErIw8J7GfkzjxkaU8i_1743434872_195801027_sentence_segment_close.wav",36.40798468194689,43.30892025217486,36.43883224731192,43.308712273123504
"/home/michaelbennie/OneDrive/Leite,Walter's files - Storiza Corpus Spring 2025/Processed_Utterances/annotated_sentence_segments/uid_d4lLmJzVbJaLpyCuafResXOry3t2_sid_42W2V6y5pQSKvJZq7bW1_1742844687_195801028_sentence_segment_close.wav",1.132863332209862,10.79585549646827,1.2011790714812085,10.633750921149597
"/home/michaelbennie/OneDrive/Leite,Walter's files - Storiza Corpus Spring 2025/Processed_Utterances/annotated_sentence_segments/uid_d4lLmJzVbJaLpyCuafResXOry3t2_sid_42W2V6y5pQSKvJZq7bW1_1742844687_195801029_sentence_segment_close.wav",12.002312289361162,21.4140647438431,12.043054573759717,21.44597164176304
"/home/michaelbennie/OneDrive/Leite,Walter's files - Storiza Corpus Spring 2025/Processed_Utterances/annotated_sentence_segments/uid_d4lLmJzVbJaLpyCuafResXOry3t2_sid_42W2V6y5pQSKvJZq7bW1_1742844687_195801030_sentence_segment_close.wav",22.72715461460131,42.94908661211747,22.704269825514583,43.22596474035394
"/home/michaelbennie/OneDrive/Leite,Walter's files - Storiza Corpus Spring 2025/Processed_Utterances/annotated_sentence_segments/uid_d4lLmJzVbJaLpyCuafResXOry3t2_sid_42W2V6y5pQSKvJZq7bW1_1742844687_195801031_sentence_segment_close.wav",45.48035526632006,58.70858881398546,45.4676288182145,58.91997732426304
"/home/michaelbennie/OneDrive/Leite,Walter's files - Storiza Corpus Spring 2025/Processed_Utterances/annotated_sentence_segments/uid_0FdMSMtn95PJ9tLFeW3F4sFLPMh1_sid_VbsXhwO07uFfFVrP02f5_1743043835_195801032_sentence_segment_close.wav",0.8733580400446322,3.944714239183736,0.9936369586525317,3.922381922211557
"/home/michaelbennie/OneDrive/Leite,Walter's files - Storiza Corpus Spring 2025/Processed_Utterances/annotated_sentence_segments/uid_0FdMSMtn95PJ9tLFeW3F4sFLPMh1_sid_VbsXhwO07uFfFVrP02f5_1743043835_195801033_sentence_segment_close.wav",4.242199456078607,7.165561409899882,4.255250316010695,7.169090725047792
"/home/michaelbennie/OneDrive/Leite,Walter's files - Storiza Corpus Spring 2025/Processed_Utterances/annotated_sentence_segments/uid_0FdMSMtn95PJ9tLFeW3F4sFLPMh1_sid_VbsXhwO07uFfFVrP02f5_1743043835_195801034_sentence_segment_close.wav",7.919918610333064,13.19455810666869,8.199016056003693,13.314735069689196
"/home/michaelbennie/OneDrive/Leite,Walter's files - Storiza Corpus Spring 2025/Processed_Utterances/annotated_sentence_segments/uid_0FdMSMtn95PJ9tLFeW3F4sFLPMh1_sid_VbsXhwO07uFfFVrP02f5_1743043835_195801035_sentence_segment_close.wav",13.497579564127834,23.0980028658637,13.52588322865046,23.07597653857639
"/home/michaelbennie/OneDrive/Leite,Walter's files - Storiza Corpus Spring 2025/Processed_Utterances/annotated_sentence_segments/uid_0FdMSMtn95PJ9tLFeW3F4sFLPMh1_sid_VbsXhwO07uFfFVrP02f5_1743043835_195801036_sentence_segment_close.wav",24.165256565802856,33.04749711139325,24.22260376444462,33.01322629345359
"/home/michaelbennie/OneDrive/Leite,Walter's files - Storiza Corpus Spring 2025/Processed_Utterances/annotated_sentence_segments/uid_0FdMSMtn95PJ9tLFeW3F4sFLPMh1_sid_VbsXhwO07uFfFVrP02f5_1743043835_195801037_sentence_segment_close.wav",33.32517478712047,36.54040473872749,33.40364388090767,36.56071189571419
"/home/michaelbennie/OneDrive/Leite,Walter's files - Storiza Corpus Spring 2025/Processed_Utterances/annotated_sentence_segments/uid_0FdMSMtn95PJ9tLFeW3F4sFLPMh1_sid_VbsXhwO07uFfFVrP02f5_1743043835_195801038_sentence_segment_close.wav",37.30806904490004,42.12103796907234,37.3839493040525,42.07958843999891
"/home/michaelbennie/OneDrive/Leite,Walter's files - Storiza Corpus Spring 2025/Processed_Utterances/annotated_sentence_segments/uid_0FdMSMtn95PJ9tLFeW3F4sFLPMh1_sid_VbsXhwO07uFfFVrP02f5_1743043835_195801039_sentence_segment_close.wav",42.48021312579526,44.97317489177186,42.5258380681895,44.971566707507975
"/home/michaelbennie/OneDrive/Leite,Walter's files - Storiza Corpus Spring 2025/Processed_Utterances/annotated_sentence_segments/uid_0FdMSMtn95PJ9tLFeW3F4sFLPMh1_sid_VbsXhwO07uFfFVrP02f5_1743043835_195801040_sentence_segment_close.wav",46.62924926596274,54.93223837385498,46.64812236416367,54.920461733852925
"/home/michaelbennie/OneDrive/Leite,Walter's files - Storiza Corpus Spring 2025/Processed_Utterances/annotated_sentence_segments/uid_0FdMSMtn95PJ9tLFeW3F4sFLPMh1_sid_VbsXhwO07uFfFVrP02f5_1743043835_195801041_sentence_segment_close.wav",65.95879944157369,75.4807063056601,66.06678455048458,75.45471286969492
"/home/michaelbennie/OneDrive/Leite,Walter's files - Storiza Corpus Spring 2025/Processed_Utterances/annotated_sentence_segments/uid_0FdMSMtn95PJ9tLFeW3F4sFLPMh1_sid_VbsXhwO07uFfFVrP02f5_1743043835_195801042_sentence_segment_close.wav",77.48228403538744,88.74792773571271,77.62948654891402,88.91680073357895
"/home/michaelbennie/OneDrive/Leite,Walter's files - Storiza Corpus Spring 2025/Processed_Utterances/annotated_sentence_segments/uid_0FdMSMtn95PJ9tLFeW3F4sFLPMh1_sid_VbsXhwO07uFfFVrP02f5_1743043835_195801043_sentence_segment_close.wav",88.93013724456878,101.24203571775303,89.02705198338731,101.25791946003471
"/home/michaelbennie/OneDrive/Leite,Walter's files - Storiza Corpus Spring 2025/Processed_Utterances/annotated_sentence_segments/uid_tHP0GvI5hccNGBzYfgE2pkEHXiW2_sid_dTvjMQm57AQHWsM3xdtC_1743376852_195801044_sentence_segment_close.wav",0.5248555886360281,7.472892822727943,0.6135758218133578,7.532622323112924
"/home/michaelbennie/OneDrive/Leite,Walter's files - Storiza Corpus Spring 2025/Processed_Utterances/annotated_sentence_segments/uid_tHP0GvI5hccNGBzYfgE2pkEHXiW2_sid_dTvjMQm57AQHWsM3xdtC_1743376852_195801045_sentence_segment_close.wav",9.565876019595393,16.2584729228212,9.573523195316955,16.19230918806956
"/home/michaelbennie/OneDrive/Leite,Walter's files - Storiza Corpus Spring 2025/Processed_Utterances/annotated_sentence_segments/uid_tHP0GvI5hccNGBzYfgE2pkEHXiW2_sid_dTvjMQm57AQHWsM3xdtC_1743376852_195801046_sentence_segment_close.wav",20.25075511176728,25.64516315590989,20.226244643176447,25.65704340646064
"/home/michaelbennie/OneDrive/Leite,Walter's files - Storiza Corpus Spring 2025/Processed_Utterances/annotated_sentence_segments/uid_tHP0GvI5hccNGBzYfgE2pkEHXiW2_sid_dTvjMQm57AQHWsM3xdtC_1743376852_195801047_sentence_segment_close.wav",27.23408204995706,42.58096821124738,27.30629934027964,42.56736605729698
"/home/michaelbennie/OneDrive/Leite,Walter's files - Storiza Corpus Spring 2025/Processed_Utterances/annotated_sentence_segments/uid_tHP0GvI5hccNGBzYfgE2pkEHXiW2_sid_dTvjMQm57AQHWsM3xdtC_1743376852_195801048_sentence_segment_close.wav",43.7253349229879,56.46130942025885,43.79016556814919,56.4402713412799
"/home/michaelbennie/OneDrive/Leite,Walter's files - Storiza Corpus Spring 2025/Processed_Utterances/annotated_sentence_segments/uid_tHP0GvI5hccNGBzYfgE2pkEHXiW2_sid_dTvjMQm57AQHWsM3xdtC_1743376852_195801049_sentence_segment_close.wav",58.30515521609831,70.13887290710001,58.37238562696419,70.0832750507234
"/home/michaelbennie/OneDrive/Leite,Walter's files - Storiza Corpus Spring 2025/Processed_Utterances/annotated_sentence_segments/uid_tHP0GvI5hccNGBzYfgE2pkEHXiW2_sid_dTvjMQm57AQHWsM3xdtC_1743376852_195801050_sentence_segment_close.wav",71.32313770107487,73.91531707543821,71.16609425200866,73.76400039117587
"/home/michaelbennie/OneDrive/Leite,Walter's files - Storiza Corpus Spring 2025/Processed_Utterances/annotated_sentence_segments/uid_tHP0GvI5hccNGBzYfgE2pkEHXiW2_sid_dTvjMQm57AQHWsM3xdtC_1743376852_195801051_sentence_segment_close.wav",74.81070910153231,77.75556106757645,74.79532996401109,77.74571583060298
"/home/michaelbennie/OneDrive/Leite,Walter's files - Storiza Corpus Spring 2025/Processed_Utterances/annotated_sentence_segments/uid_u2hytH2KWIS6ewdShfEZisygqIo2_sid_meCuauIA00YYu3J6B8S2_1741483206_195801052_sentence_segment_close.wav",0.720483169779287,7.356374196469649,0.7295504789977887,7.35445836403832
"/home/michaelbennie/OneDrive/Leite,Walter's files - Storiza Corpus Spring 2025/Processed_Utterances/annotated_sentence_segments/uid_u2hytH2KWIS6ewdShfEZisygqIo2_sid_meCuauIA00YYu3J6B8S2_1741483206_195801053_sentence_segment_close.wav",8.88377584804447,15.508646093201403,8.933923168927322,15.499877479907424
"/home/michaelbennie/OneDrive/Leite,Walter's files - Storiza Corpus Spring 2025/Processed_Utterances/annotated_sentence_segments/uid_u2hytH2KWIS6ewdShfEZisygqIo2_sid_meCuauIA00YYu3J6B8S2_1741483206_195801054_sentence_segment_close.wav",16.794846916876292,23.47244717230942,16.777452321949916,23.4758050703528
"/home/michaelbennie/OneDrive/Leite,Walter's files - Storiza Corpus Spring 2025/Processed_Utterances/annotated_sentence_segments/uid_u2hytH2KWIS6ewdShfEZisygqIo2_sid_meCuauIA00YYu3J6B8S2_1741483206_195801055_sentence_segment_close.wav",25.697437957170965,30.184412205048723,25.838859631194733,30.194054914908808
"/home/michaelbennie/OneDrive/Leite,Walter's files - Storiza Corpus Spring 2025/Processed_Utterances/annotated_sentence_segments/uid_u2hytH2KWIS6ewdShfEZisygqIo2_sid_meCuauIA00YYu3J6B8S2_1741483206_195801056_sentence_segment_close.wav",30.70465632624302,39.736085819451844,30.72684709534319,39.70456841861089
"/home/michaelbennie/OneDrive/Leite,Walter's files - Storiza Corpus Spring 2025/Processed_Utterances/annotated_sentence_segments/uid_u2hytH2KWIS6ewdShfEZisygqIo2_sid_meCuauIA00YYu3J6B8S2_1741483206_195801057_sentence_segment_close.wav",40.2350607449241,62.76067328482781,40.247467354216674,62.820875061946175
"/home/michaelbennie/OneDrive/Leite,Walter's files - Storiza Corpus Spring 2025/Processed_Utterances/annotated_sentence_segments/uid_u2hytH2KWIS6ewdShfEZisygqIo2_sid_meCuauIA00YYu3J6B8S2_1741483206_195801058_sentence_segment_close.wav",64.36885860489494,82.04462167551335,64.38668293554929,82.0441923523302
"/home/michaelbennie/OneDrive/Leite,Walter's files - Storiza Corpus Spring 2025/Processed_Utterances/annotated_sentence_segments/uid_u2hytH2KWIS6ewdShfEZisygqIo2_sid_meCuauIA00YYu3J6B8S2_1741483206_195801059_sentence_segment_close.wav",83.53231681803427,90.77774261063635,83.53049130105634,90.7702687840897
"/home/michaelbennie/OneDrive/Leite,Walter's files - Storiza Corpus Spring 2025/Processed_Utterances/annotated_sentence_segments/uid_M3RVTGHWrAMCChSiCDrpejluqjQ2_sid_52iKz0qFxDVHZ4G3FKVF_1742428112_195801060_sentence_segment_close.wav",0.28587507948868596,6.256100180357928,0.2197802197802198,6.296450459203312
"/home/michaelbennie/OneDrive/Leite,Walter's files - Storiza Corpus Spring 2025/Processed_Utterances/annotated_sentence_segments/uid_M3RVTGHWrAMCChSiCDrpejluqjQ2_sid_52iKz0qFxDVHZ4G3FKVF_1742428112_195801061_sentence_segment_close.wav",6.618339752099387,14.539772963911375,6.586948271804343,14.70569530163322
"/home/michaelbennie/OneDrive/Leite,Walter's files - Storiza Corpus Spring 2025/Processed_Utterances/annotated_sentence_segments/uid_M3RVTGHWrAMCChSiCDrpejluqjQ2_sid_52iKz0qFxDVHZ4G3FKVF_1742428112_195801062_sentence_segment_close.wav",14.524957652513324,30.853020841706964,14.775285872544783,30.560998855825343
"/home/michaelbennie/OneDrive/Leite,Walter's files - Storiza Corpus Spring 2025/Processed_Utterances/annotated_sentence_segments/uid_M3RVTGHWrAMCChSiCDrpejluqjQ2_sid_52iKz0qFxDVHZ4G3FKVF_1742428112_195801063_sentence_segment_close.wav",32.237120738866366,36.976297154444744,32.25714900374684,36.96727139335773
"/home/michaelbennie/OneDrive/Leite,Walter's files - Storiza Corpus Spring 2025/Processed_Utterances/annotated_sentence_segments/uid_M3RVTGHWrAMCChSiCDrpejluqjQ2_sid_52iKz0qFxDVHZ4G3FKVF_1742428112_195801064_sentence_segment_close.wav",37.25518903897278,42.65356552454154,37.26456085561115,42.63167904799239
"/home/michaelbennie/OneDrive/Leite,Walter's files - Storiza Corpus Spring 2025/Processed_Utterances/annotated_sentence_segments/uid_M3RVTGHWrAMCChSiCDrpejluqjQ2_sid_52iKz0qFxDVHZ4G3FKVF_1742428112_195801065_sentence_segment_close.wav",42.61745418056107,47.16655566528094,43.00135765424528,46.9492759641966
"/home/michaelbennie/OneDrive/Leite,Walter's files - Storiza Corpus Spring 2025/Processed_Utterances/annotated_sentence_segments/uid_M3RVTGHWrAMCChSiCDrpejluqjQ2_sid_52iKz0qFxDVHZ4G3FKVF_1742428112_195801066_sentence_segment_close.wav",49.48541263627007,61.26844501090516,49.63816221182185,61.28465551858413
"/home/michaelbennie/OneDrive/Leite,Walter's files - Storiza Corpus Spring 2025/Processed_Utterances/annotated_sentence_segments/uid_M3RVTGHWrAMCChSiCDrpejluqjQ2_sid_52iKz0qFxDVHZ4G3FKVF_1742428112_195801067_sentence_segment_close.wav",62.26785669300797,66.0752136132117,62.11211755888233,66.21540587425562
"/home/michaelbennie/OneDrive/Leite,Walter's files - Storiza Corpus Spring 2025/Processed_Utterances/annotated_sentence_segments/uid_M3RVTGHWrAMCChSiCDrpejluqjQ2_sid_52iKz0qFxDVHZ4G3FKVF_1742428112_195801068_sentence_segment_close.wav",66.05399770272446,74.13217182871486,66.23210336797614,73.87280809421684
"/home/michaelbennie/OneDrive/Leite,Walter's files - Storiza Corpus Spring 2025/Processed_Utterances/annotated_sentence_segments/uid_M3RVTGHWrAMCChSiCDrpejluqjQ2_sid_52iKz0qFxDVHZ4G3FKVF_1742428112_195801069_sentence_segment_close.wav",77.96681270286855,84.47159842972204,77.39591322836321,84.53707692765839
"/home/michaelbennie/OneDrive/Leite,Walter's files - Storiza Corpus Spring 2025/Processed_Utterances/annotated_sentence_segments/uid_M3RVTGHWrAMCChSiCDrpejluqjQ2_sid_52iKz0qFxDVHZ4G3FKVF_1742428112_195801070_sentence_segment_close.wav",84.51110225105822,92.70112678920279,84.5449375201305,92.6673114533767
"/home/michaelbennie/OneDrive/Leite,Walter's files - Storiza Corpus Spring 2025/Processed_Utterances/annotated_sentence_segments/uid_M3RVTGHWrAMCChSiCDrpejluqjQ2_sid_52iKz0qFxDVHZ4G3FKVF_1742428112_195801071_sentence_segment_close.wav",93.05829429606253,101.81693431328301,93.09054436406583,101.73645939853796
"/home/michaelbennie/OneDrive/Leite,Walter's files - Storiza Corpus Spring 2025/Processed_Utterances/annotated_sentence_segments/uid_M3RVTGHWrAMCChSiCDrpejluqjQ2_sid_52iKz0qFxDVHZ4G3FKVF_1742428112_195801072_sentence_segment_close.wav",107.41959678972326,110.606363907387,107.27278688372736,110.6706568562575
"/home/michaelbennie/OneDrive/Leite,Walter's files - Storiza Corpus Spring 2025/Processed_Utterances/annotated_sentence_segments/uid_M3RVTGHWrAMCChSiCDrpejluqjQ2_sid_52iKz0qFxDVHZ4G3FKVF_1742428112_195801073_sentence_segment_close.wav",110.62465178332536,115.35490629881384,110.67691871500496,115.0107945794498
"/home/michaelbennie/OneDrive/Leite,Walter's files - Storiza Corpus Spring 2025/Processed_Utterances/annotated_sentence_segments/uid_XmxSYUZAj4dRqSczt2clQkDf31M2_sid_FRkvQf8oCGfGJG0NpjtK_1742869603_195801074_sentence_segment_close.wav",0.16239237435075188,3.725574687459665,0.0,3.811233503577489
"/home/michaelbennie/OneDrive/Leite,Walter's files - Storiza Corpus Spring 2025/Processed_Utterances/annotated_sentence_segments/uid_XmxSYUZAj4dRqSczt2clQkDf31M2_sid_FRkvQf8oCGfGJG0NpjtK_1742869603_195801075_sentence_segment_close.wav",4.8105215678701585,15.667723189019693,4.869909344923145,15.616550754670554
"/home/michaelbennie/OneDrive/Leite,Walter's files - Storiza Corpus Spring 2025/Processed_Utterances/annotated_sentence_segments/uid_XmxSYUZAj4dRqSczt2clQkDf31M2_sid_FRkvQf8oCGfGJG0NpjtK_1742869603_195801076_sentence_segment_close.wav",16.520711970911854,32.706459211103684,16.527777040025928,32.856114573769965
"/home/michaelbennie/OneDrive/Leite,Walter's files - Storiza Corpus Spring 2025/Processed_Utterances/annotated_sentence_segments/uid_XmxSYUZAj4dRqSczt2clQkDf31M2_sid_FRkvQf8oCGfGJG0NpjtK_1742869603_195801077_sentence_segment_close.wav",33.87865601650567,70.76500119412512,34.07314657761628,70.67927885713874
"/home/michaelbennie/OneDrive/Leite,Walter's files - Storiza Corpus Spring 2025/Processed_Utterances/annotated_sentence_segments/uid_XmxSYUZAj4dRqSczt2clQkDf31M2_sid_FRkvQf8oCGfGJG0NpjtK_1742869603_195801078_sentence_segment_close.wav",73.32973486932661,107.4897611439836,73.27655194677786,107.7017827743694
"/home/michaelbennie/OneDrive/Leite,Walter's files - Storiza Corpus Spring 2025/Processed_Utterances/annotated_sentence_segments/uid_XmxSYUZAj4dRqSczt2clQkDf31M2_sid_FRkvQf8oCGfGJG0NpjtK_1742869603_195801079_sentence_segment_close.wav",108.93353317039828,114.73681282476372,108.9447300416854,114.7046675343343
"/home/michaelbennie/OneDrive/Leite,Walter's files - Storiza Corpus Spring 2025/Processed_Utterances/annotated_sentence_segments/uid_XmxSYUZAj4dRqSczt2clQkDf31M2_sid_FRkvQf8oCGfGJG0NpjtK_1742869603_195801080_sentence_segment_close.wav",115.2926498477543,128.93931125998438,115.3547402657315,128.87480108521035
"/home/michaelbennie/OneDrive/Leite,Walter's files - Storiza Corpus Spring 2025/Processed_Utterances/annotated_sentence_segments/uid_XmxSYUZAj4dRqSczt2clQkDf31M2_sid_FRkvQf8oCGfGJG0NpjtK_1742869603_195801081_sentence_segment_close.wav",131.2222785156051,150.9057828572179,131.21409904375514,151.05664918680202
"/home/michaelbennie/OneDrive/Leite,Walter's files - Storiza Corpus Spring 2025/Processed_Utterances/annotated_sentence_segments/uid_lEq1lXM2xafR8w5blWO2OCG8VE93_sid_SKsQIBuLAvO06V4en1sZ_1742758157_195801082_sentence_segment_close.wav",2.577180411892483,5.5430424178613675,2.4747219861170136,5.791896869244934
"/home/michaelbennie/OneDrive/Leite,Walter's files - Storiza Corpus Spring 2025/Processed_Utterances/annotated_sentence_segments/uid_lEq1lXM2xafR8w5blWO2OCG8VE93_sid_SKsQIBuLAvO06V4en1sZ_1742758157_195801083_sentence_segment_close.wav",6.622160753981872,11.97882443118095,6.5469613259668495,11.8232044198895
"/home/michaelbennie/OneDrive/Leite,Walter's files - Storiza Corpus Spring 2025/Processed_Utterances/annotated_sentence_segments/uid_lEq1lXM2xafR8w5blWO2OCG8VE93_sid_SKsQIBuLAvO06V4en1sZ_1742758157_195801084_sentence_segment_close.wav",13.635988946805329,21.886344293427328,13.581171732043307,22.488576031608748
"/home/michaelbennie/OneDrive/Leite,Walter's files - Storiza Corpus Spring 2025/Processed_Utterances/annotated_sentence_segments/uid_lEq1lXM2xafR8w5blWO2OCG8VE93_sid_SKsQIBuLAvO06V4en1sZ_1742758157_195801085_sentence_segment_close.wav",23.828711347775247,33.02251620444172,22.87292817679558,33.16758747697973
"/home/michaelbennie/OneDrive/Leite,Walter's files - Storiza Corpus Spring 2025/Processed_Utterances/annotated_sentence_segments/uid_lEq1lXM2xafR8w5blWO2OCG8VE93_sid_SKsQIBuLAvO06V4en1sZ_1742758157_195801086_sentence_segment_close.wav",34.120828687311906,39.64881785385398,33.987108655616936,39.85267034990791
"/home/michaelbennie/OneDrive/Leite,Walter's files - Storiza Corpus Spring 2025/Processed_Utterances/annotated_sentence_segments/uid_lEq1lXM2xafR8w5blWO2OCG8VE93_sid_SKsQIBuLAvO06V4en1sZ_1742758157_195801087_sentence_segment_close.wav",41.459870352442685,46.16337270945253,41.16022099447513,46.16022099447513
"/home/michaelbennie/OneDrive/Leite,Walter's files - Storiza Corpus Spring 2025/Processed_Utterances/annotated_sentence_segments/uid_lEq1lXM2xafR8w5blWO2OCG8VE93_sid_SKsQIBuLAvO06V4en1sZ_1742758157_195801088_sentence_segment_close.wav",48.61041585000381,58.53459088318081,48.52062103961053,58.61069306879123
"/home/michaelbennie/OneDrive/Leite,Walter's files - Storiza Corpus Spring 2025/Processed_Utterances/annotated_sentence_segments/uid_lEq1lXM2xafR8w5blWO2OCG8VE93_sid_SKsQIBuLAvO06V4en1sZ_1742758157_195801089_sentence_segment_close.wav",59.74550086630394,67.49979939165912,59.678208319080944,67.48954587168167
"/home/michaelbennie/OneDrive/Leite,Walter's files - Storiza Corpus Spring 2025/Processed_Utterances/annotated_sentence_segments/uid_lEq1lXM2xafR8w5blWO2OCG8VE93_sid_SKsQIBuLAvO06V4en1sZ_1742758157_195801090_sentence_segment_close.wav",68.36896456915774,75.00250328903171,68.30044687911328,75.49591024885454
"/home/michaelbennie/OneDrive/Leite,Walter's files - Storiza Corpus Spring 2025/Processed_Utterances/annotated_sentence_segments/uid_gUfM3yODstSdwltidtEzSlIo0q93_sid_vMVyEluNMg8dS9LtljDe_1743207173_195801091_sentence_segment_close.wav",3.578066337108812,12.434663540791028,3.3138203729034594,12.523839640726196
"/home/michaelbennie/OneDrive/Leite,Walter's files - Storiza Corpus Spring 2025/Processed_Utterances/annotated_sentence_segments/uid_gUfM3yODstSdwltidtEzSlIo0q93_sid_vMVyEluNMg8dS9LtljDe_1743207173_195801092_sentence_segment_close.wav",12.71474491053228,29.1108222014699,12.735368956743,29.19211195928753
"/home/michaelbennie/OneDrive/Leite,Walter's files - Storiza Corpus Spring 2025/Processed_Utterances/annotated_sentence_segments/uid_gUfM3yODstSdwltidtEzSlIo0q93_sid_vMVyEluNMg8dS9LtljDe_1743207173_195801093_sentence_segment_close.wav",29.547874414396112,40.7028838258441,29.478371501272267,40.75063613231552
"/home/michaelbennie/OneDrive/Leite,Walter's files - Storiza Corpus Spring 2025/Processed_Utterances/annotated_sentence_segments/uid_gUfM3yODstSdwltidtEzSlIo0q93_sid_vMVyEluNMg8dS9LtljDe_1743207173_195801094_sentence_segment_close.wav",47.44868307220422,74.64282786394051,47.2155544769497,74.96819338422391
"/home/michaelbennie/OneDrive/Leite,Walter's files - Storiza Corpus Spring 2025/Processed_Utterances/annotated_sentence_segments/uid_gUfM3yODstSdwltidtEzSlIo0q93_sid_vMVyEluNMg8dS9LtljDe_1743207173_195801095_sentence_segment_close.wav",75.70337849421719,115.55429830223083,75.79516539440203,116.99109414758269
"/home/michaelbennie/OneDrive/Leite,Walter's files - Storiza Corpus Spring 2025/Processed_Utterances/annotated_sentence_segments/uid_gUfM3yODstSdwltidtEzSlIo0q93_sid_vMVyEluNMg8dS9LtljDe_1743207173_195801096_sentence_segment_close.wav",127.16431520242654,201.80460498121582,127.11195928753182,202.2949446362446
"/home/michaelbennie/OneDrive/Leite,Walter's files - Storiza Corpus Spring 2025/Processed_Utterances/annotated_sentence_segments/uid_MxRr8Ht6WZT2EokHSRsT2U2Pq3h1_sid_jUC7H1HUw8hsjGkRF70W_1742333796_195801097_sentence_segment_close.wav",0.278167557698475,5.0896764602936875,0.2017291066282421,5.32180595581172
"/home/michaelbennie/OneDrive/Leite,Walter's files - Storiza Corpus Spring 2025/Processed_Utterances/annotated_sentence_segments/uid_MxRr8Ht6WZT2EokHSRsT2U2Pq3h1_sid_jUC7H1HUw8hsjGkRF70W_1742333796_195801098_sentence_segment_close.wav",6.2305711555871115,12.849529983224048,6.138328530259366,12.968299711815565
"/home/michaelbennie/OneDrive/Leite,Walter's files - Storiza Corpus Spring 2025/Processed_Utterances/annotated_sentence_segments/uid_MxRr8Ht6WZT2EokHSRsT2U2Pq3h1_sid_jUC7H1HUw8hsjGkRF70W_1742333796_195801099_sentence_segment_close.wav",14.45226295533361,19.846528041984076,14.351585014409222,20.04803073967339
"/home/michaelbennie/OneDrive/Leite,Walter's files - Storiza Corpus Spring 2025/Processed_Utterances/annotated_sentence_segments/uid_MxRr8Ht6WZT2EokHSRsT2U2Pq3h1_sid_jUC7H1HUw8hsjGkRF70W_1742333796_195801100_sentence_segment_close.wav",20.999557268339526,50.26685511067387,20.941402497598464,50.32660902977906
"/home/michaelbennie/OneDrive/Leite,Walter's files - Storiza Corpus Spring 2025/Processed_Utterances/annotated_sentence_segments/uid_MxRr8Ht6WZT2EokHSRsT2U2Pq3h1_sid_jUC7H1HUw8hsjGkRF70W_1742333796_195801101_sentence_segment_close.wav",51.55130670518372,63.00943034737408,51.54658981748319,63.60230547550432
"/home/michaelbennie/OneDrive/Leite,Walter's files - Storiza Corpus Spring 2025/Processed_Utterances/annotated_sentence_segments/uid_MxRr8Ht6WZT2EokHSRsT2U2Pq3h1_sid_jUC7H1HUw8hsjGkRF70W_1742333796_195801102_sentence_segment_close.wav",65.16039150640037,76.78750705138019,65.14889529298752,76.85997732426304
"/home/michaelbennie/OneDrive/Leite,Walter's files - Storiza Corpus Spring 2025/Processed_Utterances/annotated_sentence_segments/uid_Om0JhZ6RmTNQ5wDLPHKIC3LtY4g2_sid_VW4MwvpLsjcqtkSo8JGT_1742946057_195801103_sentence_segment_close.wav",0.6344233417406013,6.16548458472836,0.6430539198197892,6.348096387964586
"/home/michaelbennie/OneDrive/Leite,Walter's files - Storiza Corpus Spring 2025/Processed_Utterances/annotated_sentence_segments/uid_Om0JhZ6RmTNQ5wDLPHKIC3LtY4g2_sid_VW4MwvpLsjcqtkSo8JGT_1742946057_195801104_sentence_segment_close.wav",6.3566539266529105,12.625374006178864,6.425042843118678,12.905047727456552
"/home/michaelbennie/OneDrive/Leite,Walter's files - Storiza Corpus Spring 2025/Processed_Utterances/annotated_sentence_segments/uid_Om0JhZ6RmTNQ5wDLPHKIC3LtY4g2_sid_VW4MwvpLsjcqtkSo8JGT_1742946057_195801105_sentence_segment_close.wav",12.920769196483239,15.605208226652767,12.960009768675752,15.614668258188216
"/home/michaelbennie/OneDrive/Leite,Walter's files - Storiza Corpus Spring 2025/Processed_Utterances/annotated_sentence_segments/uid_Om0JhZ6RmTNQ5wDLPHKIC3LtY4g2_sid_VW4MwvpLsjcqtkSo8JGT_1742946057_195801106_sentence_segment_close.wav",18.590631142356767,26.20822060787173,18.5990979886339,26.44765352284466
"/home/michaelbennie/OneDrive/Leite,Walter's files - Storiza Corpus Spring 2025/Processed_Utterances/annotated_sentence_segments/uid_Om0JhZ6RmTNQ5wDLPHKIC3LtY4g2_sid_VW4MwvpLsjcqtkSo8JGT_1742946057_195801107_sentence_segment_close.wav",26.49563612385874,30.863127021928108,26.54108803685444,30.76215992079972
"/home/michaelbennie/OneDrive/Leite,Walter's files - Storiza Corpus Spring 2025/Processed_Utterances/annotated_sentence_segments/uid_Om0JhZ6RmTNQ5wDLPHKIC3LtY4g2_sid_VW4MwvpLsjcqtkSo8JGT_1742946057_195801108_sentence_segment_close.wav",31.133776365581205,35.97561632092475,31.19910681503624,35.964301246521345
"/home/michaelbennie/OneDrive/Leite,Walter's files - Storiza Corpus Spring 2025/Processed_Utterances/annotated_sentence_segments/uid_TzE1wYChYkTUAVNeVtZjXuO8cBi2_sid_pySDZ4yAjo7SGZyp1oNc_1743435247_195801109_sentence_segment_close.wav",0.969811850141424,6.334966791741878,0.9418837675350702,6.092184368737476
"/home/michaelbennie/OneDrive/Leite,Walter's files - Storiza Corpus Spring 2025/Processed_Utterances/annotated_sentence_segments/uid_TzE1wYChYkTUAVNeVtZjXuO8cBi2_sid_pySDZ4yAjo7SGZyp1oNc_1743435247_195801110_sentence_segment_close.wav",6.299816383240037,13.247221318919806,6.312625250501002,13.216432865731464
"/home/michaelbennie/OneDrive/Leite,Walter's files - Storiza Corpus Spring 2025/Processed_Utterances/annotated_sentence_segments/uid_TzE1wYChYkTUAVNeVtZjXuO8cBi2_sid_pySDZ4yAjo7SGZyp1oNc_1743435247_195801111_sentence_segment_close.wav",13.231345760162647,18.22996743234325,13.226452905811623,18.226452905811623
"/home/michaelbennie/OneDrive/Leite,Walter's files - Storiza Corpus Spring 2025/Processed_Utterances/annotated_sentence_segments/uid_TzE1wYChYkTUAVNeVtZjXuO8cBi2_sid_pySDZ4yAjo7SGZyp1oNc_1743435247_195801112_sentence_segment_close.wav",18.37121852031818,31.777717485015216,18.336673346693388,31.7434869739479
"/home/michaelbennie/OneDrive/Leite,Walter's files - Storiza Corpus Spring 2025/Processed_Utterances/annotated_sentence_segments/uid_TzE1wYChYkTUAVNeVtZjXuO8cBi2_sid_pySDZ4yAjo7SGZyp1oNc_1743435247_195801113_sentence_segment_close.wav",31.750835866371222,37.826500302548986,31.783567134268537,37.855711422845694
"/home/michaelbennie/OneDrive/Leite,Walter's files - Storiza Corpus Spring 2025/Processed_Utterances/annotated_sentence_segments/uid_TzE1wYChYkTUAVNeVtZjXuO8cBi2_sid_pySDZ4yAjo7SGZyp1oNc_1743435247_195801114_sentence_segment_close.wav",37.85078985594719,41.6900688456035,37.875751503006015,41.723446893787575
"/home/michaelbennie/OneDrive/Leite,Walter's files - Storiza Corpus Spring 2025/Processed_Utterances/annotated_sentence_segments/uid_TzE1wYChYkTUAVNeVtZjXuO8cBi2_sid_pySDZ4yAjo7SGZyp1oNc_1743435247_195801115_sentence_segment_close.wav",41.75038809697909,56.55474165948424,41.73346693386773,56.53306613226453
"/home/michaelbennie/OneDrive/Leite,Walter's files - Storiza Corpus Spring 2025/Processed_Utterances/annotated_sentence_segments/uid_TzE1wYChYkTUAVNeVtZjXuO8cBi2_sid_pySDZ4yAjo7SGZyp1oNc_1743435247_195801116_sentence_segment_close.wav",57.474422936744276,66.40868075401752,57.43486973947896,66.3927855711423
"/home/michaelbennie/OneDrive/Leite,Walter's files - Storiza Corpus Spring 2025/Processed_Utterances/annotated_sentence_segments/uid_TzE1wYChYkTUAVNeVtZjXuO8cBi2_sid_pySDZ4yAjo7SGZyp1oNc_1743435247_195801117_sentence_segment_close.wav",68.14376161311453,77.59932710996969,66.71342685370742,77.63997732426304
"/home/michaelbennie/OneDrive/Leite,Walter's files - Storiza Corpus Spring 2025/Processed_Utterances/annotated_sentence_segments/uid_0FdMSMtn95PJ9tLFeW3F4sFLPMh1_sid_I3zB5EN064Hgyj1wYaJb_1743128471_195801118_sentence_segment_close.wav",0.18128325334564388,6.691335117631642,0.1342281879194631,6.700223713646532
"/home/michaelbennie/OneDrive/Leite,Walter's files - Storiza Corpus Spring 2025/Processed_Utterances/annotated_sentence_segments/uid_0FdMSMtn95PJ9tLFeW3F4sFLPMh1_sid_I3zB5EN064Hgyj1wYaJb_1743128471_195801119_sentence_segment_close.wav",6.6979762948127055,15.72888047269592,6.711409395973154,15.615212527964204
"/home/michaelbennie/OneDrive/Leite,Walter's files - Storiza Corpus Spring 2025/Processed_Utterances/annotated_sentence_segments/uid_0FdMSMtn95PJ9tLFeW3F4sFLPMh1_sid_I3zB5EN064Hgyj1wYaJb_1743128471_195801120_sentence_segment_close.wav",17.51667305317526,23.7260188077249,17.459860465993785,23.90380313199105
"/home/michaelbennie/OneDrive/Leite,Walter's files - Storiza Corpus Spring 2025/Processed_Utterances/annotated_sentence_segments/uid_0FdMSMtn95PJ9tLFeW3F4sFLPMh1_sid_I3zB5EN064Hgyj1wYaJb_1743128471_195801121_sentence_segment_close.wav",23.925974928047268,27.28551260143829,23.93736017897092,27.32662192393736
"/home/michaelbennie/OneDrive/Leite,Walter's files - Storiza Corpus Spring 2025/Processed_Utterances/annotated_sentence_segments/uid_0FdMSMtn95PJ9tLFeW3F4sFLPMh1_sid_I3zB5EN064Hgyj1wYaJb_1743128471_195801122_sentence_segment_close.wav",28.306877894596482,32.67805739179917,28.165548098434,32.785234899328856
"/home/michaelbennie/OneDrive/Leite,Walter's files - Storiza Corpus Spring 2025/Processed_Utterances/annotated_sentence_segments/uid_0FdMSMtn95PJ9tLFeW3F4sFLPMh1_sid_I3zB5EN064Hgyj1wYaJb_1743128471_195801123_sentence_segment_close.wav",32.7425085882967,39.95415869575593,32.8076062639821,40.42505592841163
"/home/michaelbennie/OneDrive/Leite,Walter's files - Storiza Corpus Spring 2025/Processed_Utterances/annotated_sentence_segments/uid_0FdMSMtn95PJ9tLFeW3F4sFLPMh1_sid_I3zB5EN064Hgyj1wYaJb_1743128471_195801124_sentence_segment_close.wav",41.83417962684314,55.85189944289733,41.38702460850112,56.15212527964206
"/home/michaelbennie/OneDrive/Leite,Walter's files - Storiza Corpus Spring 2025/Processed_Utterances/annotated_sentence_segments/uid_0FdMSMtn95PJ9tLFeW3F4sFLPMh1_sid_I3zB5EN064Hgyj1wYaJb_1743128471_195801125_sentence_segment_close.wav",56.21666549427339,60.32451543588691,56.16331096196868,60.35794183445189
"/home/michaelbennie/OneDrive/Leite,Walter's files - Storiza Corpus Spring 2025/Processed_Utterances/annotated_sentence_segments/uid_0FdMSMtn95PJ9tLFeW3F4sFLPMh1_sid_I3zB5EN064Hgyj1wYaJb_1743128471_195801126_sentence_segment_close.wav",61.65630507432977,72.18476398531025,61.25279642058166,72.28187919463086
"/home/michaelbennie/OneDrive/Leite,Walter's files - Storiza Corpus Spring 2025/Processed_Utterances/annotated_sentence_segments/uid_0FdMSMtn95PJ9tLFeW3F4sFLPMh1_sid_I3zB5EN064Hgyj1wYaJb_1743128471_195801127_sentence_segment_close.wav",72.49371998319678,77.13368887963142,72.43847874720358,77.37136465324384
"/home/michaelbennie/OneDrive/Leite,Walter's files - Storiza Corpus Spring 2025/Processed_Utterances/annotated_sentence_segments/uid_0FdMSMtn95PJ9tLFeW3F4sFLPMh1_sid_I3zB5EN064Hgyj1wYaJb_1743128471_195801128_sentence_segment_close.wav",78.38844190588091,83.38263355422534,78.3624183354225,83.41697465152065
"/home/michaelbennie/OneDrive/Leite,Walter's files - Storiza Corpus Spring 2025/Processed_Utterances/annotated_sentence_segments/uid_0FdMSMtn95PJ9tLFeW3F4sFLPMh1_sid_I3zB5EN064Hgyj1wYaJb_1743128471_195801129_sentence_segment_close.wav",83.35295475192324,90.17432480994738,83.41883885193094,90.36848865322273
"/home/michaelbennie/OneDrive/Leite,Walter's files - Storiza Corpus Spring 2025/Processed_Utterances/annotated_sentence_segments/uid_0FdMSMtn95PJ9tLFeW3F4sFLPMh1_sid_I3zB5EN064Hgyj1wYaJb_1743128471_195801130_sentence_segment_close.wav",91.80435365201703,101.84585715509999,91.11856823266218,101.92393736017895
"/home/michaelbennie/OneDrive/Leite,Walter's files - Storiza Corpus Spring 2025/Processed_Utterances/annotated_sentence_segments/uid_0FdMSMtn95PJ9tLFeW3F4sFLPMh1_sid_I3zB5EN064Hgyj1wYaJb_1743128471_195801131_sentence_segment_close.wav",102.22185270772137,108.8990488610265,102.10290827740492,109.07158836689038
"/home/michaelbennie/OneDrive/Leite,Walter's files - Storiza Corpus Spring 2025/Processed_Utterances/annotated_sentence_segments/uid_0FdMSMtn95PJ9tLFeW3F4sFLPMh1_sid_I3zB5EN064Hgyj1wYaJb_1743128471_195801132_sentence_segment_close.wav",110.86511165830234,119.54427651118428,110.76062639821028,119.7986577181208
"/home/michaelbennie/OneDrive/Leite,Walter's files - Storiza Corpus Spring 2025/Processed_Utterances/annotated_sentence_segments/uid_4w6SC0KmlKV4YmJTalgWiZalQHi2_sid_pnXNeNgz1Tr774mcdDI0_1742510004_195801133_sentence_segment_close.wav",1.9184184603065981,9.269973892772418,1.9038076152304608,9.278557114228455
"/home/michaelbennie/OneDrive/Leite,Walter's files - Storiza Corpus Spring 2025/Processed_Utterances/annotated_sentence_segments/uid_4w6SC0KmlKV4YmJTalgWiZalQHi2_sid_pnXNeNgz1Tr774mcdDI0_1742510004_195801134_sentence_segment_close.wav",9.667525032200153,33.06577527023634,9.659318637274549,32.85571142284569
"/home/michaelbennie/OneDrive/Leite,Walter's files - Storiza Corpus Spring 2025/Processed_Utterances/annotated_sentence_segments/uid_4w6SC0KmlKV4YmJTalgWiZalQHi2_sid_pnXNeNgz1Tr774mcdDI0_1742510004_195801135_sentence_segment_close.wav",33.28725942306273,41.53217167130117,33.276553106212425,41.48296593186373
"/home/michaelbennie/OneDrive/Leite,Walter's files - Storiza Corpus Spring 2025/Processed_Utterances/annotated_sentence_segments/uid_4w6SC0KmlKV4YmJTalgWiZalQHi2_sid_pnXNeNgz1Tr774mcdDI0_1742510004_195801136_sentence_segment_close.wav",42.563280918666436,68.28487443883752,42.59519038076152,68.28657314629257
"/home/michaelbennie/OneDrive/Leite,Walter's files - Storiza Corpus Spring 2025/Processed_Utterances/annotated_sentence_segments/uid_4w6SC0KmlKV4YmJTalgWiZalQHi2_sid_pnXNeNgz1Tr774mcdDI0_1742510004_195801137_sentence_segment_close.wav",69.14597469797107,80.93703661185418,69.13827655310621,80.9819639278557
"/home/michaelbennie/OneDrive/Leite,Walter's files - Storiza Corpus Spring 2025/Processed_Utterances/annotated_sentence_segments/uid_4w6SC0KmlKV4YmJTalgWiZalQHi2_sid_pnXNeNgz1Tr774mcdDI0_1742510004_195801138_sentence_segment_close.wav",82.26066298290557,109.39294823184687,82.27454909819639,109.7194388777555
"/home/michaelbennie/OneDrive/Leite,Walter's files - Storiza Corpus Spring 2025/Processed_Utterances/annotated_sentence_segments/uid_4w6SC0KmlKV4YmJTalgWiZalQHi2_sid_pnXNeNgz1Tr774mcdDI0_1742510004_195801139_sentence_segment_close.wav",113.07608824696187,135.5569074535753,113.0761523046092,135.59118236472943
"/home/michaelbennie/OneDrive/Leite,Walter's files - Storiza Corpus Spring 2025/Processed_Utterances/annotated_sentence_segments/uid_4w6SC0KmlKV4YmJTalgWiZalQHi2_sid_pnXNeNgz1Tr774mcdDI0_1742510004_195801140_sentence_segment_close.wav",135.9833710612399,158.22645620431373,136.01202404809618,158.21643286573146
"/home/michaelbennie/OneDrive/Leite,Walter's files - Storiza Corpus Spring 2025/Processed_Utterances/annotated_sentence_segments/uid_4w6SC0KmlKV4YmJTalgWiZalQHi2_sid_pnXNeNgz1Tr774mcdDI0_1742510004_195801141_sentence_segment_close.wav",159.0534547450628,177.07389785921137,159.11823647294588,177.10214165292035
"/home/michaelbennie/OneDrive/Leite,Walter's files - Storiza Corpus Spring 2025/Processed_Utterances/annotated_sentence_segments/uid_ejZWulX03uRlAA3C5VqYK6jKNYs1_sid_WmRXbqI5CWDvZvwjQQzO_1741134602_195801142_sentence_segment_close.wav",1.5548680240639468,16.93180284479598,1.5890258064638232,16.924588253327652
"/home/michaelbennie/OneDrive/Leite,Walter's files - Storiza Corpus Spring 2025/Processed_Utterances/annotated_sentence_segments/uid_ejZWulX03uRlAA3C5VqYK6jKNYs1_sid_WmRXbqI5CWDvZvwjQQzO_1741134602_195801143_sentence_segment_close.wav",17.0847387344979,32.71865880310996,17.12601326455416,32.7044952100221
"/home/michaelbennie/OneDrive/Leite,Walter's files - Storiza Corpus Spring 2025/Processed_Utterances/annotated_sentence_segments/uid_ejZWulX03uRlAA3C5VqYK6jKNYs1_sid_WmRXbqI5CWDvZvwjQQzO_1741134602_195801144_sentence_segment_close.wav",33.007489149952676,44.73672028201246,33.05330505595983,44.72611271992446
"/home/michaelbennie/OneDrive/Leite,Walter's files - Storiza Corpus Spring 2025/Processed_Utterances/annotated_sentence_segments/uid_ejZWulX03uRlAA3C5VqYK6jKNYs1_sid_WmRXbqI5CWDvZvwjQQzO_1741134602_195801145_sentence_segment_close.wav",45.19391487033559,56.20916324048473,45.362317641166165,56.158190890981935
"/home/michaelbennie/OneDrive/Leite,Walter's files - Storiza Corpus Spring 2025/Processed_Utterances/annotated_sentence_segments/uid_ejZWulX03uRlAA3C5VqYK6jKNYs1_sid_WmRXbqI5CWDvZvwjQQzO_1741134602_195801146_sentence_segment_close.wav",56.800745341811044,69.71849130115461,56.845983787767125,69.6831245394252
"/home/michaelbennie/OneDrive/Leite,Walter's files - Storiza Corpus Spring 2025/Processed_Utterances/annotated_sentence_segments/uid_ejZWulX03uRlAA3C5VqYK6jKNYs1_sid_WmRXbqI5CWDvZvwjQQzO_1741134602_195801147_sentence_segment_close.wav",70.59939168188585,75.41150563602483,70.59690493736181,75.3942520265291
"/home/michaelbennie/OneDrive/Leite,Walter's files - Storiza Corpus Spring 2025/Processed_Utterances/annotated_sentence_segments/uid_ejZWulX03uRlAA3C5VqYK6jKNYs1_sid_WmRXbqI5CWDvZvwjQQzO_1741134602_195801148_sentence_segment_close.wav",75.7424113706973,83.9622145074315,75.7528886675571,83.92532787168385
"/home/michaelbennie/OneDrive/Leite,Walter's files - Storiza Corpus Spring 2025/Processed_Utterances/annotated_sentence_segments/uid_ejZWulX03uRlAA3C5VqYK6jKNYs1_sid_WmRXbqI5CWDvZvwjQQzO_1741134602_195801149_sentence_segment_close.wav",83.92626445935258,90.0040467063333,83.96132445935258,90.08582978151838
"/home/michaelbennie/OneDrive/Leite,Walter's files - Storiza Corpus Spring 2025/Processed_Utterances/annotated_sentence_segments/uid_ejZWulX03uRlAA3C5VqYK6jKNYs1_sid_WmRXbqI5CWDvZvwjQQzO_1741134602_195801150_sentence_segment_close.wav",120.36564658282185,128.18473906313562,121.02989860984889,128.16752476576517
"/home/michaelbennie/OneDrive/Leite,Walter's files - Storiza Corpus Spring 2025/Processed_Utterances/annotated_sentence_segments/uid_ejZWulX03uRlAA3C5VqYK6jKNYs1_sid_WmRXbqI5CWDvZvwjQQzO_1741134602_195801151_sentence_segment_close.wav",128.927280815993,134.72071983541235,128.9441387879737,134.70137497977413
"/home/michaelbennie/OneDrive/Leite,Walter's files - Storiza Corpus Spring 2025/Processed_Utterances/annotated_sentence_segments/uid_ejZWulX03uRlAA3C5VqYK6jKNYs1_sid_WmRXbqI5CWDvZvwjQQzO_1741134602_195801152_sentence_segment_close.wav",135.41918145579544,158.68724345240565,135.4353384241089,158.74709479371484
"/home/michaelbennie/OneDrive/Leite,Walter's files - Storiza Corpus Spring 2025/Processed_Utterances/annotated_sentence_segments/uid_ejZWulX03uRlAA3C5VqYK6jKNYs1_sid_WmRXbqI5CWDvZvwjQQzO_1741134602_195801153_sentence_segment_close.wav",160.114553620921,172.42139801453146,160.1606733732408,172.39273117886762
"/home/michaelbennie/OneDrive/Leite,Walter's files - Storiza Corpus Spring 2025/Processed_Utterances/annotated_sentence_segments/uid_ejZWulX03uRlAA3C5VqYK6jKNYs1_sid_WmRXbqI5CWDvZvwjQQzO_1741134602_195801154_sentence_segment_close.wav",173.02339543123637,182.73929252389865,173.0309633961514,182.7076183971108
"/home/michaelbennie/OneDrive/Leite,Walter's files - Storiza Corpus Spring 2025/Processed_Utterances/annotated_sentence_segments/uid_ejZWulX03uRlAA3C5VqYK6jKNYs1_sid_WmRXbqI5CWDvZvwjQQzO_1741134602_195801155_sentence_segment_close.wav",183.6245253881894,195.62487492624084,183.5815073571881,195.6294583325075
"/home/michaelbennie/OneDrive/Leite,Walter's files - Storiza Corpus Spring 2025/Processed_Utterances/annotated_sentence_segments/uid_XmxSYUZAj4dRqSczt2clQkDf31M2_sid_LFryXOdUKK1UQFJ2YOAA_1741232119_195801156_sentence_segment_close.wav",0.023956059067287823,12.424715907736665,0.0417589315528283,12.385163500454818
"/home/michaelbennie/OneDrive/Leite,Walter's files - Storiza Corpus Spring 2025/Processed_Utterances/annotated_sentence_segments/uid_XmxSYUZAj4dRqSczt2clQkDf31M2_sid_LFryXOdUKK1UQFJ2YOAA_1741232119_195801157_sentence_segment_close.wav",12.681778120084871,27.44667176043285,12.697183445962471,27.400854408719223
"/home/michaelbennie/OneDrive/Leite,Walter's files - Storiza Corpus Spring 2025/Processed_Utterances/annotated_sentence_segments/uid_XmxSYUZAj4dRqSczt2clQkDf31M2_sid_LFryXOdUKK1UQFJ2YOAA_1741232119_195801158_sentence_segment_close.wav",29.838227166500268,48.84407263791904,29.855432111207943,48.82982951055829
"/home/michaelbennie/OneDrive/Leite,Walter's files - Storiza Corpus Spring 2025/Processed_Utterances/annotated_sentence_segments/uid_XmxSYUZAj4dRqSczt2clQkDf31M2_sid_LFryXOdUKK1UQFJ2YOAA_1741232119_195801159_sentence_segment_close.wav",50.031133741878136,68.36466181598335,50.07892486761818,68.30386331012899
"/home/michaelbennie/OneDrive/Leite,Walter's files - Storiza Corpus Spring 2025/Processed_Utterances/annotated_sentence_segments/uid_XmxSYUZAj4dRqSczt2clQkDf31M2_sid_LFryXOdUKK1UQFJ2YOAA_1741232119_195801160_sentence_segment_close.wav",68.84924323429257,82.84123170621888,68.87091813934363,82.81323397134277
"/home/michaelbennie/OneDrive/Leite,Walter's files - Storiza Corpus Spring 2025/Processed_Utterances/annotated_sentence_segments/uid_XmxSYUZAj4dRqSczt2clQkDf31M2_sid_LFryXOdUKK1UQFJ2YOAA_1741232119_195801161_sentence_segment_close.wav",86.29106131960137,102.50675407411615,86.5269894189242,102.7062380375908
"/home/michaelbennie/OneDrive/Leite,Walter's files - Storiza Corpus Spring 2025/Processed_Utterances/annotated_sentence_segments/uid_XmxSYUZAj4dRqSczt2clQkDf31M2_sid_LFryXOdUKK1UQFJ2YOAA_1741232119_195801162_sentence_segment_close.wav",104.40735679113308,132.57583900775302,103.54033626418428,132.78113175484458
"/home/michaelbennie/OneDrive/Leite,Walter's files - Storiza Corpus Spring 2025/Processed_Utterances/annotated_sentence_segments/uid_XmxSYUZAj4dRqSczt2clQkDf31M2_sid_LFryXOdUKK1UQFJ2YOAA_1741232119_195801163_sentence_segment_close.wav",133.20814670269672,153.4718891160916,133.23424670690596,153.50532706332788
"/home/michaelbennie/OneDrive/Leite,Walter's files - Storiza Corpus Spring 2025/Processed_Utterances/annotated_sentence_segments/uid_qgT735VZ7OPJmWzvIgZGZAchHgD2_sid_zc9v6xHGoOKKE84qe071_1741610746_195801164_sentence_segment_close.wav",0.6600842520374455,11.011914034382121,0.7295021673999021,10.980103168754605
"/home/michaelbennie/OneDrive/Leite,Walter's files - Storiza Corpus Spring 2025/Processed_Utterances/annotated_sentence_segments/uid_qgT735VZ7OPJmWzvIgZGZAchHgD2_sid_zc9v6xHGoOKKE84qe071_1741610746_195801165_sentence_segment_close.wav",11.44524712193552,26.67691675639445,11.488553572445234,26.60323704524274
"/home/michaelbennie/OneDrive/Leite,Walter's files - Storiza Corpus Spring 2025/Processed_Utterances/annotated_sentence_segments/uid_qgT735VZ7OPJmWzvIgZGZAchHgD2_sid_zc9v6xHGoOKKE84qe071_1741610746_195801166_sentence_segment_close.wav",27.10610252226518,45.37358475239269,27.22212023387924,45.500950246829845
"/home/michaelbennie/OneDrive/Leite,Walter's files - Storiza Corpus Spring 2025/Processed_Utterances/annotated_sentence_segments/uid_qgT735VZ7OPJmWzvIgZGZAchHgD2_sid_zc9v6xHGoOKKE84qe071_1741610746_195801167_sentence_segment_close.wav",52.19864542618262,66.22395610320021,52.23892834059037,66.21608805721712
"/home/michaelbennie/OneDrive/Leite,Walter's files - Storiza Corpus Spring 2025/Processed_Utterances/annotated_sentence_segments/uid_qgT735VZ7OPJmWzvIgZGZAchHgD2_sid_zc9v6xHGoOKKE84qe071_1741610746_195801168_sentence_segment_close.wav",66.66867277673639,77.02455798928429,66.66063757112292,76.97680129087831
"/home/michaelbennie/OneDrive/Leite,Walter's files - Storiza Corpus Spring 2025/Processed_Utterances/annotated_sentence_segments/uid_qgT735VZ7OPJmWzvIgZGZAchHgD2_sid_zc9v6xHGoOKKE84qe071_1741610746_195801169_sentence_segment_close.wav",77.54975159763767,114.02366365283616,77.57188850782828,113.9862861399083
"/home/michaelbennie/OneDrive/Leite,Walter's files - Storiza Corpus Spring 2025/Processed_Utterances/annotated_sentence_segments/uid_qgT735VZ7OPJmWzvIgZGZAchHgD2_sid_zc9v6xHGoOKKE84qe071_1741610746_195801170_sentence_segment_close.wav",117.83622315826017,158.081469614103,117.9761745687322,158.07949568499308
"/home/michaelbennie/OneDrive/Leite,Walter's files - Storiza Corpus Spring 2025/Processed_Utterances/annotated_sentence_segments/uid_qgT735VZ7OPJmWzvIgZGZAchHgD2_sid_zc9v6xHGoOKKE84qe071_1741610746_195801171_sentence_segment_close.wav",158.54049390369286,177.0367893582383,158.51986890369287,177.3384844494639
"/home/michaelbennie/OneDrive/Leite,Walter's files - Storiza Corpus Spring 2025/Processed_Utterances/annotated_sentence_segments/uid_MxRr8Ht6WZT2EokHSRsT2U2Pq3h1_sid_HcDQBddR4fT9k3NScyyn_1742333249_195801172_sentence_segment_close.wav",4.008306530167934,8.915455730888006,4.060773480662983,8.968692449355432
"/home/michaelbennie/OneDrive/Leite,Walter's files - Storiza Corpus Spring 2025/Processed_Utterances/annotated_sentence_segments/uid_MxRr8Ht6WZT2EokHSRsT2U2Pq3h1_sid_HcDQBddR4fT9k3NScyyn_1742333249_195801173_sentence_segment_close.wav",10.546284895425417,31.118990045975785,10.143253215392749,31.279114182732872
"/home/michaelbennie/OneDrive/Leite,Walter's files - Storiza Corpus Spring 2025/Processed_Utterances/annotated_sentence_segments/uid_MxRr8Ht6WZT2EokHSRsT2U2Pq3h1_sid_HcDQBddR4fT9k3NScyyn_1742333249_195801174_sentence_segment_close.wav",32.30686719585991,48.03160209594992,31.91613008514884,48.22459365424504
"/home/michaelbennie/OneDrive/Leite,Walter's files - Storiza Corpus Spring 2025/Processed_Utterances/annotated_sentence_segments/uid_MxRr8Ht6WZT2EokHSRsT2U2Pq3h1_sid_HcDQBddR4fT9k3NScyyn_1742333249_195801175_sentence_segment_close.wav",52.03177063036459,60.662329234237774,51.33109655601728,60.9901892210572
"/home/michaelbennie/OneDrive/Leite,Walter's files - Storiza Corpus Spring 2025/Processed_Utterances/annotated_sentence_segments/uid_MxRr8Ht6WZT2EokHSRsT2U2Pq3h1_sid_HcDQBddR4fT9k3NScyyn_1742333249_195801176_sentence_segment_close.wav",61.78466437675241,70.69832820393513,61.69254008782352,70.84320512820513
"/home/michaelbennie/OneDrive/Leite,Walter's files - Storiza Corpus Spring 2025/Processed_Utterances/annotated_sentence_segments/uid_WU2CHNrkg8hTa41RUFdbv0AtTC42_sid_XkmNpDJGsnHItBUM4m73_1741135231_195801177_sentence_segment_close.wav",0.923805644417216,6.645482209673742,1.011070548107585,6.661510525531689
"/home/michaelbennie/OneDrive/Leite,Walter's files - Storiza Corpus Spring 2025/Processed_Utterances/annotated_sentence_segments/uid_WU2CHNrkg8hTa41RUFdbv0AtTC42_sid_XkmNpDJGsnHItBUM4m73_1741135231_195801178_sentence_segment_close.wav",6.853671913327488,30.19028904883168,6.852169543174834,30.1472349715736
"/home/michaelbennie/OneDrive/Leite,Walter's files - Storiza Corpus Spring 2025/Processed_Utterances/annotated_sentence_segments/uid_WU2CHNrkg8hTa41RUFdbv0AtTC42_sid_XkmNpDJGsnHItBUM4m73_1741135231_195801179_sentence_segment_close.wav",31.223982419155696,41.08411440434938,31.24496870951897,41.07835198311389
"/home/michaelbennie/OneDrive/Leite,Walter's files - Storiza Corpus Spring 2025/Processed_Utterances/annotated_sentence_segments/uid_WU2CHNrkg8hTa41RUFdbv0AtTC42_sid_XkmNpDJGsnHItBUM4m73_1741135231_195801180_sentence_segment_close.wav",42.48672467823399,56.94483455852202,42.540071118378,56.89149535551652
"/home/michaelbennie/OneDrive/Leite,Walter's files - Storiza Corpus Spring 2025/Processed_Utterances/annotated_sentence_segments/uid_WU2CHNrkg8hTa41RUFdbv0AtTC42_sid_XkmNpDJGsnHItBUM4m73_1741135231_195801181_sentence_segment_close.wav",57.30961676245879,66.5127396895515,57.3594765806406,66.51110942751154
"/home/michaelbennie/OneDrive/Leite,Walter's files - Storiza Corpus Spring 2025/Processed_Utterances/annotated_sentence_segments/uid_ILoW3cdKuQPYK9GCBc6aoCHzooz2_sid_UGQfLcRY6hRwQEmiQvog_1742518884_195801182_sentence_segment_close.wav",2.229059563815299,7.5361286925281705,2.034068136272545,7.555110220440882
"/home/michaelbennie/OneDrive/Leite,Walter's files - Storiza Corpus Spring 2025/Processed_Utterances/annotated_sentence_segments/uid_ILoW3cdKuQPYK9GCBc6aoCHzooz2_sid_UGQfLcRY6hRwQEmiQvog_1742518884_195801183_sentence_segment_close.wav",7.816212807079505,11.689054945693366,7.8156312625250495,11.663326653306614
"/home/michaelbennie/OneDrive/Leite,Walter's files - Storiza Corpus Spring 2025/Processed_Utterances/annotated_sentence_segments/uid_ILoW3cdKuQPYK9GCBc6aoCHzooz2_sid_UGQfLcRY6hRwQEmiQvog_1742518884_195801184_sentence_segment_close.wav",11.881712109327566,14.658483594476081,11.88376753507014,14.66933867735471
"/home/michaelbennie/OneDrive/Leite,Walter's files - Storiza Corpus Spring 2025/Processed_Utterances/annotated_sentence_segments/uid_ILoW3cdKuQPYK9GCBc6aoCHzooz2_sid_UGQfLcRY6hRwQEmiQvog_1742518884_195801185_sentence_segment_close.wav",15.315092384803814,21.24544936320165,15.350701402805614,21.25250501002004
"/home/michaelbennie/OneDrive/Leite,Walter's files - Storiza Corpus Spring 2025/Processed_Utterances/annotated_sentence_segments/uid_ILoW3cdKuQPYK9GCBc6aoCHzooz2_sid_UGQfLcRY6hRwQEmiQvog_1742518884_195801186_sentence_segment_close.wav",21.449017830949032,26.734429411507087,21.44288577154309,26.77354709418838
"/home/michaelbennie/OneDrive/Leite,Walter's files - Storiza Corpus Spring 2025/Processed_Utterances/annotated_sentence_segments/uid_ILoW3cdKuQPYK9GCBc6aoCHzooz2_sid_UGQfLcRY6hRwQEmiQvog_1742518884_195801187_sentence_segment_close.wav",26.778779701801444,32.81320410684195,26.793587174348698,32.80561122244489
"/home/michaelbennie/OneDrive/Leite,Walter's files - Storiza Corpus Spring 2025/Processed_Utterances/annotated_sentence_segments/uid_ILoW3cdKuQPYK9GCBc6aoCHzooz2_sid_UGQfLcRY6hRwQEmiQvog_1742518884_195801188_sentence_segment_close.wav",33.08687250257672,41.52671691481794,33.0561122244489,41.47294589178357
"/home/michaelbennie/OneDrive/Leite,Walter's files - Storiza Corpus Spring 2025/Processed_Utterances/annotated_sentence_segments/uid_ILoW3cdKuQPYK9GCBc6aoCHzooz2_sid_UGQfLcRY6hRwQEmiQvog_1742518884_195801189_sentence_segment_close.wav",44.240858227385466,55.4618463658393,42.28456913827655,55.550657596371884
"/home/michaelbennie/OneDrive/Leite,Walter's files - Storiza Corpus Spring 2025/Processed_Utterances/annotated_sentence_segments/uid_ovpeape9PZbAq7VLrirwGOYrvsh1_sid_6fnfuvblTgmIO9N12dX6_1742390146_195801190_sentence_segment_close.wav",0.693381104697249,3.4926593853553114,0.7054065538072314,3.505975856982209
"/home/michaelbennie/OneDrive/Leite,Walter's files - Storiza Corpus Spring 2025/Processed_Utterances/annotated_sentence_segments/uid_ovpeape9PZbAq7VLrirwGOYrvsh1_sid_6fnfuvblTgmIO9N12dX6_1742390146_195801191_sentence_segment_close.wav",3.7496946647882017,6.866665907324049,3.824169051884976,6.8563643876533735
"/home/michaelbennie/OneDrive/Leite,Walter's files - Storiza Corpus Spring 2025/Processed_Utterances/annotated_sentence_segments/uid_ovpeape9PZbAq7VLrirwGOYrvsh1_sid_6fnfuvblTgmIO9N12dX6_1742390146_195801192_sentence_segment_close.wav",6.8207841221147305,10.181967721717665,6.933573065184514,10.169318550807734
"/home/michaelbennie/OneDrive/Leite,Walter's files - Storiza Corpus Spring 2025/Processed_Utterances/annotated_sentence_segments/uid_ovpeape9PZbAq7VLrirwGOYrvsh1_sid_6fnfuvblTgmIO9N12dX6_1742390146_195801193_sentence_segment_close.wav",10.553156998176345,15.683873209024556,10.569041100043917,15.539685259829808
"/home/michaelbennie/OneDrive/Leite,Walter's files - Storiza Corpus Spring 2025/Processed_Utterances/annotated_sentence_segments/uid_ovpeape9PZbAq7VLrirwGOYrvsh1_sid_6fnfuvblTgmIO9N12dX6_1742390146_195801194_sentence_segment_close.wav",15.713692331859878,18.373345496376757,15.724322237247966,18.37011204709641
"/home/michaelbennie/OneDrive/Leite,Walter's files - Storiza Corpus Spring 2025/Processed_Utterances/annotated_sentence_segments/uid_ovpeape9PZbAq7VLrirwGOYrvsh1_sid_6fnfuvblTgmIO9N12dX6_1742390146_195801195_sentence_segment_close.wav",18.760667120479038,26.988440219286836,18.781426774603897,27.03393063964813
"/home/michaelbennie/OneDrive/Leite,Walter's files - Storiza Corpus Spring 2025/Processed_Utterances/annotated_sentence_segments/uid_ovpeape9PZbAq7VLrirwGOYrvsh1_sid_6fnfuvblTgmIO9N12dX6_1742390146_195801196_sentence_segment_close.wav",27.776152951707918,33.24600399936262,27.81362899936262,33.23598639455782
"/home/michaelbennie/OneDrive/Leite,Walter's files - Storiza Corpus Spring 2025/Processed_Utterances/annotated_sentence_segments/uid_ejZWulX03uRlAA3C5VqYK6jKNYs1_sid_RBMprRllkH5xVJqqGogv_1741298204_195801197_sentence_segment_close.wav",1.5725555461232168,4.170987755679915,1.55310621242485,4.208416833667336
"/home/michaelbennie/OneDrive/Leite,Walter's files - Storiza Corpus Spring 2025/Processed_Utterances/annotated_sentence_segments/uid_ejZWulX03uRlAA3C5VqYK6jKNYs1_sid_RBMprRllkH5xVJqqGogv_1741298204_195801198_sentence_segment_close.wav",5.71656119604234,9.335395135449097,5.651302605210422,9.408817635270545
"/home/michaelbennie/OneDrive/Leite,Walter's files - Storiza Corpus Spring 2025/Processed_Utterances/annotated_sentence_segments/uid_ejZWulX03uRlAA3C5VqYK6jKNYs1_sid_RBMprRllkH5xVJqqGogv_1741298204_195801199_sentence_segment_close.wav",10.277474600148306,14.474499052630838,10.200400801603209,14.529058116232468
"/home/michaelbennie/OneDrive/Leite,Walter's files - Storiza Corpus Spring 2025/Processed_Utterances/annotated_sentence_segments/uid_ejZWulX03uRlAA3C5VqYK6jKNYs1_sid_RBMprRllkH5xVJqqGogv_1741298204_195801200_sentence_segment_close.wav",15.174051552974948,25.814098130484695,15.140280561122248,25.801603206412832
"/home/michaelbennie/OneDrive/Leite,Walter's files - Storiza Corpus Spring 2025/Processed_Utterances/annotated_sentence_segments/uid_ejZWulX03uRlAA3C5VqYK6jKNYs1_sid_RBMprRllkH5xVJqqGogv_1741298204_195801201_sentence_segment_close.wav",27.232818918108876,31.982155236436153,27.204408817635272,32.06412825651303
"/home/michaelbennie/OneDrive/Leite,Walter's files - Storiza Corpus Spring 2025/Processed_Utterances/annotated_sentence_segments/uid_ejZWulX03uRlAA3C5VqYK6jKNYs1_sid_RBMprRllkH5xVJqqGogv_1741298204_195801202_sentence_segment_close.wav",33.096346438243536,38.02276643127541,33.046092184368746,38.10621242484971
"/home/michaelbennie/OneDrive/Leite,Walter's files - Storiza Corpus Spring 2025/Processed_Utterances/annotated_sentence_segments/uid_ejZWulX03uRlAA3C5VqYK6jKNYs1_sid_RBMprRllkH5xVJqqGogv_1741298204_195801203_sentence_segment_close.wav",38.52979251465581,44.53057145679182,38.51703406813628,44.54909819639279
"/home/michaelbennie/OneDrive/Leite,Walter's files - Storiza Corpus Spring 2025/Processed_Utterances/annotated_sentence_segments/uid_ejZWulX03uRlAA3C5VqYK6jKNYs1_sid_RBMprRllkH5xVJqqGogv_1741298204_195801204_sentence_segment_close.wav",45.41423291156994,50.838601867933406,45.39078156312626,50.9118236472946
"/home/michaelbennie/OneDrive/Leite,Walter's files - Storiza Corpus Spring 2025/Processed_Utterances/annotated_sentence_segments/uid_ejZWulX03uRlAA3C5VqYK6jKNYs1_sid_RBMprRllkH5xVJqqGogv_1741298204_195801205_sentence_segment_close.wav",51.60054572130946,59.424774469141774,51.60320641282567,59.43887775551104
"/home/michaelbennie/OneDrive/Leite,Walter's files - Storiza Corpus Spring 2025/Processed_Utterances/annotated_sentence_segments/uid_ejZWulX03uRlAA3C5VqYK6jKNYs1_sid_RBMprRllkH5xVJqqGogv_1741298204_195801206_sentence_segment_close.wav",60.19799158661507,68.297718859757,60.14028056112225,68.34669338677355
"/home/michaelbennie/OneDrive/Leite,Walter's files - Storiza Corpus Spring 2025/Processed_Utterances/annotated_sentence_segments/uid_ejZWulX03uRlAA3C5VqYK6jKNYs1_sid_RBMprRllkH5xVJqqGogv_1741298204_195801207_sentence_segment_close.wav",69.802372171899,78.25196719230695,69.78957915831666,78.26653306613227
"/home/michaelbennie/OneDrive/Leite,Walter's files - Storiza Corpus Spring 2025/Processed_Utterances/annotated_sentence_segments/uid_ejZWulX03uRlAA3C5VqYK6jKNYs1_sid_RBMprRllkH5xVJqqGogv_1741298204_195801208_sentence_segment_close.wav",79.04494469060013,85.23574479604646,78.95628994951355,85.37913564089631
"/home/michaelbennie/OneDrive/Leite,Walter's files - Storiza Corpus Spring 2025/Processed_Utterances/annotated_sentence_segments/uid_ihIoefKsGwTDai7fGs9x3DyNvju2_sid_jzm10IkIQSzqDuCCySbp_1743981904_195801209_sentence_segment_close.wav",2.0479391315370346,3.6765205139782022,2.0486366985998528,3.684598378776714
"/home/michaelbennie/OneDrive/Leite,Walter's files - Storiza Corpus Spring 2025/Processed_Utterances/annotated_sentence_segments/uid_ihIoefKsGwTDai7fGs9x3DyNvju2_sid_jzm10IkIQSzqDuCCySbp_1743981904_195801210_sentence_segment_close.wav",4.1171208633072345,11.97735368097129,4.131663131994979,11.25030719979159
"/home/michaelbennie/OneDrive/Leite,Walter's files - Storiza Corpus Spring 2025/Processed_Utterances/annotated_sentence_segments/uid_ihIoefKsGwTDai7fGs9x3DyNvju2_sid_jzm10IkIQSzqDuCCySbp_1743981904_195801211_sentence_segment_close.wav",11.300515002368591,28.643999327436504,11.363301400147382,28.61459100957996
"/home/michaelbennie/OneDrive/Leite,Walter's files - Storiza Corpus Spring 2025/Processed_Utterances/annotated_sentence_segments/uid_ihIoefKsGwTDai7fGs9x3DyNvju2_sid_jzm10IkIQSzqDuCCySbp_1743981904_195801212_sentence_segment_close.wav",29.79365902780265,44.47415933690646,30.159664730333457,44.31589170159359
"/home/michaelbennie/OneDrive/Leite,Walter's files - Storiza Corpus Spring 2025/Processed_Utterances/annotated_sentence_segments/uid_ihIoefKsGwTDai7fGs9x3DyNvju2_sid_jzm10IkIQSzqDuCCySbp_1743981904_195801213_sentence_segment_close.wav",44.76154399375986,60.75799505226571,44.88753513237372,60.74426735630951
"/home/michaelbennie/OneDrive/Leite,Walter's files - Storiza Corpus Spring 2025/Processed_Utterances/annotated_sentence_segments/uid_ihIoefKsGwTDai7fGs9x3DyNvju2_sid_jzm10IkIQSzqDuCCySbp_1743981904_195801214_sentence_segment_close.wav",60.67218571595825,70.86804409219587,60.77983930011666,70.85824593877142
"/home/michaelbennie/OneDrive/Leite,Walter's files - Storiza Corpus Spring 2025/Processed_Utterances/annotated_sentence_segments/uid_ihIoefKsGwTDai7fGs9x3DyNvju2_sid_jzm10IkIQSzqDuCCySbp_1743981904_195801215_sentence_segment_close.wav",73.42667429110564,86.40680813552548,70.91446372388768,86.40645066682549
"/home/michaelbennie/OneDrive/Leite,Walter's files - Storiza Corpus Spring 2025/Processed_Utterances/annotated_sentence_segments/uid_ihIoefKsGwTDai7fGs9x3DyNvju2_sid_jzm10IkIQSzqDuCCySbp_1743981904_195801216_sentence_segment_close.wav",88.8785183502352,103.00268136794207,88.87295841143319,103.11482138428482
"/home/michaelbennie/OneDrive/Leite,Walter's files - Storiza Corpus Spring 2025/Processed_Utterances/annotated_sentence_segments/uid_ihIoefKsGwTDai7fGs9x3DyNvju2_sid_jzm10IkIQSzqDuCCySbp_1743981904_195801217_sentence_segment_close.wav",102.89456420685597,110.03624551109728,103.1379172272295,109.99194010300344
"/home/michaelbennie/OneDrive/Leite,Walter's files - Storiza Corpus Spring 2025/Processed_Utterances/annotated_sentence_segments/uid_ejZWulX03uRlAA3C5VqYK6jKNYs1_sid_uD4Bn5PhUJNjkdq3OWSc_1741298001_195801218_sentence_segment_close.wav",0.6863521942974241,5.407558407103457,1.1248974293254057,5.45510465445518
"/home/michaelbennie/OneDrive/Leite,Walter's files - Storiza Corpus Spring 2025/Processed_Utterances/annotated_sentence_segments/uid_ejZWulX03uRlAA3C5VqYK6jKNYs1_sid_uD4Bn5PhUJNjkdq3OWSc_1741298001_195801219_sentence_segment_close.wav",5.855917844674558,11.337474976153308,5.86079360546398,11.356386254980809
"/home/michaelbennie/OneDrive/Leite,Walter's files - Storiza Corpus Spring 2025/Processed_Utterances/annotated_sentence_segments/uid_ejZWulX03uRlAA3C5VqYK6jKNYs1_sid_uD4Bn5PhUJNjkdq3OWSc_1741298001_195801220_sentence_segment_close.wav",12.581213984267759,16.303963372730642,12.600413327588432,16.303200699117895
"/home/michaelbennie/OneDrive/Leite,Walter's files - Storiza Corpus Spring 2025/Processed_Utterances/annotated_sentence_segments/uid_ejZWulX03uRlAA3C5VqYK6jKNYs1_sid_uD4Bn5PhUJNjkdq3OWSc_1741298001_195801221_sentence_segment_close.wav",17.17104396097674,24.671329380524295,17.180073630455613,24.650095622069635
"/home/michaelbennie/OneDrive/Leite,Walter's files - Storiza Corpus Spring 2025/Processed_Utterances/annotated_sentence_segments/uid_ejZWulX03uRlAA3C5VqYK6jKNYs1_sid_uD4Bn5PhUJNjkdq3OWSc_1741298001_195801222_sentence_segment_close.wav",26.138622144807794,32.76364577331764,26.1343348089692,32.80169561403332
"/home/michaelbennie/OneDrive/Leite,Walter's files - Storiza Corpus Spring 2025/Processed_Utterances/annotated_sentence_segments/uid_ejZWulX03uRlAA3C5VqYK6jKNYs1_sid_uD4Bn5PhUJNjkdq3OWSc_1741298001_195801223_sentence_segment_close.wav",34.25436122423824,44.41789219897664,34.245133559673,44.42232844678987
"/home/michaelbennie/OneDrive/Leite,Walter's files - Storiza Corpus Spring 2025/Processed_Utterances/annotated_sentence_segments/uid_ejZWulX03uRlAA3C5VqYK6jKNYs1_sid_uD4Bn5PhUJNjkdq3OWSc_1741298001_195801224_sentence_segment_close.wav",45.50509414951195,51.889240938629705,45.433280466354574,51.85120421913759
"/home/michaelbennie/OneDrive/Leite,Walter's files - Storiza Corpus Spring 2025/Processed_Utterances/annotated_sentence_segments/uid_ejZWulX03uRlAA3C5VqYK6jKNYs1_sid_uD4Bn5PhUJNjkdq3OWSc_1741298001_195801225_sentence_segment_close.wav",55.14603838483844,62.480317724395,55.1033857562178,62.62337722412517
"/home/michaelbennie/OneDrive/Leite,Walter's files - Storiza Corpus Spring 2025/Processed_Utterances/annotated_sentence_segments/uid_ejZWulX03uRlAA3C5VqYK6jKNYs1_sid_uD4Bn5PhUJNjkdq3OWSc_1741298001_195801226_sentence_segment_close.wav",63.72196907680878,78.19779091448429,63.68344306884924,78.25342653791976
"/home/michaelbennie/OneDrive/Leite,Walter's files - Storiza Corpus Spring 2025/Processed_Utterances/annotated_sentence_segments/uid_mHWscHBXcoabM7fdw88AliGuPWw1_sid_b3myAjoaviyjqNdNgpJl_1743033650_195801227_sentence_segment_close.wav",3.9190911981394425,8.255320888205018,3.8931297709923673,8.314249363867685
"/home/michaelbennie/OneDrive/Leite,Walter's files - Storiza Corpus Spring 2025/Processed_Utterances/annotated_sentence_segments/uid_mHWscHBXcoabM7fdw88AliGuPWw1_sid_b3myAjoaviyjqNdNgpJl_1743033650_195801228_sentence_segment_close.wav",8.811724066257776,19.428885862815108,8.727735368956743,19.83187231267804
"/home/michaelbennie/OneDrive/Leite,Walter's files - Storiza Corpus Spring 2025/Processed_Utterances/annotated_sentence_segments/uid_mHWscHBXcoabM7fdw88AliGuPWw1_sid_b3myAjoaviyjqNdNgpJl_1743033650_195801229_sentence_segment_close.wav",19.91380219876057,23.558883669114685,19.879134860050893,23.767251565204177
"/home/michaelbennie/OneDrive/Leite,Walter's files - Storiza Corpus Spring 2025/Processed_Utterances/annotated_sentence_segments/uid_mHWscHBXcoabM7fdw88AliGuPWw1_sid_b3myAjoaviyjqNdNgpJl_1743033650_195801230_sentence_segment_close.wav",25.604174118324583,30.325317281307832,25.298982188295167,30.39440203562341
"/home/michaelbennie/OneDrive/Leite,Walter's files - Storiza Corpus Spring 2025/Processed_Utterances/annotated_sentence_segments/uid_mHWscHBXcoabM7fdw88AliGuPWw1_sid_b3myAjoaviyjqNdNgpJl_1743033650_195801231_sentence_segment_close.wav",30.85258315428315,33.33966086626904,30.674300254452927,33.56870229007634
"/home/michaelbennie/OneDrive/Leite,Walter's files - Storiza Corpus Spring 2025/Processed_Utterances/annotated_sentence_segments/uid_mHWscHBXcoabM7fdw88AliGuPWw1_sid_b3myAjoaviyjqNdNgpJl_1743033650_195801232_sentence_segment_close.wav",33.80306526581926,43.032193395816726,33.71501272264631,43.61238582711909
"/home/michaelbennie/OneDrive/Leite,Walter's files - Storiza Corpus Spring 2025/Processed_Utterances/annotated_sentence_segments/uid_mHWscHBXcoabM7fdw88AliGuPWw1_sid_b3myAjoaviyjqNdNgpJl_1743033650_195801233_sentence_segment_close.wav",44.27226880117884,49.53705112772519,44.21323057161207,49.96146435452793
"/home/michaelbennie/OneDrive/Leite,Walter's files - Storiza Corpus Spring 2025/Processed_Utterances/annotated_sentence_segments/uid_mHWscHBXcoabM7fdw88AliGuPWw1_sid_b3myAjoaviyjqNdNgpJl_1743033650_195801234_sentence_segment_close.wav",50.37404834302708,53.92965366031552,50.26332691072575,54.02055234425176
"/home/michaelbennie/OneDrive/Leite,Walter's files - Storiza Corpus Spring 2025/Processed_Utterances/annotated_sentence_segments/uid_mHWscHBXcoabM7fdw88AliGuPWw1_sid_b3myAjoaviyjqNdNgpJl_1743033650_195801235_sentence_segment_close.wav",54.384909669531126,64.30898789480196,54.05266538214514,64.50224791265254
"/home/michaelbennie/OneDrive/Leite,Walter's files - Storiza Corpus Spring 2025/Processed_Utterances/annotated_sentence_segments/uid_mHWscHBXcoabM7fdw88AliGuPWw1_sid_b3myAjoaviyjqNdNgpJl_1743033650_195801236_sentence_segment_close.wav",64.68434501935778,75.08334542985507,64.74878612716762,75.26416184971097
"/home/michaelbennie/OneDrive/Leite,Walter's files - Storiza Corpus Spring 2025/Processed_Utterances/annotated_sentence_segments/uid_mHWscHBXcoabM7fdw88AliGuPWw1_sid_TimeuyvM8OW2QTrM03GC_1741215243_195801237_sentence_segment_close.wav",1.6228223923177698,15.209700837772736,1.588366890380313,15.480984340044744
"/home/michaelbennie/OneDrive/Leite,Walter's files - Storiza Corpus Spring 2025/Processed_Utterances/annotated_sentence_segments/uid_mHWscHBXcoabM7fdw88AliGuPWw1_sid_TimeuyvM8OW2QTrM03GC_1741215243_195801238_sentence_segment_close.wav",15.656712266288391,30.75024630579224,15.615212527964207,31.11856823266219
"/home/michaelbennie/OneDrive/Leite,Walter's files - Storiza Corpus Spring 2025/Processed_Utterances/annotated_sentence_segments/uid_mHWscHBXcoabM7fdw88AliGuPWw1_sid_TimeuyvM8OW2QTrM03GC_1741215243_195801239_sentence_segment_close.wav",31.738345802147634,42.80881673552912,31.26398210290828,42.88590604026845
"/home/michaelbennie/OneDrive/Leite,Walter's files - Storiza Corpus Spring 2025/Processed_Utterances/annotated_sentence_segments/uid_mHWscHBXcoabM7fdw88AliGuPWw1_sid_TimeuyvM8OW2QTrM03GC_1741215243_195801240_sentence_segment_close.wav",43.055112340586426,58.27805374244852,43.09224847301427,58.45637583892617
"/home/michaelbennie/OneDrive/Leite,Walter's files - Storiza Corpus Spring 2025/Processed_Utterances/annotated_sentence_segments/uid_mHWscHBXcoabM7fdw88AliGuPWw1_sid_TimeuyvM8OW2QTrM03GC_1741215243_195801241_sentence_segment_close.wav",59.225750056775404,70.91803109406001,59.138702460850105,71.18568232662193
"/home/michaelbennie/OneDrive/Leite,Walter's files - Storiza Corpus Spring 2025/Processed_Utterances/annotated_sentence_segments/uid_mHWscHBXcoabM7fdw88AliGuPWw1_sid_TimeuyvM8OW2QTrM03GC_1741215243_195801242_sentence_segment_close.wav",72.13705507951428,74.16589742246845,71.95676905574518,74.37997724687146
"/home/michaelbennie/OneDrive/Leite,Walter's files - Storiza Corpus Spring 2025/Processed_Utterances/annotated_sentence_segments/uid_mHWscHBXcoabM7fdw88AliGuPWw1_sid_TimeuyvM8OW2QTrM03GC_1741215243_195801243_sentence_segment_close.wav",74.60387533486889,82.26276055349811,74.59613196814563,82.42320819112628
"/home/michaelbennie/OneDrive/Leite,Walter's files - Storiza Corpus Spring 2025/Processed_Utterances/annotated_sentence_segments/uid_mHWscHBXcoabM7fdw88AliGuPWw1_sid_TimeuyvM8OW2QTrM03GC_1741215243_195801244_sentence_segment_close.wav",84.39126419334731,95.23173929912302,83.77701934015928,95.42662116040955
"/home/michaelbennie/OneDrive/Leite,Walter's files - Storiza Corpus Spring 2025/Processed_Utterances/annotated_sentence_segments/uid_mHWscHBXcoabM7fdw88AliGuPWw1_sid_TimeuyvM8OW2QTrM03GC_1741215243_195801245_sentence_segment_close.wav",95.89441104653105,115.3221506648417,95.80204778156995,115.37704209328784
"/home/michaelbennie/OneDrive/Leite,Walter's files - Storiza Corpus Spring 2025/Processed_Utterances/annotated_sentence_segments/uid_bKduvdIsrbbqPZ7Z3lCfQlF8WBn1_sid_ziOEGkA06qYTNZQcETiA_1742517700_195801246_sentence_segment_close.wav",0.9115816774193548,2.6595473225806447,0.9285187914517316,2.66764922623434
"/home/michaelbennie/OneDrive/Leite,Walter's files - Storiza Corpus Spring 2025/Processed_Utterances/annotated_sentence_segments/uid_bKduvdIsrbbqPZ7Z3lCfQlF8WBn1_sid_ziOEGkA06qYTNZQcETiA_1742517700_195801247_sentence_segment_close.wav",3.643226347622748,12.448980300203688,2.7143206557721538,12.426921982227569
"/home/michaelbennie/OneDrive/Leite,Walter's files - Storiza Corpus Spring 2025/Processed_Utterances/annotated_sentence_segments/uid_bKduvdIsrbbqPZ7Z3lCfQlF8WBn1_sid_ziOEGkA06qYTNZQcETiA_1742517700_195801248_sentence_segment_close.wav",13.055784792324163,20.65478168060637,13.080484758404095,20.26418281986502
"/home/michaelbennie/OneDrive/Leite,Walter's files - Storiza Corpus Spring 2025/Processed_Utterances/annotated_sentence_segments/uid_bKduvdIsrbbqPZ7Z3lCfQlF8WBn1_sid_ziOEGkA06qYTNZQcETiA_1742517700_195801249_sentence_segment_close.wav",20.808953246766965,24.06000763131705,20.847438935221973,24.02592433448289
"/home/michaelbennie/OneDrive/Leite,Walter's files - Storiza Corpus Spring 2025/Processed_Utterances/annotated_sentence_segments/uid_bKduvdIsrbbqPZ7Z3lCfQlF8WBn1_sid_ziOEGkA06qYTNZQcETiA_1742517700_195801250_sentence_segment_close.wav",24.02716132014738,32.72039680630243,24.24649430074028,32.71325063363697
"/home/michaelbennie/OneDrive/Leite,Walter's files - Storiza Corpus Spring 2025/Processed_Utterances/annotated_sentence_segments/uid_bKduvdIsrbbqPZ7Z3lCfQlF8WBn1_sid_ziOEGkA06qYTNZQcETiA_1742517700_195801251_sentence_segment_close.wav",33.09330262122366,44.41757695887301,33.10520966982746,44.30214687176935
"/home/michaelbennie/OneDrive/Leite,Walter's files - Storiza Corpus Spring 2025/Processed_Utterances/annotated_sentence_segments/uid_bKduvdIsrbbqPZ7Z3lCfQlF8WBn1_sid_ziOEGkA06qYTNZQcETiA_1742517700_195801252_sentence_segment_close.wav",44.82270271886339,49.385197310284795,44.83590767745332,49.36284142791585
"/home/michaelbennie/OneDrive/Leite,Walter's files - Storiza Corpus Spring 2025/Processed_Utterances/annotated_sentence_segments/uid_bKduvdIsrbbqPZ7Z3lCfQlF8WBn1_sid_ziOEGkA06qYTNZQcETiA_1742517700_195801253_sentence_segment_close.wav",49.959842176309174,61.20546237066104,50.17217929430578,61.04404412586872
"/home/michaelbennie/OneDrive/Leite,Walter's files - Storiza Corpus Spring 2025/Processed_Utterances/annotated_sentence_segments/uid_bKduvdIsrbbqPZ7Z3lCfQlF8WBn1_sid_ziOEGkA06qYTNZQcETiA_1742517700_195801254_sentence_segment_close.wav",61.899100185568294,79.05895461848824,62.01524407868626,78.96409497365366
"/home/michaelbennie/OneDrive/Leite,Walter's files - Storiza Corpus Spring 2025/Processed_Utterances/annotated_sentence_segments/uid_bKduvdIsrbbqPZ7Z3lCfQlF8WBn1_sid_ziOEGkA06qYTNZQcETiA_1742517700_195801255_sentence_segment_close.wav",79.74921237161085,85.35488782918551,79.78720735190203,85.45791425740164
